exp_category,exp_path,model_name,constraint_local,constraint_global,learning_rate,batch_size,epochs,warmup_epochs,lambda_global_init,lambda_local_init,lambda_step,lambda_strategy,constraint_threshold,convergence_window,convergence_required,hidden_dims,dropout,status,used_cached_model,training_time,accuracy,precision_macro,recall_macro,f1_macro,precision_dropout,recall_dropout,f1_dropout,precision_enrolled,recall_enrolled,f1_enrolled,precision_graduate,recall_graduate,f1_graduate
heuristic,results/heuristic/BasicNN/constraint_0.5_0.3/lr_lambda_test/lr_5e-05_lambda_balanced,BasicNN,0.5,0.3,5e-05,64,1000,50,0.1,0.1,0.005,balanced,0.02,,,"[128, 64]",0.3,completed,,0.0011518001556396484,0.6176,0.7259,0.4877,0.49,,,,,,,,,
heuristic,results/heuristic/BasicNN/constraint_0.5_0.3/lr_lambda_test/lr_5e-05_lambda_combined,BasicNN,0.5,0.3,5e-05,64,1000,50,0.1,0.1,0.005,combined,0.02,,,"[128, 64]",0.3,completed,,0.0,0.6176,0.7259,0.4877,0.49,,,,,,,,,
heuristic,results/heuristic/BasicNN/constraint_0.5_0.3/lr_lambda_test/lr_5e-05_lambda_linear,BasicNN,0.5,0.3,5e-05,64,1000,50,0.1,0.1,0.005,linear,0.02,,,"[128, 64]",0.3,completed,,0.0010006427764892578,0.6176,0.7259,0.4877,0.49,,,,,,,,,
heuristic,results/heuristic/BasicNN/constraint_0.5_0.3/lr_lambda_test/lr_5e-05_lambda_transfer,BasicNN,0.5,0.3,5e-05,64,1000,50,0.1,0.1,0.005,transfer,0.02,,,"[128, 64]",0.3,completed,,0.0,0.6176,0.7259,0.4877,0.49,,,,,,,,,
heuristic,results/heuristic/BasicNN/constraint_0.5_0.3/lr_lambda_test/lr_0.0001_lambda_balanced,BasicNN,0.5,0.3,0.0001,64,1000,50,0.1,0.1,0.005,balanced,0.02,,,"[128, 64]",0.3,completed,,0.0009987354278564453,0.6199,0.7268,0.4892,0.4912,,,,,,,,,
heuristic,results/heuristic/BasicNN/constraint_0.5_0.3/lr_lambda_test/lr_0.0001_lambda_combined,BasicNN,0.5,0.3,0.0001,64,1000,50,0.1,0.1,0.005,combined,0.02,,,"[128, 64]",0.3,completed,,0.0009982585906982422,0.6199,0.7268,0.4892,0.4912,,,,,,,,,
heuristic,results/heuristic/BasicNN/constraint_0.5_0.3/lr_lambda_test/lr_0.0001_lambda_linear,BasicNN,0.5,0.3,0.0001,64,1000,50,0.1,0.1,0.005,linear,0.02,,,"[128, 64]",0.3,completed,,0.0010063648223876953,0.6199,0.7268,0.4892,0.4912,,,,,,,,,
heuristic,results/heuristic/BasicNN/constraint_0.5_0.3/lr_lambda_test/lr_0.0001_lambda_transfer,BasicNN,0.5,0.3,0.0001,64,1000,50,0.1,0.1,0.005,transfer,0.02,,,"[128, 64]",0.3,completed,,0.0009999275207519531,0.6199,0.7268,0.4892,0.4912,,,,,,,,,
heuristic,results/heuristic/BasicNN/constraint_0.5_0.3/lr_lambda_test/lr_0.0005_lambda_balanced,BasicNN,0.5,0.3,0.0005,64,1000,50,0.1,0.1,0.005,balanced,0.02,,,"[128, 64]",0.3,completed,,0.0,0.6267,0.7295,0.4937,0.4945,,,,,,,,,
heuristic,results/heuristic/BasicNN/constraint_0.5_0.3/lr_lambda_test/lr_0.0005_lambda_combined,BasicNN,0.5,0.3,0.0005,64,1000,50,0.1,0.1,0.005,combined,0.02,,,"[128, 64]",0.3,completed,,0.0,0.6267,0.7295,0.4937,0.4945,,,,,,,,,
heuristic,results/heuristic/BasicNN/constraint_0.5_0.3/lr_lambda_test/lr_0.0005_lambda_linear,BasicNN,0.5,0.3,0.0005,64,1000,50,0.1,0.1,0.005,linear,0.02,,,"[128, 64]",0.3,completed,,0.0,0.6267,0.7295,0.4937,0.4945,,,,,,,,,
heuristic,results/heuristic/BasicNN/constraint_0.5_0.3/lr_lambda_test/lr_0.0005_lambda_transfer,BasicNN,0.5,0.3,0.0005,64,1000,50,0.1,0.1,0.005,transfer,0.02,,,"[128, 64]",0.3,completed,,0.0,0.6267,0.7295,0.4937,0.4945,,,,,,,,,
heuristic,results/heuristic/BasicNN/constraint_0.5_0.3/lr_lambda_test/lr_0.001_lambda_balanced,BasicNN,0.5,0.3,0.001,64,1000,50,0.1,0.1,0.005,balanced,0.02,,,"[128, 64]",0.3,completed,,0.0,0.6244,0.7354,0.493,0.4959,,,,,,,,,
heuristic,results/heuristic/BasicNN/constraint_0.5_0.3/lr_lambda_test/lr_0.001_lambda_combined,BasicNN,0.5,0.3,0.001,64,1000,50,0.1,0.1,0.005,combined,0.02,,,"[128, 64]",0.3,completed,,0.001001596450805664,0.6244,0.7354,0.493,0.4959,,,,,,,,,
heuristic,results/heuristic/BasicNN/constraint_0.5_0.3/lr_lambda_test/lr_0.001_lambda_linear,BasicNN,0.5,0.3,0.001,64,1000,50,0.1,0.1,0.005,linear,0.02,,,"[128, 64]",0.3,completed,,0.0015027523040771484,0.6244,0.7354,0.493,0.4959,,,,,,,,,
heuristic,results/heuristic/BasicNN/constraint_0.5_0.3/lr_lambda_test/lr_0.001_lambda_transfer,BasicNN,0.5,0.3,0.001,64,1000,50,0.1,0.1,0.005,transfer,0.02,,,"[128, 64]",0.3,completed,,0.0010004043579101562,0.6244,0.7354,0.493,0.4959,,,,,,,,,
heuristic,results/heuristic/BasicNN/constraint_0.8_0.2/lr_lambda_test/lr_5e-05_lambda_balanced,BasicNN,0.8,0.2,5e-05,64,1000,50,0.1,0.1,0.005,balanced,0.02,,,"[128, 64]",0.3,completed,,0.0010013580322265625,0.5747,0.6915,0.4302,0.4038,,,,,,,,,
heuristic,results/heuristic/BasicNN/constraint_0.8_0.2/lr_lambda_test/lr_5e-05_lambda_combined,BasicNN,0.8,0.2,5e-05,64,1000,50,0.1,0.1,0.005,combined,0.02,,,"[128, 64]",0.3,completed,,0.0009996891021728516,0.5747,0.6915,0.4302,0.4038,,,,,,,,,
heuristic,results/heuristic/BasicNN/constraint_0.8_0.2/lr_lambda_test/lr_5e-05_lambda_linear,BasicNN,0.8,0.2,5e-05,64,1000,50,0.1,0.1,0.005,linear,0.02,,,"[128, 64]",0.3,completed,,0.0005030632019042969,0.5747,0.6915,0.4302,0.4038,,,,,,,,,
heuristic,results/heuristic/BasicNN/constraint_0.8_0.2/lr_lambda_test/lr_5e-05_lambda_transfer,BasicNN,0.8,0.2,5e-05,64,1000,50,0.1,0.1,0.005,transfer,0.02,,,"[128, 64]",0.3,completed,,0.0009989738464355469,0.5747,0.6915,0.4302,0.4038,,,,,,,,,
heuristic,results/heuristic/BasicNN/constraint_0.8_0.2/lr_lambda_test/lr_0.0001_lambda_balanced,BasicNN,0.8,0.2,0.0001,64,1000,50,0.1,0.1,0.005,balanced,0.02,,,"[128, 64]",0.3,completed,,0.0009987354278564453,0.5724,0.6707,0.4259,0.3968,,,,,,,,,
heuristic,results/heuristic/BasicNN/constraint_0.8_0.2/lr_lambda_test/lr_0.0001_lambda_combined,BasicNN,0.8,0.2,0.0001,64,1000,50,0.1,0.1,0.005,combined,0.02,,,"[128, 64]",0.3,completed,,0.001001596450805664,0.5724,0.6707,0.4259,0.3968,,,,,,,,,
heuristic,results/heuristic/BasicNN/constraint_0.8_0.2/lr_lambda_test/lr_0.0001_lambda_linear,BasicNN,0.8,0.2,0.0001,64,1000,50,0.1,0.1,0.005,linear,0.02,,,"[128, 64]",0.3,completed,,0.0009996891021728516,0.5724,0.6707,0.4259,0.3968,,,,,,,,,
heuristic,results/heuristic/BasicNN/constraint_0.8_0.2/lr_lambda_test/lr_0.0001_lambda_transfer,BasicNN,0.8,0.2,0.0001,64,1000,50,0.1,0.1,0.005,transfer,0.02,,,"[128, 64]",0.3,completed,,0.0010006427764892578,0.5724,0.6707,0.4259,0.3968,,,,,,,,,
heuristic,results/heuristic/BasicNN/constraint_0.8_0.2/lr_lambda_test/lr_0.0005_lambda_balanced,BasicNN,0.8,0.2,0.0005,64,1000,50,0.1,0.1,0.005,balanced,0.02,,,"[128, 64]",0.3,completed,,0.0,0.5837,0.7149,0.4389,0.4141,,,,,,,,,
heuristic,results/heuristic/BasicNN/constraint_0.8_0.2/lr_lambda_test/lr_0.0005_lambda_combined,BasicNN,0.8,0.2,0.0005,64,1000,50,0.1,0.1,0.005,combined,0.02,,,"[128, 64]",0.3,completed,,0.00099945068359375,0.5837,0.7149,0.4389,0.4141,,,,,,,,,
heuristic,results/heuristic/BasicNN/constraint_0.8_0.2/lr_lambda_test/lr_0.0005_lambda_linear,BasicNN,0.8,0.2,0.0005,64,1000,50,0.1,0.1,0.005,linear,0.02,,,"[128, 64]",0.3,completed,,0.0009996891021728516,0.5837,0.7149,0.4389,0.4141,,,,,,,,,
heuristic,results/heuristic/BasicNN/constraint_0.8_0.2/lr_lambda_test/lr_0.0005_lambda_transfer,BasicNN,0.8,0.2,0.0005,64,1000,50,0.1,0.1,0.005,transfer,0.02,,,"[128, 64]",0.3,completed,,0.0015034675598144531,0.5837,0.7149,0.4389,0.4141,,,,,,,,,
heuristic,results/heuristic/BasicNN/constraint_0.8_0.2/lr_lambda_test/lr_0.001_lambda_balanced,BasicNN,0.8,0.2,0.001,64,1000,50,0.1,0.1,0.005,balanced,0.02,,,"[128, 64]",0.3,completed,,0.0009999275207519531,0.5814,0.7451,0.4409,0.4218,,,,,,,,,
heuristic,results/heuristic/BasicNN/constraint_0.8_0.2/lr_lambda_test/lr_0.001_lambda_combined,BasicNN,0.8,0.2,0.001,64,1000,50,0.1,0.1,0.005,combined,0.02,,,"[128, 64]",0.3,completed,,0.0,0.5814,0.7451,0.4409,0.4218,,,,,,,,,
heuristic,results/heuristic/BasicNN/constraint_0.8_0.2/lr_lambda_test/lr_0.001_lambda_linear,BasicNN,0.8,0.2,0.001,64,1000,50,0.1,0.1,0.005,linear,0.02,,,"[128, 64]",0.3,completed,,0.0009989738464355469,0.5814,0.7451,0.4409,0.4218,,,,,,,,,
heuristic,results/heuristic/BasicNN/constraint_0.8_0.2/lr_lambda_test/lr_0.001_lambda_transfer,BasicNN,0.8,0.2,0.001,64,1000,50,0.1,0.1,0.005,transfer,0.02,,,"[128, 64]",0.3,completed,,0.0,0.5814,0.7451,0.4409,0.4218,,,,,,,,,
heuristic,results/heuristic/BasicNN/constraint_0.9_0.8/lr_lambda_test/lr_5e-05_lambda_balanced,BasicNN,0.9,0.8,5e-05,64,1000,50,0.1,0.1,0.005,balanced,0.02,,,"[128, 64]",0.3,completed,,0.0009992122650146484,0.7398,0.6987,0.6597,0.672,,,,,,,,,
heuristic,results/heuristic/BasicNN/constraint_0.9_0.8/lr_lambda_test/lr_5e-05_lambda_combined,BasicNN,0.9,0.8,5e-05,64,1000,50,0.1,0.1,0.005,combined,0.02,,,"[128, 64]",0.3,completed,,0.0009999275207519531,0.7398,0.6987,0.6597,0.672,,,,,,,,,
heuristic,results/heuristic/BasicNN/constraint_0.9_0.8/lr_lambda_test/lr_5e-05_lambda_linear,BasicNN,0.9,0.8,5e-05,64,1000,50,0.1,0.1,0.005,linear,0.02,,,"[128, 64]",0.3,completed,,0.0,0.7398,0.6987,0.6597,0.672,,,,,,,,,
heuristic,results/heuristic/BasicNN/constraint_0.9_0.8/lr_lambda_test/lr_5e-05_lambda_transfer,BasicNN,0.9,0.8,5e-05,64,1000,50,0.1,0.1,0.005,transfer,0.02,,,"[128, 64]",0.3,completed,,0.0009999275207519531,0.7398,0.6987,0.6597,0.672,,,,,,,,,
heuristic,results/heuristic/BasicNN/constraint_0.9_0.8/lr_lambda_test/lr_0.0001_lambda_balanced,BasicNN,0.9,0.8,0.0001,64,1000,50,0.1,0.1,0.005,balanced,0.02,,,"[128, 64]",0.3,completed,,0.0010001659393310547,0.7489,0.7077,0.6684,0.6808,,,,,,,,,
heuristic,results/heuristic/BasicNN/constraint_0.9_0.8/lr_lambda_test/lr_0.0001_lambda_combined,BasicNN,0.9,0.8,0.0001,64,1000,50,0.1,0.1,0.005,combined,0.02,,,"[128, 64]",0.3,completed,,0.0010039806365966797,0.7489,0.7077,0.6684,0.6808,,,,,,,,,
heuristic,results/heuristic/BasicNN/constraint_0.9_0.8/lr_lambda_test/lr_0.0001_lambda_linear,BasicNN,0.9,0.8,0.0001,64,1000,50,0.1,0.1,0.005,linear,0.02,,,"[128, 64]",0.3,completed,,0.0009989738464355469,0.7489,0.7077,0.6684,0.6808,,,,,,,,,
heuristic,results/heuristic/BasicNN/constraint_0.9_0.8/lr_lambda_test/lr_0.0001_lambda_transfer,BasicNN,0.9,0.8,0.0001,64,1000,50,0.1,0.1,0.005,transfer,0.02,,,"[128, 64]",0.3,completed,,0.0010025501251220703,0.7489,0.7077,0.6684,0.6808,,,,,,,,,
heuristic,results/heuristic/BasicNN/constraint_0.9_0.8/lr_lambda_test/lr_0.0005_lambda_balanced,BasicNN,0.9,0.8,0.0005,64,1000,50,0.1,0.1,0.005,balanced,0.02,,,"[128, 64]",0.3,completed,,0.0,0.7579,0.7144,0.6753,0.6875,,,,,,,,,
heuristic,results/heuristic/BasicNN/constraint_0.9_0.8/lr_lambda_test/lr_0.0005_lambda_combined,BasicNN,0.9,0.8,0.0005,64,1000,50,0.1,0.1,0.005,combined,0.02,,,"[128, 64]",0.3,completed,,0.0010004043579101562,0.7579,0.7144,0.6753,0.6875,,,,,,,,,
heuristic,results/heuristic/BasicNN/constraint_0.9_0.8/lr_lambda_test/lr_0.0005_lambda_linear,BasicNN,0.9,0.8,0.0005,64,1000,50,0.1,0.1,0.005,linear,0.02,,,"[128, 64]",0.3,completed,,0.001001119613647461,0.7579,0.7144,0.6753,0.6875,,,,,,,,,
heuristic,results/heuristic/BasicNN/constraint_0.9_0.8/lr_lambda_test/lr_0.0005_lambda_transfer,BasicNN,0.9,0.8,0.0005,64,1000,50,0.1,0.1,0.005,transfer,0.02,,,"[128, 64]",0.3,completed,,0.0009989738464355469,0.7579,0.7144,0.6753,0.6875,,,,,,,,,
heuristic,results/heuristic/BasicNN/constraint_0.9_0.8/lr_lambda_test/lr_0.001_lambda_balanced,BasicNN,0.9,0.8,0.001,64,1000,50,0.1,0.1,0.005,balanced,0.02,,,"[128, 64]",0.3,completed,,0.0,0.7624,0.7307,0.6873,0.7015,,,,,,,,,
heuristic,results/heuristic/BasicNN/constraint_0.9_0.8/lr_lambda_test/lr_0.001_lambda_combined,BasicNN,0.9,0.8,0.001,64,1000,50,0.1,0.1,0.005,combined,0.02,,,"[128, 64]",0.3,completed,,0.0,0.7624,0.7307,0.6873,0.7015,,,,,,,,,
heuristic,results/heuristic/BasicNN/constraint_0.9_0.8/lr_lambda_test/lr_0.001_lambda_linear,BasicNN,0.9,0.8,0.001,64,1000,50,0.1,0.1,0.005,linear,0.02,,,"[128, 64]",0.3,completed,,0.0009999275207519531,0.7624,0.7307,0.6873,0.7015,,,,,,,,,
heuristic,results/heuristic/BasicNN/constraint_0.9_0.8/lr_lambda_test/lr_0.001_lambda_transfer,BasicNN,0.9,0.8,0.001,64,1000,50,0.1,0.1,0.005,transfer,0.02,,,"[128, 64]",0.3,completed,,0.001504659652709961,0.7624,0.7307,0.6873,0.7015,,,,,,,,,
heuristic,results/heuristic/FTTransformer/constraint_0.5_0.3/lr_lambda_test/lr_5e-05_lambda_balanced,FTTransformer,0.5,0.3,5e-05,64,1000,50,0.1,0.1,0.005,balanced,0.02,,,"[128, 64]",0.3,completed,,0.0010001659393310547,0.6131,0.6981,0.4792,0.4771,,,,,,,,,
heuristic,results/heuristic/FTTransformer/constraint_0.5_0.3/lr_lambda_test/lr_5e-05_lambda_combined,FTTransformer,0.5,0.3,5e-05,64,1000,50,0.1,0.1,0.005,combined,0.02,,,"[128, 64]",0.3,completed,,0.0010004043579101562,0.6131,0.6981,0.4792,0.4771,,,,,,,,,
heuristic,results/heuristic/FTTransformer/constraint_0.5_0.3/lr_lambda_test/lr_5e-05_lambda_linear,FTTransformer,0.5,0.3,5e-05,64,1000,50,0.1,0.1,0.005,linear,0.02,,,"[128, 64]",0.3,completed,,0.0010063648223876953,0.6131,0.6981,0.4792,0.4771,,,,,,,,,
heuristic,results/heuristic/FTTransformer/constraint_0.5_0.3/lr_lambda_test/lr_5e-05_lambda_transfer,FTTransformer,0.5,0.3,5e-05,64,1000,50,0.1,0.1,0.005,transfer,0.02,,,"[128, 64]",0.3,completed,,0.001001119613647461,0.6131,0.6981,0.4792,0.4771,,,,,,,,,
heuristic,results/heuristic/FTTransformer/constraint_0.5_0.3/lr_lambda_test/lr_0.0001_lambda_balanced,FTTransformer,0.5,0.3,0.0001,64,1000,50,0.1,0.1,0.005,balanced,0.02,,,"[128, 64]",0.3,completed,,0.0,0.6063,0.6756,0.4712,0.4659,,,,,,,,,
heuristic,results/heuristic/FTTransformer/constraint_0.5_0.3/lr_lambda_test/lr_0.0001_lambda_combined,FTTransformer,0.5,0.3,0.0001,64,1000,50,0.1,0.1,0.005,combined,0.02,,,"[128, 64]",0.3,completed,,0.0010013580322265625,0.6063,0.6756,0.4712,0.4659,,,,,,,,,
heuristic,results/heuristic/FTTransformer/constraint_0.5_0.3/lr_lambda_test/lr_0.0001_lambda_linear,FTTransformer,0.5,0.3,0.0001,64,1000,50,0.1,0.1,0.005,linear,0.02,,,"[128, 64]",0.3,completed,,0.00099945068359375,0.6063,0.6756,0.4712,0.4659,,,,,,,,,
heuristic,results/heuristic/FTTransformer/constraint_0.5_0.3/lr_lambda_test/lr_0.0001_lambda_transfer,FTTransformer,0.5,0.3,0.0001,64,1000,50,0.1,0.1,0.005,transfer,0.02,,,"[128, 64]",0.3,completed,,0.001035928726196289,0.6063,0.6756,0.4712,0.4659,,,,,,,,,
heuristic,results/heuristic/FTTransformer/constraint_0.5_0.3/lr_lambda_test/lr_0.0005_lambda_balanced,FTTransformer,0.5,0.3,0.0005,64,1000,50,0.1,0.1,0.005,balanced,0.02,,,"[128, 64]",0.3,completed,,0.0010004043579101562,0.6109,0.7095,0.4815,0.4817,,,,,,,,,
heuristic,results/heuristic/FTTransformer/constraint_0.5_0.3/lr_lambda_test/lr_0.0005_lambda_combined,FTTransformer,0.5,0.3,0.0005,64,1000,50,0.1,0.1,0.005,combined,0.02,,,"[128, 64]",0.3,completed,,0.0009982585906982422,0.6109,0.7095,0.4815,0.4817,,,,,,,,,
heuristic,results/heuristic/FTTransformer/constraint_0.5_0.3/lr_lambda_test/lr_0.0005_lambda_linear,FTTransformer,0.5,0.3,0.0005,64,1000,50,0.1,0.1,0.005,linear,0.02,,,"[128, 64]",0.3,completed,,0.0,0.6109,0.7095,0.4815,0.4817,,,,,,,,,
heuristic,results/heuristic/FTTransformer/constraint_0.5_0.3/lr_lambda_test/lr_0.0005_lambda_transfer,FTTransformer,0.5,0.3,0.0005,64,1000,50,0.1,0.1,0.005,transfer,0.02,,,"[128, 64]",0.3,completed,,0.0009996891021728516,0.6109,0.7095,0.4815,0.4817,,,,,,,,,
heuristic,results/heuristic/FTTransformer/constraint_0.5_0.3/lr_lambda_test/lr_0.001_lambda_balanced,FTTransformer,0.5,0.3,0.001,64,1000,50,0.1,0.1,0.005,balanced,0.02,,,"[128, 64]",0.3,completed,,0.0,0.6063,0.7085,0.4774,0.4791,,,,,,,,,
heuristic,results/heuristic/FTTransformer/constraint_0.5_0.3/lr_lambda_test/lr_0.001_lambda_combined,FTTransformer,0.5,0.3,0.001,64,1000,50,0.1,0.1,0.005,combined,0.02,,,"[128, 64]",0.3,completed,,0.0010008811950683594,0.6063,0.7085,0.4774,0.4791,,,,,,,,,
heuristic,results/heuristic/FTTransformer/constraint_0.5_0.3/lr_lambda_test/lr_0.001_lambda_linear,FTTransformer,0.5,0.3,0.001,64,1000,50,0.1,0.1,0.005,linear,0.02,,,"[128, 64]",0.3,completed,,0.0,0.6063,0.7085,0.4774,0.4791,,,,,,,,,
heuristic,results/heuristic/FTTransformer/constraint_0.5_0.3/lr_lambda_test/lr_0.001_lambda_transfer,FTTransformer,0.5,0.3,0.001,64,1000,50,0.1,0.1,0.005,transfer,0.02,,,"[128, 64]",0.3,completed,,0.0,0.6063,0.7085,0.4774,0.4791,,,,,,,,,
heuristic,results/heuristic/FTTransformer/constraint_0.8_0.2/lr_lambda_test/lr_5e-05_lambda_balanced,FTTransformer,0.8,0.2,5e-05,64,1000,50,0.1,0.1,0.005,balanced,0.02,,,"[128, 64]",0.3,completed,,0.001001119613647461,0.5747,0.7026,0.431,0.4067,,,,,,,,,
heuristic,results/heuristic/FTTransformer/constraint_0.8_0.2/lr_lambda_test/lr_5e-05_lambda_combined,FTTransformer,0.8,0.2,5e-05,64,1000,50,0.1,0.1,0.005,combined,0.02,,,"[128, 64]",0.3,completed,,0.0010004043579101562,0.5747,0.7026,0.431,0.4067,,,,,,,,,
heuristic,results/heuristic/FTTransformer/constraint_0.8_0.2/lr_lambda_test/lr_5e-05_lambda_linear,FTTransformer,0.8,0.2,5e-05,64,1000,50,0.1,0.1,0.005,linear,0.02,,,"[128, 64]",0.3,completed,,0.0010001659393310547,0.5747,0.7026,0.431,0.4067,,,,,,,,,
heuristic,results/heuristic/FTTransformer/constraint_0.8_0.2/lr_lambda_test/lr_5e-05_lambda_transfer,FTTransformer,0.8,0.2,5e-05,64,1000,50,0.1,0.1,0.005,transfer,0.02,,,"[128, 64]",0.3,completed,,0.0010001659393310547,0.5747,0.7026,0.431,0.4067,,,,,,,,,
heuristic,results/heuristic/FTTransformer/constraint_0.8_0.2/lr_lambda_test/lr_0.0001_lambda_balanced,FTTransformer,0.8,0.2,0.0001,64,1000,50,0.1,0.1,0.005,balanced,0.02,,,"[128, 64]",0.3,completed,,0.001508951187133789,0.5747,0.6826,0.4283,0.4007,,,,,,,,,
heuristic,results/heuristic/FTTransformer/constraint_0.8_0.2/lr_lambda_test/lr_0.0001_lambda_combined,FTTransformer,0.8,0.2,0.0001,64,1000,50,0.1,0.1,0.005,combined,0.02,,,"[128, 64]",0.3,completed,,0.0009987354278564453,0.5747,0.6826,0.4283,0.4007,,,,,,,,,
heuristic,results/heuristic/FTTransformer/constraint_0.8_0.2/lr_lambda_test/lr_0.0001_lambda_linear,FTTransformer,0.8,0.2,0.0001,64,1000,50,0.1,0.1,0.005,linear,0.02,,,"[128, 64]",0.3,completed,,0.0010001659393310547,0.5747,0.6826,0.4283,0.4007,,,,,,,,,
heuristic,results/heuristic/FTTransformer/constraint_0.8_0.2/lr_lambda_test/lr_0.0001_lambda_transfer,FTTransformer,0.8,0.2,0.0001,64,1000,50,0.1,0.1,0.005,transfer,0.02,,,"[128, 64]",0.3,completed,,0.0009984970092773438,0.5747,0.6826,0.4283,0.4007,,,,,,,,,
heuristic,results/heuristic/FTTransformer/constraint_0.8_0.2/lr_lambda_test/lr_0.0005_lambda_balanced,FTTransformer,0.8,0.2,0.0005,64,1000,50,0.1,0.1,0.005,balanced,0.02,,,"[128, 64]",0.3,completed,,0.0010004043579101562,0.5701,0.6988,0.429,0.4048,,,,,,,,,
heuristic,results/heuristic/FTTransformer/constraint_0.8_0.2/lr_lambda_test/lr_0.0005_lambda_combined,FTTransformer,0.8,0.2,0.0005,64,1000,50,0.1,0.1,0.005,combined,0.02,,,"[128, 64]",0.3,completed,,0.0,0.5701,0.6988,0.429,0.4048,,,,,,,,,
heuristic,results/heuristic/FTTransformer/constraint_0.8_0.2/lr_lambda_test/lr_0.0005_lambda_linear,FTTransformer,0.8,0.2,0.0005,64,1000,50,0.1,0.1,0.005,linear,0.02,,,"[128, 64]",0.3,completed,,0.0009989738464355469,0.5701,0.6988,0.429,0.4048,,,,,,,,,
heuristic,results/heuristic/FTTransformer/constraint_0.8_0.2/lr_lambda_test/lr_0.0005_lambda_transfer,FTTransformer,0.8,0.2,0.0005,64,1000,50,0.1,0.1,0.005,transfer,0.02,,,"[128, 64]",0.3,completed,,0.001481771469116211,0.5701,0.6988,0.429,0.4048,,,,,,,,,
heuristic,results/heuristic/FTTransformer/constraint_0.8_0.2/lr_lambda_test/lr_0.001_lambda_balanced,FTTransformer,0.8,0.2,0.001,64,1000,50,0.1,0.1,0.005,balanced,0.02,,,"[128, 64]",0.3,completed,,0.0010056495666503906,0.5724,0.7107,0.4314,0.4087,,,,,,,,,
heuristic,results/heuristic/FTTransformer/constraint_0.8_0.2/lr_lambda_test/lr_0.001_lambda_combined,FTTransformer,0.8,0.2,0.001,64,1000,50,0.1,0.1,0.005,combined,0.02,,,"[128, 64]",0.3,completed,,0.0009999275207519531,0.5724,0.7107,0.4314,0.4087,,,,,,,,,
heuristic,results/heuristic/FTTransformer/constraint_0.8_0.2/lr_lambda_test/lr_0.001_lambda_linear,FTTransformer,0.8,0.2,0.001,64,1000,50,0.1,0.1,0.005,linear,0.02,,,"[128, 64]",0.3,completed,,0.0010006427764892578,0.5724,0.7107,0.4314,0.4087,,,,,,,,,
heuristic,results/heuristic/FTTransformer/constraint_0.8_0.2/lr_lambda_test/lr_0.001_lambda_transfer,FTTransformer,0.8,0.2,0.001,64,1000,50,0.1,0.1,0.005,transfer,0.02,,,"[128, 64]",0.3,completed,,0.0010006427764892578,0.5724,0.7107,0.4314,0.4087,,,,,,,,,
heuristic,results/heuristic/FTTransformer/constraint_0.9_0.8/lr_lambda_test/lr_5e-05_lambda_balanced,FTTransformer,0.9,0.8,5e-05,64,1000,50,0.1,0.1,0.005,balanced,0.02,,,"[128, 64]",0.3,completed,,0.0010006427764892578,0.7466,0.7065,0.6669,0.6794,,,,,,,,,
heuristic,results/heuristic/FTTransformer/constraint_0.9_0.8/lr_lambda_test/lr_5e-05_lambda_combined,FTTransformer,0.9,0.8,5e-05,64,1000,50,0.1,0.1,0.005,combined,0.02,,,"[128, 64]",0.3,completed,,0.0,0.7466,0.7065,0.6669,0.6794,,,,,,,,,
heuristic,results/heuristic/FTTransformer/constraint_0.9_0.8/lr_lambda_test/lr_5e-05_lambda_linear,FTTransformer,0.9,0.8,5e-05,64,1000,50,0.1,0.1,0.005,linear,0.02,,,"[128, 64]",0.3,completed,,0.0010004043579101562,0.7466,0.7065,0.6669,0.6794,,,,,,,,,
heuristic,results/heuristic/FTTransformer/constraint_0.9_0.8/lr_lambda_test/lr_5e-05_lambda_transfer,FTTransformer,0.9,0.8,5e-05,64,1000,50,0.1,0.1,0.005,transfer,0.02,,,"[128, 64]",0.3,completed,,0.0010008811950683594,0.7466,0.7065,0.6669,0.6794,,,,,,,,,
heuristic,results/heuristic/FTTransformer/constraint_0.9_0.8/lr_lambda_test/lr_0.0001_lambda_balanced,FTTransformer,0.9,0.8,0.0001,64,1000,50,0.1,0.1,0.005,balanced,0.02,,,"[128, 64]",0.3,completed,,0.0,0.7579,0.7194,0.6778,0.6912,,,,,,,,,
heuristic,results/heuristic/FTTransformer/constraint_0.9_0.8/lr_lambda_test/lr_0.0001_lambda_combined,FTTransformer,0.9,0.8,0.0001,64,1000,50,0.1,0.1,0.005,combined,0.02,,,"[128, 64]",0.3,completed,,0.0017828941345214844,0.7579,0.7194,0.6778,0.6912,,,,,,,,,
heuristic,results/heuristic/FTTransformer/constraint_0.9_0.8/lr_lambda_test/lr_0.0001_lambda_linear,FTTransformer,0.9,0.8,0.0001,64,1000,50,0.1,0.1,0.005,linear,0.02,,,"[128, 64]",0.3,completed,,0.0,0.7579,0.7194,0.6778,0.6912,,,,,,,,,
heuristic,results/heuristic/FTTransformer/constraint_0.9_0.8/lr_lambda_test/lr_0.0001_lambda_transfer,FTTransformer,0.9,0.8,0.0001,64,1000,50,0.1,0.1,0.005,transfer,0.02,,,"[128, 64]",0.3,completed,,0.0010008811950683594,0.7579,0.7194,0.6778,0.6912,,,,,,,,,
heuristic,results/heuristic/FTTransformer/constraint_0.9_0.8/lr_lambda_test/lr_0.0005_lambda_balanced,FTTransformer,0.9,0.8,0.0005,64,1000,50,0.1,0.1,0.005,balanced,0.02,,,"[128, 64]",0.3,completed,,0.0009989738464355469,0.7534,0.7136,0.6731,0.686,,,,,,,,,
heuristic,results/heuristic/FTTransformer/constraint_0.9_0.8/lr_lambda_test/lr_0.0005_lambda_combined,FTTransformer,0.9,0.8,0.0005,64,1000,50,0.1,0.1,0.005,combined,0.02,,,"[128, 64]",0.3,completed,,0.0015039443969726562,0.7534,0.7136,0.6731,0.686,,,,,,,,,
heuristic,results/heuristic/FTTransformer/constraint_0.9_0.8/lr_lambda_test/lr_0.0005_lambda_linear,FTTransformer,0.9,0.8,0.0005,64,1000,50,0.1,0.1,0.005,linear,0.02,,,"[128, 64]",0.3,completed,,0.0010001659393310547,0.7534,0.7136,0.6731,0.686,,,,,,,,,
heuristic,results/heuristic/FTTransformer/constraint_0.9_0.8/lr_lambda_test/lr_0.0005_lambda_transfer,FTTransformer,0.9,0.8,0.0005,64,1000,50,0.1,0.1,0.005,transfer,0.02,,,"[128, 64]",0.3,completed,,0.0,0.7534,0.7136,0.6731,0.686,,,,,,,,,
heuristic,results/heuristic/FTTransformer/constraint_0.9_0.8/lr_lambda_test/lr_0.001_lambda_balanced,FTTransformer,0.9,0.8,0.001,64,1000,50,0.1,0.1,0.005,balanced,0.02,,,"[128, 64]",0.3,completed,,0.0,0.7466,0.7195,0.6749,0.6898,,,,,,,,,
heuristic,results/heuristic/FTTransformer/constraint_0.9_0.8/lr_lambda_test/lr_0.001_lambda_combined,FTTransformer,0.9,0.8,0.001,64,1000,50,0.1,0.1,0.005,combined,0.02,,,"[128, 64]",0.3,completed,,0.0,0.7466,0.7195,0.6749,0.6898,,,,,,,,,
heuristic,results/heuristic/FTTransformer/constraint_0.9_0.8/lr_lambda_test/lr_0.001_lambda_linear,FTTransformer,0.9,0.8,0.001,64,1000,50,0.1,0.1,0.005,linear,0.02,,,"[128, 64]",0.3,completed,,0.0010004043579101562,0.7466,0.7195,0.6749,0.6898,,,,,,,,,
heuristic,results/heuristic/FTTransformer/constraint_0.9_0.8/lr_lambda_test/lr_0.001_lambda_transfer,FTTransformer,0.9,0.8,0.001,64,1000,50,0.1,0.1,0.005,transfer,0.02,,,"[128, 64]",0.3,completed,,0.0009989738464355469,0.7466,0.7195,0.6749,0.6898,,,,,,,,,
heuristic,results/heuristic/TabularResNet/constraint_0.5_0.3/lr_lambda_test/lr_5e-05_lambda_balanced,TabularResNet,0.5,0.3,5e-05,64,1000,50,0.1,0.1,0.005,balanced,0.02,,,"[128, 64]",0.3,completed,,0.0015032291412353516,0.6176,0.7129,0.485,0.4847,,,,,,,,,
heuristic,results/heuristic/TabularResNet/constraint_0.5_0.3/lr_lambda_test/lr_5e-05_lambda_combined,TabularResNet,0.5,0.3,5e-05,64,1000,50,0.1,0.1,0.005,combined,0.02,,,"[128, 64]",0.3,completed,,0.0,0.6176,0.7129,0.485,0.4847,,,,,,,,,
heuristic,results/heuristic/TabularResNet/constraint_0.5_0.3/lr_lambda_test/lr_5e-05_lambda_linear,TabularResNet,0.5,0.3,5e-05,64,1000,50,0.1,0.1,0.005,linear,0.02,,,"[128, 64]",0.3,completed,,0.0009999275207519531,0.6176,0.7129,0.485,0.4847,,,,,,,,,
heuristic,results/heuristic/TabularResNet/constraint_0.5_0.3/lr_lambda_test/lr_5e-05_lambda_transfer,TabularResNet,0.5,0.3,5e-05,64,1000,50,0.1,0.1,0.005,transfer,0.02,,,"[128, 64]",0.3,completed,,0.0009996891021728516,0.6176,0.7129,0.485,0.4847,,,,,,,,,
heuristic,results/heuristic/TabularResNet/constraint_0.5_0.3/lr_lambda_test/lr_0.0001_lambda_balanced,TabularResNet,0.5,0.3,0.0001,64,1000,50,0.1,0.1,0.005,balanced,0.02,,,"[128, 64]",0.3,completed,,0.0009987354278564453,0.6267,0.7555,0.4991,0.5052,,,,,,,,,
heuristic,results/heuristic/TabularResNet/constraint_0.5_0.3/lr_lambda_test/lr_0.0001_lambda_combined,TabularResNet,0.5,0.3,0.0001,64,1000,50,0.1,0.1,0.005,combined,0.02,,,"[128, 64]",0.3,completed,,0.0,0.6267,0.7555,0.4991,0.5052,,,,,,,,,
heuristic,results/heuristic/TabularResNet/constraint_0.5_0.3/lr_lambda_test/lr_0.0001_lambda_linear,TabularResNet,0.5,0.3,0.0001,64,1000,50,0.1,0.1,0.005,linear,0.02,,,"[128, 64]",0.3,completed,,0.0009999275207519531,0.6267,0.7555,0.4991,0.5052,,,,,,,,,
heuristic,results/heuristic/TabularResNet/constraint_0.5_0.3/lr_lambda_test/lr_0.0001_lambda_transfer,TabularResNet,0.5,0.3,0.0001,64,1000,50,0.1,0.1,0.005,transfer,0.02,,,"[128, 64]",0.3,completed,,0.0010752677917480469,0.6267,0.7555,0.4991,0.5052,,,,,,,,,
heuristic,results/heuristic/TabularResNet/constraint_0.5_0.3/lr_lambda_test/lr_0.0005_lambda_balanced,TabularResNet,0.5,0.3,0.0005,64,1000,50,0.1,0.1,0.005,balanced,0.02,,,"[128, 64]",0.3,completed,,0.0010042190551757812,0.6086,0.7025,0.4781,0.4777,,,,,,,,,
heuristic,results/heuristic/TabularResNet/constraint_0.5_0.3/lr_lambda_test/lr_0.0005_lambda_combined,TabularResNet,0.5,0.3,0.0005,64,1000,50,0.1,0.1,0.005,combined,0.02,,,"[128, 64]",0.3,completed,,0.0009996891021728516,0.6086,0.7025,0.4781,0.4777,,,,,,,,,
heuristic,results/heuristic/TabularResNet/constraint_0.5_0.3/lr_lambda_test/lr_0.0005_lambda_linear,TabularResNet,0.5,0.3,0.0005,64,1000,50,0.1,0.1,0.005,linear,0.02,,,"[128, 64]",0.3,completed,,0.0009996891021728516,0.6086,0.7025,0.4781,0.4777,,,,,,,,,
heuristic,results/heuristic/TabularResNet/constraint_0.5_0.3/lr_lambda_test/lr_0.0005_lambda_transfer,TabularResNet,0.5,0.3,0.0005,64,1000,50,0.1,0.1,0.005,transfer,0.02,,,"[128, 64]",0.3,completed,,0.0015032291412353516,0.6086,0.7025,0.4781,0.4777,,,,,,,,,
heuristic,results/heuristic/TabularResNet/constraint_0.5_0.3/lr_lambda_test/lr_0.001_lambda_balanced,TabularResNet,0.5,0.3,0.001,64,1000,50,0.1,0.1,0.005,balanced,0.02,,,"[128, 64]",0.3,completed,,0.0020799636840820312,0.5973,0.6713,0.4662,0.4618,,,,,,,,,
heuristic,results/heuristic/TabularResNet/constraint_0.5_0.3/lr_lambda_test/lr_0.001_lambda_combined,TabularResNet,0.5,0.3,0.001,64,1000,50,0.1,0.1,0.005,combined,0.02,,,"[128, 64]",0.3,completed,,0.001001596450805664,0.5973,0.6713,0.4662,0.4618,,,,,,,,,
heuristic,results/heuristic/TabularResNet/constraint_0.5_0.3/lr_lambda_test/lr_0.001_lambda_linear,TabularResNet,0.5,0.3,0.001,64,1000,50,0.1,0.1,0.005,linear,0.02,,,"[128, 64]",0.3,completed,,0.0010008811950683594,0.5973,0.6713,0.4662,0.4618,,,,,,,,,
heuristic,results/heuristic/TabularResNet/constraint_0.5_0.3/lr_lambda_test/lr_0.001_lambda_transfer,TabularResNet,0.5,0.3,0.001,64,1000,50,0.1,0.1,0.005,transfer,0.02,,,"[128, 64]",0.3,completed,,0.0009992122650146484,0.5973,0.6713,0.4662,0.4618,,,,,,,,,
heuristic,results/heuristic/TabularResNet/constraint_0.8_0.2/lr_lambda_test/lr_5e-05_lambda_balanced,TabularResNet,0.8,0.2,5e-05,64,1000,50,0.1,0.1,0.005,balanced,0.02,,,"[128, 64]",0.3,completed,,0.0010004043579101562,0.5747,0.6915,0.4302,0.4038,,,,,,,,,
heuristic,results/heuristic/TabularResNet/constraint_0.8_0.2/lr_lambda_test/lr_5e-05_lambda_combined,TabularResNet,0.8,0.2,5e-05,64,1000,50,0.1,0.1,0.005,combined,0.02,,,"[128, 64]",0.3,completed,,0.0,0.5747,0.6915,0.4302,0.4038,,,,,,,,,
heuristic,results/heuristic/TabularResNet/constraint_0.8_0.2/lr_lambda_test/lr_5e-05_lambda_linear,TabularResNet,0.8,0.2,5e-05,64,1000,50,0.1,0.1,0.005,linear,0.02,,,"[128, 64]",0.3,completed,,0.0009996891021728516,0.5747,0.6915,0.4302,0.4038,,,,,,,,,
heuristic,results/heuristic/TabularResNet/constraint_0.8_0.2/lr_lambda_test/lr_5e-05_lambda_transfer,TabularResNet,0.8,0.2,5e-05,64,1000,50,0.1,0.1,0.005,transfer,0.02,,,"[128, 64]",0.3,completed,,0.0,0.5747,0.6915,0.4302,0.4038,,,,,,,,,
heuristic,results/heuristic/TabularResNet/constraint_0.8_0.2/lr_lambda_test/lr_0.0001_lambda_balanced,TabularResNet,0.8,0.2,0.0001,64,1000,50,0.1,0.1,0.005,balanced,0.02,,,"[128, 64]",0.3,completed,,0.0,0.5882,0.7676,0.4482,0.431,,,,,,,,,
heuristic,results/heuristic/TabularResNet/constraint_0.8_0.2/lr_lambda_test/lr_0.0001_lambda_combined,TabularResNet,0.8,0.2,0.0001,64,1000,50,0.1,0.1,0.005,combined,0.02,,,"[128, 64]",0.3,completed,,0.0,0.5882,0.7676,0.4482,0.431,,,,,,,,,
heuristic,results/heuristic/TabularResNet/constraint_0.8_0.2/lr_lambda_test/lr_0.0001_lambda_linear,TabularResNet,0.8,0.2,0.0001,64,1000,50,0.1,0.1,0.005,linear,0.02,,,"[128, 64]",0.3,completed,,0.0,0.5882,0.7676,0.4482,0.431,,,,,,,,,
heuristic,results/heuristic/TabularResNet/constraint_0.8_0.2/lr_lambda_test/lr_0.0001_lambda_transfer,TabularResNet,0.8,0.2,0.0001,64,1000,50,0.1,0.1,0.005,transfer,0.02,,,"[128, 64]",0.3,completed,,0.0,0.5882,0.7676,0.4482,0.431,,,,,,,,,
heuristic,results/heuristic/TabularResNet/constraint_0.8_0.2/lr_lambda_test/lr_0.0005_lambda_balanced,TabularResNet,0.8,0.2,0.0005,64,1000,50,0.1,0.1,0.005,balanced,0.02,,,"[128, 64]",0.3,completed,,0.0,0.5679,0.6801,0.4238,0.3975,,,,,,,,,
heuristic,results/heuristic/TabularResNet/constraint_0.8_0.2/lr_lambda_test/lr_0.0005_lambda_combined,TabularResNet,0.8,0.2,0.0005,64,1000,50,0.1,0.1,0.005,combined,0.02,,,"[128, 64]",0.3,completed,,0.0,0.5679,0.6801,0.4238,0.3975,,,,,,,,,
heuristic,results/heuristic/TabularResNet/constraint_0.8_0.2/lr_lambda_test/lr_0.0005_lambda_linear,TabularResNet,0.8,0.2,0.0005,64,1000,50,0.1,0.1,0.005,linear,0.02,,,"[128, 64]",0.3,completed,,0.0009999275207519531,0.5679,0.6801,0.4238,0.3975,,,,,,,,,
heuristic,results/heuristic/TabularResNet/constraint_0.8_0.2/lr_lambda_test/lr_0.0005_lambda_transfer,TabularResNet,0.8,0.2,0.0005,64,1000,50,0.1,0.1,0.005,transfer,0.02,,,"[128, 64]",0.3,completed,,0.0015041828155517578,0.5679,0.6801,0.4238,0.3975,,,,,,,,,
heuristic,results/heuristic/TabularResNet/constraint_0.8_0.2/lr_lambda_test/lr_0.001_lambda_balanced,TabularResNet,0.8,0.2,0.001,64,1000,50,0.1,0.1,0.005,balanced,0.02,,,"[128, 64]",0.3,completed,,0.0009992122650146484,0.5588,0.6435,0.4152,0.3847,,,,,,,,,
heuristic,results/heuristic/TabularResNet/constraint_0.8_0.2/lr_lambda_test/lr_0.001_lambda_combined,TabularResNet,0.8,0.2,0.001,64,1000,50,0.1,0.1,0.005,combined,0.02,,,"[128, 64]",0.3,completed,,0.0,0.5588,0.6435,0.4152,0.3847,,,,,,,,,
heuristic,results/heuristic/TabularResNet/constraint_0.8_0.2/lr_lambda_test/lr_0.001_lambda_linear,TabularResNet,0.8,0.2,0.001,64,1000,50,0.1,0.1,0.005,linear,0.02,,,"[128, 64]",0.3,completed,,0.0,0.5588,0.6435,0.4152,0.3847,,,,,,,,,
heuristic,results/heuristic/TabularResNet/constraint_0.8_0.2/lr_lambda_test/lr_0.001_lambda_transfer,TabularResNet,0.8,0.2,0.001,64,1000,50,0.1,0.1,0.005,transfer,0.02,,,"[128, 64]",0.3,completed,,0.0010044574737548828,0.5588,0.6435,0.4152,0.3847,,,,,,,,,
heuristic,results/heuristic/TabularResNet/constraint_0.9_0.8/lr_lambda_test/lr_5e-05_lambda_balanced,TabularResNet,0.9,0.8,5e-05,64,1000,50,0.1,0.1,0.005,balanced,0.02,,,"[128, 64]",0.3,completed,,0.0009996891021728516,0.7353,0.6847,0.6496,0.6601,,,,,,,,,
heuristic,results/heuristic/TabularResNet/constraint_0.9_0.8/lr_lambda_test/lr_5e-05_lambda_combined,TabularResNet,0.9,0.8,5e-05,64,1000,50,0.1,0.1,0.005,combined,0.02,,,"[128, 64]",0.3,completed,,0.0009992122650146484,0.7353,0.6847,0.6496,0.6601,,,,,,,,,
heuristic,results/heuristic/TabularResNet/constraint_0.9_0.8/lr_lambda_test/lr_5e-05_lambda_linear,TabularResNet,0.9,0.8,5e-05,64,1000,50,0.1,0.1,0.005,linear,0.02,,,"[128, 64]",0.3,completed,,0.0,0.7353,0.6847,0.6496,0.6601,,,,,,,,,
heuristic,results/heuristic/TabularResNet/constraint_0.9_0.8/lr_lambda_test/lr_5e-05_lambda_transfer,TabularResNet,0.9,0.8,5e-05,64,1000,50,0.1,0.1,0.005,transfer,0.02,,,"[128, 64]",0.3,completed,,0.0010004043579101562,0.7353,0.6847,0.6496,0.6601,,,,,,,,,
heuristic,results/heuristic/TabularResNet/constraint_0.9_0.8/lr_lambda_test/lr_0.0001_lambda_balanced,TabularResNet,0.9,0.8,0.0001,64,1000,50,0.1,0.1,0.005,balanced,0.02,,,"[128, 64]",0.3,completed,,0.0,0.7489,0.7094,0.6693,0.682,,,,,,,,,
heuristic,results/heuristic/TabularResNet/constraint_0.9_0.8/lr_lambda_test/lr_0.0001_lambda_combined,TabularResNet,0.9,0.8,0.0001,64,1000,50,0.1,0.1,0.005,combined,0.02,,,"[128, 64]",0.3,pending,,,,,,,,,,,,,,,
heuristic,results/heuristic/TabularResNet/constraint_0.9_0.8/lr_lambda_test/lr_0.0001_lambda_linear,TabularResNet,0.9,0.8,0.0001,64,1000,50,0.1,0.1,0.005,linear,0.02,,,"[128, 64]",0.3,completed,,0.0,0.7489,0.7094,0.6693,0.682,,,,,,,,,
heuristic,results/heuristic/TabularResNet/constraint_0.9_0.8/lr_lambda_test/lr_0.0001_lambda_transfer,TabularResNet,0.9,0.8,0.0001,64,1000,50,0.1,0.1,0.005,transfer,0.02,,,"[128, 64]",0.3,completed,,0.0010006427764892578,0.7489,0.7094,0.6693,0.682,,,,,,,,,
heuristic,results/heuristic/TabularResNet/constraint_0.9_0.8/lr_lambda_test/lr_0.0005_lambda_balanced,TabularResNet,0.9,0.8,0.0005,64,1000,50,0.1,0.1,0.005,balanced,0.02,,,"[128, 64]",0.3,completed,,0.001001596450805664,0.7398,0.6946,0.657,0.6687,,,,,,,,,
heuristic,results/heuristic/TabularResNet/constraint_0.9_0.8/lr_lambda_test/lr_0.0005_lambda_combined,TabularResNet,0.9,0.8,0.0005,64,1000,50,0.1,0.1,0.005,combined,0.02,,,"[128, 64]",0.3,completed,,0.0,0.7398,0.6946,0.657,0.6687,,,,,,,,,
heuristic,results/heuristic/TabularResNet/constraint_0.9_0.8/lr_lambda_test/lr_0.0005_lambda_linear,TabularResNet,0.9,0.8,0.0005,64,1000,50,0.1,0.1,0.005,linear,0.02,,,"[128, 64]",0.3,completed,,0.0010037422180175781,0.7398,0.6946,0.657,0.6687,,,,,,,,,
heuristic,results/heuristic/TabularResNet/constraint_0.9_0.8/lr_lambda_test/lr_0.0005_lambda_transfer,TabularResNet,0.9,0.8,0.0005,64,1000,50,0.1,0.1,0.005,transfer,0.02,,,"[128, 64]",0.3,completed,,0.0009999275207519531,0.7398,0.6946,0.657,0.6687,,,,,,,,,
heuristic,results/heuristic/TabularResNet/constraint_0.9_0.8/lr_lambda_test/lr_0.001_lambda_balanced,TabularResNet,0.9,0.8,0.001,64,1000,50,0.1,0.1,0.005,balanced,0.02,,,"[128, 64]",0.3,completed,,0.0010063648223876953,0.7262,0.6823,0.6442,0.6562,,,,,,,,,
heuristic,results/heuristic/TabularResNet/constraint_0.9_0.8/lr_lambda_test/lr_0.001_lambda_combined,TabularResNet,0.9,0.8,0.001,64,1000,50,0.1,0.1,0.005,combined,0.02,,,"[128, 64]",0.3,completed,,0.0009999275207519531,0.7262,0.6823,0.6442,0.6562,,,,,,,,,
heuristic,results/heuristic/TabularResNet/constraint_0.9_0.8/lr_lambda_test/lr_0.001_lambda_linear,TabularResNet,0.9,0.8,0.001,64,1000,50,0.1,0.1,0.005,linear,0.02,,,"[128, 64]",0.3,completed,,0.0,0.7262,0.6823,0.6442,0.6562,,,,,,,,,
heuristic,results/heuristic/TabularResNet/constraint_0.9_0.8/lr_lambda_test/lr_0.001_lambda_transfer,TabularResNet,0.9,0.8,0.001,64,1000,50,0.1,0.1,0.005,transfer,0.02,,,"[128, 64]",0.3,completed,,0.0010039806365966797,0.7262,0.6823,0.6442,0.6562,,,,,,,,,
longer_saturation,results/longer_saturation/TabularResNet/constraint_0.9_0.8/convergence_test/conv_10_5,TabularResNet,0.9,0.8,0.001,64,1000,50,0.1,0.1,0.005,linear,0.02,10.0,5.0,"[128, 64]",0.3,completed,True,69.27406620979309,0.724,0.6824,0.6099,0.6214,,,,,,,,,
longer_saturation,results/longer_saturation/TabularResNet/constraint_0.9_0.8/convergence_test/conv_10_7,TabularResNet,0.9,0.8,0.001,64,1000,50,0.1,0.1,0.005,linear,0.02,10.0,7.0,"[128, 64]",0.3,completed,True,78.48398232460022,0.7081,0.6542,0.5933,0.6024,,,,,,,,,
longer_saturation,results/longer_saturation/TabularResNet/constraint_0.9_0.8/convergence_test/conv_1_1,TabularResNet,0.9,0.8,0.001,64,1000,50,0.1,0.1,0.005,linear,0.02,1.0,1.0,"[128, 64]",0.3,completed,True,48.96903991699219,0.7217,0.6625,0.609,0.6174,,,,,,,,,
longer_saturation,results/longer_saturation/TabularResNet/constraint_0.9_0.8/convergence_test/conv_20_12,TabularResNet,0.9,0.8,0.001,64,1000,50,0.1,0.1,0.005,linear,0.02,20.0,12.0,"[128, 64]",0.3,completed,True,80.52911162376404,0.7081,0.6601,0.5995,0.6104,,,,,,,,,
longer_saturation,results/longer_saturation/TabularResNet/constraint_0.9_0.8/convergence_test/conv_20_14,TabularResNet,0.9,0.8,0.001,64,1000,50,0.1,0.1,0.005,linear,0.02,20.0,14.0,"[128, 64]",0.3,completed,True,103.58734393119812,0.7081,0.6607,0.6047,0.6161,,,,,,,,,
longer_saturation,results/longer_saturation/TabularResNet/constraint_0.9_0.8/convergence_test/conv_20_15,TabularResNet,0.9,0.8,0.001,64,1000,50,0.1,0.1,0.005,linear,0.02,20.0,15.0,"[128, 64]",0.3,completed,True,79.28091287612915,0.7059,0.6581,0.5917,0.6017,,,,,,,,,
longer_saturation,results/longer_saturation/TabularResNet/constraint_0.9_0.8/convergence_test/conv_30_20,TabularResNet,0.9,0.8,0.001,64,1000,50,0.1,0.1,0.005,linear,0.02,30.0,20.0,"[128, 64]",0.3,completed,True,117.00649404525757,0.7036,0.6511,0.5913,0.6007,,,,,,,,,
longer_saturation,results/longer_saturation/TabularResNet/constraint_0.9_0.8/convergence_test/conv_30_24,TabularResNet,0.9,0.8,0.001,64,1000,50,0.1,0.1,0.005,linear,0.02,30.0,24.0,"[128, 64]",0.3,completed,True,164.7342014312744,0.7127,0.6564,0.5979,0.6064,,,,,,,,,
longer_saturation,results/longer_saturation/TabularResNet/constraint_0.9_0.8/convergence_test/conv_30_27,TabularResNet,0.9,0.8,0.001,64,1000,50,0.1,0.1,0.005,linear,0.02,30.0,27.0,"[128, 64]",0.3,completed,True,258.06041741371155,0.7014,0.6464,0.5835,0.5913,,,,,,,,,
longer_saturation,results/longer_saturation/TabularResNet/constraint_0.9_0.8/convergence_test/conv_5_2,TabularResNet,0.9,0.8,0.001,64,1000,50,0.1,0.1,0.005,linear,0.02,5.0,2.0,"[128, 64]",0.3,completed,True,37.880348205566406,0.6968,0.6294,0.5767,0.5824,,,,,,,,,
longer_saturation,results/longer_saturation/TabularResNet/constraint_0.9_0.8/convergence_test/conv_5_5,TabularResNet,0.9,0.8,0.001,64,1000,50,0.1,0.1,0.005,linear,0.02,5.0,5.0,"[128, 64]",0.3,completed,True,116.78643798828125,0.7081,0.6519,0.5968,0.6062,,,,,,,,,
our_approach,results/our_approach/BasicNN/constraint_0.5_0.3/lr_lambda_test/lr_5e-05_lambda_balanced,BasicNN,0.5,0.3,5e-05,64,1000,50,0.1,0.1,0.005,balanced,0.02,,,"[128, 64]",0.3,completed,False,767.4076414108276,0.5724,0.5614,0.4103,0.3609,,,,,,,,,
our_approach,results/our_approach/BasicNN/constraint_0.5_0.3/lr_lambda_test/lr_5e-05_lambda_combined,BasicNN,0.5,0.3,5e-05,64,1000,50,0.1,0.1,0.005,combined,0.02,,,"[128, 64]",0.3,completed,False,759.5597007274628,0.5679,0.5771,0.4083,0.3621,,,,,,,,,
our_approach,results/our_approach/BasicNN/constraint_0.5_0.3/lr_lambda_test/lr_5e-05_lambda_linear,BasicNN,0.5,0.3,5e-05,64,1000,50,0.1,0.1,0.005,linear,0.02,,,"[128, 64]",0.3,completed,False,881.0334820747375,0.5747,0.601,0.4145,0.3704,,,,,,,,,
our_approach,results/our_approach/BasicNN/constraint_0.5_0.3/lr_lambda_test/lr_5e-05_lambda_transfer,BasicNN,0.5,0.3,5e-05,64,1000,50,0.1,0.1,0.005,transfer,0.02,,,"[128, 64]",0.3,completed,False,1497.931958913803,0.5588,0.5664,0.3962,0.3403,,,,,,,,,
our_approach,results/our_approach/BasicNN/constraint_0.5_0.3/lr_lambda_test/lr_0.0001_lambda_balanced,BasicNN,0.5,0.3,0.0001,64,1000,50,0.1,0.1,0.005,balanced,0.02,,,"[128, 64]",0.3,completed,False,651.8940637111664,0.5814,0.5447,0.4216,0.3802,,,,,,,,,
our_approach,results/our_approach/BasicNN/constraint_0.5_0.3/lr_lambda_test/lr_0.0001_lambda_combined,BasicNN,0.5,0.3,0.0001,64,1000,50,0.1,0.1,0.005,combined,0.02,,,"[128, 64]",0.3,completed,False,632.696525812149,0.5701,0.6046,0.408,0.3577,,,,,,,,,
our_approach,results/our_approach/BasicNN/constraint_0.5_0.3/lr_lambda_test/lr_0.0001_lambda_linear,BasicNN,0.5,0.3,0.0001,64,1000,50,0.1,0.1,0.005,linear,0.02,,,"[128, 64]",0.3,completed,False,764.5973558425903,0.5701,0.5687,0.4098,0.3629,,,,,,,,,
our_approach,results/our_approach/BasicNN/constraint_0.5_0.3/lr_lambda_test/lr_0.0001_lambda_transfer,BasicNN,0.5,0.3,0.0001,64,1000,50,0.1,0.1,0.005,transfer,0.02,,,"[128, 64]",0.3,completed,False,592.0494568347931,0.5792,0.4906,0.4163,0.3684,,,,,,,,,
our_approach,results/our_approach/BasicNN/constraint_0.5_0.3/lr_lambda_test/lr_0.0005_lambda_balanced,BasicNN,0.5,0.3,0.0005,64,1000,50,0.1,0.1,0.005,balanced,0.02,,,"[128, 64]",0.3,completed,False,311.78123712539673,0.6041,0.5799,0.4451,0.4114,,,,,,,,,
our_approach,results/our_approach/BasicNN/constraint_0.5_0.3/lr_lambda_test/lr_0.0005_lambda_combined,BasicNN,0.5,0.3,0.0005,64,1000,50,0.1,0.1,0.005,combined,0.02,,,"[128, 64]",0.3,completed,False,237.76036977767944,0.6018,0.6002,0.4454,0.4156,,,,,,,,,
our_approach,results/our_approach/BasicNN/constraint_0.5_0.3/lr_lambda_test/lr_0.0005_lambda_linear,BasicNN,0.5,0.3,0.0005,64,1000,50,0.1,0.1,0.005,linear,0.02,,,"[128, 64]",0.3,completed,False,293.65542793273926,0.5973,0.5741,0.438,0.4036,,,,,,,,,
our_approach,results/our_approach/BasicNN/constraint_0.5_0.3/lr_lambda_test/lr_0.0005_lambda_transfer,BasicNN,0.5,0.3,0.0005,64,1000,50,0.1,0.1,0.005,transfer,0.02,,,"[128, 64]",0.3,completed,False,243.55250024795532,0.6154,0.8176,0.4549,0.4194,,,,,,,,,
our_approach,results/our_approach/BasicNN/constraint_0.5_0.3/lr_lambda_test/lr_0.001_lambda_balanced,BasicNN,0.5,0.3,0.001,64,1000,50,0.1,0.1,0.005,balanced,0.02,,,"[128, 64]",0.3,completed,False,172.05789828300476,0.5724,0.5545,0.4112,0.363,,,,,,,,,
our_approach,results/our_approach/BasicNN/constraint_0.5_0.3/lr_lambda_test/lr_0.001_lambda_combined,BasicNN,0.5,0.3,0.001,64,1000,50,0.1,0.1,0.005,combined,0.02,,,"[128, 64]",0.3,completed,False,255.23608493804932,0.5611,0.6132,0.4023,0.3525,,,,,,,,,
our_approach,results/our_approach/BasicNN/constraint_0.5_0.3/lr_lambda_test/lr_0.001_lambda_linear,BasicNN,0.5,0.3,0.001,64,1000,50,0.1,0.1,0.005,linear,0.02,,,"[128, 64]",0.3,completed,False,201.13335704803467,0.5928,0.5884,0.4352,0.4005,,,,,,,,,
our_approach,results/our_approach/BasicNN/constraint_0.5_0.3/lr_lambda_test/lr_0.001_lambda_transfer,BasicNN,0.5,0.3,0.001,64,1000,50,0.1,0.1,0.005,transfer,0.02,,,"[128, 64]",0.3,completed,False,202.3249535560608,0.5566,0.5862,0.3939,0.3356,,,,,,,,,
our_approach,results/our_approach/BasicNN/constraint_0.8_0.2/lr_lambda_test/lr_5e-05_lambda_balanced,BasicNN,0.8,0.2,5e-05,64,1000,50,0.1,0.1,0.005,balanced,0.02,,,"[128, 64]",0.3,completed,False,1386.2517285346985,0.6742,0.4972,0.5149,0.4801,,,,,,,,,
our_approach,results/our_approach/BasicNN/constraint_0.8_0.2/lr_lambda_test/lr_5e-05_lambda_combined,BasicNN,0.8,0.2,5e-05,64,1000,50,0.1,0.1,0.005,combined,0.02,,,"[128, 64]",0.3,completed,False,1388.9068377017975,0.638,0.4815,0.4765,0.4393,,,,,,,,,
our_approach,results/our_approach/BasicNN/constraint_0.8_0.2/lr_lambda_test/lr_5e-05_lambda_linear,BasicNN,0.8,0.2,5e-05,64,1000,50,0.1,0.1,0.005,linear,0.02,,,"[128, 64]",0.3,completed,False,1395.665504693985,0.6109,0.4825,0.4484,0.4077,,,,,,,,,
our_approach,results/our_approach/BasicNN/constraint_0.8_0.2/lr_lambda_test/lr_5e-05_lambda_transfer,BasicNN,0.8,0.2,5e-05,64,1000,50,0.1,0.1,0.005,transfer,0.02,,,"[128, 64]",0.3,completed,False,1386.8356928825378,0.5747,0.4792,0.4108,0.3583,,,,,,,,,
our_approach,results/our_approach/BasicNN/constraint_0.8_0.2/lr_lambda_test/lr_0.0001_lambda_balanced,BasicNN,0.8,0.2,0.0001,64,1000,50,0.1,0.1,0.005,balanced,0.02,,,"[128, 64]",0.3,completed,False,912.7129621505737,0.5633,0.4718,0.3991,0.3411,,,,,,,,,
our_approach,results/our_approach/BasicNN/constraint_0.8_0.2/lr_lambda_test/lr_0.0001_lambda_combined,BasicNN,0.8,0.2,0.0001,64,1000,50,0.1,0.1,0.005,combined,0.02,,,"[128, 64]",0.3,completed,False,1048.5989553928375,0.5837,0.4778,0.4202,0.3713,,,,,,,,,
our_approach,results/our_approach/BasicNN/constraint_0.8_0.2/lr_lambda_test/lr_0.0001_lambda_linear,BasicNN,0.8,0.2,0.0001,64,1000,50,0.1,0.1,0.005,linear,0.02,,,"[128, 64]",0.3,completed,False,1201.3016545772552,0.5701,0.8085,0.408,0.3566,,,,,,,,,
our_approach,results/our_approach/BasicNN/constraint_0.8_0.2/lr_lambda_test/lr_0.0001_lambda_transfer,BasicNN,0.8,0.2,0.0001,64,1000,50,0.1,0.1,0.005,transfer,0.02,,,"[128, 64]",0.3,completed,False,715.1383607387543,0.5566,0.4756,0.392,0.3301,,,,,,,,,
our_approach,results/our_approach/BasicNN/constraint_0.8_0.2/lr_lambda_test/lr_0.0005_lambda_balanced,BasicNN,0.8,0.2,0.0005,64,1000,50,0.1,0.1,0.005,balanced,0.02,,,"[128, 64]",0.3,completed,False,399.49415349960327,0.5769,0.4666,0.4131,0.361,,,,,,,,,
our_approach,results/our_approach/BasicNN/constraint_0.8_0.2/lr_lambda_test/lr_0.0005_lambda_combined,BasicNN,0.8,0.2,0.0005,64,1000,50,0.1,0.1,0.005,combined,0.02,,,"[128, 64]",0.3,completed,False,294.3718798160553,0.5588,0.5104,0.3944,0.3345,,,,,,,,,
our_approach,results/our_approach/BasicNN/constraint_0.8_0.2/lr_lambda_test/lr_0.0005_lambda_linear,BasicNN,0.8,0.2,0.0005,64,1000,50,0.1,0.1,0.005,linear,0.02,,,"[128, 64]",0.3,completed,False,406.13634967803955,0.5769,0.8208,0.415,0.3673,,,,,,,,,
our_approach,results/our_approach/BasicNN/constraint_0.8_0.2/lr_lambda_test/lr_0.0005_lambda_transfer,BasicNN,0.8,0.2,0.0005,64,1000,50,0.1,0.1,0.005,transfer,0.02,,,"[128, 64]",0.3,completed,False,401.8670303821564,0.5701,0.8169,0.408,0.3569,,,,,,,,,
our_approach,results/our_approach/BasicNN/constraint_0.8_0.2/lr_lambda_test/lr_0.001_lambda_balanced,BasicNN,0.8,0.2,0.001,64,1000,50,0.1,0.1,0.005,balanced,0.02,,,"[128, 64]",0.3,completed,False,274.0916471481323,0.5656,0.813,0.4052,0.3546,,,,,,,,,
our_approach,results/our_approach/BasicNN/constraint_0.8_0.2/lr_lambda_test/lr_0.001_lambda_combined,BasicNN,0.8,0.2,0.001,64,1000,50,0.1,0.1,0.005,combined,0.02,,,"[128, 64]",0.3,completed,False,185.28532433509827,0.5656,0.5117,0.4014,0.3454,,,,,,,,,
our_approach,results/our_approach/BasicNN/constraint_0.8_0.2/lr_lambda_test/lr_0.001_lambda_linear,BasicNN,0.8,0.2,0.001,64,1000,50,0.1,0.1,0.005,linear,0.02,,,"[128, 64]",0.3,completed,False,271.0501480102539,0.5498,0.8135,0.3896,0.3312,,,,,,,,,
our_approach,results/our_approach/BasicNN/constraint_0.8_0.2/lr_lambda_test/lr_0.001_lambda_transfer,BasicNN,0.8,0.2,0.001,64,1000,50,0.1,0.1,0.005,transfer,0.02,,,"[128, 64]",0.3,completed,False,206.45160508155823,0.5475,0.7974,0.3864,0.3243,,,,,,,,,
our_approach,results/our_approach/BasicNN/constraint_0.9_0.8/lr_lambda_test/lr_5e-05_lambda_balanced,BasicNN,0.9,0.8,5e-05,64,1000,50,0.1,0.1,0.005,balanced,0.02,,,"[128, 64]",0.3,completed,False,269.44881892204285,0.7262,0.648,0.5931,0.5916,,,,,,,,,
our_approach,results/our_approach/BasicNN/constraint_0.9_0.8/lr_lambda_test/lr_5e-05_lambda_combined,BasicNN,0.9,0.8,5e-05,64,1000,50,0.1,0.1,0.005,combined,0.02,,,"[128, 64]",0.3,completed,False,186.9386899471283,0.7127,0.6338,0.579,0.5785,,,,,,,,,
our_approach,results/our_approach/BasicNN/constraint_0.9_0.8/lr_lambda_test/lr_5e-05_lambda_linear,BasicNN,0.9,0.8,5e-05,64,1000,50,0.1,0.1,0.005,linear,0.02,,,"[128, 64]",0.3,completed,False,233.66818141937256,0.733,0.6507,0.6009,0.5987,,,,,,,,,
our_approach,results/our_approach/BasicNN/constraint_0.9_0.8/lr_lambda_test/lr_5e-05_lambda_transfer,BasicNN,0.9,0.8,5e-05,64,1000,50,0.1,0.1,0.005,transfer,0.02,,,"[128, 64]",0.3,completed,False,200.7243835926056,0.7059,0.6208,0.5655,0.56,,,,,,,,,
our_approach,results/our_approach/BasicNN/constraint_0.9_0.8/lr_lambda_test/lr_0.0001_lambda_balanced,BasicNN,0.9,0.8,0.0001,64,1000,50,0.1,0.1,0.005,balanced,0.02,,,"[128, 64]",0.3,completed,False,351.27082681655884,0.7195,0.6784,0.5889,0.5934,,,,,,,,,
our_approach,results/our_approach/BasicNN/constraint_0.9_0.8/lr_lambda_test/lr_0.0001_lambda_combined,BasicNN,0.9,0.8,0.0001,64,1000,50,0.1,0.1,0.005,combined,0.02,,,"[128, 64]",0.3,completed,False,193.5427451133728,0.7262,0.662,0.5949,0.5957,,,,,,,,,
our_approach,results/our_approach/BasicNN/constraint_0.9_0.8/lr_lambda_test/lr_0.0001_lambda_linear,BasicNN,0.9,0.8,0.0001,64,1000,50,0.1,0.1,0.005,linear,0.02,,,"[128, 64]",0.3,completed,False,345.2420845031738,0.7217,0.6571,0.5911,0.5924,,,,,,,,,
our_approach,results/our_approach/BasicNN/constraint_0.9_0.8/lr_lambda_test/lr_0.0001_lambda_transfer,BasicNN,0.9,0.8,0.0001,64,1000,50,0.1,0.1,0.005,transfer,0.02,,,"[128, 64]",0.3,completed,False,194.82356142997742,0.7285,0.6484,0.5973,0.5972,,,,,,,,,
our_approach,results/our_approach/BasicNN/constraint_0.9_0.8/lr_lambda_test/lr_0.0005_lambda_balanced,BasicNN,0.9,0.8,0.0005,64,1000,50,0.1,0.1,0.005,balanced,0.02,,,"[128, 64]",0.3,completed,False,138.1957356929779,0.7014,0.627,0.5672,0.5668,,,,,,,,,
our_approach,results/our_approach/BasicNN/constraint_0.9_0.8/lr_lambda_test/lr_0.0005_lambda_combined,BasicNN,0.9,0.8,0.0005,64,1000,50,0.1,0.1,0.005,combined,0.02,,,"[128, 64]",0.3,completed,False,87.37639880180359,0.7308,0.6699,0.5986,0.598,,,,,,,,,
our_approach,results/our_approach/BasicNN/constraint_0.9_0.8/lr_lambda_test/lr_0.0005_lambda_linear,BasicNN,0.9,0.8,0.0005,64,1000,50,0.1,0.1,0.005,linear,0.02,,,"[128, 64]",0.3,completed,False,135.47602534294128,0.7262,0.6813,0.6024,0.6102,,,,,,,,,
our_approach,results/our_approach/BasicNN/constraint_0.9_0.8/lr_lambda_test/lr_0.0005_lambda_transfer,BasicNN,0.9,0.8,0.0005,64,1000,50,0.1,0.1,0.005,transfer,0.02,,,"[128, 64]",0.3,completed,False,116.87339520454407,0.7172,0.6426,0.5837,0.5826,,,,,,,,,
our_approach,results/our_approach/BasicNN/constraint_0.9_0.8/lr_lambda_test/lr_0.001_lambda_balanced,BasicNN,0.9,0.8,0.001,64,1000,50,0.1,0.1,0.005,balanced,0.02,,,"[128, 64]",0.3,completed,False,89.54835271835327,0.7195,0.6643,0.5925,0.5974,,,,,,,,,
our_approach,results/our_approach/BasicNN/constraint_0.9_0.8/lr_lambda_test/lr_0.001_lambda_combined,BasicNN,0.9,0.8,0.001,64,1000,50,0.1,0.1,0.005,combined,0.02,,,"[128, 64]",0.3,completed,False,75.05439496040344,0.7353,0.681,0.6126,0.62,,,,,,,,,
our_approach,results/our_approach/BasicNN/constraint_0.9_0.8/lr_lambda_test/lr_0.001_lambda_linear,BasicNN,0.9,0.8,0.001,64,1000,50,0.1,0.1,0.005,linear,0.02,,,"[128, 64]",0.3,completed,False,81.05026698112488,0.7217,0.6674,0.5984,0.6042,,,,,,,,,
our_approach,results/our_approach/BasicNN/constraint_0.9_0.8/lr_lambda_test/lr_0.001_lambda_transfer,BasicNN,0.9,0.8,0.001,64,1000,50,0.1,0.1,0.005,transfer,0.02,,,"[128, 64]",0.3,completed,False,74.9631085395813,0.7217,0.673,0.5919,0.5935,,,,,,,,,
our_approach,results/our_approach/FTTransformer/constraint_0.5_0.3/lr_lambda_test/lr_5e-05_lambda_balanced,FTTransformer,0.5,0.3,5e-05,64,1000,50,0.1,0.1,0.005,balanced,0.02,,,"[128, 64]",0.3,completed,False,331.77621483802795,0.5995,0.6378,0.4579,0.4426,,,,,,,,,
our_approach,results/our_approach/FTTransformer/constraint_0.5_0.3/lr_lambda_test/lr_5e-05_lambda_combined,FTTransformer,0.5,0.3,5e-05,64,1000,50,0.1,0.1,0.005,combined,0.02,,,"[128, 64]",0.3,completed,False,600.1484622955322,0.5882,0.5698,0.4361,0.4062,,,,,,,,,
our_approach,results/our_approach/FTTransformer/constraint_0.5_0.3/lr_lambda_test/lr_5e-05_lambda_linear,FTTransformer,0.5,0.3,5e-05,64,1000,50,0.1,0.1,0.005,linear,0.02,,,"[128, 64]",0.3,completed,False,471.3786725997925,0.6131,0.657,0.4692,0.4575,,,,,,,,,
our_approach,results/our_approach/FTTransformer/constraint_0.5_0.3/lr_lambda_test/lr_5e-05_lambda_transfer,FTTransformer,0.5,0.3,5e-05,64,1000,50,0.1,0.1,0.005,transfer,0.02,,,"[128, 64]",0.3,completed,False,556.4848515987396,0.6063,0.622,0.463,0.4487,,,,,,,,,
our_approach,results/our_approach/FTTransformer/constraint_0.5_0.3/lr_lambda_test/lr_0.0001_lambda_balanced,FTTransformer,0.5,0.3,0.0001,64,1000,50,0.1,0.1,0.005,balanced,0.02,,,"[128, 64]",0.3,completed,False,379.421505689621,0.586,0.6145,0.4411,0.4168,,,,,,,,,
our_approach,results/our_approach/FTTransformer/constraint_0.5_0.3/lr_lambda_test/lr_0.0001_lambda_combined,FTTransformer,0.5,0.3,0.0001,64,1000,50,0.1,0.1,0.005,combined,0.02,,,"[128, 64]",0.3,completed,False,307.11787724494934,0.586,0.6342,0.4448,0.423,,,,,,,,,
our_approach,results/our_approach/FTTransformer/constraint_0.5_0.3/lr_lambda_test/lr_0.0001_lambda_linear,FTTransformer,0.5,0.3,0.0001,64,1000,50,0.1,0.1,0.005,linear,0.02,,,"[128, 64]",0.3,completed,False,373.49198746681213,0.6041,0.656,0.4636,0.4505,,,,,,,,,
our_approach,results/our_approach/FTTransformer/constraint_0.5_0.3/lr_lambda_test/lr_0.0001_lambda_transfer,FTTransformer,0.5,0.3,0.0001,64,1000,50,0.1,0.1,0.005,transfer,0.02,,,"[128, 64]",0.3,completed,False,347.7657217979431,0.5882,0.6085,0.4407,0.4151,,,,,,,,,
our_approach,results/our_approach/FTTransformer/constraint_0.5_0.3/lr_lambda_test/lr_0.0005_lambda_balanced,FTTransformer,0.5,0.3,0.0005,64,1000,50,0.1,0.1,0.005,balanced,0.02,,,"[128, 64]",0.3,completed,False,284.5291781425476,0.5566,0.5543,0.4014,0.3522,,,,,,,,,
our_approach,results/our_approach/FTTransformer/constraint_0.5_0.3/lr_lambda_test/lr_0.0005_lambda_combined,FTTransformer,0.5,0.3,0.0005,64,1000,50,0.1,0.1,0.005,combined,0.02,,,"[128, 64]",0.3,completed,False,337.8232979774475,0.5792,0.6643,0.4286,0.3969,,,,,,,,,
our_approach,results/our_approach/FTTransformer/constraint_0.5_0.3/lr_lambda_test/lr_0.0005_lambda_linear,FTTransformer,0.5,0.3,0.0005,64,1000,50,0.1,0.1,0.005,linear,0.02,,,"[128, 64]",0.3,completed,False,278.3983316421509,0.5633,0.6217,0.4103,0.367,,,,,,,,,
our_approach,results/our_approach/FTTransformer/constraint_0.5_0.3/lr_lambda_test/lr_0.0005_lambda_transfer,FTTransformer,0.5,0.3,0.0005,64,1000,50,0.1,0.1,0.005,transfer,0.02,,,"[128, 64]",0.3,completed,False,290.7529835700989,0.5475,0.564,0.391,0.3361,,,,,,,,,
our_approach,results/our_approach/FTTransformer/constraint_0.5_0.3/lr_lambda_test/lr_0.001_lambda_balanced,FTTransformer,0.5,0.3,0.001,64,1000,50,0.1,0.1,0.005,balanced,0.02,,,"[128, 64]",0.3,completed,False,254.22489476203918,0.5995,0.6506,0.4468,0.422,,,,,,,,,
our_approach,results/our_approach/FTTransformer/constraint_0.5_0.3/lr_lambda_test/lr_0.001_lambda_combined,FTTransformer,0.5,0.3,0.001,64,1000,50,0.1,0.1,0.005,combined,0.02,,,"[128, 64]",0.3,completed,False,302.3207097053528,0.5407,0.6111,0.3868,0.3261,,,,,,,,,
our_approach,results/our_approach/FTTransformer/constraint_0.5_0.3/lr_lambda_test/lr_0.001_lambda_linear,FTTransformer,0.5,0.3,0.001,64,1000,50,0.1,0.1,0.005,linear,0.02,,,"[128, 64]",0.3,completed,False,310.1149742603302,0.552,0.5808,0.3967,0.344,,,,,,,,,
our_approach,results/our_approach/FTTransformer/constraint_0.5_0.3/lr_lambda_test/lr_0.001_lambda_transfer,FTTransformer,0.5,0.3,0.001,64,1000,50,0.1,0.1,0.005,transfer,0.02,,,"[128, 64]",0.3,completed,False,270.27058124542236,0.5724,0.6885,0.4178,0.3791,,,,,,,,,
our_approach,results/our_approach/FTTransformer/constraint_0.8_0.2/lr_lambda_test/lr_5e-05_lambda_balanced,FTTransformer,0.8,0.2,5e-05,64,1000,50,0.1,0.1,0.005,balanced,0.02,,,"[128, 64]",0.3,completed,False,1448.6024923324585,0.5633,0.6077,0.4164,0.3831,,,,,,,,,
our_approach,results/our_approach/FTTransformer/constraint_0.8_0.2/lr_lambda_test/lr_5e-05_lambda_combined,FTTransformer,0.8,0.2,5e-05,64,1000,50,0.1,0.1,0.005,combined,0.02,,,"[128, 64]",0.3,completed,False,571.5264406204224,0.5611,0.5666,0.4059,0.3624,,,,,,,,,
our_approach,results/our_approach/FTTransformer/constraint_0.8_0.2/lr_lambda_test/lr_5e-05_lambda_linear,FTTransformer,0.8,0.2,5e-05,64,1000,50,0.1,0.1,0.005,linear,0.02,,,"[128, 64]",0.3,completed,False,1356.2643613815308,0.5701,0.6098,0.4163,0.3779,,,,,,,,,
our_approach,results/our_approach/FTTransformer/constraint_0.8_0.2/lr_lambda_test/lr_5e-05_lambda_transfer,FTTransformer,0.8,0.2,5e-05,64,1000,50,0.1,0.1,0.005,transfer,0.02,,,"[128, 64]",0.3,completed,False,1525.781013250351,0.5724,0.6396,0.4224,0.388,,,,,,,,,
our_approach,results/our_approach/FTTransformer/constraint_0.8_0.2/lr_lambda_test/lr_0.0001_lambda_balanced,FTTransformer,0.8,0.2,0.0001,64,1000,50,0.1,0.1,0.005,balanced,0.02,,,"[128, 64]",0.3,completed,False,1731.504823923111,0.5995,0.6513,0.4524,0.4326,,,,,,,,,
our_approach,results/our_approach/FTTransformer/constraint_0.8_0.2/lr_lambda_test/lr_0.0001_lambda_combined,FTTransformer,0.8,0.2,0.0001,64,1000,50,0.1,0.1,0.005,combined,0.02,,,"[128, 64]",0.3,completed,False,671.7427191734314,0.5792,0.6846,0.4305,0.4003,,,,,,,,,
our_approach,results/our_approach/FTTransformer/constraint_0.8_0.2/lr_lambda_test/lr_0.0001_lambda_linear,FTTransformer,0.8,0.2,0.0001,64,1000,50,0.1,0.1,0.005,linear,0.02,,,"[128, 64]",0.3,completed,False,1001.7805511951447,0.5747,0.6515,0.4247,0.3919,,,,,,,,,
our_approach,results/our_approach/FTTransformer/constraint_0.8_0.2/lr_lambda_test/lr_0.0001_lambda_transfer,FTTransformer,0.8,0.2,0.0001,64,1000,50,0.1,0.1,0.005,transfer,0.02,,,"[128, 64]",0.3,completed,False,1096.4781079292297,0.5633,0.5758,0.4074,0.3632,,,,,,,,,
our_approach,results/our_approach/FTTransformer/constraint_0.8_0.2/lr_lambda_test/lr_0.0005_lambda_balanced,FTTransformer,0.8,0.2,0.0005,64,1000,50,0.1,0.1,0.005,balanced,0.02,,,"[128, 64]",0.3,completed,False,457.8327007293701,0.5611,0.7093,0.4098,0.3671,,,,,,,,,
our_approach,results/our_approach/FTTransformer/constraint_0.8_0.2/lr_lambda_test/lr_0.0005_lambda_combined,FTTransformer,0.8,0.2,0.0005,64,1000,50,0.1,0.1,0.005,combined,0.02,,,"[128, 64]",0.3,completed,False,315.8369061946869,0.5498,0.5917,0.3906,0.333,,,,,,,,,
our_approach,results/our_approach/FTTransformer/constraint_0.8_0.2/lr_lambda_test/lr_0.0005_lambda_linear,FTTransformer,0.8,0.2,0.0005,64,1000,50,0.1,0.1,0.005,linear,0.02,,,"[128, 64]",0.3,completed,False,566.163676738739,0.543,0.5187,0.3836,0.3216,,,,,,,,,
our_approach,results/our_approach/FTTransformer/constraint_0.8_0.2/lr_lambda_test/lr_0.0005_lambda_transfer,FTTransformer,0.8,0.2,0.0005,64,1000,50,0.1,0.1,0.005,transfer,0.02,,,"[128, 64]",0.3,completed,False,422.7128882408142,0.5498,0.6019,0.3943,0.3401,,,,,,,,,
our_approach,results/our_approach/FTTransformer/constraint_0.8_0.2/lr_lambda_test/lr_0.001_lambda_balanced,FTTransformer,0.8,0.2,0.001,64,1000,50,0.1,0.1,0.005,balanced,0.02,,,"[128, 64]",0.3,completed,False,475.52492213249207,0.5452,0.5325,0.383,0.3211,,,,,,,,,
our_approach,results/our_approach/FTTransformer/constraint_0.8_0.2/lr_lambda_test/lr_0.001_lambda_combined,FTTransformer,0.8,0.2,0.001,64,1000,50,0.1,0.1,0.005,combined,0.02,,,"[128, 64]",0.3,completed,False,466.08805656433105,0.5181,0.5471,0.3548,0.2699,,,,,,,,,
our_approach,results/our_approach/FTTransformer/constraint_0.8_0.2/lr_lambda_test/lr_0.001_lambda_linear,FTTransformer,0.8,0.2,0.001,64,1000,50,0.1,0.1,0.005,linear,0.02,,,"[128, 64]",0.3,completed,False,427.27368354797363,0.5339,0.6299,0.376,0.3074,,,,,,,,,
our_approach,results/our_approach/FTTransformer/constraint_0.8_0.2/lr_lambda_test/lr_0.001_lambda_transfer,FTTransformer,0.8,0.2,0.001,64,1000,50,0.1,0.1,0.005,transfer,0.02,,,"[128, 64]",0.3,completed,False,522.8575301170349,0.5588,0.6283,0.4064,0.3622,,,,,,,,,
our_approach,results/our_approach/FTTransformer/constraint_0.9_0.8/lr_lambda_test/lr_5e-05_lambda_balanced,FTTransformer,0.9,0.8,5e-05,64,1000,50,0.1,0.1,0.005,balanced,0.02,,,"[128, 64]",0.3,completed,False,129.0303680896759,0.7104,0.6451,0.5875,0.5932,,,,,,,,,
our_approach,results/our_approach/FTTransformer/constraint_0.9_0.8/lr_lambda_test/lr_5e-05_lambda_combined,FTTransformer,0.9,0.8,5e-05,64,1000,50,0.1,0.1,0.005,combined,0.02,,,"[128, 64]",0.3,completed,False,110.3956241607666,0.7081,0.6499,0.5951,0.6035,,,,,,,,,
our_approach,results/our_approach/FTTransformer/constraint_0.9_0.8/lr_lambda_test/lr_5e-05_lambda_linear,FTTransformer,0.9,0.8,5e-05,64,1000,50,0.1,0.1,0.005,linear,0.02,,,"[128, 64]",0.3,completed,False,107.62783408164978,0.7081,0.655,0.5905,0.5985,,,,,,,,,
our_approach,results/our_approach/FTTransformer/constraint_0.9_0.8/lr_lambda_test/lr_5e-05_lambda_transfer,FTTransformer,0.9,0.8,5e-05,64,1000,50,0.1,0.1,0.005,transfer,0.02,,,"[128, 64]",0.3,completed,False,123.76332116127014,0.7081,0.6391,0.5832,0.5862,,,,,,,,,
our_approach,results/our_approach/FTTransformer/constraint_0.9_0.8/lr_lambda_test/lr_0.0001_lambda_balanced,FTTransformer,0.9,0.8,0.0001,64,1000,50,0.1,0.1,0.005,balanced,0.02,,,"[128, 64]",0.3,completed,False,98.1288697719574,0.7059,0.6497,0.5899,0.5981,,,,,,,,,
our_approach,results/our_approach/FTTransformer/constraint_0.9_0.8/lr_lambda_test/lr_0.0001_lambda_combined,FTTransformer,0.9,0.8,0.0001,64,1000,50,0.1,0.1,0.005,combined,0.02,,,"[128, 64]",0.3,completed,False,75.29538249969482,0.724,0.6608,0.6034,0.611,,,,,,,,,
our_approach,results/our_approach/FTTransformer/constraint_0.9_0.8/lr_lambda_test/lr_0.0001_lambda_linear,FTTransformer,0.9,0.8,0.0001,64,1000,50,0.1,0.1,0.005,linear,0.02,,,"[128, 64]",0.3,completed,False,82.64646291732788,0.7104,0.6623,0.5937,0.6039,,,,,,,,,
our_approach,results/our_approach/FTTransformer/constraint_0.9_0.8/lr_lambda_test/lr_0.0001_lambda_transfer,FTTransformer,0.9,0.8,0.0001,64,1000,50,0.1,0.1,0.005,transfer,0.02,,,"[128, 64]",0.3,completed,False,112.04827451705933,0.7217,0.6834,0.6113,0.6243,,,,,,,,,
our_approach,results/our_approach/FTTransformer/constraint_0.9_0.8/lr_lambda_test/lr_0.0005_lambda_balanced,FTTransformer,0.9,0.8,0.0005,64,1000,50,0.1,0.1,0.005,balanced,0.02,,,"[128, 64]",0.3,completed,False,88.19364500045776,0.7127,0.674,0.5938,0.6051,,,,,,,,,
our_approach,results/our_approach/FTTransformer/constraint_0.9_0.8/lr_lambda_test/lr_0.0005_lambda_combined,FTTransformer,0.9,0.8,0.0005,64,1000,50,0.1,0.1,0.005,combined,0.02,,,"[128, 64]",0.3,completed,False,88.50999712944031,0.7172,0.7085,0.592,0.604,,,,,,,,,
our_approach,results/our_approach/FTTransformer/constraint_0.9_0.8/lr_lambda_test/lr_0.0005_lambda_linear,FTTransformer,0.9,0.8,0.0005,64,1000,50,0.1,0.1,0.005,linear,0.02,,,"[128, 64]",0.3,completed,False,97.57982659339905,0.724,0.6992,0.6045,0.6168,,,,,,,,,
our_approach,results/our_approach/FTTransformer/constraint_0.9_0.8/lr_lambda_test/lr_0.0005_lambda_transfer,FTTransformer,0.9,0.8,0.0005,64,1000,50,0.1,0.1,0.005,transfer,0.02,,,"[128, 64]",0.3,completed,False,92.79426336288452,0.7149,0.6644,0.5905,0.598,,,,,,,,,
our_approach,results/our_approach/FTTransformer/constraint_0.9_0.8/lr_lambda_test/lr_0.001_lambda_balanced,FTTransformer,0.9,0.8,0.001,64,1000,50,0.1,0.1,0.005,balanced,0.02,,,"[128, 64]",0.3,completed,False,122.15943312644958,0.7014,0.6441,0.5716,0.5758,,,,,,,,,
our_approach,results/our_approach/FTTransformer/constraint_0.9_0.8/lr_lambda_test/lr_0.001_lambda_combined,FTTransformer,0.9,0.8,0.001,64,1000,50,0.1,0.1,0.005,combined,0.02,,,"[128, 64]",0.3,completed,False,92.79142165184021,0.7059,0.6484,0.5792,0.5858,,,,,,,,,
our_approach,results/our_approach/FTTransformer/constraint_0.9_0.8/lr_lambda_test/lr_0.001_lambda_linear,FTTransformer,0.9,0.8,0.001,64,1000,50,0.1,0.1,0.005,linear,0.02,,,"[128, 64]",0.3,completed,False,133.85167527198792,0.7195,0.6556,0.5887,0.5926,,,,,,,,,
our_approach,results/our_approach/FTTransformer/constraint_0.9_0.8/lr_lambda_test/lr_0.001_lambda_transfer,FTTransformer,0.9,0.8,0.001,64,1000,50,0.1,0.1,0.005,transfer,0.02,,,"[128, 64]",0.3,completed,False,105.58687615394592,0.7149,0.6962,0.5963,0.6103,,,,,,,,,
our_approach,results/our_approach/TabularResNet/constraint_0.5_0.3/lr_lambda_test/lr_5e-05_lambda_balanced,TabularResNet,0.5,0.3,5e-05,64,1000,50,0.1,0.1,0.005,balanced,0.02,,,"[128, 64]",0.3,completed,False,667.1923468112946,0.5679,0.5121,0.4038,0.349,,,,,,,,,
our_approach,results/our_approach/TabularResNet/constraint_0.5_0.3/lr_lambda_test/lr_5e-05_lambda_combined,TabularResNet,0.5,0.3,5e-05,64,1000,50,0.1,0.1,0.005,combined,0.02,,,"[128, 64]",0.3,completed,False,588.4315271377563,0.5566,0.4768,0.3929,0.3331,,,,,,,,,
our_approach,results/our_approach/TabularResNet/constraint_0.5_0.3/lr_lambda_test/lr_5e-05_lambda_linear,TabularResNet,0.5,0.3,5e-05,64,1000,50,0.1,0.1,0.005,linear,0.02,,,"[128, 64]",0.3,completed,False,909.3330173492432,0.5362,0.5176,0.3811,0.3184,,,,,,,,,
our_approach,results/our_approach/TabularResNet/constraint_0.5_0.3/lr_lambda_test/lr_5e-05_lambda_transfer,TabularResNet,0.5,0.3,5e-05,64,1000,50,0.1,0.1,0.005,transfer,0.02,,,"[128, 64]",0.3,completed,False,625.9502065181732,0.5724,0.5815,0.4122,0.3663,,,,,,,,,
our_approach,results/our_approach/TabularResNet/constraint_0.5_0.3/lr_lambda_test/lr_0.0001_lambda_balanced,TabularResNet,0.5,0.3,0.0001,64,1000,50,0.1,0.1,0.005,balanced,0.02,,,"[128, 64]",0.3,completed,False,1547.922682762146,0.6176,0.5471,0.46,0.4306,,,,,,,,,
our_approach,results/our_approach/TabularResNet/constraint_0.5_0.3/lr_lambda_test/lr_0.0001_lambda_combined,TabularResNet,0.5,0.3,0.0001,64,1000,50,0.1,0.1,0.005,combined,0.02,,,"[128, 64]",0.3,completed,False,477.912006855011,0.5633,0.5919,0.4018,0.3492,,,,,,,,,
our_approach,results/our_approach/TabularResNet/constraint_0.5_0.3/lr_lambda_test/lr_0.0001_lambda_linear,TabularResNet,0.5,0.3,0.0001,64,1000,50,0.1,0.1,0.005,linear,0.02,,,"[128, 64]",0.3,completed,False,408.9641144275665,0.5905,0.6505,0.4356,0.4051,,,,,,,,,
our_approach,results/our_approach/TabularResNet/constraint_0.5_0.3/lr_lambda_test/lr_0.0001_lambda_transfer,TabularResNet,0.5,0.3,0.0001,64,1000,50,0.1,0.1,0.005,transfer,0.02,,,"[128, 64]",0.3,completed,False,419.01721811294556,0.5633,0.5286,0.4028,0.3527,,,,,,,,,
our_approach,results/our_approach/TabularResNet/constraint_0.5_0.3/lr_lambda_test/lr_0.0005_lambda_balanced,TabularResNet,0.5,0.3,0.0005,64,1000,50,0.1,0.1,0.005,balanced,0.02,,,"[128, 64]",0.3,completed,False,144.87886500358582,0.6471,0.6214,0.4988,0.4861,,,,,,,,,
our_approach,results/our_approach/TabularResNet/constraint_0.5_0.3/lr_lambda_test/lr_0.0005_lambda_combined,TabularResNet,0.5,0.3,0.0005,64,1000,50,0.1,0.1,0.005,combined,0.02,,,"[128, 64]",0.3,completed,False,142.1137146949768,0.6697,0.6081,0.5269,0.521,,,,,,,,,
our_approach,results/our_approach/TabularResNet/constraint_0.5_0.3/lr_lambda_test/lr_0.0005_lambda_linear,TabularResNet,0.5,0.3,0.0005,64,1000,50,0.1,0.1,0.005,linear,0.02,,,"[128, 64]",0.3,completed,False,184.40705013275146,0.7127,0.6945,0.5705,0.559,,,,,,,,,
our_approach,results/our_approach/TabularResNet/constraint_0.5_0.3/lr_lambda_test/lr_0.0005_lambda_transfer,TabularResNet,0.5,0.3,0.0005,64,1000,50,0.1,0.1,0.005,transfer,0.02,,,"[128, 64]",0.3,completed,False,142.9001064300537,0.6833,0.6087,0.5335,0.5157,,,,,,,,,
our_approach,results/our_approach/TabularResNet/constraint_0.5_0.3/lr_lambda_test/lr_0.001_lambda_balanced,TabularResNet,0.5,0.3,0.001,64,1000,50,0.1,0.1,0.005,balanced,0.02,,,"[128, 64]",0.3,completed,False,94.2676854133606,0.681,0.5291,0.528,0.496,,,,,,,,,
our_approach,results/our_approach/TabularResNet/constraint_0.5_0.3/lr_lambda_test/lr_0.001_lambda_combined,TabularResNet,0.5,0.3,0.001,64,1000,50,0.1,0.1,0.005,combined,0.02,,,"[128, 64]",0.3,completed,False,92.61618614196777,0.6652,0.6047,0.5082,0.4789,,,,,,,,,
our_approach,results/our_approach/TabularResNet/constraint_0.5_0.3/lr_lambda_test/lr_0.001_lambda_linear,TabularResNet,0.5,0.3,0.001,64,1000,50,0.1,0.1,0.005,linear,0.02,,,"[128, 64]",0.3,completed,False,94.2420392036438,0.69,0.5921,0.5405,0.5232,,,,,,,,,
our_approach,results/our_approach/TabularResNet/constraint_0.5_0.3/lr_lambda_test/lr_0.001_lambda_transfer,TabularResNet,0.5,0.3,0.001,64,1000,50,0.1,0.1,0.005,transfer,0.02,,,"[128, 64]",0.3,completed,False,106.86530780792236,0.6946,0.5519,0.5438,0.5094,,,,,,,,,
our_approach,results/our_approach/TabularResNet/constraint_0.8_0.2/lr_lambda_test/lr_5e-05_lambda_balanced,TabularResNet,0.8,0.2,5e-05,64,1000,50,0.1,0.1,0.005,balanced,0.02,,,"[128, 64]",0.3,completed,False,903.0065219402313,0.552,0.65,0.39,0.3307,,,,,,,,,
our_approach,results/our_approach/TabularResNet/constraint_0.8_0.2/lr_lambda_test/lr_5e-05_lambda_combined,TabularResNet,0.8,0.2,5e-05,64,1000,50,0.1,0.1,0.005,combined,0.02,,,"[128, 64]",0.3,completed,False,1123.6783328056335,0.5543,0.4765,0.3905,0.3305,,,,,,,,,
our_approach,results/our_approach/TabularResNet/constraint_0.8_0.2/lr_lambda_test/lr_5e-05_lambda_linear,TabularResNet,0.8,0.2,5e-05,64,1000,50,0.1,0.1,0.005,linear,0.02,,,"[128, 64]",0.3,completed,False,1091.235209941864,0.5543,0.465,0.3897,0.3272,,,,,,,,,
our_approach,results/our_approach/TabularResNet/constraint_0.8_0.2/lr_lambda_test/lr_5e-05_lambda_transfer,TabularResNet,0.8,0.2,5e-05,64,1000,50,0.1,0.1,0.005,transfer,0.02,,,"[128, 64]",0.3,completed,False,1119.9455995559692,0.5362,0.4894,0.3717,0.2996,,,,,,,,,
our_approach,results/our_approach/TabularResNet/constraint_0.8_0.2/lr_lambda_test/lr_0.0001_lambda_balanced,TabularResNet,0.8,0.2,0.0001,64,1000,50,0.1,0.1,0.005,balanced,0.02,,,"[128, 64]",0.3,completed,False,481.53295373916626,0.5837,0.4923,0.421,0.3746,,,,,,,,,
our_approach,results/our_approach/TabularResNet/constraint_0.8_0.2/lr_lambda_test/lr_0.0001_lambda_combined,TabularResNet,0.8,0.2,0.0001,64,1000,50,0.1,0.1,0.005,combined,0.02,,,"[128, 64]",0.3,completed,False,603.3840594291687,0.5701,0.5302,0.4098,0.3617,,,,,,,,,
our_approach,results/our_approach/TabularResNet/constraint_0.8_0.2/lr_lambda_test/lr_0.0001_lambda_linear,TabularResNet,0.8,0.2,0.0001,64,1000,50,0.1,0.1,0.005,linear,0.02,,,"[128, 64]",0.3,completed,False,669.668172121048,0.5611,0.6455,0.3994,0.3453,,,,,,,,,
our_approach,results/our_approach/TabularResNet/constraint_0.8_0.2/lr_lambda_test/lr_0.0001_lambda_transfer,TabularResNet,0.8,0.2,0.0001,64,1000,50,0.1,0.1,0.005,transfer,0.02,,,"[128, 64]",0.3,completed,False,663.7671670913696,0.5701,0.6185,0.4117,0.3672,,,,,,,,,
our_approach,results/our_approach/TabularResNet/constraint_0.8_0.2/lr_lambda_test/lr_0.0005_lambda_balanced,TabularResNet,0.8,0.2,0.0005,64,1000,50,0.1,0.1,0.005,balanced,0.02,,,"[128, 64]",0.3,completed,False,163.82755827903748,0.5792,0.6159,0.4201,0.3767,,,,,,,,,
our_approach,results/our_approach/TabularResNet/constraint_0.8_0.2/lr_lambda_test/lr_0.0005_lambda_combined,TabularResNet,0.8,0.2,0.0005,64,1000,50,0.1,0.1,0.005,combined,0.02,,,"[128, 64]",0.3,completed,False,159.99091291427612,0.586,0.6901,0.4346,0.4068,,,,,,,,,
our_approach,results/our_approach/TabularResNet/constraint_0.8_0.2/lr_lambda_test/lr_0.0005_lambda_linear,TabularResNet,0.8,0.2,0.0005,64,1000,50,0.1,0.1,0.005,linear,0.02,,,"[128, 64]",0.3,completed,False,203.60408878326416,0.6335,0.6113,0.4793,0.4596,,,,,,,,,
our_approach,results/our_approach/TabularResNet/constraint_0.8_0.2/lr_lambda_test/lr_0.0005_lambda_transfer,TabularResNet,0.8,0.2,0.0005,64,1000,50,0.1,0.1,0.005,transfer,0.02,,,"[128, 64]",0.3,completed,False,171.87791466712952,0.6674,0.573,0.5125,0.4904,,,,,,,,,
our_approach,results/our_approach/TabularResNet/constraint_0.8_0.2/lr_lambda_test/lr_0.001_lambda_balanced,TabularResNet,0.8,0.2,0.001,64,1000,50,0.1,0.1,0.005,balanced,0.02,,,"[128, 64]",0.3,completed,False,124.34960198402405,0.638,0.6623,0.4923,0.4845,,,,,,,,,
our_approach,results/our_approach/TabularResNet/constraint_0.8_0.2/lr_lambda_test/lr_0.001_lambda_combined,TabularResNet,0.8,0.2,0.001,64,1000,50,0.1,0.1,0.005,combined,0.02,,,"[128, 64]",0.3,completed,False,144.83358812332153,0.6041,0.6474,0.4553,0.4361,,,,,,,,,
our_approach,results/our_approach/TabularResNet/constraint_0.8_0.2/lr_lambda_test/lr_0.001_lambda_linear,TabularResNet,0.8,0.2,0.001,64,1000,50,0.1,0.1,0.005,linear,0.02,,,"[128, 64]",0.3,completed,False,126.19584274291992,0.6652,0.6686,0.513,0.4964,,,,,,,,,
our_approach,results/our_approach/TabularResNet/constraint_0.8_0.2/lr_lambda_test/lr_0.001_lambda_transfer,TabularResNet,0.8,0.2,0.001,64,1000,50,0.1,0.1,0.005,transfer,0.02,,,"[128, 64]",0.3,completed,False,112.30388689041138,0.6403,0.4841,0.4797,0.4443,,,,,,,,,
our_approach,results/our_approach/TabularResNet/constraint_0.9_0.8/lr_lambda_test/lr_5e-05_lambda_balanced,TabularResNet,0.9,0.8,5e-05,64,1000,50,0.1,0.1,0.005,balanced,0.02,,,"[128, 64]",0.3,completed,False,140.14564490318298,0.7262,0.6874,0.6033,0.6125,,,,,,,,,
our_approach,results/our_approach/TabularResNet/constraint_0.9_0.8/lr_lambda_test/lr_5e-05_lambda_combined,TabularResNet,0.9,0.8,5e-05,64,1000,50,0.1,0.1,0.005,combined,0.02,,,"[128, 64]",0.3,completed,False,207.20743441581726,0.69,0.6282,0.5536,0.5526,,,,,,,,,
our_approach,results/our_approach/TabularResNet/constraint_0.9_0.8/lr_lambda_test/lr_5e-05_lambda_linear,TabularResNet,0.9,0.8,5e-05,64,1000,50,0.1,0.1,0.005,linear,0.02,,,"[128, 64]",0.3,completed,False,185.56774520874023,0.7217,0.6627,0.5923,0.5975,,,,,,,,,
our_approach,results/our_approach/TabularResNet/constraint_0.9_0.8/lr_lambda_test/lr_5e-05_lambda_transfer,TabularResNet,0.9,0.8,5e-05,64,1000,50,0.1,0.1,0.005,transfer,0.02,,,"[128, 64]",0.3,completed,False,167.86042594909668,0.7104,0.6527,0.5793,0.5808,,,,,,,,,
our_approach,results/our_approach/TabularResNet/constraint_0.9_0.8/lr_lambda_test/lr_0.0001_lambda_balanced,TabularResNet,0.9,0.8,0.0001,64,1000,50,0.1,0.1,0.005,balanced,0.02,,,"[128, 64]",0.3,completed,False,270.1437134742737,0.7217,0.6442,0.5919,0.5934,,,,,,,,,
our_approach,results/our_approach/TabularResNet/constraint_0.9_0.8/lr_lambda_test/lr_0.0001_lambda_combined,TabularResNet,0.9,0.8,0.0001,64,1000,50,0.1,0.1,0.005,combined,0.02,,,"[128, 64]",0.3,completed,False,127.4338014125824,0.7217,0.6798,0.6086,0.6206,,,,,,,,,
our_approach,results/our_approach/TabularResNet/constraint_0.9_0.8/lr_lambda_test/lr_0.0001_lambda_linear,TabularResNet,0.9,0.8,0.0001,64,1000,50,0.1,0.1,0.005,linear,0.02,,,"[128, 64]",0.3,completed,False,181.13630533218384,0.7217,0.6656,0.5948,0.5997,,,,,,,,,
our_approach,results/our_approach/TabularResNet/constraint_0.9_0.8/lr_lambda_test/lr_0.0001_lambda_transfer,TabularResNet,0.9,0.8,0.0001,64,1000,50,0.1,0.1,0.005,transfer,0.02,,,"[128, 64]",0.3,completed,False,227.972496509552,0.7059,0.659,0.5665,0.5651,,,,,,,,,
our_approach,results/our_approach/TabularResNet/constraint_0.9_0.8/lr_lambda_test/lr_0.0005_lambda_balanced,TabularResNet,0.9,0.8,0.0005,64,1000,50,0.1,0.1,0.005,balanced,0.02,,,"[128, 64]",0.3,completed,False,71.60888886451721,0.733,0.7037,0.6259,0.6413,,,,,,,,,
our_approach,results/our_approach/TabularResNet/constraint_0.9_0.8/lr_lambda_test/lr_0.0005_lambda_combined,TabularResNet,0.9,0.8,0.0005,64,1000,50,0.1,0.1,0.005,combined,0.02,,,"[128, 64]",0.3,completed,False,68.49320554733276,0.7217,0.6834,0.6086,0.621,,,,,,,,,
our_approach,results/our_approach/TabularResNet/constraint_0.9_0.8/lr_lambda_test/lr_0.0005_lambda_linear,TabularResNet,0.9,0.8,0.0005,64,1000,50,0.1,0.1,0.005,linear,0.02,,,"[128, 64]",0.3,completed,False,68.17852878570557,0.7398,0.7141,0.6319,0.648,,,,,,,,,
our_approach,results/our_approach/TabularResNet/constraint_0.9_0.8/lr_lambda_test/lr_0.0005_lambda_transfer,TabularResNet,0.9,0.8,0.0005,64,1000,50,0.1,0.1,0.005,transfer,0.02,,,"[128, 64]",0.3,completed,False,47.45884919166565,0.7466,0.7285,0.6512,0.6695,,,,,,,,,
our_approach,results/our_approach/TabularResNet/constraint_0.9_0.8/lr_lambda_test/lr_0.001_lambda_balanced,TabularResNet,0.9,0.8,0.001,64,1000,50,0.1,0.1,0.005,balanced,0.02,,,"[128, 64]",0.3,completed,False,46.17450976371765,0.7353,0.7076,0.6308,0.6467,,,,,,,,,
our_approach,results/our_approach/TabularResNet/constraint_0.9_0.8/lr_lambda_test/lr_0.001_lambda_combined,TabularResNet,0.9,0.8,0.001,64,1000,50,0.1,0.1,0.005,combined,0.02,,,"[128, 64]",0.3,completed,False,39.00871515274048,0.7353,0.6919,0.6299,0.6429,,,,,,,,,
our_approach,results/our_approach/TabularResNet/constraint_0.9_0.8/lr_lambda_test/lr_0.001_lambda_linear,TabularResNet,0.9,0.8,0.001,64,1000,50,0.1,0.1,0.005,linear,0.02,,,"[128, 64]",0.3,completed,False,51.218700647354126,0.7308,0.6787,0.6188,0.6296,,,,,,,,,
our_approach,results/our_approach/TabularResNet/constraint_0.9_0.8/lr_lambda_test/lr_0.001_lambda_transfer,TabularResNet,0.9,0.8,0.001,64,1000,50,0.1,0.1,0.005,transfer,0.02,,,"[128, 64]",0.3,completed,False,44.31486940383911,0.7421,0.7135,0.6416,0.6577,,,,,,,,,
saturated_approach,results/saturated_approach/BasicNN/constraint_0.5_0.3/lr_lambda_test/lr_5e-05_lambda_balanced,BasicNN,0.5,0.3,5e-05,64,1000,50,0.1,0.1,0.005,balanced,0.02,,,"[128, 64]",0.3,completed,,,0.6086,0.6498,0.4683,0.4567,,,,,,,,,
saturated_approach,results/saturated_approach/BasicNN/constraint_0.5_0.3/lr_lambda_test/lr_5e-05_lambda_combined,BasicNN,0.5,0.3,5e-05,64,1000,50,0.1,0.1,0.005,combined,0.02,,,"[128, 64]",0.3,completed,,,0.6018,0.6211,0.4583,0.4426,,,,,,,,,
saturated_approach,results/saturated_approach/BasicNN/constraint_0.5_0.3/lr_lambda_test/lr_5e-05_lambda_linear,BasicNN,0.5,0.3,5e-05,64,1000,50,0.1,0.1,0.005,linear,0.02,,,"[128, 64]",0.3,completed,,,0.6086,0.6505,0.4672,0.4563,,,,,,,,,
saturated_approach,results/saturated_approach/BasicNN/constraint_0.5_0.3/lr_lambda_test/lr_5e-05_lambda_transfer,BasicNN,0.5,0.3,5e-05,64,1000,50,0.1,0.1,0.005,transfer,0.02,,,"[128, 64]",0.3,completed,,,0.6131,0.6783,0.4757,0.4693,,,,,,,,,
saturated_approach,results/saturated_approach/BasicNN/constraint_0.5_0.3/lr_lambda_test/lr_0.0001_lambda_balanced,BasicNN,0.5,0.3,0.0001,64,1000,50,0.1,0.1,0.005,balanced,0.02,,,"[128, 64]",0.3,completed,,,0.5995,0.5805,0.4497,0.4258,,,,,,,,,
saturated_approach,results/saturated_approach/BasicNN/constraint_0.5_0.3/lr_lambda_test/lr_0.0001_lambda_combined,BasicNN,0.5,0.3,0.0001,64,1000,50,0.1,0.1,0.005,combined,0.02,,,"[128, 64]",0.3,completed,,,0.6109,0.6644,0.4715,0.4628,,,,,,,,,
saturated_approach,results/saturated_approach/BasicNN/constraint_0.5_0.3/lr_lambda_test/lr_0.0001_lambda_linear,BasicNN,0.5,0.3,0.0001,64,1000,50,0.1,0.1,0.005,linear,0.02,,,"[128, 64]",0.3,completed,,,0.5995,0.6195,0.4579,0.4419,,,,,,,,,
saturated_approach,results/saturated_approach/BasicNN/constraint_0.5_0.3/lr_lambda_test/lr_0.0001_lambda_transfer,BasicNN,0.5,0.3,0.0001,64,1000,50,0.1,0.1,0.005,transfer,0.02,,,"[128, 64]",0.3,completed,,,0.6109,0.6835,0.476,0.471,,,,,,,,,
saturated_approach,results/saturated_approach/BasicNN/constraint_0.5_0.3/lr_lambda_test/lr_0.0005_lambda_balanced,BasicNN,0.5,0.3,0.0005,64,1000,50,0.1,0.1,0.005,balanced,0.02,,,"[128, 64]",0.3,completed,,,0.6109,0.6149,0.4686,0.4566,,,,,,,,,
saturated_approach,results/saturated_approach/BasicNN/constraint_0.5_0.3/lr_lambda_test/lr_0.0005_lambda_combined,BasicNN,0.5,0.3,0.0005,64,1000,50,0.1,0.1,0.005,combined,0.02,,,"[128, 64]",0.3,completed,,,0.6154,0.6348,0.4734,0.4626,,,,,,,,,
saturated_approach,results/saturated_approach/BasicNN/constraint_0.5_0.3/lr_lambda_test/lr_0.0005_lambda_linear,BasicNN,0.5,0.3,0.0005,64,1000,50,0.1,0.1,0.005,linear,0.02,,,"[128, 64]",0.3,completed,,,0.6041,0.616,0.4588,0.443,,,,,,,,,
saturated_approach,results/saturated_approach/BasicNN/constraint_0.5_0.3/lr_lambda_test/lr_0.0005_lambda_transfer,BasicNN,0.5,0.3,0.0005,64,1000,50,0.1,0.1,0.005,transfer,0.02,,,"[128, 64]",0.3,completed,,,0.6312,0.6854,0.5007,0.5044,,,,,,,,,
saturated_approach,results/saturated_approach/BasicNN/constraint_0.5_0.3/lr_lambda_test/lr_0.001_lambda_balanced,BasicNN,0.5,0.3,0.001,64,1000,50,0.1,0.1,0.005,balanced,0.02,,,"[128, 64]",0.3,completed,,,0.6063,0.655,0.4686,0.4585,,,,,,,,,
saturated_approach,results/saturated_approach/BasicNN/constraint_0.5_0.3/lr_lambda_test/lr_0.001_lambda_combined,BasicNN,0.5,0.3,0.001,64,1000,50,0.1,0.1,0.005,combined,0.02,,,"[128, 64]",0.3,completed,,,0.6086,0.6566,0.4691,0.4592,,,,,,,,,
saturated_approach,results/saturated_approach/BasicNN/constraint_0.5_0.3/lr_lambda_test/lr_0.001_lambda_linear,BasicNN,0.5,0.3,0.001,64,1000,50,0.1,0.1,0.005,linear,0.02,,,"[128, 64]",0.3,completed,,,0.5995,0.6072,0.456,0.4387,,,,,,,,,
saturated_approach,results/saturated_approach/BasicNN/constraint_0.5_0.3/lr_lambda_test/lr_0.001_lambda_transfer,BasicNN,0.5,0.3,0.001,64,1000,50,0.1,0.1,0.005,transfer,0.02,,,"[128, 64]",0.3,completed,,,0.6086,0.6628,0.471,0.4621,,,,,,,,,
saturated_approach,results/saturated_approach/BasicNN/constraint_0.8_0.2/lr_lambda_test/lr_5e-05_lambda_balanced,BasicNN,0.8,0.2,5e-05,64,1000,50,0.1,0.1,0.005,balanced,0.02,,,"[128, 64]",0.3,completed,,,0.6833,0.6698,0.5426,0.5388,,,,,,,,,
saturated_approach,results/saturated_approach/BasicNN/constraint_0.8_0.2/lr_lambda_test/lr_5e-05_lambda_combined,BasicNN,0.8,0.2,5e-05,64,1000,50,0.1,0.1,0.005,combined,0.02,,,"[128, 64]",0.3,completed,,,0.6493,0.6345,0.503,0.4931,,,,,,,,,
saturated_approach,results/saturated_approach/BasicNN/constraint_0.8_0.2/lr_lambda_test/lr_5e-05_lambda_linear,BasicNN,0.8,0.2,5e-05,64,1000,50,0.1,0.1,0.005,linear,0.02,,,"[128, 64]",0.3,completed,,,0.6267,0.6964,0.486,0.4811,,,,,,,,,
saturated_approach,results/saturated_approach/BasicNN/constraint_0.8_0.2/lr_lambda_test/lr_5e-05_lambda_transfer,BasicNN,0.8,0.2,5e-05,64,1000,50,0.1,0.1,0.005,transfer,0.02,,,"[128, 64]",0.3,completed,,,0.586,0.6508,0.44,0.4173,,,,,,,,,
saturated_approach,results/saturated_approach/BasicNN/constraint_0.8_0.2/lr_lambda_test/lr_0.0001_lambda_balanced,BasicNN,0.8,0.2,0.0001,64,1000,50,0.1,0.1,0.005,balanced,0.02,,,"[128, 64]",0.3,completed,,,0.5724,0.6219,0.4241,0.3927,,,,,,,,,
saturated_approach,results/saturated_approach/BasicNN/constraint_0.8_0.2/lr_lambda_test/lr_0.0001_lambda_combined,BasicNN,0.8,0.2,0.0001,64,1000,50,0.1,0.1,0.005,combined,0.02,,,"[128, 64]",0.3,completed,,,0.5995,0.6912,0.4579,0.4445,,,,,,,,,
saturated_approach,results/saturated_approach/BasicNN/constraint_0.8_0.2/lr_lambda_test/lr_0.0001_lambda_linear,BasicNN,0.8,0.2,0.0001,64,1000,50,0.1,0.1,0.005,linear,0.02,,,"[128, 64]",0.3,completed,,,0.5814,0.667,0.4372,0.4139,,,,,,,,,
saturated_approach,results/saturated_approach/BasicNN/constraint_0.8_0.2/lr_lambda_test/lr_0.0001_lambda_transfer,BasicNN,0.8,0.2,0.0001,64,1000,50,0.1,0.1,0.005,transfer,0.02,,,"[128, 64]",0.3,completed,,,0.5656,0.626,0.417,0.3819,,,,,,,,,
saturated_approach,results/saturated_approach/BasicNN/constraint_0.8_0.2/lr_lambda_test/lr_0.0005_lambda_balanced,BasicNN,0.8,0.2,0.0005,64,1000,50,0.1,0.1,0.005,balanced,0.02,,,"[128, 64]",0.3,completed,,,0.5814,0.6157,0.4351,0.4109,,,,,,,,,
saturated_approach,results/saturated_approach/BasicNN/constraint_0.8_0.2/lr_lambda_test/lr_0.0005_lambda_combined,BasicNN,0.8,0.2,0.0005,64,1000,50,0.1,0.1,0.005,combined,0.02,,,"[128, 64]",0.3,completed,,,0.5747,0.7026,0.431,0.4067,,,,,,,,,
saturated_approach,results/saturated_approach/BasicNN/constraint_0.8_0.2/lr_lambda_test/lr_0.0005_lambda_linear,BasicNN,0.8,0.2,0.0005,64,1000,50,0.1,0.1,0.005,linear,0.02,,,"[128, 64]",0.3,completed,,,0.5792,0.636,0.4328,0.4084,,,,,,,,,
saturated_approach,results/saturated_approach/BasicNN/constraint_0.8_0.2/lr_lambda_test/lr_0.0005_lambda_transfer,BasicNN,0.8,0.2,0.0005,64,1000,50,0.1,0.1,0.005,transfer,0.02,,,"[128, 64]",0.3,completed,,,0.5837,0.6963,0.4414,0.4212,,,,,,,,,
saturated_approach,results/saturated_approach/BasicNN/constraint_0.8_0.2/lr_lambda_test/lr_0.001_lambda_balanced,BasicNN,0.8,0.2,0.001,64,1000,50,0.1,0.1,0.005,balanced,0.02,,,"[128, 64]",0.3,completed,,,0.5769,0.6918,0.4344,0.4104,,,,,,,,,
saturated_approach,results/saturated_approach/BasicNN/constraint_0.8_0.2/lr_lambda_test/lr_0.001_lambda_combined,BasicNN,0.8,0.2,0.001,64,1000,50,0.1,0.1,0.005,combined,0.02,,,"[128, 64]",0.3,completed,,,0.5769,0.683,0.4306,0.4044,,,,,,,,,
saturated_approach,results/saturated_approach/BasicNN/constraint_0.8_0.2/lr_lambda_test/lr_0.001_lambda_linear,BasicNN,0.8,0.2,0.001,64,1000,50,0.1,0.1,0.005,linear,0.02,,,"[128, 64]",0.3,completed,,,0.5724,0.6996,0.4305,0.4058,,,,,,,,,
saturated_approach,results/saturated_approach/BasicNN/constraint_0.8_0.2/lr_lambda_test/lr_0.001_lambda_transfer,BasicNN,0.8,0.2,0.001,64,1000,50,0.1,0.1,0.005,transfer,0.02,,,"[128, 64]",0.3,completed,,,0.5769,0.6991,0.4346,0.4083,,,,,,,,,
saturated_approach,results/saturated_approach/BasicNN/constraint_0.9_0.8/lr_lambda_test/lr_5e-05_lambda_balanced,BasicNN,0.9,0.8,5e-05,64,1000,50,0.1,0.1,0.005,balanced,0.02,,,"[128, 64]",0.3,completed,,,0.733,0.661,0.6326,0.64,,,,,,,,,
saturated_approach,results/saturated_approach/BasicNN/constraint_0.9_0.8/lr_lambda_test/lr_5e-05_lambda_combined,BasicNN,0.9,0.8,5e-05,64,1000,50,0.1,0.1,0.005,combined,0.02,,,"[128, 64]",0.3,completed,,,0.7376,0.6625,0.6358,0.6424,,,,,,,,,
saturated_approach,results/saturated_approach/BasicNN/constraint_0.9_0.8/lr_lambda_test/lr_5e-05_lambda_linear,BasicNN,0.9,0.8,5e-05,64,1000,50,0.1,0.1,0.005,linear,0.02,,,"[128, 64]",0.3,completed,,,0.7489,0.6888,0.6576,0.6668,,,,,,,,,
saturated_approach,results/saturated_approach/BasicNN/constraint_0.9_0.8/lr_lambda_test/lr_5e-05_lambda_transfer,BasicNN,0.9,0.8,5e-05,64,1000,50,0.1,0.1,0.005,transfer,0.02,,,"[128, 64]",0.3,completed,,,0.7308,0.6621,0.633,0.6408,,,,,,,,,
saturated_approach,results/saturated_approach/BasicNN/constraint_0.9_0.8/lr_lambda_test/lr_0.0001_lambda_balanced,BasicNN,0.9,0.8,0.0001,64,1000,50,0.1,0.1,0.005,balanced,0.02,,,"[128, 64]",0.3,completed,,,0.7376,0.6843,0.6502,0.6603,,,,,,,,,
saturated_approach,results/saturated_approach/BasicNN/constraint_0.9_0.8/lr_lambda_test/lr_0.0001_lambda_combined,BasicNN,0.9,0.8,0.0001,64,1000,50,0.1,0.1,0.005,combined,0.02,,,"[128, 64]",0.3,completed,,,0.7489,0.6899,0.6567,0.6663,,,,,,,,,
saturated_approach,results/saturated_approach/BasicNN/constraint_0.9_0.8/lr_lambda_test/lr_0.0001_lambda_linear,BasicNN,0.9,0.8,0.0001,64,1000,50,0.1,0.1,0.005,linear,0.02,,,"[128, 64]",0.3,completed,,,0.7398,0.6832,0.6499,0.6595,,,,,,,,,
saturated_approach,results/saturated_approach/BasicNN/constraint_0.9_0.8/lr_lambda_test/lr_0.0001_lambda_transfer,BasicNN,0.9,0.8,0.0001,64,1000,50,0.1,0.1,0.005,transfer,0.02,,,"[128, 64]",0.3,completed,,,0.7285,0.6534,0.6271,0.6336,,,,,,,,,
saturated_approach,results/saturated_approach/BasicNN/constraint_0.9_0.8/lr_lambda_test/lr_0.0005_lambda_balanced,BasicNN,0.9,0.8,0.0005,64,1000,50,0.1,0.1,0.005,balanced,0.02,,,"[128, 64]",0.3,completed,,,0.7466,0.6853,0.6536,0.6624,,,,,,,,,
saturated_approach,results/saturated_approach/BasicNN/constraint_0.9_0.8/lr_lambda_test/lr_0.0005_lambda_combined,BasicNN,0.9,0.8,0.0005,64,1000,50,0.1,0.1,0.005,combined,0.02,,,"[128, 64]",0.3,completed,,,0.7489,0.694,0.6595,0.6696,,,,,,,,,
saturated_approach,results/saturated_approach/BasicNN/constraint_0.9_0.8/lr_lambda_test/lr_0.0005_lambda_linear,BasicNN,0.9,0.8,0.0005,64,1000,50,0.1,0.1,0.005,linear,0.02,,,"[128, 64]",0.3,completed,,,0.7489,0.7004,0.664,0.675,,,,,,,,,
saturated_approach,results/saturated_approach/BasicNN/constraint_0.9_0.8/lr_lambda_test/lr_0.0005_lambda_transfer,BasicNN,0.9,0.8,0.0005,64,1000,50,0.1,0.1,0.005,transfer,0.02,,,"[128, 64]",0.3,completed,,,0.7398,0.6816,0.649,0.6583,,,,,,,,,
saturated_approach,results/saturated_approach/BasicNN/constraint_0.9_0.8/lr_lambda_test/lr_0.001_lambda_balanced,BasicNN,0.9,0.8,0.001,64,1000,50,0.1,0.1,0.005,balanced,0.02,,,"[128, 64]",0.3,completed,,,0.7511,0.7033,0.6664,0.6776,,,,,,,,,
saturated_approach,results/saturated_approach/BasicNN/constraint_0.9_0.8/lr_lambda_test/lr_0.001_lambda_combined,BasicNN,0.9,0.8,0.001,64,1000,50,0.1,0.1,0.005,combined,0.02,,,"[128, 64]",0.3,completed,,,0.7557,0.7075,0.6702,0.6816,,,,,,,,,
saturated_approach,results/saturated_approach/BasicNN/constraint_0.9_0.8/lr_lambda_test/lr_0.001_lambda_linear,BasicNN,0.9,0.8,0.001,64,1000,50,0.1,0.1,0.005,linear,0.02,,,"[128, 64]",0.3,completed,,,0.7489,0.7027,0.6659,0.6771,,,,,,,,,
saturated_approach,results/saturated_approach/BasicNN/constraint_0.9_0.8/lr_lambda_test/lr_0.001_lambda_transfer,BasicNN,0.9,0.8,0.001,64,1000,50,0.1,0.1,0.005,transfer,0.02,,,"[128, 64]",0.3,completed,,,0.7443,0.6978,0.661,0.6723,,,,,,,,,
saturated_approach,results/saturated_approach/FTTransformer/constraint_0.5_0.3/lr_lambda_test/lr_5e-05_lambda_balanced,FTTransformer,0.5,0.3,5e-05,64,1000,50,0.1,0.1,0.005,balanced,0.02,,,"[128, 64]",0.3,completed,,,0.5973,0.6316,0.4591,0.4461,,,,,,,,,
saturated_approach,results/saturated_approach/FTTransformer/constraint_0.5_0.3/lr_lambda_test/lr_5e-05_lambda_combined,FTTransformer,0.5,0.3,5e-05,64,1000,50,0.1,0.1,0.005,combined,0.02,,,"[128, 64]",0.3,completed,,,0.5769,0.5311,0.4286,0.3994,,,,,,,,,
saturated_approach,results/saturated_approach/FTTransformer/constraint_0.5_0.3/lr_lambda_test/lr_5e-05_lambda_linear,FTTransformer,0.5,0.3,5e-05,64,1000,50,0.1,0.1,0.005,linear,0.02,,,"[128, 64]",0.3,completed,,,0.6041,0.6231,0.4632,0.452,,,,,,,,,
saturated_approach,results/saturated_approach/FTTransformer/constraint_0.5_0.3/lr_lambda_test/lr_5e-05_lambda_transfer,FTTransformer,0.5,0.3,5e-05,64,1000,50,0.1,0.1,0.005,transfer,0.02,,,"[128, 64]",0.3,completed,,,0.6063,0.6246,0.4657,0.4537,,,,,,,,,
saturated_approach,results/saturated_approach/FTTransformer/constraint_0.5_0.3/lr_lambda_test/lr_0.0001_lambda_balanced,FTTransformer,0.5,0.3,0.0001,64,1000,50,0.1,0.1,0.005,balanced,0.02,,,"[128, 64]",0.3,completed,,,0.5837,0.582,0.4429,0.4236,,,,,,,,,
saturated_approach,results/saturated_approach/FTTransformer/constraint_0.5_0.3/lr_lambda_test/lr_0.0001_lambda_combined,FTTransformer,0.5,0.3,0.0001,64,1000,50,0.1,0.1,0.005,combined,0.02,,,"[128, 64]",0.3,completed,,,0.5837,0.592,0.4458,0.427,,,,,,,,,
saturated_approach,results/saturated_approach/FTTransformer/constraint_0.5_0.3/lr_lambda_test/lr_0.0001_lambda_linear,FTTransformer,0.5,0.3,0.0001,64,1000,50,0.1,0.1,0.005,linear,0.02,,,"[128, 64]",0.3,completed,,,0.5995,0.6338,0.4614,0.4495,,,,,,,,,
saturated_approach,results/saturated_approach/FTTransformer/constraint_0.5_0.3/lr_lambda_test/lr_0.0001_lambda_transfer,FTTransformer,0.5,0.3,0.0001,64,1000,50,0.1,0.1,0.005,transfer,0.02,,,"[128, 64]",0.3,completed,,,0.5973,0.6056,0.4536,0.4354,,,,,,,,,
saturated_approach,results/saturated_approach/FTTransformer/constraint_0.5_0.3/lr_lambda_test/lr_0.0005_lambda_balanced,FTTransformer,0.5,0.3,0.0005,64,1000,50,0.1,0.1,0.005,balanced,0.02,,,"[128, 64]",0.3,completed,,,0.5633,0.5121,0.4178,0.3877,,,,,,,,,
saturated_approach,results/saturated_approach/FTTransformer/constraint_0.5_0.3/lr_lambda_test/lr_0.0005_lambda_combined,FTTransformer,0.5,0.3,0.0005,64,1000,50,0.1,0.1,0.005,combined,0.02,,,"[128, 64]",0.3,completed,,,0.5679,0.5543,0.4269,0.4052,,,,,,,,,
saturated_approach,results/saturated_approach/FTTransformer/constraint_0.5_0.3/lr_lambda_test/lr_0.0005_lambda_linear,FTTransformer,0.5,0.3,0.0005,64,1000,50,0.1,0.1,0.005,linear,0.02,,,"[128, 64]",0.3,completed,,,0.5679,0.5666,0.4307,0.411,,,,,,,,,
saturated_approach,results/saturated_approach/FTTransformer/constraint_0.5_0.3/lr_lambda_test/lr_0.0005_lambda_transfer,FTTransformer,0.5,0.3,0.0005,64,1000,50,0.1,0.1,0.005,transfer,0.02,,,"[128, 64]",0.3,completed,,,0.5317,0.4661,0.3915,0.3592,,,,,,,,,
saturated_approach,results/saturated_approach/FTTransformer/constraint_0.5_0.3/lr_lambda_test/lr_0.001_lambda_balanced,FTTransformer,0.5,0.3,0.001,64,1000,50,0.1,0.1,0.005,balanced,0.02,,,"[128, 64]",0.3,completed,,,0.6041,0.6679,0.4688,0.4623,,,,,,,,,
saturated_approach,results/saturated_approach/FTTransformer/constraint_0.5_0.3/lr_lambda_test/lr_0.001_lambda_combined,FTTransformer,0.5,0.3,0.001,64,1000,50,0.1,0.1,0.005,combined,0.02,,,"[128, 64]",0.3,completed,,,0.6041,0.6159,0.458,0.4409,,,,,,,,,
saturated_approach,results/saturated_approach/FTTransformer/constraint_0.5_0.3/lr_lambda_test/lr_0.001_lambda_linear,FTTransformer,0.5,0.3,0.001,64,1000,50,0.1,0.1,0.005,linear,0.02,,,"[128, 64]",0.3,completed,,,0.5905,0.6022,0.4501,0.4325,,,,,,,,,
saturated_approach,results/saturated_approach/FTTransformer/constraint_0.5_0.3/lr_lambda_test/lr_0.001_lambda_transfer,FTTransformer,0.5,0.3,0.001,64,1000,50,0.1,0.1,0.005,transfer,0.02,,,"[128, 64]",0.3,completed,,,0.6041,0.6617,0.4669,0.4594,,,,,,,,,
saturated_approach,results/saturated_approach/FTTransformer/constraint_0.8_0.2/lr_lambda_test/lr_5e-05_lambda_balanced,FTTransformer,0.8,0.2,5e-05,64,1000,50,0.1,0.1,0.005,balanced,0.02,,,"[128, 64]",0.3,completed,,,0.5633,0.6077,0.4164,0.3831,,,,,,,,,
saturated_approach,results/saturated_approach/FTTransformer/constraint_0.8_0.2/lr_lambda_test/lr_5e-05_lambda_combined,FTTransformer,0.8,0.2,5e-05,64,1000,50,0.1,0.1,0.005,combined,0.02,,,"[128, 64]",0.3,completed,,,0.5588,0.5552,0.4044,0.3611,,,,,,,,,
saturated_approach,results/saturated_approach/FTTransformer/constraint_0.8_0.2/lr_lambda_test/lr_5e-05_lambda_linear,FTTransformer,0.8,0.2,5e-05,64,1000,50,0.1,0.1,0.005,linear,0.02,,,"[128, 64]",0.3,completed,,,0.5701,0.6098,0.4163,0.3779,,,,,,,,,
saturated_approach,results/saturated_approach/FTTransformer/constraint_0.8_0.2/lr_lambda_test/lr_5e-05_lambda_transfer,FTTransformer,0.8,0.2,5e-05,64,1000,50,0.1,0.1,0.005,transfer,0.02,,,"[128, 64]",0.3,completed,,,0.5724,0.6396,0.4224,0.388,,,,,,,,,
saturated_approach,results/saturated_approach/FTTransformer/constraint_0.8_0.2/lr_lambda_test/lr_0.0001_lambda_balanced,FTTransformer,0.8,0.2,0.0001,64,1000,50,0.1,0.1,0.005,balanced,0.02,,,"[128, 64]",0.3,completed,,,0.5995,0.6513,0.4524,0.4326,,,,,,,,,
saturated_approach,results/saturated_approach/FTTransformer/constraint_0.8_0.2/lr_lambda_test/lr_0.0001_lambda_combined,FTTransformer,0.8,0.2,0.0001,64,1000,50,0.1,0.1,0.005,combined,0.02,,,"[128, 64]",0.3,completed,,,0.5792,0.6732,0.4305,0.4,,,,,,,,,
saturated_approach,results/saturated_approach/FTTransformer/constraint_0.8_0.2/lr_lambda_test/lr_0.0001_lambda_linear,FTTransformer,0.8,0.2,0.0001,64,1000,50,0.1,0.1,0.005,linear,0.02,,,"[128, 64]",0.3,completed,,,0.5747,0.6515,0.4247,0.3919,,,,,,,,,
saturated_approach,results/saturated_approach/FTTransformer/constraint_0.8_0.2/lr_lambda_test/lr_0.0001_lambda_transfer,FTTransformer,0.8,0.2,0.0001,64,1000,50,0.1,0.1,0.005,transfer,0.02,,,"[128, 64]",0.3,completed,,,0.5611,0.5644,0.4059,0.362,,,,,,,,,
saturated_approach,results/saturated_approach/FTTransformer/constraint_0.8_0.2/lr_lambda_test/lr_0.0005_lambda_balanced,FTTransformer,0.8,0.2,0.0005,64,1000,50,0.1,0.1,0.005,balanced,0.02,,,"[128, 64]",0.3,completed,,,0.5543,0.6086,0.4097,0.374,,,,,,,,,
saturated_approach,results/saturated_approach/FTTransformer/constraint_0.8_0.2/lr_lambda_test/lr_0.0005_lambda_combined,FTTransformer,0.8,0.2,0.0005,64,1000,50,0.1,0.1,0.005,combined,0.02,,,"[128, 64]",0.3,completed,,,0.5452,0.5342,0.3947,0.349,,,,,,,,,
saturated_approach,results/saturated_approach/FTTransformer/constraint_0.8_0.2/lr_lambda_test/lr_0.0005_lambda_linear,FTTransformer,0.8,0.2,0.0005,64,1000,50,0.1,0.1,0.005,linear,0.02,,,"[128, 64]",0.3,completed,,,0.5271,0.4433,0.3738,0.3171,,,,,,,,,
saturated_approach,results/saturated_approach/FTTransformer/constraint_0.8_0.2/lr_lambda_test/lr_0.0005_lambda_transfer,FTTransformer,0.8,0.2,0.0005,64,1000,50,0.1,0.1,0.005,transfer,0.02,,,"[128, 64]",0.3,completed,,,0.5475,0.5351,0.3962,0.3501,,,,,,,,,
saturated_approach,results/saturated_approach/FTTransformer/constraint_0.8_0.2/lr_lambda_test/lr_0.001_lambda_balanced,FTTransformer,0.8,0.2,0.001,64,1000,50,0.1,0.1,0.005,balanced,0.02,,,"[128, 64]",0.3,completed,,,0.543,0.5155,0.3894,0.3417,,,,,,,,,
saturated_approach,results/saturated_approach/FTTransformer/constraint_0.8_0.2/lr_lambda_test/lr_0.001_lambda_combined,FTTransformer,0.8,0.2,0.001,64,1000,50,0.1,0.1,0.005,combined,0.02,,,"[128, 64]",0.3,completed,,,0.5181,0.4531,0.3676,0.3154,,,,,,,,,
saturated_approach,results/saturated_approach/FTTransformer/constraint_0.8_0.2/lr_lambda_test/lr_0.001_lambda_linear,FTTransformer,0.8,0.2,0.001,64,1000,50,0.1,0.1,0.005,linear,0.02,,,"[128, 64]",0.3,completed,,,0.5294,0.5062,0.3824,0.3358,,,,,,,,,
saturated_approach,results/saturated_approach/FTTransformer/constraint_0.8_0.2/lr_lambda_test/lr_0.001_lambda_transfer,FTTransformer,0.8,0.2,0.001,64,1000,50,0.1,0.1,0.005,transfer,0.02,,,"[128, 64]",0.3,completed,,,0.543,0.5534,0.3959,0.3539,,,,,,,,,
saturated_approach,results/saturated_approach/FTTransformer/constraint_0.9_0.8/lr_lambda_test/lr_5e-05_lambda_balanced,FTTransformer,0.9,0.8,5e-05,64,1000,50,0.1,0.1,0.005,balanced,0.02,,,"[128, 64]",0.3,completed,,,0.7014,0.635,0.6073,0.6147,,,,,,,,,
saturated_approach,results/saturated_approach/FTTransformer/constraint_0.9_0.8/lr_lambda_test/lr_5e-05_lambda_combined,FTTransformer,0.9,0.8,5e-05,64,1000,50,0.1,0.1,0.005,combined,0.02,,,"[128, 64]",0.3,completed,,,0.7285,0.6672,0.6361,0.6448,,,,,,,,,
saturated_approach,results/saturated_approach/FTTransformer/constraint_0.9_0.8/lr_lambda_test/lr_5e-05_lambda_linear,FTTransformer,0.9,0.8,5e-05,64,1000,50,0.1,0.1,0.005,linear,0.02,,,"[128, 64]",0.3,completed,,,0.7217,0.6625,0.6317,0.6403,,,,,,,,,
saturated_approach,results/saturated_approach/FTTransformer/constraint_0.9_0.8/lr_lambda_test/lr_5e-05_lambda_transfer,FTTransformer,0.9,0.8,5e-05,64,1000,50,0.1,0.1,0.005,transfer,0.02,,,"[128, 64]",0.3,completed,,,0.7285,0.6646,0.6354,0.6432,,,,,,,,,
saturated_approach,results/saturated_approach/FTTransformer/constraint_0.9_0.8/lr_lambda_test/lr_0.0001_lambda_balanced,FTTransformer,0.9,0.8,0.0001,64,1000,50,0.1,0.1,0.005,balanced,0.02,,,"[128, 64]",0.3,completed,,,0.7217,0.6554,0.6261,0.634,,,,,,,,,
saturated_approach,results/saturated_approach/FTTransformer/constraint_0.9_0.8/lr_lambda_test/lr_0.0001_lambda_combined,FTTransformer,0.9,0.8,0.0001,64,1000,50,0.1,0.1,0.005,combined,0.02,,,"[128, 64]",0.3,completed,,,0.733,0.6754,0.6426,0.6521,,,,,,,,,
saturated_approach,results/saturated_approach/FTTransformer/constraint_0.9_0.8/lr_lambda_test/lr_0.0001_lambda_linear,FTTransformer,0.9,0.8,0.0001,64,1000,50,0.1,0.1,0.005,linear,0.02,,,"[128, 64]",0.3,completed,,,0.7262,0.6676,0.6354,0.6447,,,,,,,,,
saturated_approach,results/saturated_approach/FTTransformer/constraint_0.9_0.8/lr_lambda_test/lr_0.0001_lambda_transfer,FTTransformer,0.9,0.8,0.0001,64,1000,50,0.1,0.1,0.005,transfer,0.02,,,"[128, 64]",0.3,completed,,,0.7285,0.6712,0.6388,0.6481,,,,,,,,,
saturated_approach,results/saturated_approach/FTTransformer/constraint_0.9_0.8/lr_lambda_test/lr_0.0005_lambda_balanced,FTTransformer,0.9,0.8,0.0005,64,1000,50,0.1,0.1,0.005,balanced,0.02,,,"[128, 64]",0.3,completed,,,0.7262,0.6683,0.6364,0.6455,,,,,,,,,
saturated_approach,results/saturated_approach/FTTransformer/constraint_0.9_0.8/lr_lambda_test/lr_0.0005_lambda_combined,FTTransformer,0.9,0.8,0.0005,64,1000,50,0.1,0.1,0.005,combined,0.02,,,"[128, 64]",0.3,completed,,,0.7466,0.7008,0.6634,0.6749,,,,,,,,,
saturated_approach,results/saturated_approach/FTTransformer/constraint_0.9_0.8/lr_lambda_test/lr_0.0005_lambda_linear,FTTransformer,0.9,0.8,0.0005,64,1000,50,0.1,0.1,0.005,linear,0.02,,,"[128, 64]",0.3,completed,,,0.7195,0.6655,0.6317,0.6418,,,,,,,,,
saturated_approach,results/saturated_approach/FTTransformer/constraint_0.9_0.8/lr_lambda_test/lr_0.0005_lambda_transfer,FTTransformer,0.9,0.8,0.0005,64,1000,50,0.1,0.1,0.005,transfer,0.02,,,"[128, 64]",0.3,completed,,,0.7511,0.6945,0.6599,0.6701,,,,,,,,,
saturated_approach,results/saturated_approach/FTTransformer/constraint_0.9_0.8/lr_lambda_test/lr_0.001_lambda_balanced,FTTransformer,0.9,0.8,0.001,64,1000,50,0.1,0.1,0.005,balanced,0.02,,,"[128, 64]",0.3,completed,,,0.7195,0.6558,0.6255,0.6339,,,,,,,,,
saturated_approach,results/saturated_approach/FTTransformer/constraint_0.9_0.8/lr_lambda_test/lr_0.001_lambda_combined,FTTransformer,0.9,0.8,0.001,64,1000,50,0.1,0.1,0.005,combined,0.02,,,"[128, 64]",0.3,completed,,,0.7376,0.6739,0.6429,0.6515,,,,,,,,,
saturated_approach,results/saturated_approach/FTTransformer/constraint_0.9_0.8/lr_lambda_test/lr_0.001_lambda_linear,FTTransformer,0.9,0.8,0.001,64,1000,50,0.1,0.1,0.005,linear,0.02,,,"[128, 64]",0.3,completed,,,0.724,0.6593,0.6283,0.637,,,,,,,,,
saturated_approach,results/saturated_approach/FTTransformer/constraint_0.9_0.8/lr_lambda_test/lr_0.001_lambda_transfer,FTTransformer,0.9,0.8,0.001,64,1000,50,0.1,0.1,0.005,transfer,0.02,,,"[128, 64]",0.3,completed,,,0.7466,0.6944,0.6588,0.6694,,,,,,,,,
saturated_approach,results/saturated_approach/TabularResNet/constraint_0.5_0.3/lr_lambda_test/lr_5e-05_lambda_balanced,TabularResNet,0.5,0.3,5e-05,64,1000,50,0.1,0.1,0.005,balanced,0.02,,,"[128, 64]",0.3,completed,,,0.6131,0.6981,0.4792,0.4771,,,,,,,,,
saturated_approach,results/saturated_approach/TabularResNet/constraint_0.5_0.3/lr_lambda_test/lr_5e-05_lambda_combined,TabularResNet,0.5,0.3,5e-05,64,1000,50,0.1,0.1,0.005,combined,0.02,,,"[128, 64]",0.3,completed,,,0.6041,0.6549,0.4661,0.457,,,,,,,,,
saturated_approach,results/saturated_approach/TabularResNet/constraint_0.5_0.3/lr_lambda_test/lr_5e-05_lambda_linear,TabularResNet,0.5,0.3,5e-05,64,1000,50,0.1,0.1,0.005,linear,0.02,,,"[128, 64]",0.3,completed,,,0.586,0.5813,0.4425,0.422,,,,,,,,,
saturated_approach,results/saturated_approach/TabularResNet/constraint_0.5_0.3/lr_lambda_test/lr_5e-05_lambda_transfer,TabularResNet,0.5,0.3,5e-05,64,1000,50,0.1,0.1,0.005,transfer,0.02,,,"[128, 64]",0.3,completed,,,0.6131,0.6454,0.4694,0.4561,,,,,,,,,
saturated_approach,results/saturated_approach/TabularResNet/constraint_0.5_0.3/lr_lambda_test/lr_0.0001_lambda_balanced,TabularResNet,0.5,0.3,0.0001,64,1000,50,0.1,0.1,0.005,balanced,0.02,,,"[128, 64]",0.3,completed,,,0.6222,0.5826,0.4766,0.4635,,,,,,,,,
saturated_approach,results/saturated_approach/TabularResNet/constraint_0.5_0.3/lr_lambda_test/lr_0.0001_lambda_combined,TabularResNet,0.5,0.3,0.0001,64,1000,50,0.1,0.1,0.005,combined,0.02,,,"[128, 64]",0.3,completed,,,0.6041,0.674,0.4707,0.4652,,,,,,,,,
saturated_approach,results/saturated_approach/TabularResNet/constraint_0.5_0.3/lr_lambda_test/lr_0.0001_lambda_linear,TabularResNet,0.5,0.3,0.0001,64,1000,50,0.1,0.1,0.005,linear,0.02,,,"[128, 64]",0.3,completed,,,0.6154,0.6662,0.4745,0.465,,,,,,,,,
saturated_approach,results/saturated_approach/TabularResNet/constraint_0.5_0.3/lr_lambda_test/lr_0.0001_lambda_transfer,TabularResNet,0.5,0.3,0.0001,64,1000,50,0.1,0.1,0.005,transfer,0.02,,,"[128, 64]",0.3,completed,,,0.5995,0.5874,0.4506,0.4283,,,,,,,,,
saturated_approach,results/saturated_approach/TabularResNet/constraint_0.5_0.3/lr_lambda_test/lr_0.0005_lambda_balanced,TabularResNet,0.5,0.3,0.0005,64,1000,50,0.1,0.1,0.005,balanced,0.02,,,"[128, 64]",0.3,completed,,,0.6561,0.6452,0.5184,0.5175,,,,,,,,,
saturated_approach,results/saturated_approach/TabularResNet/constraint_0.5_0.3/lr_lambda_test/lr_0.0005_lambda_combined,TabularResNet,0.5,0.3,0.0005,64,1000,50,0.1,0.1,0.005,combined,0.02,,,"[128, 64]",0.3,completed,,,0.6697,0.6081,0.5269,0.521,,,,,,,,,
saturated_approach,results/saturated_approach/TabularResNet/constraint_0.5_0.3/lr_lambda_test/lr_0.0005_lambda_linear,TabularResNet,0.5,0.3,0.0005,64,1000,50,0.1,0.1,0.005,linear,0.02,,,"[128, 64]",0.3,completed,,,0.7127,0.6701,0.584,0.5851,,,,,,,,,
saturated_approach,results/saturated_approach/TabularResNet/constraint_0.5_0.3/lr_lambda_test/lr_0.0005_lambda_transfer,TabularResNet,0.5,0.3,0.0005,64,1000,50,0.1,0.1,0.005,transfer,0.02,,,"[128, 64]",0.3,completed,,,0.6923,0.6425,0.5558,0.5545,,,,,,,,,
saturated_approach,results/saturated_approach/TabularResNet/constraint_0.5_0.3/lr_lambda_test/lr_0.001_lambda_balanced,TabularResNet,0.5,0.3,0.001,64,1000,50,0.1,0.1,0.005,balanced,0.02,,,"[128, 64]",0.3,completed,,,0.6855,0.5993,0.55,0.5421,,,,,,,,,
saturated_approach,results/saturated_approach/TabularResNet/constraint_0.5_0.3/lr_lambda_test/lr_0.001_lambda_combined,TabularResNet,0.5,0.3,0.001,64,1000,50,0.1,0.1,0.005,combined,0.02,,,"[128, 64]",0.3,completed,,,0.6765,0.6416,0.5402,0.5403,,,,,,,,,
saturated_approach,results/saturated_approach/TabularResNet/constraint_0.5_0.3/lr_lambda_test/lr_0.001_lambda_linear,TabularResNet,0.5,0.3,0.001,64,1000,50,0.1,0.1,0.005,linear,0.02,,,"[128, 64]",0.3,completed,,,0.6878,0.6025,0.5471,0.5396,,,,,,,,,
saturated_approach,results/saturated_approach/TabularResNet/constraint_0.5_0.3/lr_lambda_test/lr_0.001_lambda_transfer,TabularResNet,0.5,0.3,0.001,64,1000,50,0.1,0.1,0.005,transfer,0.02,,,"[128, 64]",0.3,completed,,,0.69,0.6005,0.5598,0.5513,,,,,,,,,
saturated_approach,results/saturated_approach/TabularResNet/constraint_0.8_0.2/lr_lambda_test/lr_5e-05_lambda_balanced,TabularResNet,0.8,0.2,5e-05,64,1000,50,0.1,0.1,0.005,balanced,0.02,,,"[128, 64]",0.3,completed,,,0.5679,0.6869,0.4267,0.4008,,,,,,,,,
saturated_approach,results/saturated_approach/TabularResNet/constraint_0.8_0.2/lr_lambda_test/lr_5e-05_lambda_combined,TabularResNet,0.8,0.2,5e-05,64,1000,50,0.1,0.1,0.005,combined,0.02,,,"[128, 64]",0.3,completed,,,0.5611,0.5844,0.4086,0.3679,,,,,,,,,
saturated_approach,results/saturated_approach/TabularResNet/constraint_0.8_0.2/lr_lambda_test/lr_5e-05_lambda_linear,TabularResNet,0.8,0.2,5e-05,64,1000,50,0.1,0.1,0.005,linear,0.02,,,"[128, 64]",0.3,completed,,,0.5543,0.5908,0.4059,0.3678,,,,,,,,,
saturated_approach,results/saturated_approach/TabularResNet/constraint_0.8_0.2/lr_lambda_test/lr_5e-05_lambda_transfer,TabularResNet,0.8,0.2,5e-05,64,1000,50,0.1,0.1,0.005,transfer,0.02,,,"[128, 64]",0.3,completed,,,0.5679,0.6269,0.4185,0.383,,,,,,,,,
saturated_approach,results/saturated_approach/TabularResNet/constraint_0.8_0.2/lr_lambda_test/lr_0.0001_lambda_balanced,TabularResNet,0.8,0.2,0.0001,64,1000,50,0.1,0.1,0.005,balanced,0.02,,,"[128, 64]",0.3,completed,,,0.595,0.6236,0.4448,0.4215,,,,,,,,,
saturated_approach,results/saturated_approach/TabularResNet/constraint_0.8_0.2/lr_lambda_test/lr_0.0001_lambda_combined,TabularResNet,0.8,0.2,0.0001,64,1000,50,0.1,0.1,0.005,combined,0.02,,,"[128, 64]",0.3,completed,,,0.5701,0.5522,0.418,0.3813,,,,,,,,,
saturated_approach,results/saturated_approach/TabularResNet/constraint_0.8_0.2/lr_lambda_test/lr_0.0001_lambda_linear,TabularResNet,0.8,0.2,0.0001,64,1000,50,0.1,0.1,0.005,linear,0.02,,,"[128, 64]",0.3,completed,,,0.5769,0.6718,0.4317,0.4044,,,,,,,,,
saturated_approach,results/saturated_approach/TabularResNet/constraint_0.8_0.2/lr_lambda_test/lr_0.0001_lambda_transfer,TabularResNet,0.8,0.2,0.0001,64,1000,50,0.1,0.1,0.005,transfer,0.02,,,"[128, 64]",0.3,completed,,,0.5724,0.6404,0.4241,0.3932,,,,,,,,,
saturated_approach,results/saturated_approach/TabularResNet/constraint_0.8_0.2/lr_lambda_test/lr_0.0005_lambda_balanced,TabularResNet,0.8,0.2,0.0005,64,1000,50,0.1,0.1,0.005,balanced,0.02,,,"[128, 64]",0.3,completed,,,0.5814,0.5974,0.4351,0.4101,,,,,,,,,
saturated_approach,results/saturated_approach/TabularResNet/constraint_0.8_0.2/lr_lambda_test/lr_0.0005_lambda_combined,TabularResNet,0.8,0.2,0.0005,64,1000,50,0.1,0.1,0.005,combined,0.02,,,"[128, 64]",0.3,completed,,,0.5905,0.6773,0.443,0.4204,,,,,,,,,
saturated_approach,results/saturated_approach/TabularResNet/constraint_0.8_0.2/lr_lambda_test/lr_0.0005_lambda_linear,TabularResNet,0.8,0.2,0.0005,64,1000,50,0.1,0.1,0.005,linear,0.02,,,"[128, 64]",0.3,completed,,,0.638,0.6274,0.4878,0.4742,,,,,,,,,
saturated_approach,results/saturated_approach/TabularResNet/constraint_0.8_0.2/lr_lambda_test/lr_0.0005_lambda_transfer,TabularResNet,0.8,0.2,0.0005,64,1000,50,0.1,0.1,0.005,transfer,0.02,,,"[128, 64]",0.3,completed,,,0.6765,0.635,0.5293,0.5202,,,,,,,,,
saturated_approach,results/saturated_approach/TabularResNet/constraint_0.8_0.2/lr_lambda_test/lr_0.001_lambda_balanced,TabularResNet,0.8,0.2,0.001,64,1000,50,0.1,0.1,0.005,balanced,0.02,,,"[128, 64]",0.3,completed,,,0.638,0.6623,0.4923,0.4845,,,,,,,,,
saturated_approach,results/saturated_approach/TabularResNet/constraint_0.8_0.2/lr_lambda_test/lr_0.001_lambda_combined,TabularResNet,0.8,0.2,0.001,64,1000,50,0.1,0.1,0.005,combined,0.02,,,"[128, 64]",0.3,completed,,,0.6041,0.6474,0.4553,0.4361,,,,,,,,,
saturated_approach,results/saturated_approach/TabularResNet/constraint_0.8_0.2/lr_lambda_test/lr_0.001_lambda_linear,TabularResNet,0.8,0.2,0.001,64,1000,50,0.1,0.1,0.005,linear,0.02,,,"[128, 64]",0.3,completed,,,0.6719,0.6525,0.5257,0.5185,,,,,,,,,
saturated_approach,results/saturated_approach/TabularResNet/constraint_0.8_0.2/lr_lambda_test/lr_0.001_lambda_transfer,TabularResNet,0.8,0.2,0.001,64,1000,50,0.1,0.1,0.005,transfer,0.02,,,"[128, 64]",0.3,completed,,,0.6538,0.637,0.5077,0.4984,,,,,,,,,
saturated_approach,results/saturated_approach/TabularResNet/constraint_0.9_0.8/lr_lambda_test/lr_5e-05_lambda_balanced,TabularResNet,0.9,0.8,5e-05,64,1000,50,0.1,0.1,0.005,balanced,0.02,,,"[128, 64]",0.3,completed,,,0.7421,0.6805,0.6487,0.6576,,,,,,,,,
saturated_approach,results/saturated_approach/TabularResNet/constraint_0.9_0.8/lr_lambda_test/lr_5e-05_lambda_combined,TabularResNet,0.9,0.8,5e-05,64,1000,50,0.1,0.1,0.005,combined,0.02,,,"[128, 64]",0.3,completed,,,0.7262,0.6603,0.631,0.6389,,,,,,,,,
saturated_approach,results/saturated_approach/TabularResNet/constraint_0.9_0.8/lr_lambda_test/lr_5e-05_lambda_linear,TabularResNet,0.9,0.8,5e-05,64,1000,50,0.1,0.1,0.005,linear,0.02,,,"[128, 64]",0.3,completed,,,0.7376,0.6675,0.6384,0.6461,,,,,,,,,
saturated_approach,results/saturated_approach/TabularResNet/constraint_0.9_0.8/lr_lambda_test/lr_5e-05_lambda_transfer,TabularResNet,0.9,0.8,5e-05,64,1000,50,0.1,0.1,0.005,transfer,0.02,,,"[128, 64]",0.3,completed,,,0.7376,0.6722,0.6421,0.6503,,,,,,,,,
saturated_approach,results/saturated_approach/TabularResNet/constraint_0.9_0.8/lr_lambda_test/lr_0.0001_lambda_balanced,TabularResNet,0.9,0.8,0.0001,64,1000,50,0.1,0.1,0.005,balanced,0.02,,,"[128, 64]",0.3,completed,,,0.7353,0.6733,0.6425,0.651,,,,,,,,,
saturated_approach,results/saturated_approach/TabularResNet/constraint_0.9_0.8/lr_lambda_test/lr_0.0001_lambda_combined,TabularResNet,0.9,0.8,0.0001,64,1000,50,0.1,0.1,0.005,combined,0.02,,,"[128, 64]",0.3,completed,,,0.7353,0.679,0.646,0.6556,,,,,,,,,
saturated_approach,results/saturated_approach/TabularResNet/constraint_0.9_0.8/lr_lambda_test/lr_0.0001_lambda_linear,TabularResNet,0.9,0.8,0.0001,64,1000,50,0.1,0.1,0.005,linear,0.02,,,"[128, 64]",0.3,completed,,,0.733,0.6721,0.641,0.6496,,,,,,,,,
saturated_approach,results/saturated_approach/TabularResNet/constraint_0.9_0.8/lr_lambda_test/lr_0.0001_lambda_transfer,TabularResNet,0.9,0.8,0.0001,64,1000,50,0.1,0.1,0.005,transfer,0.02,,,"[128, 64]",0.3,completed,,,0.7353,0.6817,0.6467,0.6572,,,,,,,,,
saturated_approach,results/saturated_approach/TabularResNet/constraint_0.9_0.8/lr_lambda_test/lr_0.0005_lambda_balanced,TabularResNet,0.9,0.8,0.0005,64,1000,50,0.1,0.1,0.005,balanced,0.02,,,"[128, 64]",0.3,completed,,,0.7308,0.6846,0.6484,0.6595,,,,,,,,,
saturated_approach,results/saturated_approach/TabularResNet/constraint_0.9_0.8/lr_lambda_test/lr_0.0005_lambda_combined,TabularResNet,0.9,0.8,0.0005,64,1000,50,0.1,0.1,0.005,combined,0.02,,,"[128, 64]",0.3,completed,,,0.7308,0.6836,0.6486,0.6591,,,,,,,,,
saturated_approach,results/saturated_approach/TabularResNet/constraint_0.9_0.8/lr_lambda_test/lr_0.0005_lambda_linear,TabularResNet,0.9,0.8,0.0005,64,1000,50,0.1,0.1,0.005,linear,0.02,,,"[128, 64]",0.3,completed,,,0.7466,0.7072,0.668,0.6803,,,,,,,,,
saturated_approach,results/saturated_approach/TabularResNet/constraint_0.9_0.8/lr_lambda_test/lr_0.0005_lambda_transfer,TabularResNet,0.9,0.8,0.0005,64,1000,50,0.1,0.1,0.005,transfer,0.02,,,"[128, 64]",0.3,completed,,,0.7398,0.701,0.6616,0.6741,,,,,,,,,
saturated_approach,results/saturated_approach/TabularResNet/constraint_0.9_0.8/lr_lambda_test/lr_0.001_lambda_balanced,TabularResNet,0.9,0.8,0.001,64,1000,50,0.1,0.1,0.005,balanced,0.02,,,"[128, 64]",0.3,completed,,,0.7421,0.7016,0.662,0.6746,,,,,,,,,
saturated_approach,results/saturated_approach/TabularResNet/constraint_0.9_0.8/lr_lambda_test/lr_0.001_lambda_combined,TabularResNet,0.9,0.8,0.001,64,1000,50,0.1,0.1,0.005,combined,0.02,,,"[128, 64]",0.3,completed,,,0.7308,0.6782,0.6438,0.6541,,,,,,,,,
saturated_approach,results/saturated_approach/TabularResNet/constraint_0.9_0.8/lr_lambda_test/lr_0.001_lambda_linear,TabularResNet,0.9,0.8,0.001,64,1000,50,0.1,0.1,0.005,linear,0.02,,,"[128, 64]",0.3,completed,,,0.7376,0.6779,0.6457,0.6549,,,,,,,,,
saturated_approach,results/saturated_approach/TabularResNet/constraint_0.9_0.8/lr_lambda_test/lr_0.001_lambda_transfer,TabularResNet,0.9,0.8,0.001,64,1000,50,0.1,0.1,0.005,transfer,0.02,,,"[128, 64]",0.3,completed,,,0.724,0.6768,0.6412,0.652,,,,,,,,,
