sweep,experiment_path,dataset,model,cls,tight,method,seed,pretrained,data_dir,f1m,f1w,acc,ece,brier,flips,sat,sat_epoch,warmup_time,phase2_time
multiclass_tissue,results/pending_runs/g3_multiclass_tissue/cls_5/L20_G20/hounie_rcl/seed_4,tissuemnist,MobileNetV3,5,L20_G20,hounie_rcl,4,True,data/tissuemnist/slice_1,0.3578,0.4686,0.5088,0.3949,0.8579,0.0,1,89,1.345,179.884
multiclass_tissue,results/pending_runs/g3_multiclass_tissue/cls_5/L20_G20/hounie_rcl/seed_3,tissuemnist,MobileNetV3,5,L20_G20,hounie_rcl,3,True,data/tissuemnist/slice_1,0.3519,0.4783,0.4954,0.4036,0.8737,0.0,1,96,0.6927,185.2634
multiclass_tissue,results/pending_runs/g3_multiclass_tissue/cls_5/L20_G20/hounie_rcl/seed_1,tissuemnist,MobileNetV3,5,L20_G20,hounie_rcl,1,True,data/tissuemnist/slice_1,0.356,0.4692,0.4992,0.3875,0.859,0.0,1,69,0.9588,119.1926
multiclass_tissue,results/pending_runs/g3_multiclass_tissue/cls_5/L20_G20/hounie_rcl/seed_2,tissuemnist,MobileNetV3,5,L20_G20,hounie_rcl,2,True,data/tissuemnist/slice_1,0.3774,0.4843,0.5112,0.3775,0.8425,0.0,1,87,1.0933,146.5819
multiclass_tissue,results/pending_runs/g3_multiclass_tissue/cls_5/L20_G20/tralo/seed_4,tissuemnist,MobileNetV3,5,L20_G20,tralo,4,True,data/tissuemnist/slice_1,0.3599,0.4687,0.5062,0.3957,0.8579,0.0,1,72,0.0604,61.2763
multiclass_tissue,results/pending_runs/g3_multiclass_tissue/cls_5/L20_G20/tralo/seed_3,tissuemnist,MobileNetV3,5,L20_G20,tralo,3,True,data/tissuemnist/slice_1,0.359,0.4854,0.5062,0.397,0.8629,0.0,1,72,0.3652,105.4044
multiclass_tissue,results/pending_runs/g3_multiclass_tissue/cls_5/L20_G20/tralo/seed_1,tissuemnist,MobileNetV3,5,L20_G20,tralo,1,True,data/tissuemnist/slice_1,0.3465,0.4611,0.4879,0.3963,0.8642,0.0,1,66,0.6845,71.4628
multiclass_tissue,results/pending_runs/g3_multiclass_tissue/cls_5/L20_G20/tralo/seed_2,tissuemnist,MobileNetV3,5,L20_G20,tralo,2,True,data/tissuemnist/slice_1,0.3781,0.4895,0.5158,0.3756,0.8322,0.0,1,82,0.4774,124.6623
multiclass_tissue,results/pending_runs/g3_multiclass_tissue/cls_5/L20_G20/danits_lp/seed_4,tissuemnist,MobileNetV3,5,L20_G20,danits_lp,4,True,data/tissuemnist/slice_1,0.3384,0.4521,0.4838,0.4223,0.9133,45.0,0,-1,0.823,0.6584
multiclass_tissue,results/pending_runs/g3_multiclass_tissue/cls_5/L20_G20/danits_lp/seed_3,tissuemnist,MobileNetV3,5,L20_G20,danits_lp,3,True,data/tissuemnist/slice_1,0.3335,0.4614,0.4754,0.4115,0.9128,168.0,0,-1,0.8425,0.657
multiclass_tissue,results/pending_runs/g3_multiclass_tissue/cls_5/L20_G20/danits_lp/seed_1,tissuemnist,MobileNetV3,5,L20_G20,danits_lp,1,True,data/tissuemnist/slice_1,0.3383,0.4441,0.4863,0.405,0.8891,102.0,0,-1,0.5702,0.6599
multiclass_tissue,results/pending_runs/g3_multiclass_tissue/cls_5/L20_G20/danits_lp/seed_2,tissuemnist,MobileNetV3,5,L20_G20,danits_lp,2,True,data/tissuemnist/slice_1,0.378,0.4697,0.4892,0.4032,0.8881,187.0,0,-1,0.5295,0.6612
multiclass_tissue,results/pending_runs/g3_multiclass_tissue/cls_5/L20_G20/fioretto_ldf/seed_4,tissuemnist,MobileNetV3,5,L20_G20,fioretto_ldf,4,True,data/tissuemnist/slice_1,0.3565,0.4683,0.5088,0.396,0.8585,0.0,1,22,0.0917,52.5661
multiclass_tissue,results/pending_runs/g3_multiclass_tissue/cls_5/L20_G20/fioretto_ldf/seed_3,tissuemnist,MobileNetV3,5,L20_G20,fioretto_ldf,3,True,data/tissuemnist/slice_1,0.3515,0.4792,0.4967,0.4025,0.8724,2.0,0,-1,0.4712,126.3157
multiclass_tissue,results/pending_runs/g3_multiclass_tissue/cls_5/L20_G20/fioretto_ldf/seed_1,tissuemnist,MobileNetV3,5,L20_G20,fioretto_ldf,1,True,data/tissuemnist/slice_1,0.3529,0.4688,0.4988,0.3891,0.8583,0.0,1,16,0.6203,35.866
multiclass_tissue,results/pending_runs/g3_multiclass_tissue/cls_5/L20_G20/fioretto_ldf/seed_2,tissuemnist,MobileNetV3,5,L20_G20,fioretto_ldf,2,True,data/tissuemnist/slice_1,0.3774,0.4865,0.5133,0.3741,0.8381,0.0,1,25,0.6243,46.2687
multiclass_tissue,results/pending_runs/g3_multiclass_tissue/cls_5/L20_G20/tralo_bounded/seed_4,tissuemnist,MobileNetV3,5,L20_G20,tralo_bounded,4,True,data/tissuemnist/slice_1,0.3537,0.467,0.5075,0.397,0.8608,0.0,1,72,0.2038,52.5868
multiclass_tissue,results/pending_runs/g3_multiclass_tissue/cls_5/L20_G20/tralo_bounded/seed_3,tissuemnist,MobileNetV3,5,L20_G20,tralo_bounded,3,True,data/tissuemnist/slice_1,0.3518,0.4803,0.4983,0.4001,0.8708,1.0,0,-1,0.1767,144.4798
multiclass_tissue,results/pending_runs/g3_multiclass_tissue/cls_5/L20_G20/tralo_bounded/seed_1,tissuemnist,MobileNetV3,5,L20_G20,tralo_bounded,1,True,data/tissuemnist/slice_1,0.352,0.466,0.4929,0.3925,0.8598,0.0,1,66,0.2316,58.1324
multiclass_tissue,results/pending_runs/g3_multiclass_tissue/cls_5/L20_G20/tralo_bounded/seed_2,tissuemnist,MobileNetV3,5,L20_G20,tralo_bounded,2,True,data/tissuemnist/slice_1,0.3735,0.4814,0.5088,0.3799,0.8432,0.0,1,82,0.7457,77.6312
multiclass_tissue,results/pending_runs/g3_multiclass_tissue/cls_5/L20_G20/heuristic/seed_4,tissuemnist,MobileNetV3,5,L20_G20,heuristic,4,True,data/tissuemnist/slice_1,0.3384,0.4521,0.4838,0.4223,0.9133,45.0,0,-1,0.5799,0.5808
multiclass_tissue,results/pending_runs/g3_multiclass_tissue/cls_5/L20_G20/heuristic/seed_3,tissuemnist,MobileNetV3,5,L20_G20,heuristic,3,True,data/tissuemnist/slice_1,0.3335,0.4614,0.4754,0.4115,0.9128,168.0,0,-1,0.8526,0.5947
multiclass_tissue,results/pending_runs/g3_multiclass_tissue/cls_5/L20_G20/heuristic/seed_1,tissuemnist,MobileNetV3,5,L20_G20,heuristic,1,True,data/tissuemnist/slice_1,0.3383,0.4441,0.4863,0.405,0.8891,102.0,0,-1,0.6911,0.5787
multiclass_tissue,results/pending_runs/g3_multiclass_tissue/cls_5/L20_G20/heuristic/seed_2,tissuemnist,MobileNetV3,5,L20_G20,heuristic,2,True,data/tissuemnist/slice_1,0.378,0.4697,0.4892,0.4032,0.8881,187.0,0,-1,0.5663,0.5959
multiclass_tissue,results/pending_runs/g3_multiclass_tissue/cls_5/L70_G70/hounie_rcl/seed_4,tissuemnist,MobileNetV3,5,L70_G70,hounie_rcl,4,True,data/tissuemnist/slice_1,0.3678,0.4759,0.5079,0.3956,0.8509,2.0,1,53,0.6943,104.9265
multiclass_tissue,results/pending_runs/g3_multiclass_tissue/cls_5/L70_G70/hounie_rcl/seed_3,tissuemnist,MobileNetV3,5,L70_G70,hounie_rcl,3,True,data/tissuemnist/slice_1,0.361,0.4842,0.5033,0.3954,0.8679,5.0,1,41,0.5645,79.3353
multiclass_tissue,results/pending_runs/g3_multiclass_tissue/cls_5/L70_G70/hounie_rcl/seed_1,tissuemnist,MobileNetV3,5,L70_G70,hounie_rcl,1,True,data/tissuemnist/slice_1,0.3714,0.4786,0.5042,0.3793,0.8477,32.0,1,62,0.0668,107.5259
multiclass_tissue,results/pending_runs/g3_multiclass_tissue/cls_5/L70_G70/hounie_rcl/seed_2,tissuemnist,MobileNetV3,5,L70_G70,hounie_rcl,2,True,data/tissuemnist/slice_1,0.3924,0.4954,0.5133,0.3657,0.822,17.0,1,54,0.0952,98.8527
multiclass_tissue,results/pending_runs/g3_multiclass_tissue/cls_5/L70_G70/tralo/seed_4,tissuemnist,MobileNetV3,5,L70_G70,tralo,4,True,data/tissuemnist/slice_1,0.3739,0.4838,0.5129,0.3924,0.8552,5.0,1,58,0.0866,31.4303
multiclass_tissue,results/pending_runs/g3_multiclass_tissue/cls_5/L70_G70/tralo/seed_3,tissuemnist,MobileNetV3,5,L70_G70,tralo,3,True,data/tissuemnist/slice_1,0.3637,0.4851,0.5029,0.393,0.8646,5.0,1,58,0.5518,42.7173
multiclass_tissue,results/pending_runs/g3_multiclass_tissue/cls_5/L70_G70/tralo/seed_1,tissuemnist,MobileNetV3,5,L70_G70,tralo,1,True,data/tissuemnist/slice_1,0.3702,0.4755,0.5012,0.3826,0.8428,6.0,1,60,0.4311,54.623
multiclass_tissue,results/pending_runs/g3_multiclass_tissue/cls_5/L70_G70/tralo/seed_2,tissuemnist,MobileNetV3,5,L70_G70,tralo,2,True,data/tissuemnist/slice_1,0.3967,0.4972,0.5096,0.3671,0.832,2.0,1,67,0.3345,54.9681
multiclass_tissue,results/pending_runs/g3_multiclass_tissue/cls_5/L70_G70/danits_lp/seed_4,tissuemnist,MobileNetV3,5,L70_G70,danits_lp,4,True,data/tissuemnist/slice_1,0.3488,0.4565,0.4838,0.4223,0.9133,1.0,1,-1,0.0601,0.4859
multiclass_tissue,results/pending_runs/g3_multiclass_tissue/cls_5/L70_G70/danits_lp/seed_3,tissuemnist,MobileNetV3,5,L70_G70,danits_lp,3,True,data/tissuemnist/slice_1,0.3437,0.4652,0.4754,0.4115,0.9128,112.0,0,-1,0.0656,0.4108
multiclass_tissue,results/pending_runs/g3_multiclass_tissue/cls_5/L70_G70/danits_lp/seed_1,tissuemnist,MobileNetV3,5,L70_G70,danits_lp,1,True,data/tissuemnist/slice_1,0.3513,0.4497,0.4871,0.405,0.8891,46.0,0,-1,0.0602,0.3727
multiclass_tissue,results/pending_runs/g3_multiclass_tissue/cls_5/L70_G70/danits_lp/seed_2,tissuemnist,MobileNetV3,5,L70_G70,danits_lp,2,True,data/tissuemnist/slice_1,0.3845,0.4704,0.4858,0.4032,0.8881,131.0,0,-1,0.0604,0.3713
multiclass_tissue,results/pending_runs/g3_multiclass_tissue/cls_5/L70_G70/fioretto_ldf/seed_4,tissuemnist,MobileNetV3,5,L70_G70,fioretto_ldf,4,True,data/tissuemnist/slice_1,0.3705,0.477,0.5092,0.3952,0.8509,16.0,1,9,0.467,33.2211
multiclass_tissue,results/pending_runs/g3_multiclass_tissue/cls_5/L70_G70/fioretto_ldf/seed_3,tissuemnist,MobileNetV3,5,L70_G70,fioretto_ldf,3,True,data/tissuemnist/slice_1,0.3615,0.4841,0.5029,0.3935,0.8679,7.0,1,8,0.7361,30.211
multiclass_tissue,results/pending_runs/g3_multiclass_tissue/cls_5/L70_G70/fioretto_ldf/seed_1,tissuemnist,MobileNetV3,5,L70_G70,fioretto_ldf,1,True,data/tissuemnist/slice_1,0.3723,0.4779,0.5033,0.3818,0.8459,24.0,1,11,0.0601,33.1156
multiclass_tissue,results/pending_runs/g3_multiclass_tissue/cls_5/L70_G70/fioretto_ldf/seed_2,tissuemnist,MobileNetV3,5,L70_G70,fioretto_ldf,2,True,data/tissuemnist/slice_1,0.3924,0.4954,0.5133,0.3645,0.821,16.0,1,16,0.4977,39.1632
multiclass_tissue,results/pending_runs/g3_multiclass_tissue/cls_5/L70_G70/tralo_bounded/seed_4,tissuemnist,MobileNetV3,5,L70_G70,tralo_bounded,4,True,data/tissuemnist/slice_1,0.3707,0.4805,0.5104,0.3903,0.8498,12.0,1,58,0.4675,40.5833
multiclass_tissue,results/pending_runs/g3_multiclass_tissue/cls_5/L70_G70/tralo_bounded/seed_3,tissuemnist,MobileNetV3,5,L70_G70,tralo_bounded,3,True,data/tissuemnist/slice_1,0.3615,0.4851,0.5038,0.3934,0.8673,7.0,1,58,0.7191,27.4521
multiclass_tissue,results/pending_runs/g3_multiclass_tissue/cls_5/L70_G70/tralo_bounded/seed_1,tissuemnist,MobileNetV3,5,L70_G70,tralo_bounded,1,True,data/tissuemnist/slice_1,0.3691,0.4771,0.5008,0.3823,0.8454,16.0,1,60,0.8868,36.2136
multiclass_tissue,results/pending_runs/g3_multiclass_tissue/cls_5/L70_G70/tralo_bounded/seed_2,tissuemnist,MobileNetV3,5,L70_G70,tralo_bounded,2,True,data/tissuemnist/slice_1,0.3907,0.4945,0.5121,0.3693,0.8246,4.0,0,-1,0.5196,167.0416
multiclass_tissue,results/pending_runs/g3_multiclass_tissue/cls_5/L70_G70/heuristic/seed_4,tissuemnist,MobileNetV3,5,L70_G70,heuristic,4,True,data/tissuemnist/slice_1,0.3521,0.4568,0.4829,0.4223,0.9133,15.0,1,-1,0.0597,0.3142
multiclass_tissue,results/pending_runs/g3_multiclass_tissue/cls_5/L70_G70/heuristic/seed_3,tissuemnist,MobileNetV3,5,L70_G70,heuristic,3,True,data/tissuemnist/slice_1,0.342,0.4647,0.475,0.4115,0.9128,112.0,0,-1,0.0599,0.3148
multiclass_tissue,results/pending_runs/g3_multiclass_tissue/cls_5/L70_G70/heuristic/seed_1,tissuemnist,MobileNetV3,5,L70_G70,heuristic,1,True,data/tissuemnist/slice_1,0.3493,0.4492,0.4867,0.405,0.8891,46.0,0,-1,0.0601,0.314
multiclass_tissue,results/pending_runs/g3_multiclass_tissue/cls_5/L70_G70/heuristic/seed_2,tissuemnist,MobileNetV3,5,L70_G70,heuristic,2,True,data/tissuemnist/slice_1,0.3859,0.4709,0.4863,0.4032,0.8881,131.0,0,-1,0.0604,0.3176
multiclass_tissue,results/pending_runs/g3_multiclass_tissue/cls_5/L30_G30/hounie_rcl/seed_4,tissuemnist,MobileNetV3,5,L30_G30,hounie_rcl,4,True,data/tissuemnist/slice_1,0.361,0.4709,0.5092,0.3948,0.855,9.0,1,80,0.4524,142.2638
multiclass_tissue,results/pending_runs/g3_multiclass_tissue/cls_5/L30_G30/hounie_rcl/seed_3,tissuemnist,MobileNetV3,5,L30_G30,hounie_rcl,3,True,data/tissuemnist/slice_1,0.3549,0.4832,0.5025,0.3946,0.8672,8.0,1,66,0.3546,111.0642
multiclass_tissue,results/pending_runs/g3_multiclass_tissue/cls_5/L30_G30/hounie_rcl/seed_1,tissuemnist,MobileNetV3,5,L30_G30,hounie_rcl,1,True,data/tissuemnist/slice_1,0.3566,0.4715,0.5004,0.384,0.8545,13.0,1,61,0.0603,111.3359
multiclass_tissue,results/pending_runs/g3_multiclass_tissue/cls_5/L30_G30/hounie_rcl/seed_2,tissuemnist,MobileNetV3,5,L30_G30,hounie_rcl,2,True,data/tissuemnist/slice_1,0.3823,0.4875,0.51,0.3764,0.8312,5.0,1,64,0.4984,129.7214
multiclass_tissue,results/pending_runs/g3_multiclass_tissue/cls_5/L30_G30/tralo/seed_4,tissuemnist,MobileNetV3,5,L30_G30,tralo,4,True,data/tissuemnist/slice_1,0.3581,0.4683,0.51,0.3976,0.857,9.0,1,68,0.8058,70.6097
multiclass_tissue,results/pending_runs/g3_multiclass_tissue/cls_5/L30_G30/tralo/seed_3,tissuemnist,MobileNetV3,5,L30_G30,tralo,3,True,data/tissuemnist/slice_1,0.3567,0.483,0.5033,0.3938,0.8651,7.0,1,67,0.7362,64.5684
multiclass_tissue,results/pending_runs/g3_multiclass_tissue/cls_5/L30_G30/tralo/seed_1,tissuemnist,MobileNetV3,5,L30_G30,tralo,1,True,data/tissuemnist/slice_1,0.3547,0.465,0.4896,0.3916,0.8572,8.0,1,64,0.5283,54.0594
multiclass_tissue,results/pending_runs/g3_multiclass_tissue/cls_5/L30_G30/tralo/seed_2,tissuemnist,MobileNetV3,5,L30_G30,tralo,2,True,data/tissuemnist/slice_1,0.3866,0.4939,0.5179,0.3695,0.8311,8.0,1,74,0.6908,63.2831
multiclass_tissue,results/pending_runs/g3_multiclass_tissue/cls_5/L30_G30/danits_lp/seed_4,tissuemnist,MobileNetV3,5,L30_G30,danits_lp,4,True,data/tissuemnist/slice_1,0.3382,0.4519,0.4821,0.4223,0.9133,33.0,0,-1,0.0641,0.4932
multiclass_tissue,results/pending_runs/g3_multiclass_tissue/cls_5/L30_G30/danits_lp/seed_3,tissuemnist,MobileNetV3,5,L30_G30,danits_lp,3,True,data/tissuemnist/slice_1,0.3378,0.4631,0.4763,0.4115,0.9128,156.0,0,-1,0.4618,0.5613
multiclass_tissue,results/pending_runs/g3_multiclass_tissue/cls_5/L30_G30/danits_lp/seed_1,tissuemnist,MobileNetV3,5,L30_G30,danits_lp,1,True,data/tissuemnist/slice_1,0.3446,0.4468,0.4871,0.405,0.8891,90.0,0,-1,0.4633,0.5328
multiclass_tissue,results/pending_runs/g3_multiclass_tissue/cls_5/L30_G30/danits_lp/seed_2,tissuemnist,MobileNetV3,5,L30_G30,danits_lp,2,True,data/tissuemnist/slice_1,0.3836,0.4721,0.49,0.4032,0.8881,175.0,0,-1,0.5274,0.5459
multiclass_tissue,results/pending_runs/g3_multiclass_tissue/cls_5/L30_G30/fioretto_ldf/seed_4,tissuemnist,MobileNetV3,5,L30_G30,fioretto_ldf,4,True,data/tissuemnist/slice_1,0.3573,0.4696,0.5083,0.3962,0.8553,10.0,1,18,0.7402,42.08
multiclass_tissue,results/pending_runs/g3_multiclass_tissue/cls_5/L30_G30/fioretto_ldf/seed_3,tissuemnist,MobileNetV3,5,L30_G30,fioretto_ldf,3,True,data/tissuemnist/slice_1,0.3546,0.4801,0.4988,0.398,0.8686,10.0,1,17,0.6582,40.3395
multiclass_tissue,results/pending_runs/g3_multiclass_tissue/cls_5/L30_G30/fioretto_ldf/seed_1,tissuemnist,MobileNetV3,5,L30_G30,fioretto_ldf,1,True,data/tissuemnist/slice_1,0.3565,0.4717,0.5004,0.3839,0.8533,14.0,1,14,0.5415,34.799
multiclass_tissue,results/pending_runs/g3_multiclass_tissue/cls_5/L30_G30/fioretto_ldf/seed_2,tissuemnist,MobileNetV3,5,L30_G30,fioretto_ldf,2,True,data/tissuemnist/slice_1,0.3866,0.4932,0.5154,0.371,0.8303,9.0,1,21,0.1062,35.3761
multiclass_tissue,results/pending_runs/g3_multiclass_tissue/cls_5/L30_G30/tralo_bounded/seed_4,tissuemnist,MobileNetV3,5,L30_G30,tralo_bounded,4,True,data/tissuemnist/slice_1,0.3594,0.4707,0.5088,0.3962,0.8545,8.0,1,68,0.0667,49.9968
multiclass_tissue,results/pending_runs/g3_multiclass_tissue/cls_5/L30_G30/tralo_bounded/seed_3,tissuemnist,MobileNetV3,5,L30_G30,tralo_bounded,3,True,data/tissuemnist/slice_1,0.3538,0.4802,0.4992,0.397,0.8679,9.0,1,67,0.0688,44.8598
multiclass_tissue,results/pending_runs/g3_multiclass_tissue/cls_5/L30_G30/tralo_bounded/seed_1,tissuemnist,MobileNetV3,5,L30_G30,tralo_bounded,1,True,data/tissuemnist/slice_1,0.3552,0.4689,0.4942,0.3872,0.8543,13.0,1,64,0.0717,36.0186
multiclass_tissue,results/pending_runs/g3_multiclass_tissue/cls_5/L30_G30/tralo_bounded/seed_2,tissuemnist,MobileNetV3,5,L30_G30,tralo_bounded,2,True,data/tissuemnist/slice_1,0.3896,0.4938,0.5167,0.3704,0.8328,8.0,1,74,0.5624,46.0938
multiclass_tissue,results/pending_runs/g3_multiclass_tissue/cls_5/L30_G30/heuristic/seed_4,tissuemnist,MobileNetV3,5,L30_G30,heuristic,4,True,data/tissuemnist/slice_1,0.3376,0.4516,0.4817,0.4223,0.9133,33.0,0,-1,0.0601,0.3186
multiclass_tissue,results/pending_runs/g3_multiclass_tissue/cls_5/L30_G30/heuristic/seed_3,tissuemnist,MobileNetV3,5,L30_G30,heuristic,3,True,data/tissuemnist/slice_1,0.3378,0.4631,0.4763,0.4115,0.9128,156.0,0,-1,0.0597,0.3148
multiclass_tissue,results/pending_runs/g3_multiclass_tissue/cls_5/L30_G30/heuristic/seed_1,tissuemnist,MobileNetV3,5,L30_G30,heuristic,1,True,data/tissuemnist/slice_1,0.3463,0.4474,0.4875,0.405,0.8891,90.0,0,-1,0.4598,0.5118
multiclass_tissue,results/pending_runs/g3_multiclass_tissue/cls_5/L30_G30/heuristic/seed_2,tissuemnist,MobileNetV3,5,L30_G30,heuristic,2,True,data/tissuemnist/slice_1,0.3836,0.4721,0.49,0.4032,0.8881,175.0,0,-1,0.5692,0.5306
multiclass_tissue,results/pending_runs/g3_multiclass_tissue/cls_5/L50_G50/hounie_rcl/seed_4,tissuemnist,MobileNetV3,5,L50_G50,hounie_rcl,4,True,data/tissuemnist/slice_1,0.3617,0.4729,0.5079,0.3937,0.8519,9.0,1,66,0.5832,137.3674
multiclass_tissue,results/pending_runs/g3_multiclass_tissue/cls_5/L50_G50/hounie_rcl/seed_3,tissuemnist,MobileNetV3,5,L50_G50,hounie_rcl,3,True,data/tissuemnist/slice_1,0.3559,0.4813,0.5,0.3983,0.8664,3.0,1,51,0.5307,110.033
multiclass_tissue,results/pending_runs/g3_multiclass_tissue/cls_5/L50_G50/hounie_rcl/seed_1,tissuemnist,MobileNetV3,5,L50_G50,hounie_rcl,1,True,data/tissuemnist/slice_1,0.363,0.4748,0.5017,0.382,0.8502,17.0,1,58,0.7131,120.4052
multiclass_tissue,results/pending_runs/g3_multiclass_tissue/cls_5/L50_G50/hounie_rcl/seed_2,tissuemnist,MobileNetV3,5,L50_G50,hounie_rcl,2,True,data/tissuemnist/slice_1,0.3945,0.4952,0.5146,0.3683,0.825,14.0,1,57,0.474,100.8115
multiclass_tissue,results/pending_runs/g3_multiclass_tissue/cls_5/L50_G50/tralo/seed_4,tissuemnist,MobileNetV3,5,L50_G50,tralo,4,True,data/tissuemnist/slice_1,0.3633,0.4738,0.5092,0.3935,0.8499,6.0,1,62,0.6389,46.1814
multiclass_tissue,results/pending_runs/g3_multiclass_tissue/cls_5/L50_G50/tralo/seed_3,tissuemnist,MobileNetV3,5,L50_G50,tralo,3,True,data/tissuemnist/slice_1,0.3609,0.4863,0.5092,0.3926,0.8631,3.0,1,61,0.5597,44.4652
multiclass_tissue,results/pending_runs/g3_multiclass_tissue/cls_5/L50_G50/tralo/seed_1,tissuemnist,MobileNetV3,5,L50_G50,tralo,1,True,data/tissuemnist/slice_1,0.365,0.476,0.5,0.3819,0.8482,8.0,1,62,0.6244,54.5396
multiclass_tissue,results/pending_runs/g3_multiclass_tissue/cls_5/L50_G50/tralo/seed_2,tissuemnist,MobileNetV3,5,L50_G50,tralo,2,True,data/tissuemnist/slice_1,0.3928,0.4925,0.5096,0.3708,0.8307,5.0,1,68,0.728,64.4099
multiclass_tissue,results/pending_runs/g3_multiclass_tissue/cls_5/L50_G50/danits_lp/seed_4,tissuemnist,MobileNetV3,5,L50_G50,danits_lp,4,True,data/tissuemnist/slice_1,0.3451,0.455,0.4829,0.4223,0.9133,11.0,0,-1,0.7424,0.5988
multiclass_tissue,results/pending_runs/g3_multiclass_tissue/cls_5/L50_G50/danits_lp/seed_3,tissuemnist,MobileNetV3,5,L50_G50,danits_lp,3,True,data/tissuemnist/slice_1,0.3454,0.4661,0.4775,0.4115,0.9128,134.0,0,-1,0.7499,0.5102
multiclass_tissue,results/pending_runs/g3_multiclass_tissue/cls_5/L50_G50/danits_lp/seed_1,tissuemnist,MobileNetV3,5,L50_G50,danits_lp,1,True,data/tissuemnist/slice_1,0.3504,0.4492,0.4875,0.405,0.8891,68.0,0,-1,0.0772,0.4029
multiclass_tissue,results/pending_runs/g3_multiclass_tissue/cls_5/L50_G50/danits_lp/seed_2,tissuemnist,MobileNetV3,5,L50_G50,danits_lp,2,True,data/tissuemnist/slice_1,0.3813,0.4701,0.4871,0.4032,0.8881,153.0,0,-1,0.475,0.5646
multiclass_tissue,results/pending_runs/g3_multiclass_tissue/cls_5/L50_G50/fioretto_ldf/seed_4,tissuemnist,MobileNetV3,5,L50_G50,fioretto_ldf,4,True,data/tissuemnist/slice_1,0.3637,0.4743,0.5096,0.3925,0.8524,14.0,1,13,0.3715,35.1895
multiclass_tissue,results/pending_runs/g3_multiclass_tissue/cls_5/L50_G50/fioretto_ldf/seed_3,tissuemnist,MobileNetV3,5,L50_G50,fioretto_ldf,3,True,data/tissuemnist/slice_1,0.3573,0.4824,0.5008,0.3979,0.8671,10.0,1,12,0.7041,32.5849
multiclass_tissue,results/pending_runs/g3_multiclass_tissue/cls_5/L50_G50/fioretto_ldf/seed_1,tissuemnist,MobileNetV3,5,L50_G50,fioretto_ldf,1,True,data/tissuemnist/slice_1,0.3626,0.4749,0.5017,0.3816,0.8497,19.0,1,12,0.5387,22.6439
multiclass_tissue,results/pending_runs/g3_multiclass_tissue/cls_5/L50_G50/fioretto_ldf/seed_2,tissuemnist,MobileNetV3,5,L50_G50,fioretto_ldf,2,True,data/tissuemnist/slice_1,0.3934,0.4954,0.515,0.3669,0.8237,14.0,1,18,0.0991,39.4875
multiclass_tissue,results/pending_runs/g3_multiclass_tissue/cls_5/L50_G50/tralo_bounded/seed_4,tissuemnist,MobileNetV3,5,L50_G50,tralo_bounded,4,True,data/tissuemnist/slice_1,0.3645,0.4736,0.5083,0.3935,0.8517,14.0,1,62,0.2385,36.0554
multiclass_tissue,results/pending_runs/g3_multiclass_tissue/cls_5/L50_G50/tralo_bounded/seed_3,tissuemnist,MobileNetV3,5,L50_G50,tralo_bounded,3,True,data/tissuemnist/slice_1,0.361,0.4856,0.505,0.3954,0.8652,11.0,1,61,0.4145,34.9924
multiclass_tissue,results/pending_runs/g3_multiclass_tissue/cls_5/L50_G50/tralo_bounded/seed_1,tissuemnist,MobileNetV3,5,L50_G50,tralo_bounded,1,True,data/tissuemnist/slice_1,0.3652,0.4764,0.5021,0.3835,0.8489,15.0,1,62,0.069,30.6347
multiclass_tissue,results/pending_runs/g3_multiclass_tissue/cls_5/L50_G50/tralo_bounded/seed_2,tissuemnist,MobileNetV3,5,L50_G50,tralo_bounded,2,True,data/tissuemnist/slice_1,0.3923,0.4934,0.5112,0.373,0.8322,14.0,1,68,0.6853,46.1012
multiclass_tissue,results/pending_runs/g3_multiclass_tissue/cls_5/L50_G50/heuristic/seed_4,tissuemnist,MobileNetV3,5,L50_G50,heuristic,4,True,data/tissuemnist/slice_1,0.3466,0.4556,0.4833,0.4223,0.9133,11.0,0,-1,0.504,0.5166
multiclass_tissue,results/pending_runs/g3_multiclass_tissue/cls_5/L50_G50/heuristic/seed_3,tissuemnist,MobileNetV3,5,L50_G50,heuristic,3,True,data/tissuemnist/slice_1,0.3447,0.466,0.4771,0.4115,0.9128,134.0,0,-1,0.0967,0.3771
multiclass_tissue,results/pending_runs/g3_multiclass_tissue/cls_5/L50_G50/heuristic/seed_1,tissuemnist,MobileNetV3,5,L50_G50,heuristic,1,True,data/tissuemnist/slice_1,0.3504,0.4492,0.4875,0.405,0.8891,68.0,0,-1,0.2198,0.539
multiclass_tissue,results/pending_runs/g3_multiclass_tissue/cls_5/L50_G50/heuristic/seed_2,tissuemnist,MobileNetV3,5,L50_G50,heuristic,2,True,data/tissuemnist/slice_1,0.3829,0.4706,0.4875,0.4032,0.8881,153.0,0,-1,0.5214,0.5617
multiclass_tissue,results/pending_runs/g3_multiclass_tissue/cls_5/L80_G80/hounie_rcl/seed_4,tissuemnist,MobileNetV3,5,L80_G80,hounie_rcl,4,True,data/tissuemnist/slice_1,0.3702,0.4773,0.5079,0.3956,0.8513,2.0,1,47,0.091,83.2136
multiclass_tissue,results/pending_runs/g3_multiclass_tissue/cls_5/L80_G80/hounie_rcl/seed_3,tissuemnist,MobileNetV3,5,L80_G80,hounie_rcl,3,True,data/tissuemnist/slice_1,0.3578,0.4819,0.5004,0.3962,0.8697,3.0,1,34,0.9155,77.6109
multiclass_tissue,results/pending_runs/g3_multiclass_tissue/cls_5/L80_G80/hounie_rcl/seed_1,tissuemnist,MobileNetV3,5,L80_G80,hounie_rcl,1,True,data/tissuemnist/slice_1,0.3757,0.4794,0.5046,0.3804,0.8434,22.0,1,55,0.6205,119.0283
multiclass_tissue,results/pending_runs/g3_multiclass_tissue/cls_5/L80_G80/hounie_rcl/seed_2,tissuemnist,MobileNetV3,5,L80_G80,hounie_rcl,2,True,data/tissuemnist/slice_1,0.3974,0.4966,0.5142,0.3682,0.8212,14.0,1,52,0.6433,101.9902
multiclass_tissue,results/pending_runs/g3_multiclass_tissue/cls_5/L80_G80/tralo/seed_4,tissuemnist,MobileNetV3,5,L80_G80,tralo,4,True,data/tissuemnist/slice_1,0.3726,0.4838,0.5104,0.3907,0.8502,10.0,1,57,0.3454,50.6053
multiclass_tissue,results/pending_runs/g3_multiclass_tissue/cls_5/L80_G80/tralo/seed_3,tissuemnist,MobileNetV3,5,L80_G80,tralo,3,True,data/tissuemnist/slice_1,0.3564,0.4808,0.5004,0.3965,0.8676,1.0,1,56,0.0718,55.2638
multiclass_tissue,results/pending_runs/g3_multiclass_tissue/cls_5/L80_G80/tralo/seed_1,tissuemnist,MobileNetV3,5,L80_G80,tralo,1,True,data/tissuemnist/slice_1,0.3684,0.4746,0.5021,0.381,0.8427,11.0,1,59,0.4871,68.8541
multiclass_tissue,results/pending_runs/g3_multiclass_tissue/cls_5/L80_G80/tralo/seed_2,tissuemnist,MobileNetV3,5,L80_G80,tralo,2,True,data/tissuemnist/slice_1,0.398,0.4951,0.5017,0.3739,0.8416,5.0,1,66,0.3953,86.2723
multiclass_tissue,results/pending_runs/g3_multiclass_tissue/cls_5/L80_G80/danits_lp/seed_4,tissuemnist,MobileNetV3,5,L80_G80,danits_lp,4,True,data/tissuemnist/slice_1,0.3488,0.4565,0.4838,0.4223,0.9133,1.0,1,-1,0.741,0.5431
multiclass_tissue,results/pending_runs/g3_multiclass_tissue/cls_5/L80_G80/danits_lp/seed_3,tissuemnist,MobileNetV3,5,L80_G80,danits_lp,3,True,data/tissuemnist/slice_1,0.3457,0.4657,0.4754,0.4115,0.9128,101.0,0,-1,0.6933,0.6056
multiclass_tissue,results/pending_runs/g3_multiclass_tissue/cls_5/L80_G80/danits_lp/seed_1,tissuemnist,MobileNetV3,5,L80_G80,danits_lp,1,True,data/tissuemnist/slice_1,0.3491,0.449,0.4858,0.405,0.8891,35.0,0,-1,0.5587,0.6363
multiclass_tissue,results/pending_runs/g3_multiclass_tissue/cls_5/L80_G80/danits_lp/seed_2,tissuemnist,MobileNetV3,5,L80_G80,danits_lp,2,True,data/tissuemnist/slice_1,0.3864,0.4714,0.4863,0.4032,0.8881,120.0,0,-1,0.7338,0.5297
multiclass_tissue,results/pending_runs/g3_multiclass_tissue/cls_5/L80_G80/fioretto_ldf/seed_4,tissuemnist,MobileNetV3,5,L80_G80,fioretto_ldf,4,True,data/tissuemnist/slice_1,0.3682,0.4763,0.5075,0.3954,0.8509,13.0,1,6,0.269,26.3587
multiclass_tissue,results/pending_runs/g3_multiclass_tissue/cls_5/L80_G80/fioretto_ldf/seed_3,tissuemnist,MobileNetV3,5,L80_G80,fioretto_ldf,3,True,data/tissuemnist/slice_1,0.3586,0.4821,0.5,0.3957,0.8687,14.0,1,7,0.4973,21.778
multiclass_tissue,results/pending_runs/g3_multiclass_tissue/cls_5/L80_G80/fioretto_ldf/seed_1,tissuemnist,MobileNetV3,5,L80_G80,fioretto_ldf,1,True,data/tissuemnist/slice_1,0.3743,0.4782,0.5033,0.3818,0.8437,24.0,1,9,0.6421,24.3665
multiclass_tissue,results/pending_runs/g3_multiclass_tissue/cls_5/L80_G80/fioretto_ldf/seed_2,tissuemnist,MobileNetV3,5,L80_G80,fioretto_ldf,2,True,data/tissuemnist/slice_1,0.3968,0.4977,0.5146,0.367,0.8204,15.0,1,15,0.0942,29.8586
multiclass_tissue,results/pending_runs/g3_multiclass_tissue/cls_5/L80_G80/tralo_bounded/seed_4,tissuemnist,MobileNetV3,5,L80_G80,tralo_bounded,4,True,data/tissuemnist/slice_1,0.3762,0.4859,0.5133,0.3874,0.8466,17.0,1,57,0.0879,27.2951
multiclass_tissue,results/pending_runs/g3_multiclass_tissue/cls_5/L80_G80/tralo_bounded/seed_3,tissuemnist,MobileNetV3,5,L80_G80,tralo_bounded,3,True,data/tissuemnist/slice_1,0.3573,0.481,0.4988,0.3961,0.8687,11.0,1,56,0.3127,25.4881
multiclass_tissue,results/pending_runs/g3_multiclass_tissue/cls_5/L80_G80/tralo_bounded/seed_1,tissuemnist,MobileNetV3,5,L80_G80,tralo_bounded,1,True,data/tissuemnist/slice_1,0.3781,0.4834,0.5071,0.3753,0.8454,23.0,1,59,0.1815,28.5043
multiclass_tissue,results/pending_runs/g3_multiclass_tissue/cls_5/L80_G80/tralo_bounded/seed_2,tissuemnist,MobileNetV3,5,L80_G80,tralo_bounded,2,True,data/tissuemnist/slice_1,0.3944,0.4968,0.5138,0.3696,0.825,13.0,1,66,0.4093,41.0958
multiclass_tissue,results/pending_runs/g3_multiclass_tissue/cls_5/L80_G80/heuristic/seed_4,tissuemnist,MobileNetV3,5,L80_G80,heuristic,4,True,data/tissuemnist/slice_1,0.3538,0.4577,0.4833,0.4223,0.9133,24.0,1,-1,0.4287,0.5157
multiclass_tissue,results/pending_runs/g3_multiclass_tissue/cls_5/L80_G80/heuristic/seed_3,tissuemnist,MobileNetV3,5,L80_G80,heuristic,3,True,data/tissuemnist/slice_1,0.3459,0.4661,0.4758,0.4115,0.9128,101.0,0,-1,0.0887,0.3707
multiclass_tissue,results/pending_runs/g3_multiclass_tissue/cls_5/L80_G80/heuristic/seed_1,tissuemnist,MobileNetV3,5,L80_G80,heuristic,1,True,data/tissuemnist/slice_1,0.352,0.4505,0.4871,0.405,0.8891,35.0,0,-1,0.1654,0.5739
multiclass_tissue,results/pending_runs/g3_multiclass_tissue/cls_5/L80_G80/heuristic/seed_2,tissuemnist,MobileNetV3,5,L80_G80,heuristic,2,True,data/tissuemnist/slice_1,0.3873,0.4714,0.4863,0.4032,0.8881,120.0,0,-1,0.6117,0.5432
multiclass_tissue,results/pending_runs/g3_multiclass_tissue/cls_7/L20_G20/hounie_rcl/seed_4,tissuemnist,MobileNetV3,7,L20_G20,hounie_rcl,4,True,data/tissuemnist/slice_1,0.3713,0.4779,0.515,0.389,0.8511,9.0,1,50,0.0856,83.314
multiclass_tissue,results/pending_runs/g3_multiclass_tissue/cls_7/L20_G20/hounie_rcl/seed_3,tissuemnist,MobileNetV3,7,L20_G20,hounie_rcl,3,True,data/tissuemnist/slice_1,0.3383,0.4599,0.4925,0.4152,0.8895,18.0,1,40,0.0892,87.8695
multiclass_tissue,results/pending_runs/g3_multiclass_tissue/cls_7/L20_G20/hounie_rcl/seed_1,tissuemnist,MobileNetV3,7,L20_G20,hounie_rcl,1,True,data/tissuemnist/slice_1,0.3695,0.4828,0.5217,0.3748,0.8355,29.0,1,40,0.6861,88.9239
multiclass_tissue,results/pending_runs/g3_multiclass_tissue/cls_7/L20_G20/hounie_rcl/seed_2,tissuemnist,MobileNetV3,7,L20_G20,hounie_rcl,2,True,data/tissuemnist/slice_1,0.3808,0.4813,0.5071,0.3819,0.8429,24.0,1,36,0.4754,84.1143
multiclass_tissue,results/pending_runs/g3_multiclass_tissue/cls_7/L20_G20/tralo/seed_4,tissuemnist,MobileNetV3,7,L20_G20,tralo,4,True,data/tissuemnist/slice_1,0.3785,0.4797,0.515,0.3923,0.8507,5.0,1,66,0.8406,84.1115
multiclass_tissue,results/pending_runs/g3_multiclass_tissue/cls_7/L20_G20/tralo/seed_3,tissuemnist,MobileNetV3,7,L20_G20,tralo,3,True,data/tissuemnist/slice_1,0.3406,0.4635,0.4958,0.4094,0.884,7.0,1,70,0.6787,66.7533
multiclass_tissue,results/pending_runs/g3_multiclass_tissue/cls_7/L20_G20/tralo/seed_1,tissuemnist,MobileNetV3,7,L20_G20,tralo,1,True,data/tissuemnist/slice_1,0.3725,0.482,0.5183,0.3782,0.8348,22.0,1,65,0.6999,56.5725
multiclass_tissue,results/pending_runs/g3_multiclass_tissue/cls_7/L20_G20/tralo/seed_2,tissuemnist,MobileNetV3,7,L20_G20,tralo,2,True,data/tissuemnist/slice_1,0.3867,0.4843,0.5092,0.3792,0.8399,7.0,1,68,0.3885,69.1517
multiclass_tissue,results/pending_runs/g3_multiclass_tissue/cls_7/L20_G20/danits_lp/seed_4,tissuemnist,MobileNetV3,7,L20_G20,danits_lp,4,True,data/tissuemnist/slice_1,0.348,0.4543,0.4838,0.4223,0.9133,23.0,0,-1,0.0655,0.4918
multiclass_tissue,results/pending_runs/g3_multiclass_tissue/cls_7/L20_G20/danits_lp/seed_3,tissuemnist,MobileNetV3,7,L20_G20,danits_lp,3,True,data/tissuemnist/slice_1,0.3295,0.4516,0.47,0.4115,0.9128,143.0,0,-1,0.402,0.6069
multiclass_tissue,results/pending_runs/g3_multiclass_tissue/cls_7/L20_G20/danits_lp/seed_1,tissuemnist,MobileNetV3,7,L20_G20,danits_lp,1,True,data/tissuemnist/slice_1,0.3463,0.4415,0.4833,0.405,0.8891,43.0,0,-1,0.6407,0.6169
multiclass_tissue,results/pending_runs/g3_multiclass_tissue/cls_7/L20_G20/danits_lp/seed_2,tissuemnist,MobileNetV3,7,L20_G20,danits_lp,2,True,data/tissuemnist/slice_1,0.3858,0.4629,0.4804,0.4032,0.8881,62.0,0,-1,0.6862,0.6114
multiclass_tissue,results/pending_runs/g3_multiclass_tissue/cls_7/L20_G20/fioretto_ldf/seed_4,tissuemnist,MobileNetV3,7,L20_G20,fioretto_ldf,4,True,data/tissuemnist/slice_1,0.3724,0.478,0.515,0.3898,0.8514,7.0,1,17,0.5162,39.7018
multiclass_tissue,results/pending_runs/g3_multiclass_tissue/cls_7/L20_G20/fioretto_ldf/seed_3,tissuemnist,MobileNetV3,7,L20_G20,fioretto_ldf,3,True,data/tissuemnist/slice_1,0.3406,0.4614,0.4938,0.4135,0.8866,12.0,1,19,0.7033,44.4917
multiclass_tissue,results/pending_runs/g3_multiclass_tissue/cls_7/L20_G20/fioretto_ldf/seed_1,tissuemnist,MobileNetV3,7,L20_G20,fioretto_ldf,1,True,data/tissuemnist/slice_1,0.3708,0.4827,0.5204,0.3744,0.8344,20.0,1,16,0.5769,38.326
multiclass_tissue,results/pending_runs/g3_multiclass_tissue/cls_7/L20_G20/fioretto_ldf/seed_2,tissuemnist,MobileNetV3,7,L20_G20,fioretto_ldf,2,True,data/tissuemnist/slice_1,0.3802,0.4814,0.5067,0.3818,0.841,9.0,1,19,0.6541,42.9599
multiclass_tissue,results/pending_runs/g3_multiclass_tissue/cls_7/L20_G20/tralo_bounded/seed_4,tissuemnist,MobileNetV3,7,L20_G20,tralo_bounded,4,True,data/tissuemnist/slice_1,0.3726,0.4791,0.5158,0.3882,0.8493,7.0,1,66,0.5736,42.3552
multiclass_tissue,results/pending_runs/g3_multiclass_tissue/cls_7/L20_G20/tralo_bounded/seed_3,tissuemnist,MobileNetV3,7,L20_G20,tralo_bounded,3,True,data/tissuemnist/slice_1,0.3433,0.4647,0.4971,0.4106,0.886,12.0,1,70,0.5469,48.6532
multiclass_tissue,results/pending_runs/g3_multiclass_tissue/cls_7/L20_G20/tralo_bounded/seed_1,tissuemnist,MobileNetV3,7,L20_G20,tralo_bounded,1,True,data/tissuemnist/slice_1,0.3714,0.483,0.52,0.3763,0.8341,23.0,1,65,0.0889,32.8632
multiclass_tissue,results/pending_runs/g3_multiclass_tissue/cls_7/L20_G20/tralo_bounded/seed_2,tissuemnist,MobileNetV3,7,L20_G20,tralo_bounded,2,True,data/tissuemnist/slice_1,0.3782,0.4796,0.505,0.3817,0.8402,6.0,1,68,0.0943,45.8463
multiclass_tissue,results/pending_runs/g3_multiclass_tissue/cls_7/L20_G20/heuristic/seed_4,tissuemnist,MobileNetV3,7,L20_G20,heuristic,4,True,data/tissuemnist/slice_1,0.348,0.4543,0.4838,0.4223,0.9133,23.0,0,-1,0.0966,0.3669
multiclass_tissue,results/pending_runs/g3_multiclass_tissue/cls_7/L20_G20/heuristic/seed_3,tissuemnist,MobileNetV3,7,L20_G20,heuristic,3,True,data/tissuemnist/slice_1,0.3287,0.4506,0.4692,0.4115,0.9128,143.0,0,-1,0.2187,0.5734
multiclass_tissue,results/pending_runs/g3_multiclass_tissue/cls_7/L20_G20/heuristic/seed_1,tissuemnist,MobileNetV3,7,L20_G20,heuristic,1,True,data/tissuemnist/slice_1,0.3462,0.4416,0.4833,0.405,0.8891,43.0,0,-1,0.0916,0.3552
multiclass_tissue,results/pending_runs/g3_multiclass_tissue/cls_7/L20_G20/heuristic/seed_2,tissuemnist,MobileNetV3,7,L20_G20,heuristic,2,True,data/tissuemnist/slice_1,0.3868,0.464,0.4813,0.4032,0.8881,62.0,0,-1,0.3004,0.5603
multiclass_tissue,results/pending_runs/g3_multiclass_tissue/cls_7/L70_G70/hounie_rcl/seed_4,tissuemnist,MobileNetV3,7,L70_G70,hounie_rcl,4,True,data/tissuemnist/slice_1,0.388,0.4957,0.5117,0.3945,0.8517,144.0,1,1,0.5216,12.9935
multiclass_tissue,results/pending_runs/g3_multiclass_tissue/cls_7/L70_G70/hounie_rcl/seed_3,tissuemnist,MobileNetV3,7,L70_G70,hounie_rcl,3,True,data/tissuemnist/slice_1,0.3545,0.4781,0.4917,0.3995,0.8741,65.0,1,1,0.4257,14.574
multiclass_tissue,results/pending_runs/g3_multiclass_tissue/cls_7/L70_G70/hounie_rcl/seed_1,tissuemnist,MobileNetV3,7,L70_G70,hounie_rcl,1,True,data/tissuemnist/slice_1,0.3829,0.4871,0.5029,0.3723,0.837,85.0,1,1,0.1939,16.01
multiclass_tissue,results/pending_runs/g3_multiclass_tissue/cls_7/L70_G70/hounie_rcl/seed_2,tissuemnist,MobileNetV3,7,L70_G70,hounie_rcl,2,True,data/tissuemnist/slice_1,0.4048,0.5009,0.5062,0.3732,0.8363,54.0,1,1,0.0621,13.6102
multiclass_tissue,results/pending_runs/g3_multiclass_tissue/cls_7/L70_G70/tralo/seed_4,tissuemnist,MobileNetV3,7,L70_G70,tralo,4,True,data/tissuemnist/slice_1,0.3867,0.4929,0.5079,0.3893,0.8472,114.0,1,51,0.0888,13.3087
multiclass_tissue,results/pending_runs/g3_multiclass_tissue/cls_7/L70_G70/tralo/seed_3,tissuemnist,MobileNetV3,7,L70_G70,tralo,3,True,data/tissuemnist/slice_1,0.3534,0.4767,0.4896,0.4024,0.8788,31.0,1,51,0.0761,16.7395
multiclass_tissue,results/pending_runs/g3_multiclass_tissue/cls_7/L70_G70/tralo/seed_1,tissuemnist,MobileNetV3,7,L70_G70,tralo,1,True,data/tissuemnist/slice_1,0.3758,0.4811,0.4967,0.3765,0.8423,57.0,1,51,0.6359,27.695
multiclass_tissue,results/pending_runs/g3_multiclass_tissue/cls_7/L70_G70/tralo/seed_2,tissuemnist,MobileNetV3,7,L70_G70,tralo,2,True,data/tissuemnist/slice_1,0.397,0.4931,0.4983,0.3754,0.8408,45.0,1,51,0.7489,27.6383
multiclass_tissue,results/pending_runs/g3_multiclass_tissue/cls_7/L70_G70/danits_lp/seed_4,tissuemnist,MobileNetV3,7,L70_G70,danits_lp,4,True,data/tissuemnist/slice_1,0.3488,0.4565,0.4838,0.4223,0.9133,1.0,1,-1,0.5328,0.6603
multiclass_tissue,results/pending_runs/g3_multiclass_tissue/cls_7/L70_G70/danits_lp/seed_3,tissuemnist,MobileNetV3,7,L70_G70,danits_lp,3,True,data/tissuemnist/slice_1,0.3414,0.4624,0.4679,0.4115,0.9128,0.0,1,-1,0.0871,0.4528
multiclass_tissue,results/pending_runs/g3_multiclass_tissue/cls_7/L70_G70/danits_lp/seed_1,tissuemnist,MobileNetV3,7,L70_G70,danits_lp,1,True,data/tissuemnist/slice_1,0.3541,0.4509,0.4867,0.405,0.8891,0.0,1,-1,0.3437,0.6258
multiclass_tissue,results/pending_runs/g3_multiclass_tissue/cls_7/L70_G70/danits_lp/seed_2,tissuemnist,MobileNetV3,7,L70_G70,danits_lp,2,True,data/tissuemnist/slice_1,0.3955,0.4727,0.4838,0.4032,0.8881,0.0,1,-1,0.6725,0.6322
multiclass_tissue,results/pending_runs/g3_multiclass_tissue/cls_7/L70_G70/fioretto_ldf/seed_4,tissuemnist,MobileNetV3,7,L70_G70,fioretto_ldf,4,True,data/tissuemnist/slice_1,0.388,0.4957,0.5117,0.3945,0.8517,144.0,1,1,0.6627,17.1712
multiclass_tissue,results/pending_runs/g3_multiclass_tissue/cls_7/L70_G70/fioretto_ldf/seed_3,tissuemnist,MobileNetV3,7,L70_G70,fioretto_ldf,3,True,data/tissuemnist/slice_1,0.3545,0.4781,0.4917,0.3995,0.8741,65.0,1,1,0.6361,11.9269
multiclass_tissue,results/pending_runs/g3_multiclass_tissue/cls_7/L70_G70/fioretto_ldf/seed_1,tissuemnist,MobileNetV3,7,L70_G70,fioretto_ldf,1,True,data/tissuemnist/slice_1,0.3829,0.4871,0.5029,0.3723,0.837,85.0,1,1,0.7209,17.2039
multiclass_tissue,results/pending_runs/g3_multiclass_tissue/cls_7/L70_G70/fioretto_ldf/seed_2,tissuemnist,MobileNetV3,7,L70_G70,fioretto_ldf,2,True,data/tissuemnist/slice_1,0.4048,0.5009,0.5062,0.3732,0.8363,54.0,1,1,0.681,17.0511
multiclass_tissue,results/pending_runs/g3_multiclass_tissue/cls_7/L70_G70/tralo_bounded/seed_4,tissuemnist,MobileNetV3,7,L70_G70,tralo_bounded,4,True,data/tissuemnist/slice_1,0.388,0.4957,0.5117,0.3945,0.8517,144.0,1,51,0.7158,18.6241
multiclass_tissue,results/pending_runs/g3_multiclass_tissue/cls_7/L70_G70/tralo_bounded/seed_3,tissuemnist,MobileNetV3,7,L70_G70,tralo_bounded,3,True,data/tissuemnist/slice_1,0.3545,0.4781,0.4917,0.3995,0.8741,65.0,1,51,0.8948,18.4875
multiclass_tissue,results/pending_runs/g3_multiclass_tissue/cls_7/L70_G70/tralo_bounded/seed_1,tissuemnist,MobileNetV3,7,L70_G70,tralo_bounded,1,True,data/tissuemnist/slice_1,0.3829,0.4871,0.5029,0.3723,0.837,85.0,1,51,0.7297,12.7041
multiclass_tissue,results/pending_runs/g3_multiclass_tissue/cls_7/L70_G70/tralo_bounded/seed_2,tissuemnist,MobileNetV3,7,L70_G70,tralo_bounded,2,True,data/tissuemnist/slice_1,0.4048,0.5009,0.5062,0.3732,0.8363,54.0,1,51,0.5654,18.4644
multiclass_tissue,results/pending_runs/g3_multiclass_tissue/cls_7/L70_G70/heuristic/seed_4,tissuemnist,MobileNetV3,7,L70_G70,heuristic,4,True,data/tissuemnist/slice_1,0.3503,0.4579,0.4746,0.4223,0.9133,157.0,1,-1,0.6502,0.5789
multiclass_tissue,results/pending_runs/g3_multiclass_tissue/cls_7/L70_G70/heuristic/seed_3,tissuemnist,MobileNetV3,7,L70_G70,heuristic,3,True,data/tissuemnist/slice_1,0.343,0.4644,0.4675,0.4115,0.9128,35.0,1,-1,0.4887,0.5788
multiclass_tissue,results/pending_runs/g3_multiclass_tissue/cls_7/L70_G70/heuristic/seed_1,tissuemnist,MobileNetV3,7,L70_G70,heuristic,1,True,data/tissuemnist/slice_1,0.3572,0.4513,0.4796,0.405,0.8891,135.0,1,-1,0.0632,0.354
multiclass_tissue,results/pending_runs/g3_multiclass_tissue/cls_7/L70_G70/heuristic/seed_2,tissuemnist,MobileNetV3,7,L70_G70,heuristic,2,True,data/tissuemnist/slice_1,0.4012,0.477,0.4796,0.4032,0.8881,116.0,1,-1,0.2743,0.4569
multiclass_tissue,results/pending_runs/g3_multiclass_tissue/cls_7/L30_G30/hounie_rcl/seed_4,tissuemnist,MobileNetV3,7,L30_G30,hounie_rcl,4,True,data/tissuemnist/slice_1,0.3721,0.4792,0.5083,0.3949,0.8518,3.0,1,1,0.6168,20.2007
multiclass_tissue,results/pending_runs/g3_multiclass_tissue/cls_7/L30_G30/hounie_rcl/seed_3,tissuemnist,MobileNetV3,7,L30_G30,hounie_rcl,3,True,data/tissuemnist/slice_1,0.3499,0.4743,0.5017,0.406,0.8789,26.0,1,37,0.4283,76.5756
multiclass_tissue,results/pending_runs/g3_multiclass_tissue/cls_7/L30_G30/hounie_rcl/seed_1,tissuemnist,MobileNetV3,7,L30_G30,hounie_rcl,1,True,data/tissuemnist/slice_1,0.3738,0.485,0.5162,0.3733,0.8328,29.0,1,29,0.5719,64.2715
multiclass_tissue,results/pending_runs/g3_multiclass_tissue/cls_7/L30_G30/hounie_rcl/seed_2,tissuemnist,MobileNetV3,7,L30_G30,hounie_rcl,2,True,data/tissuemnist/slice_1,0.3898,0.4907,0.5088,0.3793,0.8385,27.0,1,32,0.5616,65.7204
multiclass_tissue,results/pending_runs/g3_multiclass_tissue/cls_7/L30_G30/tralo/seed_4,tissuemnist,MobileNetV3,7,L30_G30,tralo,4,True,data/tissuemnist/slice_1,0.3787,0.4834,0.5125,0.3952,0.8535,11.0,1,51,0.0875,30.6208
multiclass_tissue,results/pending_runs/g3_multiclass_tissue/cls_7/L30_G30/tralo/seed_3,tissuemnist,MobileNetV3,7,L30_G30,tralo,3,True,data/tissuemnist/slice_1,0.3703,0.4817,0.505,0.4056,0.8728,1.0,1,66,0.0852,113.2064
multiclass_tissue,results/pending_runs/g3_multiclass_tissue/cls_7/L30_G30/tralo/seed_1,tissuemnist,MobileNetV3,7,L30_G30,tralo,1,True,data/tissuemnist/slice_1,0.3728,0.482,0.5125,0.3776,0.8355,19.0,1,61,0.6534,41.2415
multiclass_tissue,results/pending_runs/g3_multiclass_tissue/cls_7/L30_G30/tralo/seed_2,tissuemnist,MobileNetV3,7,L30_G30,tralo,2,True,data/tissuemnist/slice_1,0.3871,0.4871,0.5058,0.3795,0.8378,7.0,1,63,0.7625,49.1594
multiclass_tissue,results/pending_runs/g3_multiclass_tissue/cls_7/L30_G30/danits_lp/seed_4,tissuemnist,MobileNetV3,7,L30_G30,danits_lp,4,True,data/tissuemnist/slice_1,0.3488,0.4565,0.4838,0.4223,0.9133,1.0,1,-1,0.0971,0.4948
multiclass_tissue,results/pending_runs/g3_multiclass_tissue/cls_7/L30_G30/danits_lp/seed_3,tissuemnist,MobileNetV3,7,L30_G30,danits_lp,3,True,data/tissuemnist/slice_1,0.3363,0.4587,0.4717,0.4115,0.9128,107.0,0,-1,0.3485,0.6138
multiclass_tissue,results/pending_runs/g3_multiclass_tissue/cls_7/L30_G30/danits_lp/seed_1,tissuemnist,MobileNetV3,7,L30_G30,danits_lp,1,True,data/tissuemnist/slice_1,0.3512,0.4476,0.485,0.405,0.8891,10.0,0,-1,0.0781,0.4447
multiclass_tissue,results/pending_runs/g3_multiclass_tissue/cls_7/L30_G30/danits_lp/seed_2,tissuemnist,MobileNetV3,7,L30_G30,danits_lp,2,True,data/tissuemnist/slice_1,0.3906,0.4675,0.4813,0.4032,0.8881,26.0,0,-1,0.086,0.4414
multiclass_tissue,results/pending_runs/g3_multiclass_tissue/cls_7/L30_G30/fioretto_ldf/seed_4,tissuemnist,MobileNetV3,7,L30_G30,fioretto_ldf,4,True,data/tissuemnist/slice_1,0.3757,0.4817,0.5112,0.3934,0.8527,6.0,1,1,0.2202,13.0543
multiclass_tissue,results/pending_runs/g3_multiclass_tissue/cls_7/L30_G30/fioretto_ldf/seed_3,tissuemnist,MobileNetV3,7,L30_G30,fioretto_ldf,3,True,data/tissuemnist/slice_1,0.3539,0.4772,0.5042,0.4017,0.8765,10.0,1,15,0.867,42.0318
multiclass_tissue,results/pending_runs/g3_multiclass_tissue/cls_7/L30_G30/fioretto_ldf/seed_1,tissuemnist,MobileNetV3,7,L30_G30,fioretto_ldf,1,True,data/tissuemnist/slice_1,0.3768,0.487,0.5183,0.3731,0.8329,30.0,1,10,0.8876,30.1332
multiclass_tissue,results/pending_runs/g3_multiclass_tissue/cls_7/L30_G30/fioretto_ldf/seed_2,tissuemnist,MobileNetV3,7,L30_G30,fioretto_ldf,2,True,data/tissuemnist/slice_1,0.3897,0.4889,0.5079,0.3759,0.838,13.0,1,14,0.5735,41.4046
multiclass_tissue,results/pending_runs/g3_multiclass_tissue/cls_7/L30_G30/tralo_bounded/seed_4,tissuemnist,MobileNetV3,7,L30_G30,tralo_bounded,4,True,data/tissuemnist/slice_1,0.3755,0.4821,0.5117,0.3938,0.8535,12.0,1,51,0.0898,29.4531
multiclass_tissue,results/pending_runs/g3_multiclass_tissue/cls_7/L30_G30/tralo_bounded/seed_3,tissuemnist,MobileNetV3,7,L30_G30,tralo_bounded,3,True,data/tissuemnist/slice_1,0.354,0.4776,0.5042,0.4027,0.8782,9.0,1,65,0.656,54.7286
multiclass_tissue,results/pending_runs/g3_multiclass_tissue/cls_7/L30_G30/tralo_bounded/seed_1,tissuemnist,MobileNetV3,7,L30_G30,tralo_bounded,1,True,data/tissuemnist/slice_1,0.3744,0.4844,0.515,0.3746,0.8342,29.0,1,61,0.69,36.7352
multiclass_tissue,results/pending_runs/g3_multiclass_tissue/cls_7/L30_G30/tralo_bounded/seed_2,tissuemnist,MobileNetV3,7,L30_G30,tralo_bounded,2,True,data/tissuemnist/slice_1,0.3882,0.4881,0.5075,0.3774,0.838,9.0,1,63,0.429,35.6329
multiclass_tissue,results/pending_runs/g3_multiclass_tissue/cls_7/L30_G30/heuristic/seed_4,tissuemnist,MobileNetV3,7,L30_G30,heuristic,4,True,data/tissuemnist/slice_1,0.3498,0.4571,0.4829,0.4223,0.9133,15.0,1,-1,0.5185,0.4839
multiclass_tissue,results/pending_runs/g3_multiclass_tissue/cls_7/L30_G30/heuristic/seed_3,tissuemnist,MobileNetV3,7,L30_G30,heuristic,3,True,data/tissuemnist/slice_1,0.3363,0.4587,0.4717,0.4115,0.9128,107.0,0,-1,0.6554,0.5562
multiclass_tissue,results/pending_runs/g3_multiclass_tissue/cls_7/L30_G30/heuristic/seed_1,tissuemnist,MobileNetV3,7,L30_G30,heuristic,1,True,data/tissuemnist/slice_1,0.3508,0.4473,0.4846,0.405,0.8891,13.0,0,-1,0.6803,0.5093
multiclass_tissue,results/pending_runs/g3_multiclass_tissue/cls_7/L30_G30/heuristic/seed_2,tissuemnist,MobileNetV3,7,L30_G30,heuristic,2,True,data/tissuemnist/slice_1,0.3906,0.4674,0.4813,0.4032,0.8881,26.0,0,-1,0.7084,0.552
multiclass_tissue,results/pending_runs/g3_multiclass_tissue/cls_7/L50_G50/hounie_rcl/seed_4,tissuemnist,MobileNetV3,7,L50_G50,hounie_rcl,4,True,data/tissuemnist/slice_1,0.3721,0.4792,0.5083,0.3945,0.8517,0.0,1,1,0.4881,13.3929
multiclass_tissue,results/pending_runs/g3_multiclass_tissue/cls_7/L50_G50/hounie_rcl/seed_3,tissuemnist,MobileNetV3,7,L50_G50,hounie_rcl,3,True,data/tissuemnist/slice_1,0.3541,0.4804,0.5012,0.3996,0.8718,0.0,1,36,0.4604,75.3233
multiclass_tissue,results/pending_runs/g3_multiclass_tissue/cls_7/L50_G50/hounie_rcl/seed_1,tissuemnist,MobileNetV3,7,L50_G50,hounie_rcl,1,True,data/tissuemnist/slice_1,0.3748,0.4808,0.5058,0.3743,0.8364,0.0,1,28,0.5403,62.0362
multiclass_tissue,results/pending_runs/g3_multiclass_tissue/cls_7/L50_G50/hounie_rcl/seed_2,tissuemnist,MobileNetV3,7,L50_G50,hounie_rcl,2,True,data/tissuemnist/slice_1,0.3971,0.497,0.5075,0.3729,0.8373,0.0,1,30,0.7322,65.8854
multiclass_tissue,results/pending_runs/g3_multiclass_tissue/cls_7/L50_G50/tralo/seed_4,tissuemnist,MobileNetV3,7,L50_G50,tralo,4,True,data/tissuemnist/slice_1,0.3789,0.4872,0.5104,0.3878,0.8477,0.0,1,51,0.7024,24.7487
multiclass_tissue,results/pending_runs/g3_multiclass_tissue/cls_7/L50_G50/tralo/seed_3,tissuemnist,MobileNetV3,7,L50_G50,tralo,3,True,data/tissuemnist/slice_1,0.3624,0.4847,0.5021,0.3927,0.8627,0.0,1,57,0.5411,67.8253
multiclass_tissue,results/pending_runs/g3_multiclass_tissue/cls_7/L50_G50/tralo/seed_1,tissuemnist,MobileNetV3,7,L50_G50,tralo,1,True,data/tissuemnist/slice_1,0.376,0.4822,0.5071,0.3736,0.8375,0.0,1,54,0.0862,43.277
multiclass_tissue,results/pending_runs/g3_multiclass_tissue/cls_7/L50_G50/tralo/seed_2,tissuemnist,MobileNetV3,7,L50_G50,tralo,2,True,data/tissuemnist/slice_1,0.3949,0.4959,0.5058,0.3742,0.8374,0.0,1,56,0.648,24.3058
multiclass_tissue,results/pending_runs/g3_multiclass_tissue/cls_7/L50_G50/danits_lp/seed_4,tissuemnist,MobileNetV3,7,L50_G50,danits_lp,4,True,data/tissuemnist/slice_1,0.3488,0.4565,0.4838,0.4223,0.9133,1.0,1,-1,0.0857,0.4851
multiclass_tissue,results/pending_runs/g3_multiclass_tissue/cls_7/L50_G50/danits_lp/seed_3,tissuemnist,MobileNetV3,7,L50_G50,danits_lp,3,True,data/tissuemnist/slice_1,0.3402,0.463,0.4704,0.4115,0.9128,36.0,0,-1,0.5134,0.6342
multiclass_tissue,results/pending_runs/g3_multiclass_tissue/cls_7/L50_G50/danits_lp/seed_1,tissuemnist,MobileNetV3,7,L50_G50,danits_lp,1,True,data/tissuemnist/slice_1,0.3541,0.4509,0.4867,0.405,0.8891,0.0,1,-1,0.6012,0.6395
multiclass_tissue,results/pending_runs/g3_multiclass_tissue/cls_7/L50_G50/danits_lp/seed_2,tissuemnist,MobileNetV3,7,L50_G50,danits_lp,2,True,data/tissuemnist/slice_1,0.3955,0.4727,0.4838,0.4032,0.8881,0.0,1,-1,0.1005,0.637
multiclass_tissue,results/pending_runs/g3_multiclass_tissue/cls_7/L50_G50/fioretto_ldf/seed_4,tissuemnist,MobileNetV3,7,L50_G50,fioretto_ldf,4,True,data/tissuemnist/slice_1,0.3721,0.4792,0.5083,0.3945,0.8517,0.0,1,1,0.5679,13.2508
multiclass_tissue,results/pending_runs/g3_multiclass_tissue/cls_7/L50_G50/fioretto_ldf/seed_3,tissuemnist,MobileNetV3,7,L50_G50,fioretto_ldf,3,True,data/tissuemnist/slice_1,0.3505,0.4781,0.4988,0.4018,0.8731,0.0,1,7,0.2959,23.7045
multiclass_tissue,results/pending_runs/g3_multiclass_tissue/cls_7/L50_G50/fioretto_ldf/seed_1,tissuemnist,MobileNetV3,7,L50_G50,fioretto_ldf,1,True,data/tissuemnist/slice_1,0.3753,0.4804,0.5058,0.3747,0.8362,0.0,1,5,0.2594,18.7376
multiclass_tissue,results/pending_runs/g3_multiclass_tissue/cls_7/L50_G50/fioretto_ldf/seed_2,tissuemnist,MobileNetV3,7,L50_G50,fioretto_ldf,2,True,data/tissuemnist/slice_1,0.3969,0.4966,0.5071,0.3734,0.8371,0.0,1,7,0.58,24.1872
multiclass_tissue,results/pending_runs/g3_multiclass_tissue/cls_7/L50_G50/tralo_bounded/seed_4,tissuemnist,MobileNetV3,7,L50_G50,tralo_bounded,4,True,data/tissuemnist/slice_1,0.3721,0.4792,0.5083,0.3945,0.8517,0.0,1,51,0.3859,15.3386
multiclass_tissue,results/pending_runs/g3_multiclass_tissue/cls_7/L50_G50/tralo_bounded/seed_3,tissuemnist,MobileNetV3,7,L50_G50,tralo_bounded,3,True,data/tissuemnist/slice_1,0.3497,0.4769,0.4971,0.4028,0.8738,0.0,1,56,0.4923,18.0978
multiclass_tissue,results/pending_runs/g3_multiclass_tissue/cls_7/L50_G50/tralo_bounded/seed_1,tissuemnist,MobileNetV3,7,L50_G50,tralo_bounded,1,True,data/tissuemnist/slice_1,0.3783,0.482,0.5067,0.3726,0.8364,0.0,1,54,0.2506,18.0414
multiclass_tissue,results/pending_runs/g3_multiclass_tissue/cls_7/L50_G50/tralo_bounded/seed_2,tissuemnist,MobileNetV3,7,L50_G50,tralo_bounded,2,True,data/tissuemnist/slice_1,0.3956,0.4965,0.5075,0.3734,0.8387,0.0,1,56,0.3956,27.9833
multiclass_tissue,results/pending_runs/g3_multiclass_tissue/cls_7/L50_G50/heuristic/seed_4,tissuemnist,MobileNetV3,7,L50_G50,heuristic,4,True,data/tissuemnist/slice_1,0.3525,0.4605,0.4808,0.4223,0.9133,86.0,1,-1,0.2782,0.5683
multiclass_tissue,results/pending_runs/g3_multiclass_tissue/cls_7/L50_G50/heuristic/seed_3,tissuemnist,MobileNetV3,7,L50_G50,heuristic,3,True,data/tissuemnist/slice_1,0.3389,0.4612,0.4688,0.4115,0.9128,36.0,0,-1,0.4266,0.5343
multiclass_tissue,results/pending_runs/g3_multiclass_tissue/cls_7/L50_G50/heuristic/seed_1,tissuemnist,MobileNetV3,7,L50_G50,heuristic,1,True,data/tissuemnist/slice_1,0.3555,0.4516,0.4833,0.405,0.8891,64.0,1,-1,0.3548,0.5063
multiclass_tissue,results/pending_runs/g3_multiclass_tissue/cls_7/L50_G50/heuristic/seed_2,tissuemnist,MobileNetV3,7,L50_G50,heuristic,2,True,data/tissuemnist/slice_1,0.3965,0.4731,0.48,0.4032,0.8881,45.0,1,-1,0.3743,0.5418
multiclass_tissue,results/pending_runs/g3_multiclass_tissue/cls_7/L80_G80/hounie_rcl/seed_4,tissuemnist,MobileNetV3,7,L80_G80,hounie_rcl,4,True,data/tissuemnist/slice_1,0.3866,0.4945,0.5096,0.3945,0.8517,181.0,1,1,0.4135,11.8956
multiclass_tissue,results/pending_runs/g3_multiclass_tissue/cls_7/L80_G80/hounie_rcl/seed_3,tissuemnist,MobileNetV3,7,L80_G80,hounie_rcl,3,True,data/tissuemnist/slice_1,0.3551,0.4795,0.4913,0.3995,0.8741,102.0,1,1,0.0975,9.1385
multiclass_tissue,results/pending_runs/g3_multiclass_tissue/cls_7/L80_G80/hounie_rcl/seed_1,tissuemnist,MobileNetV3,7,L80_G80,hounie_rcl,1,True,data/tissuemnist/slice_1,0.3853,0.4889,0.5025,0.3723,0.837,122.0,1,1,0.2233,12.0772
multiclass_tissue,results/pending_runs/g3_multiclass_tissue/cls_7/L80_G80/hounie_rcl/seed_2,tissuemnist,MobileNetV3,7,L80_G80,hounie_rcl,2,True,data/tissuemnist/slice_1,0.4063,0.5024,0.5058,0.3732,0.8363,91.0,1,1,0.6838,17.1416
multiclass_tissue,results/pending_runs/g3_multiclass_tissue/cls_7/L80_G80/tralo/seed_4,tissuemnist,MobileNetV3,7,L80_G80,tralo,4,True,data/tissuemnist/slice_1,0.3829,0.4899,0.5042,0.3907,0.848,159.0,1,51,0.7007,25.5083
multiclass_tissue,results/pending_runs/g3_multiclass_tissue/cls_7/L80_G80/tralo/seed_3,tissuemnist,MobileNetV3,7,L80_G80,tralo,3,True,data/tissuemnist/slice_1,0.3551,0.4761,0.4871,0.4008,0.8773,56.0,1,51,0.1581,27.8153
multiclass_tissue,results/pending_runs/g3_multiclass_tissue/cls_7/L80_G80/tralo/seed_1,tissuemnist,MobileNetV3,7,L80_G80,tralo,1,True,data/tissuemnist/slice_1,0.3791,0.4837,0.4958,0.374,0.8435,79.0,1,51,0.3807,19.7373
multiclass_tissue,results/pending_runs/g3_multiclass_tissue/cls_7/L80_G80/tralo/seed_2,tissuemnist,MobileNetV3,7,L80_G80,tralo,2,True,data/tissuemnist/slice_1,0.3948,0.4959,0.4996,0.3789,0.8443,65.0,1,51,0.5487,27.5461
multiclass_tissue,results/pending_runs/g3_multiclass_tissue/cls_7/L80_G80/danits_lp/seed_4,tissuemnist,MobileNetV3,7,L80_G80,danits_lp,4,True,data/tissuemnist/slice_1,0.3488,0.4565,0.4838,0.4223,0.9133,1.0,1,-1,0.8334,0.6777
multiclass_tissue,results/pending_runs/g3_multiclass_tissue/cls_7/L80_G80/danits_lp/seed_3,tissuemnist,MobileNetV3,7,L80_G80,danits_lp,3,True,data/tissuemnist/slice_1,0.3414,0.4624,0.4679,0.4115,0.9128,0.0,1,-1,0.5763,0.6722
multiclass_tissue,results/pending_runs/g3_multiclass_tissue/cls_7/L80_G80/danits_lp/seed_1,tissuemnist,MobileNetV3,7,L80_G80,danits_lp,1,True,data/tissuemnist/slice_1,0.3541,0.4509,0.4867,0.405,0.8891,0.0,1,-1,0.4563,0.6324
multiclass_tissue,results/pending_runs/g3_multiclass_tissue/cls_7/L80_G80/danits_lp/seed_2,tissuemnist,MobileNetV3,7,L80_G80,danits_lp,2,True,data/tissuemnist/slice_1,0.3955,0.4727,0.4838,0.4032,0.8881,0.0,1,-1,0.0846,0.4379
multiclass_tissue,results/pending_runs/g3_multiclass_tissue/cls_7/L80_G80/fioretto_ldf/seed_4,tissuemnist,MobileNetV3,7,L80_G80,fioretto_ldf,4,True,data/tissuemnist/slice_1,0.3866,0.4945,0.5096,0.3945,0.8517,181.0,1,1,0.3449,16.8683
multiclass_tissue,results/pending_runs/g3_multiclass_tissue/cls_7/L80_G80/fioretto_ldf/seed_3,tissuemnist,MobileNetV3,7,L80_G80,fioretto_ldf,3,True,data/tissuemnist/slice_1,0.3551,0.4795,0.4913,0.3995,0.8741,102.0,1,1,0.4835,16.0526
multiclass_tissue,results/pending_runs/g3_multiclass_tissue/cls_7/L80_G80/fioretto_ldf/seed_1,tissuemnist,MobileNetV3,7,L80_G80,fioretto_ldf,1,True,data/tissuemnist/slice_1,0.3853,0.4889,0.5025,0.3723,0.837,122.0,1,1,0.3995,15.8101
multiclass_tissue,results/pending_runs/g3_multiclass_tissue/cls_7/L80_G80/fioretto_ldf/seed_2,tissuemnist,MobileNetV3,7,L80_G80,fioretto_ldf,2,True,data/tissuemnist/slice_1,0.4063,0.5024,0.5058,0.3732,0.8363,91.0,1,1,0.4929,13.6243
multiclass_tissue,results/pending_runs/g3_multiclass_tissue/cls_7/L80_G80/tralo_bounded/seed_4,tissuemnist,MobileNetV3,7,L80_G80,tralo_bounded,4,True,data/tissuemnist/slice_1,0.3866,0.4945,0.5096,0.3945,0.8517,181.0,1,51,0.4642,16.6579
multiclass_tissue,results/pending_runs/g3_multiclass_tissue/cls_7/L80_G80/tralo_bounded/seed_3,tissuemnist,MobileNetV3,7,L80_G80,tralo_bounded,3,True,data/tissuemnist/slice_1,0.3551,0.4795,0.4913,0.3995,0.8741,102.0,1,51,0.0848,14.795
multiclass_tissue,results/pending_runs/g3_multiclass_tissue/cls_7/L80_G80/tralo_bounded/seed_1,tissuemnist,MobileNetV3,7,L80_G80,tralo_bounded,1,True,data/tissuemnist/slice_1,0.3853,0.4889,0.5025,0.3723,0.837,122.0,1,51,0.7003,15.4274
multiclass_tissue,results/pending_runs/g3_multiclass_tissue/cls_7/L80_G80/tralo_bounded/seed_2,tissuemnist,MobileNetV3,7,L80_G80,tralo_bounded,2,True,data/tissuemnist/slice_1,0.4063,0.5024,0.5058,0.3732,0.8363,91.0,1,51,0.2957,16.8853
multiclass_tissue,results/pending_runs/g3_multiclass_tissue/cls_7/L80_G80/heuristic/seed_4,tissuemnist,MobileNetV3,7,L80_G80,heuristic,4,True,data/tissuemnist/slice_1,0.3503,0.4575,0.4721,0.4223,0.9133,194.0,1,-1,0.5397,0.5253
multiclass_tissue,results/pending_runs/g3_multiclass_tissue/cls_7/L80_G80/heuristic/seed_3,tissuemnist,MobileNetV3,7,L80_G80,heuristic,3,True,data/tissuemnist/slice_1,0.3435,0.4634,0.465,0.4115,0.9128,72.0,1,-1,0.6097,0.5582
multiclass_tissue,results/pending_runs/g3_multiclass_tissue/cls_7/L80_G80/heuristic/seed_1,tissuemnist,MobileNetV3,7,L80_G80,heuristic,1,True,data/tissuemnist/slice_1,0.3586,0.4521,0.4788,0.405,0.8891,172.0,1,-1,0.0982,0.3946
multiclass_tissue,results/pending_runs/g3_multiclass_tissue/cls_7/L80_G80/heuristic/seed_2,tissuemnist,MobileNetV3,7,L80_G80,heuristic,2,True,data/tissuemnist/slice_1,0.3993,0.4745,0.4763,0.4032,0.8881,153.0,1,-1,0.093,0.3747
multiclass_tissue,results/pending_runs/g3_multiclass_tissue/cls_2/L20_G20/hounie_rcl/seed_4,tissuemnist,MobileNetV3,2,L20_G20,hounie_rcl,4,True,data/tissuemnist/slice_1,0.3383,0.4646,0.5129,0.4048,0.8663,7.0,1,82,0.0839,141.5242
multiclass_tissue,results/pending_runs/g3_multiclass_tissue/cls_2/L20_G20/hounie_rcl/seed_3,tissuemnist,MobileNetV3,2,L20_G20,hounie_rcl,3,True,data/tissuemnist/slice_1,0.326,0.4621,0.5067,0.4067,0.8714,0.0,1,114,0.2848,172.4296
multiclass_tissue,results/pending_runs/g3_multiclass_tissue/cls_2/L20_G20/hounie_rcl/seed_1,tissuemnist,MobileNetV3,2,L20_G20,hounie_rcl,1,True,data/tissuemnist/slice_1,0.3513,0.4685,0.5146,0.3852,0.8494,3.0,1,83,0.0743,161.8097
multiclass_tissue,results/pending_runs/g3_multiclass_tissue/cls_2/L20_G20/hounie_rcl/seed_2,tissuemnist,MobileNetV3,2,L20_G20,hounie_rcl,2,True,data/tissuemnist/slice_1,0.3625,0.47,0.4963,0.4093,0.885,4.0,1,114,0.4193,215.6892
multiclass_tissue,results/pending_runs/g3_multiclass_tissue/cls_2/L20_G20/tralo/seed_4,tissuemnist,MobileNetV3,2,L20_G20,tralo,4,True,data/tissuemnist/slice_1,0.3389,0.4671,0.5154,0.4025,0.8607,6.0,1,84,0.2007,84.9437
multiclass_tissue,results/pending_runs/g3_multiclass_tissue/cls_2/L20_G20/tralo/seed_3,tissuemnist,MobileNetV3,2,L20_G20,tralo,3,True,data/tissuemnist/slice_1,0.3213,0.4605,0.5092,0.4058,0.8734,2.0,1,92,0.2832,87.9763
multiclass_tissue,results/pending_runs/g3_multiclass_tissue/cls_2/L20_G20/tralo/seed_1,tissuemnist,MobileNetV3,2,L20_G20,tralo,1,True,data/tissuemnist/slice_1,0.3496,0.4678,0.5138,0.3847,0.8484,2.0,1,67,0.0807,48.7515
multiclass_tissue,results/pending_runs/g3_multiclass_tissue/cls_2/L20_G20/tralo/seed_2,tissuemnist,MobileNetV3,2,L20_G20,tralo,2,True,data/tissuemnist/slice_1,0.3579,0.4632,0.4929,0.4152,0.894,6.0,1,79,0.4878,94.2402
multiclass_tissue,results/pending_runs/g3_multiclass_tissue/cls_2/L20_G20/danits_lp/seed_4,tissuemnist,MobileNetV3,2,L20_G20,danits_lp,4,True,data/tissuemnist/slice_1,0.3613,0.4685,0.4992,0.4223,0.9133,284.0,0,-1,0.076,0.3836
multiclass_tissue,results/pending_runs/g3_multiclass_tissue/cls_2/L20_G20/danits_lp/seed_3,tissuemnist,MobileNetV3,2,L20_G20,danits_lp,3,True,data/tissuemnist/slice_1,0.339,0.468,0.4783,0.4115,0.9128,277.0,0,-1,0.4644,0.6256
multiclass_tissue,results/pending_runs/g3_multiclass_tissue/cls_2/L20_G20/danits_lp/seed_1,tissuemnist,MobileNetV3,2,L20_G20,danits_lp,1,True,data/tissuemnist/slice_1,0.3396,0.4488,0.4896,0.405,0.8891,129.0,0,-1,0.4882,0.5876
multiclass_tissue,results/pending_runs/g3_multiclass_tissue/cls_2/L20_G20/danits_lp/seed_2,tissuemnist,MobileNetV3,2,L20_G20,danits_lp,2,True,data/tissuemnist/slice_1,0.37,0.466,0.4804,0.4032,0.8881,63.0,0,-1,0.0917,0.4633
multiclass_tissue,results/pending_runs/g3_multiclass_tissue/cls_2/L20_G20/fioretto_ldf/seed_4,tissuemnist,MobileNetV3,2,L20_G20,fioretto_ldf,4,True,data/tissuemnist/slice_1,0.339,0.4643,0.5129,0.4057,0.8645,6.0,1,23,0.5124,46.5302
multiclass_tissue,results/pending_runs/g3_multiclass_tissue/cls_2/L20_G20/fioretto_ldf/seed_3,tissuemnist,MobileNetV3,2,L20_G20,fioretto_ldf,3,True,data/tissuemnist/slice_1,0.324,0.4582,0.505,0.4108,0.8746,5.0,1,26,0.2276,36.1294
multiclass_tissue,results/pending_runs/g3_multiclass_tissue/cls_2/L20_G20/fioretto_ldf/seed_1,tissuemnist,MobileNetV3,2,L20_G20,fioretto_ldf,1,True,data/tissuemnist/slice_1,0.3523,0.4689,0.515,0.3848,0.8483,1.0,1,16,0.5677,43.4303
multiclass_tissue,results/pending_runs/g3_multiclass_tissue/cls_2/L20_G20/fioretto_ldf/seed_2,tissuemnist,MobileNetV3,2,L20_G20,fioretto_ldf,2,True,data/tissuemnist/slice_1,0.3622,0.4692,0.4954,0.41,0.8835,4.0,1,26,0.6383,55.1668
multiclass_tissue,results/pending_runs/g3_multiclass_tissue/cls_2/L20_G20/tralo_bounded/seed_4,tissuemnist,MobileNetV3,2,L20_G20,tralo_bounded,4,True,data/tissuemnist/slice_1,0.3419,0.4696,0.5162,0.3981,0.8572,5.0,1,84,0.4474,94.1755
multiclass_tissue,results/pending_runs/g3_multiclass_tissue/cls_2/L20_G20/tralo_bounded/seed_3,tissuemnist,MobileNetV3,2,L20_G20,tralo_bounded,3,True,data/tissuemnist/slice_1,0.3194,0.4553,0.5038,0.4118,0.876,7.0,1,92,0.7871,97.4483
multiclass_tissue,results/pending_runs/g3_multiclass_tissue/cls_2/L20_G20/tralo_bounded/seed_1,tissuemnist,MobileNetV3,2,L20_G20,tralo_bounded,1,True,data/tissuemnist/slice_1,0.3503,0.4682,0.5138,0.3852,0.8504,1.0,1,67,0.1067,45.1259
multiclass_tissue,results/pending_runs/g3_multiclass_tissue/cls_2/L20_G20/tralo_bounded/seed_2,tissuemnist,MobileNetV3,2,L20_G20,tralo_bounded,2,True,data/tissuemnist/slice_1,0.3605,0.4655,0.4917,0.4147,0.8933,4.0,1,79,0.6661,75.0424
multiclass_tissue,results/pending_runs/g3_multiclass_tissue/cls_2/L20_G20/heuristic/seed_4,tissuemnist,MobileNetV3,2,L20_G20,heuristic,4,True,data/tissuemnist/slice_1,0.3618,0.4688,0.4996,0.4223,0.9133,284.0,0,-1,0.6275,0.4557
multiclass_tissue,results/pending_runs/g3_multiclass_tissue/cls_2/L20_G20/heuristic/seed_3,tissuemnist,MobileNetV3,2,L20_G20,heuristic,3,True,data/tissuemnist/slice_1,0.339,0.468,0.4783,0.4115,0.9128,277.0,0,-1,0.5694,0.4856
multiclass_tissue,results/pending_runs/g3_multiclass_tissue/cls_2/L20_G20/heuristic/seed_1,tissuemnist,MobileNetV3,2,L20_G20,heuristic,1,True,data/tissuemnist/slice_1,0.3397,0.4488,0.4896,0.405,0.8891,129.0,0,-1,0.5525,0.5277
multiclass_tissue,results/pending_runs/g3_multiclass_tissue/cls_2/L20_G20/heuristic/seed_2,tissuemnist,MobileNetV3,2,L20_G20,heuristic,2,True,data/tissuemnist/slice_1,0.37,0.466,0.4804,0.4032,0.8881,63.0,0,-1,0.0873,0.4625
multiclass_tissue,results/pending_runs/g3_multiclass_tissue/cls_2/L70_G70/hounie_rcl/seed_4,tissuemnist,MobileNetV3,2,L70_G70,hounie_rcl,4,True,data/tissuemnist/slice_1,0.3703,0.4774,0.5179,0.3903,0.8461,0.0,1,66,0.5158,103.2782
multiclass_tissue,results/pending_runs/g3_multiclass_tissue/cls_2/L70_G70/hounie_rcl/seed_3,tissuemnist,MobileNetV3,2,L70_G70,hounie_rcl,3,True,data/tissuemnist/slice_1,0.3531,0.4779,0.5138,0.3991,0.8595,0.0,1,82,0.0686,142.8919
multiclass_tissue,results/pending_runs/g3_multiclass_tissue/cls_2/L70_G70/hounie_rcl/seed_1,tissuemnist,MobileNetV3,2,L70_G70,hounie_rcl,1,True,data/tissuemnist/slice_1,0.3758,0.4819,0.515,0.3719,0.8357,0.0,1,54,0.4888,89.6921
multiclass_tissue,results/pending_runs/g3_multiclass_tissue/cls_2/L70_G70/hounie_rcl/seed_2,tissuemnist,MobileNetV3,2,L70_G70,hounie_rcl,2,True,data/tissuemnist/slice_1,0.3865,0.4902,0.5092,0.3817,0.8431,0.0,1,69,0.4613,98.4346
multiclass_tissue,results/pending_runs/g3_multiclass_tissue/cls_2/L70_G70/tralo/seed_4,tissuemnist,MobileNetV3,2,L70_G70,tralo,4,True,data/tissuemnist/slice_1,0.3786,0.4836,0.5196,0.3851,0.8362,0.0,1,67,0.8963,81.793
multiclass_tissue,results/pending_runs/g3_multiclass_tissue/cls_2/L70_G70/tralo/seed_3,tissuemnist,MobileNetV3,2,L70_G70,tralo,3,True,data/tissuemnist/slice_1,0.3713,0.4888,0.5229,0.3879,0.849,0.0,1,71,0.0632,86.0771
multiclass_tissue,results/pending_runs/g3_multiclass_tissue/cls_2/L70_G70/tralo/seed_1,tissuemnist,MobileNetV3,2,L70_G70,tralo,1,True,data/tissuemnist/slice_1,0.3693,0.4799,0.5096,0.3765,0.8373,0.0,1,60,0.584,69.7406
multiclass_tissue,results/pending_runs/g3_multiclass_tissue/cls_2/L70_G70/tralo/seed_2,tissuemnist,MobileNetV3,2,L70_G70,tralo,2,True,data/tissuemnist/slice_1,0.3881,0.4838,0.5021,0.3912,0.8514,0.0,1,66,0.5316,56.3502
multiclass_tissue,results/pending_runs/g3_multiclass_tissue/cls_2/L70_G70/danits_lp/seed_4,tissuemnist,MobileNetV3,2,L70_G70,danits_lp,4,True,data/tissuemnist/slice_1,0.3786,0.4728,0.5008,0.4223,0.9133,242.0,0,-1,0.0603,0.3757
multiclass_tissue,results/pending_runs/g3_multiclass_tissue/cls_2/L70_G70/danits_lp/seed_3,tissuemnist,MobileNetV3,2,L70_G70,danits_lp,3,True,data/tissuemnist/slice_1,0.348,0.4687,0.4763,0.4115,0.9128,235.0,0,-1,0.4417,0.577
multiclass_tissue,results/pending_runs/g3_multiclass_tissue/cls_2/L70_G70/danits_lp/seed_1,tissuemnist,MobileNetV3,2,L70_G70,danits_lp,1,True,data/tissuemnist/slice_1,0.361,0.4547,0.4921,0.405,0.8891,87.0,0,-1,0.4588,0.5768
multiclass_tissue,results/pending_runs/g3_multiclass_tissue/cls_2/L70_G70/danits_lp/seed_2,tissuemnist,MobileNetV3,2,L70_G70,danits_lp,2,True,data/tissuemnist/slice_1,0.3986,0.4742,0.4854,0.4032,0.8881,21.0,0,-1,0.379,0.5503
multiclass_tissue,results/pending_runs/g3_multiclass_tissue/cls_2/L70_G70/fioretto_ldf/seed_4,tissuemnist,MobileNetV3,2,L70_G70,fioretto_ldf,4,True,data/tissuemnist/slice_1,0.372,0.4794,0.5196,0.3891,0.8447,0.0,1,17,0.4611,35.5099
multiclass_tissue,results/pending_runs/g3_multiclass_tissue/cls_2/L70_G70/fioretto_ldf/seed_3,tissuemnist,MobileNetV3,2,L70_G70,fioretto_ldf,3,True,data/tissuemnist/slice_1,0.3633,0.4831,0.5167,0.3963,0.8552,2.0,0,-1,0.0615,132.4531
multiclass_tissue,results/pending_runs/g3_multiclass_tissue/cls_2/L70_G70/fioretto_ldf/seed_1,tissuemnist,MobileNetV3,2,L70_G70,fioretto_ldf,1,True,data/tissuemnist/slice_1,0.3738,0.4806,0.5146,0.3745,0.8362,0.0,1,9,0.5036,27.0708
multiclass_tissue,results/pending_runs/g3_multiclass_tissue/cls_2/L70_G70/fioretto_ldf/seed_2,tissuemnist,MobileNetV3,2,L70_G70,fioretto_ldf,2,True,data/tissuemnist/slice_1,0.3871,0.4897,0.5088,0.3819,0.8427,0.0,1,16,0.4074,35.7664
multiclass_tissue,results/pending_runs/g3_multiclass_tissue/cls_2/L70_G70/tralo_bounded/seed_4,tissuemnist,MobileNetV3,2,L70_G70,tralo_bounded,4,True,data/tissuemnist/slice_1,0.3731,0.4806,0.52,0.3885,0.8422,0.0,1,67,0.1074,35.7619
multiclass_tissue,results/pending_runs/g3_multiclass_tissue/cls_2/L70_G70/tralo_bounded/seed_3,tissuemnist,MobileNetV3,2,L70_G70,tralo_bounded,3,True,data/tissuemnist/slice_1,0.3625,0.4831,0.5171,0.3956,0.8549,2.0,0,-1,0.2607,96.5153
multiclass_tissue,results/pending_runs/g3_multiclass_tissue/cls_2/L70_G70/tralo_bounded/seed_1,tissuemnist,MobileNetV3,2,L70_G70,tralo_bounded,1,True,data/tissuemnist/slice_1,0.3718,0.4779,0.5121,0.377,0.8366,0.0,1,60,0.1517,22.9356
multiclass_tissue,results/pending_runs/g3_multiclass_tissue/cls_2/L70_G70/tralo_bounded/seed_2,tissuemnist,MobileNetV3,2,L70_G70,tralo_bounded,2,True,data/tissuemnist/slice_1,0.385,0.4879,0.5067,0.3846,0.8465,0.0,1,66,0.1444,26.1241
multiclass_tissue,results/pending_runs/g3_multiclass_tissue/cls_2/L70_G70/heuristic/seed_4,tissuemnist,MobileNetV3,2,L70_G70,heuristic,4,True,data/tissuemnist/slice_1,0.3803,0.4733,0.5012,0.4223,0.9133,242.0,0,-1,0.157,0.582
multiclass_tissue,results/pending_runs/g3_multiclass_tissue/cls_2/L70_G70/heuristic/seed_3,tissuemnist,MobileNetV3,2,L70_G70,heuristic,3,True,data/tissuemnist/slice_1,0.348,0.4687,0.4763,0.4115,0.9128,235.0,0,-1,0.9061,0.711
multiclass_tissue,results/pending_runs/g3_multiclass_tissue/cls_2/L70_G70/heuristic/seed_1,tissuemnist,MobileNetV3,2,L70_G70,heuristic,1,True,data/tissuemnist/slice_1,0.361,0.4547,0.4921,0.405,0.8891,87.0,0,-1,0.7063,0.757
multiclass_tissue,results/pending_runs/g3_multiclass_tissue/cls_2/L70_G70/heuristic/seed_2,tissuemnist,MobileNetV3,2,L70_G70,heuristic,2,True,data/tissuemnist/slice_1,0.3986,0.4743,0.4854,0.4032,0.8881,21.0,0,-1,0.1431,0.6104
multiclass_tissue,results/pending_runs/g3_multiclass_tissue/cls_2/L30_G30/hounie_rcl/seed_4,tissuemnist,MobileNetV3,2,L30_G30,hounie_rcl,4,True,data/tissuemnist/slice_1,0.3496,0.4699,0.5158,0.3998,0.8609,9.0,1,78,0.4479,124.3052
multiclass_tissue,results/pending_runs/g3_multiclass_tissue/cls_2/L30_G30/hounie_rcl/seed_3,tissuemnist,MobileNetV3,2,L30_G30,hounie_rcl,3,True,data/tissuemnist/slice_1,0.3329,0.4655,0.5083,0.4056,0.8703,7.0,1,112,0.5943,187.0382
multiclass_tissue,results/pending_runs/g3_multiclass_tissue/cls_2/L30_G30/hounie_rcl/seed_1,tissuemnist,MobileNetV3,2,L30_G30,hounie_rcl,1,True,data/tissuemnist/slice_1,0.3587,0.4727,0.5162,0.3821,0.8454,7.0,1,79,0.0927,139.7437
multiclass_tissue,results/pending_runs/g3_multiclass_tissue/cls_2/L30_G30/hounie_rcl/seed_2,tissuemnist,MobileNetV3,2,L30_G30,hounie_rcl,2,True,data/tissuemnist/slice_1,0.3732,0.4754,0.4996,0.3998,0.8669,4.0,1,95,0.6885,165.6353
multiclass_tissue,results/pending_runs/g3_multiclass_tissue/cls_2/L30_G30/tralo/seed_4,tissuemnist,MobileNetV3,2,L30_G30,tralo,4,True,data/tissuemnist/slice_1,0.3595,0.4778,0.5225,0.3919,0.8527,3.0,1,75,0.087,57.332
multiclass_tissue,results/pending_runs/g3_multiclass_tissue/cls_2/L30_G30/tralo/seed_3,tissuemnist,MobileNetV3,2,L30_G30,tralo,3,True,data/tissuemnist/slice_1,0.3335,0.4658,0.5112,0.4041,0.8692,10.0,1,84,0.5937,77.0752
multiclass_tissue,results/pending_runs/g3_multiclass_tissue/cls_2/L30_G30/tralo/seed_1,tissuemnist,MobileNetV3,2,L30_G30,tralo,1,True,data/tissuemnist/slice_1,0.3586,0.473,0.5158,0.3789,0.8426,1.0,1,65,0.6101,88.7578
multiclass_tissue,results/pending_runs/g3_multiclass_tissue/cls_2/L30_G30/tralo/seed_2,tissuemnist,MobileNetV3,2,L30_G30,tralo,2,True,data/tissuemnist/slice_1,0.3681,0.4753,0.5033,0.3996,0.8682,5.0,1,72,0.1957,49.8905
multiclass_tissue,results/pending_runs/g3_multiclass_tissue/cls_2/L30_G30/danits_lp/seed_4,tissuemnist,MobileNetV3,2,L30_G30,danits_lp,4,True,data/tissuemnist/slice_1,0.3647,0.4695,0.4996,0.4223,0.9133,276.0,0,-1,0.2128,0.6046
multiclass_tissue,results/pending_runs/g3_multiclass_tissue/cls_2/L30_G30/danits_lp/seed_3,tissuemnist,MobileNetV3,2,L30_G30,danits_lp,3,True,data/tissuemnist/slice_1,0.3408,0.468,0.4775,0.4115,0.9128,269.0,0,-1,0.5885,0.6601
multiclass_tissue,results/pending_runs/g3_multiclass_tissue/cls_2/L30_G30/danits_lp/seed_1,tissuemnist,MobileNetV3,2,L30_G30,danits_lp,1,True,data/tissuemnist/slice_1,0.3445,0.4499,0.4896,0.405,0.8891,121.0,0,-1,0.9171,0.6981
multiclass_tissue,results/pending_runs/g3_multiclass_tissue/cls_2/L30_G30/danits_lp/seed_2,tissuemnist,MobileNetV3,2,L30_G30,danits_lp,2,True,data/tissuemnist/slice_1,0.3765,0.4682,0.4817,0.4032,0.8881,55.0,0,-1,0.6545,0.6673
multiclass_tissue,results/pending_runs/g3_multiclass_tissue/cls_2/L30_G30/fioretto_ldf/seed_4,tissuemnist,MobileNetV3,2,L30_G30,fioretto_ldf,4,True,data/tissuemnist/slice_1,0.3511,0.4697,0.515,0.4004,0.858,7.0,1,22,0.7073,47.5288
multiclass_tissue,results/pending_runs/g3_multiclass_tissue/cls_2/L30_G30/fioretto_ldf/seed_3,tissuemnist,MobileNetV3,2,L30_G30,fioretto_ldf,3,True,data/tissuemnist/slice_1,0.3307,0.4626,0.5062,0.4078,0.8711,9.0,1,25,0.7137,55.0142
multiclass_tissue,results/pending_runs/g3_multiclass_tissue/cls_2/L30_G30/fioretto_ldf/seed_1,tissuemnist,MobileNetV3,2,L30_G30,fioretto_ldf,1,True,data/tissuemnist/slice_1,0.3579,0.4719,0.5158,0.3816,0.8452,8.0,1,15,0.8981,42.22
multiclass_tissue,results/pending_runs/g3_multiclass_tissue/cls_2/L30_G30/fioretto_ldf/seed_2,tissuemnist,MobileNetV3,2,L30_G30,fioretto_ldf,2,True,data/tissuemnist/slice_1,0.3722,0.4718,0.4963,0.4064,0.8718,6.0,1,23,0.4888,50.8677
multiclass_tissue,results/pending_runs/g3_multiclass_tissue/cls_2/L30_G30/tralo_bounded/seed_4,tissuemnist,MobileNetV3,2,L30_G30,tralo_bounded,4,True,data/tissuemnist/slice_1,0.3516,0.4731,0.5179,0.3969,0.8562,6.0,1,75,0.5448,60.0311
multiclass_tissue,results/pending_runs/g3_multiclass_tissue/cls_2/L30_G30/tralo_bounded/seed_3,tissuemnist,MobileNetV3,2,L30_G30,tralo_bounded,3,True,data/tissuemnist/slice_1,0.3303,0.4611,0.5067,0.4094,0.8717,11.0,1,84,0.0846,73.715
multiclass_tissue,results/pending_runs/g3_multiclass_tissue/cls_2/L30_G30/tralo_bounded/seed_1,tissuemnist,MobileNetV3,2,L30_G30,tralo_bounded,1,True,data/tissuemnist/slice_1,0.3579,0.4717,0.515,0.3832,0.8467,5.0,1,65,0.0995,36.6408
multiclass_tissue,results/pending_runs/g3_multiclass_tissue/cls_2/L30_G30/tralo_bounded/seed_2,tissuemnist,MobileNetV3,2,L30_G30,tralo_bounded,2,True,data/tissuemnist/slice_1,0.3679,0.4733,0.5008,0.4014,0.8713,7.0,1,72,0.4268,53.3353
multiclass_tissue,results/pending_runs/g3_multiclass_tissue/cls_2/L30_G30/heuristic/seed_4,tissuemnist,MobileNetV3,2,L30_G30,heuristic,4,True,data/tissuemnist/slice_1,0.3647,0.4695,0.4996,0.4223,0.9133,276.0,0,-1,0.3337,0.5534
multiclass_tissue,results/pending_runs/g3_multiclass_tissue/cls_2/L30_G30/heuristic/seed_3,tissuemnist,MobileNetV3,2,L30_G30,heuristic,3,True,data/tissuemnist/slice_1,0.3414,0.4685,0.4779,0.4115,0.9128,269.0,0,-1,0.6108,0.581
multiclass_tissue,results/pending_runs/g3_multiclass_tissue/cls_2/L30_G30/heuristic/seed_1,tissuemnist,MobileNetV3,2,L30_G30,heuristic,1,True,data/tissuemnist/slice_1,0.3423,0.4493,0.4892,0.405,0.8891,121.0,0,-1,0.3018,0.5325
multiclass_tissue,results/pending_runs/g3_multiclass_tissue/cls_2/L30_G30/heuristic/seed_2,tissuemnist,MobileNetV3,2,L30_G30,heuristic,2,True,data/tissuemnist/slice_1,0.3742,0.4675,0.4813,0.4032,0.8881,55.0,0,-1,0.1586,0.5514
multiclass_tissue,results/pending_runs/g3_multiclass_tissue/cls_2/L50_G50/hounie_rcl/seed_4,tissuemnist,MobileNetV3,2,L50_G50,hounie_rcl,4,True,data/tissuemnist/slice_1,0.3689,0.4771,0.5192,0.3916,0.8504,0.0,1,69,0.6888,115.4776
multiclass_tissue,results/pending_runs/g3_multiclass_tissue/cls_2/L50_G50/hounie_rcl/seed_3,tissuemnist,MobileNetV3,2,L50_G50,hounie_rcl,3,True,data/tissuemnist/slice_1,0.3428,0.4716,0.51,0.4043,0.8642,0.0,1,88,0.7247,163.971
multiclass_tissue,results/pending_runs/g3_multiclass_tissue/cls_2/L50_G50/hounie_rcl/seed_1,tissuemnist,MobileNetV3,2,L50_G50,hounie_rcl,1,True,data/tissuemnist/slice_1,0.3623,0.4737,0.5125,0.3807,0.8393,0.0,1,69,0.7001,147.7855
multiclass_tissue,results/pending_runs/g3_multiclass_tissue/cls_2/L50_G50/hounie_rcl/seed_2,tissuemnist,MobileNetV3,2,L50_G50,hounie_rcl,2,True,data/tissuemnist/slice_1,0.3769,0.4808,0.5029,0.3921,0.8555,0.0,1,85,0.6489,174.3052
multiclass_tissue,results/pending_runs/g3_multiclass_tissue/cls_2/L50_G50/tralo/seed_4,tissuemnist,MobileNetV3,2,L50_G50,tralo,4,True,data/tissuemnist/slice_1,0.3746,0.4838,0.5221,0.386,0.8435,0.0,1,71,0.7861,88.2685
multiclass_tissue,results/pending_runs/g3_multiclass_tissue/cls_2/L50_G50/tralo/seed_3,tissuemnist,MobileNetV3,2,L50_G50,tralo,3,True,data/tissuemnist/slice_1,0.3459,0.4765,0.5188,0.3932,0.8572,0.0,1,75,0.0662,94.4794
multiclass_tissue,results/pending_runs/g3_multiclass_tissue/cls_2/L50_G50/tralo/seed_1,tissuemnist,MobileNetV3,2,L50_G50,tralo,1,True,data/tissuemnist/slice_1,0.3662,0.4767,0.5146,0.3795,0.8384,0.0,1,63,0.9149,71.2392
multiclass_tissue,results/pending_runs/g3_multiclass_tissue/cls_2/L50_G50/tralo/seed_2,tissuemnist,MobileNetV3,2,L50_G50,tralo,2,True,data/tissuemnist/slice_1,0.3775,0.4779,0.4958,0.3984,0.8668,0.0,1,69,0.1142,75.3924
multiclass_tissue,results/pending_runs/g3_multiclass_tissue/cls_2/L50_G50/danits_lp/seed_4,tissuemnist,MobileNetV3,2,L50_G50,danits_lp,4,True,data/tissuemnist/slice_1,0.3728,0.4714,0.5004,0.4223,0.9133,259.0,0,-1,0.3166,0.6449
multiclass_tissue,results/pending_runs/g3_multiclass_tissue/cls_2/L50_G50/danits_lp/seed_3,tissuemnist,MobileNetV3,2,L50_G50,danits_lp,3,True,data/tissuemnist/slice_1,0.3439,0.4687,0.4775,0.4115,0.9128,252.0,0,-1,0.427,0.5011
multiclass_tissue,results/pending_runs/g3_multiclass_tissue/cls_2/L50_G50/danits_lp/seed_1,tissuemnist,MobileNetV3,2,L50_G50,danits_lp,1,True,data/tissuemnist/slice_1,0.3458,0.4504,0.4892,0.405,0.8891,104.0,0,-1,0.7191,0.5283
multiclass_tissue,results/pending_runs/g3_multiclass_tissue/cls_2/L50_G50/danits_lp/seed_2,tissuemnist,MobileNetV3,2,L50_G50,danits_lp,2,True,data/tissuemnist/slice_1,0.3869,0.4709,0.4829,0.4032,0.8881,38.0,0,-1,0.0895,0.4483
multiclass_tissue,results/pending_runs/g3_multiclass_tissue/cls_2/L50_G50/fioretto_ldf/seed_4,tissuemnist,MobileNetV3,2,L50_G50,fioretto_ldf,4,True,data/tissuemnist/slice_1,0.3687,0.4782,0.52,0.3909,0.8489,0.0,1,19,0.242,42.4579
multiclass_tissue,results/pending_runs/g3_multiclass_tissue/cls_2/L50_G50/fioretto_ldf/seed_3,tissuemnist,MobileNetV3,2,L50_G50,fioretto_ldf,3,True,data/tissuemnist/slice_1,0.3419,0.473,0.5112,0.4016,0.863,0.0,1,23,0.5831,45.3559
multiclass_tissue,results/pending_runs/g3_multiclass_tissue/cls_2/L50_G50/fioretto_ldf/seed_1,tissuemnist,MobileNetV3,2,L50_G50,fioretto_ldf,1,True,data/tissuemnist/slice_1,0.3628,0.4753,0.5142,0.3789,0.8385,0.0,1,12,0.4896,31.7061
multiclass_tissue,results/pending_runs/g3_multiclass_tissue/cls_2/L50_G50/fioretto_ldf/seed_2,tissuemnist,MobileNetV3,2,L50_G50,fioretto_ldf,2,True,data/tissuemnist/slice_1,0.3789,0.4838,0.5062,0.3884,0.8526,0.0,1,20,0.5952,43.8294
multiclass_tissue,results/pending_runs/g3_multiclass_tissue/cls_2/L50_G50/tralo_bounded/seed_4,tissuemnist,MobileNetV3,2,L50_G50,tralo_bounded,4,True,data/tissuemnist/slice_1,0.3699,0.4801,0.5204,0.3895,0.847,0.0,1,71,0.0953,53.0375
multiclass_tissue,results/pending_runs/g3_multiclass_tissue/cls_2/L50_G50/tralo_bounded/seed_3,tissuemnist,MobileNetV3,2,L50_G50,tralo_bounded,3,True,data/tissuemnist/slice_1,0.3375,0.4718,0.5129,0.4003,0.8616,0.0,1,75,0.2286,62.2956
multiclass_tissue,results/pending_runs/g3_multiclass_tissue/cls_2/L50_G50/tralo_bounded/seed_1,tissuemnist,MobileNetV3,2,L50_G50,tralo_bounded,1,True,data/tissuemnist/slice_1,0.3653,0.4758,0.5138,0.3802,0.8408,1.0,0,-1,0.8324,154.7796
multiclass_tissue,results/pending_runs/g3_multiclass_tissue/cls_2/L50_G50/tralo_bounded/seed_2,tissuemnist,MobileNetV3,2,L50_G50,tralo_bounded,2,True,data/tissuemnist/slice_1,0.3798,0.4814,0.5017,0.3937,0.8605,0.0,1,69,0.0884,50.3437
multiclass_tissue,results/pending_runs/g3_multiclass_tissue/cls_2/L50_G50/heuristic/seed_4,tissuemnist,MobileNetV3,2,L50_G50,heuristic,4,True,data/tissuemnist/slice_1,0.3719,0.471,0.5,0.4223,0.9133,259.0,0,-1,0.0919,0.4083
multiclass_tissue,results/pending_runs/g3_multiclass_tissue/cls_2/L50_G50/heuristic/seed_3,tissuemnist,MobileNetV3,2,L50_G50,heuristic,3,True,data/tissuemnist/slice_1,0.3459,0.4692,0.4779,0.4115,0.9128,252.0,0,-1,0.5555,0.5496
multiclass_tissue,results/pending_runs/g3_multiclass_tissue/cls_2/L50_G50/heuristic/seed_1,tissuemnist,MobileNetV3,2,L50_G50,heuristic,1,True,data/tissuemnist/slice_1,0.3458,0.4504,0.4892,0.405,0.8891,104.0,0,-1,0.5868,0.5438
multiclass_tissue,results/pending_runs/g3_multiclass_tissue/cls_2/L50_G50/heuristic/seed_2,tissuemnist,MobileNetV3,2,L50_G50,heuristic,2,True,data/tissuemnist/slice_1,0.3869,0.4709,0.4829,0.4032,0.8881,38.0,0,-1,0.6489,0.5304
multiclass_tissue,results/pending_runs/g3_multiclass_tissue/cls_2/L80_G80/hounie_rcl/seed_4,tissuemnist,MobileNetV3,2,L80_G80,hounie_rcl,4,True,data/tissuemnist/slice_1,0.367,0.4759,0.5167,0.3901,0.8458,18.0,1,68,0.6256,114.9312
multiclass_tissue,results/pending_runs/g3_multiclass_tissue/cls_2/L80_G80/hounie_rcl/seed_3,tissuemnist,MobileNetV3,2,L80_G80,hounie_rcl,3,True,data/tissuemnist/slice_1,0.3682,0.4836,0.5167,0.3964,0.8551,14.0,1,72,0.4231,134.8175
multiclass_tissue,results/pending_runs/g3_multiclass_tissue/cls_2/L80_G80/hounie_rcl/seed_1,tissuemnist,MobileNetV3,2,L80_G80,hounie_rcl,1,True,data/tissuemnist/slice_1,0.3777,0.4818,0.5129,0.3714,0.8353,15.0,1,57,0.5529,125.1006
multiclass_tissue,results/pending_runs/g3_multiclass_tissue/cls_2/L80_G80/hounie_rcl/seed_2,tissuemnist,MobileNetV3,2,L80_G80,hounie_rcl,2,True,data/tissuemnist/slice_1,0.3907,0.4912,0.5096,0.3807,0.8409,12.0,1,68,0.7225,146.5006
multiclass_tissue,results/pending_runs/g3_multiclass_tissue/cls_2/L80_G80/tralo/seed_4,tissuemnist,MobileNetV3,2,L80_G80,tralo,4,True,data/tissuemnist/slice_1,0.3726,0.4801,0.5171,0.3887,0.8461,5.0,1,68,0.5612,127.6388
multiclass_tissue,results/pending_runs/g3_multiclass_tissue/cls_2/L80_G80/tralo/seed_3,tissuemnist,MobileNetV3,2,L80_G80,tralo,3,True,data/tissuemnist/slice_1,0.3712,0.4867,0.5183,0.3918,0.8474,5.0,1,69,0.2982,83.1275
multiclass_tissue,results/pending_runs/g3_multiclass_tissue/cls_2/L80_G80/tralo/seed_1,tissuemnist,MobileNetV3,2,L80_G80,tralo,1,True,data/tissuemnist/slice_1,0.3774,0.4835,0.5104,0.3724,0.8346,8.0,1,59,0.8096,87.471
multiclass_tissue,results/pending_runs/g3_multiclass_tissue/cls_2/L80_G80/tralo/seed_2,tissuemnist,MobileNetV3,2,L80_G80,tralo,2,True,data/tissuemnist/slice_1,0.3916,0.4909,0.5112,0.3788,0.8402,8.0,1,65,0.2449,52.0104
multiclass_tissue,results/pending_runs/g3_multiclass_tissue/cls_2/L80_G80/danits_lp/seed_4,tissuemnist,MobileNetV3,2,L80_G80,danits_lp,4,True,data/tissuemnist/slice_1,0.3869,0.4752,0.5029,0.4223,0.9133,233.0,0,-1,0.3035,0.6651
multiclass_tissue,results/pending_runs/g3_multiclass_tissue/cls_2/L80_G80/danits_lp/seed_3,tissuemnist,MobileNetV3,2,L80_G80,danits_lp,3,True,data/tissuemnist/slice_1,0.3446,0.4673,0.4746,0.4115,0.9128,226.0,0,-1,0.5624,0.5756
multiclass_tissue,results/pending_runs/g3_multiclass_tissue/cls_2/L80_G80/danits_lp/seed_1,tissuemnist,MobileNetV3,2,L80_G80,danits_lp,1,True,data/tissuemnist/slice_1,0.365,0.4559,0.4929,0.405,0.8891,78.0,0,-1,0.5894,0.612
multiclass_tissue,results/pending_runs/g3_multiclass_tissue/cls_2/L80_G80/danits_lp/seed_2,tissuemnist,MobileNetV3,2,L80_G80,danits_lp,2,True,data/tissuemnist/slice_1,0.3973,0.4739,0.485,0.4032,0.8881,12.0,0,-1,0.5726,0.6568
multiclass_tissue,results/pending_runs/g3_multiclass_tissue/cls_2/L80_G80/fioretto_ldf/seed_4,tissuemnist,MobileNetV3,2,L80_G80,fioretto_ldf,4,True,data/tissuemnist/slice_1,0.3705,0.4786,0.5188,0.3892,0.8447,15.0,1,17,0.0849,39.5598
multiclass_tissue,results/pending_runs/g3_multiclass_tissue/cls_2/L80_G80/fioretto_ldf/seed_3,tissuemnist,MobileNetV3,2,L80_G80,fioretto_ldf,3,True,data/tissuemnist/slice_1,0.3673,0.483,0.5162,0.3976,0.8552,18.0,1,20,0.3745,41.6802
multiclass_tissue,results/pending_runs/g3_multiclass_tissue/cls_2/L80_G80/fioretto_ldf/seed_1,tissuemnist,MobileNetV3,2,L80_G80,fioretto_ldf,1,True,data/tissuemnist/slice_1,0.3767,0.4808,0.5129,0.3729,0.8354,18.0,1,9,0.3594,27.0947
multiclass_tissue,results/pending_runs/g3_multiclass_tissue/cls_2/L80_G80/fioretto_ldf/seed_2,tissuemnist,MobileNetV3,2,L80_G80,fioretto_ldf,2,True,data/tissuemnist/slice_1,0.3913,0.4904,0.5088,0.3813,0.8397,11.0,1,16,0.7558,37.6489
multiclass_tissue,results/pending_runs/g3_multiclass_tissue/cls_2/L80_G80/tralo_bounded/seed_4,tissuemnist,MobileNetV3,2,L80_G80,tralo_bounded,4,True,data/tissuemnist/slice_1,0.3747,0.4807,0.5188,0.3889,0.8418,13.0,1,68,0.2049,44.5866
multiclass_tissue,results/pending_runs/g3_multiclass_tissue/cls_2/L80_G80/tralo_bounded/seed_3,tissuemnist,MobileNetV3,2,L80_G80,tralo_bounded,3,True,data/tissuemnist/slice_1,0.3715,0.4864,0.5192,0.3939,0.8532,12.0,1,69,0.1978,43.0155
multiclass_tissue,results/pending_runs/g3_multiclass_tissue/cls_2/L80_G80/tralo_bounded/seed_1,tissuemnist,MobileNetV3,2,L80_G80,tralo_bounded,1,True,data/tissuemnist/slice_1,0.3742,0.4809,0.5138,0.3734,0.8367,21.0,1,59,0.252,32.5246
multiclass_tissue,results/pending_runs/g3_multiclass_tissue/cls_2/L80_G80/tralo_bounded/seed_2,tissuemnist,MobileNetV3,2,L80_G80,tralo_bounded,2,True,data/tissuemnist/slice_1,0.3905,0.4897,0.5104,0.3823,0.8394,12.0,1,65,0.1717,48.4407
multiclass_tissue,results/pending_runs/g3_multiclass_tissue/cls_2/L80_G80/heuristic/seed_4,tissuemnist,MobileNetV3,2,L80_G80,heuristic,4,True,data/tissuemnist/slice_1,0.3869,0.4752,0.5029,0.4223,0.9133,233.0,0,-1,0.0634,0.3936
multiclass_tissue,results/pending_runs/g3_multiclass_tissue/cls_2/L80_G80/heuristic/seed_3,tissuemnist,MobileNetV3,2,L80_G80,heuristic,3,True,data/tissuemnist/slice_1,0.3446,0.4673,0.4746,0.4115,0.9128,226.0,0,-1,0.5046,0.5217
multiclass_tissue,results/pending_runs/g3_multiclass_tissue/cls_2/L80_G80/heuristic/seed_1,tissuemnist,MobileNetV3,2,L80_G80,heuristic,1,True,data/tissuemnist/slice_1,0.3659,0.4563,0.4933,0.405,0.8891,78.0,0,-1,0.6118,0.5401
multiclass_tissue,results/pending_runs/g3_multiclass_tissue/cls_2/L80_G80/heuristic/seed_2,tissuemnist,MobileNetV3,2,L80_G80,heuristic,2,True,data/tissuemnist/slice_1,0.3973,0.4739,0.485,0.4032,0.8881,12.0,0,-1,0.07,0.3837
asym_tissue_aider,results/pending_runs/g2_asym_tissue_aider/aider/L50_G20/hounie_rcl/seed_4,aider,MobileNetV3,0,L50_G20,hounie_rcl,4,True,data/aider/slice_1,0.7255,0.8646,0.9,0.0935,0.1914,0.0,1,87,0.5614,103.3685
asym_tissue_aider,results/pending_runs/g2_asym_tissue_aider/aider/L50_G20/hounie_rcl/seed_3,aider,MobileNetV3,0,L50_G20,hounie_rcl,3,True,data/aider/slice_1,0.7217,0.864,0.9017,0.092,0.1889,0.0,1,54,1.4464,61.352
asym_tissue_aider,results/pending_runs/g2_asym_tissue_aider/aider/L50_G20/hounie_rcl/seed_1,aider,MobileNetV3,0,L50_G20,hounie_rcl,1,True,data/aider/slice_1,0.7169,0.8589,0.8933,0.1004,0.2036,0.0,1,117,0.6333,114.0421
asym_tissue_aider,results/pending_runs/g2_asym_tissue_aider/aider/L50_G20/hounie_rcl/seed_2,aider,MobileNetV3,0,L50_G20,hounie_rcl,2,True,data/aider/slice_1,0.7009,0.8508,0.8874,0.107,0.2211,0.0,1,52,1.2805,59.3389
asym_tissue_aider,results/pending_runs/g2_asym_tissue_aider/aider/L50_G20/tralo/seed_4,aider,MobileNetV3,0,L50_G20,tralo,4,True,data/aider/slice_1,0.8048,0.9005,0.9218,0.0742,0.1523,0.0,1,71,0.6946,49.4379
asym_tissue_aider,results/pending_runs/g2_asym_tissue_aider/aider/L50_G20/tralo/seed_3,aider,MobileNetV3,0,L50_G20,tralo,3,True,data/aider/slice_1,0.796,0.8964,0.9185,0.0722,0.1492,0.0,1,67,0.6862,39.2886
asym_tissue_aider,results/pending_runs/g2_asym_tissue_aider/aider/L50_G20/tralo/seed_1,aider,MobileNetV3,0,L50_G20,tralo,1,True,data/aider/slice_1,0.7797,0.8864,0.9084,0.0816,0.1662,0.0,1,79,0.8711,38.195
asym_tissue_aider,results/pending_runs/g2_asym_tissue_aider/aider/L50_G20/tralo/seed_2,aider,MobileNetV3,0,L50_G20,tralo,2,True,data/aider/slice_1,0.7893,0.8913,0.9126,0.0804,0.1631,0.0,1,67,0.3219,41.7224
asym_tissue_aider,results/pending_runs/g2_asym_tissue_aider/aider/L50_G20/danits_lp/seed_4,aider,MobileNetV3,0,L50_G20,danits_lp,4,True,data/aider/slice_1,0.813,0.9054,0.9269,0.0106,0.0207,81.0,0,-1,0.7402,0.4937
asym_tissue_aider,results/pending_runs/g2_asym_tissue_aider/aider/L50_G20/fioretto_ldf/seed_4,aider,MobileNetV3,0,L50_G20,fioretto_ldf,4,True,data/aider/slice_1,0.7771,0.8883,0.9151,0.0774,0.1598,0.0,1,22,0.8463,27.7936
asym_tissue_aider,results/pending_runs/g2_asym_tissue_aider/aider/L50_G20/fioretto_ldf/seed_3,aider,MobileNetV3,0,L50_G20,fioretto_ldf,3,True,data/aider/slice_1,0.7835,0.8908,0.9151,0.0748,0.1535,0.0,1,18,0.9183,24.0141
asym_tissue_aider,results/pending_runs/g2_asym_tissue_aider/aider/L50_G20/fioretto_ldf/seed_1,aider,MobileNetV3,0,L50_G20,fioretto_ldf,1,True,data/aider/slice_1,0.7724,0.8832,0.9067,0.0832,0.1681,0.0,1,29,0.8921,31.0304
asym_tissue_aider,results/pending_runs/g2_asym_tissue_aider/aider/L50_G20/fioretto_ldf/seed_2,aider,MobileNetV3,0,L50_G20,fioretto_ldf,2,True,data/aider/slice_1,0.7571,0.8766,0.9034,0.0872,0.1752,0.0,1,19,0.4538,21.3271
asym_tissue_aider,results/pending_runs/g2_asym_tissue_aider/aider/L50_G20/tralo_bounded/seed_4,aider,MobileNetV3,0,L50_G20,tralo_bounded,4,True,data/aider/slice_1,0.7976,0.8973,0.9202,0.0724,0.1532,0.0,1,71,0.69,28.0714
asym_tissue_aider,results/pending_runs/g2_asym_tissue_aider/aider/L50_G20/tralo_bounded/seed_3,aider,MobileNetV3,0,L50_G20,tralo_bounded,3,True,data/aider/slice_1,0.796,0.8964,0.9185,0.0714,0.1466,0.0,1,67,0.095,19.6963
asym_tissue_aider,results/pending_runs/g2_asym_tissue_aider/aider/L50_G20/tralo_bounded/seed_1,aider,MobileNetV3,0,L50_G20,tralo_bounded,1,True,data/aider/slice_1,0.758,0.8766,0.9025,0.0883,0.1766,0.0,1,79,0.5155,35.3753
asym_tissue_aider,results/pending_runs/g2_asym_tissue_aider/aider/L50_G20/tralo_bounded/seed_2,aider,MobileNetV3,0,L50_G20,tralo_bounded,2,True,data/aider/slice_1,0.7893,0.8913,0.9126,0.0796,0.1634,0.0,1,67,0.5052,24.468
asym_tissue_aider,results/pending_runs/g2_asym_tissue_aider/aider/L50_G20/heuristic/seed_4,aider,MobileNetV3,0,L50_G20,heuristic,4,True,data/aider/slice_1,0.813,0.9054,0.9269,0.0106,0.0207,81.0,0,-1,0.5954,0.3405
asym_tissue_aider,results/pending_runs/g2_asym_tissue_aider/aider/L80_G30/hounie_rcl/seed_4,aider,MobileNetV3,0,L80_G30,hounie_rcl,4,True,data/aider/slice_1,0.7592,0.8805,0.9109,0.0866,0.1756,0.0,1,105,0.6035,87.3233
asym_tissue_aider,results/pending_runs/g2_asym_tissue_aider/aider/L80_G30/hounie_rcl/seed_3,aider,MobileNetV3,0,L80_G30,hounie_rcl,3,True,data/aider/slice_1,0.7269,0.8667,0.9034,0.0893,0.1839,0.0,1,63,0.0687,57.3231
asym_tissue_aider,results/pending_runs/g2_asym_tissue_aider/aider/L80_G30/hounie_rcl/seed_1,aider,MobileNetV3,0,L80_G30,hounie_rcl,1,True,data/aider/slice_1,0.7376,0.868,0.8983,0.0952,0.1895,0.0,1,143,0.5881,97.571
asym_tissue_aider,results/pending_runs/g2_asym_tissue_aider/aider/L80_G30/hounie_rcl/seed_2,aider,MobileNetV3,0,L80_G30,hounie_rcl,2,True,data/aider/slice_1,0.7117,0.8562,0.8916,0.1038,0.2111,0.0,1,60,0.1859,58.5131
asym_tissue_aider,results/pending_runs/g2_asym_tissue_aider/aider/L80_G30/tralo/seed_4,aider,MobileNetV3,0,L80_G30,tralo,4,True,data/aider/slice_1,0.8365,0.9143,0.9294,0.0645,0.1336,0.0,1,71,0.2497,49.9516
asym_tissue_aider,results/pending_runs/g2_asym_tissue_aider/aider/L80_G30/tralo/seed_3,aider,MobileNetV3,0,L80_G30,tralo,3,True,data/aider/slice_1,0.8267,0.9106,0.9269,0.0611,0.1291,0.0,1,67,0.7484,33.2086
asym_tissue_aider,results/pending_runs/g2_asym_tissue_aider/aider/L80_G30/tralo/seed_1,aider,MobileNetV3,0,L80_G30,tralo,1,True,data/aider/slice_1,0.8182,0.9042,0.9193,0.0707,0.1468,0.0,1,78,0.6786,43.4093
asym_tissue_aider,results/pending_runs/g2_asym_tissue_aider/aider/L80_G30/tralo/seed_2,aider,MobileNetV3,0,L80_G30,tralo,2,True,data/aider/slice_1,0.8255,0.9085,0.9235,0.0685,0.1433,0.0,1,66,0.7805,27.1433
asym_tissue_aider,results/pending_runs/g2_asym_tissue_aider/aider/L80_G30/danits_lp/seed_4,aider,MobileNetV3,0,L80_G30,danits_lp,4,True,data/aider/slice_1,0.8491,0.9215,0.9361,0.0106,0.0207,70.0,0,-1,0.2432,0.3812
asym_tissue_aider,results/pending_runs/g2_asym_tissue_aider/aider/L80_G30/fioretto_ldf/seed_4,aider,MobileNetV3,0,L80_G30,fioretto_ldf,4,True,data/aider/slice_1,0.8408,0.9165,0.9311,0.0623,0.1304,0.0,1,20,0.6245,26.0364
asym_tissue_aider,results/pending_runs/g2_asym_tissue_aider/aider/L80_G30/fioretto_ldf/seed_3,aider,MobileNetV3,0,L80_G30,fioretto_ldf,3,True,data/aider/slice_1,0.8263,0.9098,0.9261,0.0626,0.1313,0.0,1,17,0.0636,18.3357
asym_tissue_aider,results/pending_runs/g2_asym_tissue_aider/aider/L80_G30/fioretto_ldf/seed_1,aider,MobileNetV3,0,L80_G30,fioretto_ldf,1,True,data/aider/slice_1,0.8105,0.9006,0.9168,0.0736,0.1537,0.0,1,28,0.5902,29.272
asym_tissue_aider,results/pending_runs/g2_asym_tissue_aider/aider/L80_G30/fioretto_ldf/seed_2,aider,MobileNetV3,0,L80_G30,fioretto_ldf,2,True,data/aider/slice_1,0.8035,0.8982,0.9168,0.0753,0.1559,0.0,1,17,0.0749,18.1247
asym_tissue_aider,results/pending_runs/g2_asym_tissue_aider/aider/L80_G30/tralo_bounded/seed_4,aider,MobileNetV3,0,L80_G30,tralo_bounded,4,True,data/aider/slice_1,0.8316,0.9123,0.9286,0.0653,0.1356,0.0,1,71,0.5512,28.6634
asym_tissue_aider,results/pending_runs/g2_asym_tissue_aider/aider/L80_G30/tralo_bounded/seed_3,aider,MobileNetV3,0,L80_G30,tralo_bounded,3,True,data/aider/slice_1,0.7974,0.8972,0.9193,0.0698,0.1433,0.0,1,67,0.4601,21.8271
asym_tissue_aider,results/pending_runs/g2_asym_tissue_aider/aider/L80_G30/tralo_bounded/seed_1,aider,MobileNetV3,0,L80_G30,tralo_bounded,1,True,data/aider/slice_1,0.8026,0.8969,0.9143,0.0751,0.1564,0.0,1,78,0.4897,31.3628
asym_tissue_aider,results/pending_runs/g2_asym_tissue_aider/aider/L80_G30/tralo_bounded/seed_2,aider,MobileNetV3,0,L80_G30,tralo_bounded,2,True,data/aider/slice_1,0.8285,0.9098,0.9244,0.0678,0.1402,0.0,1,66,0.4209,21.4194
asym_tissue_aider,results/pending_runs/g2_asym_tissue_aider/aider/L80_G30/heuristic/seed_4,aider,MobileNetV3,0,L80_G30,heuristic,4,True,data/aider/slice_1,0.8491,0.9215,0.9361,0.0106,0.0207,70.0,0,-1,0.4418,0.368
asym_tissue_aider,results/pending_runs/g2_asym_tissue_aider/aider/L30_G50/hounie_rcl/seed_4,aider,MobileNetV3,0,L30_G50,hounie_rcl,4,True,data/aider/slice_1,0.7979,0.8959,0.9134,0.0907,0.185,25.0,1,84,0.0867,68.997
asym_tissue_aider,results/pending_runs/g2_asym_tissue_aider/aider/L30_G50/hounie_rcl/seed_3,aider,MobileNetV3,0,L30_G50,hounie_rcl,3,True,data/aider/slice_1,0.8201,0.9053,0.921,0.092,0.1884,29.0,1,53,0.2158,49.9142
asym_tissue_aider,results/pending_runs/g2_asym_tissue_aider/aider/L30_G50/hounie_rcl/seed_1,aider,MobileNetV3,0,L30_G50,hounie_rcl,1,True,data/aider/slice_1,0.8149,0.9014,0.916,0.0976,0.1969,23.0,1,113,0.6686,80.4665
asym_tissue_aider,results/pending_runs/g2_asym_tissue_aider/aider/L30_G50/hounie_rcl/seed_2,aider,MobileNetV3,0,L30_G50,hounie_rcl,2,True,data/aider/slice_1,0.7913,0.8902,0.9067,0.1062,0.2159,28.0,1,50,0.9446,58.36
asym_tissue_aider,results/pending_runs/g2_asym_tissue_aider/aider/L30_G50/tralo/seed_4,aider,MobileNetV3,0,L30_G50,tralo,4,True,data/aider/slice_1,0.8395,0.9157,0.9303,0.0679,0.1364,1.0,1,71,0.6047,39.0788
asym_tissue_aider,results/pending_runs/g2_asym_tissue_aider/aider/L30_G50/tralo/seed_3,aider,MobileNetV3,0,L30_G50,tralo,3,True,data/aider/slice_1,0.8359,0.9148,0.9294,0.0609,0.1313,2.0,1,66,0.844,44.7701
asym_tissue_aider,results/pending_runs/g2_asym_tissue_aider/aider/L30_G50/tralo/seed_1,aider,MobileNetV3,0,L30_G50,tralo,1,True,data/aider/slice_1,0.8212,0.9056,0.9202,0.0757,0.1501,7.0,1,78,0.0991,49.622
asym_tissue_aider,results/pending_runs/g2_asym_tissue_aider/aider/L30_G50/tralo/seed_2,aider,MobileNetV3,0,L30_G50,tralo,2,True,data/aider/slice_1,0.8285,0.9098,0.9244,0.0691,0.1416,2.0,1,67,0.4602,43.0852
asym_tissue_aider,results/pending_runs/g2_asym_tissue_aider/aider/L30_G50/danits_lp/seed_4,aider,MobileNetV3,0,L30_G50,danits_lp,4,True,data/aider/slice_1,0.8491,0.9215,0.9361,0.0106,0.0207,70.0,0,-1,0.782,0.388
asym_tissue_aider,results/pending_runs/g2_asym_tissue_aider/aider/L30_G50/danits_lp/seed_3,aider,MobileNetV3,0,L30_G50,danits_lp,3,True,data/aider/slice_1,0.8396,0.9181,0.9328,0.0101,0.0206,72.0,0,-1,0.0925,0.3249
asym_tissue_aider,results/pending_runs/g2_asym_tissue_aider/aider/L30_G50/danits_lp/seed_1,aider,MobileNetV3,0,L30_G50,danits_lp,1,True,data/aider/slice_1,0.8331,0.9164,0.9311,0.0134,0.0309,80.0,0,-1,0.0918,0.2963
asym_tissue_aider,results/pending_runs/g2_asym_tissue_aider/aider/L30_G50/danits_lp/seed_2,aider,MobileNetV3,0,L30_G50,danits_lp,2,True,data/aider/slice_1,0.8347,0.9188,0.9336,0.0123,0.0225,72.0,0,-1,0.2029,0.3959
asym_tissue_aider,results/pending_runs/g2_asym_tissue_aider/aider/L30_G50/fioretto_ldf/seed_4,aider,MobileNetV3,0,L30_G50,fioretto_ldf,4,True,data/aider/slice_1,0.8408,0.9165,0.9311,0.0688,0.1444,8.0,1,21,0.9578,27.1132
asym_tissue_aider,results/pending_runs/g2_asym_tissue_aider/aider/L30_G50/fioretto_ldf/seed_3,aider,MobileNetV3,0,L30_G50,fioretto_ldf,3,True,data/aider/slice_1,0.8355,0.914,0.9286,0.0622,0.1317,3.0,1,17,0.745,23.2789
asym_tissue_aider,results/pending_runs/g2_asym_tissue_aider/aider/L30_G50/fioretto_ldf/seed_1,aider,MobileNetV3,0,L30_G50,fioretto_ldf,1,True,data/aider/slice_1,0.8182,0.9039,0.9185,0.0832,0.1681,14.0,1,29,0.8549,29.9518
asym_tissue_aider,results/pending_runs/g2_asym_tissue_aider/aider/L30_G50/fioretto_ldf/seed_2,aider,MobileNetV3,0,L30_G50,fioretto_ldf,2,True,data/aider/slice_1,0.8242,0.9073,0.9218,0.075,0.1556,6.0,1,18,0.1922,21.1702
asym_tissue_aider,results/pending_runs/g2_asym_tissue_aider/aider/L30_G50/tralo_bounded/seed_4,aider,MobileNetV3,0,L30_G50,tralo_bounded,4,True,data/aider/slice_1,0.8408,0.9165,0.9311,0.0638,0.134,3.0,0,-1,0.3316,79.1784
asym_tissue_aider,results/pending_runs/g2_asym_tissue_aider/aider/L30_G50/tralo_bounded/seed_3,aider,MobileNetV3,0,L30_G50,tralo_bounded,3,True,data/aider/slice_1,0.837,0.9148,0.9294,0.0625,0.1313,5.0,1,66,0.6597,23.5241
asym_tissue_aider,results/pending_runs/g2_asym_tissue_aider/aider/L30_G50/tralo_bounded/seed_1,aider,MobileNetV3,0,L30_G50,tralo_bounded,1,True,data/aider/slice_1,0.8182,0.9039,0.9185,0.0792,0.1615,10.0,1,78,0.0645,31.6711
asym_tissue_aider,results/pending_runs/g2_asym_tissue_aider/aider/L30_G50/tralo_bounded/seed_2,aider,MobileNetV3,0,L30_G50,tralo_bounded,2,True,data/aider/slice_1,0.8271,0.909,0.9235,0.0714,0.1473,3.0,1,66,0.5878,22.5391
asym_tissue_aider,results/pending_runs/g2_asym_tissue_aider/aider/L30_G50/heuristic/seed_4,aider,MobileNetV3,0,L30_G50,heuristic,4,True,data/aider/slice_1,0.8501,0.9215,0.9361,0.0106,0.0207,70.0,0,-1,0.0728,0.2355
asym_tissue_aider,results/pending_runs/g2_asym_tissue_aider/aider/L30_G50/heuristic/seed_3,aider,MobileNetV3,0,L30_G50,heuristic,3,True,data/aider/slice_1,0.8396,0.9181,0.9328,0.0101,0.0206,72.0,0,-1,0.0621,0.2269
asym_tissue_aider,results/pending_runs/g2_asym_tissue_aider/aider/L30_G50/heuristic/seed_1,aider,MobileNetV3,0,L30_G50,heuristic,1,True,data/aider/slice_1,0.8321,0.9164,0.9311,0.0134,0.0309,80.0,0,-1,0.0613,0.2224
asym_tissue_aider,results/pending_runs/g2_asym_tissue_aider/aider/L30_G50/heuristic/seed_2,aider,MobileNetV3,0,L30_G50,heuristic,2,True,data/aider/slice_1,0.8337,0.9188,0.9336,0.0123,0.0225,72.0,0,-1,0.0603,0.221
asym_tissue_aider,results/pending_runs/g2_asym_tissue_aider/aider/L30_G20/hounie_rcl/seed_4,aider,MobileNetV3,0,L30_G20,hounie_rcl,4,True,data/aider/slice_1,0.724,0.8637,0.8992,0.0962,0.1944,0.0,1,81,0.06,73.9003
asym_tissue_aider,results/pending_runs/g2_asym_tissue_aider/aider/L30_G20/hounie_rcl/seed_3,aider,MobileNetV3,0,L30_G20,hounie_rcl,3,True,data/aider/slice_1,0.7217,0.864,0.9017,0.0938,0.1902,0.0,1,51,0.068,51.6094
asym_tissue_aider,results/pending_runs/g2_asym_tissue_aider/aider/L30_G20/hounie_rcl/seed_1,aider,MobileNetV3,0,L30_G20,hounie_rcl,1,True,data/aider/slice_1,0.7169,0.8589,0.8933,0.1003,0.2021,0.0,1,107,0.6825,89.5197
asym_tissue_aider,results/pending_runs/g2_asym_tissue_aider/aider/L30_G20/hounie_rcl/seed_2,aider,MobileNetV3,0,L30_G20,hounie_rcl,2,True,data/aider/slice_1,0.6993,0.8499,0.8866,0.1076,0.2226,0.0,1,49,0.6656,44.6465
asym_tissue_aider,results/pending_runs/g2_asym_tissue_aider/aider/L30_G20/tralo/seed_4,aider,MobileNetV3,0,L30_G20,tralo,4,True,data/aider/slice_1,0.8048,0.9005,0.9218,0.0735,0.1518,0.0,1,73,0.0796,35.2318
asym_tissue_aider,results/pending_runs/g2_asym_tissue_aider/aider/L30_G20/tralo/seed_3,aider,MobileNetV3,0,L30_G20,tralo,3,True,data/aider/slice_1,0.7946,0.8956,0.9176,0.0746,0.151,0.0,1,68,0.5495,31.8825
asym_tissue_aider,results/pending_runs/g2_asym_tissue_aider/aider/L30_G20/tralo/seed_1,aider,MobileNetV3,0,L30_G20,tralo,1,True,data/aider/slice_1,0.7797,0.8864,0.9084,0.0826,0.1662,0.0,1,80,0.5014,38.6298
asym_tissue_aider,results/pending_runs/g2_asym_tissue_aider/aider/L30_G20/tralo/seed_2,aider,MobileNetV3,0,L30_G20,tralo,2,True,data/aider/slice_1,0.7893,0.8913,0.9126,0.082,0.1649,0.0,1,68,0.4278,51.01
asym_tissue_aider,results/pending_runs/g2_asym_tissue_aider/aider/L30_G20/danits_lp/seed_4,aider,MobileNetV3,0,L30_G20,danits_lp,4,True,data/aider/slice_1,0.813,0.9054,0.9269,0.0106,0.0207,81.0,0,-1,0.062,0.2443
asym_tissue_aider,results/pending_runs/g2_asym_tissue_aider/aider/L30_G20/danits_lp/seed_3,aider,MobileNetV3,0,L30_G20,danits_lp,3,True,data/aider/slice_1,0.8036,0.902,0.9235,0.0101,0.0206,83.0,0,-1,0.0619,0.2383
asym_tissue_aider,results/pending_runs/g2_asym_tissue_aider/aider/L30_G20/danits_lp/seed_1,aider,MobileNetV3,0,L30_G20,danits_lp,1,True,data/aider/slice_1,0.7961,0.9003,0.9218,0.0134,0.0309,91.0,0,-1,0.0617,0.2392
asym_tissue_aider,results/pending_runs/g2_asym_tissue_aider/aider/L30_G20/danits_lp/seed_2,aider,MobileNetV3,0,L30_G20,danits_lp,2,True,data/aider/slice_1,0.7967,0.9027,0.9244,0.0123,0.0225,83.0,0,-1,0.0613,0.2355
asym_tissue_aider,results/pending_runs/g2_asym_tissue_aider/aider/L30_G20/fioretto_ldf/seed_4,aider,MobileNetV3,0,L30_G20,fioretto_ldf,4,True,data/aider/slice_1,0.7771,0.8883,0.9151,0.0775,0.1601,0.0,1,22,0.0617,23.5904
asym_tissue_aider,results/pending_runs/g2_asym_tissue_aider/aider/L30_G20/fioretto_ldf/seed_3,aider,MobileNetV3,0,L30_G20,fioretto_ldf,3,True,data/aider/slice_1,0.7835,0.8908,0.9151,0.0748,0.1535,0.0,1,18,0.6368,23.9653
asym_tissue_aider,results/pending_runs/g2_asym_tissue_aider/aider/L30_G20/fioretto_ldf/seed_1,aider,MobileNetV3,0,L30_G20,fioretto_ldf,1,True,data/aider/slice_1,0.7713,0.8832,0.9067,0.0832,0.1683,0.0,1,29,0.6494,34.2826
asym_tissue_aider,results/pending_runs/g2_asym_tissue_aider/aider/L30_G20/fioretto_ldf/seed_2,aider,MobileNetV3,0,L30_G20,fioretto_ldf,2,True,data/aider/slice_1,0.7531,0.8749,0.9025,0.0882,0.1756,0.0,1,19,0.7202,24.9248
asym_tissue_aider,results/pending_runs/g2_asym_tissue_aider/aider/L30_G20/tralo_bounded/seed_4,aider,MobileNetV3,0,L30_G20,tralo_bounded,4,True,data/aider/slice_1,0.7962,0.8965,0.9193,0.0736,0.1545,0.0,1,73,0.9047,27.1732
asym_tissue_aider,results/pending_runs/g2_asym_tissue_aider/aider/L30_G20/tralo_bounded/seed_3,aider,MobileNetV3,0,L30_G20,tralo_bounded,3,True,data/aider/slice_1,0.7637,0.8823,0.9109,0.0806,0.1647,0.0,1,68,0.4843,30.6417
asym_tissue_aider,results/pending_runs/g2_asym_tissue_aider/aider/L30_G20/tralo_bounded/seed_1,aider,MobileNetV3,0,L30_G20,tralo_bounded,1,True,data/aider/slice_1,0.7709,0.8823,0.9059,0.0845,0.1714,0.0,1,80,1.0468,44.6093
asym_tissue_aider,results/pending_runs/g2_asym_tissue_aider/aider/L30_G20/tralo_bounded/seed_2,aider,MobileNetV3,0,L30_G20,tralo_bounded,2,True,data/aider/slice_1,0.7679,0.8817,0.9067,0.0835,0.1721,0.0,1,68,0.9598,22.8993
asym_tissue_aider,results/pending_runs/g2_asym_tissue_aider/aider/L30_G20/heuristic/seed_4,aider,MobileNetV3,0,L30_G20,heuristic,4,True,data/aider/slice_1,0.813,0.9054,0.9269,0.0106,0.0207,81.0,0,-1,0.4242,0.3265
asym_tissue_aider,results/pending_runs/g2_asym_tissue_aider/aider/L30_G20/heuristic/seed_3,aider,MobileNetV3,0,L30_G20,heuristic,3,True,data/aider/slice_1,0.8007,0.902,0.9235,0.0101,0.0206,83.0,0,-1,0.3152,0.3274
asym_tissue_aider,results/pending_runs/g2_asym_tissue_aider/aider/L30_G20/heuristic/seed_1,aider,MobileNetV3,0,L30_G20,heuristic,1,True,data/aider/slice_1,0.7961,0.9003,0.9218,0.0134,0.0309,91.0,0,-1,0.9964,0.337
asym_tissue_aider,results/pending_runs/g2_asym_tissue_aider/aider/L30_G20/heuristic/seed_2,aider,MobileNetV3,0,L30_G20,heuristic,2,True,data/aider/slice_1,0.7977,0.9027,0.9244,0.0123,0.0225,83.0,0,-1,0.8253,0.3281
asym_tissue_aider,results/pending_runs/g2_asym_tissue_aider/aider/L70_G50/hounie_rcl/seed_4,aider,MobileNetV3,0,L70_G50,hounie_rcl,4,True,data/aider/slice_1,0.8172,0.9057,0.9244,0.0681,0.143,0.0,1,100,0.7723,97.7499
asym_tissue_aider,results/pending_runs/g2_asym_tissue_aider/aider/L70_G50/hounie_rcl/seed_3,aider,MobileNetV3,0,L70_G50,hounie_rcl,3,True,data/aider/slice_1,0.7641,0.8831,0.9118,0.0836,0.1676,0.0,1,60,0.3507,66.5463
asym_tissue_aider,results/pending_runs/g2_asym_tissue_aider/aider/L70_G50/hounie_rcl/seed_1,aider,MobileNetV3,0,L70_G50,hounie_rcl,1,True,data/aider/slice_1,0.812,0.9014,0.9176,0.0704,0.1491,0.0,1,137,0.7269,119.8355
asym_tissue_aider,results/pending_runs/g2_asym_tissue_aider/aider/L70_G50/hounie_rcl/seed_2,aider,MobileNetV3,0,L70_G50,hounie_rcl,2,True,data/aider/slice_1,0.7566,0.8758,0.9017,0.0903,0.183,0.0,1,57,0.3967,50.8962
asym_tissue_aider,results/pending_runs/g2_asym_tissue_aider/aider/L70_G50/tralo/seed_4,aider,MobileNetV3,0,L70_G50,tralo,4,True,data/aider/slice_1,0.8926,0.9415,0.9479,0.0457,0.0916,0.0,1,67,0.3969,28.7683
asym_tissue_aider,results/pending_runs/g2_asym_tissue_aider/aider/L70_G50/tralo/seed_3,aider,MobileNetV3,0,L70_G50,tralo,3,True,data/aider/slice_1,0.8911,0.9406,0.9471,0.043,0.092,0.0,1,64,0.5187,60.1533
asym_tissue_aider,results/pending_runs/g2_asym_tissue_aider/aider/L70_G50/tralo/seed_1,aider,MobileNetV3,0,L70_G50,tralo,1,True,data/aider/slice_1,0.8811,0.9347,0.9412,0.0515,0.1057,0.0,1,74,0.5216,47.1001
asym_tissue_aider,results/pending_runs/g2_asym_tissue_aider/aider/L70_G50/tralo/seed_2,aider,MobileNetV3,0,L70_G50,tralo,2,True,data/aider/slice_1,0.8831,0.9364,0.9429,0.0529,0.1073,0.0,1,64,0.0635,149.2215
asym_tissue_aider,results/pending_runs/g2_asym_tissue_aider/aider/L70_G50/danits_lp/seed_4,aider,MobileNetV3,0,L70_G50,danits_lp,4,True,data/aider/slice_1,0.9029,0.9465,0.9529,0.0106,0.0207,50.0,0,-1,0.0623,0.2413
asym_tissue_aider,results/pending_runs/g2_asym_tissue_aider/aider/L70_G50/danits_lp/seed_3,aider,MobileNetV3,0,L70_G50,danits_lp,3,True,data/aider/slice_1,0.8924,0.9431,0.9496,0.0101,0.0206,52.0,0,-1,0.52,0.3647
asym_tissue_aider,results/pending_runs/g2_asym_tissue_aider/aider/L70_G50/danits_lp/seed_1,aider,MobileNetV3,0,L70_G50,danits_lp,1,True,data/aider/slice_1,0.8879,0.9415,0.9479,0.0134,0.0309,60.0,0,-1,0.5867,0.3142
asym_tissue_aider,results/pending_runs/g2_asym_tissue_aider/aider/L70_G50/danits_lp/seed_2,aider,MobileNetV3,0,L70_G50,danits_lp,2,True,data/aider/slice_1,0.8895,0.9439,0.9504,0.0123,0.0225,52.0,0,-1,0.8069,0.3665
asym_tissue_aider,results/pending_runs/g2_asym_tissue_aider/aider/L70_G50/fioretto_ldf/seed_4,aider,MobileNetV3,0,L70_G50,fioretto_ldf,4,True,data/aider/slice_1,0.8817,0.936,0.9437,0.0489,0.0989,0.0,1,18,0.6085,20.7389
asym_tissue_aider,results/pending_runs/g2_asym_tissue_aider/aider/L70_G50/fioretto_ldf/seed_3,aider,MobileNetV3,0,L70_G50,fioretto_ldf,3,True,data/aider/slice_1,0.8901,0.9406,0.9471,0.041,0.0898,0.0,1,15,0.4907,18.7188
asym_tissue_aider,results/pending_runs/g2_asym_tissue_aider/aider/L70_G50/fioretto_ldf/seed_1,aider,MobileNetV3,0,L70_G50,fioretto_ldf,1,True,data/aider/slice_1,0.8678,0.9281,0.9361,0.0544,0.1134,0.0,1,25,0.3596,25.3173
asym_tissue_aider,results/pending_runs/g2_asym_tissue_aider/aider/L70_G50/fioretto_ldf/seed_2,aider,MobileNetV3,0,L70_G50,fioretto_ldf,2,True,data/aider/slice_1,0.8669,0.9277,0.9361,0.0537,0.1129,0.0,1,16,0.063,20.0244
asym_tissue_aider,results/pending_runs/g2_asym_tissue_aider/aider/L70_G50/tralo_bounded/seed_4,aider,MobileNetV3,0,L70_G50,tralo_bounded,4,True,data/aider/slice_1,0.8793,0.9348,0.9429,0.0507,0.1051,0.0,1,67,0.4422,22.5569
asym_tissue_aider,results/pending_runs/g2_asym_tissue_aider/aider/L70_G50/tralo_bounded/seed_3,aider,MobileNetV3,0,L70_G50,tralo_bounded,3,True,data/aider/slice_1,0.8901,0.9406,0.9471,0.0409,0.0916,0.0,1,64,0.2951,21.8712
asym_tissue_aider,results/pending_runs/g2_asym_tissue_aider/aider/L70_G50/tralo_bounded/seed_1,aider,MobileNetV3,0,L70_G50,tralo_bounded,1,True,data/aider/slice_1,0.8774,0.9327,0.9395,0.0505,0.1075,0.0,1,74,0.511,23.964
asym_tissue_aider,results/pending_runs/g2_asym_tissue_aider/aider/L70_G50/tralo_bounded/seed_2,aider,MobileNetV3,0,L70_G50,tralo_bounded,2,True,data/aider/slice_1,0.8841,0.9364,0.9429,0.0519,0.1069,0.0,1,64,0.6008,20.8981
asym_tissue_aider,results/pending_runs/g2_asym_tissue_aider/aider/L70_G50/heuristic/seed_4,aider,MobileNetV3,0,L70_G50,heuristic,4,True,data/aider/slice_1,0.9029,0.9465,0.9529,0.0106,0.0207,50.0,0,-1,0.5813,0.3191
asym_tissue_aider,results/pending_runs/g2_asym_tissue_aider/aider/L70_G50/heuristic/seed_3,aider,MobileNetV3,0,L70_G50,heuristic,3,True,data/aider/slice_1,0.8924,0.9431,0.9496,0.0101,0.0206,52.0,0,-1,0.6356,0.3054
asym_tissue_aider,results/pending_runs/g2_asym_tissue_aider/aider/L70_G50/heuristic/seed_1,aider,MobileNetV3,0,L70_G50,heuristic,1,True,data/aider/slice_1,0.8869,0.9414,0.9479,0.0134,0.0309,60.0,0,-1,0.0622,0.2243
asym_tissue_aider,results/pending_runs/g2_asym_tissue_aider/aider/L70_G50/heuristic/seed_2,aider,MobileNetV3,0,L70_G50,heuristic,2,True,data/aider/slice_1,0.8885,0.9439,0.9504,0.0123,0.0225,52.0,0,-1,0.0617,0.2215
asym_tissue_aider,results/pending_runs/g2_asym_tissue_aider/aider/L70_G80/hounie_rcl/seed_4,aider,MobileNetV3,0,L70_G80,hounie_rcl,4,True,data/aider/slice_1,0.9348,0.9626,0.9647,0.0492,0.1021,28.0,1,111,0.0604,99.2983
asym_tissue_aider,results/pending_runs/g2_asym_tissue_aider/aider/L70_G80/hounie_rcl/seed_3,aider,MobileNetV3,0,L70_G80,hounie_rcl,3,True,data/aider/slice_1,0.9299,0.9591,0.9613,0.0566,0.1197,36.0,1,63,0.6904,63.5093
asym_tissue_aider,results/pending_runs/g2_asym_tissue_aider/aider/L70_G80/hounie_rcl/seed_1,aider,MobileNetV3,0,L70_G80,hounie_rcl,1,True,data/aider/slice_1,0.9205,0.9541,0.9563,0.0531,0.1079,23.0,1,154,0.6202,146.8085
asym_tissue_aider,results/pending_runs/g2_asym_tissue_aider/aider/L70_G80/hounie_rcl/seed_2,aider,MobileNetV3,0,L70_G80,hounie_rcl,2,True,data/aider/slice_1,0.9206,0.9541,0.9563,0.0618,0.1261,32.0,1,60,0.7224,66.8493
asym_tissue_aider,results/pending_runs/g2_asym_tissue_aider/aider/L70_G80/tralo/seed_4,aider,MobileNetV3,0,L70_G80,tralo,4,True,data/aider/slice_1,0.9363,0.9635,0.9655,0.0271,0.0582,0.0,1,66,0.0616,51.9563
asym_tissue_aider,results/pending_runs/g2_asym_tissue_aider/aider/L70_G80/tralo/seed_3,aider,MobileNetV3,0,L70_G80,tralo,3,True,data/aider/slice_1,0.9362,0.9635,0.9655,0.0291,0.0623,1.0,1,63,0.4761,41.6573
asym_tissue_aider,results/pending_runs/g2_asym_tissue_aider/aider/L70_G80/tralo/seed_1,aider,MobileNetV3,0,L70_G80,tralo,1,True,data/aider/slice_1,0.9292,0.9593,0.9613,0.0311,0.067,0.0,1,72,0.5839,248.4049
asym_tissue_aider,results/pending_runs/g2_asym_tissue_aider/aider/L70_G80/tralo/seed_2,aider,MobileNetV3,0,L70_G80,tralo,2,True,data/aider/slice_1,0.9261,0.9592,0.9613,0.0332,0.0681,0.0,1,63,0.0614,93.2464
asym_tissue_aider,results/pending_runs/g2_asym_tissue_aider/aider/L70_G80/danits_lp/seed_4,aider,MobileNetV3,0,L70_G80,danits_lp,4,True,data/aider/slice_1,0.9441,0.9677,0.9697,0.0106,0.0207,30.0,0,-1,0.1585,0.3982
asym_tissue_aider,results/pending_runs/g2_asym_tissue_aider/aider/L70_G80/danits_lp/seed_3,aider,MobileNetV3,0,L70_G80,danits_lp,3,True,data/aider/slice_1,0.9337,0.9643,0.9664,0.0101,0.0206,32.0,0,-1,0.6671,0.4137
asym_tissue_aider,results/pending_runs/g2_asym_tissue_aider/aider/L70_G80/danits_lp/seed_1,aider,MobileNetV3,0,L70_G80,danits_lp,1,True,data/aider/slice_1,0.9311,0.9627,0.9647,0.0134,0.0309,40.0,0,-1,0.293,0.3793
asym_tissue_aider,results/pending_runs/g2_asym_tissue_aider/aider/L70_G80/danits_lp/seed_2,aider,MobileNetV3,0,L70_G80,danits_lp,2,True,data/aider/slice_1,0.9337,0.9651,0.9672,0.0123,0.0225,32.0,0,-1,0.1065,0.3647
asym_tissue_aider,results/pending_runs/g2_asym_tissue_aider/aider/L70_G80/fioretto_ldf/seed_4,aider,MobileNetV3,0,L70_G80,fioretto_ldf,4,True,data/aider/slice_1,0.9349,0.9626,0.9647,0.0286,0.0631,2.0,1,16,0.1939,22.3101
asym_tissue_aider,results/pending_runs/g2_asym_tissue_aider/aider/L70_G80/fioretto_ldf/seed_3,aider,MobileNetV3,0,L70_G80,fioretto_ldf,3,True,data/aider/slice_1,0.9348,0.9626,0.9647,0.029,0.0601,1.0,1,13,0.4468,13.682
asym_tissue_aider,results/pending_runs/g2_asym_tissue_aider/aider/L70_G80/fioretto_ldf/seed_1,aider,MobileNetV3,0,L70_G80,fioretto_ldf,1,True,data/aider/slice_1,0.9249,0.9567,0.9588,0.0332,0.0744,3.0,1,22,0.2705,23.9302
asym_tissue_aider,results/pending_runs/g2_asym_tissue_aider/aider/L70_G80/fioretto_ldf/seed_2,aider,MobileNetV3,0,L70_G80,fioretto_ldf,2,True,data/aider/slice_1,0.9261,0.9592,0.9613,0.0349,0.0741,3.0,1,14,0.478,15.4845
asym_tissue_aider,results/pending_runs/g2_asym_tissue_aider/aider/L70_G80/tralo_bounded/seed_4,aider,MobileNetV3,0,L70_G80,tralo_bounded,4,True,data/aider/slice_1,0.9349,0.9626,0.9647,0.0309,0.0671,2.0,1,66,0.6604,22.342
asym_tissue_aider,results/pending_runs/g2_asym_tissue_aider/aider/L70_G80/tralo_bounded/seed_3,aider,MobileNetV3,0,L70_G80,tralo_bounded,3,True,data/aider/slice_1,0.9359,0.9627,0.9647,0.0339,0.072,7.0,1,63,0.0762,20.6983
asym_tissue_aider,results/pending_runs/g2_asym_tissue_aider/aider/L70_G80/tralo_bounded/seed_1,aider,MobileNetV3,0,L70_G80,tralo_bounded,1,True,data/aider/slice_1,0.9249,0.9567,0.9588,0.0332,0.0709,3.0,0,-1,0.4591,69.5207
asym_tissue_aider,results/pending_runs/g2_asym_tissue_aider/aider/L70_G80/tralo_bounded/seed_2,aider,MobileNetV3,0,L70_G80,tralo_bounded,2,True,data/aider/slice_1,0.9281,0.9592,0.9613,0.0363,0.0797,5.0,1,63,0.0968,12.0224
asym_tissue_aider,results/pending_runs/g2_asym_tissue_aider/aider/L70_G80/heuristic/seed_4,aider,MobileNetV3,0,L70_G80,heuristic,4,True,data/aider/slice_1,0.9441,0.9677,0.9697,0.0106,0.0207,30.0,0,-1,0.2712,0.4013
asym_tissue_aider,results/pending_runs/g2_asym_tissue_aider/aider/L70_G80/heuristic/seed_3,aider,MobileNetV3,0,L70_G80,heuristic,3,True,data/aider/slice_1,0.9337,0.9643,0.9664,0.0101,0.0206,32.0,0,-1,0.1933,0.386
asym_tissue_aider,results/pending_runs/g2_asym_tissue_aider/aider/L70_G80/heuristic/seed_1,aider,MobileNetV3,0,L70_G80,heuristic,1,True,data/aider/slice_1,0.9311,0.9627,0.9647,0.0134,0.0309,40.0,0,-1,0.9733,0.3904
asym_tissue_aider,results/pending_runs/g2_asym_tissue_aider/aider/L70_G80/heuristic/seed_2,aider,MobileNetV3,0,L70_G80,heuristic,2,True,data/aider/slice_1,0.9337,0.9651,0.9672,0.0123,0.0225,32.0,0,-1,0.9521,0.3511
asym_tissue_aider,results/pending_runs/g2_asym_tissue_aider/aider/L50_G80/hounie_rcl/seed_4,aider,MobileNetV3,0,L50_G80,hounie_rcl,4,True,data/aider/slice_1,0.8707,0.9301,0.9378,0.0785,0.1633,39.0,1,98,0.959,93.0691
asym_tissue_aider,results/pending_runs/g2_asym_tissue_aider/aider/L50_G80/hounie_rcl/seed_3,aider,MobileNetV3,0,L50_G80,hounie_rcl,3,True,data/aider/slice_1,0.8855,0.9362,0.9429,0.0818,0.167,40.0,1,58,0.8279,57.3165
asym_tissue_aider,results/pending_runs/g2_asym_tissue_aider/aider/L50_G80/hounie_rcl/seed_1,aider,MobileNetV3,0,L50_G80,hounie_rcl,1,True,data/aider/slice_1,0.8764,0.9313,0.9378,0.0694,0.1464,22.0,1,132,0.6299,125.8999
asym_tissue_aider,results/pending_runs/g2_asym_tissue_aider/aider/L50_G80/hounie_rcl/seed_2,aider,MobileNetV3,0,L50_G80,hounie_rcl,2,True,data/aider/slice_1,0.8434,0.9154,0.9235,0.0966,0.1938,43.0,1,56,0.6484,63.9709
asym_tissue_aider,results/pending_runs/g2_asym_tissue_aider/aider/L50_G80/tralo/seed_4,aider,MobileNetV3,0,L50_G80,tralo,4,True,data/aider/slice_1,0.8912,0.9406,0.9471,0.0468,0.0949,0.0,1,69,0.48,73.5324
asym_tissue_aider,results/pending_runs/g2_asym_tissue_aider/aider/L50_G80/tralo/seed_3,aider,MobileNetV3,0,L50_G80,tralo,3,True,data/aider/slice_1,0.8901,0.9406,0.9471,0.0412,0.0888,0.0,1,64,0.2602,248.5459
asym_tissue_aider,results/pending_runs/g2_asym_tissue_aider/aider/L50_G80/tralo/seed_1,aider,MobileNetV3,0,L50_G80,tralo,1,True,data/aider/slice_1,0.8811,0.9347,0.9412,0.0506,0.1055,0.0,1,74,0.0926,34.6784
asym_tissue_aider,results/pending_runs/g2_asym_tissue_aider/aider/L50_G80/tralo/seed_2,aider,MobileNetV3,0,L50_G80,tralo,2,True,data/aider/slice_1,0.8855,0.9373,0.9437,0.0487,0.1027,0.0,1,65,0.3111,40.0506
asym_tissue_aider,results/pending_runs/g2_asym_tissue_aider/aider/L50_G80/danits_lp/seed_4,aider,MobileNetV3,0,L50_G80,danits_lp,4,True,data/aider/slice_1,0.9029,0.9465,0.9529,0.0106,0.0207,50.0,0,-1,0.7266,0.4115
asym_tissue_aider,results/pending_runs/g2_asym_tissue_aider/aider/L50_G80/danits_lp/seed_3,aider,MobileNetV3,0,L50_G80,danits_lp,3,True,data/aider/slice_1,0.8924,0.9431,0.9496,0.0101,0.0206,52.0,0,-1,0.0967,0.3549
asym_tissue_aider,results/pending_runs/g2_asym_tissue_aider/aider/L50_G80/danits_lp/seed_1,aider,MobileNetV3,0,L50_G80,danits_lp,1,True,data/aider/slice_1,0.8878,0.9414,0.9479,0.0134,0.0309,60.0,0,-1,0.1926,0.3876
asym_tissue_aider,results/pending_runs/g2_asym_tissue_aider/aider/L50_G80/danits_lp/seed_2,aider,MobileNetV3,0,L50_G80,danits_lp,2,True,data/aider/slice_1,0.8895,0.9439,0.9504,0.0123,0.0225,52.0,0,-1,0.1755,0.3826
asym_tissue_aider,results/pending_runs/g2_asym_tissue_aider/aider/L50_G80/fioretto_ldf/seed_4,aider,MobileNetV3,0,L50_G80,fioretto_ldf,4,True,data/aider/slice_1,0.8925,0.9415,0.9479,0.0551,0.1142,12.0,1,19,0.6091,19.5787
asym_tissue_aider,results/pending_runs/g2_asym_tissue_aider/aider/L50_G80/fioretto_ldf/seed_3,aider,MobileNetV3,0,L50_G80,fioretto_ldf,3,True,data/aider/slice_1,0.8887,0.9398,0.9462,0.0522,0.111,12.0,1,15,0.2081,19.2608
asym_tissue_aider,results/pending_runs/g2_asym_tissue_aider/aider/L50_G80/fioretto_ldf/seed_1,aider,MobileNetV3,0,L50_G80,fioretto_ldf,1,True,data/aider/slice_1,0.8797,0.9339,0.9403,0.0536,0.1136,5.0,1,25,0.0917,24.9843
asym_tissue_aider,results/pending_runs/g2_asym_tissue_aider/aider/L50_G80/fioretto_ldf/seed_2,aider,MobileNetV3,0,L50_G80,fioretto_ldf,2,True,data/aider/slice_1,0.8817,0.9356,0.942,0.0528,0.1127,6.0,1,16,0.0918,17.1763
asym_tissue_aider,results/pending_runs/g2_asym_tissue_aider/aider/L50_G80/tralo_bounded/seed_4,aider,MobileNetV3,0,L50_G80,tralo_bounded,4,True,data/aider/slice_1,0.8922,0.9406,0.9471,0.0521,0.1061,7.0,0,-1,0.6238,69.2997
asym_tissue_aider,results/pending_runs/g2_asym_tissue_aider/aider/L50_G80/tralo_bounded/seed_3,aider,MobileNetV3,0,L50_G80,tralo_bounded,3,True,data/aider/slice_1,0.8901,0.9406,0.9471,0.0527,0.1107,14.0,1,64,0.0878,12.366
asym_tissue_aider,results/pending_runs/g2_asym_tissue_aider/aider/L50_G80/tralo_bounded/seed_1,aider,MobileNetV3,0,L50_G80,tralo_bounded,1,True,data/aider/slice_1,0.8783,0.933,0.9395,0.0572,0.1215,9.0,1,74,0.3878,36.7564
asym_tissue_aider,results/pending_runs/g2_asym_tissue_aider/aider/L50_G80/tralo_bounded/seed_2,aider,MobileNetV3,0,L50_G80,tralo_bounded,2,True,data/aider/slice_1,0.8837,0.9356,0.942,0.057,0.1215,11.0,1,65,0.6643,26.955
asym_tissue_aider,results/pending_runs/g2_asym_tissue_aider/aider/L50_G80/heuristic/seed_4,aider,MobileNetV3,0,L50_G80,heuristic,4,True,data/aider/slice_1,0.9029,0.9465,0.9529,0.0106,0.0207,50.0,0,-1,0.7971,0.3964
asym_tissue_aider,results/pending_runs/g2_asym_tissue_aider/aider/L50_G80/heuristic/seed_3,aider,MobileNetV3,0,L50_G80,heuristic,3,True,data/aider/slice_1,0.8924,0.9431,0.9496,0.0101,0.0206,52.0,0,-1,0.862,0.37
asym_tissue_aider,results/pending_runs/g2_asym_tissue_aider/aider/L50_G80/heuristic/seed_1,aider,MobileNetV3,0,L50_G80,heuristic,1,True,data/aider/slice_1,0.8878,0.9414,0.9479,0.0134,0.0309,60.0,0,-1,0.0687,0.2546
asym_tissue_aider,results/pending_runs/g2_asym_tissue_aider/aider/L50_G80/heuristic/seed_2,aider,MobileNetV3,0,L50_G80,heuristic,2,True,data/aider/slice_1,0.8895,0.9439,0.9504,0.0123,0.0225,52.0,0,-1,0.2139,0.383
asym_tissue_aider,results/pending_runs/g2_asym_tissue_aider/aider/L80_G70/hounie_rcl/seed_4,aider,MobileNetV3,0,L80_G70,hounie_rcl,4,True,data/aider/slice_1,0.8858,0.9388,0.9462,0.0467,0.0956,0.0,1,119,0.3801,113.3291
asym_tissue_aider,results/pending_runs/g2_asym_tissue_aider/aider/L80_G70/hounie_rcl/seed_3,aider,MobileNetV3,0,L80_G70,hounie_rcl,3,True,data/aider/slice_1,0.8587,0.9254,0.9361,0.0522,0.1121,0.0,1,66,0.7196,65.0001
asym_tissue_aider,results/pending_runs/g2_asym_tissue_aider/aider/L80_G70/hounie_rcl/seed_1,aider,MobileNetV3,0,L80_G70,hounie_rcl,1,True,data/aider/slice_1,0.8967,0.9424,0.9471,0.043,0.0871,0.0,1,163,0.1842,143.5741
asym_tissue_aider,results/pending_runs/g2_asym_tissue_aider/aider/L80_G70/hounie_rcl/seed_2,aider,MobileNetV3,0,L80_G70,hounie_rcl,2,True,data/aider/slice_1,0.864,0.9257,0.9345,0.0579,0.121,0.0,1,63,0.6348,55.9437
asym_tissue_aider,results/pending_runs/g2_asym_tissue_aider/aider/L80_G70/tralo/seed_4,aider,MobileNetV3,0,L80_G70,tralo,4,True,data/aider/slice_1,0.9324,0.9618,0.9639,0.0307,0.0622,0.0,1,66,0.6438,87.4751
asym_tissue_aider,results/pending_runs/g2_asym_tissue_aider/aider/L80_G70/tralo/seed_3,aider,MobileNetV3,0,L80_G70,tralo,3,True,data/aider/slice_1,0.9331,0.9635,0.9655,0.0302,0.0601,0.0,1,63,0.0747,76.5858
asym_tissue_aider,results/pending_runs/g2_asym_tissue_aider/aider/L80_G70/tralo/seed_1,aider,MobileNetV3,0,L80_G70,tralo,1,True,data/aider/slice_1,0.9292,0.9593,0.9613,0.0309,0.0661,0.0,1,72,0.0936,256.8103
asym_tissue_aider,results/pending_runs/g2_asym_tissue_aider/aider/L80_G70/tralo/seed_2,aider,MobileNetV3,0,L80_G70,tralo,2,True,data/aider/slice_1,0.9261,0.9592,0.9613,0.0334,0.0688,0.0,1,63,0.3786,50.1158
asym_tissue_aider,results/pending_runs/g2_asym_tissue_aider/aider/L80_G70/danits_lp/seed_4,aider,MobileNetV3,0,L80_G70,danits_lp,4,True,data/aider/slice_1,0.9441,0.9677,0.9697,0.0106,0.0207,30.0,0,-1,0.3106,0.3016
asym_tissue_aider,results/pending_runs/g2_asym_tissue_aider/aider/L80_G70/danits_lp/seed_3,aider,MobileNetV3,0,L80_G70,danits_lp,3,True,data/aider/slice_1,0.9337,0.9643,0.9664,0.0101,0.0206,32.0,0,-1,0.1009,0.3364
asym_tissue_aider,results/pending_runs/g2_asym_tissue_aider/aider/L80_G70/danits_lp/seed_1,aider,MobileNetV3,0,L80_G70,danits_lp,1,True,data/aider/slice_1,0.9311,0.9627,0.9647,0.0134,0.0309,40.0,0,-1,0.1072,0.3597
asym_tissue_aider,results/pending_runs/g2_asym_tissue_aider/aider/L80_G70/danits_lp/seed_2,aider,MobileNetV3,0,L80_G70,danits_lp,2,True,data/aider/slice_1,0.9337,0.9651,0.9672,0.0123,0.0225,32.0,0,-1,0.497,0.3833
asym_tissue_aider,results/pending_runs/g2_asym_tissue_aider/aider/L80_G70/fioretto_ldf/seed_4,aider,MobileNetV3,0,L80_G70,fioretto_ldf,4,True,data/aider/slice_1,0.9311,0.9607,0.963,0.028,0.0635,0.0,1,16,0.645,18.3724
asym_tissue_aider,results/pending_runs/g2_asym_tissue_aider/aider/L80_G70/fioretto_ldf/seed_3,aider,MobileNetV3,0,L80_G70,fioretto_ldf,3,True,data/aider/slice_1,0.9329,0.9617,0.9639,0.0299,0.0603,0.0,1,13,0.3971,18.0799
asym_tissue_aider,results/pending_runs/g2_asym_tissue_aider/aider/L80_G70/fioretto_ldf/seed_1,aider,MobileNetV3,0,L80_G70,fioretto_ldf,1,True,data/aider/slice_1,0.9193,0.9537,0.9563,0.0332,0.0742,0.0,1,22,0.7442,22.5019
asym_tissue_aider,results/pending_runs/g2_asym_tissue_aider/aider/L80_G70/fioretto_ldf/seed_2,aider,MobileNetV3,0,L80_G70,fioretto_ldf,2,True,data/aider/slice_1,0.9205,0.9563,0.9588,0.0349,0.0743,0.0,1,14,0.0891,11.2525
asym_tissue_aider,results/pending_runs/g2_asym_tissue_aider/aider/L80_G70/tralo_bounded/seed_4,aider,MobileNetV3,0,L80_G70,tralo_bounded,4,True,data/aider/slice_1,0.9311,0.9607,0.963,0.0298,0.0609,0.0,1,66,0.0941,17.5766
asym_tissue_aider,results/pending_runs/g2_asym_tissue_aider/aider/L80_G70/tralo_bounded/seed_3,aider,MobileNetV3,0,L80_G70,tralo_bounded,3,True,data/aider/slice_1,0.9193,0.9556,0.9588,0.0337,0.07,0.0,1,63,0.0978,17.1625
asym_tissue_aider,results/pending_runs/g2_asym_tissue_aider/aider/L80_G70/tralo_bounded/seed_1,aider,MobileNetV3,0,L80_G70,tralo_bounded,1,True,data/aider/slice_1,0.9212,0.9547,0.9571,0.0323,0.0744,0.0,1,72,0.091,23.2573
asym_tissue_aider,results/pending_runs/g2_asym_tissue_aider/aider/L80_G70/tralo_bounded/seed_2,aider,MobileNetV3,0,L80_G70,tralo_bounded,2,True,data/aider/slice_1,0.9281,0.9592,0.9613,0.0335,0.072,0.0,1,63,0.3335,14.8956
asym_tissue_aider,results/pending_runs/g2_asym_tissue_aider/aider/L80_G70/heuristic/seed_4,aider,MobileNetV3,0,L80_G70,heuristic,4,True,data/aider/slice_1,0.9441,0.9677,0.9697,0.0106,0.0207,30.0,0,-1,0.2795,0.3501
asym_tissue_aider,results/pending_runs/g2_asym_tissue_aider/aider/L80_G70/heuristic/seed_3,aider,MobileNetV3,0,L80_G70,heuristic,3,True,data/aider/slice_1,0.9337,0.9643,0.9664,0.0101,0.0206,32.0,0,-1,0.4743,0.3407
asym_tissue_aider,results/pending_runs/g2_asym_tissue_aider/aider/L80_G70/heuristic/seed_1,aider,MobileNetV3,0,L80_G70,heuristic,1,True,data/aider/slice_1,0.9311,0.9627,0.9647,0.0134,0.0309,40.0,0,-1,0.079,0.2499
asym_tissue_aider,results/pending_runs/g2_asym_tissue_aider/aider/L80_G70/heuristic/seed_2,aider,MobileNetV3,0,L80_G70,heuristic,2,True,data/aider/slice_1,0.9337,0.9651,0.9672,0.0123,0.0225,32.0,0,-1,0.5004,0.3664
asym_tissue_aider,results/pending_runs/g2_asym_tissue_aider/aider/L80_G50/hounie_rcl/seed_4,aider,MobileNetV3,0,L80_G50,hounie_rcl,4,True,data/aider/slice_1,0.8034,0.8997,0.921,0.0699,0.1472,0.0,1,111,0.3389,84.9331
asym_tissue_aider,results/pending_runs/g2_asym_tissue_aider/aider/L80_G50/hounie_rcl/seed_3,aider,MobileNetV3,0,L80_G50,hounie_rcl,3,True,data/aider/slice_1,0.7811,0.89,0.9151,0.0763,0.1572,0.0,1,64,0.0925,46.2292
asym_tissue_aider,results/pending_runs/g2_asym_tissue_aider/aider/L80_G50/hounie_rcl/seed_1,aider,MobileNetV3,0,L80_G50,hounie_rcl,1,True,data/aider/slice_1,0.8343,0.9118,0.9244,0.068,0.1415,0.0,1,151,0.4128,111.5452
asym_tissue_aider,results/pending_runs/g2_asym_tissue_aider/aider/L80_G50/hounie_rcl/seed_2,aider,MobileNetV3,0,L80_G50,hounie_rcl,2,True,data/aider/slice_1,0.7769,0.8847,0.9067,0.0846,0.173,0.0,1,61,0.1803,44.0338
asym_tissue_aider,results/pending_runs/g2_asym_tissue_aider/aider/L80_G50/tralo/seed_4,aider,MobileNetV3,0,L80_G50,tralo,4,True,data/aider/slice_1,0.8865,0.9383,0.9454,0.0466,0.0936,0.0,1,68,0.0876,28.3995
asym_tissue_aider,results/pending_runs/g2_asym_tissue_aider/aider/L80_G50/tralo/seed_3,aider,MobileNetV3,0,L80_G50,tralo,3,True,data/aider/slice_1,0.8883,0.9389,0.9454,0.0448,0.0941,0.0,1,64,0.1004,161.1141
asym_tissue_aider,results/pending_runs/g2_asym_tissue_aider/aider/L80_G50/tralo/seed_1,aider,MobileNetV3,0,L80_G50,tralo,1,True,data/aider/slice_1,0.8811,0.9347,0.9412,0.0505,0.1041,0.0,1,74,0.2693,57.6542
asym_tissue_aider,results/pending_runs/g2_asym_tissue_aider/aider/L80_G50/tralo/seed_2,aider,MobileNetV3,0,L80_G50,tralo,2,True,data/aider/slice_1,0.8804,0.9344,0.9412,0.053,0.1095,0.0,1,65,0.0892,34.5113
asym_tissue_aider,results/pending_runs/g2_asym_tissue_aider/aider/L80_G50/danits_lp/seed_4,aider,MobileNetV3,0,L80_G50,danits_lp,4,True,data/aider/slice_1,0.9029,0.9465,0.9529,0.0106,0.0207,50.0,0,-1,0.334,0.4183
asym_tissue_aider,results/pending_runs/g2_asym_tissue_aider/aider/L80_G50/danits_lp/seed_3,aider,MobileNetV3,0,L80_G50,danits_lp,3,True,data/aider/slice_1,0.8924,0.9431,0.9496,0.0101,0.0206,52.0,0,-1,0.3389,0.3905
asym_tissue_aider,results/pending_runs/g2_asym_tissue_aider/aider/L80_G50/danits_lp/seed_1,aider,MobileNetV3,0,L80_G50,danits_lp,1,True,data/aider/slice_1,0.8879,0.9415,0.9479,0.0134,0.0309,60.0,0,-1,0.4606,0.3779
asym_tissue_aider,results/pending_runs/g2_asym_tissue_aider/aider/L80_G50/danits_lp/seed_2,aider,MobileNetV3,0,L80_G50,danits_lp,2,True,data/aider/slice_1,0.8895,0.9439,0.9504,0.0123,0.0225,52.0,0,-1,0.6553,0.3856
asym_tissue_aider,results/pending_runs/g2_asym_tissue_aider/aider/L80_G50/fioretto_ldf/seed_4,aider,MobileNetV3,0,L80_G50,fioretto_ldf,4,True,data/aider/slice_1,0.8817,0.936,0.9437,0.0489,0.0988,0.0,1,18,0.5146,20.8224
asym_tissue_aider,results/pending_runs/g2_asym_tissue_aider/aider/L80_G50/fioretto_ldf/seed_3,aider,MobileNetV3,0,L80_G50,fioretto_ldf,3,True,data/aider/slice_1,0.8587,0.9254,0.9361,0.0522,0.1113,0.0,1,15,0.2684,19.155
asym_tissue_aider,results/pending_runs/g2_asym_tissue_aider/aider/L80_G50/fioretto_ldf/seed_1,aider,MobileNetV3,0,L80_G50,fioretto_ldf,1,True,data/aider/slice_1,0.8678,0.9281,0.9361,0.0545,0.1135,0.0,1,25,0.6575,26.0518
asym_tissue_aider,results/pending_runs/g2_asym_tissue_aider/aider/L80_G50/fioretto_ldf/seed_2,aider,MobileNetV3,0,L80_G50,fioretto_ldf,2,True,data/aider/slice_1,0.8683,0.9286,0.937,0.0528,0.1127,0.0,1,16,0.4347,15.7918
asym_tissue_aider,results/pending_runs/g2_asym_tissue_aider/aider/L80_G50/tralo_bounded/seed_4,aider,MobileNetV3,0,L80_G50,tralo_bounded,4,True,data/aider/slice_1,0.8817,0.936,0.9437,0.0478,0.0961,0.0,1,68,0.312,25.5449
asym_tissue_aider,results/pending_runs/g2_asym_tissue_aider/aider/L80_G50/tralo_bounded/seed_3,aider,MobileNetV3,0,L80_G50,tralo_bounded,3,True,data/aider/slice_1,0.8601,0.9262,0.937,0.051,0.1096,0.0,1,64,0.0903,16.0969
asym_tissue_aider,results/pending_runs/g2_asym_tissue_aider/aider/L80_G50/tralo_bounded/seed_1,aider,MobileNetV3,0,L80_G50,tralo_bounded,1,True,data/aider/slice_1,0.8751,0.9316,0.9387,0.052,0.1082,0.0,1,74,0.5969,31.277
asym_tissue_aider,results/pending_runs/g2_asym_tissue_aider/aider/L80_G50/tralo_bounded/seed_2,aider,MobileNetV3,0,L80_G50,tralo_bounded,2,True,data/aider/slice_1,0.8632,0.9262,0.9353,0.0573,0.1183,0.0,1,65,0.0997,12.3562
asym_tissue_aider,results/pending_runs/g2_asym_tissue_aider/aider/L80_G50/heuristic/seed_4,aider,MobileNetV3,0,L80_G50,heuristic,4,True,data/aider/slice_1,0.9029,0.9465,0.9529,0.0106,0.0207,50.0,0,-1,0.0621,0.2632
asym_tissue_aider,results/pending_runs/g2_asym_tissue_aider/aider/L80_G50/heuristic/seed_3,aider,MobileNetV3,0,L80_G50,heuristic,3,True,data/aider/slice_1,0.8924,0.9431,0.9496,0.0101,0.0206,52.0,0,-1,0.0935,0.3066
asym_tissue_aider,results/pending_runs/g2_asym_tissue_aider/aider/L80_G50/heuristic/seed_1,aider,MobileNetV3,0,L80_G50,heuristic,1,True,data/aider/slice_1,0.8869,0.9414,0.9479,0.0134,0.0309,60.0,0,-1,0.0858,0.3254
asym_tissue_aider,results/pending_runs/g2_asym_tissue_aider/aider/L80_G50/heuristic/seed_2,aider,MobileNetV3,0,L80_G50,heuristic,2,True,data/aider/slice_1,0.8885,0.9439,0.9504,0.0123,0.0225,52.0,0,-1,0.391,0.3767
asym_tissue_aider,results/pending_runs/g2_asym_tissue_aider/aider/L50_G70/hounie_rcl/seed_4,aider,MobileNetV3,0,L50_G70,hounie_rcl,4,True,data/aider/slice_1,0.8721,0.9309,0.9387,0.0772,0.1597,38.0,1,94,0.8078,83.1305
asym_tissue_aider,results/pending_runs/g2_asym_tissue_aider/aider/L50_G70/hounie_rcl/seed_3,aider,MobileNetV3,0,L50_G70,hounie_rcl,3,True,data/aider/slice_1,0.8805,0.9334,0.9403,0.0856,0.1731,44.0,1,57,0.3871,52.7809
asym_tissue_aider,results/pending_runs/g2_asym_tissue_aider/aider/L50_G70/hounie_rcl/seed_1,aider,MobileNetV3,0,L50_G70,hounie_rcl,1,True,data/aider/slice_1,0.8764,0.9313,0.9378,0.0702,0.1474,22.0,1,127,0.4796,98.9982
asym_tissue_aider,results/pending_runs/g2_asym_tissue_aider/aider/L50_G70/hounie_rcl/seed_2,aider,MobileNetV3,0,L50_G70,hounie_rcl,2,True,data/aider/slice_1,0.8497,0.9183,0.9261,0.0945,0.1897,42.0,1,54,0.2415,49.0267
asym_tissue_aider,results/pending_runs/g2_asym_tissue_aider/aider/L50_G70/tralo/seed_4,aider,MobileNetV3,0,L50_G70,tralo,4,True,data/aider/slice_1,0.8912,0.9406,0.9471,0.0466,0.0953,0.0,1,69,0.5162,55.7619
asym_tissue_aider,results/pending_runs/g2_asym_tissue_aider/aider/L50_G70/tralo/seed_3,aider,MobileNetV3,0,L50_G70,tralo,3,True,data/aider/slice_1,0.8901,0.9406,0.9471,0.0445,0.0978,3.0,1,64,0.0924,288.7607
asym_tissue_aider,results/pending_runs/g2_asym_tissue_aider/aider/L50_G70/tralo/seed_1,aider,MobileNetV3,0,L50_G70,tralo,1,True,data/aider/slice_1,0.8811,0.9347,0.9412,0.0541,0.109,1.0,1,74,0.6744,37.3408
asym_tissue_aider,results/pending_runs/g2_asym_tissue_aider/aider/L50_G70/tralo/seed_2,aider,MobileNetV3,0,L50_G70,tralo,2,True,data/aider/slice_1,0.8855,0.9373,0.9437,0.0491,0.1023,0.0,1,65,0.4911,50.7443
asym_tissue_aider,results/pending_runs/g2_asym_tissue_aider/aider/L50_G70/danits_lp/seed_4,aider,MobileNetV3,0,L50_G70,danits_lp,4,True,data/aider/slice_1,0.9029,0.9465,0.9529,0.0106,0.0207,50.0,0,-1,0.3179,0.4081
asym_tissue_aider,results/pending_runs/g2_asym_tissue_aider/aider/L50_G70/danits_lp/seed_3,aider,MobileNetV3,0,L50_G70,danits_lp,3,True,data/aider/slice_1,0.8924,0.9431,0.9496,0.0101,0.0206,52.0,0,-1,0.6218,0.3863
asym_tissue_aider,results/pending_runs/g2_asym_tissue_aider/aider/L50_G70/danits_lp/seed_1,aider,MobileNetV3,0,L50_G70,danits_lp,1,True,data/aider/slice_1,0.8878,0.9414,0.9479,0.0134,0.0309,60.0,0,-1,0.5055,0.4201
asym_tissue_aider,results/pending_runs/g2_asym_tissue_aider/aider/L50_G70/danits_lp/seed_2,aider,MobileNetV3,0,L50_G70,danits_lp,2,True,data/aider/slice_1,0.8895,0.9439,0.9504,0.0123,0.0225,52.0,0,-1,0.1198,0.3158
asym_tissue_aider,results/pending_runs/g2_asym_tissue_aider/aider/L50_G70/fioretto_ldf/seed_4,aider,MobileNetV3,0,L50_G70,fioretto_ldf,4,True,data/aider/slice_1,0.8925,0.9415,0.9479,0.0543,0.1143,12.0,1,19,0.0876,13.7469
asym_tissue_aider,results/pending_runs/g2_asym_tissue_aider/aider/L50_G70/fioretto_ldf/seed_3,aider,MobileNetV3,0,L50_G70,fioretto_ldf,3,True,data/aider/slice_1,0.8887,0.9398,0.9462,0.0522,0.1114,12.0,1,15,0.0899,16.2421
asym_tissue_aider,results/pending_runs/g2_asym_tissue_aider/aider/L50_G70/fioretto_ldf/seed_1,aider,MobileNetV3,0,L50_G70,fioretto_ldf,1,True,data/aider/slice_1,0.8797,0.9339,0.9403,0.0539,0.1133,5.0,1,25,0.0896,25.8346
asym_tissue_aider,results/pending_runs/g2_asym_tissue_aider/aider/L50_G70/fioretto_ldf/seed_2,aider,MobileNetV3,0,L50_G70,fioretto_ldf,2,True,data/aider/slice_1,0.8813,0.9347,0.9412,0.0545,0.1133,6.0,1,16,0.0924,18.805
asym_tissue_aider,results/pending_runs/g2_asym_tissue_aider/aider/L50_G70/tralo_bounded/seed_4,aider,MobileNetV3,0,L50_G70,tralo_bounded,4,True,data/aider/slice_1,0.8922,0.9406,0.9471,0.0499,0.1087,9.0,0,-1,0.0867,67.4876
asym_tissue_aider,results/pending_runs/g2_asym_tissue_aider/aider/L50_G70/tralo_bounded/seed_3,aider,MobileNetV3,0,L50_G70,tralo_bounded,3,True,data/aider/slice_1,0.8901,0.9406,0.9471,0.0418,0.0934,1.0,1,64,0.0995,17.9078
asym_tissue_aider,results/pending_runs/g2_asym_tissue_aider/aider/L50_G70/tralo_bounded/seed_1,aider,MobileNetV3,0,L50_G70,tralo_bounded,1,True,data/aider/slice_1,0.8783,0.933,0.9395,0.0574,0.1204,7.0,1,74,0.1051,30.3619
asym_tissue_aider,results/pending_runs/g2_asym_tissue_aider/aider/L50_G70/tralo_bounded/seed_2,aider,MobileNetV3,0,L50_G70,tralo_bounded,2,True,data/aider/slice_1,0.8841,0.9364,0.9429,0.0515,0.1086,5.0,0,-1,0.0979,44.1632
asym_tissue_aider,results/pending_runs/g2_asym_tissue_aider/aider/L50_G70/heuristic/seed_4,aider,MobileNetV3,0,L50_G70,heuristic,4,True,data/aider/slice_1,0.9029,0.9465,0.9529,0.0106,0.0207,50.0,0,-1,0.0877,0.2844
asym_tissue_aider,results/pending_runs/g2_asym_tissue_aider/aider/L50_G70/heuristic/seed_3,aider,MobileNetV3,0,L50_G70,heuristic,3,True,data/aider/slice_1,0.8924,0.9431,0.9496,0.0101,0.0206,52.0,0,-1,0.3995,0.4191
asym_tissue_aider,results/pending_runs/g2_asym_tissue_aider/aider/L50_G70/heuristic/seed_1,aider,MobileNetV3,0,L50_G70,heuristic,1,True,data/aider/slice_1,0.8878,0.9414,0.9479,0.0134,0.0309,60.0,0,-1,0.3944,0.3242
asym_tissue_aider,results/pending_runs/g2_asym_tissue_aider/aider/L50_G70/heuristic/seed_2,aider,MobileNetV3,0,L50_G70,heuristic,2,True,data/aider/slice_1,0.8895,0.9439,0.9504,0.0123,0.0225,52.0,0,-1,0.0986,0.3154
asym_tissue_aider,results/pending_runs/g2_asym_tissue_aider/aider/L20_G70/hounie_rcl/seed_4,aider,MobileNetV3,0,L20_G70,hounie_rcl,4,True,data/aider/slice_1,0.7704,0.8825,0.9059,0.095,0.1933,16.0,1,85,0.4443,66.5664
asym_tissue_aider,results/pending_runs/g2_asym_tissue_aider/aider/L20_G70/hounie_rcl/seed_3,aider,MobileNetV3,0,L20_G70,hounie_rcl,3,True,data/aider/slice_1,0.7931,0.8934,0.9151,0.0929,0.1898,18.0,1,53,0.0907,42.2243
asym_tissue_aider,results/pending_runs/g2_asym_tissue_aider/aider/L20_G70/hounie_rcl/seed_1,aider,MobileNetV3,0,L20_G70,hounie_rcl,1,True,data/aider/slice_1,0.7743,0.8828,0.9042,0.1021,0.2065,15.0,1,115,0.4308,77.3797
asym_tissue_aider,results/pending_runs/g2_asym_tissue_aider/aider/L20_G70/hounie_rcl/seed_2,aider,MobileNetV3,0,L20_G70,hounie_rcl,2,True,data/aider/slice_1,0.7533,0.8726,0.8958,0.1089,0.2218,17.0,1,51,0.0881,44.583
asym_tissue_aider,results/pending_runs/g2_asym_tissue_aider/aider/L20_G70/tralo/seed_4,aider,MobileNetV3,0,L20_G70,tralo,4,True,data/aider/slice_1,0.8048,0.9005,0.9218,0.0727,0.1505,1.0,1,74,0.0913,35.8408
asym_tissue_aider,results/pending_runs/g2_asym_tissue_aider/aider/L20_G70/tralo/seed_3,aider,MobileNetV3,0,L20_G70,tralo,3,True,data/aider/slice_1,0.801,0.8988,0.9202,0.0702,0.1422,1.0,1,68,0.092,23.201
asym_tissue_aider,results/pending_runs/g2_asym_tissue_aider/aider/L20_G70/tralo/seed_1,aider,MobileNetV3,0,L20_G70,tralo,1,True,data/aider/slice_1,0.7818,0.8871,0.9084,0.0857,0.1726,4.0,1,80,0.2232,33.371
asym_tissue_aider,results/pending_runs/g2_asym_tissue_aider/aider/L20_G70/tralo/seed_2,aider,MobileNetV3,0,L20_G70,tralo,2,True,data/aider/slice_1,0.7878,0.8905,0.9118,0.0809,0.1654,0.0,1,68,0.0901,33.1877
asym_tissue_aider,results/pending_runs/g2_asym_tissue_aider/aider/L20_G70/danits_lp/seed_4,aider,MobileNetV3,0,L20_G70,danits_lp,4,True,data/aider/slice_1,0.813,0.9054,0.9269,0.0106,0.0207,81.0,0,-1,0.09,0.3022
asym_tissue_aider,results/pending_runs/g2_asym_tissue_aider/aider/L20_G70/danits_lp/seed_3,aider,MobileNetV3,0,L20_G70,danits_lp,3,True,data/aider/slice_1,0.8036,0.902,0.9235,0.0101,0.0206,83.0,0,-1,0.097,0.3351
asym_tissue_aider,results/pending_runs/g2_asym_tissue_aider/aider/L20_G70/danits_lp/seed_1,aider,MobileNetV3,0,L20_G70,danits_lp,1,True,data/aider/slice_1,0.7961,0.9003,0.9218,0.0134,0.0309,91.0,0,-1,0.0891,0.2972
asym_tissue_aider,results/pending_runs/g2_asym_tissue_aider/aider/L20_G70/danits_lp/seed_2,aider,MobileNetV3,0,L20_G70,danits_lp,2,True,data/aider/slice_1,0.7967,0.9027,0.9244,0.0123,0.0225,83.0,0,-1,0.3944,0.3705
asym_tissue_aider,results/pending_runs/g2_asym_tissue_aider/aider/L20_G70/fioretto_ldf/seed_4,aider,MobileNetV3,0,L20_G70,fioretto_ldf,4,True,data/aider/slice_1,0.8034,0.8997,0.921,0.0769,0.1599,7.0,1,22,0.5669,28.2573
asym_tissue_aider,results/pending_runs/g2_asym_tissue_aider/aider/L20_G70/fioretto_ldf/seed_3,aider,MobileNetV3,0,L20_G70,fioretto_ldf,3,True,data/aider/slice_1,0.7995,0.898,0.9193,0.0748,0.1532,3.0,1,18,0.7999,24.383
asym_tissue_aider,results/pending_runs/g2_asym_tissue_aider/aider/L20_G70/fioretto_ldf/seed_1,aider,MobileNetV3,0,L20_G70,fioretto_ldf,1,True,data/aider/slice_1,0.7789,0.8854,0.9067,0.0913,0.1813,8.0,1,30,0.5582,35.8225
asym_tissue_aider,results/pending_runs/g2_asym_tissue_aider/aider/L20_G70/fioretto_ldf/seed_2,aider,MobileNetV3,0,L20_G70,fioretto_ldf,2,True,data/aider/slice_1,0.7834,0.888,0.9092,0.0882,0.1758,8.0,1,19,0.3824,25.5231
asym_tissue_aider,results/pending_runs/g2_asym_tissue_aider/aider/L20_G70/tralo_bounded/seed_4,aider,MobileNetV3,0,L20_G70,tralo_bounded,4,True,data/aider/slice_1,0.802,0.8988,0.9202,0.0816,0.1665,9.0,1,74,0.0964,34.2003
asym_tissue_aider,results/pending_runs/g2_asym_tissue_aider/aider/L20_G70/tralo_bounded/seed_3,aider,MobileNetV3,0,L20_G70,tralo_bounded,3,True,data/aider/slice_1,0.7982,0.8971,0.9185,0.0783,0.1575,7.0,1,68,0.6581,30.5526
asym_tissue_aider,results/pending_runs/g2_asym_tissue_aider/aider/L20_G70/tralo_bounded/seed_1,aider,MobileNetV3,0,L20_G70,tralo_bounded,1,True,data/aider/slice_1,0.7789,0.8854,0.9067,0.0962,0.1918,9.0,1,80,0.7646,45.1486
asym_tissue_aider,results/pending_runs/g2_asym_tissue_aider/aider/L20_G70/tralo_bounded/seed_2,aider,MobileNetV3,0,L20_G70,tralo_bounded,2,True,data/aider/slice_1,0.7849,0.8888,0.9101,0.0843,0.1725,5.0,1,68,0.7477,30.7352
asym_tissue_aider,results/pending_runs/g2_asym_tissue_aider/aider/L20_G70/heuristic/seed_4,aider,MobileNetV3,0,L20_G70,heuristic,4,True,data/aider/slice_1,0.813,0.9054,0.9269,0.0106,0.0207,81.0,0,-1,0.9058,0.4202
asym_tissue_aider,results/pending_runs/g2_asym_tissue_aider/aider/L20_G70/heuristic/seed_3,aider,MobileNetV3,0,L20_G70,heuristic,3,True,data/aider/slice_1,0.8007,0.902,0.9235,0.0101,0.0206,83.0,0,-1,0.4501,0.393
asym_tissue_aider,results/pending_runs/g2_asym_tissue_aider/aider/L20_G70/heuristic/seed_1,aider,MobileNetV3,0,L20_G70,heuristic,1,True,data/aider/slice_1,0.7961,0.9003,0.9218,0.0134,0.0309,91.0,0,-1,0.0829,0.2606
asym_tissue_aider,results/pending_runs/g2_asym_tissue_aider/aider/L20_G70/heuristic/seed_2,aider,MobileNetV3,0,L20_G70,heuristic,2,True,data/aider/slice_1,0.7977,0.9027,0.9244,0.0123,0.0225,83.0,0,-1,0.3234,0.3841
asym_tissue_aider,results/pending_runs/g2_asym_tissue_aider/aider/L70_G20/hounie_rcl/seed_4,aider,MobileNetV3,0,L70_G20,hounie_rcl,4,True,data/aider/slice_1,0.7315,0.8673,0.9017,0.0912,0.1885,0.0,1,96,0.3095,100.4207
asym_tissue_aider,results/pending_runs/g2_asym_tissue_aider/aider/L70_G20/hounie_rcl/seed_3,aider,MobileNetV3,0,L70_G20,hounie_rcl,3,True,data/aider/slice_1,0.7217,0.864,0.9017,0.092,0.1894,0.0,1,59,0.7355,59.3275
asym_tissue_aider,results/pending_runs/g2_asym_tissue_aider/aider/L70_G20/hounie_rcl/seed_1,aider,MobileNetV3,0,L70_G20,hounie_rcl,1,True,data/aider/slice_1,0.7318,0.8653,0.8966,0.0981,0.1995,0.0,1,129,0.3862,131.463
asym_tissue_aider,results/pending_runs/g2_asym_tissue_aider/aider/L70_G20/hounie_rcl/seed_2,aider,MobileNetV3,0,L70_G20,hounie_rcl,2,True,data/aider/slice_1,0.6978,0.8491,0.8857,0.1079,0.2232,0.0,1,57,0.6497,64.4879
asym_tissue_aider,results/pending_runs/g2_asym_tissue_aider/aider/L70_G20/tralo/seed_4,aider,MobileNetV3,0,L70_G20,tralo,4,True,data/aider/slice_1,0.8012,0.8989,0.921,0.0728,0.1524,0.0,1,72,0.0878,51.1288
asym_tissue_aider,results/pending_runs/g2_asym_tissue_aider/aider/L70_G20/tralo/seed_3,aider,MobileNetV3,0,L70_G20,tralo,3,True,data/aider/slice_1,0.801,0.8988,0.9202,0.0693,0.1424,0.0,1,67,0.5626,27.8888
asym_tissue_aider,results/pending_runs/g2_asym_tissue_aider/aider/L70_G20/tralo/seed_1,aider,MobileNetV3,0,L70_G20,tralo,1,True,data/aider/slice_1,0.7797,0.8864,0.9084,0.0832,0.166,0.0,1,79,0.0977,36.1748
asym_tissue_aider,results/pending_runs/g2_asym_tissue_aider/aider/L70_G20/tralo/seed_2,aider,MobileNetV3,0,L70_G20,tralo,2,True,data/aider/slice_1,0.7893,0.8913,0.9126,0.0797,0.1634,0.0,1,67,0.5533,42.5744
asym_tissue_aider,results/pending_runs/g2_asym_tissue_aider/aider/L70_G20/danits_lp/seed_4,aider,MobileNetV3,0,L70_G20,danits_lp,4,True,data/aider/slice_1,0.813,0.9054,0.9269,0.0106,0.0207,81.0,0,-1,0.7346,0.3456
asym_tissue_aider,results/pending_runs/g2_asym_tissue_aider/aider/L70_G20/danits_lp/seed_3,aider,MobileNetV3,0,L70_G20,danits_lp,3,True,data/aider/slice_1,0.8036,0.902,0.9235,0.0101,0.0206,83.0,0,-1,0.087,0.2954
asym_tissue_aider,results/pending_runs/g2_asym_tissue_aider/aider/L70_G20/danits_lp/seed_1,aider,MobileNetV3,0,L70_G20,danits_lp,1,True,data/aider/slice_1,0.7961,0.9003,0.9218,0.0134,0.0309,91.0,0,-1,0.3389,0.4047
asym_tissue_aider,results/pending_runs/g2_asym_tissue_aider/aider/L70_G20/danits_lp/seed_2,aider,MobileNetV3,0,L70_G20,danits_lp,2,True,data/aider/slice_1,0.7967,0.9027,0.9244,0.0123,0.0225,83.0,0,-1,0.4136,0.3943
asym_tissue_aider,results/pending_runs/g2_asym_tissue_aider/aider/L70_G20/fioretto_ldf/seed_4,aider,MobileNetV3,0,L70_G20,fioretto_ldf,4,True,data/aider/slice_1,0.7771,0.8883,0.9151,0.0775,0.1598,0.0,1,22,0.4741,23.5159
asym_tissue_aider,results/pending_runs/g2_asym_tissue_aider/aider/L70_G20/fioretto_ldf/seed_3,aider,MobileNetV3,0,L70_G20,fioretto_ldf,3,True,data/aider/slice_1,0.7835,0.8908,0.9151,0.0749,0.1537,0.0,1,18,0.3329,16.4289
asym_tissue_aider,results/pending_runs/g2_asym_tissue_aider/aider/L70_G20/fioretto_ldf/seed_1,aider,MobileNetV3,0,L70_G20,fioretto_ldf,1,True,data/aider/slice_1,0.7713,0.8832,0.9067,0.0832,0.168,0.0,1,29,0.3819,29.1398
asym_tissue_aider,results/pending_runs/g2_asym_tissue_aider/aider/L70_G20/fioretto_ldf/seed_2,aider,MobileNetV3,0,L70_G20,fioretto_ldf,2,True,data/aider/slice_1,0.7531,0.8749,0.9025,0.0883,0.1762,0.0,1,19,0.5865,21.1219
asym_tissue_aider,results/pending_runs/g2_asym_tissue_aider/aider/L70_G20/tralo_bounded/seed_4,aider,MobileNetV3,0,L70_G20,tralo_bounded,4,True,data/aider/slice_1,0.7849,0.8916,0.9168,0.0777,0.1576,0.0,1,72,0.658,27.1603
asym_tissue_aider,results/pending_runs/g2_asym_tissue_aider/aider/L70_G20/tralo_bounded/seed_3,aider,MobileNetV3,0,L70_G20,tralo_bounded,3,True,data/aider/slice_1,0.796,0.8964,0.9185,0.0721,0.1474,0.0,1,67,0.089,13.366
asym_tissue_aider,results/pending_runs/g2_asym_tissue_aider/aider/L70_G20/tralo_bounded/seed_1,aider,MobileNetV3,0,L70_G20,tralo_bounded,1,True,data/aider/slice_1,0.758,0.8766,0.9025,0.0883,0.1767,0.0,1,79,0.0906,33.6788
asym_tissue_aider,results/pending_runs/g2_asym_tissue_aider/aider/L70_G20/tralo_bounded/seed_2,aider,MobileNetV3,0,L70_G20,tralo_bounded,2,True,data/aider/slice_1,0.7893,0.8913,0.9126,0.079,0.1644,0.0,1,67,0.3237,19.9957
asym_tissue_aider,results/pending_runs/g2_asym_tissue_aider/aider/L70_G20/heuristic/seed_4,aider,MobileNetV3,0,L70_G20,heuristic,4,True,data/aider/slice_1,0.813,0.9054,0.9269,0.0106,0.0207,81.0,0,-1,0.4492,0.3674
asym_tissue_aider,results/pending_runs/g2_asym_tissue_aider/aider/L70_G20/heuristic/seed_3,aider,MobileNetV3,0,L70_G20,heuristic,3,True,data/aider/slice_1,0.8007,0.902,0.9235,0.0101,0.0206,83.0,0,-1,0.668,0.3582
asym_tissue_aider,results/pending_runs/g2_asym_tissue_aider/aider/L70_G20/heuristic/seed_1,aider,MobileNetV3,0,L70_G20,heuristic,1,True,data/aider/slice_1,0.7961,0.9003,0.9218,0.0134,0.0309,91.0,0,-1,0.7301,0.3952
asym_tissue_aider,results/pending_runs/g2_asym_tissue_aider/aider/L70_G20/heuristic/seed_2,aider,MobileNetV3,0,L70_G20,heuristic,2,True,data/aider/slice_1,0.7977,0.9027,0.9244,0.0123,0.0225,83.0,0,-1,0.6546,0.3811
asym_tissue_aider,results/pending_runs/g2_asym_tissue_aider/aider/L50_G30/hounie_rcl/seed_4,aider,MobileNetV3,0,L50_G30,hounie_rcl,4,True,data/aider/slice_1,0.7463,0.8744,0.9067,0.0873,0.1805,0.0,1,87,0.6524,77.2151
asym_tissue_aider,results/pending_runs/g2_asym_tissue_aider/aider/L50_G30/hounie_rcl/seed_3,aider,MobileNetV3,0,L50_G30,hounie_rcl,3,True,data/aider/slice_1,0.7255,0.8659,0.9025,0.0903,0.1841,0.0,1,54,0.8557,53.6917
asym_tissue_aider,results/pending_runs/g2_asym_tissue_aider/aider/L50_G30/hounie_rcl/seed_1,aider,MobileNetV3,0,L50_G30,hounie_rcl,1,True,data/aider/slice_1,0.7318,0.8653,0.8966,0.0965,0.1957,0.0,1,118,0.3144,94.2234
asym_tissue_aider,results/pending_runs/g2_asym_tissue_aider/aider/L50_G30/hounie_rcl/seed_2,aider,MobileNetV3,0,L50_G30,hounie_rcl,2,True,data/aider/slice_1,0.7055,0.8534,0.8899,0.1048,0.2151,0.0,1,52,0.7314,49.1592
asym_tissue_aider,results/pending_runs/g2_asym_tissue_aider/aider/L50_G30/tralo/seed_4,aider,MobileNetV3,0,L50_G30,tralo,4,True,data/aider/slice_1,0.8365,0.9143,0.9294,0.0648,0.1333,0.0,1,70,0.6046,32.9029
asym_tissue_aider,results/pending_runs/g2_asym_tissue_aider/aider/L50_G30/tralo/seed_3,aider,MobileNetV3,0,L50_G30,tralo,3,True,data/aider/slice_1,0.8384,0.9157,0.9303,0.0604,0.1288,0.0,1,66,0.4416,143.093
asym_tissue_aider,results/pending_runs/g2_asym_tissue_aider/aider/L50_G30/tralo/seed_1,aider,MobileNetV3,0,L50_G30,tralo,1,True,data/aider/slice_1,0.8227,0.9064,0.921,0.0714,0.144,0.0,1,77,0.0888,51.161
asym_tissue_aider,results/pending_runs/g2_asym_tissue_aider/aider/L50_G30/tralo/seed_2,aider,MobileNetV3,0,L50_G30,tralo,2,True,data/aider/slice_1,0.8285,0.9098,0.9244,0.0661,0.1333,0.0,1,66,0.6804,32.14
asym_tissue_aider,results/pending_runs/g2_asym_tissue_aider/aider/L50_G30/danits_lp/seed_4,aider,MobileNetV3,0,L50_G30,danits_lp,4,True,data/aider/slice_1,0.8491,0.9215,0.9361,0.0106,0.0207,70.0,0,-1,0.4339,0.3697
asym_tissue_aider,results/pending_runs/g2_asym_tissue_aider/aider/L50_G30/danits_lp/seed_3,aider,MobileNetV3,0,L50_G30,danits_lp,3,True,data/aider/slice_1,0.8396,0.9181,0.9328,0.0101,0.0206,72.0,0,-1,0.6174,0.4031
asym_tissue_aider,results/pending_runs/g2_asym_tissue_aider/aider/L50_G30/danits_lp/seed_1,aider,MobileNetV3,0,L50_G30,danits_lp,1,True,data/aider/slice_1,0.8331,0.9164,0.9311,0.0134,0.0309,80.0,0,-1,0.669,0.3883
asym_tissue_aider,results/pending_runs/g2_asym_tissue_aider/aider/L50_G30/danits_lp/seed_2,aider,MobileNetV3,0,L50_G30,danits_lp,2,True,data/aider/slice_1,0.8347,0.9188,0.9336,0.0123,0.0225,72.0,0,-1,0.0626,0.2444
asym_tissue_aider,results/pending_runs/g2_asym_tissue_aider/aider/L50_G30/fioretto_ldf/seed_4,aider,MobileNetV3,0,L50_G30,fioretto_ldf,4,True,data/aider/slice_1,0.8408,0.9165,0.9311,0.0623,0.1305,0.0,1,20,0.0611,25.3842
asym_tissue_aider,results/pending_runs/g2_asym_tissue_aider/aider/L50_G30/fioretto_ldf/seed_3,aider,MobileNetV3,0,L50_G30,fioretto_ldf,3,True,data/aider/slice_1,0.8263,0.9098,0.9261,0.0623,0.1313,0.0,1,17,0.8585,23.0709
asym_tissue_aider,results/pending_runs/g2_asym_tissue_aider/aider/L50_G30/fioretto_ldf/seed_1,aider,MobileNetV3,0,L50_G30,fioretto_ldf,1,True,data/aider/slice_1,0.8105,0.9006,0.9168,0.0763,0.154,0.0,1,28,0.7438,33.5206
asym_tissue_aider,results/pending_runs/g2_asym_tissue_aider/aider/L50_G30/fioretto_ldf/seed_2,aider,MobileNetV3,0,L50_G30,fioretto_ldf,2,True,data/aider/slice_1,0.802,0.8974,0.916,0.0751,0.156,0.0,1,18,0.3724,23.861
asym_tissue_aider,results/pending_runs/g2_asym_tissue_aider/aider/L50_G30/tralo_bounded/seed_4,aider,MobileNetV3,0,L50_G30,tralo_bounded,4,True,data/aider/slice_1,0.8252,0.9095,0.9269,0.0678,0.1407,0.0,1,70,0.881,22.9742
asym_tissue_aider,results/pending_runs/g2_asym_tissue_aider/aider/L50_G30/tralo_bounded/seed_3,aider,MobileNetV3,0,L50_G30,tralo_bounded,3,True,data/aider/slice_1,0.8246,0.9092,0.9261,0.0615,0.1305,0.0,1,66,0.4543,27.6416
asym_tissue_aider,results/pending_runs/g2_asym_tissue_aider/aider/L50_G30/tralo_bounded/seed_1,aider,MobileNetV3,0,L50_G30,tralo_bounded,1,True,data/aider/slice_1,0.8166,0.9033,0.9185,0.0705,0.1482,0.0,1,77,0.6692,40.766
asym_tissue_aider,results/pending_runs/g2_asym_tissue_aider/aider/L50_G30/tralo_bounded/seed_2,aider,MobileNetV3,0,L50_G30,tralo_bounded,2,True,data/aider/slice_1,0.8082,0.9005,0.9185,0.0731,0.1513,0.0,1,66,0.0622,17.3053
asym_tissue_aider,results/pending_runs/g2_asym_tissue_aider/aider/L50_G30/heuristic/seed_4,aider,MobileNetV3,0,L50_G30,heuristic,4,True,data/aider/slice_1,0.8491,0.9215,0.9361,0.0106,0.0207,70.0,0,-1,0.6463,0.3657
asym_tissue_aider,results/pending_runs/g2_asym_tissue_aider/aider/L50_G30/heuristic/seed_3,aider,MobileNetV3,0,L50_G30,heuristic,3,True,data/aider/slice_1,0.8396,0.9181,0.9328,0.0101,0.0206,72.0,0,-1,0.8914,0.3494
asym_tissue_aider,results/pending_runs/g2_asym_tissue_aider/aider/L50_G30/heuristic/seed_1,aider,MobileNetV3,0,L50_G30,heuristic,1,True,data/aider/slice_1,0.8321,0.9164,0.9311,0.0134,0.0309,80.0,0,-1,0.9938,0.3682
asym_tissue_aider,results/pending_runs/g2_asym_tissue_aider/aider/L50_G30/heuristic/seed_2,aider,MobileNetV3,0,L50_G30,heuristic,2,True,data/aider/slice_1,0.8337,0.9188,0.9336,0.0123,0.0225,72.0,0,-1,0.7963,0.3688
asym_tissue_aider,results/pending_runs/g2_asym_tissue_aider/aider/L30_G80/hounie_rcl/seed_4,aider,MobileNetV3,0,L30_G80,hounie_rcl,4,True,data/aider/slice_1,0.7979,0.8959,0.9134,0.0908,0.1846,25.0,1,90,0.8348,79.1316
asym_tissue_aider,results/pending_runs/g2_asym_tissue_aider/aider/L30_G80/hounie_rcl/seed_3,aider,MobileNetV3,0,L30_G80,hounie_rcl,3,True,data/aider/slice_1,0.8308,0.9103,0.9252,0.0904,0.1848,28.0,1,55,0.666,50.9778
asym_tissue_aider,results/pending_runs/g2_asym_tissue_aider/aider/L30_G80/hounie_rcl/seed_1,aider,MobileNetV3,0,L30_G80,hounie_rcl,1,True,data/aider/slice_1,0.8149,0.9014,0.916,0.0979,0.1975,23.0,1,122,0.0758,100.0539
asym_tissue_aider,results/pending_runs/g2_asym_tissue_aider/aider/L30_G80/hounie_rcl/seed_2,aider,MobileNetV3,0,L30_G80,hounie_rcl,2,True,data/aider/slice_1,0.7774,0.8841,0.9017,0.1061,0.2196,28.0,1,54,0.4043,50.5665
asym_tissue_aider,results/pending_runs/g2_asym_tissue_aider/aider/L30_G80/tralo/seed_4,aider,MobileNetV3,0,L30_G80,tralo,4,True,data/aider/slice_1,0.8395,0.9157,0.9303,0.0671,0.1364,1.0,1,72,0.6056,36.6026
asym_tissue_aider,results/pending_runs/g2_asym_tissue_aider/aider/L30_G80/tralo/seed_3,aider,MobileNetV3,0,L30_G80,tralo,3,True,data/aider/slice_1,0.8359,0.9148,0.9294,0.0621,0.1279,2.0,1,67,0.4569,23.822
asym_tissue_aider,results/pending_runs/g2_asym_tissue_aider/aider/L30_G80/tralo/seed_1,aider,MobileNetV3,0,L30_G80,tralo,1,True,data/aider/slice_1,0.8212,0.9056,0.9202,0.0721,0.1485,2.0,1,78,0.0622,24.966
asym_tissue_aider,results/pending_runs/g2_asym_tissue_aider/aider/L30_G80/tralo/seed_2,aider,MobileNetV3,0,L30_G80,tralo,2,True,data/aider/slice_1,0.8271,0.909,0.9235,0.0711,0.1492,3.0,1,67,0.2736,29.8415
asym_tissue_aider,results/pending_runs/g2_asym_tissue_aider/aider/L30_G80/danits_lp/seed_4,aider,MobileNetV3,0,L30_G80,danits_lp,4,True,data/aider/slice_1,0.8491,0.9215,0.9361,0.0106,0.0207,70.0,0,-1,0.4555,0.3525
asym_tissue_aider,results/pending_runs/g2_asym_tissue_aider/aider/L30_G80/fioretto_ldf/seed_4,aider,MobileNetV3,0,L30_G80,fioretto_ldf,4,True,data/aider/slice_1,0.8408,0.9165,0.9311,0.0695,0.1446,8.0,1,21,0.3976,26.8365
asym_tissue_aider,results/pending_runs/g2_asym_tissue_aider/aider/L30_G80/fioretto_ldf/seed_3,aider,MobileNetV3,0,L30_G80,fioretto_ldf,3,True,data/aider/slice_1,0.8355,0.914,0.9286,0.0619,0.1314,3.0,1,17,0.5791,22.2302
asym_tissue_aider,results/pending_runs/g2_asym_tissue_aider/aider/L30_G80/fioretto_ldf/seed_1,aider,MobileNetV3,0,L30_G80,fioretto_ldf,1,True,data/aider/slice_1,0.8182,0.9039,0.9185,0.0838,0.1683,14.0,1,29,0.5207,33.005
asym_tissue_aider,results/pending_runs/g2_asym_tissue_aider/aider/L30_G80/fioretto_ldf/seed_2,aider,MobileNetV3,0,L30_G80,fioretto_ldf,2,True,data/aider/slice_1,0.8242,0.9073,0.9218,0.0751,0.156,7.0,1,18,0.5544,22.8578
asym_tissue_aider,results/pending_runs/g2_asym_tissue_aider/aider/L30_G80/tralo_bounded/seed_4,aider,MobileNetV3,0,L30_G80,tralo_bounded,4,True,data/aider/slice_1,0.8408,0.9165,0.9311,0.0631,0.1339,3.0,0,-1,0.0854,79.9742
asym_tissue_aider,results/pending_runs/g2_asym_tissue_aider/aider/L30_G80/tralo_bounded/seed_3,aider,MobileNetV3,0,L30_G80,tralo_bounded,3,True,data/aider/slice_1,0.8355,0.914,0.9286,0.0696,0.1423,11.0,1,67,0.0944,25.1782
asym_tissue_aider,results/pending_runs/g2_asym_tissue_aider/aider/L30_G80/tralo_bounded/seed_1,aider,MobileNetV3,0,L30_G80,tralo_bounded,1,True,data/aider/slice_1,0.8182,0.9039,0.9185,0.0786,0.1591,9.0,1,78,0.1703,19.7206
asym_tissue_aider,results/pending_runs/g2_asym_tissue_aider/aider/L30_G80/tralo_bounded/seed_2,aider,MobileNetV3,0,L30_G80,tralo_bounded,2,True,data/aider/slice_1,0.8253,0.9073,0.9218,0.0795,0.1619,11.0,1,67,0.6426,25.6532
asym_tissue_aider,results/pending_runs/g2_asym_tissue_aider/aider/L30_G80/heuristic/seed_4,aider,MobileNetV3,0,L30_G80,heuristic,4,True,data/aider/slice_1,0.8501,0.9215,0.9361,0.0106,0.0207,70.0,0,-1,0.2234,0.6438
asym_tissue_aider,results/pending_runs/g2_asym_tissue_aider/aider/L20_G30/hounie_rcl/seed_4,aider,MobileNetV3,0,L20_G30,hounie_rcl,4,True,data/aider/slice_1,0.7704,0.8825,0.9059,0.0942,0.1928,16.0,1,79,0.6754,50.4805
asym_tissue_aider,results/pending_runs/g2_asym_tissue_aider/aider/L20_G30/hounie_rcl/seed_3,aider,MobileNetV3,0,L20_G30,hounie_rcl,3,True,data/aider/slice_1,0.7931,0.8934,0.9151,0.0922,0.1896,18.0,1,50,0.3053,33.5968
asym_tissue_aider,results/pending_runs/g2_asym_tissue_aider/aider/L20_G30/hounie_rcl/seed_1,aider,MobileNetV3,0,L20_G30,hounie_rcl,1,True,data/aider/slice_1,0.7687,0.8805,0.9025,0.1024,0.2083,15.0,1,107,0.16,60.6632
asym_tissue_aider,results/pending_runs/g2_asym_tissue_aider/aider/L20_G30/hounie_rcl/seed_2,aider,MobileNetV3,0,L20_G30,hounie_rcl,2,True,data/aider/slice_1,0.7313,0.863,0.8882,0.1114,0.2266,18.0,1,49,0.1312,48.9742
asym_tissue_aider,results/pending_runs/g2_asym_tissue_aider/aider/L20_G30/tralo/seed_4,aider,MobileNetV3,0,L20_G30,tralo,4,True,data/aider/slice_1,0.8048,0.9005,0.9218,0.0736,0.1498,0.0,1,74,0.7431,179.4439
asym_tissue_aider,results/pending_runs/g2_asym_tissue_aider/aider/L20_G30/tralo/seed_3,aider,MobileNetV3,0,L20_G30,tralo,3,True,data/aider/slice_1,0.7995,0.898,0.9193,0.0713,0.1449,1.0,1,69,0.8466,35.8144
asym_tissue_aider,results/pending_runs/g2_asym_tissue_aider/aider/L20_G30/tralo/seed_1,aider,MobileNetV3,0,L20_G30,tralo,1,True,data/aider/slice_1,0.7818,0.8871,0.9084,0.088,0.175,5.0,1,82,0.7842,44.3171
asym_tissue_aider,results/pending_runs/g2_asym_tissue_aider/aider/L20_G30/tralo/seed_2,aider,MobileNetV3,0,L20_G30,tralo,2,True,data/aider/slice_1,0.7847,0.8888,0.9101,0.0844,0.1722,0.0,1,69,0.2287,305.2407
asym_tissue_aider,results/pending_runs/g2_asym_tissue_aider/aider/L20_G30/danits_lp/seed_4,aider,MobileNetV3,0,L20_G30,danits_lp,4,True,data/aider/slice_1,0.813,0.9054,0.9269,0.0106,0.0207,81.0,0,-1,0.087,0.2952
asym_tissue_aider,results/pending_runs/g2_asym_tissue_aider/aider/L20_G30/danits_lp/seed_3,aider,MobileNetV3,0,L20_G30,danits_lp,3,True,data/aider/slice_1,0.8036,0.902,0.9235,0.0101,0.0206,83.0,0,-1,0.3755,0.3965
asym_tissue_aider,results/pending_runs/g2_asym_tissue_aider/aider/L20_G30/danits_lp/seed_1,aider,MobileNetV3,0,L20_G30,danits_lp,1,True,data/aider/slice_1,0.7961,0.9003,0.9218,0.0134,0.0309,91.0,0,-1,0.4567,0.4121
asym_tissue_aider,results/pending_runs/g2_asym_tissue_aider/aider/L20_G30/danits_lp/seed_2,aider,MobileNetV3,0,L20_G30,danits_lp,2,True,data/aider/slice_1,0.7967,0.9027,0.9244,0.0123,0.0225,83.0,0,-1,0.4694,0.4274
asym_tissue_aider,results/pending_runs/g2_asym_tissue_aider/aider/L20_G30/fioretto_ldf/seed_4,aider,MobileNetV3,0,L20_G30,fioretto_ldf,4,True,data/aider/slice_1,0.8034,0.8997,0.921,0.0775,0.1601,7.0,1,22,0.3489,24.0075
asym_tissue_aider,results/pending_runs/g2_asym_tissue_aider/aider/L20_G30/fioretto_ldf/seed_3,aider,MobileNetV3,0,L20_G30,fioretto_ldf,3,True,data/aider/slice_1,0.7992,0.8972,0.9185,0.0747,0.1529,4.0,1,18,0.4581,16.3811
asym_tissue_aider,results/pending_runs/g2_asym_tissue_aider/aider/L20_G30/fioretto_ldf/seed_1,aider,MobileNetV3,0,L20_G30,fioretto_ldf,1,True,data/aider/slice_1,0.7789,0.8854,0.9067,0.0914,0.1818,8.0,1,30,0.3141,30.3314
asym_tissue_aider,results/pending_runs/g2_asym_tissue_aider/aider/L20_G30/fioretto_ldf/seed_2,aider,MobileNetV3,0,L20_G30,fioretto_ldf,2,True,data/aider/slice_1,0.7834,0.888,0.9092,0.0884,0.1765,8.0,1,19,0.3693,21.7197
asym_tissue_aider,results/pending_runs/g2_asym_tissue_aider/aider/L20_G30/tralo_bounded/seed_4,aider,MobileNetV3,0,L20_G30,tralo_bounded,4,True,data/aider/slice_1,0.8034,0.8997,0.921,0.0729,0.1532,2.0,1,74,0.5282,24.0418
asym_tissue_aider,results/pending_runs/g2_asym_tissue_aider/aider/L20_G30/tralo_bounded/seed_3,aider,MobileNetV3,0,L20_G30,tralo_bounded,3,True,data/aider/slice_1,0.7982,0.8971,0.9185,0.0806,0.1624,9.0,1,69,0.5309,27.058
asym_tissue_aider,results/pending_runs/g2_asym_tissue_aider/aider/L20_G30/tralo_bounded/seed_1,aider,MobileNetV3,0,L20_G30,tralo_bounded,1,True,data/aider/slice_1,0.7789,0.8854,0.9067,0.0929,0.1856,9.0,1,82,0.5951,38.8397
asym_tissue_aider,results/pending_runs/g2_asym_tissue_aider/aider/L20_G30/tralo_bounded/seed_2,aider,MobileNetV3,0,L20_G30,tralo_bounded,2,True,data/aider/slice_1,0.7864,0.8897,0.9109,0.0823,0.1687,2.0,1,69,0.0926,24.9251
asym_tissue_aider,results/pending_runs/g2_asym_tissue_aider/aider/L20_G30/heuristic/seed_4,aider,MobileNetV3,0,L20_G30,heuristic,4,True,data/aider/slice_1,0.813,0.9054,0.9269,0.0106,0.0207,81.0,0,-1,0.506,0.3434
asym_tissue_aider,results/pending_runs/g2_asym_tissue_aider/aider/L20_G30/heuristic/seed_3,aider,MobileNetV3,0,L20_G30,heuristic,3,True,data/aider/slice_1,0.8007,0.902,0.9235,0.0101,0.0206,83.0,0,-1,0.6645,0.3577
asym_tissue_aider,results/pending_runs/g2_asym_tissue_aider/aider/L20_G30/heuristic/seed_1,aider,MobileNetV3,0,L20_G30,heuristic,1,True,data/aider/slice_1,0.7961,0.9003,0.9218,0.0134,0.0309,91.0,0,-1,0.6345,0.3326
asym_tissue_aider,results/pending_runs/g2_asym_tissue_aider/aider/L20_G30/heuristic/seed_2,aider,MobileNetV3,0,L20_G30,heuristic,2,True,data/aider/slice_1,0.7977,0.9027,0.9244,0.0123,0.0225,83.0,0,-1,0.6572,0.3125
asym_tissue_aider,results/pending_runs/g2_asym_tissue_aider/aider/L20_G50/hounie_rcl/seed_4,aider,MobileNetV3,0,L20_G50,hounie_rcl,4,True,data/aider/slice_1,0.7704,0.8825,0.9059,0.095,0.1935,16.0,1,82,0.0979,55.6859
asym_tissue_aider,results/pending_runs/g2_asym_tissue_aider/aider/L20_G50/hounie_rcl/seed_3,aider,MobileNetV3,0,L20_G50,hounie_rcl,3,True,data/aider/slice_1,0.7875,0.8911,0.9134,0.0959,0.1914,18.0,1,52,0.5596,51.7979
asym_tissue_aider,results/pending_runs/g2_asym_tissue_aider/aider/L20_G50/hounie_rcl/seed_1,aider,MobileNetV3,0,L20_G50,hounie_rcl,1,True,data/aider/slice_1,0.7758,0.8836,0.905,0.1021,0.206,15.0,1,110,0.7892,97.1798
asym_tissue_aider,results/pending_runs/g2_asym_tissue_aider/aider/L20_G50/hounie_rcl/seed_2,aider,MobileNetV3,0,L20_G50,hounie_rcl,2,True,data/aider/slice_1,0.7461,0.8694,0.8933,0.1088,0.2244,18.0,1,50,0.6131,49.7738
asym_tissue_aider,results/pending_runs/g2_asym_tissue_aider/aider/L20_G50/tralo/seed_4,aider,MobileNetV3,0,L20_G50,tralo,4,True,data/aider/slice_1,0.8048,0.9005,0.9218,0.0741,0.1517,1.0,1,73,0.6074,40.1184
asym_tissue_aider,results/pending_runs/g2_asym_tissue_aider/aider/L20_G50/tralo/seed_3,aider,MobileNetV3,0,L20_G50,tralo,3,True,data/aider/slice_1,0.7995,0.898,0.9193,0.0711,0.144,1.0,1,68,0.4428,29.7133
asym_tissue_aider,results/pending_runs/g2_asym_tissue_aider/aider/L20_G50/tralo/seed_1,aider,MobileNetV3,0,L20_G50,tralo,1,True,data/aider/slice_1,0.7818,0.8871,0.9084,0.0858,0.1739,4.0,1,80,0.6988,38.31
asym_tissue_aider,results/pending_runs/g2_asym_tissue_aider/aider/L20_G50/tralo/seed_2,aider,MobileNetV3,0,L20_G50,tralo,2,True,data/aider/slice_1,0.7878,0.8905,0.9118,0.0836,0.1684,3.0,1,68,0.0968,29.6949
asym_tissue_aider,results/pending_runs/g2_asym_tissue_aider/aider/L20_G50/danits_lp/seed_4,aider,MobileNetV3,0,L20_G50,danits_lp,4,True,data/aider/slice_1,0.813,0.9054,0.9269,0.0106,0.0207,81.0,0,-1,0.4614,0.3923
asym_tissue_aider,results/pending_runs/g2_asym_tissue_aider/aider/L20_G50/fioretto_ldf/seed_4,aider,MobileNetV3,0,L20_G50,fioretto_ldf,4,True,data/aider/slice_1,0.8034,0.8997,0.921,0.0759,0.1598,7.0,1,22,0.1026,24.1261
asym_tissue_aider,results/pending_runs/g2_asym_tissue_aider/aider/L20_G50/fioretto_ldf/seed_3,aider,MobileNetV3,0,L20_G50,fioretto_ldf,3,True,data/aider/slice_1,0.7982,0.8971,0.9185,0.0747,0.153,4.0,1,18,0.6899,20.833
asym_tissue_aider,results/pending_runs/g2_asym_tissue_aider/aider/L20_G50/fioretto_ldf/seed_1,aider,MobileNetV3,0,L20_G50,fioretto_ldf,1,True,data/aider/slice_1,0.7789,0.8854,0.9067,0.0914,0.1819,8.0,1,30,0.0917,18.7888
asym_tissue_aider,results/pending_runs/g2_asym_tissue_aider/aider/L20_G50/fioretto_ldf/seed_2,aider,MobileNetV3,0,L20_G50,fioretto_ldf,2,True,data/aider/slice_1,0.7834,0.888,0.9092,0.0883,0.1762,8.0,1,19,0.0972,18.8425
asym_tissue_aider,results/pending_runs/g2_asym_tissue_aider/aider/L20_G50/tralo_bounded/seed_4,aider,MobileNetV3,0,L20_G50,tralo_bounded,4,True,data/aider/slice_1,0.8034,0.8997,0.921,0.0778,0.1609,8.0,1,73,0.9308,36.1293
asym_tissue_aider,results/pending_runs/g2_asym_tissue_aider/aider/L20_G50/tralo_bounded/seed_3,aider,MobileNetV3,0,L20_G50,tralo_bounded,3,True,data/aider/slice_1,0.7982,0.8971,0.9185,0.0777,0.1565,7.0,1,68,0.8,30.3172
asym_tissue_aider,results/pending_runs/g2_asym_tissue_aider/aider/L20_G50/tralo_bounded/seed_1,aider,MobileNetV3,0,L20_G50,tralo_bounded,1,True,data/aider/slice_1,0.7789,0.8854,0.9067,0.0927,0.1842,9.0,1,80,0.7654,31.1247
asym_tissue_aider,results/pending_runs/g2_asym_tissue_aider/aider/L20_G50/tralo_bounded/seed_2,aider,MobileNetV3,0,L20_G50,tralo_bounded,2,True,data/aider/slice_1,0.7849,0.8888,0.9101,0.0893,0.1819,10.0,1,68,0.1947,30.1998
asym_tissue_aider,results/pending_runs/g2_asym_tissue_aider/aider/L20_G50/heuristic/seed_4,aider,MobileNetV3,0,L20_G50,heuristic,4,True,data/aider/slice_1,0.813,0.9054,0.9269,0.0106,0.0207,81.0,0,-1,0.4721,0.3793
asym_tissue_aider,results/pending_runs/g2_asym_tissue_aider/tissuemnist/L50_G20/hounie_rcl/seed_4,tissuemnist,MobileNetV3,4,L50_G20,hounie_rcl,4,True,data/tissuemnist/slice_1,0.3567,0.4688,0.5071,0.4019,0.8658,0.0,1,127,0.7598,240.5317
asym_tissue_aider,results/pending_runs/g2_asym_tissue_aider/tissuemnist/L50_G20/hounie_rcl/seed_3,tissuemnist,MobileNetV3,4,L50_G20,hounie_rcl,3,True,data/tissuemnist/slice_1,0.342,0.4718,0.4979,0.4062,0.8841,0.0,1,83,0.8162,165.6814
asym_tissue_aider,results/pending_runs/g2_asym_tissue_aider/tissuemnist/L50_G20/hounie_rcl/seed_1,tissuemnist,MobileNetV3,4,L50_G20,hounie_rcl,1,True,data/tissuemnist/slice_1,0.3498,0.472,0.5062,0.3855,0.8489,0.0,1,71,0.6524,126.5291
asym_tissue_aider,results/pending_runs/g2_asym_tissue_aider/tissuemnist/L50_G20/hounie_rcl/seed_2,tissuemnist,MobileNetV3,4,L50_G20,hounie_rcl,2,True,data/tissuemnist/slice_1,0.3553,0.4784,0.4971,0.3889,0.8612,0.0,1,103,0.2839,171.9508
asym_tissue_aider,results/pending_runs/g2_asym_tissue_aider/tissuemnist/L50_G20/tralo/seed_4,tissuemnist,MobileNetV3,4,L50_G20,tralo,4,True,data/tissuemnist/slice_1,0.3529,0.468,0.5088,0.404,0.8675,0.0,1,69,0.1095,67.8841
asym_tissue_aider,results/pending_runs/g2_asym_tissue_aider/tissuemnist/L50_G20/tralo/seed_3,tissuemnist,MobileNetV3,4,L50_G20,tralo,3,True,data/tissuemnist/slice_1,0.3399,0.4706,0.4967,0.4071,0.8862,0.0,1,63,0.5687,25.8037
asym_tissue_aider,results/pending_runs/g2_asym_tissue_aider/tissuemnist/L50_G20/tralo/seed_1,tissuemnist,MobileNetV3,4,L50_G20,tralo,1,True,data/tissuemnist/slice_1,0.3489,0.4707,0.5038,0.3875,0.8479,0.0,1,69,0.0867,62.3442
asym_tissue_aider,results/pending_runs/g2_asym_tissue_aider/tissuemnist/L50_G20/tralo/seed_2,tissuemnist,MobileNetV3,4,L50_G20,tralo,2,True,data/tissuemnist/slice_1,0.361,0.4844,0.4992,0.3885,0.865,0.0,1,75,0.7672,119.8098
asym_tissue_aider,results/pending_runs/g2_asym_tissue_aider/tissuemnist/L50_G20/danits_lp/seed_4,tissuemnist,MobileNetV3,4,L50_G20,danits_lp,4,True,data/tissuemnist/slice_1,0.3302,0.4459,0.4771,0.4223,0.9133,47.0,0,-1,0.2266,0.6581
asym_tissue_aider,results/pending_runs/g2_asym_tissue_aider/tissuemnist/L50_G20/fioretto_ldf/seed_4,tissuemnist,MobileNetV3,4,L50_G20,fioretto_ldf,4,True,data/tissuemnist/slice_1,0.3542,0.4664,0.5058,0.4035,0.8663,0.0,1,17,0.6645,40.0605
asym_tissue_aider,results/pending_runs/g2_asym_tissue_aider/tissuemnist/L50_G20/fioretto_ldf/seed_3,tissuemnist,MobileNetV3,4,L50_G20,fioretto_ldf,3,True,data/tissuemnist/slice_1,0.3404,0.4707,0.4979,0.4066,0.8864,0.0,1,14,0.0873,34.4666
asym_tissue_aider,results/pending_runs/g2_asym_tissue_aider/tissuemnist/L50_G20/fioretto_ldf/seed_1,tissuemnist,MobileNetV3,4,L50_G20,fioretto_ldf,1,True,data/tissuemnist/slice_1,0.345,0.4683,0.5046,0.3879,0.8491,0.0,1,19,0.462,39.3069
asym_tissue_aider,results/pending_runs/g2_asym_tissue_aider/tissuemnist/L50_G20/fioretto_ldf/seed_2,tissuemnist,MobileNetV3,4,L50_G20,fioretto_ldf,2,True,data/tissuemnist/slice_1,0.3555,0.4777,0.4983,0.3881,0.8579,0.0,1,24,0.6278,46.2496
asym_tissue_aider,results/pending_runs/g2_asym_tissue_aider/tissuemnist/L50_G20/tralo_bounded/seed_4,tissuemnist,MobileNetV3,4,L50_G20,tralo_bounded,4,True,data/tissuemnist/slice_1,0.3577,0.4692,0.5088,0.4011,0.8669,0.0,1,66,0.4439,44.6184
asym_tissue_aider,results/pending_runs/g2_asym_tissue_aider/tissuemnist/L50_G20/tralo_bounded/seed_3,tissuemnist,MobileNetV3,4,L50_G20,tralo_bounded,3,True,data/tissuemnist/slice_1,0.3418,0.4706,0.4975,0.4071,0.8861,0.0,1,63,0.4342,37.8227
asym_tissue_aider,results/pending_runs/g2_asym_tissue_aider/tissuemnist/L50_G20/tralo_bounded/seed_1,tissuemnist,MobileNetV3,4,L50_G20,tralo_bounded,1,True,data/tissuemnist/slice_1,0.3506,0.4721,0.5054,0.3852,0.8481,0.0,1,69,0.2951,50.0407
asym_tissue_aider,results/pending_runs/g2_asym_tissue_aider/tissuemnist/L50_G20/tralo_bounded/seed_2,tissuemnist,MobileNetV3,4,L50_G20,tralo_bounded,2,True,data/tissuemnist/slice_1,0.3562,0.4792,0.4971,0.3909,0.8599,2.0,0,-1,0.0903,185.5329
asym_tissue_aider,results/pending_runs/g2_asym_tissue_aider/tissuemnist/L50_G20/heuristic/seed_4,tissuemnist,MobileNetV3,4,L50_G20,heuristic,4,True,data/tissuemnist/slice_1,0.3302,0.4459,0.4771,0.4223,0.9133,47.0,0,-1,0.7985,0.5446
asym_tissue_aider,results/pending_runs/g2_asym_tissue_aider/tissuemnist/L80_G30/hounie_rcl/seed_4,tissuemnist,MobileNetV3,4,L80_G30,hounie_rcl,4,True,data/tissuemnist/slice_1,0.3629,0.4724,0.5075,0.3998,0.86,0.0,1,100,0.6281,193.0939
asym_tissue_aider,results/pending_runs/g2_asym_tissue_aider/tissuemnist/L80_G30/hounie_rcl/seed_3,tissuemnist,MobileNetV3,4,L80_G30,hounie_rcl,3,True,data/tissuemnist/slice_1,0.3485,0.4754,0.4979,0.4046,0.8802,0.0,1,80,0.7481,156.3938
asym_tissue_aider,results/pending_runs/g2_asym_tissue_aider/tissuemnist/L80_G30/hounie_rcl/seed_1,tissuemnist,MobileNetV3,4,L80_G30,hounie_rcl,1,True,data/tissuemnist/slice_1,0.3566,0.4747,0.5054,0.3838,0.8441,0.0,1,78,0.6345,134.7252
asym_tissue_aider,results/pending_runs/g2_asym_tissue_aider/tissuemnist/L80_G30/hounie_rcl/seed_2,tissuemnist,MobileNetV3,4,L80_G30,hounie_rcl,2,True,data/tissuemnist/slice_1,0.3749,0.4898,0.5042,0.3812,0.8537,0.0,1,107,0.0942,173.8629
asym_tissue_aider,results/pending_runs/g2_asym_tissue_aider/tissuemnist/L80_G30/tralo/seed_4,tissuemnist,MobileNetV3,4,L80_G30,tralo,4,True,data/tissuemnist/slice_1,0.3634,0.4729,0.5088,0.3993,0.8609,0.0,1,62,0.5765,51.1023
asym_tissue_aider,results/pending_runs/g2_asym_tissue_aider/tissuemnist/L80_G30/tralo/seed_3,tissuemnist,MobileNetV3,4,L80_G30,tralo,3,True,data/tissuemnist/slice_1,0.3452,0.475,0.4979,0.4032,0.8789,0.0,1,61,0.3888,29.6539
asym_tissue_aider,results/pending_runs/g2_asym_tissue_aider/tissuemnist/L80_G30/tralo/seed_1,tissuemnist,MobileNetV3,4,L80_G30,tralo,1,True,data/tissuemnist/slice_1,0.3645,0.4794,0.5088,0.3794,0.842,0.0,1,67,0.095,85.0185
asym_tissue_aider,results/pending_runs/g2_asym_tissue_aider/tissuemnist/L80_G30/tralo/seed_2,tissuemnist,MobileNetV3,4,L80_G30,tralo,2,True,data/tissuemnist/slice_1,0.3739,0.4905,0.5033,0.3833,0.8532,0.0,1,70,0.0874,80.3046
asym_tissue_aider,results/pending_runs/g2_asym_tissue_aider/tissuemnist/L80_G30/danits_lp/seed_4,tissuemnist,MobileNetV3,4,L80_G30,danits_lp,4,True,data/tissuemnist/slice_1,0.3378,0.4504,0.4796,0.4223,0.9133,30.0,0,-1,0.1132,0.8139
asym_tissue_aider,results/pending_runs/g2_asym_tissue_aider/tissuemnist/L80_G30/fioretto_ldf/seed_4,tissuemnist,MobileNetV3,4,L80_G30,fioretto_ldf,4,True,data/tissuemnist/slice_1,0.361,0.4714,0.5071,0.4008,0.861,0.0,1,12,0.7253,32.2071
asym_tissue_aider,results/pending_runs/g2_asym_tissue_aider/tissuemnist/L80_G30/fioretto_ldf/seed_3,tissuemnist,MobileNetV3,4,L80_G30,fioretto_ldf,3,True,data/tissuemnist/slice_1,0.3422,0.4724,0.4958,0.407,0.8815,0.0,1,11,0.157,31.4261
asym_tissue_aider,results/pending_runs/g2_asym_tissue_aider/tissuemnist/L80_G30/fioretto_ldf/seed_1,tissuemnist,MobileNetV3,4,L80_G30,fioretto_ldf,1,True,data/tissuemnist/slice_1,0.3554,0.4737,0.5058,0.3843,0.8446,0.0,1,18,0.0956,36.1238
asym_tissue_aider,results/pending_runs/g2_asym_tissue_aider/tissuemnist/L80_G30/fioretto_ldf/seed_2,tissuemnist,MobileNetV3,4,L80_G30,fioretto_ldf,2,True,data/tissuemnist/slice_1,0.3715,0.4873,0.5038,0.3821,0.8486,0.0,1,20,0.1741,43.8829
asym_tissue_aider,results/pending_runs/g2_asym_tissue_aider/tissuemnist/L80_G30/tralo_bounded/seed_4,tissuemnist,MobileNetV3,4,L80_G30,tralo_bounded,4,True,data/tissuemnist/slice_1,0.3658,0.4755,0.51,0.3966,0.8598,0.0,1,62,0.0665,20.756
asym_tissue_aider,results/pending_runs/g2_asym_tissue_aider/tissuemnist/L80_G30/tralo_bounded/seed_3,tissuemnist,MobileNetV3,4,L80_G30,tralo_bounded,3,True,data/tissuemnist/slice_1,0.3463,0.4748,0.4979,0.4042,0.8805,0.0,1,61,0.1189,18.0933
asym_tissue_aider,results/pending_runs/g2_asym_tissue_aider/tissuemnist/L80_G30/tralo_bounded/seed_1,tissuemnist,MobileNetV3,4,L80_G30,tralo_bounded,1,True,data/tissuemnist/slice_1,0.3597,0.4761,0.5071,0.3811,0.8436,0.0,1,67,0.0925,23.3437
asym_tissue_aider,results/pending_runs/g2_asym_tissue_aider/tissuemnist/L80_G30/tralo_bounded/seed_2,tissuemnist,MobileNetV3,4,L80_G30,tralo_bounded,2,True,data/tissuemnist/slice_1,0.373,0.4894,0.5046,0.3818,0.8456,0.0,1,70,0.0875,26.7159
asym_tissue_aider,results/pending_runs/g2_asym_tissue_aider/tissuemnist/L80_G30/heuristic/seed_4,tissuemnist,MobileNetV3,4,L80_G30,heuristic,4,True,data/tissuemnist/slice_1,0.3372,0.4502,0.4792,0.4223,0.9133,30.0,0,-1,0.0874,0.3671
asym_tissue_aider,results/pending_runs/g2_asym_tissue_aider/tissuemnist/L20_G80/hounie_rcl/seed_4,tissuemnist,MobileNetV3,4,L20_G80,hounie_rcl,4,True,data/tissuemnist/slice_1,0.3606,0.4709,0.51,0.4017,0.8706,8.0,1,120,0.085,116.4025
asym_tissue_aider,results/pending_runs/g2_asym_tissue_aider/tissuemnist/L20_G80/hounie_rcl/seed_3,tissuemnist,MobileNetV3,4,L20_G80,hounie_rcl,3,True,data/tissuemnist/slice_1,0.3447,0.4729,0.4988,0.406,0.8863,6.0,1,70,0.0876,73.2697
asym_tissue_aider,results/pending_runs/g2_asym_tissue_aider/tissuemnist/L20_G80/hounie_rcl/seed_1,tissuemnist,MobileNetV3,4,L20_G80,hounie_rcl,1,True,data/tissuemnist/slice_1,0.3522,0.4726,0.5075,0.3878,0.8524,14.0,1,81,0.0601,82.8897
asym_tissue_aider,results/pending_runs/g2_asym_tissue_aider/tissuemnist/L20_G80/hounie_rcl/seed_2,tissuemnist,MobileNetV3,4,L20_G80,hounie_rcl,2,True,data/tissuemnist/slice_1,0.3574,0.4799,0.4983,0.3889,0.8621,2.0,1,97,0.0857,96.9218
asym_tissue_aider,results/pending_runs/g2_asym_tissue_aider/tissuemnist/L20_G80/tralo/seed_4,tissuemnist,MobileNetV3,4,L20_G80,tralo,4,True,data/tissuemnist/slice_1,0.3546,0.468,0.5046,0.4088,0.8744,2.0,1,71,0.0855,45.2008
asym_tissue_aider,results/pending_runs/g2_asym_tissue_aider/tissuemnist/L20_G80/tralo/seed_3,tissuemnist,MobileNetV3,4,L20_G80,tralo,3,True,data/tissuemnist/slice_1,0.3373,0.4678,0.4938,0.4123,0.8879,6.0,1,64,0.0858,28.4849
asym_tissue_aider,results/pending_runs/g2_asym_tissue_aider/tissuemnist/L20_G80/tralo/seed_1,tissuemnist,MobileNetV3,4,L20_G80,tralo,1,True,data/tissuemnist/slice_1,0.3389,0.4572,0.4975,0.4053,0.8812,4.0,1,70,0.0938,52.2351
asym_tissue_aider,results/pending_runs/g2_asym_tissue_aider/tissuemnist/L20_G80/tralo/seed_2,tissuemnist,MobileNetV3,4,L20_G80,tralo,2,True,data/tissuemnist/slice_1,0.3572,0.48,0.4888,0.3987,0.8814,4.0,1,75,0.0914,45.1726
asym_tissue_aider,results/pending_runs/g2_asym_tissue_aider/tissuemnist/L20_G80/danits_lp/seed_4,tissuemnist,MobileNetV3,4,L20_G80,danits_lp,4,True,data/tissuemnist/slice_1,0.3272,0.4443,0.4758,0.4223,0.9133,47.0,0,-1,0.0852,0.4417
asym_tissue_aider,results/pending_runs/g2_asym_tissue_aider/tissuemnist/L20_G80/danits_lp/seed_3,tissuemnist,MobileNetV3,4,L20_G80,danits_lp,3,True,data/tissuemnist/slice_1,0.3221,0.4526,0.4637,0.4115,0.9128,89.0,0,-1,0.0857,0.4492
asym_tissue_aider,results/pending_runs/g2_asym_tissue_aider/tissuemnist/L20_G80/danits_lp/seed_1,tissuemnist,MobileNetV3,4,L20_G80,danits_lp,1,True,data/tissuemnist/slice_1,0.3346,0.4406,0.4838,0.405,0.8891,172.0,0,-1,0.1148,0.5572
asym_tissue_aider,results/pending_runs/g2_asym_tissue_aider/tissuemnist/L20_G80/danits_lp/seed_2,tissuemnist,MobileNetV3,4,L20_G80,danits_lp,2,True,data/tissuemnist/slice_1,0.3691,0.4599,0.4771,0.4032,0.8881,160.0,0,-1,0.0953,0.4957
asym_tissue_aider,results/pending_runs/g2_asym_tissue_aider/tissuemnist/L20_G80/fioretto_ldf/seed_4,tissuemnist,MobileNetV3,4,L20_G80,fioretto_ldf,4,True,data/tissuemnist/slice_1,0.3619,0.4707,0.51,0.4014,0.869,9.0,1,20,0.0875,29.3005
asym_tissue_aider,results/pending_runs/g2_asym_tissue_aider/tissuemnist/L20_G80/fioretto_ldf/seed_3,tissuemnist,MobileNetV3,4,L20_G80,fioretto_ldf,3,True,data/tissuemnist/slice_1,0.3429,0.471,0.4967,0.4082,0.888,9.0,1,14,0.0615,24.4313
asym_tissue_aider,results/pending_runs/g2_asym_tissue_aider/tissuemnist/L20_G80/fioretto_ldf/seed_1,tissuemnist,MobileNetV3,4,L20_G80,fioretto_ldf,1,True,data/tissuemnist/slice_1,0.3514,0.4723,0.5067,0.3879,0.8493,9.0,1,20,0.1737,28.6753
asym_tissue_aider,results/pending_runs/g2_asym_tissue_aider/tissuemnist/L20_G80/fioretto_ldf/seed_2,tissuemnist,MobileNetV3,4,L20_G80,fioretto_ldf,2,True,data/tissuemnist/slice_1,0.3589,0.4797,0.4996,0.3884,0.8578,4.0,1,24,0.2631,32.8192
asym_tissue_aider,results/pending_runs/g2_asym_tissue_aider/tissuemnist/L20_G80/tralo_bounded/seed_4,tissuemnist,MobileNetV3,4,L20_G80,tralo_bounded,4,True,data/tissuemnist/slice_1,0.3555,0.4679,0.5075,0.4043,0.8699,8.0,1,70,0.1216,39.3788
asym_tissue_aider,results/pending_runs/g2_asym_tissue_aider/tissuemnist/L20_G80/tralo_bounded/seed_3,tissuemnist,MobileNetV3,4,L20_G80,tralo_bounded,3,True,data/tissuemnist/slice_1,0.3422,0.4708,0.4967,0.4086,0.8864,9.0,1,64,0.1551,39.1922
asym_tissue_aider,results/pending_runs/g2_asym_tissue_aider/tissuemnist/L20_G80/tralo_bounded/seed_1,tissuemnist,MobileNetV3,4,L20_G80,tralo_bounded,1,True,data/tissuemnist/slice_1,0.3532,0.4729,0.5062,0.389,0.8491,10.0,1,70,0.131,37.9491
asym_tissue_aider,results/pending_runs/g2_asym_tissue_aider/tissuemnist/L20_G80/tralo_bounded/seed_2,tissuemnist,MobileNetV3,4,L20_G80,tralo_bounded,2,True,data/tissuemnist/slice_1,0.3569,0.4801,0.4992,0.3909,0.8611,6.0,1,75,0.5334,38.9508
asym_tissue_aider,results/pending_runs/g2_asym_tissue_aider/tissuemnist/L20_G80/heuristic/seed_4,tissuemnist,MobileNetV3,4,L20_G80,heuristic,4,True,data/tissuemnist/slice_1,0.3272,0.4443,0.4758,0.4223,0.9133,47.0,0,-1,0.1062,0.3938
asym_tissue_aider,results/pending_runs/g2_asym_tissue_aider/tissuemnist/L20_G80/heuristic/seed_3,tissuemnist,MobileNetV3,4,L20_G80,heuristic,3,True,data/tissuemnist/slice_1,0.3233,0.4533,0.4642,0.4115,0.9128,89.0,0,-1,0.2091,0.5845
asym_tissue_aider,results/pending_runs/g2_asym_tissue_aider/tissuemnist/L20_G80/heuristic/seed_1,tissuemnist,MobileNetV3,4,L20_G80,heuristic,1,True,data/tissuemnist/slice_1,0.3346,0.4406,0.4838,0.405,0.8891,172.0,0,-1,0.0955,0.4762
asym_tissue_aider,results/pending_runs/g2_asym_tissue_aider/tissuemnist/L20_G80/heuristic/seed_2,tissuemnist,MobileNetV3,4,L20_G80,heuristic,2,True,data/tissuemnist/slice_1,0.3691,0.4599,0.4771,0.4032,0.8881,160.0,0,-1,0.5018,0.5296
asym_tissue_aider,results/pending_runs/g2_asym_tissue_aider/tissuemnist/L30_G50/hounie_rcl/seed_4,tissuemnist,MobileNetV3,4,L30_G50,hounie_rcl,4,True,data/tissuemnist/slice_1,0.3629,0.4728,0.5092,0.4009,0.8642,13.0,1,105,0.552,208.7856
asym_tissue_aider,results/pending_runs/g2_asym_tissue_aider/tissuemnist/L30_G50/hounie_rcl/seed_3,tissuemnist,MobileNetV3,4,L30_G50,hounie_rcl,3,True,data/tissuemnist/slice_1,0.3491,0.4756,0.4983,0.4054,0.8809,8.0,1,59,0.2426,124.2327
asym_tissue_aider,results/pending_runs/g2_asym_tissue_aider/tissuemnist/L30_G50/hounie_rcl/seed_1,tissuemnist,MobileNetV3,4,L30_G50,hounie_rcl,1,True,data/tissuemnist/slice_1,0.3587,0.4762,0.5071,0.3851,0.8464,16.0,1,62,0.5609,127.4691
asym_tissue_aider,results/pending_runs/g2_asym_tissue_aider/tissuemnist/L30_G50/hounie_rcl/seed_2,tissuemnist,MobileNetV3,4,L30_G50,hounie_rcl,2,True,data/tissuemnist/slice_1,0.3706,0.4878,0.5033,0.3825,0.855,5.0,1,73,0.4138,147.0948
asym_tissue_aider,results/pending_runs/g2_asym_tissue_aider/tissuemnist/L30_G50/tralo/seed_4,tissuemnist,MobileNetV3,4,L30_G50,tralo,4,True,data/tissuemnist/slice_1,0.3691,0.4784,0.5117,0.3986,0.8617,9.0,1,63,0.3948,49.5654
asym_tissue_aider,results/pending_runs/g2_asym_tissue_aider/tissuemnist/L30_G50/tralo/seed_3,tissuemnist,MobileNetV3,4,L30_G50,tralo,3,True,data/tissuemnist/slice_1,0.35,0.4766,0.5042,0.4057,0.8727,8.0,1,62,0.2366,55.0037
asym_tissue_aider,results/pending_runs/g2_asym_tissue_aider/tissuemnist/L30_G50/tralo/seed_1,tissuemnist,MobileNetV3,4,L30_G50,tralo,1,True,data/tissuemnist/slice_1,0.3669,0.4811,0.51,0.3814,0.8438,8.0,1,69,0.1688,75.0455
asym_tissue_aider,results/pending_runs/g2_asym_tissue_aider/tissuemnist/L30_G50/tralo/seed_2,tissuemnist,MobileNetV3,4,L30_G50,tralo,2,True,data/tissuemnist/slice_1,0.3702,0.485,0.5017,0.3873,0.8572,3.0,1,70,0.3446,164.371
asym_tissue_aider,results/pending_runs/g2_asym_tissue_aider/tissuemnist/L30_G50/danits_lp/seed_4,tissuemnist,MobileNetV3,4,L30_G50,danits_lp,4,True,data/tissuemnist/slice_1,0.3368,0.4498,0.4792,0.4223,0.9133,30.0,0,-1,0.2934,0.4886
asym_tissue_aider,results/pending_runs/g2_asym_tissue_aider/tissuemnist/L30_G50/danits_lp/seed_3,tissuemnist,MobileNetV3,4,L30_G50,danits_lp,3,True,data/tissuemnist/slice_1,0.3275,0.4552,0.4646,0.4115,0.9128,72.0,0,-1,0.4408,0.5843
asym_tissue_aider,results/pending_runs/g2_asym_tissue_aider/tissuemnist/L30_G50/danits_lp/seed_1,tissuemnist,MobileNetV3,4,L30_G50,danits_lp,1,True,data/tissuemnist/slice_1,0.3383,0.4426,0.4842,0.405,0.8891,155.0,0,-1,0.4201,0.5573
asym_tissue_aider,results/pending_runs/g2_asym_tissue_aider/tissuemnist/L30_G50/danits_lp/seed_2,tissuemnist,MobileNetV3,4,L30_G50,danits_lp,2,True,data/tissuemnist/slice_1,0.3807,0.4662,0.4808,0.4032,0.8881,143.0,0,-1,0.4746,0.589
asym_tissue_aider,results/pending_runs/g2_asym_tissue_aider/tissuemnist/L30_G50/fioretto_ldf/seed_4,tissuemnist,MobileNetV3,4,L30_G50,fioretto_ldf,4,True,data/tissuemnist/slice_1,0.3625,0.4719,0.5088,0.4008,0.8632,9.0,1,15,0.4155,39.1692
asym_tissue_aider,results/pending_runs/g2_asym_tissue_aider/tissuemnist/L30_G50/fioretto_ldf/seed_3,tissuemnist,MobileNetV3,4,L30_G50,fioretto_ldf,3,True,data/tissuemnist/slice_1,0.3465,0.474,0.4967,0.4071,0.8828,15.0,1,12,0.4029,35.4108
asym_tissue_aider,results/pending_runs/g2_asym_tissue_aider/tissuemnist/L30_G50/fioretto_ldf/seed_1,tissuemnist,MobileNetV3,4,L30_G50,fioretto_ldf,1,True,data/tissuemnist/slice_1,0.3589,0.4758,0.5067,0.3845,0.8445,10.0,1,18,0.2934,39.1681
asym_tissue_aider,results/pending_runs/g2_asym_tissue_aider/tissuemnist/L30_G50/fioretto_ldf/seed_2,tissuemnist,MobileNetV3,4,L30_G50,fioretto_ldf,2,True,data/tissuemnist/slice_1,0.3716,0.4872,0.5038,0.3821,0.8506,4.0,1,20,0.535,49.9501
asym_tissue_aider,results/pending_runs/g2_asym_tissue_aider/tissuemnist/L30_G50/tralo_bounded/seed_4,tissuemnist,MobileNetV3,4,L30_G50,tralo_bounded,4,True,data/tissuemnist/slice_1,0.366,0.4749,0.51,0.3981,0.8609,10.0,1,63,0.3473,44.4875
asym_tissue_aider,results/pending_runs/g2_asym_tissue_aider/tissuemnist/L30_G50/tralo_bounded/seed_3,tissuemnist,MobileNetV3,4,L30_G50,tralo_bounded,3,True,data/tissuemnist/slice_1,0.3422,0.4712,0.495,0.4084,0.8834,11.0,1,62,0.4345,39.4048
asym_tissue_aider,results/pending_runs/g2_asym_tissue_aider/tissuemnist/L30_G50/tralo_bounded/seed_1,tissuemnist,MobileNetV3,4,L30_G50,tralo_bounded,1,True,data/tissuemnist/slice_1,0.3584,0.475,0.5062,0.3836,0.8449,11.0,0,68,0.2838,52.0804
asym_tissue_aider,results/pending_runs/g2_asym_tissue_aider/tissuemnist/L30_G50/tralo_bounded/seed_2,tissuemnist,MobileNetV3,4,L30_G50,tralo_bounded,2,True,data/tissuemnist/slice_1,0.3722,0.4888,0.5038,0.3818,0.8492,2.0,1,70,0.313,55.4268
asym_tissue_aider,results/pending_runs/g2_asym_tissue_aider/tissuemnist/L30_G50/heuristic/seed_4,tissuemnist,MobileNetV3,4,L30_G50,heuristic,4,True,data/tissuemnist/slice_1,0.3368,0.4498,0.4792,0.4223,0.9133,30.0,0,-1,0.4303,0.5451
asym_tissue_aider,results/pending_runs/g2_asym_tissue_aider/tissuemnist/L30_G50/heuristic/seed_3,tissuemnist,MobileNetV3,4,L30_G50,heuristic,3,True,data/tissuemnist/slice_1,0.3275,0.4552,0.4646,0.4115,0.9128,72.0,0,-1,0.476,0.4934
asym_tissue_aider,results/pending_runs/g2_asym_tissue_aider/tissuemnist/L30_G50/heuristic/seed_1,tissuemnist,MobileNetV3,4,L30_G50,heuristic,1,True,data/tissuemnist/slice_1,0.3384,0.4425,0.4842,0.405,0.8891,155.0,0,-1,0.3953,0.5326
asym_tissue_aider,results/pending_runs/g2_asym_tissue_aider/tissuemnist/L30_G50/heuristic/seed_2,tissuemnist,MobileNetV3,4,L30_G50,heuristic,2,True,data/tissuemnist/slice_1,0.3817,0.4669,0.4813,0.4032,0.8881,143.0,0,-1,0.4168,0.532
asym_tissue_aider,results/pending_runs/g2_asym_tissue_aider/tissuemnist/L30_G20/hounie_rcl/seed_4,tissuemnist,MobileNetV3,4,L30_G20,hounie_rcl,4,True,data/tissuemnist/slice_1,0.3561,0.4684,0.5071,0.4022,0.8666,0.0,1,95,0.5069,184.097
asym_tissue_aider,results/pending_runs/g2_asym_tissue_aider/tissuemnist/L30_G20/hounie_rcl/seed_3,tissuemnist,MobileNetV3,4,L30_G20,hounie_rcl,3,True,data/tissuemnist/slice_1,0.3419,0.4716,0.4979,0.4064,0.8847,0.0,1,59,0.4789,121.5086
asym_tissue_aider,results/pending_runs/g2_asym_tissue_aider/tissuemnist/L30_G20/hounie_rcl/seed_1,tissuemnist,MobileNetV3,4,L30_G20,hounie_rcl,1,True,data/tissuemnist/slice_1,0.3474,0.47,0.5054,0.3867,0.8494,0.0,1,64,0.4641,130.9935
asym_tissue_aider,results/pending_runs/g2_asym_tissue_aider/tissuemnist/L30_G20/hounie_rcl/seed_2,tissuemnist,MobileNetV3,4,L30_G20,hounie_rcl,2,True,data/tissuemnist/slice_1,0.3545,0.478,0.4971,0.3894,0.8618,0.0,1,84,0.4839,166.3427
asym_tissue_aider,results/pending_runs/g2_asym_tissue_aider/tissuemnist/L30_G20/tralo/seed_4,tissuemnist,MobileNetV3,4,L30_G20,tralo,4,True,data/tissuemnist/slice_1,0.3585,0.4695,0.51,0.399,0.8634,0.0,1,66,0.3985,54.5915
asym_tissue_aider,results/pending_runs/g2_asym_tissue_aider/tissuemnist/L30_G20/tralo/seed_3,tissuemnist,MobileNetV3,4,L30_G20,tralo,3,True,data/tissuemnist/slice_1,0.3365,0.4666,0.4925,0.4106,0.888,0.0,1,63,0.5519,57.9291
asym_tissue_aider,results/pending_runs/g2_asym_tissue_aider/tissuemnist/L30_G20/tralo/seed_1,tissuemnist,MobileNetV3,4,L30_G20,tralo,1,True,data/tissuemnist/slice_1,0.3543,0.4752,0.5058,0.3843,0.8473,0.0,1,69,0.4714,67.5233
asym_tissue_aider,results/pending_runs/g2_asym_tissue_aider/tissuemnist/L30_G20/tralo/seed_2,tissuemnist,MobileNetV3,4,L30_G20,tralo,2,True,data/tissuemnist/slice_1,0.3648,0.4865,0.5012,0.3824,0.8633,0.0,1,74,0.6493,135.6893
asym_tissue_aider,results/pending_runs/g2_asym_tissue_aider/tissuemnist/L30_G20/danits_lp/seed_4,tissuemnist,MobileNetV3,4,L30_G20,danits_lp,4,True,data/tissuemnist/slice_1,0.3302,0.4459,0.4771,0.4223,0.9133,47.0,0,-1,0.4176,0.5765
asym_tissue_aider,results/pending_runs/g2_asym_tissue_aider/tissuemnist/L30_G20/danits_lp/seed_3,tissuemnist,MobileNetV3,4,L30_G20,danits_lp,3,True,data/tissuemnist/slice_1,0.3221,0.4526,0.4637,0.4115,0.9128,89.0,0,-1,0.3858,0.5693
asym_tissue_aider,results/pending_runs/g2_asym_tissue_aider/tissuemnist/L30_G20/danits_lp/seed_1,tissuemnist,MobileNetV3,4,L30_G20,danits_lp,1,True,data/tissuemnist/slice_1,0.3315,0.4389,0.4825,0.405,0.8891,172.0,0,-1,0.4437,0.573
asym_tissue_aider,results/pending_runs/g2_asym_tissue_aider/tissuemnist/L30_G20/danits_lp/seed_2,tissuemnist,MobileNetV3,4,L30_G20,danits_lp,2,True,data/tissuemnist/slice_1,0.3689,0.46,0.4771,0.4032,0.8881,160.0,0,-1,0.3948,0.5593
asym_tissue_aider,results/pending_runs/g2_asym_tissue_aider/tissuemnist/L30_G20/fioretto_ldf/seed_4,tissuemnist,MobileNetV3,4,L30_G20,fioretto_ldf,4,True,data/tissuemnist/slice_1,0.3539,0.4661,0.5054,0.4039,0.8663,0.0,1,17,0.4207,43.6073
asym_tissue_aider,results/pending_runs/g2_asym_tissue_aider/tissuemnist/L30_G20/fioretto_ldf/seed_3,tissuemnist,MobileNetV3,4,L30_G20,fioretto_ldf,3,True,data/tissuemnist/slice_1,0.3426,0.4719,0.4988,0.4067,0.8863,0.0,1,14,0.4216,38.9221
asym_tissue_aider,results/pending_runs/g2_asym_tissue_aider/tissuemnist/L30_G20/fioretto_ldf/seed_1,tissuemnist,MobileNetV3,4,L30_G20,fioretto_ldf,1,True,data/tissuemnist/slice_1,0.3447,0.4677,0.5042,0.3881,0.849,0.0,1,19,0.4717,47.4856
asym_tissue_aider,results/pending_runs/g2_asym_tissue_aider/tissuemnist/L30_G20/fioretto_ldf/seed_2,tissuemnist,MobileNetV3,4,L30_G20,fioretto_ldf,2,True,data/tissuemnist/slice_1,0.3551,0.4776,0.4983,0.3882,0.8579,0.0,1,24,0.4352,54.6379
asym_tissue_aider,results/pending_runs/g2_asym_tissue_aider/tissuemnist/L30_G20/tralo_bounded/seed_4,tissuemnist,MobileNetV3,4,L30_G20,tralo_bounded,4,True,data/tissuemnist/slice_1,0.3588,0.4694,0.5096,0.4006,0.8657,0.0,1,66,0.4117,50.005
asym_tissue_aider,results/pending_runs/g2_asym_tissue_aider/tissuemnist/L30_G20/tralo_bounded/seed_3,tissuemnist,MobileNetV3,4,L30_G20,tralo_bounded,3,True,data/tissuemnist/slice_1,0.3375,0.4676,0.4938,0.4106,0.8874,0.0,1,63,0.5318,42.3612
asym_tissue_aider,results/pending_runs/g2_asym_tissue_aider/tissuemnist/L30_G20/tralo_bounded/seed_1,tissuemnist,MobileNetV3,4,L30_G20,tralo_bounded,1,True,data/tissuemnist/slice_1,0.3503,0.4712,0.505,0.3868,0.85,0.0,1,69,0.4654,54.8294
asym_tissue_aider,results/pending_runs/g2_asym_tissue_aider/tissuemnist/L30_G20/tralo_bounded/seed_2,tissuemnist,MobileNetV3,4,L30_G20,tralo_bounded,2,True,data/tissuemnist/slice_1,0.3558,0.4788,0.4992,0.3882,0.8579,0.0,1,74,0.4832,63.3007
asym_tissue_aider,results/pending_runs/g2_asym_tissue_aider/tissuemnist/L30_G20/heuristic/seed_4,tissuemnist,MobileNetV3,4,L30_G20,heuristic,4,True,data/tissuemnist/slice_1,0.3302,0.4459,0.4771,0.4223,0.9133,47.0,0,-1,0.4906,0.5317
asym_tissue_aider,results/pending_runs/g2_asym_tissue_aider/tissuemnist/L30_G20/heuristic/seed_3,tissuemnist,MobileNetV3,4,L30_G20,heuristic,3,True,data/tissuemnist/slice_1,0.3233,0.4533,0.4642,0.4115,0.9128,89.0,0,-1,0.4601,0.4897
asym_tissue_aider,results/pending_runs/g2_asym_tissue_aider/tissuemnist/L30_G20/heuristic/seed_1,tissuemnist,MobileNetV3,4,L30_G20,heuristic,1,True,data/tissuemnist/slice_1,0.3315,0.4389,0.4825,0.405,0.8891,172.0,0,-1,0.3354,0.52
asym_tissue_aider,results/pending_runs/g2_asym_tissue_aider/tissuemnist/L30_G20/heuristic/seed_2,tissuemnist,MobileNetV3,4,L30_G20,heuristic,2,True,data/tissuemnist/slice_1,0.3689,0.46,0.4771,0.4032,0.8881,160.0,0,-1,0.4615,0.5156
asym_tissue_aider,results/pending_runs/g2_asym_tissue_aider/tissuemnist/L80_G20/hounie_rcl/seed_4,tissuemnist,MobileNetV3,4,L80_G20,hounie_rcl,4,True,data/tissuemnist/slice_1,0.3576,0.4691,0.5075,0.4015,0.8657,0.0,1,127,0.3432,226.8795
asym_tissue_aider,results/pending_runs/g2_asym_tissue_aider/tissuemnist/L80_G20/hounie_rcl/seed_3,tissuemnist,MobileNetV3,4,L80_G20,hounie_rcl,3,True,data/tissuemnist/slice_1,0.342,0.4718,0.4979,0.4063,0.8841,0.0,1,86,0.5314,161.6784
asym_tissue_aider,results/pending_runs/g2_asym_tissue_aider/tissuemnist/L80_G20/hounie_rcl/seed_1,tissuemnist,MobileNetV3,4,L80_G20,hounie_rcl,1,True,data/tissuemnist/slice_1,0.3524,0.4729,0.5067,0.3847,0.848,0.0,1,93,0.1849,177.1202
asym_tissue_aider,results/pending_runs/g2_asym_tissue_aider/tissuemnist/L80_G20/hounie_rcl/seed_2,tissuemnist,MobileNetV3,4,L80_G20,hounie_rcl,2,True,data/tissuemnist/slice_1,0.3551,0.4781,0.4967,0.389,0.8621,0.0,1,135,0.4966,235.7243
asym_tissue_aider,results/pending_runs/g2_asym_tissue_aider/tissuemnist/L80_G20/tralo/seed_4,tissuemnist,MobileNetV3,4,L80_G20,tralo,4,True,data/tissuemnist/slice_1,0.3577,0.4692,0.5096,0.4007,0.8668,0.0,1,66,0.0867,51.2969
asym_tissue_aider,results/pending_runs/g2_asym_tissue_aider/tissuemnist/L80_G20/tralo/seed_3,tissuemnist,MobileNetV3,4,L80_G20,tralo,3,True,data/tissuemnist/slice_1,0.3399,0.4697,0.4958,0.4077,0.8881,0.0,1,63,0.3906,40.1437
asym_tissue_aider,results/pending_runs/g2_asym_tissue_aider/tissuemnist/L80_G20/tralo/seed_1,tissuemnist,MobileNetV3,4,L80_G20,tralo,1,True,data/tissuemnist/slice_1,0.3486,0.4732,0.5042,0.3863,0.8511,0.0,1,69,0.5295,65.7824
asym_tissue_aider,results/pending_runs/g2_asym_tissue_aider/tissuemnist/L80_G20/tralo/seed_2,tissuemnist,MobileNetV3,4,L80_G20,tralo,2,True,data/tissuemnist/slice_1,0.3596,0.4843,0.4975,0.3873,0.8655,0.0,1,75,0.1625,137.0504
asym_tissue_aider,results/pending_runs/g2_asym_tissue_aider/tissuemnist/L80_G20/danits_lp/seed_4,tissuemnist,MobileNetV3,4,L80_G20,danits_lp,4,True,data/tissuemnist/slice_1,0.3302,0.4459,0.4771,0.4223,0.9133,47.0,0,-1,0.3375,0.6349
asym_tissue_aider,results/pending_runs/g2_asym_tissue_aider/tissuemnist/L80_G20/danits_lp/seed_3,tissuemnist,MobileNetV3,4,L80_G20,danits_lp,3,True,data/tissuemnist/slice_1,0.3221,0.4526,0.4637,0.4115,0.9128,89.0,0,-1,0.4971,0.6124
asym_tissue_aider,results/pending_runs/g2_asym_tissue_aider/tissuemnist/L80_G20/danits_lp/seed_1,tissuemnist,MobileNetV3,4,L80_G20,danits_lp,1,True,data/tissuemnist/slice_1,0.3315,0.4389,0.4825,0.405,0.8891,172.0,0,-1,0.0952,0.434
asym_tissue_aider,results/pending_runs/g2_asym_tissue_aider/tissuemnist/L80_G20/danits_lp/seed_2,tissuemnist,MobileNetV3,4,L80_G20,danits_lp,2,True,data/tissuemnist/slice_1,0.3689,0.46,0.4771,0.4032,0.8881,160.0,0,-1,0.2071,0.5225
asym_tissue_aider,results/pending_runs/g2_asym_tissue_aider/tissuemnist/L80_G20/fioretto_ldf/seed_4,tissuemnist,MobileNetV3,4,L80_G20,fioretto_ldf,4,True,data/tissuemnist/slice_1,0.3539,0.4661,0.5054,0.4039,0.8663,0.0,1,17,0.6111,36.1411
asym_tissue_aider,results/pending_runs/g2_asym_tissue_aider/tissuemnist/L80_G20/fioretto_ldf/seed_3,tissuemnist,MobileNetV3,4,L80_G20,fioretto_ldf,3,True,data/tissuemnist/slice_1,0.3426,0.4719,0.4988,0.4061,0.8862,0.0,1,14,0.618,32.0788
asym_tissue_aider,results/pending_runs/g2_asym_tissue_aider/tissuemnist/L80_G20/fioretto_ldf/seed_1,tissuemnist,MobileNetV3,4,L80_G20,fioretto_ldf,1,True,data/tissuemnist/slice_1,0.3474,0.4697,0.5054,0.3875,0.8491,0.0,1,19,0.463,39.9653
asym_tissue_aider,results/pending_runs/g2_asym_tissue_aider/tissuemnist/L80_G20/fioretto_ldf/seed_2,tissuemnist,MobileNetV3,4,L80_G20,fioretto_ldf,2,True,data/tissuemnist/slice_1,0.3554,0.477,0.4979,0.3886,0.8579,0.0,1,24,0.5297,46.7664
asym_tissue_aider,results/pending_runs/g2_asym_tissue_aider/tissuemnist/L80_G20/tralo_bounded/seed_4,tissuemnist,MobileNetV3,4,L80_G20,tralo_bounded,4,True,data/tissuemnist/slice_1,0.3543,0.4672,0.5075,0.4012,0.8672,0.0,1,67,0.0923,47.3907
asym_tissue_aider,results/pending_runs/g2_asym_tissue_aider/tissuemnist/L80_G20/tralo_bounded/seed_3,tissuemnist,MobileNetV3,4,L80_G20,tralo_bounded,3,True,data/tissuemnist/slice_1,0.336,0.4666,0.4942,0.4106,0.8853,0.0,1,63,0.4596,37.9826
asym_tissue_aider,results/pending_runs/g2_asym_tissue_aider/tissuemnist/L80_G20/tralo_bounded/seed_1,tissuemnist,MobileNetV3,4,L80_G20,tralo_bounded,1,True,data/tissuemnist/slice_1,0.3493,0.4707,0.5033,0.3874,0.8476,0.0,1,69,0.4306,42.1544
asym_tissue_aider,results/pending_runs/g2_asym_tissue_aider/tissuemnist/L80_G20/tralo_bounded/seed_2,tissuemnist,MobileNetV3,4,L80_G20,tralo_bounded,2,True,data/tissuemnist/slice_1,0.3558,0.4789,0.4988,0.3903,0.8578,1.0,0,-1,0.3175,165.3358
asym_tissue_aider,results/pending_runs/g2_asym_tissue_aider/tissuemnist/L80_G20/heuristic/seed_4,tissuemnist,MobileNetV3,4,L80_G20,heuristic,4,True,data/tissuemnist/slice_1,0.3302,0.4459,0.4771,0.4223,0.9133,47.0,0,-1,0.4563,0.5043
asym_tissue_aider,results/pending_runs/g2_asym_tissue_aider/tissuemnist/L80_G20/heuristic/seed_3,tissuemnist,MobileNetV3,4,L80_G20,heuristic,3,True,data/tissuemnist/slice_1,0.3233,0.4533,0.4642,0.4115,0.9128,89.0,0,-1,0.096,0.4064
asym_tissue_aider,results/pending_runs/g2_asym_tissue_aider/tissuemnist/L80_G20/heuristic/seed_1,tissuemnist,MobileNetV3,4,L80_G20,heuristic,1,True,data/tissuemnist/slice_1,0.3315,0.4389,0.4825,0.405,0.8891,172.0,0,-1,0.2794,0.5599
asym_tissue_aider,results/pending_runs/g2_asym_tissue_aider/tissuemnist/L80_G20/heuristic/seed_2,tissuemnist,MobileNetV3,4,L80_G20,heuristic,2,True,data/tissuemnist/slice_1,0.3689,0.46,0.4771,0.4032,0.8881,160.0,0,-1,0.2265,0.5784
asym_tissue_aider,results/pending_runs/g2_asym_tissue_aider/tissuemnist/L30_G70/hounie_rcl/seed_4,tissuemnist,MobileNetV3,4,L30_G70,hounie_rcl,4,True,data/tissuemnist/slice_1,0.3637,0.4731,0.5096,0.4004,0.8642,13.0,1,106,0.3724,179.5261
asym_tissue_aider,results/pending_runs/g2_asym_tissue_aider/tissuemnist/L30_G70/hounie_rcl/seed_3,tissuemnist,MobileNetV3,4,L30_G70,hounie_rcl,3,True,data/tissuemnist/slice_1,0.3491,0.4756,0.4983,0.4054,0.8812,8.0,1,61,0.1916,123.2931
asym_tissue_aider,results/pending_runs/g2_asym_tissue_aider/tissuemnist/L30_G70/hounie_rcl/seed_1,tissuemnist,MobileNetV3,4,L30_G70,hounie_rcl,1,True,data/tissuemnist/slice_1,0.3584,0.4755,0.5062,0.3855,0.8465,15.0,1,66,0.4053,131.7852
asym_tissue_aider,results/pending_runs/g2_asym_tissue_aider/tissuemnist/L30_G70/hounie_rcl/seed_2,tissuemnist,MobileNetV3,4,L30_G70,hounie_rcl,2,True,data/tissuemnist/slice_1,0.3721,0.4884,0.5033,0.3825,0.8547,5.0,1,79,0.4762,153.6715
asym_tissue_aider,results/pending_runs/g2_asym_tissue_aider/tissuemnist/L30_G70/tralo/seed_4,tissuemnist,MobileNetV3,4,L30_G70,tralo,4,True,data/tissuemnist/slice_1,0.3634,0.4736,0.5079,0.4028,0.861,6.0,1,64,0.4502,50.5622
asym_tissue_aider,results/pending_runs/g2_asym_tissue_aider/tissuemnist/L30_G70/tralo/seed_3,tissuemnist,MobileNetV3,4,L30_G70,tralo,3,True,data/tissuemnist/slice_1,0.3515,0.478,0.5042,0.4005,0.8713,1.0,1,61,0.372,54.1014
asym_tissue_aider,results/pending_runs/g2_asym_tissue_aider/tissuemnist/L30_G70/tralo/seed_1,tissuemnist,MobileNetV3,4,L30_G70,tralo,1,True,data/tissuemnist/slice_1,0.3655,0.4794,0.5112,0.3803,0.8447,7.0,1,68,0.4208,73.7135
asym_tissue_aider,results/pending_runs/g2_asym_tissue_aider/tissuemnist/L30_G70/tralo/seed_2,tissuemnist,MobileNetV3,4,L30_G70,tralo,2,True,data/tissuemnist/slice_1,0.3673,0.4819,0.4992,0.3925,0.8626,1.0,1,71,0.399,392.5731
asym_tissue_aider,results/pending_runs/g2_asym_tissue_aider/tissuemnist/L30_G70/danits_lp/seed_4,tissuemnist,MobileNetV3,4,L30_G70,danits_lp,4,True,data/tissuemnist/slice_1,0.3368,0.4498,0.4792,0.4223,0.9133,30.0,0,-1,0.4077,0.6282
asym_tissue_aider,results/pending_runs/g2_asym_tissue_aider/tissuemnist/L30_G70/danits_lp/seed_3,tissuemnist,MobileNetV3,4,L30_G70,danits_lp,3,True,data/tissuemnist/slice_1,0.3275,0.4552,0.4646,0.4115,0.9128,72.0,0,-1,0.3989,0.5991
asym_tissue_aider,results/pending_runs/g2_asym_tissue_aider/tissuemnist/L30_G70/danits_lp/seed_1,tissuemnist,MobileNetV3,4,L30_G70,danits_lp,1,True,data/tissuemnist/slice_1,0.3383,0.4426,0.4842,0.405,0.8891,155.0,0,-1,0.4095,0.5987
asym_tissue_aider,results/pending_runs/g2_asym_tissue_aider/tissuemnist/L30_G70/danits_lp/seed_2,tissuemnist,MobileNetV3,4,L30_G70,danits_lp,2,True,data/tissuemnist/slice_1,0.3807,0.4662,0.4808,0.4032,0.8881,143.0,0,-1,0.4036,0.646
asym_tissue_aider,results/pending_runs/g2_asym_tissue_aider/tissuemnist/L30_G70/fioretto_ldf/seed_4,tissuemnist,MobileNetV3,4,L30_G70,fioretto_ldf,4,True,data/tissuemnist/slice_1,0.3636,0.4726,0.5092,0.4008,0.8631,10.0,1,15,0.5584,39.0744
asym_tissue_aider,results/pending_runs/g2_asym_tissue_aider/tissuemnist/L30_G70/fioretto_ldf/seed_3,tissuemnist,MobileNetV3,4,L30_G70,fioretto_ldf,3,True,data/tissuemnist/slice_1,0.3449,0.4737,0.4963,0.4074,0.8812,8.0,1,12,0.4293,33.8792
asym_tissue_aider,results/pending_runs/g2_asym_tissue_aider/tissuemnist/L30_G70/fioretto_ldf/seed_1,tissuemnist,MobileNetV3,4,L30_G70,fioretto_ldf,1,True,data/tissuemnist/slice_1,0.3593,0.4763,0.5071,0.3838,0.8445,10.0,1,18,0.3714,43.8506
asym_tissue_aider,results/pending_runs/g2_asym_tissue_aider/tissuemnist/L30_G70/fioretto_ldf/seed_2,tissuemnist,MobileNetV3,4,L30_G70,fioretto_ldf,2,True,data/tissuemnist/slice_1,0.3714,0.4868,0.5033,0.3826,0.8506,4.0,1,20,0.5951,48.6546
asym_tissue_aider,results/pending_runs/g2_asym_tissue_aider/tissuemnist/L30_G70/tralo_bounded/seed_4,tissuemnist,MobileNetV3,4,L30_G70,tralo_bounded,4,True,data/tissuemnist/slice_1,0.3615,0.4726,0.5071,0.4027,0.8629,11.0,1,63,0.3872,43.402
asym_tissue_aider,results/pending_runs/g2_asym_tissue_aider/tissuemnist/L30_G70/tralo_bounded/seed_3,tissuemnist,MobileNetV3,4,L30_G70,tralo_bounded,3,True,data/tissuemnist/slice_1,0.347,0.4744,0.4979,0.4052,0.8822,11.0,1,62,0.3114,38.4305
asym_tissue_aider,results/pending_runs/g2_asym_tissue_aider/tissuemnist/L30_G70/tralo_bounded/seed_1,tissuemnist,MobileNetV3,4,L30_G70,tralo_bounded,1,True,data/tissuemnist/slice_1,0.3599,0.478,0.5092,0.3814,0.8452,11.0,1,68,0.3054,50.5916
asym_tissue_aider,results/pending_runs/g2_asym_tissue_aider/tissuemnist/L30_G70/tralo_bounded/seed_2,tissuemnist,MobileNetV3,4,L30_G70,tralo_bounded,2,True,data/tissuemnist/slice_1,0.3681,0.4849,0.5,0.387,0.8527,2.0,1,71,0.25,57.1013
asym_tissue_aider,results/pending_runs/g2_asym_tissue_aider/tissuemnist/L30_G70/heuristic/seed_4,tissuemnist,MobileNetV3,4,L30_G70,heuristic,4,True,data/tissuemnist/slice_1,0.3368,0.4498,0.4792,0.4223,0.9133,30.0,0,-1,0.5735,0.467
asym_tissue_aider,results/pending_runs/g2_asym_tissue_aider/tissuemnist/L30_G70/heuristic/seed_3,tissuemnist,MobileNetV3,4,L30_G70,heuristic,3,True,data/tissuemnist/slice_1,0.3275,0.4552,0.4646,0.4115,0.9128,72.0,0,-1,0.4491,0.5545
asym_tissue_aider,results/pending_runs/g2_asym_tissue_aider/tissuemnist/L30_G70/heuristic/seed_1,tissuemnist,MobileNetV3,4,L30_G70,heuristic,1,True,data/tissuemnist/slice_1,0.3384,0.4425,0.4842,0.405,0.8891,155.0,0,-1,0.3815,0.5554
asym_tissue_aider,results/pending_runs/g2_asym_tissue_aider/tissuemnist/L30_G70/heuristic/seed_2,tissuemnist,MobileNetV3,4,L30_G70,heuristic,2,True,data/tissuemnist/slice_1,0.3817,0.4669,0.4813,0.4032,0.8881,143.0,0,-1,0.4197,0.5115
asym_tissue_aider,results/pending_runs/g2_asym_tissue_aider/tissuemnist/L70_G50/hounie_rcl/seed_4,tissuemnist,MobileNetV3,4,L70_G50,hounie_rcl,4,True,data/tissuemnist/slice_1,0.3717,0.478,0.5075,0.3956,0.852,0.0,1,1,0.4087,21.4167
asym_tissue_aider,results/pending_runs/g2_asym_tissue_aider/tissuemnist/L70_G50/hounie_rcl/seed_3,tissuemnist,MobileNetV3,4,L70_G50,hounie_rcl,3,True,data/tissuemnist/slice_1,0.3528,0.479,0.4979,0.3998,0.8721,0.0,1,37,0.3877,79.6128
asym_tissue_aider,results/pending_runs/g2_asym_tissue_aider/tissuemnist/L70_G50/hounie_rcl/seed_1,tissuemnist,MobileNetV3,4,L70_G50,hounie_rcl,1,True,data/tissuemnist/slice_1,0.3678,0.4791,0.5071,0.3794,0.8391,0.0,1,54,0.4389,111.6191
asym_tissue_aider,results/pending_runs/g2_asym_tissue_aider/tissuemnist/L70_G50/hounie_rcl/seed_2,tissuemnist,MobileNetV3,4,L70_G50,hounie_rcl,2,True,data/tissuemnist/slice_1,0.3844,0.4927,0.5033,0.3789,0.8416,0.0,1,62,0.3356,125.0576
asym_tissue_aider,results/pending_runs/g2_asym_tissue_aider/tissuemnist/L70_G50/tralo/seed_4,tissuemnist,MobileNetV3,4,L70_G50,tralo,4,True,data/tissuemnist/slice_1,0.3771,0.4844,0.5108,0.3896,0.8468,0.0,1,51,0.4396,35.2103
asym_tissue_aider,results/pending_runs/g2_asym_tissue_aider/tissuemnist/L70_G50/tralo/seed_3,tissuemnist,MobileNetV3,4,L70_G50,tralo,3,True,data/tissuemnist/slice_1,0.3561,0.4823,0.5021,0.3971,0.8694,0.0,1,52,0.3651,26.6066
asym_tissue_aider,results/pending_runs/g2_asym_tissue_aider/tissuemnist/L70_G50/tralo/seed_1,tissuemnist,MobileNetV3,4,L70_G50,tralo,1,True,data/tissuemnist/slice_1,0.3651,0.4765,0.5025,0.3835,0.8437,0.0,1,64,0.3734,115.0218
asym_tissue_aider,results/pending_runs/g2_asym_tissue_aider/tissuemnist/L70_G50/tralo/seed_2,tissuemnist,MobileNetV3,4,L70_G50,tralo,2,True,data/tissuemnist/slice_1,0.3892,0.4975,0.51,0.3747,0.8413,0.0,1,64,0.3766,57.6815
asym_tissue_aider,results/pending_runs/g2_asym_tissue_aider/tissuemnist/L70_G50/danits_lp/seed_4,tissuemnist,MobileNetV3,4,L70_G50,danits_lp,4,True,data/tissuemnist/slice_1,0.3488,0.4565,0.4838,0.4223,0.9133,1.0,1,-1,0.4797,0.6447
asym_tissue_aider,results/pending_runs/g2_asym_tissue_aider/tissuemnist/L70_G50/danits_lp/seed_3,tissuemnist,MobileNetV3,4,L70_G50,danits_lp,3,True,data/tissuemnist/slice_1,0.3355,0.4596,0.4662,0.4115,0.9128,37.0,0,-1,0.3707,0.6102
asym_tissue_aider,results/pending_runs/g2_asym_tissue_aider/tissuemnist/L70_G50/danits_lp/seed_1,tissuemnist,MobileNetV3,4,L70_G50,danits_lp,1,True,data/tissuemnist/slice_1,0.3493,0.4489,0.4875,0.405,0.8891,120.0,0,-1,0.5885,0.58
asym_tissue_aider,results/pending_runs/g2_asym_tissue_aider/tissuemnist/L70_G50/danits_lp/seed_2,tissuemnist,MobileNetV3,4,L70_G50,danits_lp,2,True,data/tissuemnist/slice_1,0.3911,0.4712,0.4838,0.4032,0.8881,108.0,0,-1,0.5659,0.6441
asym_tissue_aider,results/pending_runs/g2_asym_tissue_aider/tissuemnist/L70_G50/fioretto_ldf/seed_4,tissuemnist,MobileNetV3,4,L70_G50,fioretto_ldf,4,True,data/tissuemnist/slice_1,0.3712,0.4781,0.5079,0.3946,0.852,0.0,1,1,0.4348,17.954
asym_tissue_aider,results/pending_runs/g2_asym_tissue_aider/tissuemnist/L70_G50/fioretto_ldf/seed_3,tissuemnist,MobileNetV3,4,L70_G50,fioretto_ldf,3,True,data/tissuemnist/slice_1,0.3522,0.4791,0.4975,0.401,0.875,0.0,1,4,0.5138,22.8308
asym_tissue_aider,results/pending_runs/g2_asym_tissue_aider/tissuemnist/L70_G50/fioretto_ldf/seed_1,tissuemnist,MobileNetV3,4,L70_G50,fioretto_ldf,1,True,data/tissuemnist/slice_1,0.3683,0.4799,0.5079,0.3784,0.8376,0.0,1,14,0.4569,37.4759
asym_tissue_aider,results/pending_runs/g2_asym_tissue_aider/tissuemnist/L70_G50/fioretto_ldf/seed_2,tissuemnist,MobileNetV3,4,L70_G50,fioretto_ldf,2,True,data/tissuemnist/slice_1,0.3851,0.4946,0.5058,0.3768,0.84,0.0,1,14,0.4672,38.642
asym_tissue_aider,results/pending_runs/g2_asym_tissue_aider/tissuemnist/L70_G50/tralo_bounded/seed_4,tissuemnist,MobileNetV3,4,L70_G50,tralo_bounded,4,True,data/tissuemnist/slice_1,0.3757,0.4854,0.5121,0.388,0.8487,0.0,1,51,0.2631,21.7158
asym_tissue_aider,results/pending_runs/g2_asym_tissue_aider/tissuemnist/L70_G50/tralo_bounded/seed_3,tissuemnist,MobileNetV3,4,L70_G50,tralo_bounded,3,True,data/tissuemnist/slice_1,0.3532,0.4793,0.4983,0.4018,0.8755,0.0,1,52,0.2832,25.173
asym_tissue_aider,results/pending_runs/g2_asym_tissue_aider/tissuemnist/L70_G50/tralo_bounded/seed_1,tissuemnist,MobileNetV3,4,L70_G50,tralo_bounded,1,True,data/tissuemnist/slice_1,0.366,0.4796,0.5079,0.3788,0.8399,0.0,1,64,0.3996,42.4993
asym_tissue_aider,results/pending_runs/g2_asym_tissue_aider/tissuemnist/L70_G50/tralo_bounded/seed_2,tissuemnist,MobileNetV3,4,L70_G50,tralo_bounded,2,True,data/tissuemnist/slice_1,0.3846,0.4943,0.5054,0.3786,0.8422,0.0,1,64,0.4706,44.5225
asym_tissue_aider,results/pending_runs/g2_asym_tissue_aider/tissuemnist/L70_G50/heuristic/seed_4,tissuemnist,MobileNetV3,4,L70_G50,heuristic,4,True,data/tissuemnist/slice_1,0.3494,0.4572,0.4842,0.4223,0.9133,9.0,1,-1,0.2828,0.5494
asym_tissue_aider,results/pending_runs/g2_asym_tissue_aider/tissuemnist/L70_G50/heuristic/seed_3,tissuemnist,MobileNetV3,4,L70_G50,heuristic,3,True,data/tissuemnist/slice_1,0.3336,0.4586,0.4654,0.4115,0.9128,37.0,0,-1,0.271,0.5572
asym_tissue_aider,results/pending_runs/g2_asym_tissue_aider/tissuemnist/L70_G50/heuristic/seed_1,tissuemnist,MobileNetV3,4,L70_G50,heuristic,1,True,data/tissuemnist/slice_1,0.3489,0.4486,0.4871,0.405,0.8891,120.0,0,-1,0.292,0.5382
asym_tissue_aider,results/pending_runs/g2_asym_tissue_aider/tissuemnist/L70_G50/heuristic/seed_2,tissuemnist,MobileNetV3,4,L70_G50,heuristic,2,True,data/tissuemnist/slice_1,0.3906,0.4708,0.4833,0.4032,0.8881,108.0,0,-1,0.4234,0.563
asym_tissue_aider,results/pending_runs/g2_asym_tissue_aider/tissuemnist/L70_G80/hounie_rcl/seed_4,tissuemnist,MobileNetV3,4,L70_G80,hounie_rcl,4,True,data/tissuemnist/slice_1,0.3771,0.4821,0.51,0.3945,0.8517,39.0,1,1,0.3354,16.662
asym_tissue_aider,results/pending_runs/g2_asym_tissue_aider/tissuemnist/L70_G80/hounie_rcl/seed_3,tissuemnist,MobileNetV3,4,L70_G80,hounie_rcl,3,True,data/tissuemnist/slice_1,0.356,0.4805,0.4975,0.3995,0.8741,28.0,1,1,0.5511,16.5644
asym_tissue_aider,results/pending_runs/g2_asym_tissue_aider/tissuemnist/L70_G80/hounie_rcl/seed_1,tissuemnist,MobileNetV3,4,L70_G80,hounie_rcl,1,True,data/tissuemnist/slice_1,0.3738,0.4802,0.5058,0.3805,0.8363,17.0,1,47,0.4185,99.795
asym_tissue_aider,results/pending_runs/g2_asym_tissue_aider/tissuemnist/L70_G80/hounie_rcl/seed_2,tissuemnist,MobileNetV3,4,L70_G80,hounie_rcl,2,True,data/tissuemnist/slice_1,0.3915,0.4944,0.5033,0.3771,0.8367,9.0,1,50,0.4251,104.7044
asym_tissue_aider,results/pending_runs/g2_asym_tissue_aider/tissuemnist/L70_G80/tralo/seed_4,tissuemnist,MobileNetV3,4,L70_G80,tralo,4,True,data/tissuemnist/slice_1,0.3876,0.4918,0.5158,0.388,0.8473,20.0,1,51,0.4984,24.6027
asym_tissue_aider,results/pending_runs/g2_asym_tissue_aider/tissuemnist/L70_G80/tralo/seed_3,tissuemnist,MobileNetV3,4,L70_G80,tralo,3,True,data/tissuemnist/slice_1,0.355,0.4774,0.4925,0.4008,0.8732,7.0,1,51,0.334,24.7249
asym_tissue_aider,results/pending_runs/g2_asym_tissue_aider/tissuemnist/L70_G80/tralo/seed_1,tissuemnist,MobileNetV3,4,L70_G80,tralo,1,True,data/tissuemnist/slice_1,0.3764,0.4835,0.5079,0.3772,0.8384,7.0,1,61,0.4892,52.8517
asym_tissue_aider,results/pending_runs/g2_asym_tissue_aider/tissuemnist/L70_G80/tralo/seed_2,tissuemnist,MobileNetV3,4,L70_G80,tralo,2,True,data/tissuemnist/slice_1,0.3951,0.4988,0.515,0.3713,0.8239,5.0,1,60,0.4056,94.706
asym_tissue_aider,results/pending_runs/g2_asym_tissue_aider/tissuemnist/L70_G80/danits_lp/seed_4,tissuemnist,MobileNetV3,4,L70_G80,danits_lp,4,True,data/tissuemnist/slice_1,0.3488,0.4565,0.4838,0.4223,0.9133,1.0,1,-1,0.3199,0.6268
asym_tissue_aider,results/pending_runs/g2_asym_tissue_aider/tissuemnist/L70_G80/danits_lp/seed_3,tissuemnist,MobileNetV3,4,L70_G80,danits_lp,3,True,data/tissuemnist/slice_1,0.3415,0.4623,0.4679,0.4115,0.9128,4.0,0,-1,0.4553,0.5664
asym_tissue_aider,results/pending_runs/g2_asym_tissue_aider/tissuemnist/L70_G80/danits_lp/seed_1,tissuemnist,MobileNetV3,4,L70_G80,danits_lp,1,True,data/tissuemnist/slice_1,0.3533,0.4502,0.4875,0.405,0.8891,86.0,0,-1,0.4651,0.6283
asym_tissue_aider,results/pending_runs/g2_asym_tissue_aider/tissuemnist/L70_G80/danits_lp/seed_2,tissuemnist,MobileNetV3,4,L70_G80,danits_lp,2,True,data/tissuemnist/slice_1,0.3904,0.4699,0.4821,0.4032,0.8881,74.0,0,-1,0.4873,0.639
asym_tissue_aider,results/pending_runs/g2_asym_tissue_aider/tissuemnist/L70_G80/fioretto_ldf/seed_4,tissuemnist,MobileNetV3,4,L70_G80,fioretto_ldf,4,True,data/tissuemnist/slice_1,0.3771,0.4821,0.51,0.3945,0.8517,39.0,1,1,0.3681,15.9661
asym_tissue_aider,results/pending_runs/g2_asym_tissue_aider/tissuemnist/L70_G80/fioretto_ldf/seed_3,tissuemnist,MobileNetV3,4,L70_G80,fioretto_ldf,3,True,data/tissuemnist/slice_1,0.356,0.4805,0.4975,0.3995,0.8741,28.0,1,1,0.5019,16.5434
asym_tissue_aider,results/pending_runs/g2_asym_tissue_aider/tissuemnist/L70_G80/fioretto_ldf/seed_1,tissuemnist,MobileNetV3,4,L70_G80,fioretto_ldf,1,True,data/tissuemnist/slice_1,0.3763,0.4827,0.5088,0.3769,0.8356,14.0,1,12,0.4214,33.9011
asym_tissue_aider,results/pending_runs/g2_asym_tissue_aider/tissuemnist/L70_G80/fioretto_ldf/seed_2,tissuemnist,MobileNetV3,4,L70_G80,fioretto_ldf,2,True,data/tissuemnist/slice_1,0.3917,0.4941,0.5038,0.3771,0.8359,10.0,1,10,0.5263,32.09
asym_tissue_aider,results/pending_runs/g2_asym_tissue_aider/tissuemnist/L70_G80/tralo_bounded/seed_4,tissuemnist,MobileNetV3,4,L70_G80,tralo_bounded,4,True,data/tissuemnist/slice_1,0.3771,0.4821,0.51,0.3945,0.8517,39.0,1,51,0.5081,17.2207
asym_tissue_aider,results/pending_runs/g2_asym_tissue_aider/tissuemnist/L70_G80/tralo_bounded/seed_3,tissuemnist,MobileNetV3,4,L70_G80,tralo_bounded,3,True,data/tissuemnist/slice_1,0.356,0.4805,0.4975,0.3995,0.8741,28.0,1,51,0.4165,17.2026
asym_tissue_aider,results/pending_runs/g2_asym_tissue_aider/tissuemnist/L70_G80/tralo_bounded/seed_1,tissuemnist,MobileNetV3,4,L70_G80,tralo_bounded,1,True,data/tissuemnist/slice_1,0.3762,0.4827,0.5075,0.3751,0.8369,6.0,1,61,0.5288,36.7195
asym_tissue_aider,results/pending_runs/g2_asym_tissue_aider/tissuemnist/L70_G80/tralo_bounded/seed_2,tissuemnist,MobileNetV3,4,L70_G80,tralo_bounded,2,True,data/tissuemnist/slice_1,0.3955,0.4971,0.5067,0.3751,0.8358,5.0,1,60,0.2263,35.208
asym_tissue_aider,results/pending_runs/g2_asym_tissue_aider/tissuemnist/L70_G80/heuristic/seed_4,tissuemnist,MobileNetV3,4,L70_G80,heuristic,4,True,data/tissuemnist/slice_1,0.3538,0.4586,0.4846,0.4223,0.9133,40.0,1,-1,0.4787,0.5258
asym_tissue_aider,results/pending_runs/g2_asym_tissue_aider/tissuemnist/L70_G80/heuristic/seed_3,tissuemnist,MobileNetV3,4,L70_G80,heuristic,3,True,data/tissuemnist/slice_1,0.3431,0.4626,0.4683,0.4115,0.9128,11.0,0,-1,0.3064,0.5411
asym_tissue_aider,results/pending_runs/g2_asym_tissue_aider/tissuemnist/L70_G80/heuristic/seed_1,tissuemnist,MobileNetV3,4,L70_G80,heuristic,1,True,data/tissuemnist/slice_1,0.3537,0.4505,0.4879,0.405,0.8891,86.0,0,-1,0.3399,0.5231
asym_tissue_aider,results/pending_runs/g2_asym_tissue_aider/tissuemnist/L70_G80/heuristic/seed_2,tissuemnist,MobileNetV3,4,L70_G80,heuristic,2,True,data/tissuemnist/slice_1,0.3916,0.4708,0.4829,0.4032,0.8881,74.0,0,-1,0.5718,0.4914
asym_tissue_aider,results/pending_runs/g2_asym_tissue_aider/tissuemnist/L50_G80/hounie_rcl/seed_4,tissuemnist,MobileNetV3,4,L50_G80,hounie_rcl,4,True,data/tissuemnist/slice_1,0.3721,0.4779,0.5079,0.3952,0.8535,13.0,1,69,0.447,135.0114
asym_tissue_aider,results/pending_runs/g2_asym_tissue_aider/tissuemnist/L50_G80/hounie_rcl/seed_3,tissuemnist,MobileNetV3,4,L50_G80,hounie_rcl,3,True,data/tissuemnist/slice_1,0.3549,0.4814,0.5004,0.3972,0.8728,8.0,1,43,0.5007,92.4895
asym_tissue_aider,results/pending_runs/g2_asym_tissue_aider/tissuemnist/L50_G80/hounie_rcl/seed_1,tissuemnist,MobileNetV3,4,L50_G80,hounie_rcl,1,True,data/tissuemnist/slice_1,0.3676,0.4799,0.5075,0.3787,0.8394,13.0,1,53,0.5221,110.3803
asym_tissue_aider,results/pending_runs/g2_asym_tissue_aider/tissuemnist/L50_G80/hounie_rcl/seed_2,tissuemnist,MobileNetV3,4,L50_G80,hounie_rcl,2,True,data/tissuemnist/slice_1,0.3853,0.4936,0.5042,0.3791,0.8418,7.0,1,59,0.3105,119.9489
asym_tissue_aider,results/pending_runs/g2_asym_tissue_aider/tissuemnist/L50_G80/tralo/seed_4,tissuemnist,MobileNetV3,4,L50_G80,tralo,4,True,data/tissuemnist/slice_1,0.3721,0.4797,0.51,0.3978,0.8512,12.0,1,58,0.6174,48.2282
asym_tissue_aider,results/pending_runs/g2_asym_tissue_aider/tissuemnist/L50_G80/tralo/seed_3,tissuemnist,MobileNetV3,4,L50_G80,tralo,3,True,data/tissuemnist/slice_1,0.3592,0.4836,0.505,0.3933,0.8646,5.0,1,55,0.4916,42.4192
asym_tissue_aider,results/pending_runs/g2_asym_tissue_aider/tissuemnist/L50_G80/tralo/seed_1,tissuemnist,MobileNetV3,4,L50_G80,tralo,1,True,data/tissuemnist/slice_1,0.3673,0.4786,0.5025,0.3839,0.8417,3.0,1,64,0.5456,92.567
asym_tissue_aider,results/pending_runs/g2_asym_tissue_aider/tissuemnist/L50_G80/tralo/seed_2,tissuemnist,MobileNetV3,4,L50_G80,tralo,2,True,data/tissuemnist/slice_1,0.391,0.4963,0.5096,0.376,0.8381,3.0,1,64,0.4827,58.6131
asym_tissue_aider,results/pending_runs/g2_asym_tissue_aider/tissuemnist/L50_G80/danits_lp/seed_4,tissuemnist,MobileNetV3,4,L50_G80,danits_lp,4,True,data/tissuemnist/slice_1,0.3488,0.4565,0.4838,0.4223,0.9133,1.0,1,-1,0.0733,0.4362
asym_tissue_aider,results/pending_runs/g2_asym_tissue_aider/tissuemnist/L50_G80/danits_lp/seed_3,tissuemnist,MobileNetV3,4,L50_G80,danits_lp,3,True,data/tissuemnist/slice_1,0.3339,0.4586,0.4654,0.4115,0.9128,37.0,0,-1,0.4001,0.5874
asym_tissue_aider,results/pending_runs/g2_asym_tissue_aider/tissuemnist/L50_G80/danits_lp/seed_1,tissuemnist,MobileNetV3,4,L50_G80,danits_lp,1,True,data/tissuemnist/slice_1,0.3482,0.4483,0.4871,0.405,0.8891,120.0,0,-1,0.3235,0.5717
asym_tissue_aider,results/pending_runs/g2_asym_tissue_aider/tissuemnist/L50_G80/danits_lp/seed_2,tissuemnist,MobileNetV3,4,L50_G80,danits_lp,2,True,data/tissuemnist/slice_1,0.392,0.4721,0.4846,0.4032,0.8881,108.0,0,-1,0.4682,0.6261
asym_tissue_aider,results/pending_runs/g2_asym_tissue_aider/tissuemnist/L50_G80/fioretto_ldf/seed_4,tissuemnist,MobileNetV3,4,L50_G80,fioretto_ldf,4,True,data/tissuemnist/slice_1,0.3739,0.4794,0.5096,0.3939,0.8542,17.0,1,6,0.3319,24.9657
asym_tissue_aider,results/pending_runs/g2_asym_tissue_aider/tissuemnist/L50_G80/fioretto_ldf/seed_3,tissuemnist,MobileNetV3,4,L50_G80,fioretto_ldf,3,True,data/tissuemnist/slice_1,0.3529,0.4794,0.4979,0.3996,0.8755,15.0,1,6,0.3917,24.7354
asym_tissue_aider,results/pending_runs/g2_asym_tissue_aider/tissuemnist/L50_G80/fioretto_ldf/seed_1,tissuemnist,MobileNetV3,4,L50_G80,fioretto_ldf,1,True,data/tissuemnist/slice_1,0.366,0.4781,0.5054,0.38,0.8377,5.0,1,14,0.414,37.2974
asym_tissue_aider,results/pending_runs/g2_asym_tissue_aider/tissuemnist/L50_G80/fioretto_ldf/seed_2,tissuemnist,MobileNetV3,4,L50_G80,fioretto_ldf,2,True,data/tissuemnist/slice_1,0.3846,0.4941,0.505,0.3772,0.8403,7.0,1,14,0.3328,38.8089
asym_tissue_aider,results/pending_runs/g2_asym_tissue_aider/tissuemnist/L50_G80/tralo_bounded/seed_4,tissuemnist,MobileNetV3,4,L50_G80,tralo_bounded,4,True,data/tissuemnist/slice_1,0.3713,0.478,0.5079,0.3958,0.8529,16.0,1,56,0.4024,28.6251
asym_tissue_aider,results/pending_runs/g2_asym_tissue_aider/tissuemnist/L50_G80/tralo_bounded/seed_3,tissuemnist,MobileNetV3,4,L50_G80,tralo_bounded,3,True,data/tissuemnist/slice_1,0.3544,0.4797,0.4988,0.4002,0.876,9.0,1,55,0.265,24.9422
asym_tissue_aider,results/pending_runs/g2_asym_tissue_aider/tissuemnist/L50_G80/tralo_bounded/seed_1,tissuemnist,MobileNetV3,4,L50_G80,tralo_bounded,1,True,data/tissuemnist/slice_1,0.3673,0.4791,0.5058,0.3804,0.8403,8.0,1,64,0.3916,42.4618
asym_tissue_aider,results/pending_runs/g2_asym_tissue_aider/tissuemnist/L50_G80/tralo_bounded/seed_2,tissuemnist,MobileNetV3,4,L50_G80,tralo_bounded,2,True,data/tissuemnist/slice_1,0.3837,0.4927,0.5038,0.3807,0.844,8.0,1,64,0.4561,44.5277
asym_tissue_aider,results/pending_runs/g2_asym_tissue_aider/tissuemnist/L50_G80/heuristic/seed_4,tissuemnist,MobileNetV3,4,L50_G80,heuristic,4,True,data/tissuemnist/slice_1,0.3484,0.4568,0.4838,0.4223,0.9133,9.0,1,-1,0.4496,0.4805
asym_tissue_aider,results/pending_runs/g2_asym_tissue_aider/tissuemnist/L50_G80/heuristic/seed_3,tissuemnist,MobileNetV3,4,L50_G80,heuristic,3,True,data/tissuemnist/slice_1,0.3336,0.4586,0.4654,0.4115,0.9128,37.0,0,-1,0.4919,0.547
asym_tissue_aider,results/pending_runs/g2_asym_tissue_aider/tissuemnist/L50_G80/heuristic/seed_1,tissuemnist,MobileNetV3,4,L50_G80,heuristic,1,True,data/tissuemnist/slice_1,0.3483,0.4482,0.4871,0.405,0.8891,120.0,0,-1,0.4517,0.5668
asym_tissue_aider,results/pending_runs/g2_asym_tissue_aider/tissuemnist/L50_G80/heuristic/seed_2,tissuemnist,MobileNetV3,4,L50_G80,heuristic,2,True,data/tissuemnist/slice_1,0.3931,0.4727,0.485,0.4032,0.8881,108.0,0,-1,0.4194,0.5584
asym_tissue_aider,results/pending_runs/g2_asym_tissue_aider/tissuemnist/L80_G70/hounie_rcl/seed_4,tissuemnist,MobileNetV3,4,L80_G70,hounie_rcl,4,True,data/tissuemnist/slice_1,0.3721,0.4792,0.5083,0.3945,0.8517,0.0,1,1,0.475,16.5512
asym_tissue_aider,results/pending_runs/g2_asym_tissue_aider/tissuemnist/L80_G70/hounie_rcl/seed_3,tissuemnist,MobileNetV3,4,L80_G70,hounie_rcl,3,True,data/tissuemnist/slice_1,0.3536,0.4791,0.4971,0.3995,0.8741,0.0,1,1,0.4594,16.5408
asym_tissue_aider,results/pending_runs/g2_asym_tissue_aider/tissuemnist/L80_G70/hounie_rcl/seed_1,tissuemnist,MobileNetV3,4,L80_G70,hounie_rcl,1,True,data/tissuemnist/slice_1,0.3693,0.4791,0.5054,0.379,0.8362,0.0,1,48,0.4235,101.5006
asym_tissue_aider,results/pending_runs/g2_asym_tissue_aider/tissuemnist/L80_G70/hounie_rcl/seed_2,tissuemnist,MobileNetV3,4,L80_G70,hounie_rcl,2,True,data/tissuemnist/slice_1,0.3894,0.4922,0.5017,0.3778,0.8365,0.0,1,54,0.4902,111.2283
asym_tissue_aider,results/pending_runs/g2_asym_tissue_aider/tissuemnist/L80_G70/tralo/seed_4,tissuemnist,MobileNetV3,4,L80_G70,tralo,4,True,data/tissuemnist/slice_1,0.3722,0.4817,0.5075,0.3925,0.8493,0.0,1,51,0.3581,24.9547
asym_tissue_aider,results/pending_runs/g2_asym_tissue_aider/tissuemnist/L80_G70/tralo/seed_3,tissuemnist,MobileNetV3,4,L80_G70,tralo,3,True,data/tissuemnist/slice_1,0.3532,0.4779,0.4954,0.3998,0.8709,0.0,1,51,0.4606,25.006
asym_tissue_aider,results/pending_runs/g2_asym_tissue_aider/tissuemnist/L80_G70/tralo/seed_1,tissuemnist,MobileNetV3,4,L80_G70,tralo,1,True,data/tissuemnist/slice_1,0.3737,0.4813,0.51,0.3787,0.8384,0.0,1,61,0.5495,110.1022
asym_tissue_aider,results/pending_runs/g2_asym_tissue_aider/tissuemnist/L80_G70/tralo/seed_2,tissuemnist,MobileNetV3,4,L80_G70,tralo,2,True,data/tissuemnist/slice_1,0.4042,0.5028,0.5183,0.3672,0.8237,0.0,1,60,0.4278,135.823
asym_tissue_aider,results/pending_runs/g2_asym_tissue_aider/tissuemnist/L80_G70/danits_lp/seed_4,tissuemnist,MobileNetV3,4,L80_G70,danits_lp,4,True,data/tissuemnist/slice_1,0.3488,0.4565,0.4838,0.4223,0.9133,1.0,1,-1,0.4645,0.5855
asym_tissue_aider,results/pending_runs/g2_asym_tissue_aider/tissuemnist/L80_G70/danits_lp/seed_3,tissuemnist,MobileNetV3,4,L80_G70,danits_lp,3,True,data/tissuemnist/slice_1,0.3423,0.4628,0.4683,0.4115,0.9128,3.0,0,-1,0.475,0.5141
asym_tissue_aider,results/pending_runs/g2_asym_tissue_aider/tissuemnist/L80_G70/danits_lp/seed_1,tissuemnist,MobileNetV3,4,L80_G70,danits_lp,1,True,data/tissuemnist/slice_1,0.3527,0.4497,0.4871,0.405,0.8891,86.0,0,-1,0.4428,0.5675
asym_tissue_aider,results/pending_runs/g2_asym_tissue_aider/tissuemnist/L80_G70/danits_lp/seed_2,tissuemnist,MobileNetV3,4,L80_G70,danits_lp,2,True,data/tissuemnist/slice_1,0.3907,0.4704,0.4825,0.4032,0.8881,74.0,0,-1,0.4548,0.5721
asym_tissue_aider,results/pending_runs/g2_asym_tissue_aider/tissuemnist/L80_G70/fioretto_ldf/seed_4,tissuemnist,MobileNetV3,4,L80_G70,fioretto_ldf,4,True,data/tissuemnist/slice_1,0.3721,0.4792,0.5083,0.3945,0.8517,0.0,1,1,0.3951,16.4687
asym_tissue_aider,results/pending_runs/g2_asym_tissue_aider/tissuemnist/L80_G70/fioretto_ldf/seed_3,tissuemnist,MobileNetV3,4,L80_G70,fioretto_ldf,3,True,data/tissuemnist/slice_1,0.3536,0.4791,0.4971,0.3995,0.8741,0.0,1,1,0.6041,16.3254
asym_tissue_aider,results/pending_runs/g2_asym_tissue_aider/tissuemnist/L80_G70/fioretto_ldf/seed_1,tissuemnist,MobileNetV3,4,L80_G70,fioretto_ldf,1,True,data/tissuemnist/slice_1,0.3762,0.4827,0.5083,0.376,0.8352,0.0,1,11,0.4689,31.883
asym_tissue_aider,results/pending_runs/g2_asym_tissue_aider/tissuemnist/L80_G70/fioretto_ldf/seed_2,tissuemnist,MobileNetV3,4,L80_G70,fioretto_ldf,2,True,data/tissuemnist/slice_1,0.3923,0.4944,0.5033,0.3755,0.8356,0.0,1,10,0.4555,30.33
asym_tissue_aider,results/pending_runs/g2_asym_tissue_aider/tissuemnist/L80_G70/tralo_bounded/seed_4,tissuemnist,MobileNetV3,4,L80_G70,tralo_bounded,4,True,data/tissuemnist/slice_1,0.3721,0.4792,0.5083,0.3945,0.8517,0.0,1,51,0.4377,16.9071
asym_tissue_aider,results/pending_runs/g2_asym_tissue_aider/tissuemnist/L80_G70/tralo_bounded/seed_3,tissuemnist,MobileNetV3,4,L80_G70,tralo_bounded,3,True,data/tissuemnist/slice_1,0.3536,0.4791,0.4971,0.3995,0.8741,0.0,1,51,0.4631,16.731
asym_tissue_aider,results/pending_runs/g2_asym_tissue_aider/tissuemnist/L80_G70/tralo_bounded/seed_1,tissuemnist,MobileNetV3,4,L80_G70,tralo_bounded,1,True,data/tissuemnist/slice_1,0.3728,0.4802,0.5054,0.3796,0.8384,0.0,1,61,0.4412,36.8489
asym_tissue_aider,results/pending_runs/g2_asym_tissue_aider/tissuemnist/L80_G70/tralo_bounded/seed_2,tissuemnist,MobileNetV3,4,L80_G70,tralo_bounded,2,True,data/tissuemnist/slice_1,0.3928,0.4968,0.5067,0.3743,0.8357,0.0,1,60,0.3198,36.1125
asym_tissue_aider,results/pending_runs/g2_asym_tissue_aider/tissuemnist/L80_G70/heuristic/seed_4,tissuemnist,MobileNetV3,4,L80_G70,heuristic,4,True,data/tissuemnist/slice_1,0.3533,0.4582,0.4842,0.4223,0.9133,40.0,1,-1,0.4971,0.5302
asym_tissue_aider,results/pending_runs/g2_asym_tissue_aider/tissuemnist/L80_G70/heuristic/seed_3,tissuemnist,MobileNetV3,4,L80_G70,heuristic,3,True,data/tissuemnist/slice_1,0.3424,0.4627,0.4683,0.4115,0.9128,7.0,0,-1,0.4626,0.5204
asym_tissue_aider,results/pending_runs/g2_asym_tissue_aider/tissuemnist/L80_G70/heuristic/seed_1,tissuemnist,MobileNetV3,4,L80_G70,heuristic,1,True,data/tissuemnist/slice_1,0.353,0.45,0.4875,0.405,0.8891,86.0,0,-1,0.2932,0.5116
asym_tissue_aider,results/pending_runs/g2_asym_tissue_aider/tissuemnist/L80_G70/heuristic/seed_2,tissuemnist,MobileNetV3,4,L80_G70,heuristic,2,True,data/tissuemnist/slice_1,0.3916,0.4708,0.4829,0.4032,0.8881,74.0,0,-1,0.4606,0.5194
asym_tissue_aider,results/pending_runs/g2_asym_tissue_aider/tissuemnist/L80_G50/hounie_rcl/seed_4,tissuemnist,MobileNetV3,4,L80_G50,hounie_rcl,4,True,data/tissuemnist/slice_1,0.3717,0.478,0.5075,0.3956,0.852,0.0,1,1,0.5296,21.5592
asym_tissue_aider,results/pending_runs/g2_asym_tissue_aider/tissuemnist/L80_G50/hounie_rcl/seed_3,tissuemnist,MobileNetV3,4,L80_G50,hounie_rcl,3,True,data/tissuemnist/slice_1,0.3528,0.479,0.4979,0.3998,0.8721,0.0,1,37,0.4242,80.3293
asym_tissue_aider,results/pending_runs/g2_asym_tissue_aider/tissuemnist/L80_G50/hounie_rcl/seed_1,tissuemnist,MobileNetV3,4,L80_G50,hounie_rcl,1,True,data/tissuemnist/slice_1,0.3676,0.479,0.5067,0.3795,0.8388,0.0,1,58,0.4853,117.3855
asym_tissue_aider,results/pending_runs/g2_asym_tissue_aider/tissuemnist/L80_G50/hounie_rcl/seed_2,tissuemnist,MobileNetV3,4,L80_G50,hounie_rcl,2,True,data/tissuemnist/slice_1,0.385,0.4929,0.5033,0.3788,0.8412,0.0,1,72,0.4394,141.184
asym_tissue_aider,results/pending_runs/g2_asym_tissue_aider/tissuemnist/L80_G50/tralo/seed_4,tissuemnist,MobileNetV3,4,L80_G50,tralo,4,True,data/tissuemnist/slice_1,0.3719,0.4788,0.5071,0.3939,0.8497,0.0,1,51,0.4826,74.0835
asym_tissue_aider,results/pending_runs/g2_asym_tissue_aider/tissuemnist/L80_G50/tralo/seed_3,tissuemnist,MobileNetV3,4,L80_G50,tralo,3,True,data/tissuemnist/slice_1,0.3567,0.4816,0.5012,0.397,0.869,0.0,1,52,0.485,26.4981
asym_tissue_aider,results/pending_runs/g2_asym_tissue_aider/tissuemnist/L80_G50/tralo/seed_1,tissuemnist,MobileNetV3,4,L80_G50,tralo,1,True,data/tissuemnist/slice_1,0.3652,0.4759,0.5054,0.3854,0.8449,0.0,1,64,0.4862,97.2437
asym_tissue_aider,results/pending_runs/g2_asym_tissue_aider/tissuemnist/L80_G50/tralo/seed_2,tissuemnist,MobileNetV3,4,L80_G50,tralo,2,True,data/tissuemnist/slice_1,0.3805,0.4922,0.5046,0.3822,0.8465,0.0,1,64,0.1932,58.3885
asym_tissue_aider,results/pending_runs/g2_asym_tissue_aider/tissuemnist/L80_G50/danits_lp/seed_4,tissuemnist,MobileNetV3,4,L80_G50,danits_lp,4,True,data/tissuemnist/slice_1,0.3488,0.4565,0.4838,0.4223,0.9133,1.0,1,-1,0.4444,0.5516
asym_tissue_aider,results/pending_runs/g2_asym_tissue_aider/tissuemnist/L80_G50/danits_lp/seed_3,tissuemnist,MobileNetV3,4,L80_G50,danits_lp,3,True,data/tissuemnist/slice_1,0.3355,0.4596,0.4662,0.4115,0.9128,37.0,0,-1,0.4787,0.5933
asym_tissue_aider,results/pending_runs/g2_asym_tissue_aider/tissuemnist/L80_G50/danits_lp/seed_1,tissuemnist,MobileNetV3,4,L80_G50,danits_lp,1,True,data/tissuemnist/slice_1,0.3493,0.4489,0.4875,0.405,0.8891,120.0,0,-1,0.523,0.5985
asym_tissue_aider,results/pending_runs/g2_asym_tissue_aider/tissuemnist/L80_G50/danits_lp/seed_2,tissuemnist,MobileNetV3,4,L80_G50,danits_lp,2,True,data/tissuemnist/slice_1,0.3911,0.4712,0.4838,0.4032,0.8881,108.0,0,-1,0.4732,0.5751
asym_tissue_aider,results/pending_runs/g2_asym_tissue_aider/tissuemnist/L80_G50/fioretto_ldf/seed_4,tissuemnist,MobileNetV3,4,L80_G50,fioretto_ldf,4,True,data/tissuemnist/slice_1,0.3712,0.4781,0.5079,0.3946,0.852,0.0,1,1,0.5081,17.5712
asym_tissue_aider,results/pending_runs/g2_asym_tissue_aider/tissuemnist/L80_G50/fioretto_ldf/seed_3,tissuemnist,MobileNetV3,4,L80_G50,fioretto_ldf,3,True,data/tissuemnist/slice_1,0.3522,0.4791,0.4975,0.401,0.875,0.0,1,4,0.4679,17.7848
asym_tissue_aider,results/pending_runs/g2_asym_tissue_aider/tissuemnist/L80_G50/fioretto_ldf/seed_1,tissuemnist,MobileNetV3,4,L80_G50,fioretto_ldf,1,True,data/tissuemnist/slice_1,0.3694,0.4799,0.5075,0.3787,0.8378,0.0,1,14,0.5002,33.1391
asym_tissue_aider,results/pending_runs/g2_asym_tissue_aider/tissuemnist/L80_G50/fioretto_ldf/seed_2,tissuemnist,MobileNetV3,4,L80_G50,fioretto_ldf,2,True,data/tissuemnist/slice_1,0.3849,0.4942,0.5054,0.3772,0.8402,0.0,1,14,0.6179,33.8091
asym_tissue_aider,results/pending_runs/g2_asym_tissue_aider/tissuemnist/L80_G50/tralo_bounded/seed_4,tissuemnist,MobileNetV3,4,L80_G50,tralo_bounded,4,True,data/tissuemnist/slice_1,0.3757,0.4854,0.5121,0.388,0.8487,0.0,1,51,0.5966,20.7241
asym_tissue_aider,results/pending_runs/g2_asym_tissue_aider/tissuemnist/L80_G50/tralo_bounded/seed_3,tissuemnist,MobileNetV3,4,L80_G50,tralo_bounded,3,True,data/tissuemnist/slice_1,0.3532,0.4793,0.4983,0.4018,0.8755,0.0,1,52,0.3948,23.7549
asym_tissue_aider,results/pending_runs/g2_asym_tissue_aider/tissuemnist/L80_G50/tralo_bounded/seed_1,tissuemnist,MobileNetV3,4,L80_G50,tralo_bounded,1,True,data/tissuemnist/slice_1,0.3641,0.4771,0.5054,0.3823,0.8424,0.0,1,64,0.5677,41.0649
asym_tissue_aider,results/pending_runs/g2_asym_tissue_aider/tissuemnist/L80_G50/tralo_bounded/seed_2,tissuemnist,MobileNetV3,4,L80_G50,tralo_bounded,2,True,data/tissuemnist/slice_1,0.3809,0.4921,0.5021,0.3838,0.8466,0.0,1,64,0.5839,42.2003
asym_tissue_aider,results/pending_runs/g2_asym_tissue_aider/tissuemnist/L80_G50/heuristic/seed_4,tissuemnist,MobileNetV3,4,L80_G50,heuristic,4,True,data/tissuemnist/slice_1,0.3494,0.4572,0.4842,0.4223,0.9133,9.0,1,-1,0.5485,0.4441
asym_tissue_aider,results/pending_runs/g2_asym_tissue_aider/tissuemnist/L80_G50/heuristic/seed_3,tissuemnist,MobileNetV3,4,L80_G50,heuristic,3,True,data/tissuemnist/slice_1,0.3336,0.4586,0.4654,0.4115,0.9128,37.0,0,-1,0.5609,0.4764
asym_tissue_aider,results/pending_runs/g2_asym_tissue_aider/tissuemnist/L80_G50/heuristic/seed_1,tissuemnist,MobileNetV3,4,L80_G50,heuristic,1,True,data/tissuemnist/slice_1,0.3489,0.4486,0.4871,0.405,0.8891,120.0,0,-1,0.5606,0.4504
asym_tissue_aider,results/pending_runs/g2_asym_tissue_aider/tissuemnist/L80_G50/heuristic/seed_2,tissuemnist,MobileNetV3,4,L80_G50,heuristic,2,True,data/tissuemnist/slice_1,0.3906,0.4708,0.4833,0.4032,0.8881,108.0,0,-1,0.5758,0.482
asym_tissue_aider,results/pending_runs/g2_asym_tissue_aider/tissuemnist/L50_G70/hounie_rcl/seed_4,tissuemnist,MobileNetV3,4,L50_G70,hounie_rcl,4,True,data/tissuemnist/slice_1,0.3721,0.4779,0.5079,0.3952,0.8535,13.0,1,69,0.4429,115.5109
asym_tissue_aider,results/pending_runs/g2_asym_tissue_aider/tissuemnist/L50_G70/hounie_rcl/seed_3,tissuemnist,MobileNetV3,4,L50_G70,hounie_rcl,3,True,data/tissuemnist/slice_1,0.3549,0.4814,0.5004,0.3972,0.8728,8.0,1,43,0.5901,80.2425
asym_tissue_aider,results/pending_runs/g2_asym_tissue_aider/tissuemnist/L50_G70/hounie_rcl/seed_1,tissuemnist,MobileNetV3,4,L50_G70,hounie_rcl,1,True,data/tissuemnist/slice_1,0.3674,0.4796,0.5071,0.3792,0.8393,13.0,1,51,0.5436,90.7378
asym_tissue_aider,results/pending_runs/g2_asym_tissue_aider/tissuemnist/L50_G70/hounie_rcl/seed_2,tissuemnist,MobileNetV3,4,L50_G70,hounie_rcl,2,True,data/tissuemnist/slice_1,0.3855,0.4939,0.5046,0.3787,0.8419,7.0,1,56,0.5471,96.823
asym_tissue_aider,results/pending_runs/g2_asym_tissue_aider/tissuemnist/L50_G70/tralo/seed_4,tissuemnist,MobileNetV3,4,L50_G70,tralo,4,True,data/tissuemnist/slice_1,0.3735,0.4781,0.51,0.3995,0.8506,11.0,1,57,0.4618,43.4345
asym_tissue_aider,results/pending_runs/g2_asym_tissue_aider/tissuemnist/L50_G70/tralo/seed_3,tissuemnist,MobileNetV3,4,L50_G70,tralo,3,True,data/tissuemnist/slice_1,0.3614,0.4841,0.5058,0.3938,0.8623,4.0,1,56,0.5266,40.0142
asym_tissue_aider,results/pending_runs/g2_asym_tissue_aider/tissuemnist/L50_G70/tralo/seed_1,tissuemnist,MobileNetV3,4,L50_G70,tralo,1,True,data/tissuemnist/slice_1,0.374,0.4815,0.5067,0.3808,0.8454,0.0,1,64,0.5286,90.2113
asym_tissue_aider,results/pending_runs/g2_asym_tissue_aider/tissuemnist/L50_G70/tralo/seed_2,tissuemnist,MobileNetV3,4,L50_G70,tralo,2,True,data/tissuemnist/slice_1,0.3914,0.4967,0.5104,0.3758,0.8347,6.0,1,64,0.5508,56.7885
asym_tissue_aider,results/pending_runs/g2_asym_tissue_aider/tissuemnist/L50_G70/danits_lp/seed_4,tissuemnist,MobileNetV3,4,L50_G70,danits_lp,4,True,data/tissuemnist/slice_1,0.3488,0.4565,0.4838,0.4223,0.9133,1.0,1,-1,0.5133,0.5118
asym_tissue_aider,results/pending_runs/g2_asym_tissue_aider/tissuemnist/L50_G70/danits_lp/seed_3,tissuemnist,MobileNetV3,4,L50_G70,danits_lp,3,True,data/tissuemnist/slice_1,0.3339,0.4586,0.4654,0.4115,0.9128,37.0,0,-1,0.5683,0.5018
asym_tissue_aider,results/pending_runs/g2_asym_tissue_aider/tissuemnist/L50_G70/danits_lp/seed_1,tissuemnist,MobileNetV3,4,L50_G70,danits_lp,1,True,data/tissuemnist/slice_1,0.3482,0.4483,0.4871,0.405,0.8891,120.0,0,-1,0.5076,0.5389
asym_tissue_aider,results/pending_runs/g2_asym_tissue_aider/tissuemnist/L50_G70/danits_lp/seed_2,tissuemnist,MobileNetV3,4,L50_G70,danits_lp,2,True,data/tissuemnist/slice_1,0.392,0.4721,0.4846,0.4032,0.8881,108.0,0,-1,0.5093,0.5326
asym_tissue_aider,results/pending_runs/g2_asym_tissue_aider/tissuemnist/L50_G70/fioretto_ldf/seed_4,tissuemnist,MobileNetV3,4,L50_G70,fioretto_ldf,4,True,data/tissuemnist/slice_1,0.3739,0.4794,0.5096,0.3939,0.8542,17.0,1,6,0.4853,22.6432
asym_tissue_aider,results/pending_runs/g2_asym_tissue_aider/tissuemnist/L50_G70/fioretto_ldf/seed_3,tissuemnist,MobileNetV3,4,L50_G70,fioretto_ldf,3,True,data/tissuemnist/slice_1,0.3529,0.4794,0.4979,0.3996,0.8755,15.0,1,6,0.5387,22.3099
asym_tissue_aider,results/pending_runs/g2_asym_tissue_aider/tissuemnist/L50_G70/fioretto_ldf/seed_1,tissuemnist,MobileNetV3,4,L50_G70,fioretto_ldf,1,True,data/tissuemnist/slice_1,0.3678,0.4804,0.5079,0.3779,0.8376,5.0,1,14,0.5368,32.9735
asym_tissue_aider,results/pending_runs/g2_asym_tissue_aider/tissuemnist/L50_G70/fioretto_ldf/seed_2,tissuemnist,MobileNetV3,4,L50_G70,fioretto_ldf,2,True,data/tissuemnist/slice_1,0.3867,0.4949,0.5058,0.378,0.84,6.0,1,14,0.6191,32.7428
asym_tissue_aider,results/pending_runs/g2_asym_tissue_aider/tissuemnist/L50_G70/tralo_bounded/seed_4,tissuemnist,MobileNetV3,4,L50_G70,tralo_bounded,4,True,data/tissuemnist/slice_1,0.3713,0.478,0.5079,0.3958,0.8529,16.0,1,56,0.3594,27.254
asym_tissue_aider,results/pending_runs/g2_asym_tissue_aider/tissuemnist/L50_G70/tralo_bounded/seed_3,tissuemnist,MobileNetV3,4,L50_G70,tralo_bounded,3,True,data/tissuemnist/slice_1,0.3544,0.4797,0.4988,0.4002,0.876,9.0,1,55,0.5662,24.1296
asym_tissue_aider,results/pending_runs/g2_asym_tissue_aider/tissuemnist/L50_G70/tralo_bounded/seed_1,tissuemnist,MobileNetV3,4,L50_G70,tralo_bounded,1,True,data/tissuemnist/slice_1,0.365,0.4771,0.5033,0.3814,0.838,8.0,1,64,0.5121,41.1591
asym_tissue_aider,results/pending_runs/g2_asym_tissue_aider/tissuemnist/L50_G70/tralo_bounded/seed_2,tissuemnist,MobileNetV3,4,L50_G70,tralo_bounded,2,True,data/tissuemnist/slice_1,0.3866,0.4933,0.5042,0.3804,0.8415,4.0,1,64,0.6094,43.1668
asym_tissue_aider,results/pending_runs/g2_asym_tissue_aider/tissuemnist/L50_G70/heuristic/seed_4,tissuemnist,MobileNetV3,4,L50_G70,heuristic,4,True,data/tissuemnist/slice_1,0.3484,0.4568,0.4838,0.4223,0.9133,9.0,1,-1,0.5866,0.4878
asym_tissue_aider,results/pending_runs/g2_asym_tissue_aider/tissuemnist/L50_G70/heuristic/seed_3,tissuemnist,MobileNetV3,4,L50_G70,heuristic,3,True,data/tissuemnist/slice_1,0.3336,0.4586,0.4654,0.4115,0.9128,37.0,0,-1,0.5475,0.4582
asym_tissue_aider,results/pending_runs/g2_asym_tissue_aider/tissuemnist/L50_G70/heuristic/seed_1,tissuemnist,MobileNetV3,4,L50_G70,heuristic,1,True,data/tissuemnist/slice_1,0.3483,0.4482,0.4871,0.405,0.8891,120.0,0,-1,0.5977,0.4699
asym_tissue_aider,results/pending_runs/g2_asym_tissue_aider/tissuemnist/L50_G70/heuristic/seed_2,tissuemnist,MobileNetV3,4,L50_G70,heuristic,2,True,data/tissuemnist/slice_1,0.3931,0.4727,0.485,0.4032,0.8881,108.0,0,-1,0.5738,0.4642
asym_tissue_aider,results/pending_runs/g2_asym_tissue_aider/tissuemnist/L20_G70/hounie_rcl/seed_4,tissuemnist,MobileNetV3,4,L20_G70,hounie_rcl,4,True,data/tissuemnist/slice_1,0.3606,0.4709,0.51,0.4017,0.8706,8.0,1,120,0.5394,191.8037
asym_tissue_aider,results/pending_runs/g2_asym_tissue_aider/tissuemnist/L20_G70/hounie_rcl/seed_3,tissuemnist,MobileNetV3,4,L20_G70,hounie_rcl,3,True,data/tissuemnist/slice_1,0.3447,0.4729,0.4988,0.406,0.8863,6.0,1,70,0.0654,119.3145
asym_tissue_aider,results/pending_runs/g2_asym_tissue_aider/tissuemnist/L20_G70/hounie_rcl/seed_1,tissuemnist,MobileNetV3,4,L20_G70,hounie_rcl,1,True,data/tissuemnist/slice_1,0.3526,0.4733,0.5079,0.3873,0.8522,14.0,1,79,0.5156,135.5062
asym_tissue_aider,results/pending_runs/g2_asym_tissue_aider/tissuemnist/L20_G70/hounie_rcl/seed_2,tissuemnist,MobileNetV3,4,L20_G70,hounie_rcl,2,True,data/tissuemnist/slice_1,0.3566,0.4791,0.4975,0.3896,0.8618,2.0,1,95,0.5709,161.4752
asym_tissue_aider,results/pending_runs/g2_asym_tissue_aider/tissuemnist/L20_G70/tralo/seed_4,tissuemnist,MobileNetV3,4,L20_G70,tralo,4,True,data/tissuemnist/slice_1,0.3522,0.4638,0.5029,0.4178,0.8932,7.0,1,71,0.5241,89.8798
asym_tissue_aider,results/pending_runs/g2_asym_tissue_aider/tissuemnist/L20_G70/tralo/seed_3,tissuemnist,MobileNetV3,4,L20_G70,tralo,3,True,data/tissuemnist/slice_1,0.3395,0.4695,0.4954,0.4114,0.886,11.0,1,64,0.5559,46.4375
asym_tissue_aider,results/pending_runs/g2_asym_tissue_aider/tissuemnist/L20_G70/tralo/seed_1,tissuemnist,MobileNetV3,4,L20_G70,tralo,1,True,data/tissuemnist/slice_1,0.3506,0.472,0.5067,0.3884,0.8509,12.0,1,70,0.0985,50.4469
asym_tissue_aider,results/pending_runs/g2_asym_tissue_aider/tissuemnist/L20_G70/tralo/seed_2,tissuemnist,MobileNetV3,4,L20_G70,tralo,2,True,data/tissuemnist/slice_1,0.3594,0.4819,0.4925,0.3954,0.8721,3.0,1,74,0.095,80.4595
asym_tissue_aider,results/pending_runs/g2_asym_tissue_aider/tissuemnist/L20_G70/danits_lp/seed_4,tissuemnist,MobileNetV3,4,L20_G70,danits_lp,4,True,data/tissuemnist/slice_1,0.3272,0.4443,0.4758,0.4223,0.9133,47.0,0,-1,0.2908,0.6003
asym_tissue_aider,results/pending_runs/g2_asym_tissue_aider/tissuemnist/L20_G70/danits_lp/seed_3,tissuemnist,MobileNetV3,4,L20_G70,danits_lp,3,True,data/tissuemnist/slice_1,0.3221,0.4526,0.4637,0.4115,0.9128,89.0,0,-1,0.5344,0.5999
asym_tissue_aider,results/pending_runs/g2_asym_tissue_aider/tissuemnist/L20_G70/danits_lp/seed_1,tissuemnist,MobileNetV3,4,L20_G70,danits_lp,1,True,data/tissuemnist/slice_1,0.3346,0.4406,0.4838,0.405,0.8891,172.0,0,-1,0.5353,0.5909
asym_tissue_aider,results/pending_runs/g2_asym_tissue_aider/tissuemnist/L20_G70/danits_lp/seed_2,tissuemnist,MobileNetV3,4,L20_G70,danits_lp,2,True,data/tissuemnist/slice_1,0.3691,0.4599,0.4771,0.4032,0.8881,160.0,0,-1,0.5906,0.5853
asym_tissue_aider,results/pending_runs/g2_asym_tissue_aider/tissuemnist/L20_G70/fioretto_ldf/seed_4,tissuemnist,MobileNetV3,4,L20_G70,fioretto_ldf,4,True,data/tissuemnist/slice_1,0.3619,0.4707,0.51,0.4014,0.869,9.0,1,20,0.4884,43.0268
asym_tissue_aider,results/pending_runs/g2_asym_tissue_aider/tissuemnist/L20_G70/fioretto_ldf/seed_3,tissuemnist,MobileNetV3,4,L20_G70,fioretto_ldf,3,True,data/tissuemnist/slice_1,0.3429,0.471,0.4967,0.4082,0.888,9.0,1,14,0.534,36.4627
asym_tissue_aider,results/pending_runs/g2_asym_tissue_aider/tissuemnist/L20_G70/fioretto_ldf/seed_1,tissuemnist,MobileNetV3,4,L20_G70,fioretto_ldf,1,True,data/tissuemnist/slice_1,0.3514,0.4721,0.5067,0.388,0.8493,9.0,1,20,0.1461,39.8405
asym_tissue_aider,results/pending_runs/g2_asym_tissue_aider/tissuemnist/L20_G70/fioretto_ldf/seed_2,tissuemnist,MobileNetV3,4,L20_G70,fioretto_ldf,2,True,data/tissuemnist/slice_1,0.3584,0.4793,0.4988,0.3889,0.8579,4.0,1,24,0.2751,45.1319
asym_tissue_aider,results/pending_runs/g2_asym_tissue_aider/tissuemnist/L20_G70/tralo_bounded/seed_4,tissuemnist,MobileNetV3,4,L20_G70,tralo_bounded,4,True,data/tissuemnist/slice_1,0.3555,0.4679,0.5075,0.4043,0.8699,8.0,1,70,0.66,52.6628
asym_tissue_aider,results/pending_runs/g2_asym_tissue_aider/tissuemnist/L20_G70/tralo_bounded/seed_3,tissuemnist,MobileNetV3,4,L20_G70,tralo_bounded,3,True,data/tissuemnist/slice_1,0.3422,0.4708,0.4967,0.4086,0.8864,9.0,1,64,0.5876,42.8198
asym_tissue_aider,results/pending_runs/g2_asym_tissue_aider/tissuemnist/L20_G70/tralo_bounded/seed_1,tissuemnist,MobileNetV3,4,L20_G70,tralo_bounded,1,True,data/tissuemnist/slice_1,0.3514,0.4731,0.5071,0.3881,0.85,11.0,1,70,0.5627,52.8396
asym_tissue_aider,results/pending_runs/g2_asym_tissue_aider/tissuemnist/L20_G70/tralo_bounded/seed_2,tissuemnist,MobileNetV3,4,L20_G70,tralo_bounded,2,True,data/tissuemnist/slice_1,0.3588,0.4818,0.5029,0.3866,0.8569,6.0,1,74,0.5247,61.9097
asym_tissue_aider,results/pending_runs/g2_asym_tissue_aider/tissuemnist/L20_G70/heuristic/seed_4,tissuemnist,MobileNetV3,4,L20_G70,heuristic,4,True,data/tissuemnist/slice_1,0.3272,0.4443,0.4758,0.4223,0.9133,47.0,0,-1,0.6061,0.516
asym_tissue_aider,results/pending_runs/g2_asym_tissue_aider/tissuemnist/L20_G70/heuristic/seed_3,tissuemnist,MobileNetV3,4,L20_G70,heuristic,3,True,data/tissuemnist/slice_1,0.3233,0.4533,0.4642,0.4115,0.9128,89.0,0,-1,0.6155,0.4551
asym_tissue_aider,results/pending_runs/g2_asym_tissue_aider/tissuemnist/L20_G70/heuristic/seed_1,tissuemnist,MobileNetV3,4,L20_G70,heuristic,1,True,data/tissuemnist/slice_1,0.3346,0.4406,0.4838,0.405,0.8891,172.0,0,-1,0.6413,0.5125
asym_tissue_aider,results/pending_runs/g2_asym_tissue_aider/tissuemnist/L20_G70/heuristic/seed_2,tissuemnist,MobileNetV3,4,L20_G70,heuristic,2,True,data/tissuemnist/slice_1,0.3691,0.4599,0.4771,0.4032,0.8881,160.0,0,-1,0.554,0.5349
asym_tissue_aider,results/pending_runs/g2_asym_tissue_aider/tissuemnist/L70_G20/hounie_rcl/seed_4,tissuemnist,MobileNetV3,4,L70_G20,hounie_rcl,4,True,data/tissuemnist/slice_1,0.3576,0.4691,0.5075,0.4015,0.8657,0.0,1,127,0.6283,191.4873
asym_tissue_aider,results/pending_runs/g2_asym_tissue_aider/tissuemnist/L70_G20/hounie_rcl/seed_3,tissuemnist,MobileNetV3,4,L70_G20,hounie_rcl,3,True,data/tissuemnist/slice_1,0.342,0.4718,0.4979,0.4063,0.8841,0.0,1,86,0.2174,140.5568
asym_tissue_aider,results/pending_runs/g2_asym_tissue_aider/tissuemnist/L70_G20/hounie_rcl/seed_1,tissuemnist,MobileNetV3,4,L70_G20,hounie_rcl,1,True,data/tissuemnist/slice_1,0.3516,0.4733,0.5071,0.3843,0.848,0.0,1,84,0.4587,137.5906
asym_tissue_aider,results/pending_runs/g2_asym_tissue_aider/tissuemnist/L70_G20/hounie_rcl/seed_2,tissuemnist,MobileNetV3,4,L70_G20,hounie_rcl,2,True,data/tissuemnist/slice_1,0.3556,0.4788,0.4971,0.3887,0.8617,0.0,1,132,0.1731,218.1684
asym_tissue_aider,results/pending_runs/g2_asym_tissue_aider/tissuemnist/L70_G20/tralo/seed_4,tissuemnist,MobileNetV3,4,L70_G20,tralo,4,True,data/tissuemnist/slice_1,0.3567,0.4675,0.5083,0.4012,0.8662,0.0,1,66,0.2999,55.0818
asym_tissue_aider,results/pending_runs/g2_asym_tissue_aider/tissuemnist/L70_G20/tralo/seed_3,tissuemnist,MobileNetV3,4,L70_G20,tralo,3,True,data/tissuemnist/slice_1,0.3381,0.4689,0.495,0.4081,0.8878,0.0,1,63,1.3409,85.803
asym_tissue_aider,results/pending_runs/g2_asym_tissue_aider/tissuemnist/L70_G20/tralo/seed_1,tissuemnist,MobileNetV3,4,L70_G20,tralo,1,True,data/tissuemnist/slice_1,0.3537,0.4742,0.5054,0.3847,0.8478,0.0,1,69,1.1366,121.1163
asym_tissue_aider,results/pending_runs/g2_asym_tissue_aider/tissuemnist/L70_G20/tralo/seed_2,tissuemnist,MobileNetV3,4,L70_G20,tralo,2,True,data/tissuemnist/slice_1,0.3612,0.4831,0.4988,0.3851,0.8621,0.0,1,75,1.5448,145.568
asym_tissue_aider,results/pending_runs/g2_asym_tissue_aider/tissuemnist/L70_G20/danits_lp/seed_4,tissuemnist,MobileNetV3,4,L70_G20,danits_lp,4,True,data/tissuemnist/slice_1,0.3302,0.4459,0.4771,0.4223,0.9133,47.0,0,-1,1.4358,0.8646
asym_tissue_aider,results/pending_runs/g2_asym_tissue_aider/tissuemnist/L70_G20/danits_lp/seed_3,tissuemnist,MobileNetV3,4,L70_G20,danits_lp,3,True,data/tissuemnist/slice_1,0.3221,0.4526,0.4637,0.4115,0.9128,89.0,0,-1,1.5216,0.794
asym_tissue_aider,results/pending_runs/g2_asym_tissue_aider/tissuemnist/L70_G20/danits_lp/seed_1,tissuemnist,MobileNetV3,4,L70_G20,danits_lp,1,True,data/tissuemnist/slice_1,0.3315,0.4389,0.4825,0.405,0.8891,172.0,0,-1,1.3453,0.8158
asym_tissue_aider,results/pending_runs/g2_asym_tissue_aider/tissuemnist/L70_G20/danits_lp/seed_2,tissuemnist,MobileNetV3,4,L70_G20,danits_lp,2,True,data/tissuemnist/slice_1,0.3689,0.46,0.4771,0.4032,0.8881,160.0,0,-1,1.5445,0.8817
asym_tissue_aider,results/pending_runs/g2_asym_tissue_aider/tissuemnist/L70_G20/fioretto_ldf/seed_4,tissuemnist,MobileNetV3,4,L70_G20,fioretto_ldf,4,True,data/tissuemnist/slice_1,0.3539,0.4661,0.5054,0.4039,0.8663,0.0,1,17,1.4404,64.8106
asym_tissue_aider,results/pending_runs/g2_asym_tissue_aider/tissuemnist/L70_G20/fioretto_ldf/seed_3,tissuemnist,MobileNetV3,4,L70_G20,fioretto_ldf,3,True,data/tissuemnist/slice_1,0.3426,0.4719,0.4988,0.4061,0.8862,0.0,1,14,1.2995,54.2771
asym_tissue_aider,results/pending_runs/g2_asym_tissue_aider/tissuemnist/L70_G20/fioretto_ldf/seed_1,tissuemnist,MobileNetV3,4,L70_G20,fioretto_ldf,1,True,data/tissuemnist/slice_1,0.3443,0.4676,0.5042,0.3884,0.8492,0.0,1,19,1.3584,54.1437
asym_tissue_aider,results/pending_runs/g2_asym_tissue_aider/tissuemnist/L70_G20/fioretto_ldf/seed_2,tissuemnist,MobileNetV3,4,L70_G20,fioretto_ldf,2,True,data/tissuemnist/slice_1,0.354,0.4769,0.4975,0.3892,0.8579,0.0,1,24,0.3855,55.5463
asym_tissue_aider,results/pending_runs/g2_asym_tissue_aider/tissuemnist/L70_G20/tralo_bounded/seed_4,tissuemnist,MobileNetV3,4,L70_G20,tralo_bounded,4,True,data/tissuemnist/slice_1,0.3543,0.4672,0.5075,0.4012,0.8672,0.0,1,67,1.4068,95.0363
asym_tissue_aider,results/pending_runs/g2_asym_tissue_aider/tissuemnist/L70_G20/tralo_bounded/seed_3,tissuemnist,MobileNetV3,4,L70_G20,tralo_bounded,3,True,data/tissuemnist/slice_1,0.336,0.4666,0.4942,0.4106,0.8853,0.0,1,63,1.7997,77.2885
asym_tissue_aider,results/pending_runs/g2_asym_tissue_aider/tissuemnist/L70_G20/tralo_bounded/seed_1,tissuemnist,MobileNetV3,4,L70_G20,tralo_bounded,1,True,data/tissuemnist/slice_1,0.3472,0.4694,0.5042,0.3878,0.849,0.0,1,69,1.077,86.2598
asym_tissue_aider,results/pending_runs/g2_asym_tissue_aider/tissuemnist/L70_G20/tralo_bounded/seed_2,tissuemnist,MobileNetV3,4,L70_G20,tralo_bounded,2,True,data/tissuemnist/slice_1,0.3551,0.4795,0.5,0.3879,0.8587,0.0,1,75,1.5515,121.5078
asym_tissue_aider,results/pending_runs/g2_asym_tissue_aider/tissuemnist/L70_G20/heuristic/seed_4,tissuemnist,MobileNetV3,4,L70_G20,heuristic,4,True,data/tissuemnist/slice_1,0.3302,0.4459,0.4771,0.4223,0.9133,47.0,0,-1,1.5351,0.7383
asym_tissue_aider,results/pending_runs/g2_asym_tissue_aider/tissuemnist/L70_G20/heuristic/seed_3,tissuemnist,MobileNetV3,4,L70_G20,heuristic,3,True,data/tissuemnist/slice_1,0.3233,0.4533,0.4642,0.4115,0.9128,89.0,0,-1,1.6691,0.7553
asym_tissue_aider,results/pending_runs/g2_asym_tissue_aider/tissuemnist/L70_G20/heuristic/seed_1,tissuemnist,MobileNetV3,4,L70_G20,heuristic,1,True,data/tissuemnist/slice_1,0.3315,0.4389,0.4825,0.405,0.8891,172.0,0,-1,1.2955,0.7319
asym_tissue_aider,results/pending_runs/g2_asym_tissue_aider/tissuemnist/L70_G20/heuristic/seed_2,tissuemnist,MobileNetV3,4,L70_G20,heuristic,2,True,data/tissuemnist/slice_1,0.3689,0.46,0.4771,0.4032,0.8881,160.0,0,-1,1.3716,0.6584
asym_tissue_aider,results/pending_runs/g2_asym_tissue_aider/tissuemnist/L50_G30/hounie_rcl/seed_4,tissuemnist,MobileNetV3,4,L50_G30,hounie_rcl,4,True,data/tissuemnist/slice_1,0.365,0.4743,0.5092,0.3981,0.8598,0.0,1,94,1.3993,234.9111
asym_tissue_aider,results/pending_runs/g2_asym_tissue_aider/tissuemnist/L50_G30/hounie_rcl/seed_3,tissuemnist,MobileNetV3,4,L50_G30,hounie_rcl,3,True,data/tissuemnist/slice_1,0.3469,0.4751,0.4979,0.4046,0.8798,0.0,1,72,0.4853,177.235
asym_tissue_aider,results/pending_runs/g2_asym_tissue_aider/tissuemnist/L50_G30/hounie_rcl/seed_1,tissuemnist,MobileNetV3,4,L50_G30,hounie_rcl,1,True,data/tissuemnist/slice_1,0.3568,0.4751,0.5062,0.3837,0.8448,0.0,1,61,1.3748,188.7715
asym_tissue_aider,results/pending_runs/g2_asym_tissue_aider/tissuemnist/L50_G30/hounie_rcl/seed_2,tissuemnist,MobileNetV3,4,L50_G30,hounie_rcl,2,True,data/tissuemnist/slice_1,0.3727,0.4891,0.5042,0.3814,0.8536,0.0,1,76,1.0493,236.9867
asym_tissue_aider,results/pending_runs/g2_asym_tissue_aider/tissuemnist/L50_G30/tralo/seed_4,tissuemnist,MobileNetV3,4,L50_G30,tralo,4,True,data/tissuemnist/slice_1,0.3659,0.477,0.51,0.3974,0.8592,0.0,1,62,1.3112,64.3616
asym_tissue_aider,results/pending_runs/g2_asym_tissue_aider/tissuemnist/L50_G30/tralo/seed_3,tissuemnist,MobileNetV3,4,L50_G30,tralo,3,True,data/tissuemnist/slice_1,0.3441,0.4733,0.4958,0.4045,0.8851,0.0,1,61,0.7399,54.7917
asym_tissue_aider,results/pending_runs/g2_asym_tissue_aider/tissuemnist/L50_G30/tralo/seed_1,tissuemnist,MobileNetV3,4,L50_G30,tralo,1,True,data/tissuemnist/slice_1,0.3628,0.478,0.5104,0.3829,0.8429,0.0,1,67,0.5537,718.2995
asym_tissue_aider,results/pending_runs/g2_asym_tissue_aider/tissuemnist/L50_G30/tralo/seed_2,tissuemnist,MobileNetV3,4,L50_G30,tralo,2,True,data/tissuemnist/slice_1,0.3712,0.488,0.5017,0.386,0.8582,0.0,1,70,0.6192,59.7854
asym_tissue_aider,results/pending_runs/g2_asym_tissue_aider/tissuemnist/L50_G30/danits_lp/seed_4,tissuemnist,MobileNetV3,4,L50_G30,danits_lp,4,True,data/tissuemnist/slice_1,0.3378,0.4504,0.4796,0.4223,0.9133,30.0,0,-1,0.3979,0.6152
asym_tissue_aider,results/pending_runs/g2_asym_tissue_aider/tissuemnist/L50_G30/danits_lp/seed_3,tissuemnist,MobileNetV3,4,L50_G30,danits_lp,3,True,data/tissuemnist/slice_1,0.3279,0.4558,0.465,0.4115,0.9128,72.0,0,-1,0.6665,0.6603
asym_tissue_aider,results/pending_runs/g2_asym_tissue_aider/tissuemnist/L50_G30/danits_lp/seed_1,tissuemnist,MobileNetV3,4,L50_G30,danits_lp,1,True,data/tissuemnist/slice_1,0.3383,0.4426,0.4842,0.405,0.8891,155.0,0,-1,0.2532,0.6156
asym_tissue_aider,results/pending_runs/g2_asym_tissue_aider/tissuemnist/L50_G30/danits_lp/seed_2,tissuemnist,MobileNetV3,4,L50_G30,danits_lp,2,True,data/tissuemnist/slice_1,0.3773,0.4643,0.4792,0.4032,0.8881,143.0,0,-1,0.5275,0.6021
asym_tissue_aider,results/pending_runs/g2_asym_tissue_aider/tissuemnist/L50_G30/fioretto_ldf/seed_4,tissuemnist,MobileNetV3,4,L50_G30,fioretto_ldf,4,True,data/tissuemnist/slice_1,0.3609,0.471,0.5067,0.4012,0.8609,0.0,1,12,0.3832,35.1884
asym_tissue_aider,results/pending_runs/g2_asym_tissue_aider/tissuemnist/L50_G30/fioretto_ldf/seed_3,tissuemnist,MobileNetV3,4,L50_G30,fioretto_ldf,3,True,data/tissuemnist/slice_1,0.3424,0.4726,0.4963,0.4065,0.8814,0.0,1,11,0.4504,33.6592
asym_tissue_aider,results/pending_runs/g2_asym_tissue_aider/tissuemnist/L50_G30/fioretto_ldf/seed_1,tissuemnist,MobileNetV3,4,L50_G30,fioretto_ldf,1,True,data/tissuemnist/slice_1,0.3561,0.4744,0.5067,0.3835,0.8445,0.0,1,18,0.5271,44.513
asym_tissue_aider,results/pending_runs/g2_asym_tissue_aider/tissuemnist/L50_G30/fioretto_ldf/seed_2,tissuemnist,MobileNetV3,4,L50_G30,fioretto_ldf,2,True,data/tissuemnist/slice_1,0.3712,0.4872,0.5038,0.3821,0.8487,0.0,1,20,0.4849,48.2064
asym_tissue_aider,results/pending_runs/g2_asym_tissue_aider/tissuemnist/L50_G30/tralo_bounded/seed_4,tissuemnist,MobileNetV3,4,L50_G30,tralo_bounded,4,True,data/tissuemnist/slice_1,0.3638,0.4762,0.5108,0.397,0.8599,0.0,1,63,0.4933,42.9408
asym_tissue_aider,results/pending_runs/g2_asym_tissue_aider/tissuemnist/L50_G30/tralo_bounded/seed_3,tissuemnist,MobileNetV3,4,L50_G30,tralo_bounded,3,True,data/tissuemnist/slice_1,0.3426,0.472,0.4963,0.4069,0.8811,0.0,1,61,0.5158,37.7405
asym_tissue_aider,results/pending_runs/g2_asym_tissue_aider/tissuemnist/L50_G30/tralo_bounded/seed_1,tissuemnist,MobileNetV3,4,L50_G30,tralo_bounded,1,True,data/tissuemnist/slice_1,0.3586,0.4756,0.5058,0.3832,0.844,0.0,1,67,0.5436,49.4281
asym_tissue_aider,results/pending_runs/g2_asym_tissue_aider/tissuemnist/L50_G30/tralo_bounded/seed_2,tissuemnist,MobileNetV3,4,L50_G30,tralo_bounded,2,True,data/tissuemnist/slice_1,0.3711,0.4883,0.5042,0.3833,0.8539,0.0,1,70,0.4821,56.9286
asym_tissue_aider,results/pending_runs/g2_asym_tissue_aider/tissuemnist/L50_G30/heuristic/seed_4,tissuemnist,MobileNetV3,4,L50_G30,heuristic,4,True,data/tissuemnist/slice_1,0.3372,0.4502,0.4792,0.4223,0.9133,30.0,0,-1,0.7123,0.5876
asym_tissue_aider,results/pending_runs/g2_asym_tissue_aider/tissuemnist/L50_G30/heuristic/seed_3,tissuemnist,MobileNetV3,4,L50_G30,heuristic,3,True,data/tissuemnist/slice_1,0.3275,0.4552,0.4646,0.4115,0.9128,72.0,0,-1,0.4786,0.6038
asym_tissue_aider,results/pending_runs/g2_asym_tissue_aider/tissuemnist/L50_G30/heuristic/seed_1,tissuemnist,MobileNetV3,4,L50_G30,heuristic,1,True,data/tissuemnist/slice_1,0.3395,0.4432,0.4846,0.405,0.8891,155.0,0,-1,0.43,0.6271
asym_tissue_aider,results/pending_runs/g2_asym_tissue_aider/tissuemnist/L50_G30/heuristic/seed_2,tissuemnist,MobileNetV3,4,L50_G30,heuristic,2,True,data/tissuemnist/slice_1,0.3761,0.4636,0.4788,0.4032,0.8881,143.0,0,-1,0.2919,0.5746
asym_tissue_aider,results/pending_runs/g2_asym_tissue_aider/tissuemnist/L30_G80/hounie_rcl/seed_4,tissuemnist,MobileNetV3,4,L30_G80,hounie_rcl,4,True,data/tissuemnist/slice_1,0.3637,0.4731,0.5096,0.4004,0.8642,13.0,1,106,0.4443,203.0499
asym_tissue_aider,results/pending_runs/g2_asym_tissue_aider/tissuemnist/L30_G80/hounie_rcl/seed_3,tissuemnist,MobileNetV3,4,L30_G80,hounie_rcl,3,True,data/tissuemnist/slice_1,0.3491,0.4756,0.4983,0.4054,0.8812,8.0,1,61,0.4566,126.1005
asym_tissue_aider,results/pending_runs/g2_asym_tissue_aider/tissuemnist/L30_G80/hounie_rcl/seed_1,tissuemnist,MobileNetV3,4,L30_G80,hounie_rcl,1,True,data/tissuemnist/slice_1,0.3597,0.4765,0.5071,0.3845,0.8463,14.0,1,68,0.3197,138.605
asym_tissue_aider,results/pending_runs/g2_asym_tissue_aider/tissuemnist/L30_G80/hounie_rcl/seed_2,tissuemnist,MobileNetV3,4,L30_G80,hounie_rcl,2,True,data/tissuemnist/slice_1,0.3703,0.4876,0.5029,0.3828,0.8551,5.0,1,82,0.5253,163.8593
asym_tissue_aider,results/pending_runs/g2_asym_tissue_aider/tissuemnist/L30_G80/tralo/seed_3,tissuemnist,MobileNetV3,4,L30_G80,tralo,3,True,data/tissuemnist/slice_1,0.3522,0.4799,0.5092,0.4009,0.866,5.0,1,62,0.4175,59.8037
asym_tissue_aider,results/pending_runs/g2_asym_tissue_aider/tissuemnist/L30_G80/tralo/seed_1,tissuemnist,MobileNetV3,4,L30_G80,tralo,1,True,data/tissuemnist/slice_1,0.3702,0.4832,0.5108,0.3793,0.8432,7.0,1,69,0.5934,68.3519
asym_tissue_aider,results/pending_runs/g2_asym_tissue_aider/tissuemnist/L30_G80/tralo/seed_2,tissuemnist,MobileNetV3,4,L30_G80,tralo,2,True,data/tissuemnist/slice_1,0.3661,0.481,0.4979,0.3924,0.8605,2.0,1,70,0.5734,132.6111
asym_tissue_aider,results/pending_runs/g2_asym_tissue_aider/tissuemnist/L30_G80/danits_lp/seed_4,tissuemnist,MobileNetV3,4,L30_G80,danits_lp,4,True,data/tissuemnist/slice_1,0.3368,0.4498,0.4792,0.4223,0.9133,30.0,0,-1,0.5207,0.5024
asym_tissue_aider,results/pending_runs/g2_asym_tissue_aider/tissuemnist/L30_G80/fioretto_ldf/seed_4,tissuemnist,MobileNetV3,4,L30_G80,fioretto_ldf,4,True,data/tissuemnist/slice_1,0.3636,0.4726,0.5092,0.4008,0.8631,10.0,1,15,0.5002,34.2849
asym_tissue_aider,results/pending_runs/g2_asym_tissue_aider/tissuemnist/L30_G80/fioretto_ldf/seed_3,tissuemnist,MobileNetV3,4,L30_G80,fioretto_ldf,3,True,data/tissuemnist/slice_1,0.3449,0.4737,0.4963,0.4074,0.8812,8.0,1,12,0.0596,23.5721
asym_tissue_aider,results/pending_runs/g2_asym_tissue_aider/tissuemnist/L30_G80/fioretto_ldf/seed_1,tissuemnist,MobileNetV3,4,L30_G80,fioretto_ldf,1,True,data/tissuemnist/slice_1,0.3589,0.4758,0.5067,0.3843,0.8445,10.0,1,18,0.6843,40.2586
asym_tissue_aider,results/pending_runs/g2_asym_tissue_aider/tissuemnist/L30_G80/fioretto_ldf/seed_2,tissuemnist,MobileNetV3,4,L30_G80,fioretto_ldf,2,True,data/tissuemnist/slice_1,0.3716,0.4873,0.5038,0.3822,0.8507,4.0,1,20,0.0593,29.9482
asym_tissue_aider,results/pending_runs/g2_asym_tissue_aider/tissuemnist/L30_G80/tralo_bounded/seed_4,tissuemnist,MobileNetV3,4,L30_G80,tralo_bounded,4,True,data/tissuemnist/slice_1,0.3615,0.4726,0.5071,0.4027,0.8629,11.0,1,63,0.4907,44.5136
asym_tissue_aider,results/pending_runs/g2_asym_tissue_aider/tissuemnist/L30_G80/tralo_bounded/seed_3,tissuemnist,MobileNetV3,4,L30_G80,tralo_bounded,3,True,data/tissuemnist/slice_1,0.347,0.4744,0.4979,0.4052,0.8822,11.0,1,62,0.543,40.1025
asym_tissue_aider,results/pending_runs/g2_asym_tissue_aider/tissuemnist/L30_G80/tralo_bounded/seed_1,tissuemnist,MobileNetV3,4,L30_G80,tralo_bounded,1,True,data/tissuemnist/slice_1,0.3583,0.4752,0.5058,0.382,0.8448,8.0,0,-1,0.5742,241.4952
asym_tissue_aider,results/pending_runs/g2_asym_tissue_aider/tissuemnist/L30_G80/tralo_bounded/seed_2,tissuemnist,MobileNetV3,4,L30_G80,tralo_bounded,2,True,data/tissuemnist/slice_1,0.373,0.4892,0.5046,0.3816,0.8471,3.0,1,70,1.4673,86.3539
asym_tissue_aider,results/pending_runs/g2_asym_tissue_aider/tissuemnist/L30_G80/heuristic/seed_4,tissuemnist,MobileNetV3,4,L30_G80,heuristic,4,True,data/tissuemnist/slice_1,0.3368,0.4498,0.4792,0.4223,0.9133,30.0,0,-1,1.4285,0.6223
asym_tissue_aider,results/pending_runs/g2_asym_tissue_aider/tissuemnist/L20_G30/hounie_rcl/seed_4,tissuemnist,MobileNetV3,4,L20_G30,hounie_rcl,4,True,data/tissuemnist/slice_1,0.3606,0.4708,0.51,0.4017,0.8705,8.0,1,108,1.2921,264.0283
asym_tissue_aider,results/pending_runs/g2_asym_tissue_aider/tissuemnist/L20_G30/hounie_rcl/seed_3,tissuemnist,MobileNetV3,4,L20_G30,hounie_rcl,3,True,data/tissuemnist/slice_1,0.3443,0.4727,0.4988,0.4057,0.8864,6.0,1,61,1.43,160.323
asym_tissue_aider,results/pending_runs/g2_asym_tissue_aider/tissuemnist/L20_G30/hounie_rcl/seed_1,tissuemnist,MobileNetV3,4,L20_G30,hounie_rcl,1,True,data/tissuemnist/slice_1,0.3523,0.473,0.5079,0.3877,0.8529,14.0,1,70,1.3416,208.5793
asym_tissue_aider,results/pending_runs/g2_asym_tissue_aider/tissuemnist/L20_G30/hounie_rcl/seed_2,tissuemnist,MobileNetV3,4,L20_G30,hounie_rcl,2,True,data/tissuemnist/slice_1,0.3573,0.4795,0.4979,0.3894,0.8618,3.0,1,81,1.8423,248.6918
asym_tissue_aider,results/pending_runs/g2_asym_tissue_aider/tissuemnist/L20_G30/tralo/seed_4,tissuemnist,MobileNetV3,4,L20_G30,tralo,4,True,data/tissuemnist/slice_1,0.3503,0.4637,0.5029,0.4137,0.8855,5.0,1,71,1.227,143.97
asym_tissue_aider,results/pending_runs/g2_asym_tissue_aider/tissuemnist/L20_G30/tralo/seed_3,tissuemnist,MobileNetV3,4,L20_G30,tralo,3,True,data/tissuemnist/slice_1,0.3374,0.4687,0.495,0.4115,0.8844,6.0,1,63,1.361,72.2882
asym_tissue_aider,results/pending_runs/g2_asym_tissue_aider/tissuemnist/L20_G30/tralo/seed_1,tissuemnist,MobileNetV3,4,L20_G30,tralo,1,True,data/tissuemnist/slice_1,0.3537,0.4737,0.5062,0.3878,0.8506,9.0,1,70,1.1041,94.322
asym_tissue_aider,results/pending_runs/g2_asym_tissue_aider/tissuemnist/L20_G30/tralo/seed_2,tissuemnist,MobileNetV3,4,L20_G30,tralo,2,True,data/tissuemnist/slice_1,0.358,0.4788,0.495,0.3934,0.8685,2.0,1,73,1.4012,118.5336
asym_tissue_aider,results/pending_runs/g2_asym_tissue_aider/tissuemnist/L20_G30/danits_lp/seed_4,tissuemnist,MobileNetV3,4,L20_G30,danits_lp,4,True,data/tissuemnist/slice_1,0.3272,0.4443,0.4758,0.4223,0.9133,47.0,0,-1,1.4557,0.6789
asym_tissue_aider,results/pending_runs/g2_asym_tissue_aider/tissuemnist/L20_G30/danits_lp/seed_3,tissuemnist,MobileNetV3,4,L20_G30,danits_lp,3,True,data/tissuemnist/slice_1,0.3221,0.4526,0.4637,0.4115,0.9128,89.0,0,-1,1.4707,0.6879
asym_tissue_aider,results/pending_runs/g2_asym_tissue_aider/tissuemnist/L20_G30/danits_lp/seed_1,tissuemnist,MobileNetV3,4,L20_G30,danits_lp,1,True,data/tissuemnist/slice_1,0.3346,0.4406,0.4838,0.405,0.8891,172.0,0,-1,1.1625,0.6857
asym_tissue_aider,results/pending_runs/g2_asym_tissue_aider/tissuemnist/L20_G30/danits_lp/seed_2,tissuemnist,MobileNetV3,4,L20_G30,danits_lp,2,True,data/tissuemnist/slice_1,0.3691,0.4599,0.4771,0.4032,0.8881,160.0,0,-1,1.1946,0.6384
asym_tissue_aider,results/pending_runs/g2_asym_tissue_aider/tissuemnist/L20_G30/fioretto_ldf/seed_4,tissuemnist,MobileNetV3,4,L20_G30,fioretto_ldf,4,True,data/tissuemnist/slice_1,0.3595,0.4697,0.5092,0.4023,0.8693,9.0,1,20,1.3719,60.349
asym_tissue_aider,results/pending_runs/g2_asym_tissue_aider/tissuemnist/L20_G30/fioretto_ldf/seed_3,tissuemnist,MobileNetV3,4,L20_G30,fioretto_ldf,3,True,data/tissuemnist/slice_1,0.3427,0.4707,0.4963,0.4088,0.8879,9.0,1,15,1.4487,51.1884
asym_tissue_aider,results/pending_runs/g2_asym_tissue_aider/tissuemnist/L20_G30/fioretto_ldf/seed_1,tissuemnist,MobileNetV3,4,L20_G30,fioretto_ldf,1,True,data/tissuemnist/slice_1,0.3515,0.4725,0.5071,0.3874,0.8493,9.0,1,20,1.3893,60.3621
asym_tissue_aider,results/pending_runs/g2_asym_tissue_aider/tissuemnist/L20_G30/fioretto_ldf/seed_2,tissuemnist,MobileNetV3,4,L20_G30,fioretto_ldf,2,True,data/tissuemnist/slice_1,0.3593,0.4795,0.4992,0.3887,0.8577,4.0,1,24,1.2873,69.8741
asym_tissue_aider,results/pending_runs/g2_asym_tissue_aider/tissuemnist/L20_G30/tralo_bounded/seed_4,tissuemnist,MobileNetV3,4,L20_G30,tralo_bounded,4,True,data/tissuemnist/slice_1,0.3507,0.4664,0.5054,0.408,0.8704,7.0,1,71,1.4783,87.1449
asym_tissue_aider,results/pending_runs/g2_asym_tissue_aider/tissuemnist/L20_G30/tralo_bounded/seed_3,tissuemnist,MobileNetV3,4,L20_G30,tralo_bounded,3,True,data/tissuemnist/slice_1,0.3408,0.4686,0.4946,0.4101,0.8872,7.0,1,63,1.4115,57.2483
asym_tissue_aider,results/pending_runs/g2_asym_tissue_aider/tissuemnist/L20_G30/tralo_bounded/seed_1,tissuemnist,MobileNetV3,4,L20_G30,tralo_bounded,1,True,data/tissuemnist/slice_1,0.3555,0.4756,0.5092,0.3854,0.8505,10.0,1,70,1.575,94.9196
asym_tissue_aider,results/pending_runs/g2_asym_tissue_aider/tissuemnist/L20_G30/tralo_bounded/seed_2,tissuemnist,MobileNetV3,4,L20_G30,tralo_bounded,2,True,data/tissuemnist/slice_1,0.3564,0.4775,0.4979,0.3904,0.8582,5.0,1,73,0.3681,93.5783
asym_tissue_aider,results/pending_runs/g2_asym_tissue_aider/tissuemnist/L20_G30/heuristic/seed_4,tissuemnist,MobileNetV3,4,L20_G30,heuristic,4,True,data/tissuemnist/slice_1,0.3272,0.4443,0.4758,0.4223,0.9133,47.0,0,-1,1.4361,0.6873
asym_tissue_aider,results/pending_runs/g2_asym_tissue_aider/tissuemnist/L20_G30/heuristic/seed_3,tissuemnist,MobileNetV3,4,L20_G30,heuristic,3,True,data/tissuemnist/slice_1,0.3233,0.4533,0.4642,0.4115,0.9128,89.0,0,-1,1.3063,0.6934
asym_tissue_aider,results/pending_runs/g2_asym_tissue_aider/tissuemnist/L20_G30/heuristic/seed_1,tissuemnist,MobileNetV3,4,L20_G30,heuristic,1,True,data/tissuemnist/slice_1,0.3346,0.4406,0.4838,0.405,0.8891,172.0,0,-1,1.4903,0.5122
asym_tissue_aider,results/pending_runs/g2_asym_tissue_aider/tissuemnist/L20_G30/heuristic/seed_2,tissuemnist,MobileNetV3,4,L20_G30,heuristic,2,True,data/tissuemnist/slice_1,0.3691,0.4599,0.4771,0.4032,0.8881,160.0,0,-1,1.4463,0.6241
asym_tissue_aider,results/pending_runs/g2_asym_tissue_aider/tissuemnist/L20_G50/hounie_rcl/seed_4,tissuemnist,MobileNetV3,4,L20_G50,hounie_rcl,4,True,data/tissuemnist/slice_1,0.3603,0.4706,0.5096,0.4022,0.8708,8.0,1,121,1.4965,298.2688
asym_tissue_aider,results/pending_runs/g2_asym_tissue_aider/tissuemnist/L20_G50/hounie_rcl/seed_3,tissuemnist,MobileNetV3,4,L20_G50,hounie_rcl,3,True,data/tissuemnist/slice_1,0.3446,0.473,0.4988,0.4058,0.8862,6.0,1,69,1.1748,176.3323
asym_tissue_aider,results/pending_runs/g2_asym_tissue_aider/tissuemnist/L20_G50/hounie_rcl/seed_1,tissuemnist,MobileNetV3,4,L20_G50,hounie_rcl,1,True,data/tissuemnist/slice_1,0.3532,0.4733,0.5079,0.388,0.8525,14.0,1,74,1.6044,211.7684
asym_tissue_aider,results/pending_runs/g2_asym_tissue_aider/tissuemnist/L20_G50/hounie_rcl/seed_2,tissuemnist,MobileNetV3,4,L20_G50,hounie_rcl,2,True,data/tissuemnist/slice_1,0.3568,0.479,0.4975,0.3893,0.8619,1.0,1,88,1.4591,269.0169
asym_tissue_aider,results/pending_runs/g2_asym_tissue_aider/tissuemnist/L20_G50/tralo/seed_4,tissuemnist,MobileNetV3,4,L20_G50,tralo,4,True,data/tissuemnist/slice_1,0.3515,0.4664,0.5046,0.4111,0.8826,2.0,1,72,2.019,156.53
asym_tissue_aider,results/pending_runs/g2_asym_tissue_aider/tissuemnist/L20_G50/tralo/seed_3,tissuemnist,MobileNetV3,4,L20_G50,tralo,3,True,data/tissuemnist/slice_1,0.3421,0.472,0.4992,0.4091,0.881,9.0,1,64,1.7876,92.5102
asym_tissue_aider,results/pending_runs/g2_asym_tissue_aider/tissuemnist/L20_G50/tralo/seed_1,tissuemnist,MobileNetV3,4,L20_G50,tralo,1,True,data/tissuemnist/slice_1,0.3307,0.449,0.4917,0.4143,0.8937,1.0,1,70,1.4976,208.858
asym_tissue_aider,results/pending_runs/g2_asym_tissue_aider/tissuemnist/L20_G50/tralo/seed_2,tissuemnist,MobileNetV3,4,L20_G50,tralo,2,True,data/tissuemnist/slice_1,0.3572,0.4807,0.4933,0.393,0.8724,1.0,1,74,1.1968,111.3211
asym_tissue_aider,results/pending_runs/g2_asym_tissue_aider/tissuemnist/L20_G50/danits_lp/seed_4,tissuemnist,MobileNetV3,4,L20_G50,danits_lp,4,True,data/tissuemnist/slice_1,0.3272,0.4443,0.4758,0.4223,0.9133,47.0,0,-1,1.5362,0.6525
asym_tissue_aider,results/pending_runs/g2_asym_tissue_aider/tissuemnist/L20_G50/fioretto_ldf/seed_4,tissuemnist,MobileNetV3,4,L20_G50,fioretto_ldf,4,True,data/tissuemnist/slice_1,0.3599,0.4695,0.5092,0.4022,0.869,9.0,1,20,0.5604,61.3051
asym_tissue_aider,results/pending_runs/g2_asym_tissue_aider/tissuemnist/L20_G50/fioretto_ldf/seed_3,tissuemnist,MobileNetV3,4,L20_G50,fioretto_ldf,3,True,data/tissuemnist/slice_1,0.3429,0.4711,0.4967,0.4083,0.8881,9.0,1,15,0.9469,46.0314
asym_tissue_aider,results/pending_runs/g2_asym_tissue_aider/tissuemnist/L20_G50/fioretto_ldf/seed_1,tissuemnist,MobileNetV3,4,L20_G50,fioretto_ldf,1,True,data/tissuemnist/slice_1,0.3509,0.4714,0.5058,0.3887,0.849,8.0,1,20,1.1404,54.2182
asym_tissue_aider,results/pending_runs/g2_asym_tissue_aider/tissuemnist/L20_G50/fioretto_ldf/seed_2,tissuemnist,MobileNetV3,4,L20_G50,fioretto_ldf,2,True,data/tissuemnist/slice_1,0.3587,0.4793,0.4992,0.3885,0.8573,4.0,1,24,0.9696,64.9756
asym_tissue_aider,results/pending_runs/g2_asym_tissue_aider/tissuemnist/L20_G50/tralo_bounded/seed_4,tissuemnist,MobileNetV3,4,L20_G50,tralo_bounded,4,True,data/tissuemnist/slice_1,0.3525,0.4675,0.5071,0.4056,0.8686,6.0,1,71,1.181,72.4121
asym_tissue_aider,results/pending_runs/g2_asym_tissue_aider/tissuemnist/L20_G50/tralo_bounded/seed_3,tissuemnist,MobileNetV3,4,L20_G50,tralo_bounded,3,True,data/tissuemnist/slice_1,0.3444,0.4719,0.4975,0.4077,0.8868,10.0,1,64,1.5388,69.2065
asym_tissue_aider,results/pending_runs/g2_asym_tissue_aider/tissuemnist/L20_G50/tralo_bounded/seed_1,tissuemnist,MobileNetV3,4,L20_G50,tralo_bounded,1,True,data/tissuemnist/slice_1,0.351,0.4717,0.5054,0.3881,0.8497,10.0,1,70,0.588,72.6675
asym_tissue_aider,results/pending_runs/g2_asym_tissue_aider/tissuemnist/L20_G50/tralo_bounded/seed_2,tissuemnist,MobileNetV3,4,L20_G50,tralo_bounded,2,True,data/tissuemnist/slice_1,0.358,0.4792,0.4988,0.3903,0.8604,4.0,1,74,1.191,85.9205
asym_tissue_aider,results/pending_runs/g2_asym_tissue_aider/tissuemnist/L20_G50/heuristic/seed_4,tissuemnist,MobileNetV3,4,L20_G50,heuristic,4,True,data/tissuemnist/slice_1,0.3272,0.4443,0.4758,0.4223,0.9133,47.0,0,-1,1.121,0.5174
asym_tissue_aider,results/pending_runs/g2_asym_tissue_aider/tissuemnist/L70_G30/hounie_rcl/seed_4,tissuemnist,MobileNetV3,4,L70_G30,hounie_rcl,4,True,data/tissuemnist/slice_1,0.3629,0.4724,0.5075,0.3998,0.86,0.0,1,100,1.1206,210.4039
asym_tissue_aider,results/pending_runs/g2_asym_tissue_aider/tissuemnist/L70_G30/hounie_rcl/seed_3,tissuemnist,MobileNetV3,4,L70_G30,hounie_rcl,3,True,data/tissuemnist/slice_1,0.3485,0.4754,0.4979,0.4046,0.8802,0.0,1,80,1.2181,170.0532
asym_tissue_aider,results/pending_runs/g2_asym_tissue_aider/tissuemnist/L70_G30/hounie_rcl/seed_1,tissuemnist,MobileNetV3,4,L70_G30,hounie_rcl,1,True,data/tissuemnist/slice_1,0.3559,0.4742,0.5054,0.3841,0.8442,0.0,1,70,1.0842,160.3185
asym_tissue_aider,results/pending_runs/g2_asym_tissue_aider/tissuemnist/L70_G30/hounie_rcl/seed_2,tissuemnist,MobileNetV3,4,L70_G30,hounie_rcl,2,True,data/tissuemnist/slice_1,0.3755,0.4901,0.5046,0.3806,0.853,0.0,1,97,1.2666,263.3656
asym_tissue_aider,results/pending_runs/g2_asym_tissue_aider/tissuemnist/L70_G30/tralo/seed_4,tissuemnist,MobileNetV3,4,L70_G30,tralo,4,True,data/tissuemnist/slice_1,0.3575,0.4704,0.5062,0.4015,0.862,0.0,1,62,1.6814,79.6067
asym_tissue_aider,results/pending_runs/g2_asym_tissue_aider/tissuemnist/L70_G30/tralo/seed_3,tissuemnist,MobileNetV3,4,L70_G30,tralo,3,True,data/tissuemnist/slice_1,0.3474,0.474,0.4954,0.4043,0.8822,0.0,1,61,0.5105,43.9318
asym_tissue_aider,results/pending_runs/g2_asym_tissue_aider/tissuemnist/L70_G30/tralo/seed_1,tissuemnist,MobileNetV3,4,L70_G30,tralo,1,True,data/tissuemnist/slice_1,0.3535,0.474,0.5046,0.385,0.8479,0.0,1,68,0.5384,72.3526
asym_tissue_aider,results/pending_runs/g2_asym_tissue_aider/tissuemnist/L70_G30/tralo/seed_2,tissuemnist,MobileNetV3,4,L70_G30,tralo,2,True,data/tissuemnist/slice_1,0.3668,0.4862,0.5021,0.3841,0.8529,0.0,1,70,0.4736,71.7896
asym_tissue_aider,results/pending_runs/g2_asym_tissue_aider/tissuemnist/L70_G30/danits_lp/seed_4,tissuemnist,MobileNetV3,4,L70_G30,danits_lp,4,True,data/tissuemnist/slice_1,0.3378,0.4504,0.4796,0.4223,0.9133,30.0,0,-1,0.2876,0.6051
asym_tissue_aider,results/pending_runs/g2_asym_tissue_aider/tissuemnist/L70_G30/danits_lp/seed_3,tissuemnist,MobileNetV3,4,L70_G30,danits_lp,3,True,data/tissuemnist/slice_1,0.3279,0.4558,0.465,0.4115,0.9128,72.0,0,-1,0.4637,0.5861
asym_tissue_aider,results/pending_runs/g2_asym_tissue_aider/tissuemnist/L70_G30/danits_lp/seed_1,tissuemnist,MobileNetV3,4,L70_G30,danits_lp,1,True,data/tissuemnist/slice_1,0.3383,0.4426,0.4842,0.405,0.8891,155.0,0,-1,0.5208,0.5912
asym_tissue_aider,results/pending_runs/g2_asym_tissue_aider/tissuemnist/L70_G30/danits_lp/seed_2,tissuemnist,MobileNetV3,4,L70_G30,danits_lp,2,True,data/tissuemnist/slice_1,0.3773,0.4643,0.4792,0.4032,0.8881,143.0,0,-1,0.1025,0.5147
asym_tissue_aider,results/pending_runs/g2_asym_tissue_aider/tissuemnist/L70_G30/fioretto_ldf/seed_4,tissuemnist,MobileNetV3,4,L70_G30,fioretto_ldf,4,True,data/tissuemnist/slice_1,0.361,0.4714,0.5071,0.4008,0.861,0.0,1,12,0.5103,36.4501
asym_tissue_aider,results/pending_runs/g2_asym_tissue_aider/tissuemnist/L70_G30/fioretto_ldf/seed_3,tissuemnist,MobileNetV3,4,L70_G30,fioretto_ldf,3,True,data/tissuemnist/slice_1,0.3422,0.4724,0.4958,0.407,0.8815,0.0,1,11,0.1006,29.497
asym_tissue_aider,results/pending_runs/g2_asym_tissue_aider/tissuemnist/L70_G30/fioretto_ldf/seed_1,tissuemnist,MobileNetV3,4,L70_G30,fioretto_ldf,1,True,data/tissuemnist/slice_1,0.3561,0.4741,0.5062,0.3839,0.8444,0.0,1,18,0.6115,33.8899
asym_tissue_aider,results/pending_runs/g2_asym_tissue_aider/tissuemnist/L70_G30/fioretto_ldf/seed_2,tissuemnist,MobileNetV3,4,L70_G30,fioretto_ldf,2,True,data/tissuemnist/slice_1,0.3711,0.4873,0.5038,0.3822,0.8489,0.0,1,20,0.0842,44.6692
asym_tissue_aider,results/pending_runs/g2_asym_tissue_aider/tissuemnist/L70_G30/tralo_bounded/seed_4,tissuemnist,MobileNetV3,4,L70_G30,tralo_bounded,4,True,data/tissuemnist/slice_1,0.3658,0.4755,0.51,0.3966,0.8598,0.0,1,62,0.0589,39.2741
asym_tissue_aider,results/pending_runs/g2_asym_tissue_aider/tissuemnist/L70_G30/tralo_bounded/seed_3,tissuemnist,MobileNetV3,4,L70_G30,tralo_bounded,3,True,data/tissuemnist/slice_1,0.3463,0.4748,0.4979,0.4042,0.8805,0.0,1,61,0.0599,26.8307
asym_tissue_aider,results/pending_runs/g2_asym_tissue_aider/tissuemnist/L70_G30/tralo_bounded/seed_1,tissuemnist,MobileNetV3,4,L70_G30,tralo_bounded,1,True,data/tissuemnist/slice_1,0.3567,0.4756,0.5079,0.3819,0.8445,0.0,1,68,0.3463,55.5035
asym_tissue_aider,results/pending_runs/g2_asym_tissue_aider/tissuemnist/L70_G30/tralo_bounded/seed_2,tissuemnist,MobileNetV3,4,L70_G30,tralo_bounded,2,True,data/tissuemnist/slice_1,0.3697,0.4874,0.5033,0.3832,0.8518,0.0,1,70,1.1911,64.9803
asym_tissue_aider,results/pending_runs/g2_asym_tissue_aider/tissuemnist/L70_G30/heuristic/seed_4,tissuemnist,MobileNetV3,4,L70_G30,heuristic,4,True,data/tissuemnist/slice_1,0.3372,0.4502,0.4792,0.4223,0.9133,30.0,0,-1,0.8518,0.4904
asym_tissue_aider,results/pending_runs/g2_asym_tissue_aider/tissuemnist/L70_G30/heuristic/seed_3,tissuemnist,MobileNetV3,4,L70_G30,heuristic,3,True,data/tissuemnist/slice_1,0.3275,0.4552,0.4646,0.4115,0.9128,72.0,0,-1,0.9454,0.514
asym_tissue_aider,results/pending_runs/g2_asym_tissue_aider/tissuemnist/L70_G30/heuristic/seed_1,tissuemnist,MobileNetV3,4,L70_G30,heuristic,1,True,data/tissuemnist/slice_1,0.3395,0.4432,0.4846,0.405,0.8891,155.0,0,-1,0.8918,0.5013
asym_tissue_aider,results/pending_runs/g2_asym_tissue_aider/tissuemnist/L70_G30/heuristic/seed_2,tissuemnist,MobileNetV3,4,L70_G30,heuristic,2,True,data/tissuemnist/slice_1,0.3761,0.4636,0.4788,0.4032,0.8881,143.0,0,-1,0.8918,0.5163
component_ablation,results/pending_runs/g5_component_ablation/aider/L30_G30/no_hinge/seed_3,aider,MobileNetV3,0,L30_G30,tralo,3,True,data/aider/slice_1,0.837,0.9148,0.9294,0.0635,0.133,6.0,1,67,0.4408,24.6093
component_ablation,results/pending_runs/g5_component_ablation/aider/L30_G30/no_hinge/seed_1,aider,MobileNetV3,0,L30_G30,tralo,1,True,data/aider/slice_1,0.8178,0.9031,0.9176,0.0823,0.1657,12.0,1,79,0.1375,35.1699
component_ablation,results/pending_runs/g5_component_ablation/aider/L30_G30/no_hinge/seed_2,aider,MobileNetV3,0,L30_G30,tralo,2,True,data/aider/slice_1,0.8253,0.9073,0.9218,0.0786,0.1619,11.0,1,67,0.1117,24.2796
component_ablation,results/pending_runs/g5_component_ablation/aider/L30_G30/no_warmup/seed_3,aider,MobileNetV3,0,L30_G30,tralo,3,True,data/aider/slice_1,0.3689,0.6926,0.7714,0.1008,0.279,25.0,1,1,3.4111,19.1408
component_ablation,results/pending_runs/g5_component_ablation/aider/L30_G30/no_warmup/seed_1,aider,MobileNetV3,0,L30_G30,tralo,1,True,data/aider/slice_1,0.3442,0.6829,0.7664,0.1023,0.2762,22.0,1,1,0.5218,12.8649
component_ablation,results/pending_runs/g5_component_ablation/aider/L30_G30/no_warmup/seed_2,aider,MobileNetV3,0,L30_G30,tralo,2,True,data/aider/slice_1,0.3351,0.6791,0.7647,0.1036,0.2802,28.0,1,1,0.3163,12.5918
component_ablation,results/pending_runs/g5_component_ablation/aider/L30_G30/no_ce_skip/seed_3,aider,MobileNetV3,0,L30_G30,tralo,3,True,data/aider/slice_1,0.8385,0.9181,0.9328,0.0513,0.0986,19.0,0,-1,0.1603,1194.0909
component_ablation,results/pending_runs/g5_component_ablation/aider/L30_G30/no_ce_skip/seed_1,aider,MobileNetV3,0,L30_G30,tralo,1,True,data/aider/slice_1,0.8383,0.9197,0.9345,0.0416,0.0822,28.0,0,-1,0.7613,1253.7346
component_ablation,results/pending_runs/g5_component_ablation/aider/L30_G30/no_ce_skip/seed_2,aider,MobileNetV3,0,L30_G30,tralo,2,True,data/aider/slice_1,0.8313,0.9196,0.9345,0.0478,0.0943,20.0,0,-1,0.6231,1292.0277
component_ablation,results/pending_runs/g5_component_ablation/aider/L30_G30/full/seed_3,aider,MobileNetV3,0,L30_G30,tralo,3,True,data/aider/slice_1,0.8373,0.9156,0.9303,0.0586,0.1279,0.0,1,67,1.062,45.9645
component_ablation,results/pending_runs/g5_component_ablation/aider/L30_G30/full/seed_1,aider,MobileNetV3,0,L30_G30,tralo,1,True,data/aider/slice_1,0.8212,0.9056,0.9202,0.0749,0.1502,6.0,1,79,0.2246,48.6039
component_ablation,results/pending_runs/g5_component_ablation/aider/L30_G30/full/seed_2,aider,MobileNetV3,0,L30_G30,tralo,2,True,data/aider/slice_1,0.8271,0.909,0.9235,0.0718,0.1489,3.0,1,67,0.0942,27.0758
component_ablation,results/pending_runs/g5_component_ablation/aider/L30_G30/no_rho_sched/seed_3,aider,MobileNetV3,0,L30_G30,tralo,3,True,data/aider/slice_1,0.8373,0.9156,0.9303,0.0609,0.1279,0.0,1,67,0.5545,80.5672
component_ablation,results/pending_runs/g5_component_ablation/aider/L30_G30/no_rho_sched/seed_1,aider,MobileNetV3,0,L30_G30,tralo,1,True,data/aider/slice_1,0.8212,0.9056,0.9202,0.0711,0.1431,2.0,1,79,0.0959,53.3373
component_ablation,results/pending_runs/g5_component_ablation/aider/L30_G30/no_rho_sched/seed_2,aider,MobileNetV3,0,L30_G30,tralo,2,True,data/aider/slice_1,0.8279,0.9106,0.9252,0.067,0.1406,0.0,1,67,0.6531,76.5515
component_ablation,results/pending_runs/g5_component_ablation/aider/L30_G30/no_reset/seed_3,aider,MobileNetV3,0,L30_G30,tralo,3,True,data/aider/slice_1,0.8341,0.9132,0.9277,0.0796,0.1617,18.0,1,67,0.0653,15.1345
component_ablation,results/pending_runs/g5_component_ablation/aider/L30_G30/no_reset/seed_1,aider,MobileNetV3,0,L30_G30,tralo,1,True,data/aider/slice_1,0.8149,0.9014,0.916,0.0942,0.191,21.0,1,79,0.0975,35.0604
component_ablation,results/pending_runs/g5_component_ablation/aider/L30_G30/no_reset/seed_2,aider,MobileNetV3,0,L30_G30,tralo,2,True,data/aider/slice_1,0.8194,0.9039,0.9185,0.095,0.1901,24.0,1,67,0.4922,22.702
component_ablation,results/pending_runs/g5_component_ablation/aider/L30_G30/no_freeze/seed_3,aider,MobileNetV3,0,L30_G30,tralo,3,True,data/aider/slice_1,0.8359,0.9148,0.9294,0.0603,0.128,1.0,1,67,0.859,32.6434
component_ablation,results/pending_runs/g5_component_ablation/aider/L30_G30/no_freeze/seed_1,aider,MobileNetV3,0,L30_G30,tralo,1,True,data/aider/slice_1,0.8212,0.9056,0.9202,0.0743,0.1505,6.0,1,79,0.6973,46.1875
component_ablation,results/pending_runs/g5_component_ablation/aider/L30_G30/no_freeze/seed_2,aider,MobileNetV3,0,L30_G30,tralo,2,True,data/aider/slice_1,0.8271,0.909,0.9235,0.0718,0.1489,3.0,1,67,0.4328,27.6881
component_ablation,results/pending_runs/g5_component_ablation/dermmnist/L30_G30/no_hinge/seed_3,dermmnist,MobileNetV3,4,L30_G30,tralo,3,True,data/dermmnist/slice_1,0.7417,0.8298,0.8492,0.1245,0.2682,9.0,0,-1,0.2031,130.0422
component_ablation,results/pending_runs/g5_component_ablation/dermmnist/L30_G30/no_hinge/seed_1,dermmnist,MobileNetV3,4,L30_G30,tralo,1,True,data/dermmnist/slice_1,0.7205,0.8222,0.8422,0.1295,0.2813,4.0,1,67,0.707,37.1915
component_ablation,results/pending_runs/g5_component_ablation/dermmnist/L30_G30/no_hinge/seed_2,dermmnist,MobileNetV3,4,L30_G30,tralo,2,True,data/dermmnist/slice_1,0.7405,0.8263,0.8452,0.1343,0.2861,14.0,0,-1,0.6264,135.1385
component_ablation,results/pending_runs/g5_component_ablation/dermmnist/L30_G30/no_warmup/seed_3,dermmnist,MobileNetV3,4,L30_G30,tralo,3,True,data/dermmnist/slice_1,0.1705,0.5891,0.6865,0.0424,0.3865,54.0,1,1,0.1861,25.5744
component_ablation,results/pending_runs/g5_component_ablation/dermmnist/L30_G30/no_warmup/seed_1,dermmnist,MobileNetV3,4,L30_G30,tralo,1,True,data/dermmnist/slice_1,0.1517,0.5703,0.6795,0.0483,0.3907,49.0,1,1,1.5127,43.0277
component_ablation,results/pending_runs/g5_component_ablation/dermmnist/L30_G30/no_warmup/seed_2,dermmnist,MobileNetV3,4,L30_G30,tralo,2,True,data/dermmnist/slice_1,0.1691,0.588,0.687,0.0482,0.3884,57.0,1,1,1.2319,42.6751
component_ablation,results/pending_runs/g5_component_ablation/dermmnist/L30_G30/no_ce_skip/seed_3,dermmnist,MobileNetV3,4,L30_G30,tralo,3,True,data/dermmnist/slice_1,0.7584,0.8404,0.8577,0.1143,0.2419,31.0,0,-1,0.7574,2105.346
component_ablation,results/pending_runs/g5_component_ablation/dermmnist/L30_G30/no_ce_skip/seed_1,dermmnist,MobileNetV3,4,L30_G30,tralo,1,True,data/dermmnist/slice_1,0.748,0.8381,0.8552,0.1191,0.2499,24.0,0,-1,0.0888,1967.8805
component_ablation,results/pending_runs/g5_component_ablation/dermmnist/L30_G30/no_ce_skip/seed_2,dermmnist,MobileNetV3,4,L30_G30,tralo,2,True,data/dermmnist/slice_1,0.7279,0.8309,0.8492,0.1241,0.2558,30.0,0,-1,0.0866,1967.859
component_ablation,results/pending_runs/g5_component_ablation/dermmnist/L30_G30/full/seed_3,dermmnist,MobileNetV3,4,L30_G30,tralo,3,True,data/dermmnist/slice_1,0.7333,0.8255,0.8457,0.1277,0.2775,10.0,1,67,0.5138,499.4692
component_ablation,results/pending_runs/g5_component_ablation/dermmnist/L30_G30/full/seed_1,dermmnist,MobileNetV3,4,L30_G30,tralo,1,True,data/dermmnist/slice_1,0.7217,0.8254,0.8447,0.1265,0.274,0.0,1,67,0.6869,57.8761
component_ablation,results/pending_runs/g5_component_ablation/dermmnist/L30_G30/full/seed_2,dermmnist,MobileNetV3,4,L30_G30,tralo,2,True,data/dermmnist/slice_1,0.7372,0.8227,0.8422,0.1381,0.2955,21.0,1,70,0.3709,473.5118
component_ablation,results/pending_runs/g5_component_ablation/dermmnist/L30_G30/no_rho_sched/seed_3,dermmnist,MobileNetV3,4,L30_G30,tralo,3,True,data/dermmnist/slice_1,0.7328,0.8293,0.8492,0.1278,0.2715,2.0,1,67,0.8001,326.6907
component_ablation,results/pending_runs/g5_component_ablation/dermmnist/L30_G30/no_rho_sched/seed_1,dermmnist,MobileNetV3,4,L30_G30,tralo,1,True,data/dermmnist/slice_1,0.7216,0.8247,0.8442,0.1257,0.2769,2.0,1,67,0.6665,67.7189
component_ablation,results/pending_runs/g5_component_ablation/dermmnist/L30_G30/no_rho_sched/seed_2,dermmnist,MobileNetV3,4,L30_G30,tralo,2,True,data/dermmnist/slice_1,0.7379,0.8238,0.8432,0.1366,0.2946,20.0,1,70,0.3832,552.9559
component_ablation,results/pending_runs/g5_component_ablation/dermmnist/L30_G30/no_reset/seed_3,dermmnist,MobileNetV3,4,L30_G30,tralo,3,True,data/dermmnist/slice_1,0.7292,0.8222,0.8427,0.1319,0.2828,16.0,1,67,0.5703,39.2938
component_ablation,results/pending_runs/g5_component_ablation/dermmnist/L30_G30/no_reset/seed_1,dermmnist,MobileNetV3,4,L30_G30,tralo,1,True,data/dermmnist/slice_1,0.7187,0.8203,0.8407,0.1361,0.2967,17.0,1,67,0.464,43.2902
component_ablation,results/pending_runs/g5_component_ablation/dermmnist/L30_G30/no_reset/seed_2,dermmnist,MobileNetV3,4,L30_G30,tralo,2,True,data/dermmnist/slice_1,0.7402,0.8252,0.8442,0.1363,0.2928,18.0,1,70,0.4546,53.1377
component_ablation,results/pending_runs/g5_component_ablation/dermmnist/L30_G30/no_freeze/seed_3,dermmnist,MobileNetV3,4,L30_G30,tralo,3,True,data/dermmnist/slice_1,0.7416,0.8277,0.8482,0.1273,0.2714,2.0,1,67,0.6703,156.6149
component_ablation,results/pending_runs/g5_component_ablation/dermmnist/L30_G30/no_freeze/seed_1,dermmnist,MobileNetV3,4,L30_G30,tralo,1,True,data/dermmnist/slice_1,0.7247,0.8253,0.8447,0.1269,0.274,0.0,1,67,0.4189,48.4673
component_ablation,results/pending_runs/g5_component_ablation/dermmnist/L30_G30/no_freeze/seed_2,dermmnist,MobileNetV3,4,L30_G30,tralo,2,True,data/dermmnist/slice_1,0.7372,0.8227,0.8422,0.1381,0.2955,21.0,1,70,0.5019,456.2664
component_ablation,results/pending_runs/g5_component_ablation/tissuemnist/L30_G30/no_hinge/seed_3,tissuemnist,MobileNetV3,4,L30_G30,tralo,3,True,data/tissuemnist/slice_1,0.3459,0.4733,0.4963,0.4058,0.8817,12.0,1,62,1.0883,48.8984
component_ablation,results/pending_runs/g5_component_ablation/tissuemnist/L30_G30/no_hinge/seed_1,tissuemnist,MobileNetV3,4,L30_G30,tralo,1,True,data/tissuemnist/slice_1,0.3605,0.4754,0.5062,0.3859,0.846,12.0,1,68,0.1578,51.2066
component_ablation,results/pending_runs/g5_component_ablation/tissuemnist/L30_G30/no_hinge/seed_2,tissuemnist,MobileNetV3,4,L30_G30,tralo,2,True,data/tissuemnist/slice_1,0.3726,0.4886,0.5038,0.3819,0.8499,4.0,0,-1,0.2534,212.1112
component_ablation,results/pending_runs/g5_component_ablation/tissuemnist/L30_G30/no_warmup/seed_3,tissuemnist,MobileNetV3,4,L30_G30,tralo,3,True,data/tissuemnist/slice_1,0.2142,0.3768,0.4579,0.1127,0.6959,51.0,1,1,0.7877,41.6511
component_ablation,results/pending_runs/g5_component_ablation/tissuemnist/L30_G30/no_warmup/seed_1,tissuemnist,MobileNetV3,4,L30_G30,tralo,1,True,data/tissuemnist/slice_1,0.1806,0.3455,0.4454,0.0908,0.6971,51.0,1,1,2.2849,49.2764
component_ablation,results/pending_runs/g5_component_ablation/tissuemnist/L30_G30/no_warmup/seed_2,tissuemnist,MobileNetV3,4,L30_G30,tralo,2,True,data/tissuemnist/slice_1,0.1979,0.367,0.4512,0.1089,0.7034,51.0,1,1,1.3841,50.1058
component_ablation,results/pending_runs/g5_component_ablation/tissuemnist/L30_G30/no_ce_skip/seed_3,tissuemnist,MobileNetV3,4,L30_G30,tralo,3,True,data/tissuemnist/slice_1,0.3476,0.4803,0.505,0.4143,0.8797,6.0,0,-1,0.8294,3187.8123
component_ablation,results/pending_runs/g5_component_ablation/tissuemnist/L30_G30/no_ce_skip/seed_2,tissuemnist,MobileNetV3,4,L30_G30,tralo,2,True,data/tissuemnist/slice_1,0.3868,0.4951,0.5229,0.3828,0.8344,13.0,0,-1,1.3988,3579.8082
component_ablation,results/pending_runs/g5_component_ablation/tissuemnist/L30_G30/full/seed_3,tissuemnist,MobileNetV3,4,L30_G30,tralo,3,True,data/tissuemnist/slice_1,0.3508,0.4771,0.5021,0.4042,0.8723,7.0,1,62,1.5664,90.3753
component_ablation,results/pending_runs/g5_component_ablation/tissuemnist/L30_G30/full/seed_1,tissuemnist,MobileNetV3,4,L30_G30,tralo,1,True,data/tissuemnist/slice_1,0.3669,0.4815,0.5129,0.3829,0.8455,6.0,1,68,1.6087,103.2721
component_ablation,results/pending_runs/g5_component_ablation/tissuemnist/L30_G30/full/seed_2,tissuemnist,MobileNetV3,4,L30_G30,tralo,2,True,data/tissuemnist/slice_1,0.3703,0.4839,0.5021,0.3865,0.851,2.0,1,71,0.9,235.8066
component_ablation,results/pending_runs/g5_component_ablation/tissuemnist/L30_G30/no_rho_sched/seed_3,tissuemnist,MobileNetV3,4,L30_G30,tralo,3,True,data/tissuemnist/slice_1,0.3498,0.4767,0.5012,0.4046,0.8726,5.0,1,62,0.517,82.0402
component_ablation,results/pending_runs/g5_component_ablation/tissuemnist/L30_G30/no_rho_sched/seed_1,tissuemnist,MobileNetV3,4,L30_G30,tralo,1,True,data/tissuemnist/slice_1,0.347,0.4618,0.4963,0.4033,0.8804,6.0,1,68,1.4453,159.6133
component_ablation,results/pending_runs/g5_component_ablation/tissuemnist/L30_G30/no_rho_sched/seed_2,tissuemnist,MobileNetV3,4,L30_G30,tralo,2,True,data/tissuemnist/slice_1,0.3686,0.4852,0.5012,0.3876,0.8547,2.0,1,71,1.4082,305.4536
component_ablation,results/pending_runs/g5_component_ablation/tissuemnist/L30_G30/no_reset/seed_3,tissuemnist,MobileNetV3,4,L30_G30,tralo,3,True,data/tissuemnist/slice_1,0.3439,0.4728,0.4971,0.4073,0.8837,21.0,1,62,1.7102,71.6108
component_ablation,results/pending_runs/g5_component_ablation/tissuemnist/L30_G30/no_reset/seed_1,tissuemnist,MobileNetV3,4,L30_G30,tralo,1,True,data/tissuemnist/slice_1,0.3595,0.4758,0.5075,0.3893,0.8501,26.0,1,68,1.7592,100.9576
component_ablation,results/pending_runs/g5_component_ablation/tissuemnist/L30_G30/no_reset/seed_2,tissuemnist,MobileNetV3,4,L30_G30,tralo,2,True,data/tissuemnist/slice_1,0.3713,0.4879,0.505,0.3846,0.8548,12.0,1,71,1.7983,98.4053
component_ablation,results/pending_runs/g5_component_ablation/tissuemnist/L30_G30/no_freeze/seed_3,tissuemnist,MobileNetV3,4,L30_G30,tralo,3,True,data/tissuemnist/slice_1,0.3468,0.4743,0.4992,0.4078,0.8738,8.0,1,62,2.0409,86.1922
component_ablation,results/pending_runs/g5_component_ablation/tissuemnist/L30_G30/no_freeze/seed_1,tissuemnist,MobileNetV3,4,L30_G30,tralo,1,True,data/tissuemnist/slice_1,0.3665,0.4804,0.5117,0.3836,0.8442,5.0,1,68,2.0413,149.3646
component_ablation,results/pending_runs/g5_component_ablation/tissuemnist/L30_G30/no_freeze/seed_2,tissuemnist,MobileNetV3,4,L30_G30,tralo,2,True,data/tissuemnist/slice_1,0.3693,0.4839,0.505,0.3849,0.8469,2.0,1,71,2.0287,183.5643
tableB_backfill,results/pending_runs/g4_table_b_backfill/L50_G20/danits_lp/seed_4,dermmnist,MobileNetV3,4,L50_G20,danits_lp,4,True,data/dermmnist/slice_1,0.6866,0.81,0.8337,0.1012,0.2354,166.0,0,-1,0.8657,0.5098
tableB_backfill,results/pending_runs/g4_table_b_backfill/L50_G20/danits_lp/seed_3,dermmnist,MobileNetV3,4,L50_G20,danits_lp,3,True,data/dermmnist/slice_1,0.7231,0.8194,0.8447,0.0908,0.2199,163.0,0,-1,1.3143,0.5286
tableB_backfill,results/pending_runs/g4_table_b_backfill/L50_G20/danits_lp/seed_2,dermmnist,MobileNetV3,4,L50_G20,danits_lp,2,True,data/dermmnist/slice_1,0.6884,0.81,0.8337,0.108,0.2387,154.0,0,-1,1.5128,0.5092
tableB_backfill,results/pending_runs/g4_table_b_backfill/L50_G20/heuristic/seed_4,dermmnist,MobileNetV3,4,L50_G20,heuristic,4,True,data/dermmnist/slice_1,0.6866,0.81,0.8337,0.1012,0.2354,166.0,0,-1,0.4676,0.456
tableB_backfill,results/pending_runs/g4_table_b_backfill/L50_G20/heuristic/seed_3,dermmnist,MobileNetV3,4,L50_G20,heuristic,3,True,data/dermmnist/slice_1,0.7231,0.8194,0.8447,0.0908,0.2199,163.0,0,-1,0.0645,0.366
tableB_backfill,results/pending_runs/g4_table_b_backfill/L50_G20/heuristic/seed_2,dermmnist,MobileNetV3,4,L50_G20,heuristic,2,True,data/dermmnist/slice_1,0.6884,0.81,0.8337,0.108,0.2387,154.0,0,-1,0.0837,0.3281
tableB_backfill,results/pending_runs/g4_table_b_backfill/L20_G50/danits_lp/seed_4,dermmnist,MobileNetV3,4,L20_G50,danits_lp,4,True,data/dermmnist/slice_1,0.6877,0.8113,0.8347,0.1012,0.2354,166.0,0,-1,0.0648,0.368
tableB_backfill,results/pending_runs/g4_table_b_backfill/L20_G50/danits_lp/seed_3,dermmnist,MobileNetV3,4,L20_G50,danits_lp,3,True,data/dermmnist/slice_1,0.7225,0.8194,0.8447,0.0908,0.2199,163.0,0,-1,0.0917,0.3794
tableB_backfill,results/pending_runs/g4_table_b_backfill/L20_G50/danits_lp/seed_2,dermmnist,MobileNetV3,4,L20_G50,danits_lp,2,True,data/dermmnist/slice_1,0.6876,0.8087,0.8328,0.108,0.2387,154.0,0,-1,0.1923,0.4027
tableB_backfill,results/pending_runs/g4_table_b_backfill/L20_G50/heuristic/seed_4,dermmnist,MobileNetV3,4,L20_G50,heuristic,4,True,data/dermmnist/slice_1,0.6877,0.8113,0.8347,0.1012,0.2354,166.0,0,-1,0.4659,0.4849
tableB_backfill,results/pending_runs/g4_table_b_backfill/L20_G50/heuristic/seed_3,dermmnist,MobileNetV3,4,L20_G50,heuristic,3,True,data/dermmnist/slice_1,0.7225,0.8194,0.8447,0.0908,0.2199,163.0,0,-1,0.4199,0.5054
tableB_backfill,results/pending_runs/g4_table_b_backfill/L20_G50/heuristic/seed_2,dermmnist,MobileNetV3,4,L20_G50,heuristic,2,True,data/dermmnist/slice_1,0.6876,0.8087,0.8328,0.108,0.2387,154.0,0,-1,0.6576,0.5064
aider_cripple,results/pending_runs/aider_cripple/C2_no_pre/tralo/seed_1,aider,MobileNetV3,0,L30_G30,tralo,1,False,data/aider/slice_1,0.651,0.8189,0.8412,0.1351,0.2879,2.0,1,97,221.0888,103.3187
aider_cripple,results/pending_runs/aider_cripple/C2_no_pre/tralo/seed_2,aider,MobileNetV3,0,L30_G30,tralo,2,False,data/aider/slice_1,0.6018,0.7954,0.8193,0.1478,0.3126,3.0,1,82,214.1088,65.1275
aider_cripple,results/pending_runs/aider_cripple/C2_no_pre/danits_lp/seed_1,aider,MobileNetV3,0,L30_G30,danits_lp,1,False,data/aider/slice_1,0.6516,0.8218,0.8387,0.1175,0.2708,123.0,0,-1,2.1417,0.5302
aider_cripple,results/pending_runs/aider_cripple/C2_no_pre/danits_lp/seed_2,aider,MobileNetV3,0,L30_G30,danits_lp,2,False,data/aider/slice_1,0.6257,0.804,0.8244,0.1346,0.2925,39.0,0,-1,2.2029,0.5603
aider_cripple,results/pending_runs/aider_cripple/C2_no_pre/fioretto_ldf/seed_1,aider,MobileNetV3,0,L30_G30,fioretto_ldf,1,False,data/aider/slice_1,0.6418,0.8138,0.837,0.1379,0.2952,3.0,1,51,1.5084,74.0285
aider_cripple,results/pending_runs/aider_cripple/C2_no_pre/fioretto_ldf/seed_2,aider,MobileNetV3,0,L30_G30,fioretto_ldf,2,False,data/aider/slice_1,0.6053,0.7976,0.8227,0.1465,0.3167,7.0,1,29,1.346,44.5681
aider_cripple,results/pending_runs/aider_cripple/C2_no_pre/heuristic/seed_1,aider,MobileNetV3,0,L30_G30,heuristic,1,False,data/aider/slice_1,0.6516,0.8218,0.8387,0.1175,0.2708,123.0,0,-1,1.3503,0.4938
aider_cripple,results/pending_runs/aider_cripple/C2_no_pre/heuristic/seed_2,aider,MobileNetV3,0,L30_G30,heuristic,2,False,data/aider/slice_1,0.6257,0.804,0.8244,0.1346,0.2925,39.0,0,-1,1.7366,0.5136
aider_cripple,results/pending_runs/aider_cripple/C1_noisy15/tralo/seed_1,aider,MobileNetV3,0,L30_G30,tralo,1,True,data/aider_noisy15/slice_1,0.8008,0.8977,0.9118,0.0783,0.1645,2.0,1,61,213.7966,39.3789
aider_cripple,results/pending_runs/aider_cripple/C1_noisy15/tralo/seed_2,aider,MobileNetV3,0,L30_G30,tralo,2,True,data/aider_noisy15/slice_1,0.7988,0.8955,0.9101,0.0798,0.1636,1.0,1,65,217.906,251.9851
aider_cripple,results/pending_runs/aider_cripple/C1_noisy15/danits_lp/seed_1,aider,MobileNetV3,0,L30_G30,danits_lp,1,True,data/aider_noisy15/slice_1,0.8065,0.9027,0.9168,0.0249,0.0613,70.0,0,-1,0.9253,0.4506
aider_cripple,results/pending_runs/aider_cripple/C1_noisy15/danits_lp/seed_2,aider,MobileNetV3,0,L30_G30,danits_lp,2,True,data/aider_noisy15/slice_1,0.7982,0.8957,0.9101,0.0399,0.0812,77.0,0,-1,1.06,0.5329
aider_cripple,results/pending_runs/aider_cripple/C1_noisy15/fioretto_ldf/seed_1,aider,MobileNetV3,0,L30_G30,fioretto_ldf,1,True,data/aider_noisy15/slice_1,0.7941,0.8921,0.9067,0.0885,0.1777,8.0,1,15,1.3917,26.8683
aider_cripple,results/pending_runs/aider_cripple/C1_noisy15/fioretto_ldf/seed_2,aider,MobileNetV3,0,L30_G30,fioretto_ldf,2,True,data/aider_noisy15/slice_1,0.8004,0.8945,0.9092,0.0918,0.1868,10.0,1,13,1.4821,24.338
aider_cripple,results/pending_runs/aider_cripple/C1_noisy15/heuristic/seed_1,aider,MobileNetV3,0,L30_G30,heuristic,1,True,data/aider_noisy15/slice_1,0.8065,0.9027,0.9168,0.0249,0.0613,70.0,0,-1,1.9191,0.5086
aider_cripple,results/pending_runs/aider_cripple/C1_noisy15/heuristic/seed_2,aider,MobileNetV3,0,L30_G30,heuristic,2,True,data/aider_noisy15/slice_1,0.7982,0.8957,0.9101,0.0399,0.0812,77.0,0,-1,1.7963,0.5152
aider_cripple,results/pending_runs/aider_cripple/C3_noisy30/tralo/seed_1,aider,MobileNetV3,0,L30_G30,tralo,1,True,data/aider_noisy30/slice_1,0.7411,0.8662,0.8832,0.1023,0.2144,0.0,1,63,243.9048,53.1125
aider_cripple,results/pending_runs/aider_cripple/C3_noisy30/tralo/seed_2,aider,MobileNetV3,0,L30_G30,tralo,2,True,data/aider_noisy30/slice_1,0.716,0.856,0.8714,0.1029,0.2208,3.0,1,67,243.7116,40.7578
aider_cripple,results/pending_runs/aider_cripple/C3_noisy30/danits_lp/seed_1,aider,MobileNetV3,0,L30_G30,danits_lp,1,True,data/aider_noisy30/slice_1,0.742,0.8644,0.8798,0.0724,0.1625,98.0,0,-1,1.8073,0.5798
aider_cripple,results/pending_runs/aider_cripple/C3_noisy30/danits_lp/seed_2,aider,MobileNetV3,0,L30_G30,danits_lp,2,True,data/aider_noisy30/slice_1,0.6985,0.8443,0.863,0.0978,0.2083,44.0,0,-1,0.6553,0.4798
aider_cripple,results/pending_runs/aider_cripple/C3_noisy30/fioretto_ldf/seed_1,aider,MobileNetV3,0,L30_G30,fioretto_ldf,1,True,data/aider_noisy30/slice_1,0.7438,0.8658,0.8815,0.1009,0.2178,5.0,1,15,1.4594,27.131
aider_cripple,results/pending_runs/aider_cripple/C3_noisy30/fioretto_ldf/seed_2,aider,MobileNetV3,0,L30_G30,fioretto_ldf,2,True,data/aider_noisy30/slice_1,0.7178,0.8583,0.8731,0.1067,0.2297,8.0,1,16,1.3329,29.6155
aider_cripple,results/pending_runs/aider_cripple/C3_noisy30/heuristic/seed_1,aider,MobileNetV3,0,L30_G30,heuristic,1,True,data/aider_noisy30/slice_1,0.742,0.8644,0.8798,0.0724,0.1625,98.0,0,-1,1.4279,0.4456
aider_cripple,results/pending_runs/aider_cripple/C3_noisy30/heuristic/seed_2,aider,MobileNetV3,0,L30_G30,heuristic,2,True,data/aider_noisy30/slice_1,0.6985,0.8443,0.863,0.0978,0.2083,44.0,0,-1,1.2593,0.4797
derm_cripple,results/pending_runs/derm_cripple/jpeg/L20_G20/tralo/seed_1,dermmnist,MobileNetV3,4,L20_G20,tralo,1,True,data/dermmnist_jpeg/slice_1,0.5824,0.7566,0.7853,0.1811,0.3924,4.0,1,66,145.8737,21.1343
derm_cripple,results/pending_runs/derm_cripple/jpeg/L20_G20/tralo/seed_2,dermmnist,MobileNetV3,4,L20_G20,tralo,2,True,data/dermmnist_jpeg/slice_1,0.5805,0.7544,0.7858,0.1836,0.3898,3.0,1,68,144.9901,44.7591
derm_cripple,results/pending_runs/derm_cripple/jpeg/L20_G20/danits_lp/seed_1,dermmnist,MobileNetV3,4,L20_G20,danits_lp,1,True,data/dermmnist_jpeg/slice_1,0.5614,0.7471,0.7673,0.1807,0.3988,126.0,0,-1,0.7344,0.3897
derm_cripple,results/pending_runs/derm_cripple/jpeg/L20_G20/danits_lp/seed_2,dermmnist,MobileNetV3,4,L20_G20,danits_lp,2,True,data/dermmnist_jpeg/slice_1,0.591,0.7581,0.7828,0.1651,0.3696,182.0,0,-1,0.5234,0.3335
derm_cripple,results/pending_runs/derm_cripple/jpeg/L20_G20/fioretto_ldf/seed_1,dermmnist,MobileNetV3,4,L20_G20,fioretto_ldf,1,True,data/dermmnist_jpeg/slice_1,0.5726,0.7522,0.7828,0.1842,0.3929,11.0,1,15,0.0633,17.4494
derm_cripple,results/pending_runs/derm_cripple/jpeg/L20_G20/fioretto_ldf/seed_2,dermmnist,MobileNetV3,4,L20_G20,fioretto_ldf,2,True,data/dermmnist_jpeg/slice_1,0.5843,0.7541,0.7843,0.1844,0.3899,4.0,1,22,0.0807,22.5175
derm_cripple,results/pending_runs/derm_cripple/jpeg/L20_G20/heuristic/seed_1,dermmnist,MobileNetV3,4,L20_G20,heuristic,1,True,data/dermmnist_jpeg/slice_1,0.5614,0.7471,0.7673,0.1807,0.3988,126.0,0,-1,0.0732,0.3128
derm_cripple,results/pending_runs/derm_cripple/jpeg/L20_G20/heuristic/seed_2,dermmnist,MobileNetV3,4,L20_G20,heuristic,2,True,data/dermmnist_jpeg/slice_1,0.591,0.7581,0.7828,0.1651,0.3696,182.0,0,-1,0.0654,0.3245
derm_cripple,results/pending_runs/derm_cripple/jpeg/L30_G30/tralo/seed_1,dermmnist,MobileNetV3,4,L30_G30,tralo,1,True,data/dermmnist_jpeg/slice_1,0.5981,0.7679,0.7903,0.1737,0.3802,5.0,1,62,0.0659,18.6797
derm_cripple,results/pending_runs/derm_cripple/jpeg/L30_G30/tralo/seed_2,dermmnist,MobileNetV3,4,L30_G30,tralo,2,True,data/dermmnist_jpeg/slice_1,0.5856,0.7592,0.7853,0.1815,0.3847,4.0,1,68,0.077,36.4881
derm_cripple,results/pending_runs/derm_cripple/jpeg/L30_G30/danits_lp/seed_1,dermmnist,MobileNetV3,4,L30_G30,danits_lp,1,True,data/dermmnist_jpeg/slice_1,0.5723,0.7554,0.7703,0.1807,0.3988,104.0,0,-1,0.0664,0.3485
derm_cripple,results/pending_runs/derm_cripple/jpeg/L30_G30/danits_lp/seed_2,dermmnist,MobileNetV3,4,L30_G30,danits_lp,2,True,data/dermmnist_jpeg/slice_1,0.6003,0.7671,0.7858,0.1651,0.3696,160.0,0,-1,0.0696,0.3656
derm_cripple,results/pending_runs/derm_cripple/jpeg/L30_G30/fioretto_ldf/seed_1,dermmnist,MobileNetV3,4,L30_G30,fioretto_ldf,1,True,data/dermmnist_jpeg/slice_1,0.599,0.7681,0.7918,0.1771,0.3826,11.0,1,13,0.0789,15.7788
derm_cripple,results/pending_runs/derm_cripple/jpeg/L30_G30/fioretto_ldf/seed_2,dermmnist,MobileNetV3,4,L30_G30,fioretto_ldf,2,True,data/dermmnist_jpeg/slice_1,0.5927,0.7599,0.7848,0.1772,0.3816,12.0,1,18,0.0633,19.9425
derm_cripple,results/pending_runs/derm_cripple/jpeg/L30_G30/heuristic/seed_1,dermmnist,MobileNetV3,4,L30_G30,heuristic,1,True,data/dermmnist_jpeg/slice_1,0.5732,0.7562,0.7708,0.1807,0.3988,104.0,0,-1,0.0787,0.3528
derm_cripple,results/pending_runs/derm_cripple/jpeg/L30_G30/heuristic/seed_2,dermmnist,MobileNetV3,4,L30_G30,heuristic,2,True,data/dermmnist_jpeg/slice_1,0.6003,0.7671,0.7858,0.1651,0.3696,160.0,0,-1,0.0705,0.3381
derm_cripple,results/pending_runs/derm_cripple/jpeg/L50_G50/tralo/seed_1,dermmnist,MobileNetV3,4,L50_G50,tralo,1,True,data/dermmnist_jpeg/slice_1,0.5972,0.7747,0.7913,0.1721,0.3719,1.0,1,59,0.0634,21.688
derm_cripple,results/pending_runs/derm_cripple/jpeg/L50_G50/tralo/seed_2,dermmnist,MobileNetV3,4,L50_G50,tralo,2,True,data/dermmnist_jpeg/slice_1,0.5875,0.7675,0.7858,0.1825,0.3852,0.0,1,64,0.0685,387.8769
derm_cripple,results/pending_runs/derm_cripple/jpeg/L50_G50/danits_lp/seed_1,dermmnist,MobileNetV3,4,L50_G50,danits_lp,1,True,data/dermmnist_jpeg/slice_1,0.5905,0.7696,0.7768,0.1807,0.3988,60.0,0,-1,0.4676,0.4932
derm_cripple,results/pending_runs/derm_cripple/jpeg/L50_G50/danits_lp/seed_2,dermmnist,MobileNetV3,4,L50_G50,danits_lp,2,True,data/dermmnist_jpeg/slice_1,0.6187,0.7809,0.7913,0.1651,0.3696,116.0,0,-1,0.422,0.4922
derm_cripple,results/pending_runs/derm_cripple/jpeg/L50_G50/fioretto_ldf/seed_1,dermmnist,MobileNetV3,4,L50_G50,fioretto_ldf,1,True,data/dermmnist_jpeg/slice_1,0.6032,0.7771,0.7928,0.1691,0.3681,5.0,1,9,0.7462,19.4537
derm_cripple,results/pending_runs/derm_cripple/jpeg/L50_G50/fioretto_ldf/seed_2,dermmnist,MobileNetV3,4,L50_G50,fioretto_ldf,2,True,data/dermmnist_jpeg/slice_1,0.6088,0.7764,0.7923,0.1696,0.3702,23.0,1,15,0.519,34.0846
derm_cripple,results/pending_runs/derm_cripple/jpeg/L50_G50/heuristic/seed_1,dermmnist,MobileNetV3,4,L50_G50,heuristic,1,True,data/dermmnist_jpeg/slice_1,0.5905,0.7696,0.7768,0.1807,0.3988,60.0,0,-1,0.4609,0.4487
derm_cripple,results/pending_runs/derm_cripple/jpeg/L50_G50/heuristic/seed_2,dermmnist,MobileNetV3,4,L50_G50,heuristic,2,True,data/dermmnist_jpeg/slice_1,0.6187,0.7809,0.7913,0.1651,0.3696,116.0,0,-1,0.4448,0.4064
derm_cripple,results/pending_runs/derm_cripple/noise/L20_G20/tralo/seed_1,dermmnist,MobileNetV3,4,L20_G20,tralo,1,True,data/dermmnist_noise/slice_1,0.512,0.7186,0.7584,0.2177,0.456,0.0,1,65,265.2634,667.9688
derm_cripple,results/pending_runs/derm_cripple/noise/L20_G20/tralo/seed_2,dermmnist,MobileNetV3,4,L20_G20,tralo,2,True,data/dermmnist_noise/slice_1,0.5064,0.7198,0.7499,0.2179,0.458,3.0,1,67,405.3522,911.5903
derm_cripple,results/pending_runs/derm_cripple/noise/L20_G20/danits_lp/seed_1,dermmnist,MobileNetV3,4,L20_G20,danits_lp,1,True,data/dermmnist_noise/slice_1,0.5065,0.7159,0.7484,0.2008,0.4286,106.0,0,-1,1.6965,0.5985
derm_cripple,results/pending_runs/derm_cripple/noise/L20_G20/danits_lp/seed_2,dermmnist,MobileNetV3,4,L20_G20,danits_lp,2,True,data/dermmnist_noise/slice_1,0.5086,0.7211,0.7464,0.196,0.4272,95.0,0,-1,1.7728,0.5342
derm_cripple,results/pending_runs/derm_cripple/noise/L20_G20/fioretto_ldf/seed_1,dermmnist,MobileNetV3,4,L20_G20,fioretto_ldf,1,True,data/dermmnist_noise/slice_1,0.5246,0.7198,0.7574,0.2147,0.4514,8.0,1,15,0.3617,46.0728
derm_cripple,results/pending_runs/derm_cripple/noise/L20_G20/fioretto_ldf/seed_2,dermmnist,MobileNetV3,4,L20_G20,fioretto_ldf,2,True,data/dermmnist_noise/slice_1,0.5155,0.7179,0.7494,0.2222,0.4656,16.0,1,17,1.5912,46.5427
derm_cripple,results/pending_runs/derm_cripple/noise/L20_G20/heuristic/seed_1,dermmnist,MobileNetV3,4,L20_G20,heuristic,1,True,data/dermmnist_noise/slice_1,0.5065,0.7159,0.7484,0.2008,0.4286,106.0,0,-1,1.4348,0.6106
derm_cripple,results/pending_runs/derm_cripple/noise/L20_G20/heuristic/seed_2,dermmnist,MobileNetV3,4,L20_G20,heuristic,2,True,data/dermmnist_noise/slice_1,0.5086,0.7211,0.7464,0.196,0.4272,95.0,0,-1,1.1642,0.5669
derm_cripple,results/pending_runs/derm_cripple/noise/L30_G30/tralo/seed_1,dermmnist,MobileNetV3,4,L30_G30,tralo,1,True,data/dermmnist_noise/slice_1,0.5343,0.7263,0.7584,0.2119,0.4443,5.0,1,62,1.4214,75.1996
derm_cripple,results/pending_runs/derm_cripple/noise/L30_G30/tralo/seed_2,dermmnist,MobileNetV3,4,L30_G30,tralo,2,True,data/dermmnist_noise/slice_1,0.5211,0.7318,0.7524,0.2124,0.4487,9.0,1,64,0.6306,64.6344
derm_cripple,results/pending_runs/derm_cripple/noise/L30_G30/danits_lp/seed_1,dermmnist,MobileNetV3,4,L30_G30,danits_lp,1,True,data/dermmnist_noise/slice_1,0.5161,0.7246,0.7519,0.2008,0.4286,84.0,0,-1,1.6085,0.6176
derm_cripple,results/pending_runs/derm_cripple/noise/L30_G30/danits_lp/seed_2,dermmnist,MobileNetV3,4,L30_G30,danits_lp,2,True,data/dermmnist_noise/slice_1,0.523,0.7332,0.7524,0.196,0.4272,73.0,0,-1,1.877,0.6714
derm_cripple,results/pending_runs/derm_cripple/noise/L30_G30/fioretto_ldf/seed_1,dermmnist,MobileNetV3,4,L30_G30,fioretto_ldf,1,True,data/dermmnist_noise/slice_1,0.5318,0.7263,0.7574,0.2102,0.4427,10.0,1,13,1.8329,46.2672
derm_cripple,results/pending_runs/derm_cripple/noise/L30_G30/fioretto_ldf/seed_2,dermmnist,MobileNetV3,4,L30_G30,fioretto_ldf,2,True,data/dermmnist_noise/slice_1,0.5367,0.7325,0.7564,0.2146,0.4524,20.0,1,14,1.9226,48.6064
derm_cripple,results/pending_runs/derm_cripple/noise/L30_G30/heuristic/seed_1,dermmnist,MobileNetV3,4,L30_G30,heuristic,1,True,data/dermmnist_noise/slice_1,0.5161,0.7246,0.7519,0.2008,0.4286,84.0,0,-1,2.0028,0.6224
derm_cripple,results/pending_runs/derm_cripple/noise/L30_G30/heuristic/seed_2,dermmnist,MobileNetV3,4,L30_G30,heuristic,2,True,data/dermmnist_noise/slice_1,0.523,0.7332,0.7524,0.196,0.4272,73.0,0,-1,1.7883,0.6092
derm_cripple,results/pending_runs/derm_cripple/noise/L50_G50/tralo/seed_1,dermmnist,MobileNetV3,4,L50_G50,tralo,1,True,data/dermmnist_noise/slice_1,0.5631,0.745,0.7668,0.1988,0.4282,11.0,1,59,1.6947,83.2511
derm_cripple,results/pending_runs/derm_cripple/noise/L50_G50/tralo/seed_2,dermmnist,MobileNetV3,4,L50_G50,tralo,2,True,data/dermmnist_noise/slice_1,0.5338,0.7438,0.7554,0.2016,0.433,3.0,1,60,1.4753,168.8561
derm_cripple,results/pending_runs/derm_cripple/noise/L50_G50/danits_lp/seed_1,dermmnist,MobileNetV3,4,L50_G50,danits_lp,1,True,data/dermmnist_noise/slice_1,0.5261,0.7311,0.7529,0.2008,0.4286,40.0,0,-1,1.9148,0.6605
derm_cripple,results/pending_runs/derm_cripple/noise/L50_G50/danits_lp/seed_2,dermmnist,MobileNetV3,4,L50_G50,danits_lp,2,True,data/dermmnist_noise/slice_1,0.5359,0.7412,0.7549,0.196,0.4272,29.0,0,-1,1.9146,0.6461
derm_cripple,results/pending_runs/derm_cripple/noise/L50_G50/fioretto_ldf/seed_1,dermmnist,MobileNetV3,4,L50_G50,fioretto_ldf,1,True,data/dermmnist_noise/slice_1,0.556,0.7435,0.7649,0.203,0.4327,31.0,1,9,1.7247,35.0624
derm_cripple,results/pending_runs/derm_cripple/noise/L50_G50/fioretto_ldf/seed_2,dermmnist,MobileNetV3,4,L50_G50,fioretto_ldf,2,True,data/dermmnist_noise/slice_1,0.5476,0.7432,0.7594,0.2032,0.4348,36.0,1,11,1.2898,41.1701
derm_cripple,results/pending_runs/derm_cripple/noise/L50_G50/heuristic/seed_1,dermmnist,MobileNetV3,4,L50_G50,heuristic,1,True,data/dermmnist_noise/slice_1,0.525,0.7313,0.7529,0.2008,0.4286,40.0,0,-1,1.5956,0.5836
derm_cripple,results/pending_runs/derm_cripple/noise/L50_G50/heuristic/seed_2,dermmnist,MobileNetV3,4,L50_G50,heuristic,2,True,data/dermmnist_noise/slice_1,0.5357,0.7409,0.7544,0.196,0.4272,29.0,0,-1,2.0059,0.5909
derm_cripple,results/pending_runs/derm_cripple/defocus/L20_G20/tralo/seed_1,dermmnist,MobileNetV3,4,L20_G20,tralo,1,True,data/dermmnist_defocus/slice_1,0.6515,0.7835,0.8083,0.1594,0.3442,4.0,1,71,406.3278,98.9104
derm_cripple,results/pending_runs/derm_cripple/defocus/L20_G20/tralo/seed_2,dermmnist,MobileNetV3,4,L20_G20,tralo,2,True,data/dermmnist_defocus/slice_1,0.6481,0.7806,0.8058,0.1652,0.3551,4.0,1,68,349.4951,89.1694
derm_cripple,results/pending_runs/derm_cripple/defocus/L20_G20/danits_lp/seed_1,dermmnist,MobileNetV3,4,L20_G20,danits_lp,1,True,data/dermmnist_defocus/slice_1,0.6309,0.7771,0.8033,0.1504,0.3291,186.0,0,-1,1.7618,0.6054
derm_cripple,results/pending_runs/derm_cripple/defocus/L20_G20/danits_lp/seed_2,dermmnist,MobileNetV3,4,L20_G20,danits_lp,2,True,data/dermmnist_defocus/slice_1,0.6464,0.7781,0.8023,0.1474,0.3265,157.0,0,-1,1.6589,0.6193
derm_cripple,results/pending_runs/derm_cripple/defocus/L20_G20/fioretto_ldf/seed_1,dermmnist,MobileNetV3,4,L20_G20,fioretto_ldf,1,True,data/dermmnist_defocus/slice_1,0.6419,0.7785,0.8068,0.1656,0.3534,13.0,1,19,1.2805,44.0417
derm_cripple,results/pending_runs/derm_cripple/defocus/L20_G20/fioretto_ldf/seed_2,dermmnist,MobileNetV3,4,L20_G20,fioretto_ldf,2,True,data/dermmnist_defocus/slice_1,0.6464,0.7782,0.8013,0.1713,0.365,15.0,1,18,1.4796,54.1744
derm_cripple,results/pending_runs/derm_cripple/defocus/L20_G20/heuristic/seed_1,dermmnist,MobileNetV3,4,L20_G20,heuristic,1,True,data/dermmnist_defocus/slice_1,0.6294,0.7772,0.8033,0.1504,0.3291,186.0,0,-1,0.6533,0.3971
derm_cripple,results/pending_runs/derm_cripple/defocus/L20_G20/heuristic/seed_2,dermmnist,MobileNetV3,4,L20_G20,heuristic,2,True,data/dermmnist_defocus/slice_1,0.6464,0.7781,0.8023,0.1474,0.3265,157.0,0,-1,1.5283,0.5811
derm_cripple,results/pending_runs/derm_cripple/defocus/L30_G30/tralo/seed_1,dermmnist,MobileNetV3,4,L30_G30,tralo,1,True,data/dermmnist_defocus/slice_1,0.6772,0.7971,0.8163,0.1527,0.3337,2.0,1,66,1.6025,103.3829
derm_cripple,results/pending_runs/derm_cripple/defocus/L30_G30/tralo/seed_2,dermmnist,MobileNetV3,4,L30_G30,tralo,2,True,data/dermmnist_defocus/slice_1,0.6561,0.786,0.8023,0.1655,0.3515,8.0,1,65,2.0973,98.1219
derm_cripple,results/pending_runs/derm_cripple/defocus/L30_G30/danits_lp/seed_1,dermmnist,MobileNetV3,4,L30_G30,danits_lp,1,True,data/dermmnist_defocus/slice_1,0.6411,0.7845,0.8058,0.1504,0.3291,164.0,0,-1,1.0317,0.5578
derm_cripple,results/pending_runs/derm_cripple/defocus/L30_G30/danits_lp/seed_2,dermmnist,MobileNetV3,4,L30_G30,danits_lp,2,True,data/dermmnist_defocus/slice_1,0.6585,0.7882,0.8068,0.1474,0.3265,135.0,0,-1,1.2504,0.5255
derm_cripple,results/pending_runs/derm_cripple/defocus/L30_G30/fioretto_ldf/seed_1,dermmnist,MobileNetV3,4,L30_G30,fioretto_ldf,1,True,data/dermmnist_defocus/slice_1,0.6693,0.7927,0.8133,0.1582,0.3394,10.0,1,16,1.3343,43.0185
derm_cripple,results/pending_runs/derm_cripple/defocus/L30_G30/fioretto_ldf/seed_2,dermmnist,MobileNetV3,4,L30_G30,fioretto_ldf,2,True,data/dermmnist_defocus/slice_1,0.6604,0.7893,0.8068,0.1654,0.3498,12.0,1,16,1.3375,41.8251
derm_cripple,results/pending_runs/derm_cripple/defocus/L30_G30/heuristic/seed_1,dermmnist,MobileNetV3,4,L30_G30,heuristic,1,True,data/dermmnist_defocus/slice_1,0.6415,0.7853,0.8063,0.1504,0.3291,164.0,0,-1,0.6721,0.5238
derm_cripple,results/pending_runs/derm_cripple/defocus/L30_G30/heuristic/seed_2,dermmnist,MobileNetV3,4,L30_G30,heuristic,2,True,data/dermmnist_defocus/slice_1,0.6585,0.7882,0.8068,0.1474,0.3265,135.0,0,-1,1.2609,0.5024
derm_cripple,results/pending_runs/derm_cripple/defocus/L50_G50/tralo/seed_1,dermmnist,MobileNetV3,4,L50_G50,tralo,1,True,data/dermmnist_defocus/slice_1,0.6792,0.8032,0.8168,0.151,0.3273,1.0,1,62,1.528,118.7689
derm_cripple,results/pending_runs/derm_cripple/defocus/L50_G50/tralo/seed_2,dermmnist,MobileNetV3,4,L50_G50,tralo,2,True,data/dermmnist_defocus/slice_1,0.6807,0.8045,0.8143,0.153,0.3337,3.0,1,62,1.202,441.5362
derm_cripple,results/pending_runs/derm_cripple/defocus/L50_G50/danits_lp/seed_1,dermmnist,MobileNetV3,4,L50_G50,danits_lp,1,True,data/dermmnist_defocus/slice_1,0.6586,0.7987,0.8118,0.1504,0.3291,120.0,0,-1,1.6074,0.5835
derm_cripple,results/pending_runs/derm_cripple/defocus/L50_G50/danits_lp/seed_2,dermmnist,MobileNetV3,4,L50_G50,danits_lp,2,True,data/dermmnist_defocus/slice_1,0.6752,0.8046,0.8153,0.1474,0.3265,91.0,0,-1,1.6563,0.6055
derm_cripple,results/pending_runs/derm_cripple/defocus/L50_G50/fioretto_ldf/seed_1,dermmnist,MobileNetV3,4,L50_G50,fioretto_ldf,1,True,data/dermmnist_defocus/slice_1,0.6835,0.8046,0.8173,0.149,0.3235,13.0,1,12,1.6992,38.7151
derm_cripple,results/pending_runs/derm_cripple/defocus/L50_G50/fioretto_ldf/seed_2,dermmnist,MobileNetV3,4,L50_G50,fioretto_ldf,2,True,data/dermmnist_defocus/slice_1,0.6787,0.8029,0.8128,0.1527,0.3317,5.0,1,12,1.7834,40.9944
derm_cripple,results/pending_runs/derm_cripple/defocus/L50_G50/heuristic/seed_1,dermmnist,MobileNetV3,4,L50_G50,heuristic,1,True,data/dermmnist_defocus/slice_1,0.6586,0.7987,0.8118,0.1504,0.3291,120.0,0,-1,1.6461,0.5486
derm_cripple,results/pending_runs/derm_cripple/defocus/L50_G50/heuristic/seed_2,dermmnist,MobileNetV3,4,L50_G50,heuristic,2,True,data/dermmnist_defocus/slice_1,0.6783,0.807,0.8173,0.1474,0.3265,91.0,0,-1,1.6346,0.5492
derm_cripple,results/pending_runs/derm_cripple/color/L20_G20/tralo/seed_1,dermmnist,MobileNetV3,4,L20_G20,tralo,1,True,data/dermmnist_color/slice_1,0.633,0.7785,0.8063,0.1678,0.3555,6.0,1,68,362.1597,41.1361
derm_cripple,results/pending_runs/derm_cripple/color/L20_G20/tralo/seed_2,dermmnist,MobileNetV3,4,L20_G20,tralo,2,True,data/dermmnist_color/slice_1,0.5872,0.7646,0.7963,0.1763,0.3692,1.0,1,68,242.9077,59.085
derm_cripple,results/pending_runs/derm_cripple/color/L20_G20/danits_lp/seed_1,dermmnist,MobileNetV3,4,L20_G20,danits_lp,1,True,data/dermmnist_color/slice_1,0.6223,0.7808,0.8043,0.1384,0.312,152.0,0,-1,1.2302,0.5031
derm_cripple,results/pending_runs/derm_cripple/color/L20_G20/danits_lp/seed_2,dermmnist,MobileNetV3,4,L20_G20,danits_lp,2,True,data/dermmnist_color/slice_1,0.615,0.7792,0.8013,0.1436,0.317,143.0,0,-1,0.1108,0.3222
derm_cripple,results/pending_runs/derm_cripple/color/L20_G20/fioretto_ldf/seed_1,dermmnist,MobileNetV3,4,L20_G20,fioretto_ldf,1,True,data/dermmnist_color/slice_1,0.632,0.7765,0.8058,0.1683,0.3596,6.0,1,20,0.4654,42.7768
derm_cripple,results/pending_runs/derm_cripple/color/L20_G20/fioretto_ldf/seed_2,dermmnist,MobileNetV3,4,L20_G20,fioretto_ldf,2,True,data/dermmnist_color/slice_1,0.5945,0.7632,0.7958,0.1797,0.3765,7.0,1,18,0.481,34.3763
derm_cripple,results/pending_runs/derm_cripple/color/L20_G20/heuristic/seed_1,dermmnist,MobileNetV3,4,L20_G20,heuristic,1,True,data/dermmnist_color/slice_1,0.6223,0.7808,0.8043,0.1384,0.312,152.0,0,-1,0.0593,0.2894
derm_cripple,results/pending_runs/derm_cripple/color/L20_G20/heuristic/seed_2,dermmnist,MobileNetV3,4,L20_G20,heuristic,2,True,data/dermmnist_color/slice_1,0.6144,0.7793,0.8013,0.1436,0.317,143.0,0,-1,0.1218,0.3701
derm_cripple,results/pending_runs/derm_cripple/color/L30_G30/tralo/seed_1,dermmnist,MobileNetV3,4,L30_G30,tralo,1,True,data/dermmnist_color/slice_1,0.6423,0.7884,0.8123,0.1598,0.3459,6.0,1,67,0.5751,68.7952
derm_cripple,results/pending_runs/derm_cripple/color/L30_G30/tralo/seed_2,dermmnist,MobileNetV3,4,L30_G30,tralo,2,True,data/dermmnist_color/slice_1,0.6243,0.7907,0.8123,0.1565,0.3381,1.0,1,66,0.8922,396.7025
derm_cripple,results/pending_runs/derm_cripple/color/L30_G30/danits_lp/seed_1,dermmnist,MobileNetV3,4,L30_G30,danits_lp,1,True,data/dermmnist_color/slice_1,0.6379,0.7939,0.8108,0.1384,0.312,130.0,0,-1,0.312,0.4158
derm_cripple,results/pending_runs/derm_cripple/color/L30_G30/danits_lp/seed_2,dermmnist,MobileNetV3,4,L30_G30,danits_lp,2,True,data/dermmnist_color/slice_1,0.6267,0.7876,0.8043,0.1436,0.317,121.0,0,-1,0.353,0.4176
derm_cripple,results/pending_runs/derm_cripple/color/L30_G30/fioretto_ldf/seed_1,dermmnist,MobileNetV3,4,L30_G30,fioretto_ldf,1,True,data/dermmnist_color/slice_1,0.6373,0.7898,0.8118,0.1588,0.3401,6.0,1,17,0.3775,27.6604
derm_cripple,results/pending_runs/derm_cripple/color/L30_G30/fioretto_ldf/seed_2,dermmnist,MobileNetV3,4,L30_G30,fioretto_ldf,2,True,data/dermmnist_color/slice_1,0.6318,0.7828,0.8078,0.1701,0.3574,16.0,1,16,0.3696,26.6098
derm_cripple,results/pending_runs/derm_cripple/color/L30_G30/heuristic/seed_1,dermmnist,MobileNetV3,4,L30_G30,heuristic,1,True,data/dermmnist_color/slice_1,0.6376,0.7938,0.8108,0.1384,0.312,130.0,0,-1,0.4075,0.3807
derm_cripple,results/pending_runs/derm_cripple/color/L30_G30/heuristic/seed_2,dermmnist,MobileNetV3,4,L30_G30,heuristic,2,True,data/dermmnist_color/slice_1,0.6267,0.7876,0.8043,0.1436,0.317,121.0,0,-1,0.356,0.3764
derm_cripple,results/pending_runs/derm_cripple/color/L50_G50/tralo/seed_1,dermmnist,MobileNetV3,4,L50_G50,tralo,1,True,data/dermmnist_color/slice_1,0.6736,0.8103,0.8228,0.152,0.3252,0.0,1,63,0.4042,332.0571
derm_cripple,results/pending_runs/derm_cripple/color/L50_G50/tralo/seed_2,dermmnist,MobileNetV3,4,L50_G50,tralo,2,True,data/dermmnist_color/slice_1,0.6464,0.8054,0.8193,0.1467,0.3149,5.0,1,60,0.5038,50.4239
derm_cripple,results/pending_runs/derm_cripple/color/L50_G50/danits_lp/seed_1,dermmnist,MobileNetV3,4,L50_G50,danits_lp,1,True,data/dermmnist_color/slice_1,0.6524,0.8108,0.8203,0.1384,0.312,86.0,0,-1,0.5245,0.5182
derm_cripple,results/pending_runs/derm_cripple/color/L50_G50/danits_lp/seed_2,dermmnist,MobileNetV3,4,L50_G50,danits_lp,2,True,data/dermmnist_color/slice_1,0.6541,0.8048,0.8143,0.1436,0.317,77.0,0,-1,0.0947,0.5045
derm_cripple,results/pending_runs/derm_cripple/color/L50_G50/fioretto_ldf/seed_1,dermmnist,MobileNetV3,4,L50_G50,fioretto_ldf,1,True,data/dermmnist_color/slice_1,0.6741,0.8116,0.8243,0.1459,0.3208,11.0,1,13,0.5313,41.9652
derm_cripple,results/pending_runs/derm_cripple/color/L50_G50/fioretto_ldf/seed_2,dermmnist,MobileNetV3,4,L50_G50,fioretto_ldf,2,True,data/dermmnist_color/slice_1,0.6542,0.8054,0.8198,0.1461,0.3161,8.0,1,10,2.2913,45.18
derm_cripple,results/pending_runs/derm_cripple/color/L50_G50/heuristic/seed_1,dermmnist,MobileNetV3,4,L50_G50,heuristic,1,True,data/dermmnist_color/slice_1,0.6524,0.8108,0.8203,0.1384,0.312,86.0,0,-1,2.3836,0.6579
derm_cripple,results/pending_runs/derm_cripple/color/L50_G50/heuristic/seed_2,dermmnist,MobileNetV3,4,L50_G50,heuristic,2,True,data/dermmnist_color/slice_1,0.6539,0.8044,0.8138,0.1436,0.317,77.0,0,-1,2.4312,0.6733
derm_cripple,results/pending_runs/derm_cripple/blur/L20_G20/tralo/seed_1,dermmnist,MobileNetV3,4,L20_G20,tralo,1,True,data/dermmnist_blur/slice_1,0.6517,0.7904,0.8153,0.16,0.3391,4.0,1,66,416.8719,1228.3014
derm_cripple,results/pending_runs/derm_cripple/blur/L20_G20/tralo/seed_2,dermmnist,MobileNetV3,4,L20_G20,tralo,2,True,data/dermmnist_blur/slice_1,0.652,0.798,0.8203,0.1522,0.3244,2.0,1,68,408.7775,113.5134
derm_cripple,results/pending_runs/derm_cripple/blur/L20_G20/danits_lp/seed_1,dermmnist,MobileNetV3,4,L20_G20,danits_lp,1,True,data/dermmnist_blur/slice_1,0.6566,0.7883,0.8158,0.1288,0.2867,131.0,0,-1,2.6511,0.6951
derm_cripple,results/pending_runs/derm_cripple/blur/L20_G20/danits_lp/seed_2,dermmnist,MobileNetV3,4,L20_G20,danits_lp,2,True,data/dermmnist_blur/slice_1,0.6635,0.7959,0.8203,0.1241,0.2859,113.0,0,-1,2.2636,0.6752
derm_cripple,results/pending_runs/derm_cripple/blur/L20_G20/fioretto_ldf/seed_1,dermmnist,MobileNetV3,4,L20_G20,fioretto_ldf,1,True,data/dermmnist_blur/slice_1,0.6525,0.7868,0.8133,0.1626,0.3417,7.0,1,16,2.2538,56.99
derm_cripple,results/pending_runs/derm_cripple/blur/L20_G20/fioretto_ldf/seed_2,dermmnist,MobileNetV3,4,L20_G20,fioretto_ldf,2,True,data/dermmnist_blur/slice_1,0.6492,0.7965,0.8208,0.1562,0.3309,12.0,1,24,1.3983,71.33
derm_cripple,results/pending_runs/derm_cripple/blur/L20_G20/heuristic/seed_1,dermmnist,MobileNetV3,4,L20_G20,heuristic,1,True,data/dermmnist_blur/slice_1,0.6565,0.7884,0.8158,0.1288,0.2867,131.0,0,-1,1.8351,0.5766
derm_cripple,results/pending_runs/derm_cripple/blur/L20_G20/heuristic/seed_2,dermmnist,MobileNetV3,4,L20_G20,heuristic,2,True,data/dermmnist_blur/slice_1,0.6635,0.7959,0.8203,0.1241,0.2859,113.0,0,-1,1.8154,0.5867
derm_cripple,results/pending_runs/derm_cripple/blur/L30_G30/tralo/seed_1,dermmnist,MobileNetV3,4,L30_G30,tralo,1,True,data/dermmnist_blur/slice_1,0.6642,0.7933,0.8168,0.1557,0.3289,1.0,1,64,1.9272,185.8041
derm_cripple,results/pending_runs/derm_cripple/blur/L30_G30/tralo/seed_2,dermmnist,MobileNetV3,4,L30_G30,tralo,2,True,data/dermmnist_blur/slice_1,0.673,0.8105,0.8283,0.1441,0.3103,0.0,1,70,1.8383,528.1296
derm_cripple,results/pending_runs/derm_cripple/blur/L30_G30/danits_lp/seed_1,dermmnist,MobileNetV3,4,L30_G30,danits_lp,1,True,data/dermmnist_blur/slice_1,0.6714,0.8014,0.8223,0.1288,0.2867,109.0,0,-1,1.1489,0.5339
derm_cripple,results/pending_runs/derm_cripple/blur/L30_G30/danits_lp/seed_2,dermmnist,MobileNetV3,4,L30_G30,danits_lp,2,True,data/dermmnist_blur/slice_1,0.68,0.8097,0.8278,0.1241,0.2859,91.0,0,-1,1.2783,0.5324
derm_cripple,results/pending_runs/derm_cripple/blur/L30_G30/fioretto_ldf/seed_1,dermmnist,MobileNetV3,4,L30_G30,fioretto_ldf,1,True,data/dermmnist_blur/slice_1,0.6816,0.8032,0.8228,0.1518,0.327,14.0,1,14,1.2745,38.1306
derm_cripple,results/pending_runs/derm_cripple/blur/L30_G30/fioretto_ldf/seed_2,dermmnist,MobileNetV3,4,L30_G30,fioretto_ldf,2,True,data/dermmnist_blur/slice_1,0.6724,0.8091,0.8273,0.1441,0.3131,7.0,1,20,1.2801,49.3677
derm_cripple,results/pending_runs/derm_cripple/blur/L30_G30/heuristic/seed_1,dermmnist,MobileNetV3,4,L30_G30,heuristic,1,True,data/dermmnist_blur/slice_1,0.6714,0.8014,0.8223,0.1288,0.2867,109.0,0,-1,1.3263,0.4942
derm_cripple,results/pending_runs/derm_cripple/blur/L30_G30/heuristic/seed_2,dermmnist,MobileNetV3,4,L30_G30,heuristic,2,True,data/dermmnist_blur/slice_1,0.68,0.8097,0.8278,0.1241,0.2859,91.0,0,-1,1.2808,0.4868
derm_cripple,results/pending_runs/derm_cripple/blur/L50_G50/tralo/seed_1,dermmnist,MobileNetV3,4,L50_G50,tralo,1,True,data/dermmnist_blur/slice_1,0.6919,0.8182,0.8313,0.1428,0.3026,1.0,1,61,1.3242,556.1693
derm_cripple,results/pending_runs/derm_cripple/blur/L50_G50/tralo/seed_2,dermmnist,MobileNetV3,4,L50_G50,tralo,2,True,data/dermmnist_blur/slice_1,0.7042,0.8272,0.8377,0.132,0.2899,8.0,1,61,1.2641,68.1339
derm_cripple,results/pending_runs/derm_cripple/blur/L50_G50/danits_lp/seed_1,dermmnist,MobileNetV3,4,L50_G50,danits_lp,1,True,data/dermmnist_blur/slice_1,0.6992,0.8211,0.8337,0.1288,0.2867,65.0,0,-1,1.2874,0.536
derm_cripple,results/pending_runs/derm_cripple/blur/L50_G50/danits_lp/seed_2,dermmnist,MobileNetV3,4,L50_G50,danits_lp,2,True,data/dermmnist_blur/slice_1,0.6957,0.8214,0.8328,0.1241,0.2859,47.0,0,-1,1.318,0.528
derm_cripple,results/pending_runs/derm_cripple/blur/L50_G50/fioretto_ldf/seed_1,dermmnist,MobileNetV3,4,L50_G50,fioretto_ldf,1,True,data/dermmnist_blur/slice_1,0.6976,0.8192,0.8313,0.1408,0.3049,20.0,1,11,1.1433,32.589
derm_cripple,results/pending_runs/derm_cripple/blur/L50_G50/fioretto_ldf/seed_2,dermmnist,MobileNetV3,4,L50_G50,fioretto_ldf,2,True,data/dermmnist_blur/slice_1,0.7042,0.8271,0.8372,0.1329,0.2904,10.0,1,12,1.2808,34.7766
derm_cripple,results/pending_runs/derm_cripple/blur/L50_G50/heuristic/seed_1,dermmnist,MobileNetV3,4,L50_G50,heuristic,1,True,data/dermmnist_blur/slice_1,0.699,0.8211,0.8337,0.1288,0.2867,65.0,0,-1,1.3104,0.4934
derm_cripple,results/pending_runs/derm_cripple/blur/L50_G50/heuristic/seed_2,dermmnist,MobileNetV3,4,L50_G50,heuristic,2,True,data/dermmnist_blur/slice_1,0.6957,0.8214,0.8328,0.1241,0.2859,47.0,0,-1,1.3505,0.4934
derm_backbone_weak,results/pending_runs/derm_backbone_weak/shuffle/L20_G20/tralo/seed_1,dermmnist,ShuffleNetV2,4,L20_G20,tralo,1,True,data/dermmnist/slice_1,0.6412,0.7864,0.8148,0.1482,0.3266,4.0,1,81,1.6024,91.8192
derm_backbone_weak,results/pending_runs/derm_backbone_weak/shuffle/L20_G20/tralo/seed_2,dermmnist,ShuffleNetV2,4,L20_G20,tralo,2,True,data/dermmnist/slice_1,0.6347,0.7806,0.8113,0.1518,0.3344,2.0,1,76,1.4015,61.6635
derm_backbone_weak,results/pending_runs/derm_backbone_weak/shuffle/L20_G20/danits_lp/seed_1,dermmnist,ShuffleNetV2,4,L20_G20,danits_lp,1,True,data/dermmnist/slice_1,0.6358,0.7818,0.8113,0.1279,0.2946,183.0,0,-1,0.5332,0.2982
derm_backbone_weak,results/pending_runs/derm_backbone_weak/shuffle/L20_G20/danits_lp/seed_2,dermmnist,ShuffleNetV2,4,L20_G20,danits_lp,2,True,data/dermmnist/slice_1,0.6449,0.7914,0.8173,0.1178,0.2763,114.0,0,-1,0.5817,0.2659
derm_backbone_weak,results/pending_runs/derm_backbone_weak/shuffle/L20_G20/fioretto_ldf/seed_1,dermmnist,ShuffleNetV2,4,L20_G20,fioretto_ldf,1,True,data/dermmnist/slice_1,0.6342,0.7822,0.8118,0.1528,0.3344,9.0,1,29,0.5236,24.5164
derm_backbone_weak,results/pending_runs/derm_backbone_weak/shuffle/L20_G20/fioretto_ldf/seed_2,dermmnist,ShuffleNetV2,4,L20_G20,fioretto_ldf,2,True,data/dermmnist/slice_1,0.6308,0.7825,0.8123,0.1498,0.3322,4.0,1,26,0.5326,22.8414
derm_backbone_weak,results/pending_runs/derm_backbone_weak/shuffle/L20_G20/heuristic/seed_1,dermmnist,ShuffleNetV2,4,L20_G20,heuristic,1,True,data/dermmnist/slice_1,0.6358,0.7818,0.8113,0.1279,0.2946,183.0,0,-1,0.5391,0.259
derm_backbone_weak,results/pending_runs/derm_backbone_weak/shuffle/L20_G20/heuristic/seed_2,dermmnist,ShuffleNetV2,4,L20_G20,heuristic,2,True,data/dermmnist/slice_1,0.6449,0.7914,0.8173,0.1178,0.2763,114.0,0,-1,0.6232,0.2492
derm_backbone_weak,results/pending_runs/derm_backbone_weak/shuffle/L30_G30/tralo/seed_1,dermmnist,ShuffleNetV2,4,L30_G30,tralo,1,True,data/dermmnist/slice_1,0.6642,0.8035,0.8243,0.1357,0.3071,1.0,1,74,0.606,52.2274
derm_backbone_weak,results/pending_runs/derm_backbone_weak/shuffle/L30_G30/tralo/seed_2,dermmnist,ShuffleNetV2,4,L30_G30,tralo,2,True,data/dermmnist/slice_1,0.6506,0.8007,0.8233,0.1385,0.3119,3.0,1,71,0.558,38.0844
derm_backbone_weak,results/pending_runs/derm_backbone_weak/shuffle/L30_G30/danits_lp/seed_1,dermmnist,ShuffleNetV2,4,L30_G30,danits_lp,1,True,data/dermmnist/slice_1,0.6523,0.7978,0.8198,0.1279,0.2946,161.0,0,-1,0.5925,0.3362
derm_backbone_weak,results/pending_runs/derm_backbone_weak/shuffle/L30_G30/danits_lp/seed_2,dermmnist,ShuffleNetV2,4,L30_G30,danits_lp,2,True,data/dermmnist/slice_1,0.6553,0.8015,0.8218,0.1178,0.2763,92.0,0,-1,0.4968,0.2679
derm_backbone_weak,results/pending_runs/derm_backbone_weak/shuffle/L30_G30/fioretto_ldf/seed_1,dermmnist,ShuffleNetV2,4,L30_G30,fioretto_ldf,1,True,data/dermmnist/slice_1,0.6632,0.8037,0.8253,0.1381,0.3133,8.0,1,24,0.6051,21.7157
derm_backbone_weak,results/pending_runs/derm_backbone_weak/shuffle/L30_G30/fioretto_ldf/seed_2,dermmnist,ShuffleNetV2,4,L30_G30,fioretto_ldf,2,True,data/dermmnist/slice_1,0.65,0.8019,0.8243,0.1404,0.3142,9.0,1,21,0.5608,19.626
derm_backbone_weak,results/pending_runs/derm_backbone_weak/shuffle/L30_G30/heuristic/seed_1,dermmnist,ShuffleNetV2,4,L30_G30,heuristic,1,True,data/dermmnist/slice_1,0.6513,0.797,0.8193,0.1279,0.2946,161.0,0,-1,0.4249,0.2815
derm_backbone_weak,results/pending_runs/derm_backbone_weak/shuffle/L30_G30/heuristic/seed_2,dermmnist,ShuffleNetV2,4,L30_G30,heuristic,2,True,data/dermmnist/slice_1,0.656,0.8024,0.8223,0.1178,0.2763,92.0,0,-1,0.5617,0.2252
derm_backbone_weak,results/pending_runs/derm_backbone_weak/shuffle/L50_G50/tralo/seed_1,dermmnist,ShuffleNetV2,4,L50_G50,tralo,1,True,data/dermmnist/slice_1,0.6754,0.8137,0.8288,0.1334,0.2989,4.0,1,68,0.608,246.2299
derm_backbone_weak,results/pending_runs/derm_backbone_weak/shuffle/L50_G50/tralo/seed_2,dermmnist,ShuffleNetV2,4,L50_G50,tralo,2,True,data/dermmnist/slice_1,0.6664,0.8119,0.8268,0.1295,0.2931,5.0,1,66,0.5464,47.2083
derm_backbone_weak,results/pending_runs/derm_backbone_weak/shuffle/L50_G50/danits_lp/seed_1,dermmnist,ShuffleNetV2,4,L50_G50,danits_lp,1,True,data/dermmnist/slice_1,0.6663,0.8126,0.8273,0.1279,0.2946,117.0,0,-1,0.5449,0.3376
derm_backbone_weak,results/pending_runs/derm_backbone_weak/shuffle/L50_G50/danits_lp/seed_2,dermmnist,ShuffleNetV2,4,L50_G50,danits_lp,2,True,data/dermmnist/slice_1,0.6713,0.8165,0.8288,0.1178,0.2763,48.0,0,-1,0.5747,0.2657
derm_backbone_weak,results/pending_runs/derm_backbone_weak/shuffle/L50_G50/fioretto_ldf/seed_1,dermmnist,ShuffleNetV2,4,L50_G50,fioretto_ldf,1,True,data/dermmnist/slice_1,0.6892,0.8177,0.8318,0.1273,0.2926,8.0,1,18,0.4112,17.7856
derm_backbone_weak,results/pending_runs/derm_backbone_weak/shuffle/L50_G50/fioretto_ldf/seed_2,dermmnist,ShuffleNetV2,4,L50_G50,fioretto_ldf,2,True,data/dermmnist/slice_1,0.6686,0.8179,0.8318,0.1266,0.2912,20.0,1,15,0.5517,15.8423
derm_backbone_weak,results/pending_runs/derm_backbone_weak/shuffle/L50_G50/heuristic/seed_1,dermmnist,ShuffleNetV2,4,L50_G50,heuristic,1,True,data/dermmnist/slice_1,0.6698,0.8144,0.8288,0.1279,0.2946,117.0,0,-1,0.5352,0.2571
derm_backbone_weak,results/pending_runs/derm_backbone_weak/shuffle/L50_G50/heuristic/seed_2,dermmnist,ShuffleNetV2,4,L50_G50,heuristic,2,True,data/dermmnist/slice_1,0.6698,0.8153,0.8278,0.1178,0.2763,48.0,0,-1,0.5511,0.2273
derm_backbone_weak,results/pending_runs/derm_backbone_weak/mnv3_cold/L20_G20/tralo/seed_1,dermmnist,MobileNetV3,4,L20_G20,tralo,1,False,data/dermmnist/slice_1,0.3783,0.6649,0.7029,0.2421,0.5228,10.0,1,102,290.9952,283.3138
derm_backbone_weak,results/pending_runs/derm_backbone_weak/mnv3_cold/L20_G20/tralo/seed_2,dermmnist,MobileNetV3,4,L20_G20,tralo,2,False,data/dermmnist/slice_1,0.3645,0.6757,0.7144,0.2359,0.5133,18.0,1,105,415.336,271.1731
derm_backbone_weak,results/pending_runs/derm_backbone_weak/mnv3_cold/L20_G20/danits_lp/seed_1,dermmnist,MobileNetV3,4,L20_G20,danits_lp,1,False,data/dermmnist/slice_1,0.3595,0.654,0.7,0.2394,0.5252,86.0,0,-1,2.1219,0.6367
derm_backbone_weak,results/pending_runs/derm_backbone_weak/mnv3_cold/L20_G20/danits_lp/seed_2,dermmnist,MobileNetV3,4,L20_G20,danits_lp,2,False,data/dermmnist/slice_1,0.352,0.6708,0.6925,0.2533,0.5606,201.0,0,-1,1.9325,0.6328
derm_backbone_weak,results/pending_runs/derm_backbone_weak/mnv3_cold/L20_G20/fioretto_ldf/seed_1,dermmnist,MobileNetV3,4,L20_G20,fioretto_ldf,1,False,data/dermmnist/slice_1,0.3959,0.6673,0.7039,0.2396,0.5213,18.0,1,54,1.836,144.1479
derm_backbone_weak,results/pending_runs/derm_backbone_weak/mnv3_cold/L20_G20/fioretto_ldf/seed_2,dermmnist,MobileNetV3,4,L20_G20,fioretto_ldf,2,False,data/dermmnist/slice_1,0.352,0.668,0.7094,0.244,0.5223,21.0,1,55,1.9074,176.0678
derm_backbone_weak,results/pending_runs/derm_backbone_weak/mnv3_cold/L20_G20/heuristic/seed_1,dermmnist,MobileNetV3,4,L20_G20,heuristic,1,False,data/dermmnist/slice_1,0.3595,0.654,0.7,0.2394,0.5252,86.0,0,-1,1.8646,0.5726
derm_backbone_weak,results/pending_runs/derm_backbone_weak/mnv3_cold/L20_G20/heuristic/seed_2,dermmnist,MobileNetV3,4,L20_G20,heuristic,2,False,data/dermmnist/slice_1,0.352,0.6708,0.6925,0.2533,0.5606,201.0,0,-1,1.8435,0.5839
derm_backbone_weak,results/pending_runs/derm_backbone_weak/mnv3_cold/L30_G30/tralo/seed_1,dermmnist,MobileNetV3,4,L30_G30,tralo,1,False,data/dermmnist/slice_1,0.4117,0.6746,0.7049,0.2353,0.5152,13.0,1,98,1.8461,226.2953
derm_backbone_weak,results/pending_runs/derm_backbone_weak/mnv3_cold/L30_G30/tralo/seed_2,dermmnist,MobileNetV3,4,L30_G30,tralo,2,False,data/dermmnist/slice_1,0.3654,0.6775,0.7109,0.2337,0.5106,18.0,1,100,1.8943,311.5011
derm_backbone_weak,results/pending_runs/derm_backbone_weak/mnv3_cold/L30_G30/danits_lp/seed_1,dermmnist,MobileNetV3,4,L30_G30,danits_lp,1,False,data/dermmnist/slice_1,0.364,0.658,0.7,0.2394,0.5252,64.0,0,-1,2.4232,0.7063
derm_backbone_weak,results/pending_runs/derm_backbone_weak/mnv3_cold/L30_G30/danits_lp/seed_2,dermmnist,MobileNetV3,4,L30_G30,danits_lp,2,False,data/dermmnist/slice_1,0.3573,0.6745,0.6915,0.2533,0.5606,179.0,0,-1,2.4205,0.7053
derm_backbone_weak,results/pending_runs/derm_backbone_weak/mnv3_cold/L30_G30/fioretto_ldf/seed_1,dermmnist,MobileNetV3,4,L30_G30,fioretto_ldf,1,False,data/dermmnist/slice_1,0.4106,0.6766,0.7059,0.2327,0.5163,23.0,1,48,2.4059,149.461
derm_backbone_weak,results/pending_runs/derm_backbone_weak/mnv3_cold/L30_G30/fioretto_ldf/seed_2,dermmnist,MobileNetV3,4,L30_G30,fioretto_ldf,2,False,data/dermmnist/slice_1,0.3638,0.6778,0.7119,0.2379,0.5133,28.0,1,49,1.8414,159.121
derm_backbone_weak,results/pending_runs/derm_backbone_weak/mnv3_cold/L30_G30/heuristic/seed_1,dermmnist,MobileNetV3,4,L30_G30,heuristic,1,False,data/dermmnist/slice_1,0.3648,0.6588,0.7004,0.2394,0.5252,64.0,0,-1,2.3103,0.6287
derm_backbone_weak,results/pending_runs/derm_backbone_weak/mnv3_cold/L30_G30/heuristic/seed_2,dermmnist,MobileNetV3,4,L30_G30,heuristic,2,False,data/dermmnist/slice_1,0.3572,0.6748,0.6915,0.2533,0.5606,179.0,0,-1,1.1375,0.4964
derm_backbone_weak,results/pending_runs/derm_backbone_weak/mnv3_cold/L50_G50/tralo/seed_1,dermmnist,MobileNetV3,4,L50_G50,tralo,1,False,data/dermmnist/slice_1,0.4169,0.6783,0.6995,0.2372,0.5162,5.0,1,87,2.4075,344.2803
derm_backbone_weak,results/pending_runs/derm_backbone_weak/mnv3_cold/L50_G50/tralo/seed_2,dermmnist,MobileNetV3,4,L50_G50,tralo,2,False,data/dermmnist/slice_1,0.3806,0.6896,0.7119,0.2215,0.497,21.0,1,82,1.9121,181.2768
derm_backbone_weak,results/pending_runs/derm_backbone_weak/mnv3_cold/L50_G50/danits_lp/seed_1,dermmnist,MobileNetV3,4,L50_G50,danits_lp,1,False,data/dermmnist/slice_1,0.3717,0.6634,0.6995,0.2394,0.5252,24.0,0,-1,1.9225,0.6355
derm_backbone_weak,results/pending_runs/derm_backbone_weak/mnv3_cold/L50_G50/danits_lp/seed_2,dermmnist,MobileNetV3,4,L50_G50,danits_lp,2,False,data/dermmnist/slice_1,0.3663,0.6807,0.6905,0.2533,0.5606,135.0,0,-1,1.8486,0.616
derm_backbone_weak,results/pending_runs/derm_backbone_weak/mnv3_cold/L50_G50/fioretto_ldf/seed_1,dermmnist,MobileNetV3,4,L50_G50,fioretto_ldf,1,False,data/dermmnist/slice_1,0.4315,0.689,0.7079,0.2306,0.5131,30.0,1,36,1.8596,96.0937
derm_backbone_weak,results/pending_runs/derm_backbone_weak/mnv3_cold/L50_G50/fioretto_ldf/seed_2,dermmnist,MobileNetV3,4,L50_G50,fioretto_ldf,2,False,data/dermmnist/slice_1,0.367,0.6881,0.7109,0.227,0.5001,35.0,1,33,1.8213,123.5035
derm_backbone_weak,results/pending_runs/derm_backbone_weak/mnv3_cold/L50_G50/heuristic/seed_1,dermmnist,MobileNetV3,4,L50_G50,heuristic,1,False,data/dermmnist/slice_1,0.372,0.6631,0.6985,0.2394,0.5252,30.0,0,-1,1.9051,0.6037
derm_backbone_weak,results/pending_runs/derm_backbone_weak/mnv3_cold/L50_G50/heuristic/seed_2,dermmnist,MobileNetV3,4,L50_G50,heuristic,2,False,data/dermmnist/slice_1,0.3663,0.6807,0.6905,0.2533,0.5606,135.0,0,-1,1.8829,0.5765
paper_backbones,results/pending_runs/paper_backbones/MobileNetV2/aider/L20_G20/hounie_rcl/seed_4,aider,MobileNetV2,0,L20_G20,hounie_rcl,4,True,data/aider/slice_1,0.7722,0.8831,0.9059,0.1033,0.2098,20.0,1,41,0.8206,122.8102
paper_backbones,results/pending_runs/paper_backbones/MobileNetV2/aider/L20_G20/hounie_rcl/seed_3,aider,MobileNetV2,0,L20_G20,hounie_rcl,3,True,data/aider/slice_1,0.7661,0.881,0.905,0.1007,0.2013,19.0,1,37,0.8196,116.7058
paper_backbones,results/pending_runs/paper_backbones/MobileNetV2/aider/L20_G20/hounie_rcl/seed_1,aider,MobileNetV2,0,L20_G20,hounie_rcl,1,True,data/aider/slice_1,0.7077,0.8529,0.8807,0.115,0.2341,20.0,1,35,0.5028,95.7288
paper_backbones,results/pending_runs/paper_backbones/MobileNetV2/aider/L20_G20/hounie_rcl/seed_2,aider,MobileNetV2,0,L20_G20,hounie_rcl,2,True,data/aider/slice_1,0.7851,0.8915,0.9134,0.0962,0.1962,20.0,1,40,0.5803,103.2925
paper_backbones,results/pending_runs/paper_backbones/MobileNetV2/aider/L20_G20/tralo/seed_4,aider,MobileNetV2,0,L20_G20,tralo,4,True,data/aider/slice_1,0.7897,0.892,0.9134,0.0763,0.1565,2.0,1,66,0.117,84.8445
paper_backbones,results/pending_runs/paper_backbones/MobileNetV2/aider/L20_G20/tralo/seed_3,aider,MobileNetV2,0,L20_G20,tralo,3,True,data/aider/slice_1,0.7945,0.8954,0.9168,0.0764,0.1566,6.0,1,66,0.1154,70.3495
paper_backbones,results/pending_runs/paper_backbones/MobileNetV2/aider/L20_G20/tralo/seed_1,aider,MobileNetV2,0,L20_G20,tralo,1,True,data/aider/slice_1,0.7741,0.884,0.9059,0.0864,0.1743,2.0,1,66,0.1194,98.5728
paper_backbones,results/pending_runs/paper_backbones/MobileNetV2/aider/L20_G20/tralo/seed_2,aider,MobileNetV2,0,L20_G20,tralo,2,True,data/aider/slice_1,0.7942,0.897,0.9185,0.0722,0.1472,3.0,1,66,0.106,68.1229
paper_backbones,results/pending_runs/paper_backbones/MobileNetV2/aider/L20_G20/danits_lp/seed_4,aider,MobileNetV2,0,L20_G20,danits_lp,4,True,data/aider/slice_1,0.7998,0.9043,0.9261,0.0099,0.0164,80.0,0,-1,0.1085,0.6717
paper_backbones,results/pending_runs/paper_backbones/MobileNetV2/aider/L20_G20/danits_lp/seed_3,aider,MobileNetV2,0,L20_G20,danits_lp,3,True,data/aider/slice_1,0.7846,0.8962,0.9176,0.0143,0.0271,78.0,0,-1,0.1155,0.7984
paper_backbones,results/pending_runs/paper_backbones/MobileNetV2/aider/L20_G20/danits_lp/seed_1,aider,MobileNetV2,0,L20_G20,danits_lp,1,True,data/aider/slice_1,0.7786,0.9046,0.9252,0.0067,0.0135,83.0,0,-1,0.1162,0.6659
paper_backbones,results/pending_runs/paper_backbones/MobileNetV2/aider/L20_G20/danits_lp/seed_2,aider,MobileNetV2,0,L20_G20,danits_lp,2,True,data/aider/slice_1,0.7872,0.903,0.9244,0.0073,0.018,80.0,0,-1,0.1181,0.6666
paper_backbones,results/pending_runs/paper_backbones/MobileNetV2/aider/L20_G20/fioretto_ldf/seed_4,aider,MobileNetV2,0,L20_G20,fioretto_ldf,4,True,data/aider/slice_1,0.7895,0.892,0.9134,0.0853,0.1763,12.0,1,24,0.1184,74.9651
paper_backbones,results/pending_runs/paper_backbones/MobileNetV2/aider/L20_G20/fioretto_ldf/seed_3,aider,MobileNetV2,0,L20_G20,fioretto_ldf,3,True,data/aider/slice_1,0.7966,0.8955,0.9168,0.0853,0.1725,14.0,1,24,0.1158,74.4097
paper_backbones,results/pending_runs/paper_backbones/MobileNetV2/aider/L20_G20/fioretto_ldf/seed_1,aider,MobileNetV2,0,L20_G20,fioretto_ldf,1,True,data/aider/slice_1,0.7719,0.8823,0.9042,0.0921,0.1855,6.0,0,-1,0.1133,203.6549
paper_backbones,results/pending_runs/paper_backbones/MobileNetV2/aider/L20_G20/fioretto_ldf/seed_2,aider,MobileNetV2,0,L20_G20,fioretto_ldf,2,True,data/aider/slice_1,0.7906,0.8938,0.9151,0.0803,0.1645,6.0,1,25,0.1063,74.9488
paper_backbones,results/pending_runs/paper_backbones/MobileNetV2/aider/L20_G20/tralo_bounded/seed_4,aider,MobileNetV2,0,L20_G20,tralo_bounded,4,True,data/aider/slice_1,0.791,0.8929,0.9143,0.0791,0.1632,5.0,1,66,0.1055,62.4448
paper_backbones,results/pending_runs/paper_backbones/MobileNetV2/aider/L20_G20/tralo_bounded/seed_3,aider,MobileNetV2,0,L20_G20,tralo_bounded,3,True,data/aider/slice_1,0.7955,0.8955,0.9168,0.0874,0.1748,16.0,1,66,0.1048,62.5363
paper_backbones,results/pending_runs/paper_backbones/MobileNetV2/aider/L20_G20/tralo_bounded/seed_1,aider,MobileNetV2,0,L20_G20,tralo_bounded,1,True,data/aider/slice_1,0.7702,0.8813,0.9034,0.0936,0.1901,6.0,1,66,0.1049,62.3092
paper_backbones,results/pending_runs/paper_backbones/MobileNetV2/aider/L20_G20/tralo_bounded/seed_2,aider,MobileNetV2,0,L20_G20,tralo_bounded,2,True,data/aider/slice_1,0.7952,0.897,0.9185,0.0751,0.1559,5.0,1,66,0.1035,61.8063
paper_backbones,results/pending_runs/paper_backbones/MobileNetV2/aider/L20_G20/heuristic/seed_4,aider,MobileNetV2,0,L20_G20,heuristic,4,True,data/aider/slice_1,0.7998,0.9043,0.9261,0.0099,0.0164,80.0,0,-1,0.1049,0.6376
paper_backbones,results/pending_runs/paper_backbones/MobileNetV2/aider/L20_G20/heuristic/seed_3,aider,MobileNetV2,0,L20_G20,heuristic,3,True,data/aider/slice_1,0.7846,0.8962,0.9176,0.0143,0.0271,78.0,0,-1,0.116,0.6371
paper_backbones,results/pending_runs/paper_backbones/MobileNetV2/aider/L20_G20/heuristic/seed_1,aider,MobileNetV2,0,L20_G20,heuristic,1,True,data/aider/slice_1,0.7786,0.9046,0.9252,0.0067,0.0135,83.0,0,-1,0.1056,0.6393
paper_backbones,results/pending_runs/paper_backbones/MobileNetV2/aider/L20_G20/heuristic/seed_2,aider,MobileNetV2,0,L20_G20,heuristic,2,True,data/aider/slice_1,0.7872,0.903,0.9244,0.0073,0.018,80.0,0,-1,0.1148,0.6384
paper_backbones,results/pending_runs/paper_backbones/MobileNetV2/aider/L70_G70/hounie_rcl/seed_4,aider,MobileNetV2,0,L70_G70,hounie_rcl,4,True,data/aider/slice_1,0.9258,0.9584,0.9605,0.05,0.112,29.0,1,50,0.1078,117.7336
paper_backbones,results/pending_runs/paper_backbones/MobileNetV2/aider/L70_G70/hounie_rcl/seed_3,aider,MobileNetV2,0,L70_G70,hounie_rcl,3,True,data/aider/slice_1,0.9262,0.9575,0.9597,0.0676,0.1394,45.0,1,45,0.1125,110.516
paper_backbones,results/pending_runs/paper_backbones/MobileNetV2/aider/L70_G70/hounie_rcl/seed_1,aider,MobileNetV2,0,L70_G70,hounie_rcl,1,True,data/aider/slice_1,0.9088,0.9468,0.9496,0.0809,0.159,50.0,1,40,0.1154,104.0552
paper_backbones,results/pending_runs/paper_backbones/MobileNetV2/aider/L70_G70/hounie_rcl/seed_2,aider,MobileNetV2,0,L70_G70,hounie_rcl,2,True,data/aider/slice_1,0.9294,0.9618,0.9639,0.0426,0.0881,14.0,1,44,0.1083,110.6833
paper_backbones,results/pending_runs/paper_backbones/MobileNetV2/aider/L70_G70/tralo/seed_4,aider,MobileNetV2,0,L70_G70,tralo,4,True,data/aider/slice_1,0.9261,0.9609,0.963,0.0309,0.065,1.0,1,61,0.1208,82.0318
paper_backbones,results/pending_runs/paper_backbones/MobileNetV2/aider/L70_G70/tralo/seed_3,aider,MobileNetV2,0,L70_G70,tralo,3,True,data/aider/slice_1,0.9292,0.961,0.963,0.032,0.0654,2.0,1,61,0.1126,77.6412
paper_backbones,results/pending_runs/paper_backbones/MobileNetV2/aider/L70_G70/tralo/seed_1,aider,MobileNetV2,0,L70_G70,tralo,1,True,data/aider/slice_1,0.9264,0.9583,0.9605,0.0326,0.0724,1.0,1,61,0.1144,71.6292
paper_backbones,results/pending_runs/paper_backbones/MobileNetV2/aider/L70_G70/tralo/seed_2,aider,MobileNetV2,0,L70_G70,tralo,2,True,data/aider/slice_1,0.9294,0.9618,0.9639,0.0282,0.0614,0.0,1,61,0.1051,72.3791
paper_backbones,results/pending_runs/paper_backbones/MobileNetV2/aider/L70_G70/danits_lp/seed_4,aider,MobileNetV2,0,L70_G70,danits_lp,4,True,data/aider/slice_1,0.9368,0.9668,0.9689,0.0099,0.0164,29.0,0,-1,0.1073,0.665
paper_backbones,results/pending_runs/paper_backbones/MobileNetV2/aider/L70_G70/danits_lp/seed_3,aider,MobileNetV2,0,L70_G70,danits_lp,3,True,data/aider/slice_1,0.9242,0.9585,0.9605,0.0143,0.0271,27.0,0,-1,0.1083,0.6781
paper_backbones,results/pending_runs/paper_backbones/MobileNetV2/aider/L70_G70/danits_lp/seed_1,aider,MobileNetV2,0,L70_G70,danits_lp,1,True,data/aider/slice_1,0.9334,0.966,0.9681,0.0067,0.0135,32.0,0,-1,0.102,0.6655
paper_backbones,results/pending_runs/paper_backbones/MobileNetV2/aider/L70_G70/danits_lp/seed_2,aider,MobileNetV2,0,L70_G70,danits_lp,2,True,data/aider/slice_1,0.9321,0.9652,0.9672,0.0073,0.018,29.0,0,-1,0.1175,0.6684
paper_backbones,results/pending_runs/paper_backbones/MobileNetV2/aider/L70_G70/fioretto_ldf/seed_4,aider,MobileNetV2,0,L70_G70,fioretto_ldf,4,True,data/aider/slice_1,0.9252,0.9592,0.9613,0.0379,0.0783,13.0,1,18,0.1006,64.0691
paper_backbones,results/pending_runs/paper_backbones/MobileNetV2/aider/L70_G70/fioretto_ldf/seed_3,aider,MobileNetV2,0,L70_G70,fioretto_ldf,3,True,data/aider/slice_1,0.9311,0.9609,0.963,0.0362,0.075,7.0,0,-1,0.1023,197.5932
paper_backbones,results/pending_runs/paper_backbones/MobileNetV2/aider/L70_G70/fioretto_ldf/seed_1,aider,MobileNetV2,0,L70_G70,fioretto_ldf,1,True,data/aider/slice_1,0.9236,0.9566,0.9588,0.0363,0.0833,6.0,1,18,0.1138,64.1143
paper_backbones,results/pending_runs/paper_backbones/MobileNetV2/aider/L70_G70/fioretto_ldf/seed_2,aider,MobileNetV2,0,L70_G70,fioretto_ldf,2,True,data/aider/slice_1,0.9304,0.9618,0.9639,0.0318,0.0681,3.0,1,18,0.1085,63.986
paper_backbones,results/pending_runs/paper_backbones/MobileNetV2/aider/L70_G70/tralo_bounded/seed_4,aider,MobileNetV2,0,L70_G70,tralo_bounded,4,True,data/aider/slice_1,0.9267,0.9601,0.9622,0.0274,0.0681,2.0,1,61,0.1156,56.0327
paper_backbones,results/pending_runs/paper_backbones/MobileNetV2/aider/L70_G70/tralo_bounded/seed_3,aider,MobileNetV2,0,L70_G70,tralo_bounded,3,True,data/aider/slice_1,0.9311,0.9609,0.963,0.0381,0.0835,14.0,1,61,0.1158,54.5643
paper_backbones,results/pending_runs/paper_backbones/MobileNetV2/aider/L70_G70/tralo_bounded/seed_1,aider,MobileNetV2,0,L70_G70,tralo_bounded,1,True,data/aider/slice_1,0.9279,0.9591,0.9613,0.0339,0.0721,1.0,1,61,0.104,54.8101
paper_backbones,results/pending_runs/paper_backbones/MobileNetV2/aider/L70_G70/tralo_bounded/seed_2,aider,MobileNetV2,0,L70_G70,tralo_bounded,2,True,data/aider/slice_1,0.9304,0.9618,0.9639,0.0365,0.074,8.0,1,61,0.1042,54.3059
paper_backbones,results/pending_runs/paper_backbones/MobileNetV2/aider/L70_G70/heuristic/seed_4,aider,MobileNetV2,0,L70_G70,heuristic,4,True,data/aider/slice_1,0.9368,0.9668,0.9689,0.0099,0.0164,29.0,0,-1,0.1031,0.6364
paper_backbones,results/pending_runs/paper_backbones/MobileNetV2/aider/L70_G70/heuristic/seed_3,aider,MobileNetV2,0,L70_G70,heuristic,3,True,data/aider/slice_1,0.9242,0.9585,0.9605,0.0143,0.0271,27.0,0,-1,0.1167,0.6417
paper_backbones,results/pending_runs/paper_backbones/MobileNetV2/aider/L70_G70/heuristic/seed_1,aider,MobileNetV2,0,L70_G70,heuristic,1,True,data/aider/slice_1,0.9334,0.966,0.9681,0.0067,0.0135,32.0,0,-1,0.114,0.6458
paper_backbones,results/pending_runs/paper_backbones/MobileNetV2/aider/L70_G70/heuristic/seed_2,aider,MobileNetV2,0,L70_G70,heuristic,2,True,data/aider/slice_1,0.9332,0.9652,0.9672,0.0073,0.018,29.0,0,-1,0.1171,0.6401
paper_backbones,results/pending_runs/paper_backbones/MobileNetV2/aider/L30_G30/hounie_rcl/seed_4,aider,MobileNetV2,0,L30_G30,hounie_rcl,4,True,data/aider/slice_1,0.8054,0.898,0.9143,0.1021,0.206,31.0,1,42,0.115,105.5817
paper_backbones,results/pending_runs/paper_backbones/MobileNetV2/aider/L30_G30/hounie_rcl/seed_3,aider,MobileNetV2,0,L30_G30,hounie_rcl,3,True,data/aider/slice_1,0.8214,0.9057,0.921,0.0963,0.1972,30.0,1,37,0.117,98.7697
paper_backbones,results/pending_runs/paper_backbones/MobileNetV2/aider/L30_G30/hounie_rcl/seed_1,aider,MobileNetV2,0,L30_G30,hounie_rcl,1,True,data/aider/slice_1,0.7813,0.885,0.9025,0.1103,0.2219,29.0,1,34,0.1025,93.1969
paper_backbones,results/pending_runs/paper_backbones/MobileNetV2/aider/L30_G30/hounie_rcl/seed_2,aider,MobileNetV2,0,L30_G30,hounie_rcl,2,True,data/aider/slice_1,0.8214,0.9077,0.9227,0.0921,0.1865,29.0,1,40,0.1159,102.8519
paper_backbones,results/pending_runs/paper_backbones/MobileNetV2/aider/L30_G30/tralo/seed_4,aider,MobileNetV2,0,L30_G30,tralo,4,True,data/aider/slice_1,0.8275,0.9097,0.9244,0.0625,0.1329,0.0,1,64,0.1122,94.7388
paper_backbones,results/pending_runs/paper_backbones/MobileNetV2/aider/L30_G30/tralo/seed_3,aider,MobileNetV2,0,L30_G30,tralo,3,True,data/aider/slice_1,0.8347,0.914,0.9286,0.0642,0.1337,0.0,1,64,0.1045,499.4312
paper_backbones,results/pending_runs/paper_backbones/MobileNetV2/aider/L30_G30/tralo/seed_1,aider,MobileNetV2,0,L30_G30,tralo,1,True,data/aider/slice_1,0.8112,0.9001,0.9151,0.0748,0.1447,3.0,1,64,0.1047,64.3178
paper_backbones,results/pending_runs/paper_backbones/MobileNetV2/aider/L30_G30/tralo/seed_2,aider,MobileNetV2,0,L30_G30,tralo,2,True,data/aider/slice_1,0.8292,0.9131,0.9277,0.0609,0.1258,1.0,1,64,0.1136,72.7187
paper_backbones,results/pending_runs/paper_backbones/MobileNetV2/aider/L30_G30/danits_lp/seed_4,aider,MobileNetV2,0,L30_G30,danits_lp,4,True,data/aider/slice_1,0.8368,0.9205,0.9353,0.0099,0.0164,69.0,0,-1,0.1165,0.6667
paper_backbones,results/pending_runs/paper_backbones/MobileNetV2/aider/L30_G30/danits_lp/seed_3,aider,MobileNetV2,0,L30_G30,danits_lp,3,True,data/aider/slice_1,0.8253,0.9123,0.9269,0.0143,0.0271,67.0,0,-1,0.1038,0.6661
paper_backbones,results/pending_runs/paper_backbones/MobileNetV2/aider/L30_G30/danits_lp/seed_1,aider,MobileNetV2,0,L30_G30,danits_lp,1,True,data/aider/slice_1,0.8222,0.9203,0.9345,0.0067,0.0135,72.0,0,-1,0.1131,0.669
paper_backbones,results/pending_runs/paper_backbones/MobileNetV2/aider/L30_G30/danits_lp/seed_2,aider,MobileNetV2,0,L30_G30,danits_lp,2,True,data/aider/slice_1,0.8267,0.919,0.9336,0.0073,0.018,69.0,0,-1,0.1134,0.6668
paper_backbones,results/pending_runs/paper_backbones/MobileNetV2/aider/L30_G30/fioretto_ldf/seed_4,aider,MobileNetV2,0,L30_G30,fioretto_ldf,4,True,data/aider/slice_1,0.827,0.9089,0.9235,0.0726,0.151,12.0,1,24,0.1026,72.555
paper_backbones,results/pending_runs/paper_backbones/MobileNetV2/aider/L30_G30/fioretto_ldf/seed_3,aider,MobileNetV2,0,L30_G30,fioretto_ldf,3,True,data/aider/slice_1,0.8315,0.9115,0.9261,0.0704,0.1449,9.0,1,24,0.1024,72.4541
paper_backbones,results/pending_runs/paper_backbones/MobileNetV2/aider/L30_G30/fioretto_ldf/seed_1,aider,MobileNetV2,0,L30_G30,fioretto_ldf,1,True,data/aider/slice_1,0.8112,0.9001,0.9151,0.0782,0.1569,6.0,1,23,0.1138,71.2803
paper_backbones,results/pending_runs/paper_backbones/MobileNetV2/aider/L30_G30/fioretto_ldf/seed_2,aider,MobileNetV2,0,L30_G30,fioretto_ldf,2,True,data/aider/slice_1,0.8302,0.9131,0.9277,0.0692,0.1428,11.0,1,24,0.1046,73.5008
paper_backbones,results/pending_runs/paper_backbones/MobileNetV2/aider/L30_G30/tralo_bounded/seed_4,aider,MobileNetV2,0,L30_G30,tralo_bounded,4,True,data/aider/slice_1,0.8259,0.9089,0.9235,0.0654,0.1426,3.0,1,64,0.1046,58.7207
paper_backbones,results/pending_runs/paper_backbones/MobileNetV2/aider/L30_G30/tralo_bounded/seed_3,aider,MobileNetV2,0,L30_G30,tralo_bounded,3,True,data/aider/slice_1,0.8315,0.9115,0.9261,0.0724,0.1481,11.0,1,64,0.1021,58.9684
paper_backbones,results/pending_runs/paper_backbones/MobileNetV2/aider/L30_G30/tralo_bounded/seed_1,aider,MobileNetV2,0,L30_G30,tralo_bounded,1,True,data/aider/slice_1,0.8112,0.9001,0.9151,0.0843,0.1678,11.0,1,64,0.1029,58.8769
paper_backbones,results/pending_runs/paper_backbones/MobileNetV2/aider/L30_G30/tralo_bounded/seed_2,aider,MobileNetV2,0,L30_G30,tralo_bounded,2,True,data/aider/slice_1,0.8312,0.9131,0.9277,0.0744,0.153,14.0,1,64,0.1121,60.8754
paper_backbones,results/pending_runs/paper_backbones/MobileNetV2/aider/L30_G30/heuristic/seed_4,aider,MobileNetV2,0,L30_G30,heuristic,4,True,data/aider/slice_1,0.8358,0.9205,0.9353,0.0099,0.0164,69.0,0,-1,0.1038,0.6433
paper_backbones,results/pending_runs/paper_backbones/MobileNetV2/aider/L30_G30/heuristic/seed_3,aider,MobileNetV2,0,L30_G30,heuristic,3,True,data/aider/slice_1,0.8253,0.9123,0.9269,0.0143,0.0271,67.0,0,-1,0.108,0.6396
paper_backbones,results/pending_runs/paper_backbones/MobileNetV2/aider/L30_G30/heuristic/seed_1,aider,MobileNetV2,0,L30_G30,heuristic,1,True,data/aider/slice_1,0.8222,0.9203,0.9345,0.0067,0.0135,72.0,0,-1,0.1033,0.6372
paper_backbones,results/pending_runs/paper_backbones/MobileNetV2/aider/L30_G30/heuristic/seed_2,aider,MobileNetV2,0,L30_G30,heuristic,2,True,data/aider/slice_1,0.8267,0.919,0.9336,0.0073,0.018,69.0,0,-1,0.1049,0.638
paper_backbones,results/pending_runs/paper_backbones/MobileNetV2/aider/L80_G80/hounie_rcl/seed_4,aider,MobileNetV2,0,L80_G80,hounie_rcl,4,True,data/aider/slice_1,0.9516,0.9722,0.9731,0.032,0.0713,17.0,1,58,0.1132,130.4301
paper_backbones,results/pending_runs/paper_backbones/MobileNetV2/aider/L80_G80/hounie_rcl/seed_3,aider,MobileNetV2,0,L80_G80,hounie_rcl,3,True,data/aider/slice_1,0.9523,0.9714,0.9723,0.0456,0.0957,31.0,1,52,0.1169,121.1658
paper_backbones,results/pending_runs/paper_backbones/MobileNetV2/aider/L80_G80/hounie_rcl/seed_1,aider,MobileNetV2,0,L80_G80,hounie_rcl,1,True,data/aider/slice_1,0.9448,0.967,0.9681,0.0403,0.0859,20.0,1,44,0.1148,108.969
paper_backbones,results/pending_runs/paper_backbones/MobileNetV2/aider/L80_G80/hounie_rcl/seed_2,aider,MobileNetV2,0,L80_G80,hounie_rcl,2,True,data/aider/slice_1,0.9505,0.9723,0.9731,0.0252,0.0545,5.0,1,44,0.116,108.2151
paper_backbones,results/pending_runs/paper_backbones/MobileNetV2/aider/L80_G80/tralo/seed_4,aider,MobileNetV2,0,L80_G80,tralo,4,True,data/aider/slice_1,0.9502,0.9714,0.9723,0.024,0.055,4.0,1,60,0.105,497.9232
paper_backbones,results/pending_runs/paper_backbones/MobileNetV2/aider/L80_G80/tralo/seed_3,aider,MobileNetV2,0,L80_G80,tralo,3,True,data/aider/slice_1,0.9523,0.9714,0.9723,0.025,0.0499,0.0,1,60,0.1071,140.2605
paper_backbones,results/pending_runs/paper_backbones/MobileNetV2/aider/L80_G80/tralo/seed_1,aider,MobileNetV2,0,L80_G80,tralo,1,True,data/aider/slice_1,0.9524,0.9722,0.9731,0.0221,0.0478,2.0,1,60,0.1129,71.2409
paper_backbones,results/pending_runs/paper_backbones/MobileNetV2/aider/L80_G80/tralo/seed_2,aider,MobileNetV2,0,L80_G80,tralo,2,True,data/aider/slice_1,0.952,0.9731,0.9739,0.0218,0.0469,2.0,1,58,0.1231,65.6512
paper_backbones,results/pending_runs/paper_backbones/MobileNetV2/aider/L80_G80/danits_lp/seed_4,aider,MobileNetV2,0,L80_G80,danits_lp,4,True,data/aider/slice_1,0.9559,0.9774,0.9782,0.0099,0.0164,18.0,0,-1,0.1138,0.678
paper_backbones,results/pending_runs/paper_backbones/MobileNetV2/aider/L80_G80/danits_lp/seed_3,aider,MobileNetV2,0,L80_G80,danits_lp,3,True,data/aider/slice_1,0.9454,0.969,0.9697,0.0143,0.0271,16.0,0,-1,0.1217,0.6748
paper_backbones,results/pending_runs/paper_backbones/MobileNetV2/aider/L80_G80/danits_lp/seed_1,aider,MobileNetV2,0,L80_G80,danits_lp,1,True,data/aider/slice_1,0.9555,0.9765,0.9773,0.0067,0.0135,21.0,0,-1,0.1227,0.6774
paper_backbones,results/pending_runs/paper_backbones/MobileNetV2/aider/L80_G80/danits_lp/seed_2,aider,MobileNetV2,0,L80_G80,danits_lp,2,True,data/aider/slice_1,0.9552,0.9757,0.9765,0.0073,0.018,18.0,0,-1,0.1315,0.6753
paper_backbones,results/pending_runs/paper_backbones/MobileNetV2/aider/L80_G80/fioretto_ldf/seed_4,aider,MobileNetV2,0,L80_G80,fioretto_ldf,4,True,data/aider/slice_1,0.9506,0.9723,0.9731,0.0238,0.0493,3.0,0,-1,0.1133,196.6246
paper_backbones,results/pending_runs/paper_backbones/MobileNetV2/aider/L80_G80/fioretto_ldf/seed_3,aider,MobileNetV2,0,L80_G80,fioretto_ldf,3,True,data/aider/slice_1,0.9523,0.9714,0.9723,0.0241,0.0535,3.0,1,15,0.1106,61.7237
paper_backbones,results/pending_runs/paper_backbones/MobileNetV2/aider/L80_G80/fioretto_ldf/seed_1,aider,MobileNetV2,0,L80_G80,fioretto_ldf,1,True,data/aider/slice_1,0.9492,0.9696,0.9706,0.0292,0.0642,11.0,1,16,0.1143,62.6137
paper_backbones,results/pending_runs/paper_backbones/MobileNetV2/aider/L80_G80/fioretto_ldf/seed_2,aider,MobileNetV2,0,L80_G80,fioretto_ldf,2,True,data/aider/slice_1,0.9505,0.9723,0.9731,0.0229,0.046,4.0,1,14,0.1229,59.3817
paper_backbones,results/pending_runs/paper_backbones/MobileNetV2/aider/L80_G80/tralo_bounded/seed_4,aider,MobileNetV2,0,L80_G80,tralo_bounded,4,True,data/aider/slice_1,0.9502,0.9714,0.9723,0.0253,0.0537,2.0,1,60,0.1144,55.3661
paper_backbones,results/pending_runs/paper_backbones/MobileNetV2/aider/L80_G80/tralo_bounded/seed_3,aider,MobileNetV2,0,L80_G80,tralo_bounded,3,True,data/aider/slice_1,0.9526,0.9723,0.9731,0.0208,0.0484,1.0,1,60,0.1087,54.8243
paper_backbones,results/pending_runs/paper_backbones/MobileNetV2/aider/L80_G80/tralo_bounded/seed_1,aider,MobileNetV2,0,L80_G80,tralo_bounded,1,True,data/aider/slice_1,0.9534,0.9722,0.9731,0.024,0.0523,5.0,1,60,0.1109,53.5182
paper_backbones,results/pending_runs/paper_backbones/MobileNetV2/aider/L80_G80/tralo_bounded/seed_2,aider,MobileNetV2,0,L80_G80,tralo_bounded,2,True,data/aider/slice_1,0.9505,0.9723,0.9731,0.0232,0.0514,4.0,1,58,0.1279,52.6649
paper_backbones,results/pending_runs/paper_backbones/MobileNetV2/aider/L80_G80/heuristic/seed_4,aider,MobileNetV2,0,L80_G80,heuristic,4,True,data/aider/slice_1,0.9559,0.9774,0.9782,0.0099,0.0164,18.0,0,-1,0.103,0.639
paper_backbones,results/pending_runs/paper_backbones/MobileNetV2/aider/L80_G80/heuristic/seed_3,aider,MobileNetV2,0,L80_G80,heuristic,3,True,data/aider/slice_1,0.9454,0.969,0.9697,0.0143,0.0271,16.0,0,-1,0.1102,0.6395
paper_backbones,results/pending_runs/paper_backbones/MobileNetV2/aider/L80_G80/heuristic/seed_1,aider,MobileNetV2,0,L80_G80,heuristic,1,True,data/aider/slice_1,0.9555,0.9765,0.9773,0.0067,0.0135,21.0,0,-1,0.1071,0.6384
paper_backbones,results/pending_runs/paper_backbones/MobileNetV2/aider/L80_G80/heuristic/seed_2,aider,MobileNetV2,0,L80_G80,heuristic,2,True,data/aider/slice_1,0.9552,0.9757,0.9765,0.0073,0.018,18.0,0,-1,0.1253,0.6555
paper_backbones,results/pending_runs/paper_backbones/MobileNetV2/dermmnist/L20_G20/hounie_rcl/seed_4,dermmnist,MobileNetV2,4,L20_G20,hounie_rcl,4,True,data/dermmnist/slice_1,0.6816,0.806,0.8308,0.1508,0.3243,25.0,1,26,0.5648,119.3829
paper_backbones,results/pending_runs/paper_backbones/MobileNetV2/dermmnist/L20_G20/hounie_rcl/seed_3,dermmnist,MobileNetV2,4,L20_G20,hounie_rcl,3,True,data/dermmnist/slice_1,0.6577,0.8039,0.8283,0.1477,0.3199,21.0,1,31,0.5405,134.6819
paper_backbones,results/pending_runs/paper_backbones/MobileNetV2/dermmnist/L20_G20/hounie_rcl/seed_1,dermmnist,MobileNetV2,4,L20_G20,hounie_rcl,1,True,data/dermmnist/slice_1,0.6712,0.7982,0.8253,0.1545,0.3338,25.0,1,24,0.5593,115.4007
paper_backbones,results/pending_runs/paper_backbones/MobileNetV2/dermmnist/L20_G20/hounie_rcl/seed_2,dermmnist,MobileNetV2,4,L20_G20,hounie_rcl,2,True,data/dermmnist/slice_1,0.678,0.8078,0.8333,0.1497,0.3253,34.0,1,20,0.5108,105.4777
paper_backbones,results/pending_runs/paper_backbones/MobileNetV2/dermmnist/L20_G20/tralo/seed_4,dermmnist,MobileNetV2,4,L20_G20,tralo,4,True,data/dermmnist/slice_1,0.6889,0.8069,0.8323,0.1361,0.2989,0.0,1,61,0.1094,163.2164
paper_backbones,results/pending_runs/paper_backbones/MobileNetV2/dermmnist/L20_G20/tralo/seed_3,dermmnist,MobileNetV2,4,L20_G20,tralo,3,True,data/dermmnist/slice_1,0.6651,0.8032,0.8278,0.1391,0.3032,1.0,1,62,0.1056,121.8642
paper_backbones,results/pending_runs/paper_backbones/MobileNetV2/dermmnist/L20_G20/tralo/seed_1,dermmnist,MobileNetV2,4,L20_G20,tralo,1,True,data/dermmnist/slice_1,0.6746,0.7983,0.8258,0.1497,0.316,5.0,1,61,0.1212,113.5083
paper_backbones,results/pending_runs/paper_backbones/MobileNetV2/dermmnist/L20_G20/tralo/seed_2,dermmnist,MobileNetV2,4,L20_G20,tralo,2,True,data/dermmnist/slice_1,0.6639,0.8044,0.8308,0.1432,0.3041,1.0,1,60,0.1164,169.2391
paper_backbones,results/pending_runs/paper_backbones/MobileNetV2/dermmnist/L20_G20/danits_lp/seed_4,dermmnist,MobileNetV2,4,L20_G20,danits_lp,4,True,data/dermmnist/slice_1,0.6824,0.8056,0.8303,0.1105,0.2559,142.0,0,-1,0.122,1.0425
paper_backbones,results/pending_runs/paper_backbones/MobileNetV2/dermmnist/L20_G20/danits_lp/seed_3,dermmnist,MobileNetV2,4,L20_G20,danits_lp,3,True,data/dermmnist/slice_1,0.6593,0.8017,0.8243,0.1074,0.2475,160.0,0,-1,0.1051,1.0514
paper_backbones,results/pending_runs/paper_backbones/MobileNetV2/dermmnist/L20_G20/danits_lp/seed_1,dermmnist,MobileNetV2,4,L20_G20,danits_lp,1,True,data/dermmnist/slice_1,0.6689,0.7994,0.8258,0.1145,0.255,145.0,0,-1,0.1117,1.0414
paper_backbones,results/pending_runs/paper_backbones/MobileNetV2/dermmnist/L20_G20/danits_lp/seed_2,dermmnist,MobileNetV2,4,L20_G20,danits_lp,2,True,data/dermmnist/slice_1,0.6841,0.809,0.8337,0.1068,0.2441,138.0,0,-1,0.1006,1.0356
paper_backbones,results/pending_runs/paper_backbones/MobileNetV2/dermmnist/L20_G20/fioretto_ldf/seed_4,dermmnist,MobileNetV2,4,L20_G20,fioretto_ldf,4,True,data/dermmnist/slice_1,0.6775,0.806,0.8313,0.1398,0.3027,11.0,1,22,0.1009,100.833
paper_backbones,results/pending_runs/paper_backbones/MobileNetV2/dermmnist/L20_G20/fioretto_ldf/seed_3,dermmnist,MobileNetV2,4,L20_G20,fioretto_ldf,3,True,data/dermmnist/slice_1,0.6599,0.8025,0.8283,0.1421,0.3093,6.0,1,24,0.1008,105.309
paper_backbones,results/pending_runs/paper_backbones/MobileNetV2/dermmnist/L20_G20/fioretto_ldf/seed_1,dermmnist,MobileNetV2,4,L20_G20,fioretto_ldf,1,True,data/dermmnist/slice_1,0.671,0.7966,0.8243,0.1549,0.33,20.0,1,22,0.1122,103.9392
paper_backbones,results/pending_runs/paper_backbones/MobileNetV2/dermmnist/L20_G20/fioretto_ldf/seed_2,dermmnist,MobileNetV2,4,L20_G20,fioretto_ldf,2,True,data/dermmnist/slice_1,0.6658,0.806,0.8323,0.1447,0.3119,20.0,1,22,0.1019,100.4916
paper_backbones,results/pending_runs/paper_backbones/MobileNetV2/dermmnist/L20_G20/tralo_bounded/seed_4,dermmnist,MobileNetV2,4,L20_G20,tralo_bounded,4,True,data/dermmnist/slice_1,0.6782,0.8061,0.8303,0.1396,0.3008,3.0,1,61,0.1146,74.3796
paper_backbones,results/pending_runs/paper_backbones/MobileNetV2/dermmnist/L20_G20/tralo_bounded/seed_3,dermmnist,MobileNetV2,4,L20_G20,tralo_bounded,3,True,data/dermmnist/slice_1,0.651,0.8026,0.8268,0.1424,0.3064,6.0,1,62,0.1087,76.9841
paper_backbones,results/pending_runs/paper_backbones/MobileNetV2/dermmnist/L20_G20/tralo_bounded/seed_1,dermmnist,MobileNetV2,4,L20_G20,tralo_bounded,1,True,data/dermmnist/slice_1,0.6763,0.8011,0.8278,0.1502,0.3246,19.0,1,61,0.1081,75.676
paper_backbones,results/pending_runs/paper_backbones/MobileNetV2/dermmnist/L20_G20/tralo_bounded/seed_2,dermmnist,MobileNetV2,4,L20_G20,tralo_bounded,2,True,data/dermmnist/slice_1,0.6641,0.8064,0.8318,0.1422,0.3084,16.0,1,60,0.1052,71.8088
paper_backbones,results/pending_runs/paper_backbones/MobileNetV2/dermmnist/L20_G20/heuristic/seed_4,dermmnist,MobileNetV2,4,L20_G20,heuristic,4,True,data/dermmnist/slice_1,0.6824,0.8056,0.8303,0.1105,0.2559,142.0,0,-1,0.1033,0.9628
paper_backbones,results/pending_runs/paper_backbones/MobileNetV2/dermmnist/L20_G20/heuristic/seed_3,dermmnist,MobileNetV2,4,L20_G20,heuristic,3,True,data/dermmnist/slice_1,0.6592,0.8017,0.8243,0.1074,0.2475,160.0,0,-1,0.1134,0.9706
paper_backbones,results/pending_runs/paper_backbones/MobileNetV2/dermmnist/L20_G20/heuristic/seed_1,dermmnist,MobileNetV2,4,L20_G20,heuristic,1,True,data/dermmnist/slice_1,0.6695,0.7994,0.8258,0.1145,0.255,145.0,0,-1,0.1128,0.9643
paper_backbones,results/pending_runs/paper_backbones/MobileNetV2/dermmnist/L20_G20/heuristic/seed_2,dermmnist,MobileNetV2,4,L20_G20,heuristic,2,True,data/dermmnist/slice_1,0.6841,0.809,0.8337,0.1068,0.2441,138.0,0,-1,0.1109,0.9709
paper_backbones,results/pending_runs/paper_backbones/MobileNetV2/dermmnist/L70_G70/hounie_rcl/seed_4,dermmnist,MobileNetV2,4,L70_G70,hounie_rcl,4,True,data/dermmnist/slice_1,0.749,0.8506,0.8562,0.1101,0.2529,33.0,1,24,0.1012,113.901
paper_backbones,results/pending_runs/paper_backbones/MobileNetV2/dermmnist/L70_G70/hounie_rcl/seed_3,dermmnist,MobileNetV2,4,L70_G70,hounie_rcl,3,True,data/dermmnist/slice_1,0.7303,0.8504,0.8557,0.1043,0.2487,31.0,1,28,0.1026,124.5729
paper_backbones,results/pending_runs/paper_backbones/MobileNetV2/dermmnist/L70_G70/hounie_rcl/seed_1,dermmnist,MobileNetV2,4,L70_G70,hounie_rcl,1,True,data/dermmnist/slice_1,0.7186,0.8443,0.8507,0.1178,0.2647,30.0,1,22,0.101,109.6507
paper_backbones,results/pending_runs/paper_backbones/MobileNetV2/dermmnist/L70_G70/hounie_rcl/seed_2,dermmnist,MobileNetV2,4,L70_G70,hounie_rcl,2,True,data/dermmnist/slice_1,0.7281,0.8523,0.8572,0.1201,0.261,51.0,1,18,0.1181,99.9896
paper_backbones,results/pending_runs/paper_backbones/MobileNetV2/dermmnist/L70_G70/tralo/seed_4,dermmnist,MobileNetV2,4,L70_G70,tralo,4,True,data/dermmnist/slice_1,0.7397,0.8434,0.8507,0.1151,0.2569,2.0,1,56,0.1065,165.2655
paper_backbones,results/pending_runs/paper_backbones/MobileNetV2/dermmnist/L70_G70/tralo/seed_3,dermmnist,MobileNetV2,4,L70_G70,tralo,3,True,data/dermmnist/slice_1,0.7301,0.8487,0.8547,0.1111,0.2533,4.0,1,56,0.1069,823.705
paper_backbones,results/pending_runs/paper_backbones/MobileNetV2/dermmnist/L70_G70/tralo/seed_1,dermmnist,MobileNetV2,4,L70_G70,tralo,1,True,data/dermmnist/slice_1,0.7209,0.842,0.8507,0.1183,0.266,12.0,1,55,0.1008,81.1699
paper_backbones,results/pending_runs/paper_backbones/MobileNetV2/dermmnist/L70_G70/tralo/seed_2,dermmnist,MobileNetV2,4,L70_G70,tralo,2,True,data/dermmnist/slice_1,0.7258,0.8522,0.8577,0.1124,0.2495,1.0,1,55,0.1094,185.9374
paper_backbones,results/pending_runs/paper_backbones/MobileNetV2/dermmnist/L70_G70/danits_lp/seed_4,dermmnist,MobileNetV2,4,L70_G70,danits_lp,4,True,data/dermmnist/slice_1,0.7282,0.8421,0.8482,0.1105,0.2559,31.0,0,-1,0.1022,1.0401
paper_backbones,results/pending_runs/paper_backbones/MobileNetV2/dermmnist/L70_G70/danits_lp/seed_3,dermmnist,MobileNetV2,4,L70_G70,danits_lp,3,True,data/dermmnist/slice_1,0.7233,0.847,0.8512,0.1074,0.2475,51.0,0,-1,0.1194,1.0526
paper_backbones,results/pending_runs/paper_backbones/MobileNetV2/dermmnist/L70_G70/danits_lp/seed_1,dermmnist,MobileNetV2,4,L70_G70,danits_lp,1,True,data/dermmnist/slice_1,0.7178,0.8432,0.8502,0.1145,0.255,34.0,0,-1,0.1042,1.04
paper_backbones,results/pending_runs/paper_backbones/MobileNetV2/dermmnist/L70_G70/danits_lp/seed_2,dermmnist,MobileNetV2,4,L70_G70,danits_lp,2,True,data/dermmnist/slice_1,0.7348,0.8503,0.8557,0.1068,0.2441,27.0,0,-1,0.1091,1.0572
paper_backbones,results/pending_runs/paper_backbones/MobileNetV2/dermmnist/L70_G70/fioretto_ldf/seed_4,dermmnist,MobileNetV2,4,L70_G70,fioretto_ldf,4,True,data/dermmnist/slice_1,0.7501,0.851,0.8567,0.1102,0.2524,29.0,1,15,0.1152,82.1995
paper_backbones,results/pending_runs/paper_backbones/MobileNetV2/dermmnist/L70_G70/fioretto_ldf/seed_3,dermmnist,MobileNetV2,4,L70_G70,fioretto_ldf,3,True,data/dermmnist/slice_1,0.7345,0.8521,0.8572,0.1048,0.2462,17.0,1,13,0.1106,78.1167
paper_backbones,results/pending_runs/paper_backbones/MobileNetV2/dermmnist/L70_G70/fioretto_ldf/seed_1,dermmnist,MobileNetV2,4,L70_G70,fioretto_ldf,1,True,data/dermmnist/slice_1,0.7178,0.8432,0.8497,0.117,0.2646,28.0,1,14,0.1018,79.4869
paper_backbones,results/pending_runs/paper_backbones/MobileNetV2/dermmnist/L70_G70/fioretto_ldf/seed_2,dermmnist,MobileNetV2,4,L70_G70,fioretto_ldf,2,True,data/dermmnist/slice_1,0.7314,0.8528,0.8577,0.1143,0.2512,26.0,1,14,0.1054,80.3275
paper_backbones,results/pending_runs/paper_backbones/MobileNetV2/dermmnist/L70_G70/tralo_bounded/seed_4,dermmnist,MobileNetV2,4,L70_G70,tralo_bounded,4,True,data/dermmnist/slice_1,0.7501,0.851,0.8567,0.1093,0.2515,25.0,1,56,0.1144,61.8392
paper_backbones,results/pending_runs/paper_backbones/MobileNetV2/dermmnist/L70_G70/tralo_bounded/seed_3,dermmnist,MobileNetV2,4,L70_G70,tralo_bounded,3,True,data/dermmnist/slice_1,0.73,0.85,0.8552,0.1046,0.2461,17.0,0,-1,0.1084,296.5386
paper_backbones,results/pending_runs/paper_backbones/MobileNetV2/dermmnist/L70_G70/tralo_bounded/seed_1,dermmnist,MobileNetV2,4,L70_G70,tralo_bounded,1,True,data/dermmnist/slice_1,0.7169,0.8421,0.8487,0.1182,0.2638,26.0,1,55,0.11,58.4367
paper_backbones,results/pending_runs/paper_backbones/MobileNetV2/dermmnist/L70_G70/tralo_bounded/seed_2,dermmnist,MobileNetV2,4,L70_G70,tralo_bounded,2,True,data/dermmnist/slice_1,0.7346,0.8533,0.8582,0.1105,0.2501,21.0,1,55,0.1015,58.3913
paper_backbones,results/pending_runs/paper_backbones/MobileNetV2/dermmnist/L70_G70/heuristic/seed_4,dermmnist,MobileNetV2,4,L70_G70,heuristic,4,True,data/dermmnist/slice_1,0.7295,0.8427,0.8487,0.1105,0.2559,31.0,0,-1,0.1135,0.9729
paper_backbones,results/pending_runs/paper_backbones/MobileNetV2/dermmnist/L70_G70/heuristic/seed_3,dermmnist,MobileNetV2,4,L70_G70,heuristic,3,True,data/dermmnist/slice_1,0.7216,0.8479,0.8517,0.1074,0.2475,55.0,0,-1,0.1158,0.9694
paper_backbones,results/pending_runs/paper_backbones/MobileNetV2/dermmnist/L70_G70/heuristic/seed_1,dermmnist,MobileNetV2,4,L70_G70,heuristic,1,True,data/dermmnist/slice_1,0.7187,0.8443,0.8512,0.1145,0.255,34.0,0,-1,0.1004,0.9597
paper_backbones,results/pending_runs/paper_backbones/MobileNetV2/dermmnist/L70_G70/heuristic/seed_2,dermmnist,MobileNetV2,4,L70_G70,heuristic,2,True,data/dermmnist/slice_1,0.7348,0.8503,0.8557,0.1068,0.2441,27.0,0,-1,0.1115,0.9677
paper_backbones,results/pending_runs/paper_backbones/MobileNetV2/dermmnist/L30_G30/hounie_rcl/seed_4,dermmnist,MobileNetV2,4,L30_G30,hounie_rcl,4,True,data/dermmnist/slice_1,0.6999,0.8213,0.8392,0.1449,0.3107,39.0,1,25,0.1132,117.9699
paper_backbones,results/pending_runs/paper_backbones/MobileNetV2/dermmnist/L30_G30/hounie_rcl/seed_3,dermmnist,MobileNetV2,4,L30_G30,hounie_rcl,3,True,data/dermmnist/slice_1,0.6825,0.8207,0.8382,0.1376,0.3027,23.0,1,28,0.1141,125.0232
paper_backbones,results/pending_runs/paper_backbones/MobileNetV2/dermmnist/L30_G30/hounie_rcl/seed_1,dermmnist,MobileNetV2,4,L30_G30,hounie_rcl,1,True,data/dermmnist/slice_1,0.6862,0.8119,0.8328,0.1505,0.3243,39.0,1,23,0.1156,112.5557
paper_backbones,results/pending_runs/paper_backbones/MobileNetV2/dermmnist/L30_G30/hounie_rcl/seed_2,dermmnist,MobileNetV2,4,L30_G30,hounie_rcl,2,True,data/dermmnist/slice_1,0.6829,0.8187,0.8382,0.1431,0.3159,44.0,1,19,0.1205,103.007
paper_backbones,results/pending_runs/paper_backbones/MobileNetV2/dermmnist/L30_G30/tralo/seed_4,dermmnist,MobileNetV2,4,L30_G30,tralo,4,True,data/dermmnist/slice_1,0.706,0.8218,0.8402,0.1252,0.2806,2.0,1,60,0.1059,101.2409
paper_backbones,results/pending_runs/paper_backbones/MobileNetV2/dermmnist/L30_G30/tralo/seed_3,dermmnist,MobileNetV2,4,L30_G30,tralo,3,True,data/dermmnist/slice_1,0.6989,0.8218,0.8407,0.1337,0.2889,1.0,1,61,0.1157,548.6921
paper_backbones,results/pending_runs/paper_backbones/MobileNetV2/dermmnist/L30_G30/tralo/seed_1,dermmnist,MobileNetV2,4,L30_G30,tralo,1,True,data/dermmnist/slice_1,0.6895,0.8079,0.8298,0.1421,0.304,0.0,1,60,0.1083,115.867
paper_backbones,results/pending_runs/paper_backbones/MobileNetV2/dermmnist/L30_G30/tralo/seed_2,dermmnist,MobileNetV2,4,L30_G30,tralo,2,True,data/dermmnist/slice_1,0.6886,0.8179,0.8377,0.1346,0.29,1.0,1,59,0.1145,112.5371
paper_backbones,results/pending_runs/paper_backbones/MobileNetV2/dermmnist/L30_G30/danits_lp/seed_4,dermmnist,MobileNetV2,4,L30_G30,danits_lp,4,True,data/dermmnist/slice_1,0.6979,0.8197,0.8377,0.1105,0.2559,120.0,0,-1,0.1027,1.034
paper_backbones,results/pending_runs/paper_backbones/MobileNetV2/dermmnist/L30_G30/danits_lp/seed_3,dermmnist,MobileNetV2,4,L30_G30,danits_lp,3,True,data/dermmnist/slice_1,0.6766,0.8161,0.8323,0.1074,0.2475,138.0,0,-1,0.1061,1.0343
paper_backbones,results/pending_runs/paper_backbones/MobileNetV2/dermmnist/L30_G30/danits_lp/seed_1,dermmnist,MobileNetV2,4,L30_G30,danits_lp,1,True,data/dermmnist/slice_1,0.6847,0.8116,0.8318,0.1145,0.255,123.0,0,-1,0.112,1.0427
paper_backbones,results/pending_runs/paper_backbones/MobileNetV2/dermmnist/L30_G30/danits_lp/seed_2,dermmnist,MobileNetV2,4,L30_G30,danits_lp,2,True,data/dermmnist/slice_1,0.6995,0.8214,0.8397,0.1068,0.2441,116.0,0,-1,0.1156,1.0504
paper_backbones,results/pending_runs/paper_backbones/MobileNetV2/dermmnist/L30_G30/fioretto_ldf/seed_4,dermmnist,MobileNetV2,4,L30_G30,fioretto_ldf,4,True,data/dermmnist/slice_1,0.7046,0.8207,0.8392,0.1295,0.2885,13.0,1,21,0.1032,99.2361
paper_backbones,results/pending_runs/paper_backbones/MobileNetV2/dermmnist/L30_G30/fioretto_ldf/seed_3,dermmnist,MobileNetV2,4,L30_G30,fioretto_ldf,3,True,data/dermmnist/slice_1,0.6819,0.8186,0.8372,0.1317,0.2881,7.0,1,21,0.1066,99.212
paper_backbones,results/pending_runs/paper_backbones/MobileNetV2/dermmnist/L30_G30/fioretto_ldf/seed_1,dermmnist,MobileNetV2,4,L30_G30,fioretto_ldf,1,True,data/dermmnist/slice_1,0.6906,0.8112,0.8323,0.1418,0.3054,13.0,0,-1,0.1147,318.0829
paper_backbones,results/pending_runs/paper_backbones/MobileNetV2/dermmnist/L30_G30/fioretto_ldf/seed_2,dermmnist,MobileNetV2,4,L30_G30,fioretto_ldf,2,True,data/dermmnist/slice_1,0.6898,0.822,0.8412,0.1371,0.3006,28.0,1,21,0.1081,98.5644
paper_backbones,results/pending_runs/paper_backbones/MobileNetV2/dermmnist/L30_G30/tralo_bounded/seed_4,dermmnist,MobileNetV2,4,L30_G30,tralo_bounded,4,True,data/dermmnist/slice_1,0.7063,0.8217,0.8397,0.1292,0.2875,11.0,1,60,0.1125,72.3657
paper_backbones,results/pending_runs/paper_backbones/MobileNetV2/dermmnist/L30_G30/tralo_bounded/seed_3,dermmnist,MobileNetV2,4,L30_G30,tralo_bounded,3,True,data/dermmnist/slice_1,0.6795,0.8179,0.8357,0.1357,0.2965,16.0,1,61,0.116,75.8063
paper_backbones,results/pending_runs/paper_backbones/MobileNetV2/dermmnist/L30_G30/tralo_bounded/seed_1,dermmnist,MobileNetV2,4,L30_G30,tralo_bounded,1,True,data/dermmnist/slice_1,0.6865,0.8124,0.8328,0.146,0.3138,29.0,1,60,0.113,72.7885
paper_backbones,results/pending_runs/paper_backbones/MobileNetV2/dermmnist/L30_G30/tralo_bounded/seed_2,dermmnist,MobileNetV2,4,L30_G30,tralo_bounded,2,True,data/dermmnist/slice_1,0.6898,0.822,0.8407,0.1354,0.2975,22.0,1,59,0.1067,69.6993
paper_backbones,results/pending_runs/paper_backbones/MobileNetV2/dermmnist/L30_G30/heuristic/seed_4,dermmnist,MobileNetV2,4,L30_G30,heuristic,4,True,data/dermmnist/slice_1,0.6977,0.8197,0.8377,0.1105,0.2559,120.0,0,-1,0.1173,0.9748
paper_backbones,results/pending_runs/paper_backbones/MobileNetV2/dermmnist/L30_G30/heuristic/seed_3,dermmnist,MobileNetV2,4,L30_G30,heuristic,3,True,data/dermmnist/slice_1,0.6766,0.8161,0.8323,0.1074,0.2475,138.0,0,-1,0.1111,0.975
paper_backbones,results/pending_runs/paper_backbones/MobileNetV2/dermmnist/L30_G30/heuristic/seed_1,dermmnist,MobileNetV2,4,L30_G30,heuristic,1,True,data/dermmnist/slice_1,0.6847,0.8116,0.8318,0.1145,0.255,123.0,0,-1,0.1029,0.9607
paper_backbones,results/pending_runs/paper_backbones/MobileNetV2/dermmnist/L30_G30/heuristic/seed_2,dermmnist,MobileNetV2,4,L30_G30,heuristic,2,True,data/dermmnist/slice_1,0.6974,0.8202,0.8387,0.1068,0.2441,116.0,0,-1,0.1152,0.9697
paper_backbones,results/pending_runs/paper_backbones/MobileNetV2/dermmnist/L80_G80/hounie_rcl/seed_4,dermmnist,MobileNetV2,4,L80_G80,hounie_rcl,4,True,data/dermmnist/slice_1,0.7516,0.8533,0.8572,0.1106,0.2472,22.0,1,23,0.1023,111.6658
paper_backbones,results/pending_runs/paper_backbones/MobileNetV2/dermmnist/L80_G80/hounie_rcl/seed_3,dermmnist,MobileNetV2,4,L80_G80,hounie_rcl,3,True,data/dermmnist/slice_1,0.7424,0.8543,0.8577,0.1054,0.2428,16.0,1,25,0.1026,118.5034
paper_backbones,results/pending_runs/paper_backbones/MobileNetV2/dermmnist/L80_G80/hounie_rcl/seed_1,dermmnist,MobileNetV2,4,L80_G80,hounie_rcl,1,True,data/dermmnist/slice_1,0.735,0.8474,0.8517,0.1108,0.2547,8.0,1,1,0.1028,101.76
paper_backbones,results/pending_runs/paper_backbones/MobileNetV2/dermmnist/L80_G80/hounie_rcl/seed_2,dermmnist,MobileNetV2,4,L80_G80,hounie_rcl,2,True,data/dermmnist/slice_1,0.7284,0.8532,0.8567,0.1098,0.2492,39.0,1,20,0.1075,104.7901
paper_backbones,results/pending_runs/paper_backbones/MobileNetV2/dermmnist/L80_G80/tralo/seed_4,dermmnist,MobileNetV2,4,L80_G80,tralo,4,True,data/dermmnist/slice_1,0.7376,0.8457,0.8517,0.1154,0.2557,1.0,1,54,0.1098,104.1474
paper_backbones,results/pending_runs/paper_backbones/MobileNetV2/dermmnist/L80_G80/tralo/seed_3,dermmnist,MobileNetV2,4,L80_G80,tralo,3,True,data/dermmnist/slice_1,0.7475,0.855,0.8602,0.1129,0.2512,2.0,1,54,0.1236,821.1857
paper_backbones,results/pending_runs/paper_backbones/MobileNetV2/dermmnist/L80_G80/tralo/seed_1,dermmnist,MobileNetV2,4,L80_G80,tralo,1,True,data/dermmnist/slice_1,0.7301,0.8454,0.8522,0.1128,0.2596,0.0,1,51,0.1148,157.4107
paper_backbones,results/pending_runs/paper_backbones/MobileNetV2/dermmnist/L80_G80/tralo/seed_2,dermmnist,MobileNetV2,4,L80_G80,tralo,2,True,data/dermmnist/slice_1,0.7369,0.8551,0.8592,0.1187,0.2566,1.0,1,54,0.1137,826.0774
paper_backbones,results/pending_runs/paper_backbones/MobileNetV2/dermmnist/L80_G80/danits_lp/seed_4,dermmnist,MobileNetV2,4,L80_G80,danits_lp,4,True,data/dermmnist/slice_1,0.7345,0.8456,0.8502,0.1105,0.2559,11.0,0,-1,0.1006,1.0362
paper_backbones,results/pending_runs/paper_backbones/MobileNetV2/dermmnist/L80_G80/danits_lp/seed_3,dermmnist,MobileNetV2,4,L80_G80,danits_lp,3,True,data/dermmnist/slice_1,0.7245,0.8503,0.8532,0.1074,0.2475,33.0,0,-1,0.1127,1.0527
paper_backbones,results/pending_runs/paper_backbones/MobileNetV2/dermmnist/L80_G80/danits_lp/seed_1,dermmnist,MobileNetV2,4,L80_G80,danits_lp,1,True,data/dermmnist/slice_1,0.7189,0.8426,0.8482,0.1145,0.255,12.0,0,-1,0.1153,1.0466
paper_backbones,results/pending_runs/paper_backbones/MobileNetV2/dermmnist/L80_G80/danits_lp/seed_2,dermmnist,MobileNetV2,4,L80_G80,danits_lp,2,True,data/dermmnist/slice_1,0.735,0.852,0.8562,0.1068,0.2441,8.0,0,-1,0.1095,1.0508
paper_backbones,results/pending_runs/paper_backbones/MobileNetV2/dermmnist/L80_G80/fioretto_ldf/seed_4,dermmnist,MobileNetV2,4,L80_G80,fioretto_ldf,4,True,data/dermmnist/slice_1,0.7534,0.8543,0.8582,0.108,0.2468,15.0,1,11,0.1016,71.8784
paper_backbones,results/pending_runs/paper_backbones/MobileNetV2/dermmnist/L80_G80/fioretto_ldf/seed_3,dermmnist,MobileNetV2,4,L80_G80,fioretto_ldf,3,True,data/dermmnist/slice_1,0.7446,0.8552,0.8587,0.1031,0.2439,21.0,1,8,0.1095,66.3285
paper_backbones,results/pending_runs/paper_backbones/MobileNetV2/dermmnist/L80_G80/fioretto_ldf/seed_1,dermmnist,MobileNetV2,4,L80_G80,fioretto_ldf,1,True,data/dermmnist/slice_1,0.7353,0.8478,0.8522,0.1098,0.2548,8.0,1,1,0.1022,65.387
paper_backbones,results/pending_runs/paper_backbones/MobileNetV2/dermmnist/L80_G80/fioretto_ldf/seed_2,dermmnist,MobileNetV2,4,L80_G80,fioretto_ldf,2,True,data/dermmnist/slice_1,0.7345,0.8552,0.8587,0.1098,0.2456,14.0,1,12,0.1123,77.5276
paper_backbones,results/pending_runs/paper_backbones/MobileNetV2/dermmnist/L80_G80/tralo_bounded/seed_4,dermmnist,MobileNetV2,4,L80_G80,tralo_bounded,4,True,data/dermmnist/slice_1,0.7511,0.8531,0.8572,0.1075,0.2468,14.0,1,54,0.1083,56.4995
paper_backbones,results/pending_runs/paper_backbones/MobileNetV2/dermmnist/L80_G80/tralo_bounded/seed_3,dermmnist,MobileNetV2,4,L80_G80,tralo_bounded,3,True,data/dermmnist/slice_1,0.7432,0.8547,0.8582,0.1037,0.2436,19.0,1,54,0.121,58.2991
paper_backbones,results/pending_runs/paper_backbones/MobileNetV2/dermmnist/L80_G80/tralo_bounded/seed_1,dermmnist,MobileNetV2,4,L80_G80,tralo_bounded,1,True,data/dermmnist/slice_1,0.7353,0.8478,0.8522,0.1098,0.2548,8.0,1,51,0.1122,52.9725
paper_backbones,results/pending_runs/paper_backbones/MobileNetV2/dermmnist/L80_G80/tralo_bounded/seed_2,dermmnist,MobileNetV2,4,L80_G80,tralo_bounded,2,True,data/dermmnist/slice_1,0.7337,0.8547,0.8582,0.1107,0.2455,13.0,0,-1,0.1166,295.6486
paper_backbones,results/pending_runs/paper_backbones/MobileNetV2/dermmnist/L80_G80/heuristic/seed_4,dermmnist,MobileNetV2,4,L80_G80,heuristic,4,True,data/dermmnist/slice_1,0.735,0.8451,0.8497,0.1105,0.2559,13.0,0,-1,0.113,0.9737
paper_backbones,results/pending_runs/paper_backbones/MobileNetV2/dermmnist/L80_G80/heuristic/seed_3,dermmnist,MobileNetV2,4,L80_G80,heuristic,3,True,data/dermmnist/slice_1,0.7247,0.8491,0.8517,0.1074,0.2475,39.0,0,-1,0.1133,0.9681
paper_backbones,results/pending_runs/paper_backbones/MobileNetV2/dermmnist/L80_G80/heuristic/seed_1,dermmnist,MobileNetV2,4,L80_G80,heuristic,1,True,data/dermmnist/slice_1,0.7184,0.842,0.8477,0.1145,0.255,12.0,0,-1,0.1122,0.9647
paper_backbones,results/pending_runs/paper_backbones/MobileNetV2/dermmnist/L80_G80/heuristic/seed_2,dermmnist,MobileNetV2,4,L80_G80,heuristic,2,True,data/dermmnist/slice_1,0.7361,0.8512,0.8552,0.1068,0.2441,11.0,0,-1,0.1163,0.9638
paper_backbones,results/pending_runs/paper_backbones/MobileNetV2/tissuemnist/L20_G20/hounie_rcl/seed_4,tissuemnist,MobileNetV2,4,L20_G20,hounie_rcl,4,True,data/tissuemnist/slice_1,0.3625,0.4746,0.5012,0.4004,0.8676,17.0,1,76,0.5219,679.0579
paper_backbones,results/pending_runs/paper_backbones/MobileNetV2/tissuemnist/L20_G20/hounie_rcl/seed_3,tissuemnist,MobileNetV2,4,L20_G20,hounie_rcl,3,True,data/tissuemnist/slice_1,0.3674,0.473,0.4883,0.4134,0.8979,11.0,1,95,0.7108,764.5482
paper_backbones,results/pending_runs/paper_backbones/MobileNetV2/tissuemnist/L20_G20/hounie_rcl/seed_1,tissuemnist,MobileNetV2,4,L20_G20,hounie_rcl,1,True,data/tissuemnist/slice_1,0.3687,0.4817,0.5146,0.4001,0.8595,6.0,1,71,0.4399,646.0222
paper_backbones,results/pending_runs/paper_backbones/MobileNetV2/tissuemnist/L20_G20/hounie_rcl/seed_2,tissuemnist,MobileNetV2,4,L20_G20,hounie_rcl,2,True,data/tissuemnist/slice_1,0.3661,0.4846,0.5092,0.3868,0.8501,11.0,1,89,0.6558,703.1606
paper_backbones,results/pending_runs/paper_backbones/MobileNetV2/tissuemnist/L20_G20/tralo/seed_4,tissuemnist,MobileNetV2,4,L20_G20,tralo,4,True,data/tissuemnist/slice_1,0.3654,0.4658,0.5021,0.4045,0.8742,9.0,1,128,0.113,668.1117
paper_backbones,results/pending_runs/paper_backbones/MobileNetV2/tissuemnist/L20_G20/tralo/seed_3,tissuemnist,MobileNetV2,4,L20_G20,tralo,3,True,data/tissuemnist/slice_1,0.372,0.4831,0.5046,0.4039,0.8805,6.0,1,140,0.1159,751.3784
paper_backbones,results/pending_runs/paper_backbones/MobileNetV2/tissuemnist/L20_G20/tralo/seed_1,tissuemnist,MobileNetV2,4,L20_G20,tralo,1,True,data/tissuemnist/slice_1,0.3688,0.4753,0.5112,0.4047,0.864,2.0,1,120,0.1132,741.5094
paper_backbones,results/pending_runs/paper_backbones/MobileNetV2/tissuemnist/L20_G20/tralo/seed_2,tissuemnist,MobileNetV2,4,L20_G20,tralo,2,True,data/tissuemnist/slice_1,0.3715,0.4896,0.5117,0.3807,0.8427,0.0,1,135,0.1055,694.5673
paper_backbones,results/pending_runs/paper_backbones/MobileNetV2/tissuemnist/L20_G20/danits_lp/seed_4,tissuemnist,MobileNetV2,4,L20_G20,danits_lp,4,True,data/tissuemnist/slice_1,0.3237,0.4118,0.4062,0.451,0.9966,24.0,0,-1,0.1084,1.2351
paper_backbones,results/pending_runs/paper_backbones/MobileNetV2/tissuemnist/L20_G20/danits_lp/seed_3,tissuemnist,MobileNetV2,4,L20_G20,danits_lp,3,True,data/tissuemnist/slice_1,0.2921,0.3512,0.4025,0.4757,1.0249,121.0,0,-1,0.1205,1.2363
paper_backbones,results/pending_runs/paper_backbones/MobileNetV2/tissuemnist/L20_G20/danits_lp/seed_1,tissuemnist,MobileNetV2,4,L20_G20,danits_lp,1,True,data/tissuemnist/slice_1,0.3361,0.4315,0.4437,0.3998,0.9105,122.0,0,-1,0.1031,1.2293
paper_backbones,results/pending_runs/paper_backbones/MobileNetV2/tissuemnist/L20_G20/danits_lp/seed_2,tissuemnist,MobileNetV2,4,L20_G20,danits_lp,2,True,data/tissuemnist/slice_1,0.3372,0.4297,0.4146,0.4386,0.983,303.0,0,-1,0.1203,1.2436
paper_backbones,results/pending_runs/paper_backbones/MobileNetV2/tissuemnist/L20_G20/fioretto_ldf/seed_4,tissuemnist,MobileNetV2,4,L20_G20,fioretto_ldf,4,True,data/tissuemnist/slice_1,0.3644,0.4755,0.5017,0.3996,0.8622,11.0,1,80,0.1165,689.7486
paper_backbones,results/pending_runs/paper_backbones/MobileNetV2/tissuemnist/L20_G20/fioretto_ldf/seed_3,tissuemnist,MobileNetV2,4,L20_G20,fioretto_ldf,3,True,data/tissuemnist/slice_1,0.3655,0.4713,0.4904,0.4226,0.9002,6.0,1,95,0.1153,753.7402
paper_backbones,results/pending_runs/paper_backbones/MobileNetV2/tissuemnist/L20_G20/fioretto_ldf/seed_1,tissuemnist,MobileNetV2,4,L20_G20,fioretto_ldf,1,True,data/tissuemnist/slice_1,0.3708,0.4798,0.5133,0.399,0.857,5.0,1,76,0.1047,689.0053
paper_backbones,results/pending_runs/paper_backbones/MobileNetV2/tissuemnist/L20_G20/fioretto_ldf/seed_2,tissuemnist,MobileNetV2,4,L20_G20,fioretto_ldf,2,True,data/tissuemnist/slice_1,0.3832,0.4962,0.5121,0.3806,0.8398,4.0,1,92,0.1234,731.9353
paper_backbones,results/pending_runs/paper_backbones/MobileNetV2/tissuemnist/L20_G20/tralo_bounded/seed_4,tissuemnist,MobileNetV2,4,L20_G20,tralo_bounded,4,True,data/tissuemnist/slice_1,0.3672,0.4704,0.5021,0.4021,0.8723,12.0,1,128,0.1156,665.9114
paper_backbones,results/pending_runs/paper_backbones/MobileNetV2/tissuemnist/L20_G20/tralo_bounded/seed_3,tissuemnist,MobileNetV2,4,L20_G20,tralo_bounded,3,True,data/tissuemnist/slice_1,0.3753,0.4821,0.5008,0.4068,0.8888,5.0,1,140,0.1117,723.2988
paper_backbones,results/pending_runs/paper_backbones/MobileNetV2/tissuemnist/L20_G20/tralo_bounded/seed_1,tissuemnist,MobileNetV2,4,L20_G20,tralo_bounded,1,True,data/tissuemnist/slice_1,0.3613,0.472,0.5083,0.4074,0.8671,5.0,1,120,0.1039,625.7427
paper_backbones,results/pending_runs/paper_backbones/MobileNetV2/tissuemnist/L20_G20/tralo_bounded/seed_2,tissuemnist,MobileNetV2,4,L20_G20,tralo_bounded,2,True,data/tissuemnist/slice_1,0.3698,0.4872,0.5092,0.3856,0.8449,4.0,1,135,0.1054,668.9213
paper_backbones,results/pending_runs/paper_backbones/MobileNetV2/tissuemnist/L20_G20/heuristic/seed_4,tissuemnist,MobileNetV2,4,L20_G20,heuristic,4,True,data/tissuemnist/slice_1,0.3237,0.4118,0.4062,0.451,0.9966,24.0,0,-1,0.1129,1.1304
paper_backbones,results/pending_runs/paper_backbones/MobileNetV2/tissuemnist/L20_G20/heuristic/seed_3,tissuemnist,MobileNetV2,4,L20_G20,heuristic,3,True,data/tissuemnist/slice_1,0.2921,0.3512,0.4025,0.4757,1.0249,121.0,0,-1,0.1046,1.1283
paper_backbones,results/pending_runs/paper_backbones/MobileNetV2/tissuemnist/L20_G20/heuristic/seed_1,tissuemnist,MobileNetV2,4,L20_G20,heuristic,1,True,data/tissuemnist/slice_1,0.3362,0.4314,0.4437,0.3998,0.9105,122.0,0,-1,0.1164,1.1296
paper_backbones,results/pending_runs/paper_backbones/MobileNetV2/tissuemnist/L20_G20/heuristic/seed_2,tissuemnist,MobileNetV2,4,L20_G20,heuristic,2,True,data/tissuemnist/slice_1,0.3372,0.4297,0.4146,0.4386,0.983,303.0,0,-1,0.1044,1.1188
paper_backbones,results/pending_runs/paper_backbones/MobileNetV2/tissuemnist/L70_G70/hounie_rcl/seed_4,tissuemnist,MobileNetV2,4,L70_G70,hounie_rcl,4,True,data/tissuemnist/slice_1,0.3974,0.5048,0.5221,0.3723,0.8275,30.0,1,51,0.111,600.4733
paper_backbones,results/pending_runs/paper_backbones/MobileNetV2/tissuemnist/L70_G70/hounie_rcl/seed_3,tissuemnist,MobileNetV2,4,L70_G70,hounie_rcl,3,True,data/tissuemnist/slice_1,0.38,0.4863,0.5071,0.3985,0.8632,28.0,1,47,0.1028,605.1302
paper_backbones,results/pending_runs/paper_backbones/MobileNetV2/tissuemnist/L70_G70/hounie_rcl/seed_1,tissuemnist,MobileNetV2,4,L70_G70,hounie_rcl,1,True,data/tissuemnist/slice_1,0.3928,0.5057,0.5296,0.3792,0.8255,25.0,1,53,0.1127,629.7498
paper_backbones,results/pending_runs/paper_backbones/MobileNetV2/tissuemnist/L70_G70/hounie_rcl/seed_2,tissuemnist,MobileNetV2,4,L70_G70,hounie_rcl,2,True,data/tissuemnist/slice_1,0.4046,0.5151,0.5279,0.3658,0.8134,31.0,1,66,0.1035,652.5986
paper_backbones,results/pending_runs/paper_backbones/MobileNetV2/tissuemnist/L70_G70/tralo/seed_4,tissuemnist,MobileNetV2,4,L70_G70,tralo,4,True,data/tissuemnist/slice_1,0.3928,0.5036,0.5158,0.3778,0.8281,7.0,1,102,0.1179,622.8174
paper_backbones,results/pending_runs/paper_backbones/MobileNetV2/tissuemnist/L70_G70/tralo/seed_3,tissuemnist,MobileNetV2,4,L70_G70,tralo,3,True,data/tissuemnist/slice_1,0.3766,0.4887,0.5075,0.3968,0.8578,5.0,1,104,0.1076,691.1752
paper_backbones,results/pending_runs/paper_backbones/MobileNetV2/tissuemnist/L70_G70/tralo/seed_1,tissuemnist,MobileNetV2,4,L70_G70,tralo,1,True,data/tissuemnist/slice_1,0.3867,0.5003,0.5304,0.3857,0.8271,5.0,1,101,0.1182,695.4406
paper_backbones,results/pending_runs/paper_backbones/MobileNetV2/tissuemnist/L70_G70/tralo/seed_2,tissuemnist,MobileNetV2,4,L70_G70,tralo,2,True,data/tissuemnist/slice_1,0.4067,0.5165,0.53,0.366,0.807,24.0,1,114,0.1199,632.3703
paper_backbones,results/pending_runs/paper_backbones/MobileNetV2/tissuemnist/L70_G70/danits_lp/seed_4,tissuemnist,MobileNetV2,4,L70_G70,danits_lp,4,True,data/tissuemnist/slice_1,0.331,0.4159,0.4079,0.451,0.9966,0.0,1,-1,0.1259,1.2564
paper_backbones,results/pending_runs/paper_backbones/MobileNetV2/tissuemnist/L70_G70/danits_lp/seed_3,tissuemnist,MobileNetV2,4,L70_G70,danits_lp,3,True,data/tissuemnist/slice_1,0.3025,0.3556,0.4033,0.4757,1.0249,35.0,0,-1,0.1181,1.2386
paper_backbones,results/pending_runs/paper_backbones/MobileNetV2/tissuemnist/L70_G70/danits_lp/seed_1,tissuemnist,MobileNetV2,4,L70_G70,danits_lp,1,True,data/tissuemnist/slice_1,0.3579,0.4434,0.4508,0.3998,0.9105,36.0,0,-1,0.117,1.2448
paper_backbones,results/pending_runs/paper_backbones/MobileNetV2/tissuemnist/L70_G70/danits_lp/seed_2,tissuemnist,MobileNetV2,4,L70_G70,danits_lp,2,True,data/tissuemnist/slice_1,0.3589,0.4427,0.4213,0.4386,0.983,217.0,0,-1,0.1189,1.2416
paper_backbones,results/pending_runs/paper_backbones/MobileNetV2/tissuemnist/L70_G70/fioretto_ldf/seed_4,tissuemnist,MobileNetV2,4,L70_G70,fioretto_ldf,4,True,data/tissuemnist/slice_1,0.4031,0.507,0.5262,0.3722,0.8267,15.0,1,53,0.1134,591.8604
paper_backbones,results/pending_runs/paper_backbones/MobileNetV2/tissuemnist/L70_G70/fioretto_ldf/seed_3,tissuemnist,MobileNetV2,4,L70_G70,fioretto_ldf,3,True,data/tissuemnist/slice_1,0.3759,0.4897,0.5067,0.3941,0.8589,9.0,1,53,0.1218,626.9614
paper_backbones,results/pending_runs/paper_backbones/MobileNetV2/tissuemnist/L70_G70/fioretto_ldf/seed_1,tissuemnist,MobileNetV2,4,L70_G70,fioretto_ldf,1,True,data/tissuemnist/slice_1,0.3859,0.5018,0.5217,0.3812,0.8229,8.0,1,54,0.1171,625.4533
paper_backbones,results/pending_runs/paper_backbones/MobileNetV2/tissuemnist/L70_G70/fioretto_ldf/seed_2,tissuemnist,MobileNetV2,4,L70_G70,fioretto_ldf,2,True,data/tissuemnist/slice_1,0.3955,0.5132,0.5283,0.3645,0.8117,16.0,1,62,0.1077,603.668
paper_backbones,results/pending_runs/paper_backbones/MobileNetV2/tissuemnist/L70_G70/tralo_bounded/seed_4,tissuemnist,MobileNetV2,4,L70_G70,tralo_bounded,4,True,data/tissuemnist/slice_1,0.3977,0.5047,0.52,0.3731,0.8217,11.0,1,102,0.1064,595.6137
paper_backbones,results/pending_runs/paper_backbones/MobileNetV2/tissuemnist/L70_G70/tralo_bounded/seed_3,tissuemnist,MobileNetV2,4,L70_G70,tralo_bounded,3,True,data/tissuemnist/slice_1,0.3776,0.4897,0.5071,0.3956,0.8622,6.0,1,104,0.1139,625.936
paper_backbones,results/pending_runs/paper_backbones/MobileNetV2/tissuemnist/L70_G70/tralo_bounded/seed_1,tissuemnist,MobileNetV2,4,L70_G70,tralo_bounded,1,True,data/tissuemnist/slice_1,0.3899,0.5065,0.5283,0.3733,0.8228,12.0,1,101,0.106,614.125
paper_backbones,results/pending_runs/paper_backbones/MobileNetV2/tissuemnist/L70_G70/tralo_bounded/seed_2,tissuemnist,MobileNetV2,4,L70_G70,tralo_bounded,2,True,data/tissuemnist/slice_1,0.4018,0.5157,0.5292,0.3678,0.809,13.0,1,114,0.114,606.2504
paper_backbones,results/pending_runs/paper_backbones/MobileNetV2/tissuemnist/L70_G70/heuristic/seed_4,tissuemnist,MobileNetV2,4,L70_G70,heuristic,4,True,data/tissuemnist/slice_1,0.3341,0.4147,0.4062,0.451,0.9966,62.0,1,-1,0.1146,1.1255
paper_backbones,results/pending_runs/paper_backbones/MobileNetV2/tissuemnist/L70_G70/heuristic/seed_3,tissuemnist,MobileNetV2,4,L70_G70,heuristic,3,True,data/tissuemnist/slice_1,0.3044,0.3565,0.4042,0.4757,1.0249,35.0,0,-1,0.1121,1.1395
paper_backbones,results/pending_runs/paper_backbones/MobileNetV2/tissuemnist/L70_G70/heuristic/seed_1,tissuemnist,MobileNetV2,4,L70_G70,heuristic,1,True,data/tissuemnist/slice_1,0.358,0.4434,0.4508,0.3998,0.9105,36.0,0,-1,0.1129,1.127
paper_backbones,results/pending_runs/paper_backbones/MobileNetV2/tissuemnist/L70_G70/heuristic/seed_2,tissuemnist,MobileNetV2,4,L70_G70,heuristic,2,True,data/tissuemnist/slice_1,0.3604,0.443,0.4217,0.4386,0.983,217.0,0,-1,0.119,1.1374
paper_backbones,results/pending_runs/paper_backbones/MobileNetV2/tissuemnist/L30_G30/hounie_rcl/seed_4,tissuemnist,MobileNetV2,4,L30_G30,hounie_rcl,4,True,data/tissuemnist/slice_1,0.3727,0.4755,0.5062,0.3973,0.8631,24.0,1,74,0.1112,668.9911
paper_backbones,results/pending_runs/paper_backbones/MobileNetV2/tissuemnist/L30_G30/hounie_rcl/seed_3,tissuemnist,MobileNetV2,4,L30_G30,hounie_rcl,3,True,data/tissuemnist/slice_1,0.3727,0.4784,0.4975,0.4125,0.8892,14.0,1,79,0.118,705.3595
paper_backbones,results/pending_runs/paper_backbones/MobileNetV2/tissuemnist/L30_G30/hounie_rcl/seed_1,tissuemnist,MobileNetV2,4,L30_G30,hounie_rcl,1,True,data/tissuemnist/slice_1,0.3773,0.4889,0.5192,0.3937,0.8526,19.0,1,66,0.1048,633.7319
paper_backbones,results/pending_runs/paper_backbones/MobileNetV2/tissuemnist/L30_G30/hounie_rcl/seed_2,tissuemnist,MobileNetV2,4,L30_G30,hounie_rcl,2,True,data/tissuemnist/slice_1,0.3775,0.4909,0.5096,0.389,0.8459,21.0,1,83,0.1095,706.65
paper_backbones,results/pending_runs/paper_backbones/MobileNetV2/tissuemnist/L30_G30/tralo/seed_4,tissuemnist,MobileNetV2,4,L30_G30,tralo,4,True,data/tissuemnist/slice_1,0.3722,0.4826,0.5079,0.3904,0.8522,13.0,1,124,0.119,675.1173
paper_backbones,results/pending_runs/paper_backbones/MobileNetV2/tissuemnist/L30_G30/tralo/seed_3,tissuemnist,MobileNetV2,4,L30_G30,tralo,3,True,data/tissuemnist/slice_1,0.3832,0.4918,0.505,0.3975,0.8603,1.0,1,128,0.1109,737.962
paper_backbones,results/pending_runs/paper_backbones/MobileNetV2/tissuemnist/L30_G30/tralo/seed_1,tissuemnist,MobileNetV2,4,L30_G30,tralo,1,True,data/tissuemnist/slice_1,0.3806,0.4955,0.5271,0.3855,0.8387,4.0,1,116,0.1053,649.5135
paper_backbones,results/pending_runs/paper_backbones/MobileNetV2/tissuemnist/L30_G30/tralo/seed_2,tissuemnist,MobileNetV2,4,L30_G30,tralo,2,True,data/tissuemnist/slice_1,0.384,0.4993,0.5167,0.3755,0.8376,3.0,1,130,0.1142,734.3585
paper_backbones,results/pending_runs/paper_backbones/MobileNetV2/tissuemnist/L30_G30/danits_lp/seed_4,tissuemnist,MobileNetV2,4,L30_G30,danits_lp,4,True,data/tissuemnist/slice_1,0.3302,0.4157,0.4079,0.451,0.9966,7.0,0,-1,0.1193,1.2461
paper_backbones,results/pending_runs/paper_backbones/MobileNetV2/tissuemnist/L30_G30/danits_lp/seed_3,tissuemnist,MobileNetV2,4,L30_G30,danits_lp,3,True,data/tissuemnist/slice_1,0.2977,0.3537,0.4033,0.4757,1.0249,104.0,0,-1,0.1273,1.2387
paper_backbones,results/pending_runs/paper_backbones/MobileNetV2/tissuemnist/L30_G30/danits_lp/seed_1,tissuemnist,MobileNetV2,4,L30_G30,danits_lp,1,True,data/tissuemnist/slice_1,0.3454,0.4371,0.4471,0.3998,0.9105,105.0,0,-1,0.1093,1.2407
paper_backbones,results/pending_runs/paper_backbones/MobileNetV2/tissuemnist/L30_G30/danits_lp/seed_2,tissuemnist,MobileNetV2,4,L30_G30,danits_lp,2,True,data/tissuemnist/slice_1,0.3437,0.4333,0.4158,0.4386,0.983,286.0,0,-1,0.1182,1.2382
paper_backbones,results/pending_runs/paper_backbones/MobileNetV2/tissuemnist/L30_G30/fioretto_ldf/seed_4,tissuemnist,MobileNetV2,4,L30_G30,fioretto_ldf,4,True,data/tissuemnist/slice_1,0.3815,0.4902,0.5133,0.3869,0.8471,16.0,1,70,0.1128,677.0686
paper_backbones,results/pending_runs/paper_backbones/MobileNetV2/tissuemnist/L30_G30/fioretto_ldf/seed_3,tissuemnist,MobileNetV2,4,L30_G30,fioretto_ldf,3,True,data/tissuemnist/slice_1,0.3686,0.479,0.5025,0.4067,0.8795,5.0,0,-1,0.1157,904.0284
paper_backbones,results/pending_runs/paper_backbones/MobileNetV2/tissuemnist/L30_G30/fioretto_ldf/seed_1,tissuemnist,MobileNetV2,4,L30_G30,fioretto_ldf,1,True,data/tissuemnist/slice_1,0.3784,0.4931,0.5192,0.3897,0.8383,5.0,1,65,0.1074,623.981
paper_backbones,results/pending_runs/paper_backbones/MobileNetV2/tissuemnist/L30_G30/fioretto_ldf/seed_2,tissuemnist,MobileNetV2,4,L30_G30,fioretto_ldf,2,True,data/tissuemnist/slice_1,0.3869,0.4963,0.5125,0.3818,0.839,7.0,1,81,0.108,704.754
paper_backbones,results/pending_runs/paper_backbones/MobileNetV2/tissuemnist/L30_G30/tralo_bounded/seed_4,tissuemnist,MobileNetV2,4,L30_G30,tralo_bounded,4,True,data/tissuemnist/slice_1,0.3723,0.4803,0.5038,0.3959,0.855,16.0,1,124,0.1145,664.2961
paper_backbones,results/pending_runs/paper_backbones/MobileNetV2/tissuemnist/L30_G30/tralo_bounded/seed_3,tissuemnist,MobileNetV2,4,L30_G30,tralo_bounded,3,True,data/tissuemnist/slice_1,0.3804,0.4856,0.5029,0.4015,0.8778,9.0,1,128,0.1068,691.0681
paper_backbones,results/pending_runs/paper_backbones/MobileNetV2/tissuemnist/L30_G30/tralo_bounded/seed_1,tissuemnist,MobileNetV2,4,L30_G30,tralo_bounded,1,True,data/tissuemnist/slice_1,0.3788,0.4922,0.5233,0.3911,0.8435,6.0,1,116,0.1051,624.6162
paper_backbones,results/pending_runs/paper_backbones/MobileNetV2/tissuemnist/L30_G30/tralo_bounded/seed_2,tissuemnist,MobileNetV2,4,L30_G30,tralo_bounded,2,True,data/tissuemnist/slice_1,0.3796,0.4896,0.5083,0.3847,0.8436,7.0,1,130,0.1072,694.5976
paper_backbones,results/pending_runs/paper_backbones/MobileNetV2/tissuemnist/L30_G30/heuristic/seed_4,tissuemnist,MobileNetV2,4,L30_G30,heuristic,4,True,data/tissuemnist/slice_1,0.3313,0.4164,0.4083,0.451,0.9966,9.0,0,-1,0.1125,1.1295
paper_backbones,results/pending_runs/paper_backbones/MobileNetV2/tissuemnist/L30_G30/heuristic/seed_3,tissuemnist,MobileNetV2,4,L30_G30,heuristic,3,True,data/tissuemnist/slice_1,0.2978,0.3537,0.4033,0.4757,1.0249,104.0,0,-1,0.1051,1.1273
paper_backbones,results/pending_runs/paper_backbones/MobileNetV2/tissuemnist/L30_G30/heuristic/seed_1,tissuemnist,MobileNetV2,4,L30_G30,heuristic,1,True,data/tissuemnist/slice_1,0.3454,0.4371,0.4471,0.3998,0.9105,105.0,0,-1,0.1018,1.1199
paper_backbones,results/pending_runs/paper_backbones/MobileNetV2/tissuemnist/L30_G30/heuristic/seed_2,tissuemnist,MobileNetV2,4,L30_G30,heuristic,2,True,data/tissuemnist/slice_1,0.3432,0.433,0.4154,0.4386,0.983,286.0,0,-1,0.1152,1.1334
paper_backbones,results/pending_runs/paper_backbones/MobileNetV2/tissuemnist/L80_G80/hounie_rcl/seed_4,tissuemnist,MobileNetV2,4,L80_G80,hounie_rcl,4,True,data/tissuemnist/slice_1,0.4,0.5072,0.5262,0.3699,0.8243,37.0,1,50,0.1021,579.0433
paper_backbones,results/pending_runs/paper_backbones/MobileNetV2/tissuemnist/L80_G80/hounie_rcl/seed_3,tissuemnist,MobileNetV2,4,L80_G80,hounie_rcl,3,True,data/tissuemnist/slice_1,0.3884,0.5005,0.5129,0.383,0.8356,29.0,1,54,0.1196,622.3768
paper_backbones,results/pending_runs/paper_backbones/MobileNetV2/tissuemnist/L80_G80/hounie_rcl/seed_1,tissuemnist,MobileNetV2,4,L80_G80,hounie_rcl,1,True,data/tissuemnist/slice_1,0.3917,0.5023,0.5225,0.3813,0.8232,25.0,1,52,0.1018,586.8843
paper_backbones,results/pending_runs/paper_backbones/MobileNetV2/tissuemnist/L80_G80/hounie_rcl/seed_2,tissuemnist,MobileNetV2,4,L80_G80,hounie_rcl,2,True,data/tissuemnist/slice_1,0.4076,0.5173,0.5308,0.3667,0.8086,38.0,1,61,0.1055,612.1273
paper_backbones,results/pending_runs/paper_backbones/MobileNetV2/tissuemnist/L80_G80/tralo/seed_4,tissuemnist,MobileNetV2,4,L80_G80,tralo,4,True,data/tissuemnist/slice_1,0.4037,0.508,0.5096,0.3748,0.8378,9.0,1,101,0.1158,669.175
paper_backbones,results/pending_runs/paper_backbones/MobileNetV2/tissuemnist/L80_G80/tralo/seed_3,tissuemnist,MobileNetV2,4,L80_G80,tralo,3,True,data/tissuemnist/slice_1,0.3971,0.5124,0.5246,0.3731,0.8245,4.0,1,106,0.106,664.2466
paper_backbones,results/pending_runs/paper_backbones/MobileNetV2/tissuemnist/L80_G80/tralo/seed_1,tissuemnist,MobileNetV2,4,L80_G80,tralo,1,True,data/tissuemnist/slice_1,0.3986,0.5056,0.5204,0.3788,0.8282,4.0,1,99,0.1205,592.4079
paper_backbones,results/pending_runs/paper_backbones/MobileNetV2/tissuemnist/L80_G80/tralo/seed_2,tissuemnist,MobileNetV2,4,L80_G80,tralo,2,True,data/tissuemnist/slice_1,0.4146,0.5207,0.5325,0.3627,0.813,7.0,1,110,0.1146,743.3737
paper_backbones,results/pending_runs/paper_backbones/MobileNetV2/tissuemnist/L80_G80/danits_lp/seed_4,tissuemnist,MobileNetV2,4,L80_G80,danits_lp,4,True,data/tissuemnist/slice_1,0.331,0.4159,0.4079,0.451,0.9966,0.0,1,-1,0.1099,1.2278
paper_backbones,results/pending_runs/paper_backbones/MobileNetV2/tissuemnist/L80_G80/danits_lp/seed_3,tissuemnist,MobileNetV2,4,L80_G80,danits_lp,3,True,data/tissuemnist/slice_1,0.3038,0.3566,0.4042,0.4757,1.0249,18.0,0,-1,0.1087,1.2376
paper_backbones,results/pending_runs/paper_backbones/MobileNetV2/tissuemnist/L80_G80/danits_lp/seed_1,tissuemnist,MobileNetV2,4,L80_G80,danits_lp,1,True,data/tissuemnist/slice_1,0.3586,0.4433,0.4508,0.3998,0.9105,19.0,0,-1,0.106,1.2359
paper_backbones,results/pending_runs/paper_backbones/MobileNetV2/tissuemnist/L80_G80/danits_lp/seed_2,tissuemnist,MobileNetV2,4,L80_G80,danits_lp,2,True,data/tissuemnist/slice_1,0.3636,0.4453,0.4238,0.4386,0.983,200.0,0,-1,0.1157,1.2312
paper_backbones,results/pending_runs/paper_backbones/MobileNetV2/tissuemnist/L80_G80/fioretto_ldf/seed_4,tissuemnist,MobileNetV2,4,L80_G80,fioretto_ldf,4,True,data/tissuemnist/slice_1,0.3941,0.5037,0.5192,0.3735,0.8258,13.0,1,50,0.1067,594.5055
paper_backbones,results/pending_runs/paper_backbones/MobileNetV2/tissuemnist/L80_G80/fioretto_ldf/seed_3,tissuemnist,MobileNetV2,4,L80_G80,fioretto_ldf,3,True,data/tissuemnist/slice_1,0.3806,0.4896,0.5083,0.3948,0.8584,10.0,1,46,0.1115,568.3915
paper_backbones,results/pending_runs/paper_backbones/MobileNetV2/tissuemnist/L80_G80/fioretto_ldf/seed_1,tissuemnist,MobileNetV2,4,L80_G80,fioretto_ldf,1,True,data/tissuemnist/slice_1,0.4,0.5092,0.5267,0.371,0.8199,5.0,1,50,0.1045,634.9752
paper_backbones,results/pending_runs/paper_backbones/MobileNetV2/tissuemnist/L80_G80/fioretto_ldf/seed_2,tissuemnist,MobileNetV2,4,L80_G80,fioretto_ldf,2,True,data/tissuemnist/slice_1,0.4103,0.5197,0.5304,0.3627,0.807,9.0,1,65,0.1188,660.6617
paper_backbones,results/pending_runs/paper_backbones/MobileNetV2/tissuemnist/L80_G80/tralo_bounded/seed_4,tissuemnist,MobileNetV2,4,L80_G80,tralo_bounded,4,True,data/tissuemnist/slice_1,0.3989,0.5073,0.5242,0.3707,0.8213,14.0,1,101,0.1036,583.4898
paper_backbones,results/pending_runs/paper_backbones/MobileNetV2/tissuemnist/L80_G80/tralo_bounded/seed_3,tissuemnist,MobileNetV2,4,L80_G80,tralo_bounded,3,True,data/tissuemnist/slice_1,0.391,0.5088,0.5221,0.3728,0.8255,4.0,1,106,0.1043,615.6775
paper_backbones,results/pending_runs/paper_backbones/MobileNetV2/tissuemnist/L80_G80/tralo_bounded/seed_1,tissuemnist,MobileNetV2,4,L80_G80,tralo_bounded,1,True,data/tissuemnist/slice_1,0.4002,0.5057,0.52,0.372,0.8245,7.0,1,99,0.1307,564.9194
paper_backbones,results/pending_runs/paper_backbones/MobileNetV2/tissuemnist/L80_G80/tralo_bounded/seed_2,tissuemnist,MobileNetV2,4,L80_G80,tralo_bounded,2,True,data/tissuemnist/slice_1,0.4079,0.5181,0.5312,0.3636,0.8134,10.0,1,110,0.1108,603.6662
paper_backbones,results/pending_runs/paper_backbones/MobileNetV2/tissuemnist/L80_G80/heuristic/seed_4,tissuemnist,MobileNetV2,4,L80_G80,heuristic,4,True,data/tissuemnist/slice_1,0.3347,0.4156,0.4062,0.451,0.9966,79.0,1,-1,0.1081,1.1354
paper_backbones,results/pending_runs/paper_backbones/MobileNetV2/tissuemnist/L80_G80/heuristic/seed_3,tissuemnist,MobileNetV2,4,L80_G80,heuristic,3,True,data/tissuemnist/slice_1,0.3045,0.3566,0.4042,0.4757,1.0249,18.0,0,-1,0.1066,1.1345
paper_backbones,results/pending_runs/paper_backbones/MobileNetV2/tissuemnist/L80_G80/heuristic/seed_1,tissuemnist,MobileNetV2,4,L80_G80,heuristic,1,True,data/tissuemnist/slice_1,0.3583,0.443,0.4504,0.3998,0.9105,19.0,0,-1,0.1105,1.137
paper_backbones,results/pending_runs/paper_backbones/MobileNetV2/tissuemnist/L80_G80/heuristic/seed_2,tissuemnist,MobileNetV2,4,L80_G80,heuristic,2,True,data/tissuemnist/slice_1,0.3639,0.4457,0.4242,0.4386,0.983,200.0,0,-1,0.1013,1.1268
paper_backbones,results/pending_runs/paper_backbones/ShuffleNetV2/aider/L20_G20/hounie_rcl/seed_4,aider,ShuffleNetV2,0,L20_G20,hounie_rcl,4,True,data/aider/slice_1,0.7932,0.8931,0.9143,0.0885,0.1807,10.0,1,91,216.9663,70.3225
paper_backbones,results/pending_runs/paper_backbones/ShuffleNetV2/aider/L20_G20/hounie_rcl/seed_3,aider,ShuffleNetV2,0,L20_G20,hounie_rcl,3,True,data/aider/slice_1,0.7313,0.8606,0.8849,0.1108,0.2285,11.0,1,71,203.9325,58.0756
paper_backbones,results/pending_runs/paper_backbones/ShuffleNetV2/aider/L20_G20/hounie_rcl/seed_1,aider,ShuffleNetV2,0,L20_G20,hounie_rcl,1,True,data/aider/slice_1,0.7465,0.8669,0.8891,0.1067,0.2145,9.0,1,106,201.5087,79.4344
paper_backbones,results/pending_runs/paper_backbones/ShuffleNetV2/aider/L20_G20/hounie_rcl/seed_2,aider,ShuffleNetV2,0,L20_G20,hounie_rcl,2,True,data/aider/slice_1,0.7759,0.8829,0.9042,0.094,0.1953,14.0,1,88,207.4866,68.2499
paper_backbones,results/pending_runs/paper_backbones/ShuffleNetV2/aider/L20_G20/tralo/seed_4,aider,ShuffleNetV2,0,L20_G20,tralo,4,True,data/aider/slice_1,0.7799,0.8854,0.9067,0.0837,0.1739,4.0,1,85,0.0896,49.2724
paper_backbones,results/pending_runs/paper_backbones/ShuffleNetV2/aider/L20_G20/tralo/seed_3,aider,ShuffleNetV2,0,L20_G20,tralo,3,True,data/aider/slice_1,0.7793,0.8852,0.9067,0.0842,0.1741,1.0,1,82,0.0999,66.4111
paper_backbones,results/pending_runs/paper_backbones/ShuffleNetV2/aider/L20_G20/tralo/seed_1,aider,ShuffleNetV2,0,L20_G20,tralo,1,True,data/aider/slice_1,0.7726,0.8819,0.9034,0.0861,0.1812,2.0,1,79,0.1076,207.8734
paper_backbones,results/pending_runs/paper_backbones/ShuffleNetV2/aider/L20_G20/tralo/seed_2,aider,ShuffleNetV2,0,L20_G20,tralo,2,True,data/aider/slice_1,0.7824,0.8895,0.9109,0.078,0.1656,4.0,1,96,0.1024,50.0149
paper_backbones,results/pending_runs/paper_backbones/ShuffleNetV2/aider/L20_G20/danits_lp/seed_4,aider,ShuffleNetV2,0,L20_G20,danits_lp,4,True,data/aider/slice_1,0.8089,0.9021,0.9235,0.0115,0.0266,77.0,0,-1,0.0787,0.3776
paper_backbones,results/pending_runs/paper_backbones/ShuffleNetV2/aider/L20_G20/danits_lp/seed_3,aider,ShuffleNetV2,0,L20_G20,danits_lp,3,True,data/aider/slice_1,0.8023,0.8988,0.9202,0.0127,0.0308,77.0,0,-1,0.0832,0.3844
paper_backbones,results/pending_runs/paper_backbones/ShuffleNetV2/aider/L20_G20/danits_lp/seed_1,aider,ShuffleNetV2,0,L20_G20,danits_lp,1,True,data/aider/slice_1,0.8015,0.8988,0.9202,0.0116,0.0314,84.0,0,-1,0.0909,0.3915
paper_backbones,results/pending_runs/paper_backbones/ShuffleNetV2/aider/L20_G20/danits_lp/seed_2,aider,ShuffleNetV2,0,L20_G20,danits_lp,2,True,data/aider/slice_1,0.7935,0.8979,0.9193,0.0137,0.034,79.0,0,-1,0.0859,0.3836
paper_backbones,results/pending_runs/paper_backbones/ShuffleNetV2/aider/L20_G20/fioretto_ldf/seed_4,aider,ShuffleNetV2,0,L20_G20,fioretto_ldf,4,True,data/aider/slice_1,0.7737,0.8819,0.9034,0.0903,0.1882,9.0,1,42,0.0801,44.9366
paper_backbones,results/pending_runs/paper_backbones/ShuffleNetV2/aider/L20_G20/fioretto_ldf/seed_3,aider,ShuffleNetV2,0,L20_G20,fioretto_ldf,3,True,data/aider/slice_1,0.7663,0.878,0.9,0.0983,0.197,7.0,0,-1,0.0839,92.3982
paper_backbones,results/pending_runs/paper_backbones/ShuffleNetV2/aider/L20_G20/fioretto_ldf/seed_1,aider,ShuffleNetV2,0,L20_G20,fioretto_ldf,1,True,data/aider/slice_1,0.7741,0.8827,0.9042,0.0859,0.1773,2.0,0,-1,0.0933,92.3398
paper_backbones,results/pending_runs/paper_backbones/ShuffleNetV2/aider/L20_G20/fioretto_ldf/seed_2,aider,ShuffleNetV2,0,L20_G20,fioretto_ldf,2,True,data/aider/slice_1,0.7789,0.8869,0.9084,0.0819,0.176,6.0,1,51,0.0838,50.7348
paper_backbones,results/pending_runs/paper_backbones/ShuffleNetV2/aider/L20_G20/tralo_bounded/seed_4,aider,ShuffleNetV2,0,L20_G20,tralo_bounded,4,True,data/aider/slice_1,0.7753,0.8828,0.9042,0.0886,0.1832,9.0,1,85,0.0834,41.4019
paper_backbones,results/pending_runs/paper_backbones/ShuffleNetV2/aider/L20_G20/tralo_bounded/seed_3,aider,ShuffleNetV2,0,L20_G20,tralo_bounded,3,True,data/aider/slice_1,0.7646,0.8771,0.8992,0.0982,0.198,7.0,0,-1,0.0862,91.6504
paper_backbones,results/pending_runs/paper_backbones/ShuffleNetV2/aider/L20_G20/tralo_bounded/seed_1,aider,ShuffleNetV2,0,L20_G20,tralo_bounded,1,True,data/aider/slice_1,0.7741,0.8827,0.9042,0.0869,0.1802,2.0,1,79,0.0913,38.6622
paper_backbones,results/pending_runs/paper_backbones/ShuffleNetV2/aider/L20_G20/tralo_bounded/seed_2,aider,ShuffleNetV2,0,L20_G20,tralo_bounded,2,True,data/aider/slice_1,0.7799,0.887,0.9084,0.0836,0.1775,6.0,1,96,0.0868,49.2898
paper_backbones,results/pending_runs/paper_backbones/ShuffleNetV2/aider/L20_G20/heuristic/seed_4,aider,ShuffleNetV2,0,L20_G20,heuristic,4,True,data/aider/slice_1,0.8089,0.9021,0.9235,0.0115,0.0266,77.0,0,-1,0.0927,0.3524
paper_backbones,results/pending_runs/paper_backbones/ShuffleNetV2/aider/L20_G20/heuristic/seed_3,aider,ShuffleNetV2,0,L20_G20,heuristic,3,True,data/aider/slice_1,0.8023,0.8988,0.9202,0.0127,0.0308,77.0,0,-1,0.0824,0.3728
paper_backbones,results/pending_runs/paper_backbones/ShuffleNetV2/aider/L20_G20/heuristic/seed_1,aider,ShuffleNetV2,0,L20_G20,heuristic,1,True,data/aider/slice_1,0.8015,0.8988,0.9202,0.0116,0.0314,84.0,0,-1,0.0914,0.3502
paper_backbones,results/pending_runs/paper_backbones/ShuffleNetV2/aider/L20_G20/heuristic/seed_2,aider,ShuffleNetV2,0,L20_G20,heuristic,2,True,data/aider/slice_1,0.7935,0.8979,0.9193,0.0137,0.034,79.0,0,-1,0.0874,0.355
paper_backbones,results/pending_runs/paper_backbones/ShuffleNetV2/aider/L70_G70/hounie_rcl/seed_4,aider,ShuffleNetV2,0,L70_G70,hounie_rcl,4,True,data/aider/slice_1,0.9303,0.96,0.9622,0.036,0.078,7.0,1,99,0.0824,80.8686
paper_backbones,results/pending_runs/paper_backbones/ShuffleNetV2/aider/L70_G70/hounie_rcl/seed_3,aider,ShuffleNetV2,0,L70_G70,hounie_rcl,3,True,data/aider/slice_1,0.9125,0.9495,0.9521,0.0479,0.1039,17.0,1,88,0.0848,74.2555
paper_backbones,results/pending_runs/paper_backbones/ShuffleNetV2/aider/L70_G70/hounie_rcl/seed_1,aider,ShuffleNetV2,0,L70_G70,hounie_rcl,1,True,data/aider/slice_1,0.9173,0.9523,0.9546,0.0459,0.0992,15.0,1,99,0.0899,82.9753
paper_backbones,results/pending_runs/paper_backbones/ShuffleNetV2/aider/L70_G70/hounie_rcl/seed_2,aider,ShuffleNetV2,0,L70_G70,hounie_rcl,2,True,data/aider/slice_1,0.9263,0.9575,0.9597,0.0374,0.0805,9.0,1,132,0.083,100.4683
paper_backbones,results/pending_runs/paper_backbones/ShuffleNetV2/aider/L70_G70/tralo/seed_4,aider,ShuffleNetV2,0,L70_G70,tralo,4,True,data/aider/slice_1,0.9289,0.9591,0.9613,0.0314,0.0692,3.0,1,69,0.0882,40.5829
paper_backbones,results/pending_runs/paper_backbones/ShuffleNetV2/aider/L70_G70/tralo/seed_3,aider,ShuffleNetV2,0,L70_G70,tralo,3,True,data/aider/slice_1,0.9201,0.9539,0.9563,0.0347,0.0813,2.0,1,68,0.0825,203.6088
paper_backbones,results/pending_runs/paper_backbones/ShuffleNetV2/aider/L70_G70/tralo/seed_1,aider,ShuffleNetV2,0,L70_G70,tralo,1,True,data/aider/slice_1,0.9289,0.9584,0.9605,0.0354,0.0769,4.0,1,69,0.0933,43.5422
paper_backbones,results/pending_runs/paper_backbones/ShuffleNetV2/aider/L70_G70/tralo/seed_2,aider,ShuffleNetV2,0,L70_G70,tralo,2,True,data/aider/slice_1,0.932,0.9602,0.9622,0.0305,0.0711,1.0,1,75,0.0854,203.1287
paper_backbones,results/pending_runs/paper_backbones/ShuffleNetV2/aider/L70_G70/danits_lp/seed_4,aider,ShuffleNetV2,0,L70_G70,danits_lp,4,True,data/aider/slice_1,0.936,0.9633,0.9655,0.0115,0.0266,26.0,0,-1,0.0799,0.3798
paper_backbones,results/pending_runs/paper_backbones/ShuffleNetV2/aider/L70_G70/danits_lp/seed_3,aider,ShuffleNetV2,0,L70_G70,danits_lp,3,True,data/aider/slice_1,0.9323,0.961,0.963,0.0127,0.0308,26.0,0,-1,0.0826,0.3873
paper_backbones,results/pending_runs/paper_backbones/ShuffleNetV2/aider/L70_G70/danits_lp/seed_1,aider,ShuffleNetV2,0,L70_G70,danits_lp,1,True,data/aider/slice_1,0.9315,0.961,0.963,0.0116,0.0314,33.0,0,-1,0.0935,0.3873
paper_backbones,results/pending_runs/paper_backbones/ShuffleNetV2/aider/L70_G70/danits_lp/seed_2,aider,ShuffleNetV2,0,L70_G70,danits_lp,2,True,data/aider/slice_1,0.9246,0.9603,0.9622,0.0137,0.034,28.0,0,-1,0.0837,0.3854
paper_backbones,results/pending_runs/paper_backbones/ShuffleNetV2/aider/L70_G70/fioretto_ldf/seed_4,aider,ShuffleNetV2,0,L70_G70,fioretto_ldf,4,True,data/aider/slice_1,0.9288,0.9591,0.9613,0.0348,0.0767,7.0,1,26,0.0922,37.0699
paper_backbones,results/pending_runs/paper_backbones/ShuffleNetV2/aider/L70_G70/fioretto_ldf/seed_3,aider,ShuffleNetV2,0,L70_G70,fioretto_ldf,3,True,data/aider/slice_1,0.9187,0.9531,0.9555,0.0369,0.0829,4.0,1,27,0.0839,35.9358
paper_backbones,results/pending_runs/paper_backbones/ShuffleNetV2/aider/L70_G70/fioretto_ldf/seed_1,aider,ShuffleNetV2,0,L70_G70,fioretto_ldf,1,True,data/aider/slice_1,0.9274,0.9576,0.9597,0.0371,0.0837,8.0,0,-1,0.0786,86.7917
paper_backbones,results/pending_runs/paper_backbones/ShuffleNetV2/aider/L70_G70/fioretto_ldf/seed_2,aider,ShuffleNetV2,0,L70_G70,fioretto_ldf,2,True,data/aider/slice_1,0.932,0.9602,0.9622,0.0303,0.0686,2.0,0,-1,0.0841,90.4471
paper_backbones,results/pending_runs/paper_backbones/ShuffleNetV2/aider/L70_G70/tralo_bounded/seed_4,aider,ShuffleNetV2,0,L70_G70,tralo_bounded,4,True,data/aider/slice_1,0.9275,0.9583,0.9605,0.0348,0.0741,5.0,1,69,0.0944,32.4505
paper_backbones,results/pending_runs/paper_backbones/ShuffleNetV2/aider/L70_G70/tralo_bounded/seed_3,aider,ShuffleNetV2,0,L70_G70,tralo_bounded,3,True,data/aider/slice_1,0.9201,0.9539,0.9563,0.0328,0.0782,3.0,0,-1,0.0832,85.4202
paper_backbones,results/pending_runs/paper_backbones/ShuffleNetV2/aider/L70_G70/tralo_bounded/seed_1,aider,ShuffleNetV2,0,L70_G70,tralo_bounded,1,True,data/aider/slice_1,0.9274,0.9576,0.9597,0.0405,0.0856,8.0,0,-1,0.0789,86.0598
paper_backbones,results/pending_runs/paper_backbones/ShuffleNetV2/aider/L70_G70/tralo_bounded/seed_2,aider,ShuffleNetV2,0,L70_G70,tralo_bounded,2,True,data/aider/slice_1,0.932,0.9602,0.9622,0.0301,0.0684,2.0,0,-1,0.0844,88.2923
paper_backbones,results/pending_runs/paper_backbones/ShuffleNetV2/aider/L70_G70/heuristic/seed_4,aider,ShuffleNetV2,0,L70_G70,heuristic,4,True,data/aider/slice_1,0.936,0.9633,0.9655,0.0115,0.0266,26.0,0,-1,0.0933,0.3546
paper_backbones,results/pending_runs/paper_backbones/ShuffleNetV2/aider/L70_G70/heuristic/seed_3,aider,ShuffleNetV2,0,L70_G70,heuristic,3,True,data/aider/slice_1,0.9323,0.961,0.963,0.0127,0.0308,26.0,0,-1,0.0828,0.3598
paper_backbones,results/pending_runs/paper_backbones/ShuffleNetV2/aider/L70_G70/heuristic/seed_1,aider,ShuffleNetV2,0,L70_G70,heuristic,1,True,data/aider/slice_1,0.9315,0.961,0.963,0.0116,0.0314,33.0,0,-1,0.0878,0.356
paper_backbones,results/pending_runs/paper_backbones/ShuffleNetV2/aider/L70_G70/heuristic/seed_2,aider,ShuffleNetV2,0,L70_G70,heuristic,2,True,data/aider/slice_1,0.9246,0.9603,0.9622,0.0137,0.034,28.0,0,-1,0.0838,0.3577
paper_backbones,results/pending_runs/paper_backbones/ShuffleNetV2/aider/L30_G30/hounie_rcl/seed_4,aider,ShuffleNetV2,0,L30_G30,hounie_rcl,4,True,data/aider/slice_1,0.8107,0.8992,0.9143,0.0894,0.1852,20.0,1,93,0.0791,77.2933
paper_backbones,results/pending_runs/paper_backbones/ShuffleNetV2/aider/L30_G30/hounie_rcl/seed_3,aider,ShuffleNetV2,0,L30_G30,hounie_rcl,3,True,data/aider/slice_1,0.7988,0.8921,0.9076,0.0951,0.1953,15.0,1,73,0.0823,65.427
paper_backbones,results/pending_runs/paper_backbones/ShuffleNetV2/aider/L30_G30/hounie_rcl/seed_1,aider,ShuffleNetV2,0,L30_G30,hounie_rcl,1,True,data/aider/slice_1,0.8081,0.897,0.9118,0.0865,0.1812,13.0,1,83,0.0841,71.8233
paper_backbones,results/pending_runs/paper_backbones/ShuffleNetV2/aider/L30_G30/hounie_rcl/seed_2,aider,ShuffleNetV2,0,L30_G30,hounie_rcl,2,True,data/aider/slice_1,0.8225,0.9056,0.9202,0.0764,0.165,14.0,1,116,0.0858,91.3818
paper_backbones,results/pending_runs/paper_backbones/ShuffleNetV2/aider/L30_G30/tralo/seed_4,aider,ShuffleNetV2,0,L30_G30,tralo,4,True,data/aider/slice_1,0.8278,0.9082,0.9227,0.0685,0.1447,0.0,1,80,0.0942,51.7287
paper_backbones,results/pending_runs/paper_backbones/ShuffleNetV2/aider/L30_G30/tralo/seed_3,aider,ShuffleNetV2,0,L30_G30,tralo,3,True,data/aider/slice_1,0.8153,0.9012,0.916,0.0743,0.1513,1.0,1,73,0.0853,39.8771
paper_backbones,results/pending_runs/paper_backbones/ShuffleNetV2/aider/L30_G30/tralo/seed_1,aider,ShuffleNetV2,0,L30_G30,tralo,1,True,data/aider/slice_1,0.8193,0.9039,0.9185,0.0701,0.15,1.0,1,75,0.0829,38.3494
paper_backbones,results/pending_runs/paper_backbones/ShuffleNetV2/aider/L30_G30/tralo/seed_2,aider,ShuffleNetV2,0,L30_G30,tralo,2,True,data/aider/slice_1,0.8267,0.9098,0.9244,0.0629,0.1373,0.0,1,88,0.0813,202.9983
paper_backbones,results/pending_runs/paper_backbones/ShuffleNetV2/aider/L30_G30/danits_lp/seed_4,aider,ShuffleNetV2,0,L30_G30,danits_lp,4,True,data/aider/slice_1,0.8449,0.9181,0.9328,0.0115,0.0266,66.0,0,-1,0.0958,0.3871
paper_backbones,results/pending_runs/paper_backbones/ShuffleNetV2/aider/L30_G30/danits_lp/seed_3,aider,ShuffleNetV2,0,L30_G30,danits_lp,3,True,data/aider/slice_1,0.8383,0.9149,0.9294,0.0127,0.0308,66.0,0,-1,0.0836,0.3863
paper_backbones,results/pending_runs/paper_backbones/ShuffleNetV2/aider/L30_G30/danits_lp/seed_1,aider,ShuffleNetV2,0,L30_G30,danits_lp,1,True,data/aider/slice_1,0.8375,0.9148,0.9294,0.0116,0.0314,73.0,0,-1,0.0906,0.3843
paper_backbones,results/pending_runs/paper_backbones/ShuffleNetV2/aider/L30_G30/danits_lp/seed_2,aider,ShuffleNetV2,0,L30_G30,danits_lp,2,True,data/aider/slice_1,0.8295,0.914,0.9286,0.0137,0.034,68.0,0,-1,0.0874,0.3868
paper_backbones,results/pending_runs/paper_backbones/ShuffleNetV2/aider/L30_G30/fioretto_ldf/seed_4,aider,ShuffleNetV2,0,L30_G30,fioretto_ldf,4,True,data/aider/slice_1,0.8234,0.9057,0.9202,0.0715,0.1557,5.0,1,39,0.0801,43.1031
paper_backbones,results/pending_runs/paper_backbones/ShuffleNetV2/aider/L30_G30/fioretto_ldf/seed_3,aider,ShuffleNetV2,0,L30_G30,fioretto_ldf,3,True,data/aider/slice_1,0.8137,0.9003,0.9151,0.0807,0.1634,8.0,1,34,0.0842,40.2155
paper_backbones,results/pending_runs/paper_backbones/ShuffleNetV2/aider/L30_G30/fioretto_ldf/seed_1,aider,ShuffleNetV2,0,L30_G30,fioretto_ldf,1,True,data/aider/slice_1,0.8191,0.9039,0.9185,0.0752,0.1583,5.0,1,33,0.0923,40.4555
paper_backbones,results/pending_runs/paper_backbones/ShuffleNetV2/aider/L30_G30/fioretto_ldf/seed_2,aider,ShuffleNetV2,0,L30_G30,fioretto_ldf,2,True,data/aider/slice_1,0.8243,0.9072,0.9218,0.0661,0.1438,4.0,1,47,0.0835,47.997
paper_backbones,results/pending_runs/paper_backbones/ShuffleNetV2/aider/L30_G30/tralo_bounded/seed_4,aider,ShuffleNetV2,0,L30_G30,tralo_bounded,4,True,data/aider/slice_1,0.8219,0.9048,0.9193,0.0749,0.1608,8.0,1,80,0.0798,38.8071
paper_backbones,results/pending_runs/paper_backbones/ShuffleNetV2/aider/L30_G30/tralo_bounded/seed_3,aider,ShuffleNetV2,0,L30_G30,tralo_bounded,3,True,data/aider/slice_1,0.8106,0.8986,0.9134,0.0836,0.1717,9.0,1,73,0.0844,34.5743
paper_backbones,results/pending_runs/paper_backbones/ShuffleNetV2/aider/L30_G30/tralo_bounded/seed_1,aider,ShuffleNetV2,0,L30_G30,tralo_bounded,1,True,data/aider/slice_1,0.8178,0.903,0.9176,0.0755,0.1567,4.0,1,75,0.0919,36.9389
paper_backbones,results/pending_runs/paper_backbones/ShuffleNetV2/aider/L30_G30/tralo_bounded/seed_2,aider,ShuffleNetV2,0,L30_G30,tralo_bounded,2,True,data/aider/slice_1,0.8229,0.9064,0.921,0.0664,0.146,4.0,1,88,0.0854,43.7184
paper_backbones,results/pending_runs/paper_backbones/ShuffleNetV2/aider/L30_G30/heuristic/seed_4,aider,ShuffleNetV2,0,L30_G30,heuristic,4,True,data/aider/slice_1,0.8449,0.9181,0.9328,0.0115,0.0266,66.0,0,-1,0.0939,0.3521
paper_backbones,results/pending_runs/paper_backbones/ShuffleNetV2/aider/L30_G30/heuristic/seed_3,aider,ShuffleNetV2,0,L30_G30,heuristic,3,True,data/aider/slice_1,0.8383,0.9149,0.9294,0.0127,0.0308,66.0,0,-1,0.0843,0.3536
paper_backbones,results/pending_runs/paper_backbones/ShuffleNetV2/aider/L30_G30/heuristic/seed_1,aider,ShuffleNetV2,0,L30_G30,heuristic,1,True,data/aider/slice_1,0.8375,0.9148,0.9294,0.0116,0.0314,73.0,0,-1,0.0944,0.354
paper_backbones,results/pending_runs/paper_backbones/ShuffleNetV2/aider/L30_G30/heuristic/seed_2,aider,ShuffleNetV2,0,L30_G30,heuristic,2,True,data/aider/slice_1,0.8295,0.914,0.9286,0.0137,0.034,68.0,0,-1,0.0825,0.3568
paper_backbones,results/pending_runs/paper_backbones/ShuffleNetV2/aider/L50_G50/danits_lp/seed_4,aider,ShuffleNetV2,0,L50_G50,danits_lp,4,True,data/aider/slice_1,0.8976,0.9431,0.9496,0.0115,0.0266,46.0,0,-1,0.0921,0.3885
paper_backbones,results/pending_runs/paper_backbones/ShuffleNetV2/aider/L50_G50/danits_lp/seed_3,aider,ShuffleNetV2,0,L50_G50,danits_lp,3,True,data/aider/slice_1,0.8911,0.9398,0.9462,0.0127,0.0308,46.0,0,-1,0.0827,0.3844
paper_backbones,results/pending_runs/paper_backbones/ShuffleNetV2/aider/L50_G50/danits_lp/seed_1,aider,ShuffleNetV2,0,L50_G50,danits_lp,1,True,data/aider/slice_1,0.8903,0.9398,0.9462,0.0116,0.0314,53.0,0,-1,0.0817,0.3796
paper_backbones,results/pending_runs/paper_backbones/ShuffleNetV2/aider/L50_G50/danits_lp/seed_2,aider,ShuffleNetV2,0,L50_G50,danits_lp,2,True,data/aider/slice_1,0.8823,0.939,0.9454,0.0137,0.034,48.0,0,-1,0.0858,0.3897
paper_backbones,results/pending_runs/paper_backbones/ShuffleNetV2/aider/L50_G50/tralo_bounded/seed_4,aider,ShuffleNetV2,0,L50_G50,tralo_bounded,4,True,data/aider/slice_1,0.8848,0.9356,0.942,0.0545,0.1149,9.0,0,-1,0.0924,90.3225
paper_backbones,results/pending_runs/paper_backbones/ShuffleNetV2/aider/L50_G50/tralo_bounded/seed_3,aider,ShuffleNetV2,0,L50_G50,tralo_bounded,3,True,data/aider/slice_1,0.8726,0.9286,0.9353,0.0521,0.1141,1.0,1,70,0.1041,32.6445
paper_backbones,results/pending_runs/paper_backbones/ShuffleNetV2/aider/L50_G50/tralo_bounded/seed_1,aider,ShuffleNetV2,0,L50_G50,tralo_bounded,1,True,data/aider/slice_1,0.8735,0.9296,0.9361,0.0562,0.1217,4.0,1,72,0.0908,34.9973
paper_backbones,results/pending_runs/paper_backbones/ShuffleNetV2/aider/L50_G50/tralo_bounded/seed_2,aider,ShuffleNetV2,0,L50_G50,tralo_bounded,2,True,data/aider/slice_1,0.8892,0.9382,0.9445,0.0451,0.1005,1.0,1,79,0.0832,38.0062
paper_backbones,results/pending_runs/paper_backbones/ShuffleNetV2/aider/L50_G50/heuristic/seed_4,aider,ShuffleNetV2,0,L50_G50,heuristic,4,True,data/aider/slice_1,0.8976,0.9431,0.9496,0.0115,0.0266,46.0,0,-1,0.0916,0.3517
paper_backbones,results/pending_runs/paper_backbones/ShuffleNetV2/aider/L50_G50/heuristic/seed_3,aider,ShuffleNetV2,0,L50_G50,heuristic,3,True,data/aider/slice_1,0.8911,0.9398,0.9462,0.0127,0.0308,46.0,0,-1,0.0824,0.3582
paper_backbones,results/pending_runs/paper_backbones/ShuffleNetV2/aider/L50_G50/heuristic/seed_1,aider,ShuffleNetV2,0,L50_G50,heuristic,1,True,data/aider/slice_1,0.8903,0.9398,0.9462,0.0116,0.0314,53.0,0,-1,0.0814,0.3535
paper_backbones,results/pending_runs/paper_backbones/ShuffleNetV2/aider/L50_G50/heuristic/seed_2,aider,ShuffleNetV2,0,L50_G50,heuristic,2,True,data/aider/slice_1,0.8823,0.939,0.9454,0.0137,0.034,48.0,0,-1,0.081,0.3601
paper_backbones,results/pending_runs/paper_backbones/ShuffleNetV2/aider/L80_G80/hounie_rcl/seed_4,aider,ShuffleNetV2,0,L80_G80,hounie_rcl,4,True,data/aider/slice_1,0.9467,0.9688,0.9697,0.0241,0.0529,2.0,1,100,0.082,81.5643
paper_backbones,results/pending_runs/paper_backbones/ShuffleNetV2/aider/L80_G80/hounie_rcl/seed_3,aider,ShuffleNetV2,0,L80_G80,hounie_rcl,3,True,data/aider/slice_1,0.9439,0.9671,0.9681,0.0269,0.0615,3.0,1,94,0.0827,77.9917
paper_backbones,results/pending_runs/paper_backbones/ShuffleNetV2/aider/L80_G80/hounie_rcl/seed_1,aider,ShuffleNetV2,0,L80_G80,hounie_rcl,1,True,data/aider/slice_1,0.947,0.9681,0.9689,0.026,0.0557,6.0,1,74,0.0921,67.5725
paper_backbones,results/pending_runs/paper_backbones/ShuffleNetV2/aider/L80_G80/hounie_rcl/seed_2,aider,ShuffleNetV2,0,L80_G80,hounie_rcl,2,True,data/aider/slice_1,0.9484,0.9697,0.9706,0.0267,0.0565,4.0,1,124,0.0842,95.7912
paper_backbones,results/pending_runs/paper_backbones/ShuffleNetV2/aider/L80_G80/tralo/seed_4,aider,ShuffleNetV2,0,L80_G80,tralo,4,True,data/aider/slice_1,0.9481,0.9696,0.9706,0.0216,0.0486,0.0,1,65,0.0785,32.8141
paper_backbones,results/pending_runs/paper_backbones/ShuffleNetV2/aider/L80_G80/tralo/seed_3,aider,ShuffleNetV2,0,L80_G80,tralo,3,True,data/aider/slice_1,0.9455,0.968,0.9689,0.0253,0.0527,0.0,1,65,0.0833,36.9329
paper_backbones,results/pending_runs/paper_backbones/ShuffleNetV2/aider/L80_G80/tralo/seed_1,aider,ShuffleNetV2,0,L80_G80,tralo,1,True,data/aider/slice_1,0.9488,0.9698,0.9706,0.0214,0.049,1.0,1,62,0.0913,37.3724
paper_backbones,results/pending_runs/paper_backbones/ShuffleNetV2/aider/L80_G80/tralo/seed_2,aider,ShuffleNetV2,0,L80_G80,tralo,2,True,data/aider/slice_1,0.9511,0.9714,0.9723,0.0239,0.0488,0.0,1,70,0.0822,41.4794
paper_backbones,results/pending_runs/paper_backbones/ShuffleNetV2/aider/L80_G80/danits_lp/seed_4,aider,ShuffleNetV2,0,L80_G80,danits_lp,4,True,data/aider/slice_1,0.9553,0.9739,0.9748,0.0115,0.0266,15.0,0,-1,0.089,0.3847
paper_backbones,results/pending_runs/paper_backbones/ShuffleNetV2/aider/L80_G80/danits_lp/seed_3,aider,ShuffleNetV2,0,L80_G80,danits_lp,3,True,data/aider/slice_1,0.9487,0.9706,0.9714,0.0127,0.0308,15.0,0,-1,0.0808,0.3821
paper_backbones,results/pending_runs/paper_backbones/ShuffleNetV2/aider/L80_G80/danits_lp/seed_1,aider,ShuffleNetV2,0,L80_G80,danits_lp,1,True,data/aider/slice_1,0.9506,0.9715,0.9723,0.0116,0.0314,22.0,0,-1,0.0923,0.387
paper_backbones,results/pending_runs/paper_backbones/ShuffleNetV2/aider/L80_G80/danits_lp/seed_2,aider,ShuffleNetV2,0,L80_G80,danits_lp,2,True,data/aider/slice_1,0.9466,0.9708,0.9714,0.0137,0.034,17.0,0,-1,0.0814,0.3862
paper_backbones,results/pending_runs/paper_backbones/ShuffleNetV2/aider/L80_G80/fioretto_ldf/seed_4,aider,ShuffleNetV2,0,L80_G80,fioretto_ldf,4,True,data/aider/slice_1,0.9467,0.9688,0.9697,0.0238,0.0528,1.0,1,21,0.0908,33.7695
paper_backbones,results/pending_runs/paper_backbones/ShuffleNetV2/aider/L80_G80/fioretto_ldf/seed_3,aider,ShuffleNetV2,0,L80_G80,fioretto_ldf,3,True,data/aider/slice_1,0.9468,0.9688,0.9697,0.0258,0.057,1.0,1,21,0.0835,32.2786
paper_backbones,results/pending_runs/paper_backbones/ShuffleNetV2/aider/L80_G80/fioretto_ldf/seed_1,aider,ShuffleNetV2,0,L80_G80,fioretto_ldf,1,True,data/aider/slice_1,0.947,0.9681,0.9689,0.0281,0.0574,8.0,1,18,0.0944,31.7316
paper_backbones,results/pending_runs/paper_backbones/ShuffleNetV2/aider/L80_G80/fioretto_ldf/seed_2,aider,ShuffleNetV2,0,L80_G80,fioretto_ldf,2,True,data/aider/slice_1,0.9498,0.9706,0.9714,0.0258,0.0536,3.0,1,26,0.0822,35.3522
paper_backbones,results/pending_runs/paper_backbones/ShuffleNetV2/aider/L80_G80/tralo_bounded/seed_4,aider,ShuffleNetV2,0,L80_G80,tralo_bounded,4,True,data/aider/slice_1,0.9481,0.9696,0.9706,0.0224,0.0509,1.0,1,65,0.0933,29.7706
paper_backbones,results/pending_runs/paper_backbones/ShuffleNetV2/aider/L80_G80/tralo_bounded/seed_3,aider,ShuffleNetV2,0,L80_G80,tralo_bounded,3,True,data/aider/slice_1,0.9453,0.9679,0.9689,0.0273,0.0576,1.0,1,65,0.086,29.3752
paper_backbones,results/pending_runs/paper_backbones/ShuffleNetV2/aider/L80_G80/tralo_bounded/seed_1,aider,ShuffleNetV2,0,L80_G80,tralo_bounded,1,True,data/aider/slice_1,0.947,0.9681,0.9689,0.0261,0.0552,6.0,1,62,0.0909,28.8125
paper_backbones,results/pending_runs/paper_backbones/ShuffleNetV2/aider/L80_G80/tralo_bounded/seed_2,aider,ShuffleNetV2,0,L80_G80,tralo_bounded,2,True,data/aider/slice_1,0.9488,0.9706,0.9714,0.0243,0.0527,4.0,0,-1,0.0839,86.212
paper_backbones,results/pending_runs/paper_backbones/ShuffleNetV2/aider/L80_G80/heuristic/seed_4,aider,ShuffleNetV2,0,L80_G80,heuristic,4,True,data/aider/slice_1,0.9553,0.9739,0.9748,0.0115,0.0266,15.0,0,-1,0.0846,0.3535
paper_backbones,results/pending_runs/paper_backbones/ShuffleNetV2/aider/L80_G80/heuristic/seed_3,aider,ShuffleNetV2,0,L80_G80,heuristic,3,True,data/aider/slice_1,0.9487,0.9706,0.9714,0.0127,0.0308,15.0,0,-1,0.0842,0.3559
paper_backbones,results/pending_runs/paper_backbones/ShuffleNetV2/aider/L80_G80/heuristic/seed_1,aider,ShuffleNetV2,0,L80_G80,heuristic,1,True,data/aider/slice_1,0.9506,0.9715,0.9723,0.0116,0.0314,22.0,0,-1,0.0853,0.3539
paper_backbones,results/pending_runs/paper_backbones/ShuffleNetV2/aider/L80_G80/heuristic/seed_2,aider,ShuffleNetV2,0,L80_G80,heuristic,2,True,data/aider/slice_1,0.9466,0.9708,0.9714,0.0137,0.034,17.0,0,-1,0.0848,0.3564
paper_backbones,results/pending_runs/paper_backbones/ShuffleNetV2/dermmnist/L20_G20/hounie_rcl/seed_4,dermmnist,ShuffleNetV2,4,L20_G20,hounie_rcl,4,True,data/dermmnist/slice_1,0.6527,0.7904,0.8178,0.153,0.3351,21.0,1,73,339.4381,95.2906
paper_backbones,results/pending_runs/paper_backbones/ShuffleNetV2/dermmnist/L20_G20/hounie_rcl/seed_3,dermmnist,ShuffleNetV2,4,L20_G20,hounie_rcl,3,True,data/dermmnist/slice_1,0.6539,0.795,0.8208,0.1523,0.3297,13.0,1,84,334.9056,106.1011
paper_backbones,results/pending_runs/paper_backbones/ShuffleNetV2/dermmnist/L20_G20/hounie_rcl/seed_1,dermmnist,ShuffleNetV2,4,L20_G20,hounie_rcl,1,True,data/dermmnist/slice_1,0.6269,0.7861,0.8138,0.1527,0.3339,10.0,1,58,362.9617,82.3122
paper_backbones,results/pending_runs/paper_backbones/ShuffleNetV2/dermmnist/L20_G20/hounie_rcl/seed_2,dermmnist,ShuffleNetV2,4,L20_G20,hounie_rcl,2,True,data/dermmnist/slice_1,0.631,0.7865,0.8118,0.1515,0.3293,9.0,1,66,329.8214,87.6077
paper_backbones,results/pending_runs/paper_backbones/ShuffleNetV2/dermmnist/L20_G20/tralo/seed_4,dermmnist,ShuffleNetV2,4,L20_G20,tralo,4,True,data/dermmnist/slice_1,0.6232,0.7813,0.8108,0.1523,0.3329,7.0,1,77,0.0782,56.9269
paper_backbones,results/pending_runs/paper_backbones/ShuffleNetV2/dermmnist/L20_G20/tralo/seed_3,dermmnist,ShuffleNetV2,4,L20_G20,tralo,3,True,data/dermmnist/slice_1,0.6247,0.7803,0.8113,0.1565,0.3328,3.0,1,77,0.1091,62.7358
paper_backbones,results/pending_runs/paper_backbones/ShuffleNetV2/dermmnist/L20_G20/tralo/seed_1,dermmnist,ShuffleNetV2,4,L20_G20,tralo,1,True,data/dermmnist/slice_1,0.6417,0.787,0.8158,0.1476,0.3275,4.0,1,77,0.1026,63.2033
paper_backbones,results/pending_runs/paper_backbones/ShuffleNetV2/dermmnist/L20_G20/tralo/seed_2,dermmnist,ShuffleNetV2,4,L20_G20,tralo,2,True,data/dermmnist/slice_1,0.6227,0.7838,0.8133,0.1516,0.3332,5.0,1,72,0.1096,336.1617
paper_backbones,results/pending_runs/paper_backbones/ShuffleNetV2/dermmnist/L20_G20/danits_lp/seed_4,dermmnist,ShuffleNetV2,4,L20_G20,danits_lp,4,True,data/dermmnist/slice_1,0.662,0.7836,0.8128,0.116,0.2816,208.0,0,-1,0.0904,0.5644
paper_backbones,results/pending_runs/paper_backbones/ShuffleNetV2/dermmnist/L20_G20/danits_lp/seed_3,dermmnist,ShuffleNetV2,4,L20_G20,danits_lp,3,True,data/dermmnist/slice_1,0.6736,0.7957,0.8193,0.1221,0.2844,140.0,0,-1,0.0806,0.5665
paper_backbones,results/pending_runs/paper_backbones/ShuffleNetV2/dermmnist/L20_G20/danits_lp/seed_1,dermmnist,ShuffleNetV2,4,L20_G20,danits_lp,1,True,data/dermmnist/slice_1,0.6358,0.7818,0.8113,0.1279,0.2947,184.0,0,-1,0.0903,0.5628
paper_backbones,results/pending_runs/paper_backbones/ShuffleNetV2/dermmnist/L20_G20/danits_lp/seed_2,dermmnist,ShuffleNetV2,4,L20_G20,danits_lp,2,True,data/dermmnist/slice_1,0.6449,0.7914,0.8173,0.1176,0.2764,113.0,0,-1,0.0822,0.5563
paper_backbones,results/pending_runs/paper_backbones/ShuffleNetV2/dermmnist/L20_G20/fioretto_ldf/seed_4,dermmnist,ShuffleNetV2,4,L20_G20,fioretto_ldf,4,True,data/dermmnist/slice_1,0.6274,0.782,0.8123,0.1501,0.3336,11.0,1,38,0.0766,63.1343
paper_backbones,results/pending_runs/paper_backbones/ShuffleNetV2/dermmnist/L20_G20/fioretto_ldf/seed_3,dermmnist,ShuffleNetV2,4,L20_G20,fioretto_ldf,3,True,data/dermmnist/slice_1,0.6361,0.7841,0.8143,0.1565,0.3349,9.0,1,40,0.0809,64.911
paper_backbones,results/pending_runs/paper_backbones/ShuffleNetV2/dermmnist/L20_G20/fioretto_ldf/seed_1,dermmnist,ShuffleNetV2,4,L20_G20,fioretto_ldf,1,True,data/dermmnist/slice_1,0.6369,0.7842,0.8138,0.1516,0.3335,8.0,1,37,0.0777,62.0934
paper_backbones,results/pending_runs/paper_backbones/ShuffleNetV2/dermmnist/L20_G20/fioretto_ldf/seed_2,dermmnist,ShuffleNetV2,4,L20_G20,fioretto_ldf,2,True,data/dermmnist/slice_1,0.6261,0.7789,0.8093,0.154,0.3339,4.0,1,32,0.0821,57.056
paper_backbones,results/pending_runs/paper_backbones/ShuffleNetV2/dermmnist/L20_G20/tralo_bounded/seed_4,dermmnist,ShuffleNetV2,4,L20_G20,tralo_bounded,4,True,data/dermmnist/slice_1,0.6352,0.7857,0.8153,0.1466,0.333,14.0,1,77,0.0882,56.2427
paper_backbones,results/pending_runs/paper_backbones/ShuffleNetV2/dermmnist/L20_G20/tralo_bounded/seed_3,dermmnist,ShuffleNetV2,4,L20_G20,tralo_bounded,3,True,data/dermmnist/slice_1,0.6401,0.7865,0.8163,0.1544,0.3336,9.0,1,77,0.0813,53.0895
paper_backbones,results/pending_runs/paper_backbones/ShuffleNetV2/dermmnist/L20_G20/tralo_bounded/seed_1,dermmnist,ShuffleNetV2,4,L20_G20,tralo_bounded,1,True,data/dermmnist/slice_1,0.6404,0.7864,0.8153,0.151,0.332,9.0,1,77,0.0937,53.3475
paper_backbones,results/pending_runs/paper_backbones/ShuffleNetV2/dermmnist/L20_G20/tralo_bounded/seed_2,dermmnist,ShuffleNetV2,4,L20_G20,tralo_bounded,2,True,data/dermmnist/slice_1,0.6276,0.7848,0.8143,0.1503,0.334,6.0,1,72,0.0833,48.4147
paper_backbones,results/pending_runs/paper_backbones/ShuffleNetV2/dermmnist/L20_G20/heuristic/seed_4,dermmnist,ShuffleNetV2,4,L20_G20,heuristic,4,True,data/dermmnist/slice_1,0.662,0.7836,0.8128,0.116,0.2816,208.0,0,-1,0.0934,0.4854
paper_backbones,results/pending_runs/paper_backbones/ShuffleNetV2/dermmnist/L20_G20/heuristic/seed_3,dermmnist,ShuffleNetV2,4,L20_G20,heuristic,3,True,data/dermmnist/slice_1,0.6736,0.7957,0.8193,0.1221,0.2844,140.0,0,-1,0.0838,0.4885
paper_backbones,results/pending_runs/paper_backbones/ShuffleNetV2/dermmnist/L20_G20/heuristic/seed_1,dermmnist,ShuffleNetV2,4,L20_G20,heuristic,1,True,data/dermmnist/slice_1,0.6358,0.7818,0.8113,0.1279,0.2947,184.0,0,-1,0.0921,0.4872
paper_backbones,results/pending_runs/paper_backbones/ShuffleNetV2/dermmnist/L20_G20/heuristic/seed_2,dermmnist,ShuffleNetV2,4,L20_G20,heuristic,2,True,data/dermmnist/slice_1,0.6449,0.7914,0.8173,0.1176,0.2764,113.0,0,-1,0.083,0.4839
paper_backbones,results/pending_runs/paper_backbones/ShuffleNetV2/dermmnist/L70_G70/hounie_rcl/seed_4,dermmnist,ShuffleNetV2,4,L70_G70,hounie_rcl,4,True,data/dermmnist/slice_1,0.7143,0.8377,0.8427,0.1099,0.2671,12.0,1,28,0.0926,58.4291
paper_backbones,results/pending_runs/paper_backbones/ShuffleNetV2/dermmnist/L70_G70/hounie_rcl/seed_3,dermmnist,ShuffleNetV2,4,L70_G70,hounie_rcl,3,True,data/dermmnist/slice_1,0.7035,0.8325,0.8397,0.1277,0.2849,29.0,1,40,0.0827,68.1668
paper_backbones,results/pending_runs/paper_backbones/ShuffleNetV2/dermmnist/L70_G70/hounie_rcl/seed_1,dermmnist,ShuffleNetV2,4,L70_G70,hounie_rcl,1,True,data/dermmnist/slice_1,0.7075,0.8299,0.8387,0.1191,0.28,21.0,1,37,0.0903,67.4583
paper_backbones,results/pending_runs/paper_backbones/ShuffleNetV2/dermmnist/L70_G70/hounie_rcl/seed_2,dermmnist,ShuffleNetV2,4,L70_G70,hounie_rcl,2,True,data/dermmnist/slice_1,0.6863,0.8305,0.8382,0.1174,0.2788,22.0,1,29,0.084,56.9541
paper_backbones,results/pending_runs/paper_backbones/ShuffleNetV2/dermmnist/L70_G70/tralo/seed_4,dermmnist,ShuffleNetV2,4,L70_G70,tralo,4,True,data/dermmnist/slice_1,0.7158,0.8389,0.8432,0.1073,0.2651,3.0,1,60,0.0918,51.5431
paper_backbones,results/pending_runs/paper_backbones/ShuffleNetV2/dermmnist/L70_G70/tralo/seed_3,dermmnist,ShuffleNetV2,4,L70_G70,tralo,3,True,data/dermmnist/slice_1,0.7018,0.8305,0.8357,0.1289,0.2859,8.0,1,62,0.0835,56.1839
paper_backbones,results/pending_runs/paper_backbones/ShuffleNetV2/dermmnist/L70_G70/tralo/seed_1,dermmnist,ShuffleNetV2,4,L70_G70,tralo,1,True,data/dermmnist/slice_1,0.6874,0.8232,0.8337,0.1257,0.2896,6.0,1,61,0.0782,46.6045
paper_backbones,results/pending_runs/paper_backbones/ShuffleNetV2/dermmnist/L70_G70/tralo/seed_2,dermmnist,ShuffleNetV2,4,L70_G70,tralo,2,True,data/dermmnist/slice_1,0.6851,0.8291,0.8367,0.1195,0.2789,0.0,1,60,0.0836,54.4038
paper_backbones,results/pending_runs/paper_backbones/ShuffleNetV2/dermmnist/L70_G70/danits_lp/seed_4,dermmnist,ShuffleNetV2,4,L70_G70,danits_lp,4,True,data/dermmnist/slice_1,0.7097,0.8302,0.8387,0.116,0.2816,97.0,0,-1,0.0905,0.5628
paper_backbones,results/pending_runs/paper_backbones/ShuffleNetV2/dermmnist/L70_G70/danits_lp/seed_3,dermmnist,ShuffleNetV2,4,L70_G70,danits_lp,3,True,data/dermmnist/slice_1,0.7196,0.8335,0.8377,0.1221,0.2844,29.0,0,-1,0.0831,0.5667
paper_backbones,results/pending_runs/paper_backbones/ShuffleNetV2/dermmnist/L70_G70/danits_lp/seed_1,dermmnist,ShuffleNetV2,4,L70_G70,danits_lp,1,True,data/dermmnist/slice_1,0.6752,0.8206,0.8308,0.1279,0.2947,73.0,0,-1,0.0939,0.5663
paper_backbones,results/pending_runs/paper_backbones/ShuffleNetV2/dermmnist/L70_G70/danits_lp/seed_2,dermmnist,ShuffleNetV2,4,L70_G70,danits_lp,2,True,data/dermmnist/slice_1,0.6854,0.8271,0.8352,0.1176,0.2764,9.0,0,-1,0.0843,0.5648
paper_backbones,results/pending_runs/paper_backbones/ShuffleNetV2/dermmnist/L70_G70/fioretto_ldf/seed_4,dermmnist,ShuffleNetV2,4,L70_G70,fioretto_ldf,4,True,data/dermmnist/slice_1,0.7152,0.8373,0.8427,0.1105,0.267,8.0,1,20,0.0919,45.8907
paper_backbones,results/pending_runs/paper_backbones/ShuffleNetV2/dermmnist/L70_G70/fioretto_ldf/seed_3,dermmnist,ShuffleNetV2,4,L70_G70,fioretto_ldf,3,True,data/dermmnist/slice_1,0.7014,0.8314,0.8387,0.1276,0.283,24.0,1,21,0.0823,45.8153
paper_backbones,results/pending_runs/paper_backbones/ShuffleNetV2/dermmnist/L70_G70/fioretto_ldf/seed_1,dermmnist,ShuffleNetV2,4,L70_G70,fioretto_ldf,1,True,data/dermmnist/slice_1,0.7015,0.8278,0.8367,0.1198,0.28,17.0,1,20,0.0934,45.205
paper_backbones,results/pending_runs/paper_backbones/ShuffleNetV2/dermmnist/L70_G70/fioretto_ldf/seed_2,dermmnist,ShuffleNetV2,4,L70_G70,fioretto_ldf,2,True,data/dermmnist/slice_1,0.6879,0.8312,0.8387,0.1163,0.2783,20.0,1,13,0.0821,37.5458
paper_backbones,results/pending_runs/paper_backbones/ShuffleNetV2/dermmnist/L70_G70/tralo_bounded/seed_4,dermmnist,ShuffleNetV2,4,L70_G70,tralo_bounded,4,True,data/dermmnist/slice_1,0.7169,0.839,0.8442,0.1081,0.2662,6.0,1,60,0.0885,36.2139
paper_backbones,results/pending_runs/paper_backbones/ShuffleNetV2/dermmnist/L70_G70/tralo_bounded/seed_3,dermmnist,ShuffleNetV2,4,L70_G70,tralo_bounded,3,True,data/dermmnist/slice_1,0.7024,0.8315,0.8387,0.1272,0.2843,26.0,1,61,0.0815,37.4035
paper_backbones,results/pending_runs/paper_backbones/ShuffleNetV2/dermmnist/L70_G70/tralo_bounded/seed_1,dermmnist,ShuffleNetV2,4,L70_G70,tralo_bounded,1,True,data/dermmnist/slice_1,0.7047,0.8281,0.8372,0.119,0.2809,24.0,1,61,0.0914,38.9057
paper_backbones,results/pending_runs/paper_backbones/ShuffleNetV2/dermmnist/L70_G70/tralo_bounded/seed_2,dermmnist,ShuffleNetV2,4,L70_G70,tralo_bounded,2,True,data/dermmnist/slice_1,0.6859,0.829,0.8362,0.1192,0.2775,15.0,0,-1,0.0815,128.368
paper_backbones,results/pending_runs/paper_backbones/ShuffleNetV2/dermmnist/L70_G70/heuristic/seed_4,dermmnist,ShuffleNetV2,4,L70_G70,heuristic,4,True,data/dermmnist/slice_1,0.7086,0.8292,0.8377,0.116,0.2816,97.0,0,-1,0.0933,0.4903
paper_backbones,results/pending_runs/paper_backbones/ShuffleNetV2/dermmnist/L70_G70/heuristic/seed_3,dermmnist,ShuffleNetV2,4,L70_G70,heuristic,3,True,data/dermmnist/slice_1,0.7202,0.8334,0.8377,0.1221,0.2844,29.0,0,-1,0.0822,0.491
paper_backbones,results/pending_runs/paper_backbones/ShuffleNetV2/dermmnist/L70_G70/heuristic/seed_1,dermmnist,ShuffleNetV2,4,L70_G70,heuristic,1,True,data/dermmnist/slice_1,0.6752,0.8206,0.8308,0.1279,0.2947,73.0,0,-1,0.0783,0.4876
paper_backbones,results/pending_runs/paper_backbones/ShuffleNetV2/dermmnist/L70_G70/heuristic/seed_2,dermmnist,ShuffleNetV2,4,L70_G70,heuristic,2,True,data/dermmnist/slice_1,0.6832,0.8252,0.8328,0.1176,0.2764,18.0,0,-1,0.0831,0.4916
paper_backbones,results/pending_runs/paper_backbones/ShuffleNetV2/dermmnist/L30_G30/hounie_rcl/seed_4,dermmnist,ShuffleNetV2,4,L30_G30,hounie_rcl,4,True,data/dermmnist/slice_1,0.6704,0.806,0.8253,0.1399,0.3153,18.0,1,57,0.0898,85.3748
paper_backbones,results/pending_runs/paper_backbones/ShuffleNetV2/dermmnist/L30_G30/hounie_rcl/seed_3,dermmnist,ShuffleNetV2,4,L30_G30,hounie_rcl,3,True,data/dermmnist/slice_1,0.6659,0.805,0.8258,0.1451,0.3171,21.0,1,54,0.0835,82.2878
paper_backbones,results/pending_runs/paper_backbones/ShuffleNetV2/dermmnist/L30_G30/hounie_rcl/seed_1,dermmnist,ShuffleNetV2,4,L30_G30,hounie_rcl,1,True,data/dermmnist/slice_1,0.6647,0.803,0.8243,0.1461,0.3205,21.0,1,56,0.0795,85.9894
paper_backbones,results/pending_runs/paper_backbones/ShuffleNetV2/dermmnist/L30_G30/hounie_rcl/seed_2,dermmnist,ShuffleNetV2,4,L30_G30,hounie_rcl,2,True,data/dermmnist/slice_1,0.6439,0.7984,0.8208,0.1466,0.3221,17.0,1,54,0.0854,82.0965
paper_backbones,results/pending_runs/paper_backbones/ShuffleNetV2/dermmnist/L30_G30/tralo/seed_4,dermmnist,ShuffleNetV2,4,L30_G30,tralo,4,True,data/dermmnist/slice_1,0.6616,0.8011,0.8223,0.1395,0.3108,11.0,1,73,0.0784,53.1127
paper_backbones,results/pending_runs/paper_backbones/ShuffleNetV2/dermmnist/L30_G30/tralo/seed_3,dermmnist,ShuffleNetV2,4,L30_G30,tralo,3,True,data/dermmnist/slice_1,0.6486,0.7974,0.8208,0.1445,0.3128,2.0,1,72,0.0848,76.212
paper_backbones,results/pending_runs/paper_backbones/ShuffleNetV2/dermmnist/L30_G30/tralo/seed_1,dermmnist,ShuffleNetV2,4,L30_G30,tralo,1,True,data/dermmnist/slice_1,0.671,0.8055,0.8258,0.1354,0.3079,0.0,1,73,0.0909,63.2081
paper_backbones,results/pending_runs/paper_backbones/ShuffleNetV2/dermmnist/L30_G30/tralo/seed_2,dermmnist,ShuffleNetV2,4,L30_G30,tralo,2,True,data/dermmnist/slice_1,0.6555,0.7993,0.8223,0.1397,0.3167,3.0,1,68,0.0831,55.9682
paper_backbones,results/pending_runs/paper_backbones/ShuffleNetV2/dermmnist/L30_G30/danits_lp/seed_4,dermmnist,ShuffleNetV2,4,L30_G30,danits_lp,4,True,data/dermmnist/slice_1,0.6752,0.7973,0.8198,0.116,0.2816,186.0,0,-1,0.0904,0.5659
paper_backbones,results/pending_runs/paper_backbones/ShuffleNetV2/dermmnist/L30_G30/danits_lp/seed_3,dermmnist,ShuffleNetV2,4,L30_G30,danits_lp,3,True,data/dermmnist/slice_1,0.6883,0.8093,0.8263,0.1221,0.2844,118.0,0,-1,0.0808,0.5559
paper_backbones,results/pending_runs/paper_backbones/ShuffleNetV2/dermmnist/L30_G30/danits_lp/seed_1,dermmnist,ShuffleNetV2,4,L30_G30,danits_lp,1,True,data/dermmnist/slice_1,0.6523,0.7978,0.8198,0.1279,0.2947,162.0,0,-1,0.0769,0.5509
paper_backbones,results/pending_runs/paper_backbones/ShuffleNetV2/dermmnist/L30_G30/danits_lp/seed_2,dermmnist,ShuffleNetV2,4,L30_G30,danits_lp,2,True,data/dermmnist/slice_1,0.6553,0.8015,0.8218,0.1176,0.2764,91.0,0,-1,0.0806,0.5607
paper_backbones,results/pending_runs/paper_backbones/ShuffleNetV2/dermmnist/L30_G30/fioretto_ldf/seed_4,dermmnist,ShuffleNetV2,4,L30_G30,fioretto_ldf,4,True,data/dermmnist/slice_1,0.6543,0.8012,0.8223,0.1418,0.315,16.0,0,-1,0.09,146.9776
paper_backbones,results/pending_runs/paper_backbones/ShuffleNetV2/dermmnist/L30_G30/fioretto_ldf/seed_3,dermmnist,ShuffleNetV2,4,L30_G30,fioretto_ldf,3,True,data/dermmnist/slice_1,0.6629,0.8035,0.8253,0.1411,0.3133,9.0,1,34,0.084,58.7475
paper_backbones,results/pending_runs/paper_backbones/ShuffleNetV2/dermmnist/L30_G30/fioretto_ldf/seed_1,dermmnist,ShuffleNetV2,4,L30_G30,fioretto_ldf,1,True,data/dermmnist/slice_1,0.6559,0.8004,0.8223,0.1408,0.3146,6.0,1,33,0.0805,57.6909
paper_backbones,results/pending_runs/paper_backbones/ShuffleNetV2/dermmnist/L30_G30/fioretto_ldf/seed_2,dermmnist,ShuffleNetV2,4,L30_G30,fioretto_ldf,2,True,data/dermmnist/slice_1,0.6496,0.7976,0.8203,0.1454,0.3208,12.0,1,29,0.086,54.0294
paper_backbones,results/pending_runs/paper_backbones/ShuffleNetV2/dermmnist/L30_G30/tralo_bounded/seed_4,dermmnist,ShuffleNetV2,4,L30_G30,tralo_bounded,4,True,data/dermmnist/slice_1,0.6617,0.8045,0.8253,0.1387,0.3157,16.0,1,73,0.0806,50.2789
paper_backbones,results/pending_runs/paper_backbones/ShuffleNetV2/dermmnist/L30_G30/tralo_bounded/seed_3,dermmnist,ShuffleNetV2,4,L30_G30,tralo_bounded,3,True,data/dermmnist/slice_1,0.663,0.8039,0.8258,0.1399,0.3119,12.0,1,72,0.083,48.1632
paper_backbones,results/pending_runs/paper_backbones/ShuffleNetV2/dermmnist/L30_G30/tralo_bounded/seed_1,dermmnist,ShuffleNetV2,4,L30_G30,tralo_bounded,1,True,data/dermmnist/slice_1,0.6679,0.8035,0.8243,0.1398,0.3106,7.0,0,-1,0.0792,139.2458
paper_backbones,results/pending_runs/paper_backbones/ShuffleNetV2/dermmnist/L30_G30/tralo_bounded/seed_2,dermmnist,ShuffleNetV2,4,L30_G30,tralo_bounded,2,True,data/dermmnist/slice_1,0.6462,0.7994,0.8218,0.1457,0.3182,13.0,1,68,0.082,44.6577
paper_backbones,results/pending_runs/paper_backbones/ShuffleNetV2/dermmnist/L30_G30/heuristic/seed_4,dermmnist,ShuffleNetV2,4,L30_G30,heuristic,4,True,data/dermmnist/slice_1,0.6767,0.7986,0.8208,0.116,0.2816,186.0,0,-1,0.0898,0.4857
paper_backbones,results/pending_runs/paper_backbones/ShuffleNetV2/dermmnist/L30_G30/heuristic/seed_3,dermmnist,ShuffleNetV2,4,L30_G30,heuristic,3,True,data/dermmnist/slice_1,0.6872,0.8081,0.8253,0.1221,0.2844,118.0,0,-1,0.0954,0.4829
paper_backbones,results/pending_runs/paper_backbones/ShuffleNetV2/dermmnist/L30_G30/heuristic/seed_1,dermmnist,ShuffleNetV2,4,L30_G30,heuristic,1,True,data/dermmnist/slice_1,0.6513,0.797,0.8193,0.1279,0.2947,162.0,0,-1,0.0768,0.4864
paper_backbones,results/pending_runs/paper_backbones/ShuffleNetV2/dermmnist/L30_G30/heuristic/seed_2,dermmnist,ShuffleNetV2,4,L30_G30,heuristic,2,True,data/dermmnist/slice_1,0.656,0.8024,0.8223,0.1176,0.2764,91.0,0,-1,0.0863,0.4843
paper_backbones,results/pending_runs/paper_backbones/ShuffleNetV2/dermmnist/L50_G50/danits_lp/seed_4,dermmnist,ShuffleNetV2,4,L50_G50,danits_lp,4,True,data/dermmnist/slice_1,0.6982,0.8201,0.8333,0.116,0.2816,142.0,0,-1,0.0893,0.5606
paper_backbones,results/pending_runs/paper_backbones/ShuffleNetV2/dermmnist/L50_G50/danits_lp/seed_3,dermmnist,ShuffleNetV2,4,L50_G50,danits_lp,3,True,data/dermmnist/slice_1,0.7079,0.8255,0.8342,0.1221,0.2844,74.0,0,-1,0.0831,0.5577
paper_backbones,results/pending_runs/paper_backbones/ShuffleNetV2/dermmnist/L50_G50/danits_lp/seed_1,dermmnist,ShuffleNetV2,4,L50_G50,danits_lp,1,True,data/dermmnist/slice_1,0.6663,0.8126,0.8273,0.1279,0.2947,118.0,0,-1,0.0905,0.5639
paper_backbones,results/pending_runs/paper_backbones/ShuffleNetV2/dermmnist/L50_G50/danits_lp/seed_2,dermmnist,ShuffleNetV2,4,L50_G50,danits_lp,2,True,data/dermmnist/slice_1,0.6713,0.8165,0.8288,0.1176,0.2764,47.0,0,-1,0.0794,0.5582
paper_backbones,results/pending_runs/paper_backbones/ShuffleNetV2/dermmnist/L50_G50/tralo_bounded/seed_4,dermmnist,ShuffleNetV2,4,L50_G50,tralo_bounded,4,True,data/dermmnist/slice_1,0.6933,0.8232,0.8342,0.1253,0.287,16.0,1,67,0.0778,42.8298
paper_backbones,results/pending_runs/paper_backbones/ShuffleNetV2/dermmnist/L50_G50/tralo_bounded/seed_3,dermmnist,ShuffleNetV2,4,L50_G50,tralo_bounded,3,True,data/dermmnist/slice_1,0.6866,0.8203,0.8328,0.1338,0.2951,16.0,1,66,0.0811,42.9181
paper_backbones,results/pending_runs/paper_backbones/ShuffleNetV2/dermmnist/L50_G50/tralo_bounded/seed_1,dermmnist,ShuffleNetV2,4,L50_G50,tralo_bounded,1,True,data/dermmnist/slice_1,0.6935,0.8195,0.8333,0.1304,0.2933,16.0,1,66,0.0814,43.4885
paper_backbones,results/pending_runs/paper_backbones/ShuffleNetV2/dermmnist/L50_G50/tralo_bounded/seed_2,dermmnist,ShuffleNetV2,4,L50_G50,tralo_bounded,2,True,data/dermmnist/slice_1,0.6699,0.8178,0.8313,0.1291,0.2954,22.0,1,63,0.0825,39.2944
paper_backbones,results/pending_runs/paper_backbones/ShuffleNetV2/dermmnist/L50_G50/heuristic/seed_4,dermmnist,ShuffleNetV2,4,L50_G50,heuristic,4,True,data/dermmnist/slice_1,0.6982,0.8201,0.8333,0.116,0.2816,142.0,0,-1,0.0777,0.4803
paper_backbones,results/pending_runs/paper_backbones/ShuffleNetV2/dermmnist/L50_G50/heuristic/seed_3,dermmnist,ShuffleNetV2,4,L50_G50,heuristic,3,True,data/dermmnist/slice_1,0.7077,0.8251,0.8337,0.1221,0.2844,74.0,0,-1,0.0832,0.4841
paper_backbones,results/pending_runs/paper_backbones/ShuffleNetV2/dermmnist/L50_G50/heuristic/seed_1,dermmnist,ShuffleNetV2,4,L50_G50,heuristic,1,True,data/dermmnist/slice_1,0.6698,0.8144,0.8288,0.1279,0.2947,118.0,0,-1,0.0791,0.485
paper_backbones,results/pending_runs/paper_backbones/ShuffleNetV2/dermmnist/L50_G50/heuristic/seed_2,dermmnist,ShuffleNetV2,4,L50_G50,heuristic,2,True,data/dermmnist/slice_1,0.6713,0.8165,0.8288,0.1176,0.2764,47.0,0,-1,0.0778,0.4861
paper_backbones,results/pending_runs/paper_backbones/ShuffleNetV2/dermmnist/L80_G80/hounie_rcl/seed_4,dermmnist,ShuffleNetV2,4,L80_G80,hounie_rcl,4,True,data/dermmnist/slice_1,0.7198,0.8405,0.8437,0.1062,0.2632,13.0,1,22,0.0794,50.1256
paper_backbones,results/pending_runs/paper_backbones/ShuffleNetV2/dermmnist/L80_G80/hounie_rcl/seed_3,dermmnist,ShuffleNetV2,4,L80_G80,hounie_rcl,3,True,data/dermmnist/slice_1,0.7111,0.8368,0.8422,0.1236,0.2791,28.0,1,31,0.0822,59.3871
paper_backbones,results/pending_runs/paper_backbones/ShuffleNetV2/dermmnist/L80_G80/hounie_rcl/seed_1,dermmnist,ShuffleNetV2,4,L80_G80,hounie_rcl,1,True,data/dermmnist/slice_1,0.7005,0.826,0.8333,0.1192,0.2782,22.0,1,31,0.0778,58.8375
paper_backbones,results/pending_runs/paper_backbones/ShuffleNetV2/dermmnist/L80_G80/hounie_rcl/seed_2,dermmnist,ShuffleNetV2,4,L80_G80,hounie_rcl,2,True,data/dermmnist/slice_1,0.6948,0.8329,0.8382,0.1167,0.2758,17.0,1,2,0.0822,28.1664
paper_backbones,results/pending_runs/paper_backbones/ShuffleNetV2/dermmnist/L80_G80/tralo/seed_4,dermmnist,ShuffleNetV2,4,L80_G80,tralo,4,True,data/dermmnist/slice_1,0.7225,0.8422,0.8442,0.1079,0.2633,5.0,1,58,0.0797,43.076
paper_backbones,results/pending_runs/paper_backbones/ShuffleNetV2/dermmnist/L80_G80/tralo/seed_3,dermmnist,ShuffleNetV2,4,L80_G80,tralo,3,True,data/dermmnist/slice_1,0.7112,0.837,0.8397,0.1238,0.2812,5.0,1,58,0.0822,53.9782
paper_backbones,results/pending_runs/paper_backbones/ShuffleNetV2/dermmnist/L80_G80/tralo/seed_1,dermmnist,ShuffleNetV2,4,L80_G80,tralo,1,True,data/dermmnist/slice_1,0.687,0.8227,0.8313,0.1258,0.2867,11.0,1,59,0.0814,44.7857
paper_backbones,results/pending_runs/paper_backbones/ShuffleNetV2/dermmnist/L80_G80/tralo/seed_2,dermmnist,ShuffleNetV2,4,L80_G80,tralo,2,True,data/dermmnist/slice_1,0.6941,0.833,0.8382,0.1182,0.2765,4.0,1,52,0.0848,36.2877
paper_backbones,results/pending_runs/paper_backbones/ShuffleNetV2/dermmnist/L80_G80/danits_lp/seed_4,dermmnist,ShuffleNetV2,4,L80_G80,danits_lp,4,True,data/dermmnist/slice_1,0.7072,0.8302,0.8377,0.116,0.2816,75.0,0,-1,0.0801,0.5537
paper_backbones,results/pending_runs/paper_backbones/ShuffleNetV2/dermmnist/L80_G80/danits_lp/seed_3,dermmnist,ShuffleNetV2,4,L80_G80,danits_lp,3,True,data/dermmnist/slice_1,0.7178,0.8363,0.8392,0.1221,0.2844,9.0,0,-1,0.082,0.5658
paper_backbones,results/pending_runs/paper_backbones/ShuffleNetV2/dermmnist/L80_G80/danits_lp/seed_1,dermmnist,ShuffleNetV2,4,L80_G80,danits_lp,1,True,data/dermmnist/slice_1,0.6753,0.8198,0.8288,0.1279,0.2947,51.0,0,-1,0.0918,0.5588
paper_backbones,results/pending_runs/paper_backbones/ShuffleNetV2/dermmnist/L80_G80/danits_lp/seed_2,dermmnist,ShuffleNetV2,4,L80_G80,danits_lp,2,True,data/dermmnist/slice_1,0.6888,0.8285,0.8357,0.1176,0.2764,0.0,1,-1,0.082,0.5592
paper_backbones,results/pending_runs/paper_backbones/ShuffleNetV2/dermmnist/L80_G80/fioretto_ldf/seed_4,dermmnist,ShuffleNetV2,4,L80_G80,fioretto_ldf,4,True,data/dermmnist/slice_1,0.715,0.8383,0.8422,0.1079,0.2636,14.0,1,17,0.0916,43.5517
paper_backbones,results/pending_runs/paper_backbones/ShuffleNetV2/dermmnist/L80_G80/fioretto_ldf/seed_3,dermmnist,ShuffleNetV2,4,L80_G80,fioretto_ldf,3,True,data/dermmnist/slice_1,0.7106,0.8363,0.8417,0.1238,0.2784,23.0,1,15,0.083,39.7
paper_backbones,results/pending_runs/paper_backbones/ShuffleNetV2/dermmnist/L80_G80/fioretto_ldf/seed_1,dermmnist,ShuffleNetV2,4,L80_G80,fioretto_ldf,1,True,data/dermmnist/slice_1,0.6999,0.8276,0.8347,0.1178,0.2778,25.0,1,16,0.0962,42.5247
paper_backbones,results/pending_runs/paper_backbones/ShuffleNetV2/dermmnist/L80_G80/fioretto_ldf/seed_2,dermmnist,ShuffleNetV2,4,L80_G80,fioretto_ldf,2,True,data/dermmnist/slice_1,0.6948,0.8329,0.8382,0.1167,0.2758,17.0,1,2,0.0813,21.2048
paper_backbones,results/pending_runs/paper_backbones/ShuffleNetV2/dermmnist/L80_G80/tralo_bounded/seed_4,dermmnist,ShuffleNetV2,4,L80_G80,tralo_bounded,4,True,data/dermmnist/slice_1,0.7189,0.8401,0.8437,0.1063,0.2631,10.0,1,58,0.0899,35.712
paper_backbones,results/pending_runs/paper_backbones/ShuffleNetV2/dermmnist/L80_G80/tralo_bounded/seed_3,dermmnist,ShuffleNetV2,4,L80_G80,tralo_bounded,3,True,data/dermmnist/slice_1,0.7126,0.8374,0.8427,0.1233,0.2782,23.0,1,58,0.1025,33.6959
paper_backbones,results/pending_runs/paper_backbones/ShuffleNetV2/dermmnist/L80_G80/tralo_bounded/seed_1,dermmnist,ShuffleNetV2,4,L80_G80,tralo_bounded,1,True,data/dermmnist/slice_1,0.6984,0.8266,0.8337,0.1177,0.2774,21.0,1,59,0.0915,34.724
paper_backbones,results/pending_runs/paper_backbones/ShuffleNetV2/dermmnist/L80_G80/tralo_bounded/seed_2,dermmnist,ShuffleNetV2,4,L80_G80,tralo_bounded,2,True,data/dermmnist/slice_1,0.6948,0.8329,0.8382,0.1167,0.2758,17.0,1,52,0.0819,27.9969
paper_backbones,results/pending_runs/paper_backbones/ShuffleNetV2/dermmnist/L80_G80/heuristic/seed_4,dermmnist,ShuffleNetV2,4,L80_G80,heuristic,4,True,data/dermmnist/slice_1,0.7056,0.8288,0.8362,0.116,0.2816,75.0,0,-1,0.0926,0.4909
paper_backbones,results/pending_runs/paper_backbones/ShuffleNetV2/dermmnist/L80_G80/heuristic/seed_3,dermmnist,ShuffleNetV2,4,L80_G80,heuristic,3,True,data/dermmnist/slice_1,0.7209,0.8361,0.8387,0.1221,0.2844,11.0,0,-1,0.0843,0.4885
paper_backbones,results/pending_runs/paper_backbones/ShuffleNetV2/dermmnist/L80_G80/heuristic/seed_1,dermmnist,ShuffleNetV2,4,L80_G80,heuristic,1,True,data/dermmnist/slice_1,0.6744,0.8204,0.8293,0.1279,0.2947,51.0,0,-1,0.0831,0.4829
paper_backbones,results/pending_runs/paper_backbones/ShuffleNetV2/dermmnist/L80_G80/heuristic/seed_2,dermmnist,ShuffleNetV2,4,L80_G80,heuristic,2,True,data/dermmnist/slice_1,0.6872,0.8253,0.8313,0.1176,0.2764,20.0,1,-1,0.0833,0.488
paper_backbones,results/pending_runs/paper_backbones/ShuffleNetV2/tissuemnist/L20_G20/hounie_rcl/seed_4,tissuemnist,ShuffleNetV2,4,L20_G20,hounie_rcl,4,True,data/tissuemnist/slice_1,0.3661,0.499,0.545,0.376,0.8126,9.0,1,76,392.4222,115.8714
paper_backbones,results/pending_runs/paper_backbones/ShuffleNetV2/tissuemnist/L20_G20/hounie_rcl/seed_3,tissuemnist,ShuffleNetV2,4,L20_G20,hounie_rcl,3,True,data/tissuemnist/slice_1,0.3726,0.4976,0.5396,0.3736,0.8029,4.0,1,79,0.0848,122.7416
paper_backbones,results/pending_runs/paper_backbones/ShuffleNetV2/tissuemnist/L20_G20/hounie_rcl/seed_1,tissuemnist,ShuffleNetV2,4,L20_G20,hounie_rcl,1,True,data/tissuemnist/slice_1,0.3373,0.4829,0.5346,0.3896,0.8341,12.0,1,108,391.8432,153.8535
paper_backbones,results/pending_runs/paper_backbones/ShuffleNetV2/tissuemnist/L20_G20/hounie_rcl/seed_2,tissuemnist,ShuffleNetV2,4,L20_G20,hounie_rcl,2,True,data/tissuemnist/slice_1,0.3748,0.5085,0.5437,0.3712,0.8125,3.0,1,90,0.0815,144.8138
paper_backbones,results/pending_runs/paper_backbones/ShuffleNetV2/tissuemnist/L20_G20/tralo/seed_4,tissuemnist,ShuffleNetV2,4,L20_G20,tralo,4,True,data/tissuemnist/slice_1,0.386,0.5144,0.55,0.3647,0.7897,1.0,1,83,0.1092,72.6871
paper_backbones,results/pending_runs/paper_backbones/ShuffleNetV2/tissuemnist/L20_G20/tralo/seed_3,tissuemnist,ShuffleNetV2,4,L20_G20,tralo,3,True,data/tissuemnist/slice_1,0.3744,0.5,0.5387,0.3714,0.804,1.0,1,104,0.085,112.0078
paper_backbones,results/pending_runs/paper_backbones/ShuffleNetV2/tissuemnist/L20_G20/tralo/seed_1,tissuemnist,ShuffleNetV2,4,L20_G20,tralo,1,True,data/tissuemnist/slice_1,0.3455,0.4971,0.5408,0.3747,0.8106,4.0,1,101,0.0947,132.0895
paper_backbones,results/pending_runs/paper_backbones/ShuffleNetV2/tissuemnist/L20_G20/tralo/seed_2,tissuemnist,ShuffleNetV2,4,L20_G20,tralo,2,True,data/tissuemnist/slice_1,0.378,0.5122,0.5446,0.3706,0.8091,5.0,1,98,0.083,100.591
paper_backbones,results/pending_runs/paper_backbones/ShuffleNetV2/tissuemnist/L20_G20/danits_lp/seed_4,tissuemnist,ShuffleNetV2,4,L20_G20,danits_lp,4,True,data/tissuemnist/slice_1,0.4198,0.5424,0.5587,0.326,0.7409,123.0,0,-1,0.0825,0.6537
paper_backbones,results/pending_runs/paper_backbones/ShuffleNetV2/tissuemnist/L20_G20/danits_lp/seed_3,tissuemnist,ShuffleNetV2,4,L20_G20,danits_lp,3,True,data/tissuemnist/slice_1,0.3966,0.5138,0.5321,0.364,0.7993,144.0,0,-1,0.084,0.6556
paper_backbones,results/pending_runs/paper_backbones/ShuffleNetV2/tissuemnist/L20_G20/danits_lp/seed_1,tissuemnist,ShuffleNetV2,4,L20_G20,danits_lp,1,True,data/tissuemnist/slice_1,0.4013,0.5112,0.5217,0.3654,0.805,203.0,0,-1,0.082,0.6413
paper_backbones,results/pending_runs/paper_backbones/ShuffleNetV2/tissuemnist/L20_G20/danits_lp/seed_2,tissuemnist,ShuffleNetV2,4,L20_G20,danits_lp,2,True,data/tissuemnist/slice_1,0.3862,0.5126,0.53,0.3541,0.7886,110.0,0,-1,0.0854,0.6474
paper_backbones,results/pending_runs/paper_backbones/ShuffleNetV2/tissuemnist/L20_G20/fioretto_ldf/seed_4,tissuemnist,ShuffleNetV2,4,L20_G20,fioretto_ldf,4,True,data/tissuemnist/slice_1,0.3794,0.5082,0.5463,0.3744,0.8017,7.0,1,43,0.0873,78.3669
paper_backbones,results/pending_runs/paper_backbones/ShuffleNetV2/tissuemnist/L20_G20/fioretto_ldf/seed_3,tissuemnist,ShuffleNetV2,4,L20_G20,fioretto_ldf,3,True,data/tissuemnist/slice_1,0.3781,0.5016,0.5413,0.3715,0.8051,6.0,1,64,0.0833,101.1129
paper_backbones,results/pending_runs/paper_backbones/ShuffleNetV2/tissuemnist/L20_G20/fioretto_ldf/seed_1,tissuemnist,ShuffleNetV2,4,L20_G20,fioretto_ldf,1,True,data/tissuemnist/slice_1,0.3317,0.4819,0.5321,0.3896,0.83,9.0,1,61,0.0905,107.5836
paper_backbones,results/pending_runs/paper_backbones/ShuffleNetV2/tissuemnist/L20_G20/fioretto_ldf/seed_2,tissuemnist,ShuffleNetV2,4,L20_G20,fioretto_ldf,2,True,data/tissuemnist/slice_1,0.3765,0.5114,0.5458,0.3718,0.8107,6.0,1,59,0.083,102.4398
paper_backbones,results/pending_runs/paper_backbones/ShuffleNetV2/tissuemnist/L20_G20/tralo_bounded/seed_4,tissuemnist,ShuffleNetV2,4,L20_G20,tralo_bounded,4,True,data/tissuemnist/slice_1,0.3805,0.5089,0.5475,0.3705,0.7986,9.0,1,83,0.0883,69.5039
paper_backbones,results/pending_runs/paper_backbones/ShuffleNetV2/tissuemnist/L20_G20/tralo_bounded/seed_3,tissuemnist,ShuffleNetV2,4,L20_G20,tralo_bounded,3,True,data/tissuemnist/slice_1,0.3806,0.5047,0.5437,0.3681,0.8034,4.0,1,104,0.0854,91.5048
paper_backbones,results/pending_runs/paper_backbones/ShuffleNetV2/tissuemnist/L20_G20/tralo_bounded/seed_1,tissuemnist,ShuffleNetV2,4,L20_G20,tralo_bounded,1,True,data/tissuemnist/slice_1,0.3324,0.4838,0.5333,0.3878,0.8267,9.0,0,-1,0.0899,195.9132
paper_backbones,results/pending_runs/paper_backbones/ShuffleNetV2/tissuemnist/L20_G20/tralo_bounded/seed_2,tissuemnist,ShuffleNetV2,4,L20_G20,tralo_bounded,2,True,data/tissuemnist/slice_1,0.3743,0.5097,0.5433,0.3724,0.81,7.0,1,98,0.0825,92.1102
paper_backbones,results/pending_runs/paper_backbones/ShuffleNetV2/tissuemnist/L20_G20/heuristic/seed_4,tissuemnist,ShuffleNetV2,4,L20_G20,heuristic,4,True,data/tissuemnist/slice_1,0.4225,0.5436,0.5596,0.326,0.7409,123.0,0,-1,0.0926,0.5577
paper_backbones,results/pending_runs/paper_backbones/ShuffleNetV2/tissuemnist/L20_G20/heuristic/seed_3,tissuemnist,ShuffleNetV2,4,L20_G20,heuristic,3,True,data/tissuemnist/slice_1,0.3967,0.5138,0.5321,0.364,0.7993,144.0,0,-1,0.0865,0.5528
paper_backbones,results/pending_runs/paper_backbones/ShuffleNetV2/tissuemnist/L20_G20/heuristic/seed_1,tissuemnist,ShuffleNetV2,4,L20_G20,heuristic,1,True,data/tissuemnist/slice_1,0.4026,0.512,0.5221,0.3654,0.805,203.0,0,-1,0.0908,0.5574
paper_backbones,results/pending_runs/paper_backbones/ShuffleNetV2/tissuemnist/L20_G20/heuristic/seed_2,tissuemnist,ShuffleNetV2,4,L20_G20,heuristic,2,True,data/tissuemnist/slice_1,0.3879,0.5136,0.5308,0.3541,0.7886,110.0,0,-1,0.0827,0.5593
paper_backbones,results/pending_runs/paper_backbones/ShuffleNetV2/tissuemnist/L70_G70/hounie_rcl/seed_4,tissuemnist,ShuffleNetV2,4,L70_G70,hounie_rcl,4,True,data/tissuemnist/slice_1,0.4457,0.5514,0.5646,0.3375,0.7522,12.0,1,36,0.0896,73.8816
paper_backbones,results/pending_runs/paper_backbones/ShuffleNetV2/tissuemnist/L70_G70/hounie_rcl/seed_3,tissuemnist,ShuffleNetV2,4,L70_G70,hounie_rcl,3,True,data/tissuemnist/slice_1,0.4397,0.5476,0.5596,0.3379,0.7631,9.0,1,37,0.0843,72.3998
paper_backbones,results/pending_runs/paper_backbones/ShuffleNetV2/tissuemnist/L70_G70/hounie_rcl/seed_1,tissuemnist,ShuffleNetV2,4,L70_G70,hounie_rcl,1,True,data/tissuemnist/slice_1,0.3943,0.5252,0.5487,0.3611,0.7769,17.0,1,45,0.0861,90.5682
paper_backbones,results/pending_runs/paper_backbones/ShuffleNetV2/tissuemnist/L70_G70/hounie_rcl/seed_2,tissuemnist,ShuffleNetV2,4,L70_G70,hounie_rcl,2,True,data/tissuemnist/slice_1,0.4078,0.5316,0.5458,0.355,0.7818,11.0,1,38,0.0873,81.0274
paper_backbones,results/pending_runs/paper_backbones/ShuffleNetV2/tissuemnist/L70_G70/tralo/seed_4,tissuemnist,ShuffleNetV2,4,L70_G70,tralo,4,True,data/tissuemnist/slice_1,0.4523,0.5562,0.5663,0.332,0.7477,5.0,1,64,0.0885,54.797
paper_backbones,results/pending_runs/paper_backbones/ShuffleNetV2/tissuemnist/L70_G70/tralo/seed_3,tissuemnist,ShuffleNetV2,4,L70_G70,tralo,3,True,data/tissuemnist/slice_1,0.4418,0.5463,0.5563,0.3397,0.7643,4.0,1,68,0.0832,51.2343
paper_backbones,results/pending_runs/paper_backbones/ShuffleNetV2/tissuemnist/L70_G70/tralo/seed_1,tissuemnist,ShuffleNetV2,4,L70_G70,tralo,1,True,data/tissuemnist/slice_1,0.4073,0.5369,0.5571,0.3554,0.774,2.0,1,72,0.0788,213.4636
paper_backbones,results/pending_runs/paper_backbones/ShuffleNetV2/tissuemnist/L70_G70/tralo/seed_2,tissuemnist,ShuffleNetV2,4,L70_G70,tralo,2,True,data/tissuemnist/slice_1,0.4031,0.5321,0.5479,0.3562,0.7766,3.0,1,73,0.0826,399.5885
paper_backbones,results/pending_runs/paper_backbones/ShuffleNetV2/tissuemnist/L70_G70/danits_lp/seed_4,tissuemnist,ShuffleNetV2,4,L70_G70,danits_lp,4,True,data/tissuemnist/slice_1,0.4443,0.5573,0.5667,0.326,0.7409,37.0,0,-1,0.0797,0.6485
paper_backbones,results/pending_runs/paper_backbones/ShuffleNetV2/tissuemnist/L70_G70/danits_lp/seed_3,tissuemnist,ShuffleNetV2,4,L70_G70,danits_lp,3,True,data/tissuemnist/slice_1,0.4141,0.524,0.5375,0.364,0.7993,58.0,0,-1,0.0857,0.6459
paper_backbones,results/pending_runs/paper_backbones/ShuffleNetV2/tissuemnist/L70_G70/danits_lp/seed_1,tissuemnist,ShuffleNetV2,4,L70_G70,danits_lp,1,True,data/tissuemnist/slice_1,0.4217,0.5234,0.5275,0.3654,0.805,117.0,0,-1,0.0908,0.6466
paper_backbones,results/pending_runs/paper_backbones/ShuffleNetV2/tissuemnist/L70_G70/danits_lp/seed_2,tissuemnist,ShuffleNetV2,4,L70_G70,danits_lp,2,True,data/tissuemnist/slice_1,0.4037,0.5226,0.5342,0.3541,0.7886,24.0,0,-1,0.0823,0.6551
paper_backbones,results/pending_runs/paper_backbones/ShuffleNetV2/tissuemnist/L70_G70/fioretto_ldf/seed_4,tissuemnist,ShuffleNetV2,4,L70_G70,fioretto_ldf,4,True,data/tissuemnist/slice_1,0.4477,0.5536,0.565,0.3343,0.7501,6.0,1,23,0.0907,52.2882
paper_backbones,results/pending_runs/paper_backbones/ShuffleNetV2/tissuemnist/L70_G70/fioretto_ldf/seed_3,tissuemnist,ShuffleNetV2,4,L70_G70,fioretto_ldf,3,True,data/tissuemnist/slice_1,0.4425,0.5494,0.56,0.3364,0.7624,8.0,1,28,0.0828,59.2829
paper_backbones,results/pending_runs/paper_backbones/ShuffleNetV2/tissuemnist/L70_G70/fioretto_ldf/seed_1,tissuemnist,ShuffleNetV2,4,L70_G70,fioretto_ldf,1,True,data/tissuemnist/slice_1,0.3962,0.5286,0.5504,0.357,0.7723,12.0,1,30,0.0764,67.76
paper_backbones,results/pending_runs/paper_backbones/ShuffleNetV2/tissuemnist/L70_G70/fioretto_ldf/seed_2,tissuemnist,ShuffleNetV2,4,L70_G70,fioretto_ldf,2,True,data/tissuemnist/slice_1,0.4094,0.5331,0.5471,0.3508,0.7799,2.0,1,29,0.0841,66.9369
paper_backbones,results/pending_runs/paper_backbones/ShuffleNetV2/tissuemnist/L70_G70/tralo_bounded/seed_4,tissuemnist,ShuffleNetV2,4,L70_G70,tralo_bounded,4,True,data/tissuemnist/slice_1,0.4467,0.5529,0.5637,0.3344,0.7491,7.0,1,64,0.0784,42.3265
paper_backbones,results/pending_runs/paper_backbones/ShuffleNetV2/tissuemnist/L70_G70/tralo_bounded/seed_3,tissuemnist,ShuffleNetV2,4,L70_G70,tralo_bounded,3,True,data/tissuemnist/slice_1,0.4406,0.5466,0.5571,0.3402,0.7637,8.0,1,68,0.0819,48.6208
paper_backbones,results/pending_runs/paper_backbones/ShuffleNetV2/tissuemnist/L70_G70/tralo_bounded/seed_1,tissuemnist,ShuffleNetV2,4,L70_G70,tralo_bounded,1,True,data/tissuemnist/slice_1,0.4056,0.5363,0.5567,0.3549,0.7728,10.0,1,72,0.0809,60.2556
paper_backbones,results/pending_runs/paper_backbones/ShuffleNetV2/tissuemnist/L70_G70/tralo_bounded/seed_2,tissuemnist,ShuffleNetV2,4,L70_G70,tralo_bounded,2,True,data/tissuemnist/slice_1,0.4063,0.531,0.5442,0.3525,0.7782,7.0,0,-1,0.0815,165.2311
paper_backbones,results/pending_runs/paper_backbones/ShuffleNetV2/tissuemnist/L70_G70/heuristic/seed_4,tissuemnist,ShuffleNetV2,4,L70_G70,heuristic,4,True,data/tissuemnist/slice_1,0.4455,0.5583,0.5675,0.326,0.7409,37.0,0,-1,0.0802,0.5529
paper_backbones,results/pending_runs/paper_backbones/ShuffleNetV2/tissuemnist/L70_G70/heuristic/seed_3,tissuemnist,ShuffleNetV2,4,L70_G70,heuristic,3,True,data/tissuemnist/slice_1,0.416,0.5249,0.5383,0.364,0.7993,58.0,0,-1,0.0862,0.5545
paper_backbones,results/pending_runs/paper_backbones/ShuffleNetV2/tissuemnist/L70_G70/heuristic/seed_1,tissuemnist,ShuffleNetV2,4,L70_G70,heuristic,1,True,data/tissuemnist/slice_1,0.4217,0.5234,0.5275,0.3654,0.805,117.0,0,-1,0.0804,0.5509
paper_backbones,results/pending_runs/paper_backbones/ShuffleNetV2/tissuemnist/L70_G70/heuristic/seed_2,tissuemnist,ShuffleNetV2,4,L70_G70,heuristic,2,True,data/tissuemnist/slice_1,0.4038,0.5225,0.5342,0.3541,0.7886,24.0,0,-1,0.0837,0.5536
paper_backbones,results/pending_runs/paper_backbones/ShuffleNetV2/tissuemnist/L30_G30/hounie_rcl/seed_4,tissuemnist,ShuffleNetV2,4,L30_G30,hounie_rcl,4,True,data/tissuemnist/slice_1,0.3993,0.5198,0.5537,0.3597,0.7889,10.0,1,63,0.0902,106.3345
paper_backbones,results/pending_runs/paper_backbones/ShuffleNetV2/tissuemnist/L30_G30/hounie_rcl/seed_3,tissuemnist,ShuffleNetV2,4,L30_G30,hounie_rcl,3,True,data/tissuemnist/slice_1,0.389,0.5136,0.5492,0.3597,0.7871,6.0,1,71,0.0844,113.6434
paper_backbones,results/pending_runs/paper_backbones/ShuffleNetV2/tissuemnist/L30_G30/hounie_rcl/seed_1,tissuemnist,ShuffleNetV2,4,L30_G30,hounie_rcl,1,True,data/tissuemnist/slice_1,0.3531,0.4958,0.5408,0.3774,0.8138,9.0,1,78,0.0934,130.6646
paper_backbones,results/pending_runs/paper_backbones/ShuffleNetV2/tissuemnist/L30_G30/hounie_rcl/seed_2,tissuemnist,ShuffleNetV2,4,L30_G30,hounie_rcl,2,True,data/tissuemnist/slice_1,0.384,0.513,0.5429,0.3683,0.7991,6.0,1,69,0.0824,117.9772
paper_backbones,results/pending_runs/paper_backbones/ShuffleNetV2/tissuemnist/L30_G30/tralo/seed_4,tissuemnist,ShuffleNetV2,4,L30_G30,tralo,4,True,data/tissuemnist/slice_1,0.4065,0.526,0.5542,0.3556,0.7762,6.0,1,76,0.0808,61.5093
paper_backbones,results/pending_runs/paper_backbones/ShuffleNetV2/tissuemnist/L30_G30/tralo/seed_3,tissuemnist,ShuffleNetV2,4,L30_G30,tralo,3,True,data/tissuemnist/slice_1,0.3904,0.5144,0.5458,0.3592,0.7828,2.0,0,-1,0.0836,390.6464
paper_backbones,results/pending_runs/paper_backbones/ShuffleNetV2/tissuemnist/L30_G30/tralo/seed_1,tissuemnist,ShuffleNetV2,4,L30_G30,tralo,1,True,data/tissuemnist/slice_1,0.372,0.5178,0.5492,0.3675,0.7976,0.0,1,93,0.0811,398.5324
paper_backbones,results/pending_runs/paper_backbones/ShuffleNetV2/tissuemnist/L30_G30/tralo/seed_2,tissuemnist,ShuffleNetV2,4,L30_G30,tralo,2,True,data/tissuemnist/slice_1,0.3873,0.5185,0.545,0.3657,0.7946,4.0,1,89,0.0825,90.6683
paper_backbones,results/pending_runs/paper_backbones/ShuffleNetV2/tissuemnist/L30_G30/danits_lp/seed_4,tissuemnist,ShuffleNetV2,4,L30_G30,danits_lp,4,True,data/tissuemnist/slice_1,0.424,0.5447,0.5587,0.326,0.7409,106.0,0,-1,0.0784,0.6504
paper_backbones,results/pending_runs/paper_backbones/ShuffleNetV2/tissuemnist/L30_G30/danits_lp/seed_3,tissuemnist,ShuffleNetV2,4,L30_G30,danits_lp,3,True,data/tissuemnist/slice_1,0.407,0.5197,0.5354,0.364,0.7993,127.0,0,-1,0.0872,0.6571
paper_backbones,results/pending_runs/paper_backbones/ShuffleNetV2/tissuemnist/L30_G30/danits_lp/seed_1,tissuemnist,ShuffleNetV2,4,L30_G30,danits_lp,1,True,data/tissuemnist/slice_1,0.4128,0.5174,0.5254,0.3654,0.805,186.0,0,-1,0.0908,0.6498
paper_backbones,results/pending_runs/paper_backbones/ShuffleNetV2/tissuemnist/L30_G30/danits_lp/seed_2,tissuemnist,ShuffleNetV2,4,L30_G30,danits_lp,2,True,data/tissuemnist/slice_1,0.3947,0.5175,0.5325,0.3541,0.7886,93.0,0,-1,0.0824,0.656
paper_backbones,results/pending_runs/paper_backbones/ShuffleNetV2/tissuemnist/L30_G30/fioretto_ldf/seed_4,tissuemnist,ShuffleNetV2,4,L30_G30,fioretto_ldf,4,True,data/tissuemnist/slice_1,0.4003,0.5211,0.5525,0.3623,0.7868,11.0,1,37,0.0918,72.9088
paper_backbones,results/pending_runs/paper_backbones/ShuffleNetV2/tissuemnist/L30_G30/fioretto_ldf/seed_3,tissuemnist,ShuffleNetV2,4,L30_G30,fioretto_ldf,3,True,data/tissuemnist/slice_1,0.3952,0.5197,0.5496,0.3552,0.7807,2.0,0,-1,0.0813,182.3383
paper_backbones,results/pending_runs/paper_backbones/ShuffleNetV2/tissuemnist/L30_G30/fioretto_ldf/seed_1,tissuemnist,ShuffleNetV2,4,L30_G30,fioretto_ldf,1,True,data/tissuemnist/slice_1,0.3563,0.5018,0.5417,0.3743,0.8095,8.0,0,-1,0.0795,188.6308
paper_backbones,results/pending_runs/paper_backbones/ShuffleNetV2/tissuemnist/L30_G30/fioretto_ldf/seed_2,tissuemnist,ShuffleNetV2,4,L30_G30,fioretto_ldf,2,True,data/tissuemnist/slice_1,0.3849,0.5174,0.545,0.3669,0.7957,5.0,1,49,0.0818,90.4504
paper_backbones,results/pending_runs/paper_backbones/ShuffleNetV2/tissuemnist/L30_G30/tralo_bounded/seed_4,tissuemnist,ShuffleNetV2,4,L30_G30,tralo_bounded,4,True,data/tissuemnist/slice_1,0.4022,0.524,0.5537,0.3586,0.7812,9.0,1,76,0.0887,60.8577
paper_backbones,results/pending_runs/paper_backbones/ShuffleNetV2/tissuemnist/L30_G30/tralo_bounded/seed_3,tissuemnist,ShuffleNetV2,4,L30_G30,tralo_bounded,3,True,data/tissuemnist/slice_1,0.3981,0.5182,0.5483,0.3558,0.7798,4.0,0,-1,0.0827,177.1046
paper_backbones,results/pending_runs/paper_backbones/ShuffleNetV2/tissuemnist/L30_G30/tralo_bounded/seed_1,tissuemnist,ShuffleNetV2,4,L30_G30,tralo_bounded,1,True,data/tissuemnist/slice_1,0.3563,0.5024,0.5425,0.3731,0.8079,8.0,0,-1,0.078,184.1206
paper_backbones,results/pending_runs/paper_backbones/ShuffleNetV2/tissuemnist/L30_G30/tralo_bounded/seed_2,tissuemnist,ShuffleNetV2,4,L30_G30,tralo_bounded,2,True,data/tissuemnist/slice_1,0.3891,0.5198,0.5463,0.3649,0.7959,5.0,1,89,0.0857,80.5483
paper_backbones,results/pending_runs/paper_backbones/ShuffleNetV2/tissuemnist/L30_G30/heuristic/seed_4,tissuemnist,ShuffleNetV2,4,L30_G30,heuristic,4,True,data/tissuemnist/slice_1,0.424,0.5447,0.5587,0.326,0.7409,106.0,0,-1,0.0901,0.5502
paper_backbones,results/pending_runs/paper_backbones/ShuffleNetV2/tissuemnist/L30_G30/heuristic/seed_3,tissuemnist,ShuffleNetV2,4,L30_G30,heuristic,3,True,data/tissuemnist/slice_1,0.407,0.5197,0.5354,0.364,0.7993,127.0,0,-1,0.0836,0.554
paper_backbones,results/pending_runs/paper_backbones/ShuffleNetV2/tissuemnist/L30_G30/heuristic/seed_1,tissuemnist,ShuffleNetV2,4,L30_G30,heuristic,1,True,data/tissuemnist/slice_1,0.4139,0.5181,0.5258,0.3654,0.805,186.0,0,-1,0.0898,0.5547
paper_backbones,results/pending_runs/paper_backbones/ShuffleNetV2/tissuemnist/L30_G30/heuristic/seed_2,tissuemnist,ShuffleNetV2,4,L30_G30,heuristic,2,True,data/tissuemnist/slice_1,0.3931,0.5164,0.5317,0.3541,0.7886,93.0,0,-1,0.0829,0.5528
paper_backbones,results/pending_runs/paper_backbones/ShuffleNetV2/tissuemnist/L50_G50/hounie_rcl/seed_4,tissuemnist,ShuffleNetV2,4,L50_G50,hounie_rcl,4,True,data/tissuemnist/slice_1,0.422,0.5353,0.5592,0.3522,0.7713,18.0,1,55,0.0791,94.1551
paper_backbones,results/pending_runs/paper_backbones/ShuffleNetV2/tissuemnist/L50_G50/hounie_rcl/seed_3,tissuemnist,ShuffleNetV2,4,L50_G50,hounie_rcl,3,True,data/tissuemnist/slice_1,0.4195,0.5376,0.5604,0.3427,0.7656,16.0,1,58,0.0846,97.2922
paper_backbones,results/pending_runs/paper_backbones/ShuffleNetV2/tissuemnist/L50_G50/hounie_rcl/seed_2,tissuemnist,ShuffleNetV2,4,L50_G50,hounie_rcl,2,True,data/tissuemnist/slice_1,0.3992,0.5249,0.5417,0.362,0.7852,10.0,1,51,433.1531,85.9667
paper_backbones,results/pending_runs/paper_backbones/ShuffleNetV2/tissuemnist/L50_G50/tralo/seed_4,tissuemnist,ShuffleNetV2,4,L50_G50,tralo,4,True,data/tissuemnist/slice_1,0.4329,0.5451,0.5608,0.341,0.7553,2.0,1,71,0.089,70.3288
paper_backbones,results/pending_runs/paper_backbones/ShuffleNetV2/tissuemnist/L50_G50/tralo/seed_3,tissuemnist,ShuffleNetV2,4,L50_G50,tralo,3,True,data/tissuemnist/slice_1,0.4139,0.531,0.5483,0.3482,0.7707,5.0,1,82,407.0988,90.7722
paper_backbones,results/pending_runs/paper_backbones/ShuffleNetV2/tissuemnist/L50_G50/tralo/seed_2,tissuemnist,ShuffleNetV2,4,L50_G50,tralo,2,True,data/tissuemnist/slice_1,0.3958,0.5246,0.5442,0.3596,0.7818,7.0,1,79,0.0839,77.6606
paper_backbones,results/pending_runs/paper_backbones/ShuffleNetV2/tissuemnist/L50_G50/danits_lp/seed_4,tissuemnist,ShuffleNetV2,4,L50_G50,danits_lp,4,True,data/tissuemnist/slice_1,0.435,0.5511,0.5621,0.326,0.7409,71.0,0,-1,0.0904,0.6564
paper_backbones,results/pending_runs/paper_backbones/ShuffleNetV2/tissuemnist/L50_G50/danits_lp/seed_3,tissuemnist,ShuffleNetV2,4,L50_G50,danits_lp,3,True,data/tissuemnist/slice_1,0.4098,0.5207,0.535,0.364,0.7993,92.0,0,-1,0.0864,0.654
paper_backbones,results/pending_runs/paper_backbones/ShuffleNetV2/tissuemnist/L50_G50/danits_lp/seed_1,tissuemnist,ShuffleNetV2,4,L50_G50,danits_lp,1,True,data/tissuemnist/slice_1,0.4146,0.5196,0.5254,0.3654,0.805,151.0,0,-1,0.0893,0.6484
paper_backbones,results/pending_runs/paper_backbones/ShuffleNetV2/tissuemnist/L50_G50/danits_lp/seed_2,tissuemnist,ShuffleNetV2,4,L50_G50,danits_lp,2,True,data/tissuemnist/slice_1,0.3999,0.52,0.5329,0.3541,0.7886,58.0,0,-1,0.0863,0.6555
paper_backbones,results/pending_runs/paper_backbones/ShuffleNetV2/tissuemnist/L50_G50/fioretto_ldf/seed_4,tissuemnist,ShuffleNetV2,4,L50_G50,fioretto_ldf,4,True,data/tissuemnist/slice_1,0.4263,0.5382,0.5579,0.3486,0.7622,6.0,0,-1,0.0965,163.4768
paper_backbones,results/pending_runs/paper_backbones/ShuffleNetV2/tissuemnist/L50_G50/fioretto_ldf/seed_3,tissuemnist,ShuffleNetV2,4,L50_G50,fioretto_ldf,3,True,data/tissuemnist/slice_1,0.4244,0.5403,0.5592,0.3417,0.7637,8.0,0,-1,0.0837,171.9202
paper_backbones,results/pending_runs/paper_backbones/ShuffleNetV2/tissuemnist/L50_G50/fioretto_ldf/seed_2,tissuemnist,ShuffleNetV2,4,L50_G50,fioretto_ldf,2,True,data/tissuemnist/slice_1,0.4014,0.5263,0.5454,0.3581,0.7826,2.0,1,39,0.1076,81.2631
paper_backbones,results/pending_runs/paper_backbones/ShuffleNetV2/tissuemnist/L50_G50/tralo_bounded/seed_4,tissuemnist,ShuffleNetV2,4,L50_G50,tralo_bounded,4,True,data/tissuemnist/slice_1,0.4268,0.5396,0.5583,0.3453,0.7616,5.0,1,71,0.0842,51.2184
paper_backbones,results/pending_runs/paper_backbones/ShuffleNetV2/tissuemnist/L50_G50/tralo_bounded/seed_3,tissuemnist,ShuffleNetV2,4,L50_G50,tralo_bounded,3,True,data/tissuemnist/slice_1,0.4249,0.5406,0.5592,0.3421,0.7649,8.0,0,-1,0.0802,167.3905
paper_backbones,results/pending_runs/paper_backbones/ShuffleNetV2/tissuemnist/L50_G50/tralo_bounded/seed_1,tissuemnist,ShuffleNetV2,4,L50_G50,tralo_bounded,1,True,data/tissuemnist/slice_1,0.3838,0.524,0.5525,0.3579,0.782,5.0,1,80,0.0897,69.8835
paper_backbones,results/pending_runs/paper_backbones/ShuffleNetV2/tissuemnist/L50_G50/tralo_bounded/seed_2,tissuemnist,ShuffleNetV2,4,L50_G50,tralo_bounded,2,True,data/tissuemnist/slice_1,0.4036,0.5272,0.5458,0.3572,0.782,2.0,1,79,0.0825,68.578
paper_backbones,results/pending_runs/paper_backbones/ShuffleNetV2/tissuemnist/L50_G50/heuristic/seed_4,tissuemnist,ShuffleNetV2,4,L50_G50,heuristic,4,True,data/tissuemnist/slice_1,0.4373,0.5521,0.5629,0.326,0.7409,71.0,0,-1,0.0823,0.5463
paper_backbones,results/pending_runs/paper_backbones/ShuffleNetV2/tissuemnist/L50_G50/heuristic/seed_3,tissuemnist,ShuffleNetV2,4,L50_G50,heuristic,3,True,data/tissuemnist/slice_1,0.4102,0.5208,0.535,0.364,0.7993,92.0,0,-1,0.0922,0.555
paper_backbones,results/pending_runs/paper_backbones/ShuffleNetV2/tissuemnist/L50_G50/heuristic/seed_1,tissuemnist,ShuffleNetV2,4,L50_G50,heuristic,1,True,data/tissuemnist/slice_1,0.4161,0.5203,0.5258,0.3654,0.805,151.0,0,-1,0.0832,0.5549
paper_backbones,results/pending_runs/paper_backbones/ShuffleNetV2/tissuemnist/L50_G50/heuristic/seed_2,tissuemnist,ShuffleNetV2,4,L50_G50,heuristic,2,True,data/tissuemnist/slice_1,0.4018,0.5212,0.5337,0.3541,0.7886,58.0,0,-1,0.0904,0.5476
paper_backbones,results/pending_runs/paper_backbones/ShuffleNetV2/tissuemnist/L80_G80/hounie_rcl/seed_4,tissuemnist,ShuffleNetV2,4,L80_G80,hounie_rcl,4,True,data/tissuemnist/slice_1,0.4514,0.5569,0.5671,0.3316,0.749,15.0,1,31,0.0837,65.5649
paper_backbones,results/pending_runs/paper_backbones/ShuffleNetV2/tissuemnist/L80_G80/hounie_rcl/seed_3,tissuemnist,ShuffleNetV2,4,L80_G80,hounie_rcl,3,True,data/tissuemnist/slice_1,0.4411,0.5444,0.5521,0.3421,0.767,10.0,1,27,0.0883,63.0453
paper_backbones,results/pending_runs/paper_backbones/ShuffleNetV2/tissuemnist/L80_G80/hounie_rcl/seed_1,tissuemnist,ShuffleNetV2,4,L80_G80,hounie_rcl,1,True,data/tissuemnist/slice_1,0.4104,0.5373,0.5575,0.3505,0.7713,22.0,1,43,0.0853,88.3136
paper_backbones,results/pending_runs/paper_backbones/ShuffleNetV2/tissuemnist/L80_G80/hounie_rcl/seed_2,tissuemnist,ShuffleNetV2,4,L80_G80,hounie_rcl,2,True,data/tissuemnist/slice_1,0.4128,0.53,0.5417,0.3567,0.783,10.0,1,29,0.0923,72.3542
paper_backbones,results/pending_runs/paper_backbones/ShuffleNetV2/tissuemnist/L80_G80/tralo/seed_4,tissuemnist,ShuffleNetV2,4,L80_G80,tralo,4,True,data/tissuemnist/slice_1,0.4551,0.5593,0.5671,0.3286,0.7466,2.0,1,61,0.0832,58.5395
paper_backbones,results/pending_runs/paper_backbones/ShuffleNetV2/tissuemnist/L80_G80/tralo/seed_3,tissuemnist,ShuffleNetV2,4,L80_G80,tralo,3,True,data/tissuemnist/slice_1,0.4419,0.5458,0.5533,0.3409,0.7675,3.0,1,65,0.0928,56.4834
paper_backbones,results/pending_runs/paper_backbones/ShuffleNetV2/tissuemnist/L80_G80/tralo/seed_1,tissuemnist,ShuffleNetV2,4,L80_G80,tralo,1,True,data/tissuemnist/slice_1,0.411,0.5408,0.5592,0.35,0.7682,0.0,1,69,0.0835,399.1427
paper_backbones,results/pending_runs/paper_backbones/ShuffleNetV2/tissuemnist/L80_G80/tralo/seed_2,tissuemnist,ShuffleNetV2,4,L80_G80,tralo,2,True,data/tissuemnist/slice_1,0.4061,0.535,0.5483,0.353,0.7783,1.0,1,67,0.0781,215.0877
paper_backbones,results/pending_runs/paper_backbones/ShuffleNetV2/tissuemnist/L80_G80/danits_lp/seed_4,tissuemnist,ShuffleNetV2,4,L80_G80,danits_lp,4,True,data/tissuemnist/slice_1,0.4466,0.5591,0.5679,0.326,0.7409,20.0,0,-1,0.0823,0.6523
paper_backbones,results/pending_runs/paper_backbones/ShuffleNetV2/tissuemnist/L80_G80/danits_lp/seed_3,tissuemnist,ShuffleNetV2,4,L80_G80,danits_lp,3,True,data/tissuemnist/slice_1,0.4142,0.524,0.5375,0.364,0.7993,41.0,0,-1,0.0831,0.6485
paper_backbones,results/pending_runs/paper_backbones/ShuffleNetV2/tissuemnist/L80_G80/danits_lp/seed_1,tissuemnist,ShuffleNetV2,4,L80_G80,danits_lp,1,True,data/tissuemnist/slice_1,0.4251,0.5249,0.5288,0.3654,0.805,100.0,0,-1,0.0827,0.6546
paper_backbones,results/pending_runs/paper_backbones/ShuffleNetV2/tissuemnist/L80_G80/danits_lp/seed_2,tissuemnist,ShuffleNetV2,4,L80_G80,danits_lp,2,True,data/tissuemnist/slice_1,0.4045,0.523,0.5346,0.3541,0.7886,7.0,0,-1,0.0807,0.6507
paper_backbones,results/pending_runs/paper_backbones/ShuffleNetV2/tissuemnist/L80_G80/fioretto_ldf/seed_4,tissuemnist,ShuffleNetV2,4,L80_G80,fioretto_ldf,4,True,data/tissuemnist/slice_1,0.4472,0.5546,0.5633,0.3328,0.7481,3.0,1,19,0.081,46.5268
paper_backbones,results/pending_runs/paper_backbones/ShuffleNetV2/tissuemnist/L80_G80/fioretto_ldf/seed_3,tissuemnist,ShuffleNetV2,4,L80_G80,fioretto_ldf,3,True,data/tissuemnist/slice_1,0.4429,0.5461,0.5533,0.3397,0.7666,8.0,1,23,0.0909,54.5999
paper_backbones,results/pending_runs/paper_backbones/ShuffleNetV2/tissuemnist/L80_G80/fioretto_ldf/seed_1,tissuemnist,ShuffleNetV2,4,L80_G80,fioretto_ldf,1,True,data/tissuemnist/slice_1,0.4112,0.539,0.5567,0.3498,0.7701,7.0,0,-1,0.0826,167.718
paper_backbones,results/pending_runs/paper_backbones/ShuffleNetV2/tissuemnist/L80_G80/fioretto_ldf/seed_2,tissuemnist,ShuffleNetV2,4,L80_G80,fioretto_ldf,2,True,data/tissuemnist/slice_1,0.4135,0.5332,0.5446,0.353,0.78,8.0,1,24,0.0888,64.3707
paper_backbones,results/pending_runs/paper_backbones/ShuffleNetV2/tissuemnist/L80_G80/tralo_bounded/seed_4,tissuemnist,ShuffleNetV2,4,L80_G80,tralo_bounded,4,True,data/tissuemnist/slice_1,0.4487,0.5561,0.565,0.3315,0.7474,4.0,1,61,0.0825,38.4929
paper_backbones,results/pending_runs/paper_backbones/ShuffleNetV2/tissuemnist/L80_G80/tralo_bounded/seed_3,tissuemnist,ShuffleNetV2,4,L80_G80,tralo_bounded,3,True,data/tissuemnist/slice_1,0.4415,0.5456,0.5529,0.341,0.7666,9.0,1,65,0.0846,44.5148
paper_backbones,results/pending_runs/paper_backbones/ShuffleNetV2/tissuemnist/L80_G80/tralo_bounded/seed_1,tissuemnist,ShuffleNetV2,4,L80_G80,tralo_bounded,1,True,data/tissuemnist/slice_1,0.4151,0.5431,0.5604,0.3482,0.7696,4.0,1,69,0.0825,56.2505
paper_backbones,results/pending_runs/paper_backbones/ShuffleNetV2/tissuemnist/L80_G80/tralo_bounded/seed_2,tissuemnist,ShuffleNetV2,4,L80_G80,tralo_bounded,2,True,data/tissuemnist/slice_1,0.4126,0.5328,0.5442,0.3529,0.7789,6.0,1,67,0.0932,56.7329
paper_backbones,results/pending_runs/paper_backbones/ShuffleNetV2/tissuemnist/L80_G80/heuristic/seed_4,tissuemnist,ShuffleNetV2,4,L80_G80,heuristic,4,True,data/tissuemnist/slice_1,0.446,0.5587,0.5675,0.326,0.7409,20.0,0,-1,0.0838,0.5506
paper_backbones,results/pending_runs/paper_backbones/ShuffleNetV2/tissuemnist/L80_G80/heuristic/seed_3,tissuemnist,ShuffleNetV2,4,L80_G80,heuristic,3,True,data/tissuemnist/slice_1,0.4151,0.5246,0.5379,0.364,0.7993,41.0,0,-1,0.0883,0.5474
paper_backbones,results/pending_runs/paper_backbones/ShuffleNetV2/tissuemnist/L80_G80/heuristic/seed_1,tissuemnist,ShuffleNetV2,4,L80_G80,heuristic,1,True,data/tissuemnist/slice_1,0.4239,0.5241,0.5279,0.3654,0.805,100.0,0,-1,0.0832,0.5504
paper_backbones,results/pending_runs/paper_backbones/ShuffleNetV2/tissuemnist/L80_G80/heuristic/seed_2,tissuemnist,ShuffleNetV2,4,L80_G80,heuristic,2,True,data/tissuemnist/slice_1,0.403,0.5225,0.5342,0.3541,0.7886,11.0,0,-1,0.0909,0.5542
paper_backbones,results/pending_runs/paper_backbones/RegNetY400MF/aider/L20_G20/hounie_rcl/seed_4,aider,RegNetY400MF,0,L20_G20,hounie_rcl,4,True,data/aider/slice_1,0.7637,0.8804,0.905,0.0988,0.1984,20.0,1,62,0.9141,91.2186
paper_backbones,results/pending_runs/paper_backbones/RegNetY400MF/aider/L20_G20/hounie_rcl/seed_3,aider,RegNetY400MF,0,L20_G20,hounie_rcl,3,True,data/aider/slice_1,0.7986,0.899,0.921,0.089,0.1832,19.0,1,42,0.5739,66.4447
paper_backbones,results/pending_runs/paper_backbones/RegNetY400MF/aider/L20_G20/hounie_rcl/seed_1,aider,RegNetY400MF,0,L20_G20,hounie_rcl,1,True,data/aider/slice_1,0.7722,0.8833,0.9067,0.0993,0.1948,19.0,1,51,0.6195,78.2624
paper_backbones,results/pending_runs/paper_backbones/RegNetY400MF/aider/L20_G20/hounie_rcl/seed_2,aider,RegNetY400MF,0,L20_G20,hounie_rcl,2,True,data/aider/slice_1,0.7879,0.8956,0.9193,0.0866,0.175,19.0,1,84,0.5496,115.8434
paper_backbones,results/pending_runs/paper_backbones/RegNetY400MF/aider/L20_G20/tralo/seed_4,aider,RegNetY400MF,0,L20_G20,tralo,4,True,data/aider/slice_1,0.7946,0.8962,0.9176,0.0768,0.1533,2.0,1,70,0.1545,51.2885
paper_backbones,results/pending_runs/paper_backbones/RegNetY400MF/aider/L20_G20/tralo/seed_3,aider,RegNetY400MF,0,L20_G20,tralo,3,True,data/aider/slice_1,0.8009,0.9004,0.9218,0.0679,0.1381,1.0,1,65,0.1489,35.404
paper_backbones,results/pending_runs/paper_backbones/RegNetY400MF/aider/L20_G20/tralo/seed_1,aider,RegNetY400MF,0,L20_G20,tralo,1,True,data/aider/slice_1,0.7941,0.8947,0.916,0.0797,0.1601,3.0,1,65,0.1489,47.6231
paper_backbones,results/pending_runs/paper_backbones/RegNetY400MF/aider/L20_G20/tralo/seed_2,aider,RegNetY400MF,0,L20_G20,tralo,2,True,data/aider/slice_1,0.8025,0.9043,0.9261,0.0688,0.1405,2.0,1,74,0.141,56.1558
paper_backbones,results/pending_runs/paper_backbones/RegNetY400MF/aider/L20_G20/danits_lp/seed_4,aider,RegNetY400MF,0,L20_G20,danits_lp,4,True,data/aider/slice_1,0.767,0.9043,0.9235,0.0095,0.0207,83.0,0,-1,0.1576,0.6082
paper_backbones,results/pending_runs/paper_backbones/RegNetY400MF/aider/L20_G20/danits_lp/seed_3,aider,RegNetY400MF,0,L20_G20,danits_lp,3,True,data/aider/slice_1,0.7964,0.9035,0.9252,0.0086,0.0186,80.0,0,-1,0.1391,0.5835
paper_backbones,results/pending_runs/paper_backbones/RegNetY400MF/aider/L20_G20/danits_lp/seed_1,aider,RegNetY400MF,0,L20_G20,danits_lp,1,True,data/aider/slice_1,0.7766,0.9025,0.9235,0.0115,0.0228,77.0,0,-1,0.1629,0.5988
paper_backbones,results/pending_runs/paper_backbones/RegNetY400MF/aider/L20_G20/danits_lp/seed_2,aider,RegNetY400MF,0,L20_G20,danits_lp,2,True,data/aider/slice_1,0.7975,0.9043,0.9261,0.0091,0.0202,73.0,0,-1,0.1555,0.5986
paper_backbones,results/pending_runs/paper_backbones/RegNetY400MF/aider/L20_G20/fioretto_ldf/seed_4,aider,RegNetY400MF,0,L20_G20,fioretto_ldf,4,True,data/aider/slice_1,0.7953,0.8954,0.9168,0.0804,0.1612,5.0,1,24,0.1434,40.6005
paper_backbones,results/pending_runs/paper_backbones/RegNetY400MF/aider/L20_G20/fioretto_ldf/seed_3,aider,RegNetY400MF,0,L20_G20,fioretto_ldf,3,True,data/aider/slice_1,0.8032,0.9012,0.9227,0.0724,0.1473,2.0,1,21,0.1595,38.5975
paper_backbones,results/pending_runs/paper_backbones/RegNetY400MF/aider/L20_G20/fioretto_ldf/seed_1,aider,RegNetY400MF,0,L20_G20,fioretto_ldf,1,True,data/aider/slice_1,0.7913,0.893,0.9143,0.0871,0.1766,8.0,1,22,0.1563,38.6896
paper_backbones,results/pending_runs/paper_backbones/RegNetY400MF/aider/L20_G20/fioretto_ldf/seed_2,aider,RegNetY400MF,0,L20_G20,fioretto_ldf,2,True,data/aider/slice_1,0.8025,0.9043,0.9261,0.0706,0.1476,6.0,1,29,0.1511,46.8715
paper_backbones,results/pending_runs/paper_backbones/RegNetY400MF/aider/L20_G20/tralo_bounded/seed_4,aider,RegNetY400MF,0,L20_G20,tralo_bounded,4,True,data/aider/slice_1,0.7953,0.8954,0.9168,0.0824,0.1662,7.0,1,70,0.1643,38.6717
paper_backbones,results/pending_runs/paper_backbones/RegNetY400MF/aider/L20_G20/tralo_bounded/seed_3,aider,RegNetY400MF,0,L20_G20,tralo_bounded,3,True,data/aider/slice_1,0.8032,0.9012,0.9227,0.0774,0.1582,11.0,1,65,0.1424,31.2019
paper_backbones,results/pending_runs/paper_backbones/RegNetY400MF/aider/L20_G20/tralo_bounded/seed_1,aider,RegNetY400MF,0,L20_G20,tralo_bounded,1,True,data/aider/slice_1,0.7913,0.893,0.9143,0.0887,0.1795,11.0,1,65,0.1564,33.5369
paper_backbones,results/pending_runs/paper_backbones/RegNetY400MF/aider/L20_G20/tralo_bounded/seed_2,aider,RegNetY400MF,0,L20_G20,tralo_bounded,2,True,data/aider/slice_1,0.8025,0.9043,0.9261,0.0701,0.1469,5.0,1,74,0.1376,41.4959
paper_backbones,results/pending_runs/paper_backbones/RegNetY400MF/aider/L20_G20/heuristic/seed_4,aider,RegNetY400MF,0,L20_G20,heuristic,4,True,data/aider/slice_1,0.767,0.9043,0.9235,0.0095,0.0207,83.0,0,-1,0.155,0.5665
paper_backbones,results/pending_runs/paper_backbones/RegNetY400MF/aider/L20_G20/heuristic/seed_3,aider,RegNetY400MF,0,L20_G20,heuristic,3,True,data/aider/slice_1,0.7964,0.9035,0.9252,0.0086,0.0186,80.0,0,-1,0.1422,0.5655
paper_backbones,results/pending_runs/paper_backbones/RegNetY400MF/aider/L20_G20/heuristic/seed_1,aider,RegNetY400MF,0,L20_G20,heuristic,1,True,data/aider/slice_1,0.7758,0.9025,0.9235,0.0115,0.0228,77.0,0,-1,0.1622,0.5959
paper_backbones,results/pending_runs/paper_backbones/RegNetY400MF/aider/L20_G20/heuristic/seed_2,aider,RegNetY400MF,0,L20_G20,heuristic,2,True,data/aider/slice_1,0.7975,0.9043,0.9261,0.0091,0.0202,73.0,0,-1,0.1472,0.5598
paper_backbones,results/pending_runs/paper_backbones/RegNetY400MF/aider/L70_G70/hounie_rcl/seed_4,aider,RegNetY400MF,0,L70_G70,hounie_rcl,4,True,data/aider/slice_1,0.9295,0.9608,0.963,0.0568,0.1196,33.0,1,81,0.1727,113.5272
paper_backbones,results/pending_runs/paper_backbones/RegNetY400MF/aider/L70_G70/hounie_rcl/seed_3,aider,RegNetY400MF,0,L70_G70,hounie_rcl,3,True,data/aider/slice_1,0.9347,0.9643,0.9664,0.0475,0.1051,30.0,1,52,0.142,78.1757
paper_backbones,results/pending_runs/paper_backbones/RegNetY400MF/aider/L70_G70/hounie_rcl/seed_1,aider,RegNetY400MF,0,L70_G70,hounie_rcl,1,True,data/aider/slice_1,0.9318,0.9601,0.9622,0.0491,0.101,22.0,1,68,0.1522,96.8993
paper_backbones,results/pending_runs/paper_backbones/RegNetY400MF/aider/L70_G70/hounie_rcl/seed_2,aider,RegNetY400MF,0,L70_G70,hounie_rcl,2,True,data/aider/slice_1,0.9333,0.966,0.9681,0.0343,0.0744,13.0,1,118,0.1669,157.1264
paper_backbones,results/pending_runs/paper_backbones/RegNetY400MF/aider/L70_G70/tralo/seed_4,aider,RegNetY400MF,0,L70_G70,tralo,4,True,data/aider/slice_1,0.9315,0.9618,0.9639,0.0303,0.0622,0.0,1,62,0.1589,40.7457
paper_backbones,results/pending_runs/paper_backbones/RegNetY400MF/aider/L70_G70/tralo/seed_3,aider,RegNetY400MF,0,L70_G70,tralo,3,True,data/aider/slice_1,0.9333,0.9635,0.9655,0.0264,0.0577,1.0,1,59,0.1577,51.8033
paper_backbones,results/pending_runs/paper_backbones/RegNetY400MF/aider/L70_G70/tralo/seed_1,aider,RegNetY400MF,0,L70_G70,tralo,1,True,data/aider/slice_1,0.9322,0.961,0.963,0.0352,0.0717,3.0,1,59,0.1373,35.3036
paper_backbones,results/pending_runs/paper_backbones/RegNetY400MF/aider/L70_G70/tralo/seed_2,aider,RegNetY400MF,0,L70_G70,tralo,2,True,data/aider/slice_1,0.9337,0.9669,0.9689,0.0237,0.0529,0.0,1,64,0.1525,42.834
paper_backbones,results/pending_runs/paper_backbones/RegNetY400MF/aider/L70_G70/danits_lp/seed_4,aider,RegNetY400MF,0,L70_G70,danits_lp,4,True,data/aider/slice_1,0.9249,0.9645,0.9664,0.0095,0.0207,32.0,0,-1,0.1345,0.5856
paper_backbones,results/pending_runs/paper_backbones/RegNetY400MF/aider/L70_G70/danits_lp/seed_3,aider,RegNetY400MF,0,L70_G70,danits_lp,3,True,data/aider/slice_1,0.9365,0.966,0.9681,0.0086,0.0186,29.0,0,-1,0.1609,0.5918
paper_backbones,results/pending_runs/paper_backbones/RegNetY400MF/aider/L70_G70/danits_lp/seed_1,aider,RegNetY400MF,0,L70_G70,danits_lp,1,True,data/aider/slice_1,0.9347,0.9643,0.9664,0.0115,0.0228,26.0,0,-1,0.1396,0.5874
paper_backbones,results/pending_runs/paper_backbones/RegNetY400MF/aider/L70_G70/danits_lp/seed_2,aider,RegNetY400MF,0,L70_G70,danits_lp,2,True,data/aider/slice_1,0.9336,0.9668,0.9689,0.0091,0.0202,22.0,0,-1,0.1556,0.5925
paper_backbones,results/pending_runs/paper_backbones/RegNetY400MF/aider/L70_G70/fioretto_ldf/seed_4,aider,RegNetY400MF,0,L70_G70,fioretto_ldf,4,True,data/aider/slice_1,0.9328,0.9626,0.9647,0.0307,0.0674,5.0,1,18,0.1504,34.4582
paper_backbones,results/pending_runs/paper_backbones/RegNetY400MF/aider/L70_G70/fioretto_ldf/seed_3,aider,RegNetY400MF,0,L70_G70,fioretto_ldf,3,True,data/aider/slice_1,0.9329,0.9626,0.9647,0.0344,0.0698,12.0,1,15,0.1381,30.5286
paper_backbones,results/pending_runs/paper_backbones/RegNetY400MF/aider/L70_G70/fioretto_ldf/seed_1,aider,RegNetY400MF,0,L70_G70,fioretto_ldf,1,True,data/aider/slice_1,0.9322,0.961,0.963,0.0331,0.0675,4.0,1,15,0.1397,30.0817
paper_backbones,results/pending_runs/paper_backbones/RegNetY400MF/aider/L70_G70/fioretto_ldf/seed_2,aider,RegNetY400MF,0,L70_G70,fioretto_ldf,2,True,data/aider/slice_1,0.932,0.9652,0.9672,0.0257,0.0539,3.0,0,-1,0.1587,142.6529
paper_backbones,results/pending_runs/paper_backbones/RegNetY400MF/aider/L70_G70/tralo_bounded/seed_4,aider,RegNetY400MF,0,L70_G70,tralo_bounded,4,True,data/aider/slice_1,0.9328,0.9626,0.9647,0.0381,0.0811,13.0,1,62,0.1429,27.7244
paper_backbones,results/pending_runs/paper_backbones/RegNetY400MF/aider/L70_G70/tralo_bounded/seed_3,aider,RegNetY400MF,0,L70_G70,tralo_bounded,3,True,data/aider/slice_1,0.9333,0.9635,0.9655,0.0265,0.0603,4.0,1,59,0.1529,24.8623
paper_backbones,results/pending_runs/paper_backbones/RegNetY400MF/aider/L70_G70/tralo_bounded/seed_1,aider,RegNetY400MF,0,L70_G70,tralo_bounded,1,True,data/aider/slice_1,0.9318,0.9601,0.9622,0.0388,0.083,10.0,1,59,0.1497,26.0617
paper_backbones,results/pending_runs/paper_backbones/RegNetY400MF/aider/L70_G70/tralo_bounded/seed_2,aider,RegNetY400MF,0,L70_G70,tralo_bounded,2,True,data/aider/slice_1,0.932,0.9652,0.9672,0.0317,0.0632,7.0,1,64,0.1407,29.6991
paper_backbones,results/pending_runs/paper_backbones/RegNetY400MF/aider/L70_G70/heuristic/seed_4,aider,RegNetY400MF,0,L70_G70,heuristic,4,True,data/aider/slice_1,0.9258,0.9644,0.9664,0.0095,0.0207,32.0,0,-1,0.1412,0.5637
paper_backbones,results/pending_runs/paper_backbones/RegNetY400MF/aider/L70_G70/heuristic/seed_3,aider,RegNetY400MF,0,L70_G70,heuristic,3,True,data/aider/slice_1,0.9365,0.966,0.9681,0.0086,0.0186,29.0,0,-1,0.1445,0.5591
paper_backbones,results/pending_runs/paper_backbones/RegNetY400MF/aider/L70_G70/heuristic/seed_1,aider,RegNetY400MF,0,L70_G70,heuristic,1,True,data/aider/slice_1,0.9347,0.9643,0.9664,0.0115,0.0228,26.0,0,-1,0.1434,0.5596
paper_backbones,results/pending_runs/paper_backbones/RegNetY400MF/aider/L70_G70/heuristic/seed_2,aider,RegNetY400MF,0,L70_G70,heuristic,2,True,data/aider/slice_1,0.9325,0.9668,0.9689,0.0091,0.0202,22.0,0,-1,0.1539,0.5592
paper_backbones,results/pending_runs/paper_backbones/RegNetY400MF/aider/L30_G30/hounie_rcl/seed_4,aider,RegNetY400MF,0,L30_G30,hounie_rcl,4,True,data/aider/slice_1,0.8219,0.9072,0.9227,0.0926,0.1865,28.0,1,63,0.1612,92.3538
paper_backbones,results/pending_runs/paper_backbones/RegNetY400MF/aider/L30_G30/hounie_rcl/seed_3,aider,RegNetY400MF,0,L30_G30,hounie_rcl,3,True,data/aider/slice_1,0.8398,0.9165,0.9311,0.0884,0.1801,30.0,1,43,0.15,67.286
paper_backbones,results/pending_runs/paper_backbones/RegNetY400MF/aider/L30_G30/hounie_rcl/seed_1,aider,RegNetY400MF,0,L30_G30,hounie_rcl,1,True,data/aider/slice_1,0.8058,0.8985,0.9151,0.0948,0.1901,26.0,1,53,0.1515,80.5653
paper_backbones,results/pending_runs/paper_backbones/RegNetY400MF/aider/L30_G30/hounie_rcl/seed_2,aider,RegNetY400MF,0,L30_G30,hounie_rcl,2,True,data/aider/slice_1,0.8334,0.9163,0.9319,0.0797,0.1641,26.0,1,87,0.1596,120.1787
paper_backbones,results/pending_runs/paper_backbones/RegNetY400MF/aider/L30_G30/tralo/seed_4,aider,RegNetY400MF,0,L30_G30,tralo,4,True,data/aider/slice_1,0.8335,0.9139,0.9286,0.0642,0.1317,1.0,1,66,0.1427,36.9168
paper_backbones,results/pending_runs/paper_backbones/RegNetY400MF/aider/L30_G30/tralo/seed_3,aider,RegNetY400MF,0,L30_G30,tralo,3,True,data/aider/slice_1,0.8402,0.9173,0.9319,0.0631,0.1306,7.0,1,63,0.1371,33.9393
paper_backbones,results/pending_runs/paper_backbones/RegNetY400MF/aider/L30_G30/tralo/seed_1,aider,RegNetY400MF,0,L30_G30,tralo,1,True,data/aider/slice_1,0.8343,0.9132,0.9277,0.0656,0.1325,1.0,1,63,0.1465,44.1042
paper_backbones,results/pending_runs/paper_backbones/RegNetY400MF/aider/L30_G30/tralo/seed_2,aider,RegNetY400MF,0,L30_G30,tralo,2,True,data/aider/slice_1,0.8388,0.9213,0.9361,0.0595,0.122,0.0,1,68,0.1379,249.3147
paper_backbones,results/pending_runs/paper_backbones/RegNetY400MF/aider/L30_G30/danits_lp/seed_4,aider,RegNetY400MF,0,L30_G30,danits_lp,4,True,data/aider/slice_1,0.8079,0.9198,0.9328,0.0095,0.0207,72.0,0,-1,0.1498,0.585
paper_backbones,results/pending_runs/paper_backbones/RegNetY400MF/aider/L30_G30/danits_lp/seed_3,aider,RegNetY400MF,0,L30_G30,danits_lp,3,True,data/aider/slice_1,0.8364,0.9197,0.9345,0.0086,0.0186,69.0,0,-1,0.1403,0.5898
paper_backbones,results/pending_runs/paper_backbones/RegNetY400MF/aider/L30_G30/danits_lp/seed_1,aider,RegNetY400MF,0,L30_G30,danits_lp,1,True,data/aider/slice_1,0.8205,0.9183,0.9328,0.0115,0.0228,66.0,0,-1,0.1477,0.5873
paper_backbones,results/pending_runs/paper_backbones/RegNetY400MF/aider/L30_G30/danits_lp/seed_2,aider,RegNetY400MF,0,L30_G30,danits_lp,2,True,data/aider/slice_1,0.8345,0.9205,0.9353,0.0091,0.0202,62.0,0,-1,0.1423,0.5882
paper_backbones,results/pending_runs/paper_backbones/RegNetY400MF/aider/L30_G30/fioretto_ldf/seed_4,aider,RegNetY400MF,0,L30_G30,fioretto_ldf,4,True,data/aider/slice_1,0.8293,0.9114,0.9261,0.0673,0.1377,3.0,1,22,0.1508,39.2014
paper_backbones,results/pending_runs/paper_backbones/RegNetY400MF/aider/L30_G30/fioretto_ldf/seed_3,aider,RegNetY400MF,0,L30_G30,fioretto_ldf,3,True,data/aider/slice_1,0.8402,0.9173,0.9319,0.0724,0.1472,13.0,1,20,0.1371,36.2183
paper_backbones,results/pending_runs/paper_backbones/RegNetY400MF/aider/L30_G30/fioretto_ldf/seed_1,aider,RegNetY400MF,0,L30_G30,fioretto_ldf,1,True,data/aider/slice_1,0.8287,0.9099,0.9244,0.0736,0.1503,10.0,1,21,0.1516,36.9427
paper_backbones,results/pending_runs/paper_backbones/RegNetY400MF/aider/L30_G30/fioretto_ldf/seed_2,aider,RegNetY400MF,0,L30_G30,fioretto_ldf,2,True,data/aider/slice_1,0.8385,0.9205,0.9353,0.065,0.1332,9.0,1,28,0.1586,46.0113
paper_backbones,results/pending_runs/paper_backbones/RegNetY400MF/aider/L30_G30/tralo_bounded/seed_4,aider,RegNetY400MF,0,L30_G30,tralo_bounded,4,True,data/aider/slice_1,0.8303,0.9115,0.9261,0.0773,0.1535,13.0,1,66,0.1343,31.6103
paper_backbones,results/pending_runs/paper_backbones/RegNetY400MF/aider/L30_G30/tralo_bounded/seed_3,aider,RegNetY400MF,0,L30_G30,tralo_bounded,3,True,data/aider/slice_1,0.8402,0.9173,0.9319,0.0745,0.1522,18.0,1,63,0.1392,29.1362
paper_backbones,results/pending_runs/paper_backbones/RegNetY400MF/aider/L30_G30/tralo_bounded/seed_1,aider,RegNetY400MF,0,L30_G30,tralo_bounded,1,True,data/aider/slice_1,0.8301,0.9107,0.9252,0.0826,0.1649,18.0,1,63,0.1499,29.8041
paper_backbones,results/pending_runs/paper_backbones/RegNetY400MF/aider/L30_G30/tralo_bounded/seed_2,aider,RegNetY400MF,0,L30_G30,tralo_bounded,2,True,data/aider/slice_1,0.8385,0.9205,0.9353,0.0627,0.1279,8.0,1,68,0.1524,37.1962
paper_backbones,results/pending_runs/paper_backbones/RegNetY400MF/aider/L30_G30/heuristic/seed_4,aider,RegNetY400MF,0,L30_G30,heuristic,4,True,data/aider/slice_1,0.8086,0.9197,0.9328,0.0095,0.0207,72.0,0,-1,0.1361,0.5562
paper_backbones,results/pending_runs/paper_backbones/RegNetY400MF/aider/L30_G30/heuristic/seed_3,aider,RegNetY400MF,0,L30_G30,heuristic,3,True,data/aider/slice_1,0.8364,0.9197,0.9345,0.0086,0.0186,69.0,0,-1,0.164,0.5903
paper_backbones,results/pending_runs/paper_backbones/RegNetY400MF/aider/L30_G30/heuristic/seed_1,aider,RegNetY400MF,0,L30_G30,heuristic,1,True,data/aider/slice_1,0.8205,0.9183,0.9328,0.0115,0.0228,66.0,0,-1,0.1321,0.5496
paper_backbones,results/pending_runs/paper_backbones/RegNetY400MF/aider/L30_G30/heuristic/seed_2,aider,RegNetY400MF,0,L30_G30,heuristic,2,True,data/aider/slice_1,0.8345,0.9205,0.9353,0.0091,0.0202,62.0,0,-1,0.1457,0.5624
paper_backbones,results/pending_runs/paper_backbones/RegNetY400MF/aider/L80_G80/hounie_rcl/seed_4,aider,RegNetY400MF,0,L80_G80,hounie_rcl,4,True,data/aider/slice_1,0.9544,0.974,0.9748,0.0414,0.0873,29.0,1,94,0.1422,127.0967
paper_backbones,results/pending_runs/paper_backbones/RegNetY400MF/aider/L80_G80/hounie_rcl/seed_3,aider,RegNetY400MF,0,L80_G80,hounie_rcl,3,True,data/aider/slice_1,0.9572,0.9757,0.9765,0.033,0.0684,20.0,1,58,0.1549,86.2531
paper_backbones,results/pending_runs/paper_backbones/RegNetY400MF/aider/L80_G80/hounie_rcl/seed_1,aider,RegNetY400MF,0,L80_G80,hounie_rcl,1,True,data/aider/slice_1,0.9507,0.9705,0.9714,0.0348,0.0742,19.0,1,83,0.1422,115.4396
paper_backbones,results/pending_runs/paper_backbones/RegNetY400MF/aider/L80_G80/hounie_rcl/seed_2,aider,RegNetY400MF,0,L80_G80,hounie_rcl,2,True,data/aider/slice_1,0.9518,0.9749,0.9756,0.0223,0.051,9.0,1,146,0.1379,187.9784
paper_backbones,results/pending_runs/paper_backbones/RegNetY400MF/aider/L80_G80/tralo/seed_4,aider,RegNetY400MF,0,L80_G80,tralo,4,True,data/aider/slice_1,0.9524,0.974,0.9748,0.023,0.0461,0.0,1,61,0.1465,39.9459
paper_backbones,results/pending_runs/paper_backbones/RegNetY400MF/aider/L80_G80/tralo/seed_3,aider,RegNetY400MF,0,L80_G80,tralo,3,True,data/aider/slice_1,0.9555,0.974,0.9748,0.0212,0.0449,1.0,1,59,0.1534,39.5819
paper_backbones,results/pending_runs/paper_backbones/RegNetY400MF/aider/L80_G80/tralo/seed_1,aider,RegNetY400MF,0,L80_G80,tralo,1,True,data/aider/slice_1,0.9555,0.974,0.9748,0.0233,0.0488,0.0,1,59,0.1523,99.9405
paper_backbones,results/pending_runs/paper_backbones/RegNetY400MF/aider/L80_G80/tralo/seed_2,aider,RegNetY400MF,0,L80_G80,tralo,2,True,data/aider/slice_1,0.9527,0.9766,0.9773,0.0209,0.0401,0.0,1,63,0.1536,237.2196
paper_backbones,results/pending_runs/paper_backbones/RegNetY400MF/aider/L80_G80/danits_lp/seed_4,aider,RegNetY400MF,0,L80_G80,danits_lp,4,True,data/aider/slice_1,0.9518,0.9749,0.9756,0.0095,0.0207,21.0,0,-1,0.1499,0.5909
paper_backbones,results/pending_runs/paper_backbones/RegNetY400MF/aider/L80_G80/danits_lp/seed_3,aider,RegNetY400MF,0,L80_G80,danits_lp,3,True,data/aider/slice_1,0.9566,0.9765,0.9773,0.0086,0.0186,18.0,0,-1,0.152,0.5876
paper_backbones,results/pending_runs/paper_backbones/RegNetY400MF/aider/L80_G80/danits_lp/seed_1,aider,RegNetY400MF,0,L80_G80,danits_lp,1,True,data/aider/slice_1,0.9569,0.9748,0.9756,0.0115,0.0228,15.0,0,-1,0.1792,0.6014
paper_backbones,results/pending_runs/paper_backbones/RegNetY400MF/aider/L80_G80/danits_lp/seed_2,aider,RegNetY400MF,0,L80_G80,danits_lp,2,True,data/aider/slice_1,0.9547,0.9774,0.9782,0.0091,0.0202,11.0,0,-1,0.1438,0.5898
paper_backbones,results/pending_runs/paper_backbones/RegNetY400MF/aider/L80_G80/fioretto_ldf/seed_4,aider,RegNetY400MF,0,L80_G80,fioretto_ldf,4,True,data/aider/slice_1,0.9537,0.9748,0.9756,0.0202,0.0454,1.0,1,15,0.1548,30.5391
paper_backbones,results/pending_runs/paper_backbones/RegNetY400MF/aider/L80_G80/fioretto_ldf/seed_3,aider,RegNetY400MF,0,L80_G80,fioretto_ldf,3,True,data/aider/slice_1,0.9558,0.9748,0.9756,0.0229,0.0494,4.0,1,13,0.1486,28.1893
paper_backbones,results/pending_runs/paper_backbones/RegNetY400MF/aider/L80_G80/fioretto_ldf/seed_1,aider,RegNetY400MF,0,L80_G80,fioretto_ldf,1,True,data/aider/slice_1,0.9523,0.9715,0.9723,0.0331,0.0674,15.0,1,13,0.1451,27.7918
paper_backbones,results/pending_runs/paper_backbones/RegNetY400MF/aider/L80_G80/fioretto_ldf/seed_2,aider,RegNetY400MF,0,L80_G80,fioretto_ldf,2,True,data/aider/slice_1,0.9508,0.9749,0.9756,0.0203,0.0436,5.0,1,17,0.1363,32.3604
paper_backbones,results/pending_runs/paper_backbones/RegNetY400MF/aider/L80_G80/tralo_bounded/seed_4,aider,RegNetY400MF,0,L80_G80,tralo_bounded,4,True,data/aider/slice_1,0.9547,0.9748,0.9756,0.0209,0.0478,2.0,1,61,0.1776,27.2845
paper_backbones,results/pending_runs/paper_backbones/RegNetY400MF/aider/L80_G80/tralo_bounded/seed_3,aider,RegNetY400MF,0,L80_G80,tralo_bounded,3,True,data/aider/slice_1,0.9558,0.9748,0.9756,0.0194,0.041,3.0,0,-1,0.1425,135.6045
paper_backbones,results/pending_runs/paper_backbones/RegNetY400MF/aider/L80_G80/tralo_bounded/seed_1,aider,RegNetY400MF,0,L80_G80,tralo_bounded,1,True,data/aider/slice_1,0.9541,0.9732,0.9739,0.025,0.0532,3.0,1,59,0.1573,25.3647
paper_backbones,results/pending_runs/paper_backbones/RegNetY400MF/aider/L80_G80/tralo_bounded/seed_2,aider,RegNetY400MF,0,L80_G80,tralo_bounded,2,True,data/aider/slice_1,0.9522,0.9757,0.9765,0.0189,0.0391,3.0,0,-1,0.1382,138.1776
paper_backbones,results/pending_runs/paper_backbones/RegNetY400MF/aider/L80_G80/heuristic/seed_4,aider,RegNetY400MF,0,L80_G80,heuristic,4,True,data/aider/slice_1,0.9508,0.9749,0.9756,0.0095,0.0207,21.0,0,-1,0.1555,0.5615
paper_backbones,results/pending_runs/paper_backbones/RegNetY400MF/aider/L80_G80/heuristic/seed_3,aider,RegNetY400MF,0,L80_G80,heuristic,3,True,data/aider/slice_1,0.9566,0.9765,0.9773,0.0086,0.0186,18.0,0,-1,0.1403,0.5583
paper_backbones,results/pending_runs/paper_backbones/RegNetY400MF/aider/L80_G80/heuristic/seed_1,aider,RegNetY400MF,0,L80_G80,heuristic,1,True,data/aider/slice_1,0.9569,0.9748,0.9756,0.0115,0.0228,15.0,0,-1,0.155,0.5908
paper_backbones,results/pending_runs/paper_backbones/RegNetY400MF/aider/L80_G80/heuristic/seed_2,aider,RegNetY400MF,0,L80_G80,heuristic,2,True,data/aider/slice_1,0.9547,0.9774,0.9782,0.0091,0.0202,11.0,0,-1,0.139,0.5573
paper_backbones,results/pending_runs/paper_backbones/RegNetY400MF/dermmnist/L20_G20/hounie_rcl/seed_4,dermmnist,RegNetY400MF,4,L20_G20,hounie_rcl,4,True,data/dermmnist/slice_1,0.6704,0.7984,0.8263,0.1477,0.311,12.0,1,52,0.5839,129.46
paper_backbones,results/pending_runs/paper_backbones/RegNetY400MF/dermmnist/L20_G20/hounie_rcl/seed_3,dermmnist,RegNetY400MF,4,L20_G20,hounie_rcl,3,True,data/dermmnist/slice_1,0.6725,0.7961,0.8233,0.149,0.3224,11.0,1,41,0.5362,106.8283
paper_backbones,results/pending_runs/paper_backbones/RegNetY400MF/dermmnist/L20_G20/hounie_rcl/seed_1,dermmnist,RegNetY400MF,4,L20_G20,hounie_rcl,1,True,data/dermmnist/slice_1,0.6924,0.8025,0.8303,0.1517,0.3265,20.0,1,38,0.539,101.5545
paper_backbones,results/pending_runs/paper_backbones/RegNetY400MF/dermmnist/L20_G20/hounie_rcl/seed_2,dermmnist,RegNetY400MF,4,L20_G20,hounie_rcl,2,True,data/dermmnist/slice_1,0.6888,0.8044,0.8313,0.143,0.309,21.0,1,39,0.5189,104.849
paper_backbones,results/pending_runs/paper_backbones/RegNetY400MF/dermmnist/L20_G20/tralo/seed_4,dermmnist,RegNetY400MF,4,L20_G20,tralo,4,True,data/dermmnist/slice_1,0.6885,0.8003,0.8293,0.1436,0.3067,2.0,1,68,0.1425,72.0985
paper_backbones,results/pending_runs/paper_backbones/RegNetY400MF/dermmnist/L20_G20/tralo/seed_3,dermmnist,RegNetY400MF,4,L20_G20,tralo,3,True,data/dermmnist/slice_1,0.6785,0.7998,0.8263,0.1449,0.3125,4.0,1,65,0.1514,66.2536
paper_backbones,results/pending_runs/paper_backbones/RegNetY400MF/dermmnist/L20_G20/tralo/seed_1,dermmnist,RegNetY400MF,4,L20_G20,tralo,1,True,data/dermmnist/slice_1,0.6843,0.8038,0.8308,0.1458,0.3099,2.0,1,63,0.1394,69.792
paper_backbones,results/pending_runs/paper_backbones/RegNetY400MF/dermmnist/L20_G20/tralo/seed_2,dermmnist,RegNetY400MF,4,L20_G20,tralo,2,True,data/dermmnist/slice_1,0.7029,0.8127,0.8377,0.1313,0.2868,2.0,1,63,0.151,69.7874
paper_backbones,results/pending_runs/paper_backbones/RegNetY400MF/dermmnist/L20_G20/danits_lp/seed_4,dermmnist,RegNetY400MF,4,L20_G20,danits_lp,4,True,data/dermmnist/slice_1,0.6811,0.8002,0.8273,0.1088,0.251,152.0,0,-1,0.1529,0.9026
paper_backbones,results/pending_runs/paper_backbones/RegNetY400MF/dermmnist/L20_G20/danits_lp/seed_3,dermmnist,RegNetY400MF,4,L20_G20,danits_lp,3,True,data/dermmnist/slice_1,0.6825,0.8025,0.8273,0.1082,0.2446,129.0,0,-1,0.1415,0.8936
paper_backbones,results/pending_runs/paper_backbones/RegNetY400MF/dermmnist/L20_G20/danits_lp/seed_1,dermmnist,RegNetY400MF,4,L20_G20,danits_lp,1,True,data/dermmnist/slice_1,0.6927,0.8074,0.8333,0.1085,0.2399,107.0,0,-1,0.1558,0.9077
paper_backbones,results/pending_runs/paper_backbones/RegNetY400MF/dermmnist/L20_G20/danits_lp/seed_2,dermmnist,RegNetY400MF,4,L20_G20,danits_lp,2,True,data/dermmnist/slice_1,0.6809,0.8083,0.8323,0.109,0.2452,135.0,0,-1,0.1399,0.8904
paper_backbones,results/pending_runs/paper_backbones/RegNetY400MF/dermmnist/L20_G20/fioretto_ldf/seed_4,dermmnist,RegNetY400MF,4,L20_G20,fioretto_ldf,4,True,data/dermmnist/slice_1,0.6743,0.7972,0.8263,0.1467,0.3152,8.0,1,27,0.1678,75.4428
paper_backbones,results/pending_runs/paper_backbones/RegNetY400MF/dermmnist/L20_G20/fioretto_ldf/seed_3,dermmnist,RegNetY400MF,4,L20_G20,fioretto_ldf,3,True,data/dermmnist/slice_1,0.6694,0.7945,0.8228,0.1489,0.3223,8.0,1,24,0.1401,66.0265
paper_backbones,results/pending_runs/paper_backbones/RegNetY400MF/dermmnist/L20_G20/fioretto_ldf/seed_1,dermmnist,RegNetY400MF,4,L20_G20,fioretto_ldf,1,True,data/dermmnist/slice_1,0.6882,0.7987,0.8273,0.1503,0.3205,10.0,1,21,0.1486,62.981
paper_backbones,results/pending_runs/paper_backbones/RegNetY400MF/dermmnist/L20_G20/fioretto_ldf/seed_2,dermmnist,RegNetY400MF,4,L20_G20,fioretto_ldf,2,True,data/dermmnist/slice_1,0.6951,0.802,0.8293,0.1416,0.3036,12.0,1,24,0.1406,66.3769
paper_backbones,results/pending_runs/paper_backbones/RegNetY400MF/dermmnist/L20_G20/tralo_bounded/seed_4,dermmnist,RegNetY400MF,4,L20_G20,tralo_bounded,4,True,data/dermmnist/slice_1,0.6758,0.8009,0.8288,0.1453,0.3086,9.0,1,68,0.1504,59.0684
paper_backbones,results/pending_runs/paper_backbones/RegNetY400MF/dermmnist/L20_G20/tralo_bounded/seed_3,dermmnist,RegNetY400MF,4,L20_G20,tralo_bounded,3,True,data/dermmnist/slice_1,0.67,0.7972,0.8243,0.1467,0.3176,7.0,1,65,0.1397,50.0839
paper_backbones,results/pending_runs/paper_backbones/RegNetY400MF/dermmnist/L20_G20/tralo_bounded/seed_1,dermmnist,RegNetY400MF,4,L20_G20,tralo_bounded,1,True,data/dermmnist/slice_1,0.688,0.802,0.8298,0.1467,0.3131,7.0,0,-1,0.1483,231.1891
paper_backbones,results/pending_runs/paper_backbones/RegNetY400MF/dermmnist/L20_G20/tralo_bounded/seed_2,dermmnist,RegNetY400MF,4,L20_G20,tralo_bounded,2,True,data/dermmnist/slice_1,0.6976,0.8095,0.8352,0.1354,0.2945,10.0,1,63,0.1439,46.2808
paper_backbones,results/pending_runs/paper_backbones/RegNetY400MF/dermmnist/L20_G20/heuristic/seed_4,dermmnist,RegNetY400MF,4,L20_G20,heuristic,4,True,data/dermmnist/slice_1,0.6811,0.8002,0.8273,0.1088,0.251,152.0,0,-1,0.1467,0.8205
paper_backbones,results/pending_runs/paper_backbones/RegNetY400MF/dermmnist/L20_G20/heuristic/seed_3,dermmnist,RegNetY400MF,4,L20_G20,heuristic,3,True,data/dermmnist/slice_1,0.6825,0.8025,0.8273,0.1082,0.2446,129.0,0,-1,0.1426,0.8187
paper_backbones,results/pending_runs/paper_backbones/RegNetY400MF/dermmnist/L20_G20/heuristic/seed_1,dermmnist,RegNetY400MF,4,L20_G20,heuristic,1,True,data/dermmnist/slice_1,0.6927,0.8074,0.8333,0.1085,0.2399,107.0,0,-1,0.1374,0.8191
paper_backbones,results/pending_runs/paper_backbones/RegNetY400MF/dermmnist/L20_G20/heuristic/seed_2,dermmnist,RegNetY400MF,4,L20_G20,heuristic,2,True,data/dermmnist/slice_1,0.6809,0.8083,0.8323,0.109,0.2452,135.0,0,-1,0.1432,0.8164
paper_backbones,results/pending_runs/paper_backbones/RegNetY400MF/dermmnist/L70_G70/hounie_rcl/seed_4,dermmnist,RegNetY400MF,4,L70_G70,hounie_rcl,4,True,data/dermmnist/slice_1,0.7531,0.8552,0.8612,0.107,0.2425,24.0,1,39,0.1441,103.1395
paper_backbones,results/pending_runs/paper_backbones/RegNetY400MF/dermmnist/L70_G70/hounie_rcl/seed_3,dermmnist,RegNetY400MF,4,L70_G70,hounie_rcl,3,True,data/dermmnist/slice_1,0.752,0.8485,0.8547,0.1128,0.2522,20.0,1,37,0.1397,99.2327
paper_backbones,results/pending_runs/paper_backbones/RegNetY400MF/dermmnist/L70_G70/hounie_rcl/seed_1,dermmnist,RegNetY400MF,4,L70_G70,hounie_rcl,1,True,data/dermmnist/slice_1,0.7501,0.8546,0.8612,0.1128,0.2474,18.0,1,28,0.1485,81.5663
paper_backbones,results/pending_runs/paper_backbones/RegNetY400MF/dermmnist/L70_G70/hounie_rcl/seed_2,dermmnist,RegNetY400MF,4,L70_G70,hounie_rcl,2,True,data/dermmnist/slice_1,0.7535,0.8543,0.8602,0.1081,0.2415,18.0,1,41,0.1402,106.3134
paper_backbones,results/pending_runs/paper_backbones/RegNetY400MF/dermmnist/L70_G70/tralo/seed_4,dermmnist,RegNetY400MF,4,L70_G70,tralo,4,True,data/dermmnist/slice_1,0.7407,0.8467,0.8542,0.1155,0.2529,3.0,1,58,0.14,94.6076
paper_backbones,results/pending_runs/paper_backbones/RegNetY400MF/dermmnist/L70_G70/tralo/seed_3,dermmnist,RegNetY400MF,4,L70_G70,tralo,3,True,data/dermmnist/slice_1,0.742,0.8456,0.8532,0.1141,0.2547,12.0,1,57,0.1366,63.1959
paper_backbones,results/pending_runs/paper_backbones/RegNetY400MF/dermmnist/L70_G70/tralo/seed_1,dermmnist,RegNetY400MF,4,L70_G70,tralo,1,True,data/dermmnist/slice_1,0.7544,0.8569,0.8637,0.112,0.2484,4.0,1,55,0.1369,60.9849
paper_backbones,results/pending_runs/paper_backbones/RegNetY400MF/dermmnist/L70_G70/tralo/seed_2,dermmnist,RegNetY400MF,4,L70_G70,tralo,2,True,data/dermmnist/slice_1,0.7581,0.8495,0.8567,0.1132,0.2495,9.0,1,56,0.1394,47.7552
paper_backbones,results/pending_runs/paper_backbones/RegNetY400MF/dermmnist/L70_G70/danits_lp/seed_4,dermmnist,RegNetY400MF,4,L70_G70,danits_lp,4,True,data/dermmnist/slice_1,0.726,0.8394,0.8477,0.1088,0.251,41.0,0,-1,0.1536,0.8949
paper_backbones,results/pending_runs/paper_backbones/RegNetY400MF/dermmnist/L70_G70/danits_lp/seed_3,dermmnist,RegNetY400MF,4,L70_G70,danits_lp,3,True,data/dermmnist/slice_1,0.7398,0.8461,0.8522,0.1082,0.2446,22.0,0,-1,0.1398,0.8917
paper_backbones,results/pending_runs/paper_backbones/RegNetY400MF/dermmnist/L70_G70/danits_lp/seed_1,dermmnist,RegNetY400MF,4,L70_G70,danits_lp,1,True,data/dermmnist/slice_1,0.75,0.8557,0.8617,0.1085,0.2399,1.0,0,-1,0.1365,0.8872
paper_backbones,results/pending_runs/paper_backbones/RegNetY400MF/dermmnist/L70_G70/danits_lp/seed_2,dermmnist,RegNetY400MF,4,L70_G70,danits_lp,2,True,data/dermmnist/slice_1,0.7423,0.8498,0.8552,0.109,0.2452,28.0,0,-1,0.1429,0.8915
paper_backbones,results/pending_runs/paper_backbones/RegNetY400MF/dermmnist/L70_G70/fioretto_ldf/seed_4,dermmnist,RegNetY400MF,4,L70_G70,fioretto_ldf,4,True,data/dermmnist/slice_1,0.7557,0.856,0.8622,0.1058,0.2439,25.0,1,15,0.1332,48.2479
paper_backbones,results/pending_runs/paper_backbones/RegNetY400MF/dermmnist/L70_G70/fioretto_ldf/seed_3,dermmnist,RegNetY400MF,4,L70_G70,fioretto_ldf,3,True,data/dermmnist/slice_1,0.7549,0.8507,0.8567,0.1126,0.2526,20.0,1,13,0.139,44.7947
paper_backbones,results/pending_runs/paper_backbones/RegNetY400MF/dermmnist/L70_G70/fioretto_ldf/seed_1,dermmnist,RegNetY400MF,4,L70_G70,fioretto_ldf,1,True,data/dermmnist/slice_1,0.7494,0.8541,0.8607,0.1107,0.2455,15.0,1,11,0.1407,40.3618
paper_backbones,results/pending_runs/paper_backbones/RegNetY400MF/dermmnist/L70_G70/fioretto_ldf/seed_2,dermmnist,RegNetY400MF,4,L70_G70,fioretto_ldf,2,True,data/dermmnist/slice_1,0.7535,0.8533,0.8592,0.1087,0.2414,21.0,1,13,0.1405,44.5304
paper_backbones,results/pending_runs/paper_backbones/RegNetY400MF/dermmnist/L70_G70/tralo_bounded/seed_4,dermmnist,RegNetY400MF,4,L70_G70,tralo_bounded,4,True,data/dermmnist/slice_1,0.7549,0.8556,0.8617,0.1054,0.2436,25.0,1,58,0.149,39.3925
paper_backbones,results/pending_runs/paper_backbones/RegNetY400MF/dermmnist/L70_G70/tralo_bounded/seed_3,dermmnist,RegNetY400MF,4,L70_G70,tralo_bounded,3,True,data/dermmnist/slice_1,0.7549,0.8507,0.8567,0.1125,0.2525,20.0,1,57,0.1485,33.8479
paper_backbones,results/pending_runs/paper_backbones/RegNetY400MF/dermmnist/L70_G70/tralo_bounded/seed_1,dermmnist,RegNetY400MF,4,L70_G70,tralo_bounded,1,True,data/dermmnist/slice_1,0.7494,0.8541,0.8607,0.1111,0.2454,14.0,1,55,0.1521,33.6177
paper_backbones,results/pending_runs/paper_backbones/RegNetY400MF/dermmnist/L70_G70/tralo_bounded/seed_2,dermmnist,RegNetY400MF,4,L70_G70,tralo_bounded,2,True,data/dermmnist/slice_1,0.7541,0.8539,0.8597,0.108,0.2414,17.0,1,56,0.1413,32.9221
paper_backbones,results/pending_runs/paper_backbones/RegNetY400MF/dermmnist/L70_G70/heuristic/seed_4,dermmnist,RegNetY400MF,4,L70_G70,heuristic,4,True,data/dermmnist/slice_1,0.7278,0.8406,0.8487,0.1088,0.251,41.0,0,-1,0.1384,0.8228
paper_backbones,results/pending_runs/paper_backbones/RegNetY400MF/dermmnist/L70_G70/heuristic/seed_3,dermmnist,RegNetY400MF,4,L70_G70,heuristic,3,True,data/dermmnist/slice_1,0.7431,0.8484,0.8542,0.1082,0.2446,26.0,0,-1,0.1412,0.8291
paper_backbones,results/pending_runs/paper_backbones/RegNetY400MF/dermmnist/L70_G70/heuristic/seed_1,dermmnist,RegNetY400MF,4,L70_G70,heuristic,1,True,data/dermmnist/slice_1,0.7512,0.8561,0.8617,0.1085,0.2399,10.0,0,-1,0.1514,0.8268
paper_backbones,results/pending_runs/paper_backbones/RegNetY400MF/dermmnist/L70_G70/heuristic/seed_2,dermmnist,RegNetY400MF,4,L70_G70,heuristic,2,True,data/dermmnist/slice_1,0.7386,0.8483,0.8537,0.109,0.2452,32.0,0,-1,0.1365,0.8191
paper_backbones,results/pending_runs/paper_backbones/RegNetY400MF/dermmnist/L30_G30/hounie_rcl/seed_4,dermmnist,RegNetY400MF,4,L30_G30,hounie_rcl,4,True,data/dermmnist/slice_1,0.704,0.8215,0.8412,0.1305,0.2868,11.0,1,46,0.1429,117.545
paper_backbones,results/pending_runs/paper_backbones/RegNetY400MF/dermmnist/L30_G30/hounie_rcl/seed_3,dermmnist,RegNetY400MF,4,L30_G30,hounie_rcl,3,True,data/dermmnist/slice_1,0.6865,0.8102,0.8313,0.1419,0.3081,22.0,1,38,0.142,100.5726
paper_backbones,results/pending_runs/paper_backbones/RegNetY400MF/dermmnist/L30_G30/hounie_rcl/seed_1,dermmnist,RegNetY400MF,4,L30_G30,hounie_rcl,1,True,data/dermmnist/slice_1,0.7062,0.8168,0.8377,0.1453,0.3094,25.0,1,34,0.1397,93.5728
paper_backbones,results/pending_runs/paper_backbones/RegNetY400MF/dermmnist/L30_G30/hounie_rcl/seed_2,dermmnist,RegNetY400MF,4,L30_G30,hounie_rcl,2,True,data/dermmnist/slice_1,0.7165,0.8243,0.8432,0.1361,0.2956,31.0,1,39,0.1393,104.0758
paper_backbones,results/pending_runs/paper_backbones/RegNetY400MF/dermmnist/L30_G30/tralo/seed_4,dermmnist,RegNetY400MF,4,L30_G30,tralo,4,True,data/dermmnist/slice_1,0.7099,0.8208,0.8407,0.1305,0.2822,1.0,1,65,0.1529,88.5969
paper_backbones,results/pending_runs/paper_backbones/RegNetY400MF/dermmnist/L30_G30/tralo/seed_3,dermmnist,RegNetY400MF,4,L30_G30,tralo,3,True,data/dermmnist/slice_1,0.6892,0.8063,0.8283,0.1434,0.3042,6.0,1,63,0.1399,69.0495
paper_backbones,results/pending_runs/paper_backbones/RegNetY400MF/dermmnist/L30_G30/tralo/seed_1,dermmnist,RegNetY400MF,4,L30_G30,tralo,1,True,data/dermmnist/slice_1,0.7122,0.8195,0.8407,0.1356,0.2933,1.0,1,61,0.1516,67.287
paper_backbones,results/pending_runs/paper_backbones/RegNetY400MF/dermmnist/L30_G30/tralo/seed_2,dermmnist,RegNetY400MF,4,L30_G30,tralo,2,True,data/dermmnist/slice_1,0.7203,0.8236,0.8432,0.1273,0.2815,6.0,1,62,0.1425,68.0525
paper_backbones,results/pending_runs/paper_backbones/RegNetY400MF/dermmnist/L30_G30/danits_lp/seed_4,dermmnist,RegNetY400MF,4,L30_G30,danits_lp,4,True,data/dermmnist/slice_1,0.6991,0.817,0.8367,0.1088,0.251,130.0,0,-1,0.1529,0.9015
paper_backbones,results/pending_runs/paper_backbones/RegNetY400MF/dermmnist/L30_G30/danits_lp/seed_3,dermmnist,RegNetY400MF,4,L30_G30,danits_lp,3,True,data/dermmnist/slice_1,0.6969,0.8146,0.8333,0.1082,0.2446,107.0,0,-1,0.1409,0.8917
paper_backbones,results/pending_runs/paper_backbones/RegNetY400MF/dermmnist/L30_G30/danits_lp/seed_1,dermmnist,RegNetY400MF,4,L30_G30,danits_lp,1,True,data/dermmnist/slice_1,0.7131,0.8254,0.8437,0.1085,0.2399,85.0,0,-1,0.1512,0.8943
paper_backbones,results/pending_runs/paper_backbones/RegNetY400MF/dermmnist/L30_G30/danits_lp/seed_2,dermmnist,RegNetY400MF,4,L30_G30,danits_lp,2,True,data/dermmnist/slice_1,0.7023,0.8235,0.8407,0.109,0.2452,113.0,0,-1,0.1422,0.8946
paper_backbones,results/pending_runs/paper_backbones/RegNetY400MF/dermmnist/L30_G30/fioretto_ldf/seed_4,dermmnist,RegNetY400MF,4,L30_G30,fioretto_ldf,4,True,data/dermmnist/slice_1,0.6927,0.8158,0.8362,0.1342,0.2851,7.0,1,24,0.1491,66.8958
paper_backbones,results/pending_runs/paper_backbones/RegNetY400MF/dermmnist/L30_G30/fioretto_ldf/seed_3,dermmnist,RegNetY400MF,4,L30_G30,fioretto_ldf,3,True,data/dermmnist/slice_1,0.6911,0.8084,0.8303,0.1425,0.3051,13.0,1,22,0.139,62.1763
paper_backbones,results/pending_runs/paper_backbones/RegNetY400MF/dermmnist/L30_G30/fioretto_ldf/seed_1,dermmnist,RegNetY400MF,4,L30_G30,fioretto_ldf,1,True,data/dermmnist/slice_1,0.7093,0.8174,0.8387,0.1457,0.3075,19.0,1,20,0.1483,60.9165
paper_backbones,results/pending_runs/paper_backbones/RegNetY400MF/dermmnist/L30_G30/fioretto_ldf/seed_2,dermmnist,RegNetY400MF,4,L30_G30,fioretto_ldf,2,True,data/dermmnist/slice_1,0.7257,0.8255,0.8447,0.1255,0.2764,14.0,0,-1,0.1412,240.9584
paper_backbones,results/pending_runs/paper_backbones/RegNetY400MF/dermmnist/L30_G30/tralo_bounded/seed_4,dermmnist,RegNetY400MF,4,L30_G30,tralo_bounded,4,True,data/dermmnist/slice_1,0.7005,0.8194,0.8392,0.1306,0.2813,4.0,1,65,0.1579,51.8223
paper_backbones,results/pending_runs/paper_backbones/RegNetY400MF/dermmnist/L30_G30/tralo_bounded/seed_3,dermmnist,RegNetY400MF,4,L30_G30,tralo_bounded,3,True,data/dermmnist/slice_1,0.6954,0.8126,0.8333,0.1392,0.3013,13.0,1,63,0.1441,46.6929
paper_backbones,results/pending_runs/paper_backbones/RegNetY400MF/dermmnist/L30_G30/tralo_bounded/seed_1,dermmnist,RegNetY400MF,4,L30_G30,tralo_bounded,1,True,data/dermmnist/slice_1,0.7104,0.8198,0.8402,0.1437,0.3028,20.0,1,61,0.1495,45.5592
paper_backbones,results/pending_runs/paper_backbones/RegNetY400MF/dermmnist/L30_G30/tralo_bounded/seed_2,dermmnist,RegNetY400MF,4,L30_G30,tralo_bounded,2,True,data/dermmnist/slice_1,0.7167,0.8244,0.8432,0.1301,0.2839,19.0,1,62,0.1357,44.6464
paper_backbones,results/pending_runs/paper_backbones/RegNetY400MF/dermmnist/L30_G30/heuristic/seed_4,dermmnist,RegNetY400MF,4,L30_G30,heuristic,4,True,data/dermmnist/slice_1,0.6991,0.817,0.8367,0.1088,0.251,130.0,0,-1,0.1487,0.8216
paper_backbones,results/pending_runs/paper_backbones/RegNetY400MF/dermmnist/L30_G30/heuristic/seed_3,dermmnist,RegNetY400MF,4,L30_G30,heuristic,3,True,data/dermmnist/slice_1,0.6969,0.8146,0.8333,0.1082,0.2446,107.0,0,-1,0.1371,0.8216
paper_backbones,results/pending_runs/paper_backbones/RegNetY400MF/dermmnist/L30_G30/heuristic/seed_1,dermmnist,RegNetY400MF,4,L30_G30,heuristic,1,True,data/dermmnist/slice_1,0.7131,0.8254,0.8437,0.1085,0.2399,85.0,0,-1,0.1355,0.8176
paper_backbones,results/pending_runs/paper_backbones/RegNetY400MF/dermmnist/L30_G30/heuristic/seed_2,dermmnist,RegNetY400MF,4,L30_G30,heuristic,2,True,data/dermmnist/slice_1,0.7023,0.8235,0.8407,0.109,0.2452,113.0,0,-1,0.1413,0.8156
paper_backbones,results/pending_runs/paper_backbones/RegNetY400MF/dermmnist/L80_G80/hounie_rcl/seed_4,dermmnist,RegNetY400MF,4,L80_G80,hounie_rcl,4,True,data/dermmnist/slice_1,0.7604,0.8599,0.8642,0.0985,0.2376,23.0,1,56,0.1345,136.056
paper_backbones,results/pending_runs/paper_backbones/RegNetY400MF/dermmnist/L80_G80/hounie_rcl/seed_3,dermmnist,RegNetY400MF,4,L80_G80,hounie_rcl,3,True,data/dermmnist/slice_1,0.761,0.8542,0.8587,0.1051,0.2423,25.0,1,1,0.1639,108.0321
paper_backbones,results/pending_runs/paper_backbones/RegNetY400MF/dermmnist/L80_G80/hounie_rcl/seed_1,dermmnist,RegNetY400MF,4,L80_G80,hounie_rcl,1,True,data/dermmnist/slice_1,0.7503,0.8567,0.8617,0.1077,0.2412,17.0,1,1,0.1403,91.922
paper_backbones,results/pending_runs/paper_backbones/RegNetY400MF/dermmnist/L80_G80/hounie_rcl/seed_2,dermmnist,RegNetY400MF,4,L80_G80,hounie_rcl,2,True,data/dermmnist/slice_1,0.7577,0.8549,0.8587,0.11,0.2382,9.0,1,2,0.1436,30.2313
paper_backbones,results/pending_runs/paper_backbones/RegNetY400MF/dermmnist/L80_G80/tralo/seed_4,dermmnist,RegNetY400MF,4,L80_G80,tralo,4,True,data/dermmnist/slice_1,0.7539,0.8552,0.8602,0.1068,0.2435,1.0,1,57,0.1795,85.6921
paper_backbones,results/pending_runs/paper_backbones/RegNetY400MF/dermmnist/L80_G80/tralo/seed_3,dermmnist,RegNetY400MF,4,L80_G80,tralo,3,True,data/dermmnist/slice_1,0.7583,0.8538,0.8587,0.1066,0.242,3.0,1,51,0.1421,96.2419
paper_backbones,results/pending_runs/paper_backbones/RegNetY400MF/dermmnist/L80_G80/tralo/seed_1,dermmnist,RegNetY400MF,4,L80_G80,tralo,1,True,data/dermmnist/slice_1,0.7547,0.8588,0.8642,0.1105,0.2453,19.0,1,51,0.1515,56.1636
paper_backbones,results/pending_runs/paper_backbones/RegNetY400MF/dermmnist/L80_G80/tralo/seed_2,dermmnist,RegNetY400MF,4,L80_G80,tralo,2,True,data/dermmnist/slice_1,0.7613,0.8545,0.8597,0.1127,0.2432,18.0,1,52,0.1442,31.5608
paper_backbones,results/pending_runs/paper_backbones/RegNetY400MF/dermmnist/L80_G80/danits_lp/seed_4,dermmnist,RegNetY400MF,4,L80_G80,danits_lp,4,True,data/dermmnist/slice_1,0.7329,0.8437,0.8502,0.1088,0.251,19.0,0,-1,0.1513,0.8979
paper_backbones,results/pending_runs/paper_backbones/RegNetY400MF/dermmnist/L80_G80/danits_lp/seed_3,dermmnist,RegNetY400MF,4,L80_G80,danits_lp,3,True,data/dermmnist/slice_1,0.7428,0.8477,0.8527,0.1082,0.2446,6.0,0,-1,0.1394,0.8927
paper_backbones,results/pending_runs/paper_backbones/RegNetY400MF/dermmnist/L80_G80/danits_lp/seed_1,dermmnist,RegNetY400MF,4,L80_G80,danits_lp,1,True,data/dermmnist/slice_1,0.7498,0.8558,0.8617,0.1085,0.2399,0.0,1,-1,0.138,0.8862
paper_backbones,results/pending_runs/paper_backbones/RegNetY400MF/dermmnist/L80_G80/danits_lp/seed_2,dermmnist,RegNetY400MF,4,L80_G80,danits_lp,2,True,data/dermmnist/slice_1,0.7469,0.8515,0.8557,0.109,0.2452,10.0,0,-1,0.1406,0.8966
paper_backbones,results/pending_runs/paper_backbones/RegNetY400MF/dermmnist/L80_G80/fioretto_ldf/seed_4,dermmnist,RegNetY400MF,4,L80_G80,fioretto_ldf,4,True,data/dermmnist/slice_1,0.7604,0.8599,0.8642,0.0988,0.2377,21.0,1,10,0.1496,40.2806
paper_backbones,results/pending_runs/paper_backbones/RegNetY400MF/dermmnist/L80_G80/fioretto_ldf/seed_3,dermmnist,RegNetY400MF,4,L80_G80,fioretto_ldf,3,True,data/dermmnist/slice_1,0.7671,0.8549,0.8592,0.1044,0.2414,22.0,1,1,0.1429,37.2846
paper_backbones,results/pending_runs/paper_backbones/RegNetY400MF/dermmnist/L80_G80/fioretto_ldf/seed_1,dermmnist,RegNetY400MF,4,L80_G80,fioretto_ldf,1,True,data/dermmnist/slice_1,0.7499,0.8568,0.8617,0.1071,0.2412,16.0,1,1,0.1512,33.9078
paper_backbones,results/pending_runs/paper_backbones/RegNetY400MF/dermmnist/L80_G80/fioretto_ldf/seed_2,dermmnist,RegNetY400MF,4,L80_G80,fioretto_ldf,2,True,data/dermmnist/slice_1,0.7572,0.8544,0.8582,0.1095,0.2386,11.0,1,2,0.141,26.6607
paper_backbones,results/pending_runs/paper_backbones/RegNetY400MF/dermmnist/L80_G80/tralo_bounded/seed_4,dermmnist,RegNetY400MF,4,L80_G80,tralo_bounded,4,True,data/dermmnist/slice_1,0.7604,0.8599,0.8642,0.0989,0.2373,20.0,1,56,0.1332,32.5063
paper_backbones,results/pending_runs/paper_backbones/RegNetY400MF/dermmnist/L80_G80/tralo_bounded/seed_3,dermmnist,RegNetY400MF,4,L80_G80,tralo_bounded,3,True,data/dermmnist/slice_1,0.7597,0.8542,0.8587,0.1087,0.2447,32.0,1,51,0.1464,29.8293
paper_backbones,results/pending_runs/paper_backbones/RegNetY400MF/dermmnist/L80_G80/tralo_bounded/seed_1,dermmnist,RegNetY400MF,4,L80_G80,tralo_bounded,1,True,data/dermmnist/slice_1,0.7499,0.8568,0.8617,0.1078,0.241,15.0,1,51,0.1501,27.0854
paper_backbones,results/pending_runs/paper_backbones/RegNetY400MF/dermmnist/L80_G80/tralo_bounded/seed_2,dermmnist,RegNetY400MF,4,L80_G80,tralo_bounded,2,True,data/dermmnist/slice_1,0.757,0.8545,0.8582,0.1095,0.2385,11.0,1,52,0.1406,25.9885
paper_backbones,results/pending_runs/paper_backbones/RegNetY400MF/dermmnist/L80_G80/heuristic/seed_4,dermmnist,RegNetY400MF,4,L80_G80,heuristic,4,True,data/dermmnist/slice_1,0.7321,0.8427,0.8492,0.1088,0.251,19.0,0,-1,0.14,0.8204
paper_backbones,results/pending_runs/paper_backbones/RegNetY400MF/dermmnist/L80_G80/heuristic/seed_3,dermmnist,RegNetY400MF,4,L80_G80,heuristic,3,True,data/dermmnist/slice_1,0.7486,0.853,0.8572,0.1082,0.2446,16.0,0,-1,0.1424,0.826
paper_backbones,results/pending_runs/paper_backbones/RegNetY400MF/dermmnist/L80_G80/heuristic/seed_1,dermmnist,RegNetY400MF,4,L80_G80,heuristic,1,True,data/dermmnist/slice_1,0.7555,0.8599,0.8642,0.1085,0.2399,26.0,1,-1,0.1407,0.8291
paper_backbones,results/pending_runs/paper_backbones/RegNetY400MF/dermmnist/L80_G80/heuristic/seed_2,dermmnist,RegNetY400MF,4,L80_G80,heuristic,2,True,data/dermmnist/slice_1,0.7443,0.8507,0.8547,0.109,0.2452,18.0,0,-1,0.1394,0.8282
paper_backbones,results/pending_runs/paper_backbones/RegNetY400MF/tissuemnist/L20_G20/hounie_rcl/seed_4,tissuemnist,RegNetY400MF,4,L20_G20,hounie_rcl,4,True,data/tissuemnist/slice_1,0.3852,0.4956,0.5083,0.3861,0.851,13.0,1,92,0.5531,426.978
paper_backbones,results/pending_runs/paper_backbones/RegNetY400MF/tissuemnist/L20_G20/hounie_rcl/seed_3,tissuemnist,RegNetY400MF,4,L20_G20,hounie_rcl,3,True,data/tissuemnist/slice_1,0.3963,0.5067,0.53,0.3624,0.8043,8.0,1,96,0.6966,468.8815
paper_backbones,results/pending_runs/paper_backbones/RegNetY400MF/tissuemnist/L20_G20/hounie_rcl/seed_1,tissuemnist,RegNetY400MF,4,L20_G20,hounie_rcl,1,True,data/tissuemnist/slice_1,0.4194,0.5237,0.5454,0.3608,0.7946,6.0,1,76,0.5874,439.8522
paper_backbones,results/pending_runs/paper_backbones/RegNetY400MF/tissuemnist/L20_G20/hounie_rcl/seed_2,tissuemnist,RegNetY400MF,4,L20_G20,hounie_rcl,2,True,data/tissuemnist/slice_1,0.3857,0.489,0.5183,0.3983,0.8565,14.0,1,106,0.6086,498.6255
paper_backbones,results/pending_runs/paper_backbones/RegNetY400MF/tissuemnist/L20_G20/tralo/seed_4,tissuemnist,RegNetY400MF,4,L20_G20,tralo,4,True,data/tissuemnist/slice_1,0.3784,0.489,0.5,0.3947,0.8627,18.0,1,135,0.1507,420.3918
paper_backbones,results/pending_runs/paper_backbones/RegNetY400MF/tissuemnist/L20_G20/tralo/seed_3,tissuemnist,RegNetY400MF,4,L20_G20,tralo,3,True,data/tissuemnist/slice_1,0.3982,0.5104,0.5346,0.3609,0.8035,4.0,1,125,0.141,423.8247
paper_backbones,results/pending_runs/paper_backbones/RegNetY400MF/tissuemnist/L20_G20/tralo/seed_1,tissuemnist,RegNetY400MF,4,L20_G20,tralo,1,True,data/tissuemnist/slice_1,0.4217,0.5363,0.5517,0.3502,0.784,6.0,1,119,0.1405,424.9117
paper_backbones,results/pending_runs/paper_backbones/RegNetY400MF/tissuemnist/L20_G20/tralo/seed_2,tissuemnist,RegNetY400MF,4,L20_G20,tralo,2,True,data/tissuemnist/slice_1,0.3889,0.4893,0.5162,0.3898,0.844,11.0,1,157,0.1415,520.5245
paper_backbones,results/pending_runs/paper_backbones/RegNetY400MF/tissuemnist/L20_G20/danits_lp/seed_4,tissuemnist,RegNetY400MF,4,L20_G20,danits_lp,4,True,data/tissuemnist/slice_1,0.3149,0.3449,0.3783,0.4721,1.0474,129.0,0,-1,0.1489,1.061
paper_backbones,results/pending_runs/paper_backbones/RegNetY400MF/tissuemnist/L20_G20/danits_lp/seed_3,tissuemnist,RegNetY400MF,4,L20_G20,danits_lp,3,True,data/tissuemnist/slice_1,0.3417,0.4414,0.4554,0.3792,0.8842,129.0,0,-1,0.1437,1.049
paper_backbones,results/pending_runs/paper_backbones/RegNetY400MF/tissuemnist/L20_G20/danits_lp/seed_1,tissuemnist,RegNetY400MF,4,L20_G20,danits_lp,1,True,data/tissuemnist/slice_1,0.3267,0.3776,0.3825,0.4694,1.0402,386.0,0,-1,0.1388,1.0615
paper_backbones,results/pending_runs/paper_backbones/RegNetY400MF/tissuemnist/L20_G20/danits_lp/seed_2,tissuemnist,RegNetY400MF,4,L20_G20,danits_lp,2,True,data/tissuemnist/slice_1,0.3098,0.3239,0.3375,0.5134,1.1288,203.0,0,-1,0.1413,1.0555
paper_backbones,results/pending_runs/paper_backbones/RegNetY400MF/tissuemnist/L20_G20/fioretto_ldf/seed_4,tissuemnist,RegNetY400MF,4,L20_G20,fioretto_ldf,4,True,data/tissuemnist/slice_1,0.3823,0.4952,0.5079,0.3869,0.8493,13.0,1,91,0.152,420.7519
paper_backbones,results/pending_runs/paper_backbones/RegNetY400MF/tissuemnist/L20_G20/fioretto_ldf/seed_3,tissuemnist,RegNetY400MF,4,L20_G20,fioretto_ldf,3,True,data/tissuemnist/slice_1,0.3998,0.5118,0.5342,0.3597,0.8041,6.0,1,81,0.1406,417.5515
paper_backbones,results/pending_runs/paper_backbones/RegNetY400MF/tissuemnist/L20_G20/fioretto_ldf/seed_1,tissuemnist,RegNetY400MF,4,L20_G20,fioretto_ldf,1,True,data/tissuemnist/slice_1,0.4035,0.5115,0.5329,0.3698,0.8124,10.0,1,78,0.1397,413.8367
paper_backbones,results/pending_runs/paper_backbones/RegNetY400MF/tissuemnist/L20_G20/fioretto_ldf/seed_2,tissuemnist,RegNetY400MF,4,L20_G20,fioretto_ldf,2,True,data/tissuemnist/slice_1,0.3875,0.4912,0.5196,0.3944,0.8553,4.0,0,-1,0.1411,645.4582
paper_backbones,results/pending_runs/paper_backbones/RegNetY400MF/tissuemnist/L20_G20/tralo_bounded/seed_4,tissuemnist,RegNetY400MF,4,L20_G20,tralo_bounded,4,True,data/tissuemnist/slice_1,0.3849,0.4952,0.5071,0.3867,0.8511,15.0,1,135,0.1483,404.4482
paper_backbones,results/pending_runs/paper_backbones/RegNetY400MF/tissuemnist/L20_G20/tralo_bounded/seed_3,tissuemnist,RegNetY400MF,4,L20_G20,tralo_bounded,3,True,data/tissuemnist/slice_1,0.3978,0.5075,0.5317,0.3609,0.8057,9.0,1,125,0.1394,403.8564
paper_backbones,results/pending_runs/paper_backbones/RegNetY400MF/tissuemnist/L20_G20/tralo_bounded/seed_1,tissuemnist,RegNetY400MF,4,L20_G20,tralo_bounded,1,True,data/tissuemnist/slice_1,0.4155,0.5264,0.5458,0.3579,0.7898,8.0,1,119,0.15,408.4949
paper_backbones,results/pending_runs/paper_backbones/RegNetY400MF/tissuemnist/L20_G20/tralo_bounded/seed_2,tissuemnist,RegNetY400MF,4,L20_G20,tralo_bounded,2,True,data/tissuemnist/slice_1,0.39,0.4948,0.5242,0.3882,0.8459,7.0,0,-1,0.142,641.0541
paper_backbones,results/pending_runs/paper_backbones/RegNetY400MF/tissuemnist/L20_G20/heuristic/seed_4,tissuemnist,RegNetY400MF,4,L20_G20,heuristic,4,True,data/tissuemnist/slice_1,0.3149,0.3449,0.3783,0.4721,1.0474,129.0,0,-1,0.1485,0.9539
paper_backbones,results/pending_runs/paper_backbones/RegNetY400MF/tissuemnist/L20_G20/heuristic/seed_3,tissuemnist,RegNetY400MF,4,L20_G20,heuristic,3,True,data/tissuemnist/slice_1,0.3431,0.4421,0.4558,0.3792,0.8842,129.0,0,-1,0.1398,0.9504
paper_backbones,results/pending_runs/paper_backbones/RegNetY400MF/tissuemnist/L20_G20/heuristic/seed_1,tissuemnist,RegNetY400MF,4,L20_G20,heuristic,1,True,data/tissuemnist/slice_1,0.3267,0.3776,0.3825,0.4694,1.0402,386.0,0,-1,0.1385,0.9487
paper_backbones,results/pending_runs/paper_backbones/RegNetY400MF/tissuemnist/L20_G20/heuristic/seed_2,tissuemnist,RegNetY400MF,4,L20_G20,heuristic,2,True,data/tissuemnist/slice_1,0.3085,0.3232,0.3371,0.5134,1.1288,203.0,0,-1,0.1385,0.9494
paper_backbones,results/pending_runs/paper_backbones/RegNetY400MF/tissuemnist/L70_G70/hounie_rcl/seed_4,tissuemnist,RegNetY400MF,4,L70_G70,hounie_rcl,4,True,data/tissuemnist/slice_1,0.4288,0.5148,0.5142,0.3717,0.8308,14.0,1,57,0.1459,344.2767
paper_backbones,results/pending_runs/paper_backbones/RegNetY400MF/tissuemnist/L70_G70/hounie_rcl/seed_3,tissuemnist,RegNetY400MF,4,L70_G70,hounie_rcl,3,True,data/tissuemnist/slice_1,0.4357,0.5305,0.5404,0.3462,0.7859,20.0,1,56,0.14,356.0486
paper_backbones,results/pending_runs/paper_backbones/RegNetY400MF/tissuemnist/L70_G70/hounie_rcl/seed_1,tissuemnist,RegNetY400MF,4,L70_G70,hounie_rcl,1,True,data/tissuemnist/slice_1,0.4487,0.5431,0.5479,0.3466,0.7761,17.0,1,66,0.1418,364.7893
paper_backbones,results/pending_runs/paper_backbones/RegNetY400MF/tissuemnist/L70_G70/hounie_rcl/seed_2,tissuemnist,RegNetY400MF,4,L70_G70,hounie_rcl,2,True,data/tissuemnist/slice_1,0.4287,0.5249,0.5367,0.3624,0.8094,18.0,1,62,0.1367,388.9396
paper_backbones,results/pending_runs/paper_backbones/RegNetY400MF/tissuemnist/L70_G70/tralo/seed_4,tissuemnist,RegNetY400MF,4,L70_G70,tralo,4,True,data/tissuemnist/slice_1,0.4226,0.5061,0.4992,0.3874,0.8553,3.0,1,97,0.1586,421.5753
paper_backbones,results/pending_runs/paper_backbones/RegNetY400MF/tissuemnist/L70_G70/tralo/seed_3,tissuemnist,RegNetY400MF,4,L70_G70,tralo,3,True,data/tissuemnist/slice_1,0.4319,0.5229,0.5275,0.3563,0.8009,11.0,1,96,0.1389,355.9892
paper_backbones,results/pending_runs/paper_backbones/RegNetY400MF/tissuemnist/L70_G70/tralo/seed_1,tissuemnist,RegNetY400MF,4,L70_G70,tralo,1,True,data/tissuemnist/slice_1,0.4466,0.5434,0.5492,0.3459,0.7758,17.0,1,98,0.1392,316.1677
paper_backbones,results/pending_runs/paper_backbones/RegNetY400MF/tissuemnist/L70_G70/tralo/seed_2,tissuemnist,RegNetY400MF,4,L70_G70,tralo,2,True,data/tissuemnist/slice_1,0.4276,0.5236,0.535,0.3637,0.8086,12.0,1,109,0.1401,386.7044
paper_backbones,results/pending_runs/paper_backbones/RegNetY400MF/tissuemnist/L70_G70/danits_lp/seed_4,tissuemnist,RegNetY400MF,4,L70_G70,danits_lp,4,True,data/tissuemnist/slice_1,0.339,0.3594,0.3854,0.4721,1.0474,43.0,0,-1,0.1482,1.0514
paper_backbones,results/pending_runs/paper_backbones/RegNetY400MF/tissuemnist/L70_G70/danits_lp/seed_3,tissuemnist,RegNetY400MF,4,L70_G70,danits_lp,3,True,data/tissuemnist/slice_1,0.3583,0.4496,0.4571,0.3792,0.8842,43.0,0,-1,0.1342,1.05
paper_backbones,results/pending_runs/paper_backbones/RegNetY400MF/tissuemnist/L70_G70/danits_lp/seed_1,tissuemnist,RegNetY400MF,4,L70_G70,danits_lp,1,True,data/tissuemnist/slice_1,0.3486,0.3874,0.3875,0.4694,1.0402,300.0,0,-1,0.1463,1.0457
paper_backbones,results/pending_runs/paper_backbones/RegNetY400MF/tissuemnist/L70_G70/danits_lp/seed_2,tissuemnist,RegNetY400MF,4,L70_G70,danits_lp,2,True,data/tissuemnist/slice_1,0.3149,0.3268,0.3367,0.5134,1.1288,117.0,0,-1,0.1397,1.0487
paper_backbones,results/pending_runs/paper_backbones/RegNetY400MF/tissuemnist/L70_G70/fioretto_ldf/seed_4,tissuemnist,RegNetY400MF,4,L70_G70,fioretto_ldf,4,True,data/tissuemnist/slice_1,0.4232,0.5122,0.5104,0.3737,0.8358,5.0,0,-1,0.1501,509.8891
paper_backbones,results/pending_runs/paper_backbones/RegNetY400MF/tissuemnist/L70_G70/fioretto_ldf/seed_3,tissuemnist,RegNetY400MF,4,L70_G70,fioretto_ldf,3,True,data/tissuemnist/slice_1,0.4332,0.5241,0.53,0.3524,0.7993,10.0,1,46,0.1387,331.7978
paper_backbones,results/pending_runs/paper_backbones/RegNetY400MF/tissuemnist/L70_G70/fioretto_ldf/seed_1,tissuemnist,RegNetY400MF,4,L70_G70,fioretto_ldf,1,True,data/tissuemnist/slice_1,0.4414,0.5369,0.5421,0.3528,0.7767,13.0,1,50,0.1362,316.4097
paper_backbones,results/pending_runs/paper_backbones/RegNetY400MF/tissuemnist/L70_G70/fioretto_ldf/seed_2,tissuemnist,RegNetY400MF,4,L70_G70,fioretto_ldf,2,True,data/tissuemnist/slice_1,0.4242,0.5174,0.5267,0.3684,0.8166,7.0,1,66,0.1397,389.2541
paper_backbones,results/pending_runs/paper_backbones/RegNetY400MF/tissuemnist/L70_G70/tralo_bounded/seed_4,tissuemnist,RegNetY400MF,4,L70_G70,tralo_bounded,4,True,data/tissuemnist/slice_1,0.4232,0.514,0.5133,0.374,0.8278,5.0,1,97,0.1477,310.0313
paper_backbones,results/pending_runs/paper_backbones/RegNetY400MF/tissuemnist/L70_G70/tralo_bounded/seed_3,tissuemnist,RegNetY400MF,4,L70_G70,tralo_bounded,3,True,data/tissuemnist/slice_1,0.4298,0.5193,0.5233,0.359,0.8063,13.0,1,96,0.1423,335.2252
paper_backbones,results/pending_runs/paper_backbones/RegNetY400MF/tissuemnist/L70_G70/tralo_bounded/seed_1,tissuemnist,RegNetY400MF,4,L70_G70,tralo_bounded,1,True,data/tissuemnist/slice_1,0.4444,0.5401,0.5442,0.3507,0.7763,11.0,1,98,0.1462,311.0621
paper_backbones,results/pending_runs/paper_backbones/RegNetY400MF/tissuemnist/L70_G70/tralo_bounded/seed_2,tissuemnist,RegNetY400MF,4,L70_G70,tralo_bounded,2,True,data/tissuemnist/slice_1,0.4311,0.5258,0.5358,0.3587,0.8075,6.0,1,109,0.141,377.7998
paper_backbones,results/pending_runs/paper_backbones/RegNetY400MF/tissuemnist/L70_G70/heuristic/seed_4,tissuemnist,RegNetY400MF,4,L70_G70,heuristic,4,True,data/tissuemnist/slice_1,0.3385,0.3591,0.385,0.4721,1.0474,43.0,0,-1,0.1364,0.9474
paper_backbones,results/pending_runs/paper_backbones/RegNetY400MF/tissuemnist/L70_G70/heuristic/seed_3,tissuemnist,RegNetY400MF,4,L70_G70,heuristic,3,True,data/tissuemnist/slice_1,0.3606,0.4514,0.4587,0.3792,0.8842,43.0,0,-1,0.1415,0.9574
paper_backbones,results/pending_runs/paper_backbones/RegNetY400MF/tissuemnist/L70_G70/heuristic/seed_1,tissuemnist,RegNetY400MF,4,L70_G70,heuristic,1,True,data/tissuemnist/slice_1,0.3487,0.3874,0.3875,0.4694,1.0402,300.0,0,-1,0.1501,0.9522
paper_backbones,results/pending_runs/paper_backbones/RegNetY400MF/tissuemnist/L70_G70/heuristic/seed_2,tissuemnist,RegNetY400MF,4,L70_G70,heuristic,2,True,data/tissuemnist/slice_1,0.3149,0.3268,0.3367,0.5134,1.1288,117.0,0,-1,0.1397,0.9531
paper_backbones,results/pending_runs/paper_backbones/RegNetY400MF/tissuemnist/L30_G30/hounie_rcl/seed_4,tissuemnist,RegNetY400MF,4,L30_G30,hounie_rcl,4,True,data/tissuemnist/slice_1,0.4017,0.5061,0.5154,0.3772,0.8391,16.0,1,81,0.1479,398.472
paper_backbones,results/pending_runs/paper_backbones/RegNetY400MF/tissuemnist/L30_G30/hounie_rcl/seed_3,tissuemnist,RegNetY400MF,4,L30_G30,hounie_rcl,3,True,data/tissuemnist/slice_1,0.4148,0.5191,0.5337,0.3559,0.8013,6.0,1,72,0.1397,405.7805
paper_backbones,results/pending_runs/paper_backbones/RegNetY400MF/tissuemnist/L30_G30/hounie_rcl/seed_1,tissuemnist,RegNetY400MF,4,L30_G30,hounie_rcl,1,True,data/tissuemnist/slice_1,0.4151,0.5207,0.5363,0.3652,0.7976,12.0,1,76,0.1399,400.5476
paper_backbones,results/pending_runs/paper_backbones/RegNetY400MF/tissuemnist/L30_G30/hounie_rcl/seed_2,tissuemnist,RegNetY400MF,4,L30_G30,hounie_rcl,2,True,data/tissuemnist/slice_1,0.4084,0.5058,0.53,0.3818,0.8359,7.0,1,89,0.1412,454.9231
paper_backbones,results/pending_runs/paper_backbones/RegNetY400MF/tissuemnist/L30_G30/tralo/seed_4,tissuemnist,RegNetY400MF,4,L30_G30,tralo,4,True,data/tissuemnist/slice_1,0.3983,0.4989,0.5033,0.3837,0.8592,9.0,1,125,0.1354,387.6428
paper_backbones,results/pending_runs/paper_backbones/RegNetY400MF/tissuemnist/L30_G30/tralo/seed_3,tissuemnist,RegNetY400MF,4,L30_G30,tralo,3,True,data/tissuemnist/slice_1,0.4062,0.5147,0.5312,0.3588,0.7998,2.0,1,115,0.1398,414.3872
paper_backbones,results/pending_runs/paper_backbones/RegNetY400MF/tissuemnist/L30_G30/tralo/seed_1,tissuemnist,RegNetY400MF,4,L30_G30,tralo,1,True,data/tissuemnist/slice_1,0.4185,0.5289,0.5413,0.3565,0.7925,4.0,1,120,0.1357,383.882
paper_backbones,results/pending_runs/paper_backbones/RegNetY400MF/tissuemnist/L30_G30/tralo/seed_2,tissuemnist,RegNetY400MF,4,L30_G30,tralo,2,True,data/tissuemnist/slice_1,0.4114,0.51,0.5283,0.3751,0.8287,8.0,1,142,0.1407,465.1498
paper_backbones,results/pending_runs/paper_backbones/RegNetY400MF/tissuemnist/L30_G30/danits_lp/seed_4,tissuemnist,RegNetY400MF,4,L30_G30,danits_lp,4,True,data/tissuemnist/slice_1,0.321,0.3485,0.38,0.4721,1.0474,112.0,0,-1,0.1397,1.0507
paper_backbones,results/pending_runs/paper_backbones/RegNetY400MF/tissuemnist/L30_G30/danits_lp/seed_3,tissuemnist,RegNetY400MF,4,L30_G30,danits_lp,3,True,data/tissuemnist/slice_1,0.3463,0.4437,0.4554,0.3792,0.8842,112.0,0,-1,0.1375,1.0477
paper_backbones,results/pending_runs/paper_backbones/RegNetY400MF/tissuemnist/L30_G30/danits_lp/seed_1,tissuemnist,RegNetY400MF,4,L30_G30,danits_lp,1,True,data/tissuemnist/slice_1,0.3328,0.3803,0.3837,0.4694,1.0402,369.0,0,-1,0.1471,1.0573
paper_backbones,results/pending_runs/paper_backbones/RegNetY400MF/tissuemnist/L30_G30/danits_lp/seed_2,tissuemnist,RegNetY400MF,4,L30_G30,danits_lp,2,True,data/tissuemnist/slice_1,0.3136,0.3266,0.3383,0.5134,1.1288,186.0,0,-1,0.1399,1.0521
paper_backbones,results/pending_runs/paper_backbones/RegNetY400MF/tissuemnist/L30_G30/fioretto_ldf/seed_4,tissuemnist,RegNetY400MF,4,L30_G30,fioretto_ldf,4,True,data/tissuemnist/slice_1,0.4101,0.5105,0.5192,0.3723,0.8327,12.0,1,75,0.1481,375.5789
paper_backbones,results/pending_runs/paper_backbones/RegNetY400MF/tissuemnist/L30_G30/fioretto_ldf/seed_3,tissuemnist,RegNetY400MF,4,L30_G30,fioretto_ldf,3,True,data/tissuemnist/slice_1,0.4103,0.5154,0.5308,0.3607,0.801,7.0,1,68,0.1403,388.4741
paper_backbones,results/pending_runs/paper_backbones/RegNetY400MF/tissuemnist/L30_G30/fioretto_ldf/seed_1,tissuemnist,RegNetY400MF,4,L30_G30,fioretto_ldf,1,True,data/tissuemnist/slice_1,0.4235,0.5305,0.5433,0.3566,0.7918,5.0,1,72,0.1373,363.0341
paper_backbones,results/pending_runs/paper_backbones/RegNetY400MF/tissuemnist/L30_G30/fioretto_ldf/seed_2,tissuemnist,RegNetY400MF,4,L30_G30,fioretto_ldf,2,True,data/tissuemnist/slice_1,0.4044,0.5043,0.5292,0.3809,0.8327,3.0,1,91,0.1407,455.7026
paper_backbones,results/pending_runs/paper_backbones/RegNetY400MF/tissuemnist/L30_G30/tralo_bounded/seed_4,tissuemnist,RegNetY400MF,4,L30_G30,tralo_bounded,4,True,data/tissuemnist/slice_1,0.4036,0.5066,0.5142,0.3753,0.8367,14.0,1,125,0.1361,385.6819
paper_backbones,results/pending_runs/paper_backbones/RegNetY400MF/tissuemnist/L30_G30/tralo_bounded/seed_3,tissuemnist,RegNetY400MF,4,L30_G30,tralo_bounded,3,True,data/tissuemnist/slice_1,0.4118,0.5169,0.5329,0.3572,0.8007,8.0,1,115,0.141,382.0726
paper_backbones,results/pending_runs/paper_backbones/RegNetY400MF/tissuemnist/L30_G30/tralo_bounded/seed_1,tissuemnist,RegNetY400MF,4,L30_G30,tralo_bounded,1,True,data/tissuemnist/slice_1,0.421,0.5268,0.5392,0.3591,0.795,6.0,1,120,0.1346,387.4571
paper_backbones,results/pending_runs/paper_backbones/RegNetY400MF/tissuemnist/L30_G30/tralo_bounded/seed_2,tissuemnist,RegNetY400MF,4,L30_G30,tralo_bounded,2,True,data/tissuemnist/slice_1,0.4074,0.5064,0.5292,0.3797,0.8322,6.0,1,142,0.1384,453.5117
paper_backbones,results/pending_runs/paper_backbones/RegNetY400MF/tissuemnist/L30_G30/heuristic/seed_4,tissuemnist,RegNetY400MF,4,L30_G30,heuristic,4,True,data/tissuemnist/slice_1,0.321,0.3485,0.38,0.4721,1.0474,112.0,0,-1,0.1514,0.9541
paper_backbones,results/pending_runs/paper_backbones/RegNetY400MF/tissuemnist/L30_G30/heuristic/seed_3,tissuemnist,RegNetY400MF,4,L30_G30,heuristic,3,True,data/tissuemnist/slice_1,0.3482,0.4446,0.4562,0.3792,0.8842,112.0,0,-1,0.1499,0.9497
paper_backbones,results/pending_runs/paper_backbones/RegNetY400MF/tissuemnist/L30_G30/heuristic/seed_1,tissuemnist,RegNetY400MF,4,L30_G30,heuristic,1,True,data/tissuemnist/slice_1,0.3326,0.3804,0.3837,0.4694,1.0402,369.0,0,-1,0.1498,0.9484
paper_backbones,results/pending_runs/paper_backbones/RegNetY400MF/tissuemnist/L30_G30/heuristic/seed_2,tissuemnist,RegNetY400MF,4,L30_G30,heuristic,2,True,data/tissuemnist/slice_1,0.3136,0.3266,0.3383,0.5134,1.1288,186.0,0,-1,0.1442,0.9503
paper_backbones,results/pending_runs/paper_backbones/RegNetY400MF/tissuemnist/L80_G80/hounie_rcl/seed_4,tissuemnist,RegNetY400MF,4,L80_G80,hounie_rcl,4,True,data/tissuemnist/slice_1,0.4251,0.5146,0.5133,0.3769,0.8314,18.0,1,57,0.1497,345.7121
paper_backbones,results/pending_runs/paper_backbones/RegNetY400MF/tissuemnist/L80_G80/hounie_rcl/seed_3,tissuemnist,RegNetY400MF,4,L80_G80,hounie_rcl,3,True,data/tissuemnist/slice_1,0.4301,0.5188,0.5225,0.3586,0.8024,10.0,1,51,0.1393,355.9496
paper_backbones,results/pending_runs/paper_backbones/RegNetY400MF/tissuemnist/L80_G80/hounie_rcl/seed_1,tissuemnist,RegNetY400MF,4,L80_G80,hounie_rcl,1,True,data/tissuemnist/slice_1,0.4504,0.5469,0.5492,0.3485,0.7775,18.0,1,63,0.1506,362.3564
paper_backbones,results/pending_runs/paper_backbones/RegNetY400MF/tissuemnist/L80_G80/hounie_rcl/seed_2,tissuemnist,RegNetY400MF,4,L80_G80,hounie_rcl,2,True,data/tissuemnist/slice_1,0.4294,0.5238,0.5337,0.3611,0.8107,24.0,1,57,0.1399,382.1982
paper_backbones,results/pending_runs/paper_backbones/RegNetY400MF/tissuemnist/L80_G80/tralo/seed_4,tissuemnist,RegNetY400MF,4,L80_G80,tralo,4,True,data/tissuemnist/slice_1,0.4169,0.5051,0.4996,0.386,0.8508,26.0,1,94,0.1386,322.6352
paper_backbones,results/pending_runs/paper_backbones/RegNetY400MF/tissuemnist/L80_G80/tralo/seed_3,tissuemnist,RegNetY400MF,4,L80_G80,tralo,3,True,data/tissuemnist/slice_1,0.436,0.5246,0.5308,0.3575,0.8013,19.0,1,89,0.132,327.402
paper_backbones,results/pending_runs/paper_backbones/RegNetY400MF/tissuemnist/L80_G80/tralo/seed_1,tissuemnist,RegNetY400MF,4,L80_G80,tralo,1,True,data/tissuemnist/slice_1,0.4487,0.5459,0.5508,0.3481,0.7753,14.0,1,93,0.1514,333.9131
paper_backbones,results/pending_runs/paper_backbones/RegNetY400MF/tissuemnist/L80_G80/tralo/seed_2,tissuemnist,RegNetY400MF,4,L80_G80,tralo,2,True,data/tissuemnist/slice_1,0.428,0.5283,0.5354,0.3617,0.8036,5.0,1,106,0.1402,384.8103
paper_backbones,results/pending_runs/paper_backbones/RegNetY400MF/tissuemnist/L80_G80/danits_lp/seed_4,tissuemnist,RegNetY400MF,4,L80_G80,danits_lp,4,True,data/tissuemnist/slice_1,0.3426,0.3609,0.3871,0.4721,1.0474,26.0,0,-1,0.1523,1.0462
paper_backbones,results/pending_runs/paper_backbones/RegNetY400MF/tissuemnist/L80_G80/danits_lp/seed_3,tissuemnist,RegNetY400MF,4,L80_G80,danits_lp,3,True,data/tissuemnist/slice_1,0.3614,0.4513,0.4583,0.3792,0.8842,26.0,0,-1,0.1433,1.0474
paper_backbones,results/pending_runs/paper_backbones/RegNetY400MF/tissuemnist/L80_G80/danits_lp/seed_1,tissuemnist,RegNetY400MF,4,L80_G80,danits_lp,1,True,data/tissuemnist/slice_1,0.3515,0.3891,0.3892,0.4694,1.0402,283.0,0,-1,0.1468,1.0522
paper_backbones,results/pending_runs/paper_backbones/RegNetY400MF/tissuemnist/L80_G80/danits_lp/seed_2,tissuemnist,RegNetY400MF,4,L80_G80,danits_lp,2,True,data/tissuemnist/slice_1,0.3162,0.3276,0.3375,0.5134,1.1288,100.0,0,-1,0.14,1.0632
paper_backbones,results/pending_runs/paper_backbones/RegNetY400MF/tissuemnist/L80_G80/fioretto_ldf/seed_4,tissuemnist,RegNetY400MF,4,L80_G80,fioretto_ldf,4,True,data/tissuemnist/slice_1,0.4225,0.5083,0.5062,0.377,0.8357,4.0,1,45,0.1509,308.3838
paper_backbones,results/pending_runs/paper_backbones/RegNetY400MF/tissuemnist/L80_G80/fioretto_ldf/seed_3,tissuemnist,RegNetY400MF,4,L80_G80,fioretto_ldf,3,True,data/tissuemnist/slice_1,0.4318,0.5175,0.5208,0.361,0.8059,14.0,1,40,0.1391,323.4511
paper_backbones,results/pending_runs/paper_backbones/RegNetY400MF/tissuemnist/L80_G80/fioretto_ldf/seed_1,tissuemnist,RegNetY400MF,4,L80_G80,fioretto_ldf,1,True,data/tissuemnist/slice_1,0.4532,0.5445,0.55,0.3439,0.7702,8.0,1,47,0.1364,314.7125
paper_backbones,results/pending_runs/paper_backbones/RegNetY400MF/tissuemnist/L80_G80/fioretto_ldf/seed_2,tissuemnist,RegNetY400MF,4,L80_G80,fioretto_ldf,2,True,data/tissuemnist/slice_1,0.4259,0.5198,0.5271,0.3669,0.8145,10.0,1,60,0.1426,383.5922
paper_backbones,results/pending_runs/paper_backbones/RegNetY400MF/tissuemnist/L80_G80/tralo_bounded/seed_4,tissuemnist,RegNetY400MF,4,L80_G80,tralo_bounded,4,True,data/tissuemnist/slice_1,0.4188,0.5069,0.5046,0.3777,0.8433,6.0,1,94,0.1491,303.1147
paper_backbones,results/pending_runs/paper_backbones/RegNetY400MF/tissuemnist/L80_G80/tralo_bounded/seed_3,tissuemnist,RegNetY400MF,4,L80_G80,tralo_bounded,3,True,data/tissuemnist/slice_1,0.4376,0.5222,0.5267,0.3562,0.8005,14.0,1,89,0.1378,318.656
paper_backbones,results/pending_runs/paper_backbones/RegNetY400MF/tissuemnist/L80_G80/tralo_bounded/seed_1,tissuemnist,RegNetY400MF,4,L80_G80,tralo_bounded,1,True,data/tissuemnist/slice_1,0.4482,0.5446,0.5471,0.3489,0.7778,16.0,1,93,0.1446,320.4782
paper_backbones,results/pending_runs/paper_backbones/RegNetY400MF/tissuemnist/L80_G80/tralo_bounded/seed_2,tissuemnist,RegNetY400MF,4,L80_G80,tralo_bounded,2,True,data/tissuemnist/slice_1,0.4262,0.5211,0.5292,0.3673,0.8113,7.0,1,106,0.1494,365.4382
paper_backbones,results/pending_runs/paper_backbones/RegNetY400MF/tissuemnist/L80_G80/heuristic/seed_4,tissuemnist,RegNetY400MF,4,L80_G80,heuristic,4,True,data/tissuemnist/slice_1,0.3434,0.3614,0.3875,0.4721,1.0474,26.0,0,-1,0.1517,0.9514
paper_backbones,results/pending_runs/paper_backbones/RegNetY400MF/tissuemnist/L80_G80/heuristic/seed_3,tissuemnist,RegNetY400MF,4,L80_G80,heuristic,3,True,data/tissuemnist/slice_1,0.3583,0.45,0.4571,0.3792,0.8842,26.0,0,-1,0.1447,0.951
paper_backbones,results/pending_runs/paper_backbones/RegNetY400MF/tissuemnist/L80_G80/heuristic/seed_1,tissuemnist,RegNetY400MF,4,L80_G80,heuristic,1,True,data/tissuemnist/slice_1,0.3515,0.389,0.3892,0.4694,1.0402,283.0,0,-1,0.1361,0.946
paper_backbones,results/pending_runs/paper_backbones/RegNetY400MF/tissuemnist/L80_G80/heuristic/seed_2,tissuemnist,RegNetY400MF,4,L80_G80,heuristic,2,True,data/tissuemnist/slice_1,0.316,0.3278,0.3375,0.5134,1.1288,100.0,0,-1,0.1398,0.9536
