alpha_kl,d_acc,d_f1c,d_f1u,d_flips,d_macro,d_pre_c,d_rec_c,data_dir,dataset,ds_cls_prev,ds_imbalance,ds_n_classes,ds_n_test,ds_n_train,lr,model,model_params,n_classes,ph_acc,ph_brier,ph_conf_gap,ph_ece,ph_f1c,ph_f1u,ph_f1u_std,ph_macro,ph_mean_entropy,ph_pct_high,ph_pre_c,ph_rec_c,ph_sup_c,ph_warmup_train_acc,pretrained,rho_target,sweep,tight,tight_pct,tr_flips,tr_macro,tr_sat_epoch,warmup_eps
0.0,0.013399999999999967,0.06560000000000005,0.024366666666666537,-11.0,0.034700000000000064,0.19999999999999996,0.039199999999999985,data/aider/slice_1,aider,0.166,4.5,4,1190,4758,0.0001,MobileNetV3,5400000,4,0.895,0.2139,0.0238,0.1047,0.2623,0.9087666666666667,0.02019477380137964,0.7471,0.0125,0.9866,0.8,0.1569,102.0,,True,100.0,contamination_clean,L20_G20,20,4.0,0.7818,84,50
0.0,0.033600000000000074,0.19680000000000003,0.057566666666666544,-20.0,0.09230000000000005,0.6,0.1177,data/aider/slice_1,aider,0.166,4.5,4,1190,4758,0.0001,MobileNetV3,5400000,4,0.8765,0.2329,0.0237,0.1137,0.1311,0.8797,0.056787146432973716,0.6926,0.0153,0.9849,0.4,0.0784,102.0,,True,100.0,contamination_clean,L20_G20,20,0.0,0.7849,70,50
0.0,0.006700000000000039,0.0,0.01416666666666666,-33.0,0.010600000000000054,0.0,0.0,data/aider/slice_1,aider,0.166,4.5,4,1190,4758,0.0001,MobileNetV3,5400000,4,0.9546,0.1341,0.0584,0.0645,0.8208,0.9512333333333333,0.01759551710584893,0.9186,0.0193,0.9798,1.0,0.6961,102.0,,True,100.0,contamination_clean,L70_G70,70,0.0,0.9292,72,50
0.0,0.015900000000000025,0.05779999999999996,0.021433333333333193,-47.0,0.030500000000000083,0.07040000000000002,0.049000000000000044,data/aider/slice_1,aider,0.166,4.5,4,1190,4758,0.0001,MobileNetV3,5400000,4,0.9454,0.1625,0.0538,0.0803,0.763,0.9397666666666668,0.019352404386937423,0.8956,0.0172,0.9815,0.9296,0.6471,102.0,,True,100.0,contamination_clean,L70_G70,70,2.0,0.9261,63,50
0.0,0.009299999999999975,0.030100000000000016,0.016800000000000037,-20.0,0.020100000000000007,0.0645,0.019600000000000006,data/aider/slice_1,aider,0.166,4.5,4,1190,4758,0.0001,MobileNetV3,5400000,4,0.9109,0.2084,0.0209,0.1031,0.4361,0.9227333333333333,0.021445331012185924,0.8011,0.0116,0.9899,0.9355,0.2843,102.0,,True,100.0,contamination_clean,L30_G30,30,6.0,0.8212,79,50
0.0,0.03949999999999998,0.2256,0.06313333333333315,-27.0,0.1036999999999999,0.4839,0.147,data/aider/slice_1,aider,0.166,4.5,4,1190,4758,0.0001,MobileNetV3,5400000,4,0.884,0.2264,0.0164,0.1106,0.2406,0.8843000000000001,0.05134711936094048,0.7234,0.0148,0.9815,0.5161,0.1569,102.0,,True,100.0,contamination_clean,L30_G30,30,3.0,0.8271,67,50
0.0,0.009300000000000086,0.0131,0.016700000000000048,-39.0,0.015800000000000036,0.01959999999999995,0.009799999999999975,data/aider/slice_1,aider,0.166,4.5,4,1190,4758,0.0001,MobileNetV3,5400000,4,0.9319,0.1829,0.0485,0.0917,0.6536,0.9359333333333333,0.01623090330888035,0.8653,0.0156,0.9832,0.9804,0.4902,102.0,,True,100.0,contamination_clean,L50_G50,50,0.0,0.8811,74,50
0.0,0.03949999999999998,0.22229999999999994,0.05793333333333339,-48.0,0.09899999999999998,0.33330000000000004,0.16670000000000001,data/aider/slice_1,aider,0.166,4.5,4,1190,4758,0.0001,MobileNetV3,5400000,4,0.9042,0.2112,0.0201,0.1047,0.4444,0.9005666666666666,0.03883128749975833,0.7865,0.0125,0.9882,0.6667,0.3333,102.0,,True,100.0,contamination_clean,L50_G50,50,0.0,0.8855,65,50
0.0,0.012500000000000067,0.014900000000000024,0.03156666666666652,-29.0,0.029200000000000004,0.044399999999999995,0.008899999999999991,data/dermmnist/slice_1,dermmnist,0.113,58.0,7,2003,8012,0.0001,MobileNetV3,5400000,7,0.8138,0.3502,0.0985,0.1665,0.2985,0.7217666666666668,0.12720051974037772,0.6613,0.041,0.9331,0.8889,0.1794,223.0,,True,100.0,contamination_clean,L20_G20,20,2.0,0.6905,71,50
0.0,0.0020000000000000018,0.007500000000000007,0.026050000000000018,-25.0,0.023499999999999965,0.022199999999999998,0.004500000000000004,data/dermmnist/slice_1,dermmnist,0.113,58.0,7,2003,8012,0.0001,MobileNetV3,5400000,7,0.8288,0.3322,0.0789,0.1575,0.2985,0.7518166666666667,0.13835157409858245,0.687,0.0311,0.9441,0.8889,0.1794,223.0,,True,100.0,contamination_clean,L20_G20,20,5.0,0.7105,71,50
0.0,0.0010000000000000009,0.015799999999999925,-0.004566666666666719,-24.0,-0.0017000000000000348,0.019199999999999995,0.013399999999999967,data/dermmnist/slice_1,dermmnist,0.113,58.0,7,2003,8012,0.0001,MobileNetV3,5400000,7,0.8712,0.228,0.1121,0.1014,0.6438,0.8109500000000001,0.09488685806439864,0.7871,0.0415,0.9356,0.7821,0.5471,223.0,,True,100.0,contamination_clean,L70_G70,70,2.0,0.7854,57,50
0.0,0.0044999999999999485,0.010600000000000054,0.012733333333333263,-31.0,0.012500000000000067,0.012900000000000023,0.009000000000000008,data/dermmnist/slice_1,dermmnist,0.113,58.0,7,2003,8012,0.0001,MobileNetV3,5400000,7,0.8677,0.2406,0.1016,0.112,0.6385,0.7924166666666667,0.10586577061963368,0.7704,0.0359,0.9441,0.7756,0.5426,223.0,,True,100.0,contamination_clean,L70_G70,70,2.0,0.7829,57,50
0.0,0.006000000000000005,-0.006900000000000017,0.012783333333333258,-28.0,0.010000000000000009,-0.014900000000000024,-0.004400000000000015,data/dermmnist/slice_1,dermmnist,0.113,58.0,7,2003,8012,0.0001,MobileNetV3,5400000,7,0.8387,0.3087,0.0856,0.1434,0.4207,0.7602666666666668,0.10951326657330404,0.7117,0.0395,0.9391,0.9104,0.2735,223.0,,True,100.0,contamination_clean,L30_G30,30,0.0,0.7217,67,50
0.0,0.0014999999999999458,0.013799999999999979,0.007283333333333419,-21.0,0.008199999999999985,0.029799999999999938,0.009000000000000008,data/dermmnist/slice_1,dermmnist,0.113,58.0,7,2003,8012,0.0001,MobileNetV3,5400000,7,0.8407,0.3138,0.0872,0.1477,0.4,0.7837999999999999,0.11478806558174941,0.729,0.0328,0.9471,0.8657,0.2601,223.0,,True,100.0,contamination_clean,L30_G30,30,21.0,0.7372,70,50
0.0,0.0040000000000000036,0.006000000000000005,0.007233333333333425,-40.0,0.007000000000000006,0.009000000000000008,0.004500000000000004,data/dermmnist/slice_1,dermmnist,0.113,58.0,7,2003,8012,0.0001,MobileNetV3,5400000,7,0.8602,0.2704,0.0986,0.1242,0.5689,0.7893666666666667,0.1114385580587896,0.7579,0.0406,0.9341,0.8559,0.426,223.0,,True,100.0,contamination_clean,L50_G50,50,3.0,0.7649,63,50
0.0,0.0024999999999999467,0.0,0.003149999999999875,-33.0,0.0027000000000000357,0.0,0.0,data/dermmnist/slice_1,dermmnist,0.113,58.0,7,2003,8012,0.0001,MobileNetV3,5400000,7,0.8567,0.2715,0.0804,0.1256,0.5509,0.7915000000000001,0.10870886195093143,0.7571,0.0345,0.9446,0.8288,0.4126,223.0,,True,100.0,contamination_clean,L50_G50,50,0.0,0.7598,63,50
0.0,-0.0029000000000000137,-0.019500000000000017,0.0048857142857142155,-14.0,0.0017999999999999683,-0.05879999999999996,-0.011700000000000002,data/tissuemnist/slice_1,tissuemnist,0.071,6.0,8,2400,9600,0.0001,MobileNetV3,5400000,8,0.5096,0.8599,0.0784,0.3929,0.1854,0.37715714285714286,0.20761498608958745,0.3532,0.1281,0.7887,0.5588,0.1111,171.0,,True,100.0,contamination_clean,L20_G20,20,11.0,0.355,71,50
0.0,-0.0005000000000000004,0.0,0.008000000000000063,-14.0,0.007000000000000006,0.0,0.0,data/tissuemnist/slice_1,tissuemnist,0.071,6.0,8,2400,9600,0.0001,MobileNetV3,5400000,8,0.4963,0.864,0.0916,0.3938,0.1756,0.37967142857142855,0.18410227525780895,0.3542,0.1403,0.7662,0.5294,0.1053,171.0,,True,100.0,contamination_clean,L20_G20,20,0.0,0.3612,74,50
0.0,-0.00040000000000006697,0.006800000000000028,-0.0030857142857143027,-35.0,-0.0017999999999999683,0.008400000000000019,0.005899999999999961,data/tissuemnist/slice_1,tissuemnist,0.071,6.0,8,2400,9600,0.0001,MobileNetV3,5400000,8,0.5079,0.8382,0.0862,0.3795,0.3162,0.3836428571428572,0.19369255356394693,0.3752,0.1422,0.7629,0.3833,0.269,171.0,,True,100.0,contamination_clean,L70_G70,70,4.0,0.3734,61,50
0.0,0.013699999999999934,0.013799999999999979,0.01497142857142858,-27.0,0.01479999999999998,0.016600000000000004,0.011699999999999988,data/tissuemnist/slice_1,tissuemnist,0.071,6.0,8,2400,9600,0.0001,MobileNetV3,5400000,8,0.5038,0.8383,0.0939,0.3782,0.3436,0.39475714285714286,0.16848463140716474,0.3884,0.1501,0.7567,0.4167,0.2924,171.0,,True,100.0,contamination_clean,L70_G70,70,3.0,0.4032,60,50
0.0,0.0046000000000000485,0.018000000000000016,0.00972857142857142,-28.0,0.010799999999999976,0.03920000000000001,0.011699999999999988,data/tissuemnist/slice_1,tissuemnist,0.071,6.0,8,2400,9600,0.0001,MobileNetV3,5400000,8,0.5083,0.8533,0.0813,0.3892,0.2072,0.3774285714285714,0.2047312364630114,0.3561,0.1316,0.7854,0.451,0.1345,171.0,,True,100.0,contamination_clean,L30_G30,30,6.0,0.3669,68,50
0.0,-0.0008000000000000229,-0.008999999999999952,0.0020857142857142463,-16.0,0.0007000000000000339,-0.01959999999999995,-0.005899999999999989,data/tissuemnist/slice_1,tissuemnist,0.071,6.0,8,2400,9600,0.0001,MobileNetV3,5400000,8,0.5029,0.8576,0.0883,0.3877,0.2613,0.38512857142857143,0.18533824456371434,0.3696,0.1425,0.7629,0.5686,0.1696,171.0,,True,100.0,contamination_clean,L30_G30,30,2.0,0.3703,71,50
0.0,0.0008000000000000229,0.038900000000000046,0.0014571428571428235,-41.0,0.006099999999999994,0.05810000000000004,0.029200000000000004,data/tissuemnist/slice_1,tissuemnist,0.071,6.0,8,2400,9600,0.0001,MobileNetV3,5400000,8,0.5088,0.8441,0.0838,0.3829,0.2724,0.37970000000000004,0.20038225612920066,0.3663,0.1377,0.7725,0.407,0.2047,171.0,,True,100.0,contamination_clean,L50_G50,50,1.0,0.3724,64,50
0.0,-0.0008000000000000229,-0.007799999999999974,0.002957142857142825,-22.0,0.0015999999999999903,-0.0116,-0.005900000000000016,data/tissuemnist/slice_1,tissuemnist,0.071,6.0,8,2400,9600,0.0001,MobileNetV3,5400000,8,0.5058,0.8455,0.0882,0.38,0.3191,0.39288571428571434,0.17449679021666378,0.3837,0.146,0.7575,0.4767,0.2398,171.0,,True,100.0,contamination_clean,L50_G50,50,3.0,0.3853,64,50
0.0,0.0029000000000000137,0.009800000000000003,0.01207142857142851,-14.0,0.011799999999999977,0.02939999999999998,0.0058,data/tissuemnist_sigma20/slice_1,tissuemnist,0.071,6.0,8,2400,9600,0.0001,MobileNetV3,5400000,8,0.4621,0.968,0.0499,0.4532,0.1561,0.35418571428571427,0.1868605853767641,0.3294,0.1056,0.8167,0.4706,0.0936,171.0,,True,100.0,contamination_tissuemnist,L20_G20,20,1.0,0.3412,66,50
0.0,0.00539999999999996,0.009799999999999975,0.00397142857142857,-16.0,0.004699999999999982,0.029400000000000037,0.0059000000000000025,data/tissuemnist_sigma20/slice_1,tissuemnist,0.071,6.0,8,2400,9600,0.0001,MobileNetV3,5400000,8,0.495,0.9178,0.0508,0.4383,0.1463,0.3737,0.18729620543788003,0.3453,0.0826,0.8625,0.4412,0.0877,171.0,,True,100.0,contamination_tissuemnist,L20_G20,20,1.0,0.35,72,50
0.0,-0.009599999999999997,0.006900000000000017,-0.005028571428571438,-34.0,-0.003599999999999992,0.008299999999999974,0.005900000000000016,data/tissuemnist_sigma20/slice_1,tissuemnist,0.071,6.0,8,2400,9600,0.0001,MobileNetV3,5400000,8,0.4533,0.9758,0.0461,0.4605,0.3024,0.3634857142857143,0.172455148857165,0.3559,0.106,0.8217,0.3667,0.2573,171.0,,True,100.0,contamination_tissuemnist,L70_G70,70,2.0,0.3523,58,50
0.0,0.0020000000000000018,-0.006899999999999962,0.004357142857142782,-26.0,0.0029000000000000137,-0.008299999999999974,-0.005800000000000027,data/tissuemnist_sigma20/slice_1,tissuemnist,0.071,6.0,8,2400,9600,0.0001,MobileNetV3,5400000,8,0.4938,0.9072,0.0555,0.4322,0.3162,0.3950428571428572,0.1734449921621332,0.3852,0.0933,0.8488,0.3833,0.269,171.0,,True,100.0,contamination_tissuemnist,L70_G70,70,0.0,0.3881,59,50
0.0,-0.004599999999999993,-0.036000000000000004,0.0033714285714285808,-19.0,-0.0015999999999999903,-0.07839999999999997,-0.023400000000000004,data/tissuemnist_sigma20/slice_1,tissuemnist,0.071,6.0,8,2400,9600,0.0001,MobileNetV3,5400000,8,0.4692,0.9583,0.0516,0.4502,0.2432,0.3643142857142857,0.1791862512947386,0.3492,0.1036,0.8233,0.5294,0.1579,171.0,,True,100.0,contamination_tissuemnist,L30_G30,30,6.0,0.3476,64,50
0.0,-0.0032999999999999696,-0.009000000000000008,0.00261428571428568,-14.0,0.0011000000000000454,-0.019600000000000006,-0.0058,data/tissuemnist_sigma20/slice_1,tissuemnist,0.071,6.0,8,2400,9600,0.0001,MobileNetV3,5400000,8,0.4996,0.9126,0.0466,0.4332,0.1892,0.38791428571428577,0.18176313808731115,0.3631,0.0848,0.8638,0.4118,0.1228,171.0,,True,100.0,contamination_tissuemnist,L30_G30,30,2.0,0.3642,69,50
0.0,-0.015900000000000025,-0.007800000000000029,-0.005171428571428549,-31.0,-0.005500000000000005,-0.011699999999999988,-0.0058,data/tissuemnist_sigma20/slice_1,tissuemnist,0.071,6.0,8,2400,9600,0.0001,MobileNetV3,5400000,8,0.4617,0.9639,0.0514,0.4533,0.2957,0.3619,0.1791696083922398,0.3536,0.1056,0.8179,0.4419,0.2222,171.0,,True,100.0,contamination_tissuemnist,L50_G50,50,5.0,0.3481,60,50
0.0,-0.008400000000000019,0.015600000000000003,0.007885714285714218,-34.0,0.008899999999999963,0.0232,0.011700000000000016,data/tissuemnist_sigma20/slice_1,tissuemnist,0.071,6.0,8,2400,9600,0.0001,MobileNetV3,5400000,8,0.5017,0.9005,0.0492,0.4224,0.249,0.3910857142857143,0.18258955085555323,0.3733,0.0925,0.8325,0.3721,0.1871,171.0,,True,100.0,contamination_tissuemnist,L50_G50,50,0.0,0.3822,65,50
0.0,0.009599999999999997,0.0,0.028157142857142825,-18.0,0.02460000000000001,0.0,0.0,data/tissuemnist_sigma10/slice_1,tissuemnist,0.071,6.0,8,2400,9600,0.0001,MobileNetV3,5400000,8,0.4996,0.9302,0.0437,0.4484,0.2049,0.36237142857142857,0.19108548359521277,0.3427,0.0683,0.8808,0.6176,0.1228,171.0,,True,100.0,contamination_tissuemnist,L20_G20,20,4.0,0.3673,75,50
0.0,-0.010800000000000032,-0.009800000000000003,0.0019714285714285684,-9.0,0.0005000000000000004,-0.02939999999999998,-0.0059000000000000025,data/tissuemnist_sigma10/slice_1,tissuemnist,0.071,6.0,8,2400,9600,0.0001,MobileNetV3,5400000,8,0.4979,0.8915,0.0612,0.4227,0.1366,0.3971,0.1657197203542346,0.3645,0.0978,0.8296,0.4118,0.0819,171.0,,True,100.0,contamination_tissuemnist,L20_G20,20,4.0,0.365,93,50
0.0,0.0024999999999999467,0.041200000000000014,0.007157142857142806,-50.0,0.011399999999999966,0.04999999999999999,0.03510000000000002,data/tissuemnist_sigma10/slice_1,tissuemnist,0.071,6.0,8,2400,9600,0.0001,MobileNetV3,5400000,8,0.5129,0.8808,0.0511,0.4159,0.3024,0.38750000000000007,0.17652145964240643,0.3769,0.0827,0.8592,0.3667,0.2573,171.0,,True,100.0,contamination_tissuemnist,L70_G70,70,4.0,0.3883,64,50
0.0,0.0016999999999999793,-0.006899999999999962,0.0021428571428570575,-45.0,0.0010000000000000009,-0.008299999999999974,-0.005800000000000027,data/tissuemnist_sigma10/slice_1,tissuemnist,0.071,6.0,8,2400,9600,0.0001,MobileNetV3,5400000,8,0.4979,0.8907,0.0585,0.4132,0.3162,0.3957285714285715,0.16926581558758583,0.3858,0.1117,0.8171,0.3833,0.269,171.0,,True,100.0,contamination_tissuemnist,L70_G70,70,5.0,0.3868,75,50
0.0,-0.0038000000000000256,0.0,-0.0008000000000000229,-26.0,-0.0006999999999999784,0.0,0.0,data/tissuemnist_sigma10/slice_1,tissuemnist,0.071,6.0,8,2400,9600,0.0001,MobileNetV3,5400000,8,0.5142,0.8998,0.0414,0.4252,0.2523,0.3930857142857143,0.17701245661229145,0.3755,0.076,0.8688,0.549,0.1637,171.0,,True,100.0,contamination_tissuemnist,L30_G30,30,3.0,0.3748,71,50
0.0,-0.0037000000000000366,-0.009000000000000008,-0.004257142857142959,-20.0,-0.0048000000000000265,-0.019600000000000006,-0.0058,data/tissuemnist_sigma10/slice_1,tissuemnist,0.071,6.0,8,2400,9600,0.0001,MobileNetV3,5400000,8,0.4908,0.9031,0.063,0.4238,0.1892,0.3932285714285714,0.16537461123405953,0.3677,0.1044,0.8233,0.4118,0.1228,171.0,,True,100.0,contamination_tissuemnist,L30_G30,30,1.0,0.3629,88,50
0.0,-0.009199999999999986,0.03889999999999999,-0.010300000000000031,-34.0,-0.004200000000000037,0.05820000000000003,0.029299999999999993,data/tissuemnist_sigma10/slice_1,tissuemnist,0.071,6.0,8,2400,9600,0.0001,MobileNetV3,5400000,8,0.515,0.8872,0.0412,0.4163,0.2646,0.3974857142857143,0.17111199697918347,0.3809,0.0794,0.8612,0.3953,0.1988,171.0,,True,100.0,contamination_tissuemnist,L50_G50,50,6.0,0.3767,68,50
0.0,0.005400000000000016,0.0,0.005300000000000027,-30.0,0.004599999999999993,0.0,0.0,data/tissuemnist_sigma10/slice_1,tissuemnist,0.071,6.0,8,2400,9600,0.0001,MobileNetV3,5400000,8,0.4921,0.8951,0.0665,0.4215,0.2646,0.3914142857142857,0.16813722651089352,0.3756,0.1094,0.8221,0.3953,0.1988,171.0,,True,100.0,contamination_tissuemnist,L50_G50,50,0.0,0.3802,81,50
0.0,0.01749999999999996,0.0,0.0020285714285713796,-16.0,0.0018000000000000238,0.0,0.0,data/tissuemnist_sigma30/slice_1,tissuemnist,0.071,6.0,8,2400,9600,0.0001,MobileNetV3,5400000,8,0.4333,1.0101,0.058,0.4762,0.1561,0.36045714285714286,0.14372154483228877,0.3349,0.1134,0.8142,0.4706,0.0936,171.0,,True,100.0,contamination_tissuemnist,L20_G20,20,3.0,0.3367,69,50
0.0,0.0009000000000000119,0.009700000000000014,-0.0006714285714285451,-14.0,0.0005999999999999894,0.02939999999999998,0.0058,data/tissuemnist_sigma30/slice_1,tissuemnist,0.071,6.0,8,2400,9600,0.0001,MobileNetV3,5400000,8,0.4662,0.9533,0.0529,0.4489,0.1366,0.3647857142857143,0.15592981414333662,0.3363,0.1029,0.8292,0.4118,0.0819,171.0,,True,100.0,contamination_tissuemnist,L20_G20,20,3.0,0.3369,69,50
0.0,0.0041999999999999815,0.006899999999999962,-0.0007714285714285896,-14.0,0.00019999999999997797,0.008299999999999974,0.0058,data/tissuemnist_sigma30/slice_1,tissuemnist,0.071,6.0,8,2400,9600,0.0001,MobileNetV3,5400000,8,0.4537,0.9684,0.0609,0.454,0.268,0.3710428571428571,0.1544491303878109,0.3582,0.1176,0.7983,0.325,0.2281,171.0,,True,100.0,contamination_tissuemnist,L70_G70,70,11.0,0.3584,58,50
0.0,-0.0013000000000000234,0.0,0.0006714285714285451,-18.0,0.0005999999999999894,0.0,0.0,data/tissuemnist_sigma30/slice_1,tissuemnist,0.071,6.0,8,2400,9600,0.0001,MobileNetV3,5400000,8,0.4592,0.9531,0.0634,0.4472,0.2749,0.36375714285714283,0.15687270414614027,0.3526,0.1149,0.8092,0.3333,0.2339,171.0,,True,100.0,contamination_tissuemnist,L70_G70,70,8.0,0.3532,56,50
0.0,-0.0011999999999999789,0.0,0.0032571428571429584,-24.0,0.002799999999999969,0.0,0.0,data/tissuemnist_sigma30/slice_1,tissuemnist,0.071,6.0,8,2400,9600,0.0001,MobileNetV3,5400000,8,0.4462,0.9836,0.064,0.4642,0.1802,0.3610428571428571,0.1602442141335072,0.3385,0.1122,0.8113,0.3922,0.117,171.0,,True,100.0,contamination_tissuemnist,L30_G30,30,4.0,0.3413,67,50
0.0,0.00040000000000001146,0.009000000000000008,0.006742857142856995,-17.0,0.007099999999999995,0.019600000000000006,0.0058,data/tissuemnist_sigma30/slice_1,tissuemnist,0.071,6.0,8,2400,9600,0.0001,MobileNetV3,5400000,8,0.4629,0.952,0.0619,0.4493,0.1802,0.3656142857142858,0.15743607708319887,0.3424,0.1071,0.8217,0.3922,0.117,171.0,,True,100.0,contamination_tissuemnist,L30_G30,30,3.0,0.3495,65,50
0.0,-0.0017000000000000348,-0.015600000000000003,0.005885714285714327,-33.0,0.003200000000000036,-0.0232,-0.011699999999999988,data/tissuemnist_sigma30/slice_1,tissuemnist,0.071,6.0,8,2400,9600,0.0001,MobileNetV3,5400000,8,0.45,0.9754,0.0568,0.4576,0.2257,0.36305714285714286,0.16205100482028892,0.3459,0.1137,0.8175,0.3372,0.1696,171.0,,True,100.0,contamination_tissuemnist,L50_G50,50,2.0,0.3491,62,50
0.0,0.0007999999999999674,0.023400000000000004,-0.006785714285714228,-13.0,-0.0030999999999999917,0.0348,0.017500000000000016,data/tissuemnist_sigma30/slice_1,tissuemnist,0.071,6.0,8,2400,9600,0.0001,MobileNetV3,5400000,8,0.4575,0.9521,0.0672,0.451,0.2412,0.3612428571428571,0.15557789833064206,0.3463,0.1117,0.8158,0.3605,0.1813,171.0,,True,100.0,contamination_tissuemnist,L50_G50,50,11.0,0.3432,60,50
0.0,0.011499999999999955,0.022399999999999975,0.028066666666666684,-30.0,0.027200000000000002,0.06669999999999998,0.013400000000000009,data/dermmnist_sigma20/slice_1,dermmnist,0.113,58.0,7,2003,8012,0.0001,MobileNetV3,5400000,7,0.7289,0.5049,0.0643,0.2444,0.1642,0.4707666666666666,0.2517042091203262,0.427,0.036,0.9406,0.4889,0.0987,223.0,,True,100.0,contamination_dermmnist,L20_G20,20,3.0,0.4542,69,50
0.0,-0.0050000000000000044,0.007499999999999979,0.005066666666666664,-31.0,0.00539999999999996,0.022299999999999986,0.004500000000000004,data/dermmnist_sigma20/slice_1,dermmnist,0.113,58.0,7,2003,8012,0.0001,MobileNetV3,5400000,7,0.7464,0.4726,0.0666,0.2206,0.1791,0.49806666666666666,0.25796108018243546,0.4525,0.0427,0.9281,0.5333,0.1076,223.0,,True,100.0,contamination_dermmnist,L20_G20,20,3.0,0.4579,66,50
0.0,0.0014999999999999458,0.02639999999999998,0.003233333333333366,-44.0,0.006599999999999995,0.03209999999999996,0.022399999999999975,data/dermmnist_sigma20/slice_1,dermmnist,0.113,58.0,7,2003,8012,0.0001,MobileNetV3,5400000,7,0.7459,0.4592,0.0794,0.2181,0.3799,0.4994,0.24196958486553632,0.4823,0.0505,0.9161,0.4615,0.3229,223.0,,True,100.0,contamination_dermmnist,L70_G70,70,2.0,0.4889,59,50
0.0,0.0010000000000000009,-0.005299999999999971,0.006833333333333247,-44.0,0.005099999999999993,-0.006400000000000017,-0.004500000000000004,data/dermmnist_sigma20/slice_1,dermmnist,0.113,58.0,7,2003,8012,0.0001,MobileNetV3,5400000,7,0.7479,0.4436,0.0879,0.2071,0.3747,0.5228333333333334,0.24448650042259773,0.5017,0.0581,0.9066,0.4551,0.3184,223.0,,True,100.0,contamination_dermmnist,L70_G70,70,5.0,0.5068,56,50
0.0,0.006000000000000005,0.03450000000000003,0.0025333333333332764,-29.0,0.007099999999999995,0.0746,0.022400000000000003,data/dermmnist_sigma20/slice_1,dermmnist,0.113,58.0,7,2003,8012,0.0001,MobileNetV3,5400000,7,0.7384,0.4847,0.0671,0.2324,0.2345,0.5017,0.23890201617678603,0.4635,0.0415,0.9386,0.5075,0.1525,223.0,,True,100.0,contamination_dermmnist,L30_G30,30,6.0,0.4706,66,50
0.0,-0.0015000000000000568,-0.013800000000000007,0.014399999999999968,-42.0,0.010299999999999976,-0.02980000000000005,-0.008899999999999991,data/dermmnist_sigma20/slice_1,dermmnist,0.113,58.0,7,2003,8012,0.0001,MobileNetV3,5400000,7,0.7479,0.4629,0.0781,0.2165,0.2483,0.5070333333333333,0.2468229977579525,0.4701,0.0479,0.9191,0.5373,0.1614,223.0,,True,100.0,contamination_dermmnist,L30_G30,30,7.0,0.4804,64,50
0.0,-0.0030000000000000027,0.0,-0.012033333333333396,-66.0,-0.010399999999999965,0.0,0.0,data/dermmnist_sigma20/slice_1,dermmnist,0.113,58.0,7,2003,8012,0.0001,MobileNetV3,5400000,7,0.7474,0.478,0.0647,0.2268,0.3353,0.5088333333333334,0.2335127738594948,0.4841,0.0438,0.9281,0.5045,0.2511,223.0,,True,100.0,contamination_dermmnist,L50_G50,50,3.0,0.4737,63,50
0.0,0.0,-0.023899999999999977,0.010566666666666724,-34.0,0.005599999999999994,-0.03599999999999992,-0.0179,data/dermmnist_sigma20/slice_1,dermmnist,0.113,58.0,7,2003,8012,0.0001,MobileNetV3,5400000,7,0.7494,0.4531,0.0828,0.2136,0.3353,0.51735,0.2576448185001981,0.4914,0.0506,0.9211,0.5045,0.2511,223.0,,True,100.0,contamination_dermmnist,L50_G50,50,10.0,0.497,59,50
0.0,0.0010000000000000009,0.014900000000000024,0.010783333333333367,-26.0,0.011399999999999966,0.044399999999999995,0.009000000000000008,data/dermmnist_sigma10/slice_1,dermmnist,0.113,58.0,7,2003,8012,0.0001,MobileNetV3,5400000,7,0.7678,0.4371,0.0669,0.2051,0.2687,0.6003666666666666,0.1923578060686791,0.553,0.0423,0.9331,0.8,0.1614,223.0,,True,100.0,contamination_dermmnist,L20_G20,20,0.0,0.5644,63,50
0.0,-0.0010000000000000009,-0.014999999999999986,-0.0001166666666665428,-24.0,-0.0021999999999999797,-0.044399999999999995,-0.00899999999999998,data/dermmnist_sigma10/slice_1,dermmnist,0.113,58.0,7,2003,8012,0.0001,MobileNetV3,5400000,7,0.7788,0.4143,0.067,0.194,0.2463,0.6397499999999999,0.16995337350775552,0.5835,0.0406,0.9361,0.7333,0.148,223.0,,True,100.0,contamination_dermmnist,L20_G20,20,0.0,0.5813,64,50
0.0,0.0020000000000000018,0.0,0.01144999999999996,-69.0,0.009800000000000031,0.0,0.0,data/dermmnist_sigma10/slice_1,dermmnist,0.113,58.0,7,2003,8012,0.0001,MobileNetV3,5400000,7,0.7788,0.399,0.0816,0.1865,0.438,0.6343500000000001,0.1666533302997573,0.6063,0.0494,0.9211,0.5321,0.3722,223.0,,True,100.0,contamination_dermmnist,L70_G70,70,10.0,0.6161,55,50
0.0,0.0,-0.005300000000000027,0.0005499999999998284,-11.0,-0.000300000000000078,-0.006399999999999961,-0.004500000000000004,data/dermmnist_sigma10/slice_1,dermmnist,0.113,58.0,7,2003,8012,0.0001,MobileNetV3,5400000,7,0.7858,0.3718,0.0908,0.1678,0.4433,0.6491000000000001,0.15895278124860435,0.6197,0.0575,0.9096,0.5385,0.3767,223.0,,True,100.0,contamination_dermmnist,L70_G70,70,9.0,0.6194,51,50
0.0,0.009500000000000064,0.020699999999999996,0.03321666666666667,-48.0,0.03149999999999997,0.04479999999999995,0.013499999999999984,data/dermmnist_sigma10/slice_1,dermmnist,0.113,58.0,7,2003,8012,0.0001,MobileNetV3,5400000,7,0.7683,0.4435,0.0697,0.2122,0.331,0.5937666666666667,0.21169758829256627,0.5562,0.0396,0.9386,0.7164,0.2152,223.0,,True,100.0,contamination_dermmnist,L30_G30,30,3.0,0.5877,61,50
0.0,0.0040000000000000036,0.013700000000000045,0.007033333333333225,-32.0,0.008000000000000007,0.029799999999999938,0.009000000000000008,data/dermmnist_sigma10/slice_1,dermmnist,0.113,58.0,7,2003,8012,0.0001,MobileNetV3,5400000,7,0.7783,0.409,0.0698,0.1911,0.2966,0.6343166666666668,0.17015899835807163,0.5861,0.0423,0.9356,0.6418,0.1928,223.0,,True,100.0,contamination_dermmnist,L30_G30,30,1.0,0.5941,62,50
0.0,0.006000000000000005,0.018000000000000016,-0.004316666666666635,-71.0,-0.0011999999999999789,0.027000000000000024,0.013500000000000012,data/dermmnist_sigma10/slice_1,dermmnist,0.113,58.0,7,2003,8012,0.0001,MobileNetV3,5400000,7,0.7753,0.4212,0.0713,0.1974,0.4012,0.6342833333333333,0.1740489530435491,0.601,0.0442,0.9296,0.6036,0.3004,223.0,,True,100.0,contamination_dermmnist,L50_G50,50,2.0,0.5998,58,50
0.0,0.0050000000000000044,0.0,0.018283333333333318,-31.0,0.015699999999999936,0.0,0.0,data/dermmnist_sigma10/slice_1,dermmnist,0.113,58.0,7,2003,8012,0.0001,MobileNetV3,5400000,7,0.7803,0.3954,0.0885,0.1887,0.4012,0.62765,0.16916629638711528,0.5953,0.0472,0.9261,0.6036,0.3004,223.0,,True,100.0,contamination_dermmnist,L50_G50,50,20.0,0.611,58,50
0.0,0.000500000000000056,0.0,0.00714999999999999,-37.0,0.006200000000000039,0.0,0.0,data/dermmnist_sigma30/slice_1,dermmnist,0.113,58.0,7,2003,8012,0.0001,MobileNetV3,5400000,7,0.7219,0.5295,0.0533,0.2561,0.209,0.43465,0.25508825760247505,0.4024,0.0349,0.9441,0.6222,0.1256,223.0,,True,100.0,contamination_dermmnist,L20_G20,20,0.0,0.4086,66,50
0.0,-0.0024999999999999467,0.007500000000000007,0.022266666666666712,-31.0,0.020100000000000007,0.022199999999999998,0.00449999999999999,data/dermmnist_sigma30/slice_1,dermmnist,0.113,58.0,7,2003,8012,0.0001,MobileNetV3,5400000,7,0.7249,0.5236,0.0507,0.2517,0.1567,0.4306833333333333,0.2708171179761148,0.3916,0.0326,0.9446,0.4667,0.0942,223.0,,True,100.0,contamination_dermmnist,L20_G20,20,2.0,0.4117,63,50
0.0,0.0,-0.005300000000000027,-0.001933333333333287,-45.0,-0.0025000000000000022,-0.006399999999999961,-0.004500000000000004,data/dermmnist_sigma30/slice_1,dermmnist,0.113,58.0,7,2003,8012,0.0001,MobileNetV3,5400000,7,0.7304,0.4859,0.0731,0.2284,0.3694,0.49674999999999997,0.21169262898520266,0.4786,0.052,0.9146,0.4487,0.3139,223.0,,True,100.0,contamination_dermmnist,L70_G70,70,4.0,0.4761,56,50
0.0,0.0030000000000000027,-0.005299999999999971,0.017100000000000004,-43.0,0.013900000000000023,-0.006399999999999961,-0.004500000000000004,data/dermmnist_sigma30/slice_1,dermmnist,0.113,58.0,7,2003,8012,0.0001,MobileNetV3,5400000,7,0.7344,0.4753,0.0786,0.2228,0.3483,0.5101833333333333,0.20335300519594546,0.4871,0.0513,0.9141,0.4231,0.296,223.0,,True,100.0,contamination_dermmnist,L70_G70,70,4.0,0.501,55,50
0.0,0.0010000000000000009,0.020700000000000024,0.0225833333333334,-43.0,0.022299999999999986,0.04479999999999995,0.013500000000000012,data/dermmnist_sigma30/slice_1,dermmnist,0.113,58.0,7,2003,8012,0.0001,MobileNetV3,5400000,7,0.7259,0.5163,0.0549,0.2459,0.2483,0.44649999999999995,0.23671232188741959,0.4182,0.0395,0.9346,0.5373,0.1614,223.0,,True,100.0,contamination_dermmnist,L30_G30,30,2.0,0.4405,62,50
0.0,0.006000000000000005,0.027599999999999986,0.02918333333333334,-46.0,0.02889999999999998,0.059699999999999975,0.017999999999999988,data/dermmnist_sigma30/slice_1,dermmnist,0.113,58.0,7,2003,8012,0.0001,MobileNetV3,5400000,7,0.7264,0.519,0.0565,0.2497,0.2,0.4530166666666667,0.26033861550339055,0.4169,0.0352,0.9396,0.4328,0.13,223.0,,True,100.0,contamination_dermmnist,L30_G30,30,5.0,0.4458,60,50
0.0,0.0025000000000000577,0.006000000000000005,0.01619999999999988,-52.0,0.01479999999999998,0.008999999999999952,0.004499999999999976,data/dermmnist_sigma30/slice_1,dermmnist,0.113,58.0,7,2003,8012,0.0001,MobileNetV3,5400000,7,0.7269,0.5023,0.0691,0.242,0.3293,0.4617166666666667,0.22794999756281836,0.4428,0.0441,0.9321,0.4955,0.2466,223.0,,True,100.0,contamination_dermmnist,L50_G50,50,1.0,0.4576,59,50
0.0,0.005499999999999949,0.018000000000000016,0.04491666666666666,-67.0,0.04099999999999998,0.027100000000000013,0.013499999999999984,data/dermmnist_sigma30/slice_1,dermmnist,0.113,58.0,7,2003,8012,0.0001,MobileNetV3,5400000,7,0.7329,0.4995,0.0677,0.2381,0.2934,0.47256666666666663,0.24742210671015008,0.447,0.0422,0.9311,0.4414,0.2197,223.0,,True,100.0,contamination_dermmnist,L50_G50,50,0.0,0.488,58,50
0.0,0.0034000000000000696,0.0,0.004999999999999893,-17.0,0.0038000000000000256,0.0,0.0,data/aider_sigma20/slice_1,aider,0.166,4.5,4,1190,4758,0.0001,MobileNetV3,5400000,4,0.8924,0.2285,0.0514,0.1117,0.3279,0.8796333333333334,0.07307737147860635,0.7417,0.0217,0.9765,1.0,0.1961,102.0,,True,100.0,contamination_aider,L20_G20,20,0.0,0.7455,75,50
0.0,0.023500000000000076,0.016400000000000026,0.05376666666666663,-18.0,0.044399999999999995,0.050000000000000044,0.009800000000000003,data/aider_sigma20/slice_1,aider,0.166,4.5,4,1190,4758,0.0001,MobileNetV3,5400000,4,0.8622,0.2812,0.056,0.1385,0.3115,0.8050333333333334,0.09106811858286204,0.6817,0.0217,0.9731,0.95,0.1863,102.0,,True,100.0,contamination_aider,L20_G20,20,0.0,0.7261,67,50
0.0,0.0,0.011599999999999944,-0.003666666666666707,-7.0,0.00019999999999997797,0.014100000000000001,0.009800000000000031,data/aider_sigma20/slice_1,aider,0.166,4.5,4,1190,4758,0.0001,MobileNetV3,5400000,4,0.9361,0.1181,0.1013,0.0516,0.763,0.9159666666666667,0.044693797730284174,0.8777,0.0272,0.9681,0.9296,0.6471,102.0,,True,100.0,contamination_aider,L70_G70,70,0.0,0.8779,62,50
0.0,-0.0009000000000000119,0.011500000000000066,-0.0018666666666667941,-31.0,0.0015000000000000568,0.014100000000000001,0.009800000000000031,data/aider_sigma20/slice_1,aider,0.166,4.5,4,1190,4758,0.0001,MobileNetV3,5400000,4,0.937,0.1612,0.0767,0.0748,0.7977,0.9053333333333334,0.053223825074449074,0.8784,0.0242,0.9748,0.9718,0.6765,102.0,,True,100.0,contamination_aider,L70_G70,70,1.0,0.8799,59,50
0.0,0.0041999999999999815,0.015100000000000002,0.007866666666666688,-22.0,0.009700000000000042,0.032299999999999995,0.009800000000000031,data/aider_sigma20/slice_1,aider,0.166,4.5,4,1190,4758,0.0001,MobileNetV3,5400000,4,0.9042,0.2114,0.0559,0.1004,0.4511,0.8913666666666668,0.06898706803130245,0.7813,0.0238,0.9723,0.9677,0.2941,102.0,,True,100.0,contamination_aider,L30_G30,30,0.0,0.791,72,50
0.0,0.016799999999999926,0.0,0.04193333333333349,-21.0,0.031400000000000095,0.0,0.0,data/aider_sigma20/slice_1,aider,0.166,4.5,4,1190,4758,0.0001,MobileNetV3,5400000,4,0.8866,0.2482,0.0607,0.1207,0.4662,0.8424333333333333,0.07362582578295625,0.7484,0.0234,0.9765,1.0,0.3039,102.0,,True,100.0,contamination_aider,L30_G30,30,3.0,0.7798,65,50
0.0,0.0,0.0131,-0.005633333333333268,-25.0,-0.0010000000000000009,0.019600000000000062,0.009800000000000031,data/aider_sigma20/slice_1,aider,0.166,4.5,4,1190,4758,0.0001,MobileNetV3,5400000,4,0.9218,0.1727,0.084,0.0822,0.6405,0.9062666666666667,0.04683106756084989,0.8399,0.0291,0.9622,0.9608,0.4804,102.0,,True,100.0,contamination_aider,L50_G50,50,0.0,0.8389,67,50
0.0,0.009199999999999986,0.0131,0.01990000000000014,-24.0,0.018100000000000005,0.01959999999999995,0.009799999999999975,data/aider_sigma20/slice_1,aider,0.166,4.5,4,1190,4758,0.0001,MobileNetV3,5400000,4,0.9118,0.1941,0.0784,0.093,0.6536,0.8704999999999999,0.06829245932019143,0.8163,0.0256,0.9681,0.9804,0.4902,102.0,,True,100.0,contamination_aider,L50_G50,50,1.0,0.8344,61,50
0.0,0.030299999999999994,0.1312,0.05799999999999983,-19.0,0.07619999999999993,0.4,0.0785,data/aider_sigma10/slice_1,aider,0.166,4.5,4,1190,4758,0.0001,MobileNetV3,5400000,4,0.8739,0.2527,0.0202,0.1255,0.1967,0.8615666666666667,0.046523279716240505,0.6954,0.0124,0.9882,0.6,0.1176,102.0,,True,100.0,contamination_aider,L20_G20,20,1.0,0.7716,73,50
0.0,0.026100000000000012,0.09840000000000002,0.04816666666666658,-11.0,0.060699999999999976,0.30000000000000004,0.05879999999999999,data/aider_sigma10/slice_1,aider,0.166,4.5,4,1190,4758,0.0001,MobileNetV3,5400000,4,0.8773,0.2495,0.0141,0.1242,0.2295,0.8705333333333334,0.06053540745345285,0.7103,0.0119,0.9891,0.7,0.1373,102.0,,True,100.0,contamination_aider,L20_G20,20,6.0,0.771,63,50
0.0,0.0033999999999999586,0.0,0.005166666666666653,-21.0,0.0038000000000000256,0.0,0.0,data/aider_sigma10/slice_1,aider,0.166,4.5,4,1190,4758,0.0001,MobileNetV3,5400000,4,0.9487,0.1242,0.1004,0.0594,0.8208,0.9334333333333333,0.02571411199235853,0.9053,0.022,0.9748,1.0,0.6961,102.0,,True,100.0,contamination_aider,L70_G70,70,4.0,0.9091,64,50
0.0,0.03859999999999997,0.21960000000000002,0.0449666666666666,-56.0,0.08860000000000001,0.26759999999999995,0.18630000000000002,data/aider_sigma10/slice_1,aider,0.166,4.5,4,1190,4758,0.0001,MobileNetV3,5400000,4,0.9185,0.192,0.0383,0.0953,0.6012,0.9080333333333334,0.03371966126098475,0.8313,0.0162,0.9824,0.7324,0.5098,102.0,,True,100.0,contamination_aider,L70_G70,70,2.0,0.9199,59,50
0.0,0.005900000000000016,0.0,0.012166666666666659,-24.0,0.009100000000000108,0.0,0.0,data/aider_sigma10/slice_1,aider,0.166,4.5,4,1190,4758,0.0001,MobileNetV3,5400000,4,0.9092,0.2106,0.0387,0.1036,0.4662,0.9125,0.022015146301277842,0.8009,0.0157,0.984,1.0,0.3039,102.0,,True,100.0,contamination_aider,L30_G30,30,0.0,0.81,70,50
0.0,0.05120000000000002,0.2707,0.08383333333333354,-28.0,0.13060000000000005,0.5806,0.1764,data/aider_sigma10/slice_1,aider,0.166,4.5,4,1190,4758,0.0001,MobileNetV3,5400000,4,0.8664,0.2501,0.0213,0.1226,0.1955,0.8489999999999999,0.059040720411142215,0.6856,0.0126,0.9849,0.4194,0.1275,102.0,,True,100.0,contamination_aider,L30_G30,30,1.0,0.8162,62,50
0.0,0.0033999999999999586,0.0,0.004666666666666708,-31.0,0.0034999999999999476,0.0,0.0,data/aider_sigma10/slice_1,aider,0.166,4.5,4,1190,4758,0.0001,MobileNetV3,5400000,4,0.9294,0.1834,0.053,0.0877,0.6667,0.9228666666666666,0.02524180835219399,0.8588,0.0189,0.9748,1.0,0.5,102.0,,True,100.0,contamination_aider,L50_G50,50,2.0,0.8623,67,50
0.0,0.04949999999999999,0.27449999999999997,0.06806666666666661,-45.0,0.11970000000000003,0.41180000000000005,0.20590000000000003,data/aider_sigma10/slice_1,aider,0.166,4.5,4,1190,4758,0.0001,MobileNetV3,5400000,4,0.8866,0.2264,0.0321,0.1111,0.3922,0.8713333333333334,0.046161335432252044,0.7515,0.0147,0.979,0.5882,0.2941,102.0,,True,100.0,contamination_aider,L50_G50,50,0.0,0.8712,60,50
0.0,0.019299999999999984,0.016400000000000026,0.038066666666666804,-13.0,0.03260000000000007,0.050000000000000044,0.009800000000000003,data/aider_sigma30/slice_1,aider,0.166,4.5,4,1190,4758,0.0001,MobileNetV3,5400000,4,0.8521,0.293,0.0705,0.1394,0.3115,0.7862333333333332,0.1216805745475514,0.6676,0.0353,0.9588,0.95,0.1863,102.0,,True,100.0,contamination_aider,L20_G20,20,3.0,0.7002,62,50
0.0,0.010099999999999998,0.016400000000000026,0.019233333333333213,-16.0,0.01849999999999996,0.050000000000000044,0.009800000000000003,data/aider_sigma30/slice_1,aider,0.166,4.5,4,1190,4758,0.0001,MobileNetV3,5400000,4,0.8571,0.2828,0.0758,0.1359,0.3115,0.7936666666666667,0.13776021034956193,0.6731,0.0346,0.9571,0.95,0.1863,102.0,,True,100.0,contamination_aider,L20_G20,20,1.0,0.6916,63,50
0.0,0.005800000000000027,0.02310000000000001,0.012700000000000045,-40.0,0.01529999999999998,0.028200000000000003,0.019600000000000062,data/aider_sigma30/slice_1,aider,0.166,4.5,4,1190,4758,0.0001,MobileNetV3,5400000,4,0.9076,0.2076,0.0842,0.0967,0.7399,0.8551333333333333,0.07257347234967394,0.8263,0.0362,0.9588,0.9014,0.6275,102.0,,True,100.0,contamination_aider,L70_G70,70,0.0,0.8416,56,50
0.0,0.00759999999999994,0.05779999999999996,0.0068666666666665765,-34.0,0.019600000000000062,0.07040000000000002,0.049000000000000044,data/aider_sigma30/slice_1,aider,0.166,4.5,4,1190,4758,0.0001,MobileNetV3,5400000,4,0.9092,0.1926,0.0977,0.0885,0.7399,0.8555666666666667,0.09139155078865639,0.8267,0.0395,0.9563,0.9014,0.6275,102.0,,True,100.0,contamination_aider,L70_G70,70,0.0,0.8463,55,50
0.0,0.01849999999999996,0.030100000000000016,0.04249999999999998,-25.0,0.03939999999999999,0.0645,0.019600000000000006,data/aider_sigma30/slice_1,aider,0.166,4.5,4,1190,4758,0.0001,MobileNetV3,5400000,4,0.8655,0.282,0.0709,0.1376,0.4361,0.7985666666666665,0.10708832284095637,0.7079,0.03,0.9647,0.9355,0.2843,102.0,,True,100.0,contamination_aider,L30_G30,30,2.0,0.7473,61,50
0.0,0.010099999999999998,0.0,0.026933333333333254,-23.0,0.020199999999999996,0.0,0.0,data/aider_sigma30/slice_1,aider,0.166,4.5,4,1190,4758,0.0001,MobileNetV3,5400000,4,0.8723,0.2642,0.0816,0.1254,0.4511,0.8076,0.1290140302447761,0.7185,0.0365,0.9538,0.9677,0.2941,102.0,,True,100.0,contamination_aider,L30_G30,30,1.0,0.7387,60,50
0.0,0.012599999999999945,0.013000000000000012,0.028133333333333344,-39.0,0.024399999999999977,0.01959999999999995,0.009799999999999975,data/aider_sigma30/slice_1,aider,0.166,4.5,4,1190,4758,0.0001,MobileNetV3,5400000,4,0.8899,0.2509,0.0798,0.1203,0.6275,0.8300666666666667,0.08839103775584689,0.7794,0.0339,0.958,0.9412,0.4706,102.0,,True,100.0,contamination_aider,L50_G50,50,0.0,0.8038,59,50
0.0,0.007499999999999951,0.0131,0.01869999999999994,-33.0,0.017299999999999982,0.019600000000000062,0.009800000000000031,data/aider_sigma30/slice_1,aider,0.166,4.5,4,1190,4758,0.0001,MobileNetV3,5400000,4,0.895,0.2341,0.0796,0.1093,0.6405,0.8339333333333334,0.1070280440922949,0.7856,0.0372,0.9588,0.9608,0.4804,102.0,,True,100.0,contamination_aider,L50_G50,50,0.0,0.8029,58,50
0.0,-0.0026000000000000467,-0.0016999999999999932,0.00269999999999998,0.0,0.0020999999999999908,-0.04409999999999997,0.0,data/tissuemnist/slice_1,tissuemnist,0.071,6.0,8,2400,9600,0.0001,MobileNetV3,5400000,8,0.5088,0.8579,0.0711,0.3949,0.0775,0.39775714285714286,0.18124862054365987,0.3578,0.1192,0.8021,0.2941,0.0446,112.0,,True,100.0,g3_multiclass_tissue,L20_G20,20,0.0,0.3599,72,50
0.0,0.010799999999999976,-0.0022999999999999965,0.00844285714285714,0.0,0.007099999999999995,-0.055999999999999966,0.0,data/tissuemnist/slice_1,tissuemnist,0.071,6.0,8,2400,9600,0.0001,MobileNetV3,5400000,8,0.4954,0.8737,0.0718,0.4036,0.0775,0.39112857142857144,0.19096205093672194,0.3519,0.1256,0.7983,0.2941,0.0446,112.0,,True,100.0,g3_multiclass_tissue,L20_G20,20,0.0,0.359,72,50
0.0,-0.011299999999999977,-0.015600000000000003,-0.008542857142857074,0.0,-0.009500000000000008,-0.0625,-0.008900000000000005,data/tissuemnist/slice_1,tissuemnist,0.071,6.0,8,2400,9600,0.0001,MobileNetV3,5400000,8,0.4992,0.859,0.0759,0.3875,0.125,0.3889428571428571,0.18029829138832965,0.356,0.1377,0.7629,0.5,0.0714,112.0,,True,100.0,g3_multiclass_tissue,L20_G20,20,0.0,0.3465,66,50
0.0,0.0046000000000000485,0.014300000000000007,-0.0012428571428571011,0.0,0.0006999999999999784,0.02779999999999999,0.008899999999999998,data/tissuemnist/slice_1,tissuemnist,0.071,6.0,8,2400,9600,0.0001,MobileNetV3,5400000,8,0.5112,0.8425,0.0804,0.3775,0.0615,0.42257142857142854,0.1474398735977843,0.3774,0.1384,0.7683,0.2222,0.0357,112.0,,True,100.0,g3_multiclass_tissue,L20_G20,20,0.0,0.3781,82,50
0.0,0.0050000000000000044,0.0,0.006957142857142773,3.0,0.006099999999999994,0.0,0.0,data/tissuemnist/slice_1,tissuemnist,0.071,6.0,8,2400,9600,0.0001,MobileNetV3,5400000,8,0.5079,0.8509,0.0806,0.3956,0.2211,0.3887285714285715,0.18953658308234486,0.3678,0.1223,0.8042,0.2692,0.1875,112.0,,True,100.0,g3_multiclass_tissue,L70_G70,70,5.0,0.3739,58,50
0.0,-0.00039999999999995595,0.0,0.003071428571428614,0.0,0.0027000000000000357,0.0,0.0,data/tissuemnist/slice_1,tissuemnist,0.071,6.0,8,2400,9600,0.0001,MobileNetV3,5400000,8,0.5033,0.8679,0.0714,0.3954,0.2105,0.3825,0.19921945544693026,0.361,0.129,0.795,0.2564,0.1786,112.0,,True,100.0,g3_multiclass_tissue,L70_G70,70,5.0,0.3637,58,50
0.0,-0.0030000000000000027,0.021100000000000008,-0.004357142857142837,-26.0,-0.0012000000000000344,0.02560000000000001,0.01780000000000001,data/tissuemnist/slice_1,tissuemnist,0.071,6.0,8,2400,9600,0.0001,MobileNetV3,5400000,8,0.5042,0.8477,0.0764,0.3793,0.2842,0.3838714285714286,0.1853991193867645,0.3714,0.144,0.7542,0.3462,0.2411,112.0,,True,100.0,g3_multiclass_tissue,L70_G70,70,6.0,0.3702,60,50
0.0,-0.0036999999999999256,0.01050000000000001,0.0033714285714286363,-15.0,0.0042999999999999705,0.012800000000000006,0.008899999999999991,data/tissuemnist/slice_1,tissuemnist,0.071,6.0,8,2400,9600,0.0001,MobileNetV3,5400000,8,0.5133,0.822,0.0894,0.3657,0.1895,0.42141428571428563,0.15161672946301546,0.3924,0.1489,0.7521,0.2308,0.1607,112.0,,True,100.0,g3_multiclass_tissue,L70_G70,70,2.0,0.3967,67,50
0.0,0.0008000000000000229,0.027400000000000008,-0.007257142857142906,0.0,-0.0029000000000000137,0.05879999999999999,0.0179,data/tissuemnist/slice_1,tissuemnist,0.071,6.0,8,2400,9600,0.0001,MobileNetV3,5400000,8,0.5092,0.855,0.0747,0.3948,0.0959,0.39888571428571434,0.1811906685437938,0.361,0.1196,0.8033,0.2059,0.0625,112.0,,True,100.0,g3_multiclass_tissue,L30_G30,30,9.0,0.3581,68,50
0.0,0.0008000000000000229,0.013700000000000004,8.571428571424455e-05,-1.0,0.0018000000000000238,0.02940000000000001,0.008899999999999998,data/tissuemnist/slice_1,tissuemnist,0.071,6.0,8,2400,9600,0.0001,MobileNetV3,5400000,8,0.5025,0.8672,0.0666,0.3946,0.0822,0.39381428571428573,0.19489717016615588,0.3549,0.1267,0.79,0.1765,0.0536,112.0,,True,100.0,g3_multiclass_tissue,L30_G30,30,7.0,0.3567,67,50
0.0,-0.010799999999999976,0.0,-0.002114285714285735,-5.0,-0.0018999999999999573,0.0,0.0,data/tissuemnist/slice_1,tissuemnist,0.071,6.0,8,2400,9600,0.0001,MobileNetV3,5400000,8,0.5004,0.8545,0.0748,0.384,0.1507,0.3859857142857143,0.18232139932838717,0.3566,0.1403,0.7571,0.3235,0.0982,112.0,,True,100.0,g3_multiclass_tissue,L30_G30,30,8.0,0.3547,64,50
0.0,0.007900000000000018,-0.013700000000000004,0.006857142857142784,3.0,0.004300000000000026,-0.02939999999999998,-0.008900000000000005,data/tissuemnist/slice_1,tissuemnist,0.071,6.0,8,2400,9600,0.0001,MobileNetV3,5400000,8,0.51,0.8312,0.0953,0.3764,0.137,0.4173428571428572,0.14683946391643257,0.3823,0.1435,0.7575,0.2941,0.0893,112.0,,True,100.0,g3_multiclass_tissue,L30_G30,30,8.0,0.3866,74,50
0.0,0.0012999999999999678,0.011899999999999994,0.0001142857142856224,-3.0,0.0015999999999999903,0.01780000000000001,0.008999999999999994,data/tissuemnist/slice_1,tissuemnist,0.071,6.0,8,2400,9600,0.0001,MobileNetV3,5400000,8,0.5079,0.8519,0.0759,0.3937,0.1429,0.3929857142857143,0.18928821130428464,0.3617,0.1208,0.8033,0.2143,0.1071,112.0,,True,100.0,g3_multiclass_tissue,L50_G50,50,6.0,0.3633,62,50
0.0,0.009199999999999986,0.011899999999999994,0.004042857142857126,0.0,0.0050000000000000044,0.0179,0.008900000000000005,data/tissuemnist/slice_1,tissuemnist,0.071,6.0,8,2400,9600,0.0001,MobileNetV3,5400000,8,0.5,0.8664,0.077,0.3983,0.1548,0.3846142857142857,0.19600054248154833,0.3559,0.1277,0.7921,0.2321,0.1161,112.0,,True,100.0,g3_multiclass_tissue,L50_G50,50,3.0,0.3609,61,50
0.0,-0.0017000000000000348,0.011899999999999994,0.0006142857142856784,-9.0,0.0020000000000000018,0.017799999999999983,0.009000000000000008,data/tissuemnist/slice_1,tissuemnist,0.071,6.0,8,2400,9600,0.0001,MobileNetV3,5400000,8,0.5017,0.8502,0.0786,0.382,0.2262,0.38252857142857144,0.18400387972839605,0.363,0.1426,0.7588,0.3393,0.1696,112.0,,True,100.0,g3_multiclass_tissue,L50_G50,50,8.0,0.365,62,50
0.0,-0.004999999999999893,0.0,-0.0018571428571428905,-9.0,-0.0017000000000000348,0.0,0.0,data/tissuemnist/slice_1,tissuemnist,0.071,6.0,8,2400,9600,0.0001,MobileNetV3,5400000,8,0.5146,0.825,0.0896,0.3683,0.1905,0.4235857142857143,0.1490441682241632,0.3945,0.147,0.7596,0.2857,0.1429,112.0,,True,100.0,g3_multiclass_tissue,L50_G50,50,5.0,0.3928,68,50
0.0,0.0024999999999999467,-0.0199,0.005528571428571438,8.0,0.0024000000000000132,-0.022499999999999992,-0.0179,data/tissuemnist/slice_1,tissuemnist,0.071,6.0,8,2400,9600,0.0001,MobileNetV3,5400000,8,0.5079,0.8513,0.0807,0.3956,0.2388,0.3890142857142857,0.1886898924431409,0.3702,0.1228,0.805,0.2697,0.2143,112.0,,True,100.0,g3_multiclass_tissue,L80_G80,80,10.0,0.3726,57,50
0.0,0.0,0.00990000000000002,-0.0030000000000000027,-2.0,-0.0014000000000000123,0.011200000000000015,0.008899999999999991,data/tissuemnist/slice_1,tissuemnist,0.071,6.0,8,2400,9600,0.0001,MobileNetV3,5400000,8,0.5004,0.8697,0.0739,0.3962,0.209,0.3790714285714286,0.19876861432534143,0.3578,0.1297,0.7929,0.236,0.1875,112.0,,True,100.0,g3_multiclass_tissue,L80_G80,80,1.0,0.3564,56,50
0.0,-0.0025000000000000577,-0.029900000000000038,-0.004099999999999937,-11.0,-0.007299999999999973,-0.03370000000000001,-0.026699999999999946,data/tissuemnist/slice_1,tissuemnist,0.071,6.0,8,2400,9600,0.0001,MobileNetV3,5400000,8,0.5046,0.8434,0.0827,0.3804,0.3284,0.3824714285714285,0.18640398305282851,0.3757,0.146,0.7512,0.3708,0.2946,112.0,,True,100.0,g3_multiclass_tissue,L80_G80,80,11.0,0.3684,59,50
0.0,-0.012499999999999956,-0.0199,0.0034714285714285698,-9.0,0.0006000000000000449,-0.02240000000000003,-0.0179,data/tissuemnist/slice_1,tissuemnist,0.071,6.0,8,2400,9600,0.0001,MobileNetV3,5400000,8,0.5142,0.8212,0.0924,0.3682,0.2289,0.4215285714285714,0.15181410356358965,0.3974,0.1499,0.7525,0.2584,0.2054,112.0,,True,100.0,g3_multiclass_tissue,L80_G80,80,5.0,0.398,66,50
0.0,0.0,0.013999999999999985,0.006214285714285728,-4.0,0.007199999999999984,0.042300000000000004,0.008400000000000005,data/tissuemnist/slice_1,tissuemnist,0.071,6.0,8,2400,9600,0.0001,MobileNetV3,5400000,8,0.515,0.8511,0.0664,0.389,0.1776,0.39894285714285715,0.18639336175444246,0.3713,0.1172,0.81,0.5352,0.1064,357.0,,True,100.0,g3_multiclass_tissue,L20_G20,20,5.0,0.3785,66,50
0.0,0.003300000000000025,-0.009399999999999992,0.004057142857142815,-11.0,0.0023000000000000242,-0.028200000000000003,-0.005699999999999983,data/tissuemnist/slice_1,tissuemnist,0.071,6.0,8,2400,9600,0.0001,MobileNetV3,5400000,8,0.4925,0.8895,0.0809,0.4152,0.215,0.3558714285714286,0.20388133603563,0.3383,0.1178,0.8083,0.6479,0.1289,357.0,,True,100.0,g3_multiclass_tissue,L20_G20,20,7.0,0.3406,70,50
0.0,-0.0034000000000000696,0.013999999999999985,0.0014142857142857013,-7.0,0.0030000000000000027,0.042200000000000015,0.00839999999999999,data/tissuemnist/slice_1,tissuemnist,0.071,6.0,8,2400,9600,0.0001,MobileNetV3,5400000,8,0.5217,0.8355,0.0743,0.3748,0.1869,0.39558571428571426,0.19740778989240543,0.3695,0.131,0.7788,0.5634,0.112,357.0,,True,100.0,g3_multiclass_tissue,L20_G20,20,22.0,0.3725,65,50
0.0,0.0020999999999999908,-0.004699999999999982,0.007371428571428584,-17.0,0.005899999999999961,-0.014100000000000001,-0.002799999999999997,data/tissuemnist/slice_1,tissuemnist,0.071,6.0,8,2400,9600,0.0001,MobileNetV3,5400000,8,0.5071,0.8429,0.0903,0.3819,0.1916,0.4078142857142857,0.1667177634598702,0.3808,0.1425,0.7717,0.5775,0.1148,357.0,,True,100.0,g3_multiclass_tissue,L20_G20,20,7.0,0.3867,68,50
0.0,-0.0038000000000000256,-0.0032999999999999696,-0.0010142857142856898,-30.0,-0.0013000000000000234,-0.0040000000000000036,-0.002799999999999969,data/tissuemnist/slice_1,tissuemnist,0.071,6.0,8,2400,9600,0.0001,MobileNetV3,5400000,8,0.5117,0.8517,0.0779,0.3945,0.3333,0.3958285714285714,0.18075546001858592,0.388,0.1234,0.8029,0.4056,0.2829,357.0,,True,100.0,g3_multiclass_tissue,L70_G70,70,114.0,0.3867,51,50
0.0,-0.0021000000000000463,-0.003300000000000025,-0.0008285714285714563,-34.0,-0.0010999999999999899,-0.0040000000000000036,-0.0028000000000000247,data/tissuemnist/slice_1,tissuemnist,0.071,6.0,8,2400,9600,0.0001,MobileNetV3,5400000,8,0.4917,0.8741,0.0759,0.3995,0.3234,0.35892857142857143,0.20647062547411793,0.3545,0.1315,0.7921,0.3936,0.2745,357.0,,True,100.0,g3_multiclass_tissue,L70_G70,70,31.0,0.3534,51,50
0.0,-0.006200000000000039,-0.0032999999999999696,-0.007699999999999929,-28.0,-0.007099999999999995,-0.0040000000000000036,-0.002799999999999969,data/tissuemnist/slice_1,tissuemnist,0.071,6.0,8,2400,9600,0.0001,MobileNetV3,5400000,8,0.5029,0.837,0.0785,0.3723,0.3036,0.3942571428571428,0.18066886724567885,0.3829,0.1499,0.75,0.3695,0.2577,357.0,,True,100.0,g3_multiclass_tissue,L70_G70,70,57.0,0.3758,51,50
0.0,-0.007899999999999963,-0.01319999999999999,-0.006957142857142773,-9.0,-0.007799999999999974,-0.016100000000000003,-0.011199999999999988,data/tissuemnist/slice_1,tissuemnist,0.071,6.0,8,2400,9600,0.0001,MobileNetV3,5400000,8,0.5062,0.8363,0.0846,0.3732,0.3399,0.41402857142857136,0.15331282412380356,0.4048,0.1558,0.7421,0.4137,0.2885,357.0,,True,100.0,g3_multiclass_tissue,L70_G70,70,45.0,0.397,51,50
0.0,0.0041999999999999815,0.012899999999999995,0.005642857142857116,8.0,0.006599999999999995,0.028100000000000014,0.00839999999999999,data/tissuemnist/slice_1,tissuemnist,0.071,6.0,8,2400,9600,0.0001,MobileNetV3,5400000,8,0.5083,0.8518,0.0783,0.3949,0.2112,0.3950857142857143,0.18401279791340158,0.3721,0.1234,0.8025,0.4579,0.1373,357.0,,True,100.0,g3_multiclass_tissue,L30_G30,30,11.0,0.3787,51,50
0.0,0.0032999999999999696,-0.02150000000000002,0.026357142857142912,-25.0,0.02040000000000003,-0.046700000000000075,-0.013999999999999985,data/tissuemnist/slice_1,tissuemnist,0.071,6.0,8,2400,9600,0.0001,MobileNetV3,5400000,8,0.5017,0.8789,0.0734,0.406,0.2629,0.3623285714285714,0.2040656176981576,0.3499,0.1191,0.8067,0.5701,0.1709,357.0,,True,100.0,g3_multiclass_tissue,L30_G30,30,1.0,0.3703,66,50
0.0,-0.0037000000000000366,0.004299999999999998,-0.0017714285714285904,-10.0,-0.0010000000000000009,0.00930000000000003,0.002799999999999997,data/tissuemnist/slice_1,tissuemnist,0.071,6.0,8,2400,9600,0.0001,MobileNetV3,5400000,8,0.5162,0.8328,0.0767,0.3733,0.2241,0.3952,0.1913131165692216,0.3738,0.1375,0.7729,0.486,0.1457,357.0,,True,100.0,g3_multiclass_tissue,L30_G30,30,19.0,0.3728,61,50
0.0,-0.0030000000000000027,-0.004299999999999998,-0.0024714285714285134,-20.0,-0.00269999999999998,-0.009399999999999964,-0.0028000000000000247,data/tissuemnist/slice_1,tissuemnist,0.071,6.0,8,2400,9600,0.0001,MobileNetV3,5400000,8,0.5088,0.8385,0.091,0.3793,0.2414,0.411,0.15924152365869543,0.3898,0.1456,0.7683,0.5234,0.1569,357.0,,True,100.0,g3_multiclass_tissue,L30_G30,30,7.0,0.3871,63,50
0.0,0.0020999999999999908,0.052899999999999975,0.0002714285714285891,0.0,0.006800000000000028,0.020500000000000018,0.04479999999999998,data/tissuemnist/slice_1,tissuemnist,0.071,6.0,8,2400,9600,0.0001,MobileNetV3,5400000,8,0.5083,0.8517,0.0779,0.3945,0.2078,0.3955428571428571,0.18374668787796544,0.3721,0.1234,0.8029,0.4571,0.1345,357.0,,True,100.0,g3_multiclass_tissue,L50_G50,50,0.0,0.3789,51,50
0.0,0.0009000000000000119,0.014600000000000002,0.007414285714285651,0.0,0.008299999999999974,-0.005899999999999961,0.01680000000000001,data/tissuemnist/slice_1,tissuemnist,0.071,6.0,8,2400,9600,0.0001,MobileNetV3,5400000,8,0.5012,0.8718,0.072,0.3996,0.2846,0.36401428571428573,0.20835016149722171,0.3541,0.1265,0.8029,0.4679,0.2045,357.0,,True,100.0,g3_multiclass_tissue,L50_G50,50,0.0,0.3624,57,50
0.0,0.0012999999999999678,0.007900000000000018,0.0002714285714284781,0.0,0.0011999999999999789,0.013400000000000023,0.005599999999999994,data/tissuemnist/slice_1,tissuemnist,0.071,6.0,8,2400,9600,0.0001,MobileNetV3,5400000,8,0.5058,0.8364,0.0826,0.3743,0.2372,0.39442857142857146,0.18491379237970568,0.3748,0.1484,0.7533,0.4027,0.1681,357.0,,True,100.0,g3_multiclass_tissue,L50_G50,50,0.0,0.376,54,50
0.0,-0.0016999999999999238,-0.0019000000000000128,-0.002271428571428591,0.0,-0.0022000000000000353,-0.022300000000000042,0.002799999999999997,data/tissuemnist/slice_1,tissuemnist,0.071,6.0,8,2400,9600,0.0001,MobileNetV3,5400000,8,0.5075,0.8373,0.0806,0.3729,0.3038,0.4104142857142858,0.1588478106200256,0.3971,0.1521,0.7542,0.4847,0.2213,357.0,,True,100.0,g3_multiclass_tissue,L50_G50,50,0.0,0.3949,56,50
0.0,-0.005400000000000071,-0.0030999999999999917,-0.003785714285714281,-22.0,-0.003699999999999981,-0.003500000000000003,-0.0028000000000000247,data/tissuemnist/slice_1,tissuemnist,0.071,6.0,8,2400,9600,0.0001,MobileNetV3,5400000,8,0.5096,0.8517,0.0779,0.3945,0.3328,0.3942428571428572,0.18118465606070713,0.3866,0.1234,0.8029,0.3741,0.2997,357.0,,True,100.0,g3_multiclass_tissue,L80_G80,80,159.0,0.3829,51,50
0.0,-0.004200000000000037,-0.015500000000000014,0.002257142857142791,-46.0,0.0,-0.017500000000000016,-0.014000000000000012,data/tissuemnist/slice_1,tissuemnist,0.071,6.0,8,2400,9600,0.0001,MobileNetV3,5400000,8,0.4913,0.8741,0.0759,0.3995,0.3421,0.35692857142857143,0.20710276754918225,0.3551,0.1315,0.7921,0.3846,0.3081,357.0,,True,100.0,g3_multiclass_tissue,L80_G80,80,56.0,0.3551,51,50
0.0,-0.006699999999999928,0.0,-0.0070428571428571285,-43.0,-0.006199999999999983,0.0,0.0,data/tissuemnist/slice_1,tissuemnist,0.071,6.0,8,2400,9600,0.0001,MobileNetV3,5400000,8,0.5025,0.837,0.0785,0.3723,0.3204,0.39454285714285714,0.1796793481824367,0.3853,0.1499,0.75,0.3601,0.2885,357.0,,True,100.0,g3_multiclass_tissue,L80_G80,80,79.0,0.3791,51,50
0.0,-0.006200000000000039,-0.006200000000000039,-0.012285714285714233,-26.0,-0.01150000000000001,-0.007000000000000006,-0.005599999999999994,data/tissuemnist/slice_1,tissuemnist,0.071,6.0,8,2400,9600,0.0001,MobileNetV3,5400000,8,0.5058,0.8363,0.0846,0.3732,0.3577,0.41324285714285713,0.15236427081310158,0.4063,0.1558,0.7421,0.4021,0.3221,357.0,,True,100.0,g3_multiclass_tissue,L80_G80,80,65.0,0.3948,51,50
0.0,0.0024999999999999467,0.0,0.0007428571428571562,-1.0,0.0005999999999999894,0.0,0.0,data/tissuemnist/slice_1,tissuemnist,0.071,6.0,8,2400,9600,0.0001,MobileNetV3,5400000,8,0.5129,0.8663,0.0649,0.4048,0.1569,0.3642142857142857,0.21140798355361154,0.3383,0.1023,0.8279,0.4706,0.0941,85.0,,True,100.0,g3_multiclass_tissue,L20_G20,20,6.0,0.3389,84,50
0.0,0.0024999999999999467,-0.019599999999999992,-0.0025571428571428134,2.0,-0.0047000000000000375,-0.05880000000000002,-0.011799999999999998,data/tissuemnist/slice_1,tissuemnist,0.071,6.0,8,2400,9600,0.0001,MobileNetV3,5400000,8,0.5067,0.8714,0.0686,0.4067,0.1176,0.35579999999999995,0.2043950586486865,0.326,0.1044,0.8221,0.3529,0.0706,85.0,,True,100.0,g3_multiclass_tissue,L20_G20,20,2.0,0.3213,92,50
0.0,-0.0007999999999999119,-0.019599999999999992,0.0008285714285715118,-1.0,-0.0016999999999999793,-0.05880000000000002,-0.011799999999999998,data/tissuemnist/slice_1,tissuemnist,0.071,6.0,8,2400,9600,0.0001,MobileNetV3,5400000,8,0.5146,0.8494,0.0717,0.3852,0.1176,0.3847428571428571,0.20059073370666847,0.3513,0.1248,0.8025,0.3529,0.0706,85.0,,True,100.0,g3_multiclass_tissue,L20_G20,20,2.0,0.3496,67,50
0.0,-0.003400000000000014,0.0,-0.0052857142857142825,2.0,-0.004599999999999993,0.0,0.0,data/tissuemnist/slice_1,tissuemnist,0.071,6.0,8,2400,9600,0.0001,MobileNetV3,5400000,8,0.4963,0.885,0.064,0.4093,0.1765,0.38908571428571426,0.1719418375794678,0.3625,0.1197,0.795,0.5294,0.1059,85.0,,True,100.0,g3_multiclass_tissue,L20_G20,20,6.0,0.3579,79,50
0.0,0.0016999999999999238,-0.02030000000000004,0.012457142857142833,0.0,0.008299999999999974,-0.06709999999999999,0.0,data/tissuemnist/slice_1,tissuemnist,0.071,6.0,8,2400,9600,0.0001,MobileNetV3,5400000,8,0.5179,0.8461,0.0688,0.3903,0.3259,0.37658571428571425,0.20119910130849725,0.3703,0.1125,0.8079,0.44,0.2588,85.0,,True,100.0,g3_multiclass_tissue,L70_G70,70,0.0,0.3786,67,50
0.0,0.009099999999999997,0.051700000000000024,0.013414285714285712,0.0,0.018199999999999994,0.0040999999999999925,0.05879999999999996,data/tissuemnist/slice_1,tissuemnist,0.071,6.0,8,2400,9600,0.0001,MobileNetV3,5400000,8,0.5138,0.8595,0.0645,0.3991,0.2742,0.36432857142857145,0.20336029753185578,0.3531,0.1076,0.8196,0.4359,0.2,85.0,,True,100.0,g3_multiclass_tissue,L70_G70,70,0.0,0.3713,71,50
0.0,-0.00539999999999996,0.015600000000000003,-0.009657142857142809,0.0,-0.006500000000000006,-0.006899999999999962,0.02350000000000002,data/tissuemnist/slice_1,tissuemnist,0.071,6.0,8,2400,9600,0.0001,MobileNetV3,5400000,8,0.515,0.8357,0.0736,0.3719,0.2222,0.3977285714285714,0.1890712164713582,0.3758,0.1397,0.7625,0.3,0.1765,85.0,,True,100.0,g3_multiclass_tissue,L70_G70,70,0.0,0.3693,60,50
0.0,-0.007099999999999995,0.026600000000000013,-0.0019285714285714461,0.0,0.0015999999999999903,0.02999999999999997,0.023499999999999965,data/tissuemnist/slice_1,tissuemnist,0.071,6.0,8,2400,9600,0.0001,MobileNetV3,5400000,8,0.5092,0.8431,0.0761,0.3817,0.2899,0.40025714285714287,0.17379860970299468,0.3865,0.1373,0.7704,0.3774,0.2353,85.0,,True,100.0,g3_multiclass_tissue,L70_G70,70,0.0,0.3881,66,50
0.0,0.006699999999999928,0.018199999999999994,0.008671428571428608,-6.0,0.009899999999999964,0.03999999999999998,0.011800000000000005,data/tissuemnist/slice_1,tissuemnist,0.071,6.0,8,2400,9600,0.0001,MobileNetV3,5400000,8,0.5158,0.8609,0.0614,0.3998,0.2,0.371,0.20750000344234076,0.3496,0.1044,0.8246,0.44,0.1294,85.0,,True,100.0,g3_multiclass_tissue,L30_G30,30,3.0,0.3595,75,50
0.0,0.0029000000000000137,0.0,0.0006571428571428006,3.0,0.0006000000000000449,0.0,0.0,data/tissuemnist/slice_1,tissuemnist,0.071,6.0,8,2400,9600,0.0001,MobileNetV3,5400000,8,0.5083,0.8703,0.0679,0.4056,0.1818,0.35445714285714286,0.20588041506205113,0.3329,0.1047,0.8213,0.4,0.1176,85.0,,True,100.0,g3_multiclass_tissue,L30_G30,30,10.0,0.3335,84,50
0.0,-0.00039999999999995595,0.018199999999999994,-0.002628571428571369,-6.0,-0.0001000000000000445,0.040000000000000036,0.011700000000000002,data/tissuemnist/slice_1,tissuemnist,0.071,6.0,8,2400,9600,0.0001,MobileNetV3,5400000,8,0.5162,0.8454,0.0708,0.3821,0.1636,0.38654285714285713,0.19761821675097851,0.3587,0.1269,0.7996,0.36,0.1059,85.0,,True,100.0,g3_multiclass_tissue,L30_G30,30,1.0,0.3586,65,50
0.0,0.003699999999999981,-0.018199999999999994,-0.003257142857142903,1.0,-0.005099999999999993,-0.03999999999999998,-0.011800000000000005,data/tissuemnist/slice_1,tissuemnist,0.071,6.0,8,2400,9600,0.0001,MobileNetV3,5400000,8,0.4996,0.8669,0.0753,0.3998,0.2182,0.39534285714285716,0.16995564847624098,0.3732,0.125,0.7942,0.48,0.1412,85.0,,True,100.0,g3_multiclass_tissue,L30_G30,30,5.0,0.3681,72,50
0.0,0.0029000000000000137,-0.014200000000000046,0.008571428571428508,0.0,0.005699999999999983,-0.08379999999999999,0.0,data/tissuemnist/slice_1,tissuemnist,0.071,6.0,8,2400,9600,0.0001,MobileNetV3,5400000,8,0.5192,0.8504,0.0625,0.3916,0.2906,0.38008571428571425,0.20075998056365313,0.3689,0.1097,0.8133,0.5312,0.2,85.0,,True,100.0,g3_multiclass_tissue,L50_G50,50,0.0,0.3746,71,50
0.0,0.00880000000000003,-0.005500000000000005,0.004257142857142904,0.0,0.0030999999999999917,-0.0348,0.0,data/tissuemnist/slice_1,tissuemnist,0.071,6.0,8,2400,9600,0.0001,MobileNetV3,5400000,8,0.51,0.8642,0.0677,0.4043,0.2222,0.36005714285714285,0.2025105983621094,0.3428,0.1064,0.8183,0.4062,0.1529,85.0,,True,100.0,g3_multiclass_tissue,L50_G50,50,0.0,0.3459,75,50
0.0,0.0020999999999999908,0.0267,0.0005857142857141895,0.0,0.0039000000000000146,0.018100000000000005,0.02350000000000002,data/tissuemnist/slice_1,tissuemnist,0.071,6.0,8,2400,9600,0.0001,MobileNetV3,5400000,8,0.5125,0.8393,0.0808,0.3807,0.1864,0.38747142857142863,0.19332854873272606,0.3623,0.1326,0.7796,0.3333,0.1294,85.0,,True,100.0,g3_multiclass_tissue,L50_G50,50,0.0,0.3662,63,50
0.0,-0.007099999999999995,0.006099999999999994,-0.0001142857142856224,0.0,0.0005999999999999894,-0.024399999999999977,0.011700000000000016,data/tissuemnist/slice_1,tissuemnist,0.071,6.0,8,2400,9600,0.0001,MobileNetV3,5400000,8,0.5029,0.8555,0.0785,0.3921,0.2459,0.3955714285714285,0.1712864160595656,0.3769,0.1302,0.7846,0.4054,0.1765,85.0,,True,100.0,g3_multiclass_tissue,L50_G50,50,0.0,0.3775,69,50
0.0,0.00039999999999995595,0.0131,0.004557142857142815,-13.0,0.005599999999999994,0.014800000000000035,0.011800000000000033,data/tissuemnist/slice_1,tissuemnist,0.071,6.0,8,2400,9600,0.0001,MobileNetV3,5400000,8,0.5167,0.8458,0.0691,0.3901,0.3268,0.3727142857142857,0.20365649250337076,0.367,0.1128,0.8075,0.3676,0.2941,85.0,,True,100.0,g3_multiclass_tissue,L80_G80,80,5.0,0.3726,68,50
0.0,0.0015999999999999348,-0.03920000000000001,0.00905714285714293,-9.0,0.002999999999999947,-0.04409999999999997,-0.0353,data/tissuemnist/slice_1,tissuemnist,0.071,6.0,8,2400,9600,0.0001,MobileNetV3,5400000,8,0.5167,0.8551,0.0636,0.3964,0.3791,0.36661428571428567,0.2023535620680611,0.3682,0.1091,0.8242,0.4265,0.3412,85.0,,True,100.0,g3_multiclass_tissue,L80_G80,80,5.0,0.3712,69,50
0.0,-0.0025000000000000577,-0.013000000000000012,0.001557142857142979,-7.0,-0.00029999999999996696,-0.01469999999999999,-0.011800000000000005,data/tissuemnist/slice_1,tissuemnist,0.071,6.0,8,2400,9600,0.0001,MobileNetV3,5400000,8,0.5129,0.8353,0.074,0.3714,0.2614,0.39428571428571424,0.18805600555284,0.3777,0.1407,0.7617,0.2941,0.2353,85.0,,True,100.0,g3_multiclass_tissue,L80_G80,80,8.0,0.3774,59,50
0.0,0.0015999999999999348,0.0,0.0010857142857142454,-4.0,0.0009000000000000119,0.0,0.0,data/tissuemnist/slice_1,tissuemnist,0.071,6.0,8,2400,9600,0.0001,MobileNetV3,5400000,8,0.5096,0.8409,0.0789,0.3807,0.3399,0.39794285714285715,0.17343420207381124,0.3907,0.1388,0.7725,0.3824,0.3059,85.0,,True,100.0,g3_multiclass_tissue,L80_G80,80,8.0,0.3916,65,50
0.0,0.02179999999999993,0.2524,0.021633333333333282,0.0,0.07929999999999993,0.0,0.15689999999999998,data/aider/slice_1,aider,0.166,4.5,4,1190,4758,0.0001,MobileNetV3,5400000,4,0.9,0.1914,0.0317,0.0935,0.0755,0.9421666666666667,0.005618026541608878,0.7255,0.0139,0.9824,1.0,0.0392,102.0,,True,100.0,g2_asym_tissue_aider,L50_G20,50,0.0,0.8048,71,50
0.0,0.016800000000000037,0.2755,0.007133333333333325,0.0,0.07430000000000003,0.0,0.1667,data/aider/slice_1,aider,0.166,4.5,4,1190,4758,0.0001,MobileNetV3,5400000,4,0.9017,0.1889,0.0318,0.092,0.0385,0.9495,0.009110799452664214,0.7217,0.012,0.9874,1.0,0.0196,102.0,,True,100.0,g2_asym_tissue_aider,L50_G20,50,0.0,0.796,67,50
0.0,0.015100000000000002,0.2205,0.010333333333333417,0.0,0.06279999999999997,0.0,0.13729999999999998,data/aider/slice_1,aider,0.166,4.5,4,1190,4758,0.0001,MobileNetV3,5400000,4,0.8933,0.2036,0.0293,0.1004,0.0935,0.9246666666666666,0.009741092797468313,0.7169,0.0129,0.9874,1.0,0.049,102.0,,True,100.0,g2_asym_tissue_aider,L50_G20,50,0.0,0.7797,79,50
0.0,0.0252,0.27080000000000004,0.027633333333333288,0.0,0.08840000000000003,0.0,0.1667,data/aider/slice_1,aider,0.166,4.5,4,1190,4758,0.0001,MobileNetV3,5400000,4,0.8874,0.2211,0.0137,0.107,0.0571,0.9154666666666667,0.011749137084153148,0.7009,0.0151,0.9832,1.0,0.0294,102.0,,True,100.0,g2_asym_tissue_aider,L50_G20,50,0.0,0.7893,67,50
0.0,0.01849999999999996,0.2923,0.005633333333333157,0.0,0.07730000000000004,0.0,0.20589999999999997,data/aider/slice_1,aider,0.166,4.5,4,1190,4758,0.0001,MobileNetV3,5400000,4,0.9109,0.1756,0.0181,0.0866,0.1622,0.9581333333333334,0.013227580613584977,0.7592,0.0147,0.984,1.0,0.0882,102.0,,True,100.0,g2_asym_tissue_aider,L80_G30,80,0.0,0.8365,71,50
0.0,0.023499999999999965,0.37370000000000003,0.008499999999999952,0.0,0.0998,0.0,0.2451,data/aider/slice_1,aider,0.166,4.5,4,1190,4758,0.0001,MobileNetV3,5400000,4,0.9034,0.1839,0.0402,0.0893,0.0571,0.9501666666666667,0.007474549410425293,0.7269,0.0133,0.9866,1.0,0.0294,102.0,,True,100.0,g2_asym_tissue_aider,L80_G30,80,0.0,0.8267,67,50
0.0,0.02100000000000002,0.2923,0.00993333333333346,0.0,0.0806,0.0,0.20589999999999997,data/aider/slice_1,aider,0.166,4.5,4,1190,4758,0.0001,MobileNetV3,5400000,4,0.8983,0.1895,0.0429,0.0952,0.1622,0.9294333333333333,0.005607336464153229,0.7376,0.0145,0.9866,1.0,0.0882,102.0,,True,100.0,g2_asym_tissue_aider,L80_G30,80,0.0,0.8182,78,50
0.0,0.03190000000000004,0.379,0.02536666666666676,0.0,0.11380000000000001,0.0,0.25489999999999996,data/aider/slice_1,aider,0.166,4.5,4,1190,4758,0.0001,MobileNetV3,5400000,4,0.8916,0.2111,0.0184,0.1038,0.0755,0.9238,0.005853204250664757,0.7117,0.0144,0.9866,1.0,0.0392,102.0,,True,100.0,g2_asym_tissue_aider,L80_G30,80,0.0,0.8255,66,50
0.0,0.016900000000000026,0.1053,0.020366666666666533,-24.0,0.04159999999999997,0.2258,0.0686,data/aider/slice_1,aider,0.166,4.5,4,1190,4758,0.0001,MobileNetV3,5400000,4,0.9134,0.185,0.0281,0.0907,0.3609,0.9435666666666668,0.003175251521095979,0.7979,0.0143,0.9807,0.7742,0.2353,102.0,,True,100.0,g2_asym_tissue_aider,L30_G50,30,1.0,0.8395,71,50
0.0,0.008399999999999963,0.04510000000000003,0.006033333333333446,-27.0,0.015799999999999925,0.0968,0.02939999999999998,data/aider/slice_1,aider,0.166,4.5,4,1190,4758,0.0001,MobileNetV3,5400000,4,0.921,0.1884,0.0335,0.092,0.4211,0.9531666666666666,0.008740836471541034,0.8201,0.0121,0.9899,0.9032,0.2745,102.0,,True,100.0,g2_asym_tissue_aider,L30_G50,30,2.0,0.8359,66,50
0.0,0.0041999999999999815,0.0,0.008433333333333404,-16.0,0.006300000000000083,0.0,0.0,data/aider/slice_1,aider,0.166,4.5,4,1190,4758,0.0001,MobileNetV3,5400000,4,0.916,0.1969,0.0295,0.0976,0.4662,0.9310999999999999,0.012231380407242143,0.8149,0.0135,0.9866,1.0,0.3039,102.0,,True,100.0,g2_asym_tissue_aider,L30_G50,30,7.0,0.8212,78,50
0.0,0.01770000000000005,0.060199999999999976,0.0296333333333334,-26.0,0.03720000000000001,0.129,0.03920000000000001,data/aider/slice_1,aider,0.166,4.5,4,1190,4758,0.0001,MobileNetV3,5400000,4,0.9067,0.2159,0.0147,0.1062,0.406,0.9197000000000001,0.019438106903708497,0.7913,0.014,0.9874,0.871,0.2647,102.0,,True,100.0,g2_asym_tissue_aider,L30_G50,30,2.0,0.8285,67,50
0.0,0.022599999999999953,0.2524,0.023566666666666625,0.0,0.08079999999999998,0.0,0.15689999999999998,data/aider/slice_1,aider,0.166,4.5,4,1190,4758,0.0001,MobileNetV3,5400000,4,0.8992,0.1944,0.0276,0.0962,0.0755,0.9402333333333334,0.00335890193697616,0.724,0.0137,0.9824,1.0,0.0392,102.0,,True,100.0,g2_asym_tissue_aider,L30_G20,30,0.0,0.8048,73,50
0.0,0.015900000000000025,0.2755,0.005233333333333312,0.0,0.07289999999999996,0.0,0.1667,data/aider/slice_1,aider,0.166,4.5,4,1190,4758,0.0001,MobileNetV3,5400000,4,0.9017,0.1902,0.0276,0.0938,0.0385,0.9495,0.009110799452664214,0.7217,0.0117,0.9882,1.0,0.0196,102.0,,True,100.0,g2_asym_tissue_aider,L30_G20,30,0.0,0.7946,68,50
0.0,0.015100000000000002,0.2205,0.010333333333333417,0.0,0.06279999999999997,0.0,0.13729999999999998,data/aider/slice_1,aider,0.166,4.5,4,1190,4758,0.0001,MobileNetV3,5400000,4,0.8933,0.2021,0.0336,0.1003,0.0935,0.9246666666666666,0.009741092797468313,0.7169,0.013,0.9874,1.0,0.049,102.0,,True,100.0,g2_asym_tissue_aider,L30_G20,30,0.0,0.7797,80,50
0.0,0.025999999999999912,0.27080000000000004,0.02973333333333328,0.0,0.08999999999999997,0.0,0.1667,data/aider/slice_1,aider,0.166,4.5,4,1190,4758,0.0001,MobileNetV3,5400000,4,0.8866,0.2226,0.0146,0.1076,0.0571,0.9133666666666667,0.014079141387961881,0.6993,0.0154,0.984,1.0,0.0294,102.0,,True,100.0,g2_asym_tissue_aider,L30_G20,30,0.0,0.7893,68,50
0.0,0.023499999999999965,0.28569999999999995,0.005333333333333301,0.0,0.07539999999999991,0.0,0.2647,data/aider/slice_1,aider,0.166,4.5,4,1190,4758,0.0001,MobileNetV3,5400000,4,0.9244,0.143,0.0445,0.0681,0.381,0.9626,0.009840054200392748,0.8172,0.0179,0.979,1.0,0.2353,102.0,,True,100.0,g2_asym_tissue_aider,L70_G50,70,0.0,0.8926,67,50
0.0,0.0353,0.472,0.01206666666666667,0.0,0.127,0.0,0.3922,data/aider/slice_1,aider,0.166,4.5,4,1190,4758,0.0001,MobileNetV3,5400000,4,0.9118,0.1676,0.0426,0.0836,0.1947,0.9539,0.0064946131524517845,0.7641,0.0167,0.984,1.0,0.1078,102.0,,True,100.0,g2_asym_tissue_aider,L70_G50,70,0.0,0.8911,64,50
0.0,0.023600000000000065,0.23589999999999994,0.013600000000000056,0.0,0.06909999999999994,0.0,0.22549999999999998,data/aider/slice_1,aider,0.166,4.5,4,1190,4758,0.0001,MobileNetV3,5400000,4,0.9176,0.1491,0.0662,0.0704,0.4308,0.9390333333333333,0.011309091721069175,0.812,0.0199,0.9756,1.0,0.2745,102.0,,True,100.0,g2_asym_tissue_aider,L70_G50,70,0.0,0.8811,74,50
0.0,0.041200000000000014,0.42529999999999996,0.026933333333333365,0.0,0.12649999999999995,0.0,0.3627,data/aider/slice_1,aider,0.166,4.5,4,1190,4758,0.0001,MobileNetV3,5400000,4,0.9017,0.183,0.0465,0.0903,0.2414,0.9283333333333333,0.006843163660828832,0.7566,0.0171,0.979,1.0,0.1373,102.0,,True,100.0,g2_asym_tissue_aider,L70_G50,70,0.0,0.8831,64,50
0.0,0.0008000000000000229,0.0,0.001966666666666672,-28.0,0.0015000000000000568,0.0,0.0,data/aider/slice_1,aider,0.166,4.5,4,1190,4758,0.0001,MobileNetV3,5400000,4,0.9647,0.1021,0.0915,0.0492,0.8208,0.9727666666666667,0.005179661078573451,0.9348,0.0178,0.9832,1.0,0.6961,102.0,,True,100.0,g2_asym_tissue_aider,L70_G80,70,0.0,0.9363,66,50
0.0,0.0041999999999999815,0.011599999999999944,0.00456666666666683,-35.0,0.006300000000000083,0.014100000000000001,0.009800000000000031,data/aider/slice_1,aider,0.166,4.5,4,1190,4758,0.0001,MobileNetV3,5400000,4,0.9613,0.1197,0.0891,0.0566,0.8092,0.9701,0.006868769904429763,0.9299,0.0216,0.9748,0.9859,0.6863,102.0,,True,100.0,g2_asym_tissue_aider,L70_G80,70,1.0,0.9362,63,50
0.0,0.0050000000000000044,0.0,0.011666666666666492,-23.0,0.008700000000000041,0.0,0.0,data/aider/slice_1,aider,0.166,4.5,4,1190,4758,0.0001,MobileNetV3,5400000,4,0.9563,0.1079,0.0931,0.0531,0.8208,0.9537333333333334,0.015806398141962066,0.9205,0.0197,0.979,1.0,0.6961,102.0,,True,100.0,g2_asym_tissue_aider,L70_G80,70,0.0,0.9292,72,50
0.0,0.0050000000000000044,0.0,0.007299999999999973,-32.0,0.00550000000000006,0.0,0.0,data/aider/slice_1,aider,0.166,4.5,4,1190,4758,0.0001,MobileNetV3,5400000,4,0.9563,0.1261,0.0726,0.0618,0.8208,0.9539,0.015173881068028278,0.9206,0.0175,0.9824,1.0,0.6961,102.0,,True,100.0,g2_asym_tissue_aider,L70_G80,70,0.0,0.9261,63,50
0.0,0.009300000000000086,0.06540000000000001,0.005533333333333279,-39.0,0.020499999999999963,0.09799999999999998,0.04899999999999999,data/aider/slice_1,aider,0.166,4.5,4,1190,4758,0.0001,MobileNetV3,5400000,4,0.9378,0.1633,0.0405,0.0785,0.6013,0.9605,0.004104469108991602,0.8707,0.0162,0.9815,0.902,0.451,102.0,,True,100.0,g2_asym_tissue_aider,L50_G80,50,0.0,0.8912,69,50
0.0,0.0042000000000000925,0.0131,0.0018333333333333535,-40.0,0.0046000000000000485,0.01959999999999995,0.009799999999999975,data/aider/slice_1,aider,0.166,4.5,4,1190,4758,0.0001,MobileNetV3,5400000,4,0.9429,0.167,0.049,0.0818,0.6536,0.9627333333333333,0.006164594246357357,0.8855,0.0167,0.9832,0.9804,0.4902,102.0,,True,100.0,g2_asym_tissue_aider,L50_G80,50,0.0,0.8901,64,50
0.0,0.0034000000000000696,0.0,0.006333333333333413,-22.0,0.0047000000000000375,0.0,0.0,data/aider/slice_1,aider,0.166,4.5,4,1190,4758,0.0001,MobileNetV3,5400000,4,0.9378,0.1464,0.0657,0.0694,0.6667,0.9462999999999999,0.013598774454584744,0.8764,0.0199,0.9756,1.0,0.5,102.0,,True,100.0,g2_asym_tissue_aider,L50_G80,50,0.0,0.8811,74,50
0.0,0.020199999999999996,0.06540000000000001,0.0343,-43.0,0.042099999999999915,0.09799999999999998,0.04899999999999999,data/aider/slice_1,aider,0.166,4.5,4,1190,4758,0.0001,MobileNetV3,5400000,4,0.9235,0.1938,0.0484,0.0966,0.6013,0.9241,0.020822583893455707,0.8434,0.016,0.984,0.902,0.451,102.0,,True,100.0,g2_asym_tissue_aider,L50_G80,50,0.0,0.8855,65,50
0.0,0.017699999999999938,0.18079999999999996,0.0018666666666667941,0.0,0.046599999999999975,0.0,0.22550000000000003,data/aider/slice_1,aider,0.166,4.5,4,1190,4758,0.0001,MobileNetV3,5400000,4,0.9462,0.0956,0.0836,0.0467,0.64,0.9677666666666666,0.0022291004663067254,0.8858,0.018,0.9807,1.0,0.4706,102.0,,True,100.0,g2_asym_tissue_aider,L80_G70,80,0.0,0.9324,66,50
0.0,0.02939999999999998,0.26759999999999995,0.010033333333333339,0.0,0.07440000000000002,0.0,0.31370000000000003,data/aider/slice_1,aider,0.166,4.5,4,1190,4758,0.0001,MobileNetV3,5400000,4,0.9361,0.1121,0.097,0.0522,0.5532,0.9605666666666667,0.004177186719418807,0.8587,0.0215,0.9773,1.0,0.3824,102.0,,True,100.0,g2_asym_tissue_aider,L80_G70,80,0.0,0.9331,63,50
0.0,0.01419999999999999,0.0958,0.011533333333333173,0.0,0.03249999999999997,0.0,0.12750000000000006,data/aider/slice_1,aider,0.166,4.5,4,1190,4758,0.0001,MobileNetV3,5400000,4,0.9471,0.0871,0.122,0.043,0.725,0.9538666666666668,0.014207353338637312,0.8967,0.0204,0.9739,1.0,0.5686,102.0,,True,100.0,g2_asym_tissue_aider,L80_G70,80,0.0,0.9292,72,50
0.0,0.026800000000000046,0.21809999999999996,0.010166666666666657,0.0,0.062100000000000044,0.0,0.26470000000000005,data/aider/slice_1,aider,0.166,4.5,4,1190,4758,0.0001,MobileNetV3,5400000,4,0.9345,0.121,0.059,0.0579,0.6027,0.9510333333333333,0.01159089681124326,0.864,0.0174,0.9807,1.0,0.4314,102.0,,True,100.0,g2_asym_tissue_aider,L80_G70,80,0.0,0.9261,63,50
0.0,0.024399999999999977,0.3211,0.003766666666666807,0.0,0.08309999999999995,0.0,0.2843,data/aider/slice_1,aider,0.166,4.5,4,1190,4758,0.0001,MobileNetV3,5400000,4,0.921,0.1472,0.0527,0.0699,0.3279,0.9619333333333332,0.010588463323615752,0.8034,0.0179,0.979,1.0,0.1961,102.0,,True,100.0,g2_asym_tissue_aider,L80_G50,80,0.0,0.8865,68,50
0.0,0.030299999999999994,0.41029999999999994,0.006199999999999872,0.0,0.10719999999999996,0.0,0.3529,data/aider/slice_1,aider,0.166,4.5,4,1190,4758,0.0001,MobileNetV3,5400000,4,0.9151,0.1572,0.0583,0.0763,0.2564,0.9559666666666667,0.0076773838136583,0.7811,0.0184,0.9815,1.0,0.1471,102.0,,True,100.0,g2_asym_tissue_aider,L80_G50,80,0.0,0.8883,64,50
0.0,0.016800000000000037,0.15579999999999994,0.010499999999999954,0.0,0.04679999999999995,0.0,0.15689999999999998,data/aider/slice_1,aider,0.166,4.5,4,1190,4758,0.0001,MobileNetV3,5400000,4,0.9244,0.1415,0.0499,0.068,0.5109,0.9421333333333334,0.013469059193408987,0.8343,0.0197,0.9773,1.0,0.3431,102.0,,True,100.0,g2_asym_tissue_aider,L80_G50,80,0.0,0.8811,74,50
0.0,0.034500000000000086,0.34390000000000004,0.023333333333333428,0.0,0.10349999999999993,0.0,0.30390000000000006,data/aider/slice_1,aider,0.166,4.5,4,1190,4758,0.0001,MobileNetV3,5400000,4,0.9067,0.173,0.0499,0.0846,0.314,0.9311666666666666,0.0074660714048435375,0.7769,0.0175,0.9807,1.0,0.1863,102.0,,True,100.0,g2_asym_tissue_aider,L80_G50,80,0.0,0.8804,65,50
0.0,0.008400000000000074,0.06540000000000001,0.0036333333333332662,-38.0,0.019100000000000006,0.09799999999999998,0.04899999999999999,data/aider/slice_1,aider,0.166,4.5,4,1190,4758,0.0001,MobileNetV3,5400000,4,0.9387,0.1597,0.0431,0.0772,0.6013,0.9624,0.002039607805437078,0.8721,0.0167,0.9824,0.902,0.451,102.0,,True,100.0,g2_asym_tissue_aider,L50_G70,50,0.0,0.8912,69,50
0.0,0.006800000000000028,0.0262,0.0040999999999999925,-41.0,0.009600000000000053,0.03920000000000001,0.019600000000000006,data/aider/slice_1,aider,0.166,4.5,4,1190,4758,0.0001,MobileNetV3,5400000,4,0.9403,0.1731,0.0549,0.0856,0.6405,0.9604666666666667,0.008299531445944575,0.8805,0.0155,0.9866,0.9608,0.4804,102.0,,True,100.0,g2_asym_tissue_aider,L50_G70,50,3.0,0.8901,64,50
0.0,0.0034000000000000696,0.0,0.006333333333333413,-21.0,0.0047000000000000375,0.0,0.0,data/aider/slice_1,aider,0.166,4.5,4,1190,4758,0.0001,MobileNetV3,5400000,4,0.9378,0.1474,0.0622,0.0702,0.6667,0.9462999999999999,0.013598774454584744,0.8764,0.0199,0.9748,1.0,0.5,102.0,,True,100.0,g2_asym_tissue_aider,L50_G70,50,1.0,0.8811,74,50
0.0,0.01759999999999995,0.05230000000000001,0.030200000000000005,-42.0,0.03579999999999994,0.07840000000000003,0.03920000000000001,data/aider/slice_1,aider,0.166,4.5,4,1190,4758,0.0001,MobileNetV3,5400000,4,0.9261,0.1897,0.0517,0.0945,0.6144,0.9282,0.018645285373698813,0.8497,0.0164,0.984,0.9216,0.4608,102.0,,True,100.0,g2_asym_tissue_aider,L50_G70,50,0.0,0.8855,65,50
0.0,0.015899999999999914,0.06560000000000005,0.02406666666666668,-15.0,0.034399999999999986,0.19999999999999996,0.039199999999999985,data/aider/slice_1,aider,0.166,4.5,4,1190,4758,0.0001,MobileNetV3,5400000,4,0.9059,0.1933,0.0305,0.095,0.2623,0.9397333333333333,0.0009285592184789267,0.7704,0.0137,0.9824,0.8,0.1569,102.0,,True,100.0,g2_asym_tissue_aider,L20_G70,20,1.0,0.8048,74,50
0.0,0.005099999999999993,0.016400000000000026,0.005099999999999882,-17.0,0.007900000000000018,0.050000000000000044,0.009800000000000003,data/aider/slice_1,aider,0.166,4.5,4,1190,4758,0.0001,MobileNetV3,5400000,4,0.9151,0.1898,0.029,0.0929,0.3115,0.9536000000000001,0.008396824796711336,0.7931,0.0118,0.9882,0.95,0.1863,102.0,,True,100.0,g2_asym_tissue_aider,L20_G70,20,1.0,0.801,68,50
0.0,0.0041999999999999815,0.0,0.009999999999999898,-11.0,0.007500000000000062,0.0,0.0,data/aider/slice_1,aider,0.166,4.5,4,1190,4758,0.0001,MobileNetV3,5400000,4,0.9042,0.2065,0.0298,0.1021,0.3279,0.9231333333333334,0.01400055554453307,0.7743,0.0127,0.9874,1.0,0.1961,102.0,,True,100.0,g2_asym_tissue_aider,L20_G70,20,4.0,0.7818,80,50
0.0,0.016000000000000014,0.04920000000000002,0.02959999999999996,-17.0,0.034499999999999975,0.15000000000000002,0.02940000000000001,data/aider/slice_1,aider,0.166,4.5,4,1190,4758,0.0001,MobileNetV3,5400000,4,0.8958,0.2218,0.0164,0.1089,0.2787,0.9115666666666667,0.021536996592427245,0.7533,0.0152,0.9832,0.85,0.1667,102.0,,True,100.0,g2_asym_tissue_aider,L20_G70,20,0.0,0.7878,68,50
0.0,0.019300000000000095,0.2205,0.019400000000000084,0.0,0.06969999999999998,0.0,0.13729999999999998,data/aider/slice_1,aider,0.166,4.5,4,1190,4758,0.0001,MobileNetV3,5400000,4,0.9017,0.1885,0.0313,0.0912,0.0935,0.9442333333333334,0.007772744403076412,0.7315,0.0142,0.9798,1.0,0.049,102.0,,True,100.0,g2_asym_tissue_aider,L70_G20,70,0.0,0.8012,72,50
0.0,0.018500000000000072,0.28940000000000005,0.009199999999999986,0.0,0.07930000000000004,0.0,0.1765,data/aider/slice_1,aider,0.166,4.5,4,1190,4758,0.0001,MobileNetV3,5400000,4,0.9017,0.1894,0.0303,0.092,0.0385,0.9495,0.009110799452664214,0.7217,0.012,0.9874,1.0,0.0196,102.0,,True,100.0,g2_asym_tissue_aider,L70_G20,70,0.0,0.801,67,50
0.0,0.011800000000000033,0.1685,0.0077666666666668105,0.0,0.04789999999999994,0.0,0.1079,data/aider/slice_1,aider,0.166,4.5,4,1190,4758,0.0001,MobileNetV3,5400000,4,0.8966,0.1995,0.0231,0.0981,0.1455,0.9272333333333332,0.0077228377052883145,0.7318,0.0133,0.9874,1.0,0.0784,102.0,,True,100.0,g2_asym_tissue_aider,L70_G20,70,0.0,0.7797,79,50
0.0,0.026899999999999924,0.27080000000000004,0.03179999999999983,0.0,0.09150000000000003,0.0,0.1667,data/aider/slice_1,aider,0.166,4.5,4,1190,4758,0.0001,MobileNetV3,5400000,4,0.8857,0.2232,0.0166,0.1079,0.0571,0.9113000000000001,0.013677962811276626,0.6978,0.0158,0.9832,1.0,0.0294,102.0,,True,100.0,g2_asym_tissue_aider,L70_G20,70,0.0,0.7893,67,50
0.0,0.022700000000000053,0.32610000000000006,0.011566666666666503,0.0,0.09020000000000006,0.0,0.22549999999999998,data/aider/slice_1,aider,0.166,4.5,4,1190,4758,0.0001,MobileNetV3,5400000,4,0.9067,0.1805,0.0274,0.0873,0.1284,0.9522,0.010081997156648408,0.7463,0.0144,0.9815,1.0,0.0686,102.0,,True,100.0,g2_asym_tissue_aider,L50_G30,50,0.0,0.8365,70,50
0.0,0.027800000000000047,0.4091,0.01419999999999999,0.0,0.1129,0.0,0.2745,data/aider/slice_1,aider,0.166,4.5,4,1190,4758,0.0001,MobileNetV3,5400000,4,0.9025,0.1841,0.0438,0.0903,0.0571,0.9482666666666667,0.006886863501543248,0.7255,0.0131,0.9874,1.0,0.0294,102.0,,True,100.0,g2_asym_tissue_aider,L50_G30,50,0.0,0.8384,66,50
0.0,0.02440000000000009,0.3207,0.014300000000000201,0.0,0.09089999999999998,0.0,0.2255,data/aider/slice_1,aider,0.166,4.5,4,1190,4758,0.0001,MobileNetV3,5400000,4,0.8966,0.1957,0.0328,0.0965,0.1455,0.9272333333333332,0.0077228377052883145,0.7318,0.0136,0.984,1.0,0.0784,102.0,,True,100.0,g2_asym_tissue_aider,L50_G30,50,0.0,0.8227,77,50
0.0,0.034499999999999975,0.4091,0.02770000000000017,0.0,0.123,0.0,0.2745,data/aider/slice_1,aider,0.166,4.5,4,1190,4758,0.0001,MobileNetV3,5400000,4,0.8899,0.2151,0.0166,0.1048,0.0571,0.9216333333333333,0.007689531122824619,0.7055,0.014,0.9874,1.0,0.0294,102.0,,True,100.0,g2_asym_tissue_aider,L50_G30,50,0.0,0.8285,66,50
0.0,0.016900000000000026,0.1053,0.020366666666666533,-24.0,0.04159999999999997,0.2258,0.0686,data/aider/slice_1,aider,0.166,4.5,4,1190,4758,0.0001,MobileNetV3,5400000,4,0.9134,0.1846,0.0295,0.0908,0.3609,0.9435666666666668,0.003175251521095979,0.7979,0.0143,0.9807,0.7742,0.2353,102.0,,True,100.0,g2_asym_tissue_aider,L30_G80,30,1.0,0.8395,72,50
0.0,0.0041999999999999815,0.015100000000000002,0.0018000000000001348,-26.0,0.005099999999999993,0.032299999999999995,0.009800000000000031,data/aider/slice_1,aider,0.166,4.5,4,1190,4758,0.0001,MobileNetV3,5400000,4,0.9252,0.1848,0.037,0.0904,0.4511,0.9573999999999999,0.005687413002997619,0.8308,0.0129,0.9874,0.9677,0.2941,102.0,,True,100.0,g2_asym_tissue_aider,L30_G80,30,2.0,0.8359,67,50
0.0,0.0041999999999999815,0.0,0.008433333333333404,-21.0,0.006300000000000083,0.0,0.0,data/aider/slice_1,aider,0.166,4.5,4,1190,4758,0.0001,MobileNetV3,5400000,4,0.916,0.1975,0.0279,0.0979,0.4662,0.9310999999999999,0.012231380407242143,0.8149,0.0135,0.9857,1.0,0.3039,102.0,,True,100.0,g2_asym_tissue_aider,L30_G80,30,2.0,0.8212,78,50
0.0,0.02180000000000004,0.09029999999999999,0.03620000000000001,-25.0,0.049699999999999966,0.1935,0.05879999999999999,data/aider/slice_1,aider,0.166,4.5,4,1190,4758,0.0001,MobileNetV3,5400000,4,0.9017,0.2196,0.0135,0.1061,0.3759,0.9112333333333332,0.026008502883138447,0.7774,0.0148,0.9849,0.8065,0.2451,102.0,,True,100.0,g2_asym_tissue_aider,L30_G80,30,3.0,0.8271,67,50
0.0,0.015899999999999914,0.06560000000000005,0.02406666666666668,-16.0,0.034399999999999986,0.19999999999999996,0.039199999999999985,data/aider/slice_1,aider,0.166,4.5,4,1190,4758,0.0001,MobileNetV3,5400000,4,0.9059,0.1928,0.032,0.0942,0.2623,0.9397333333333333,0.0009285592184789267,0.7704,0.0137,0.9824,0.8,0.1569,102.0,,True,100.0,g2_asym_tissue_aider,L20_G30,20,0.0,0.8048,74,50
0.0,0.0041999999999999815,0.016400000000000026,0.003166666666666651,-17.0,0.006399999999999961,0.050000000000000044,0.009800000000000003,data/aider/slice_1,aider,0.166,4.5,4,1190,4758,0.0001,MobileNetV3,5400000,4,0.9151,0.1896,0.0294,0.0922,0.3115,0.9536000000000001,0.008396824796711336,0.7931,0.0118,0.9874,0.95,0.1863,102.0,,True,100.0,g2_asym_tissue_aider,L20_G30,20,1.0,0.7995,69,50
0.0,0.005900000000000016,0.016400000000000026,0.012099999999999889,-10.0,0.0131,0.050000000000000044,0.009800000000000003,data/aider/slice_1,aider,0.166,4.5,4,1190,4758,0.0001,MobileNetV3,5400000,4,0.9025,0.2083,0.025,0.1024,0.3115,0.9210333333333334,0.016321832685768534,0.7687,0.0127,0.9874,0.95,0.1863,102.0,,True,100.0,g2_asym_tissue_aider,L20_G30,20,5.0,0.7818,82,50
0.0,0.02190000000000003,0.09840000000000002,0.03849999999999987,-18.0,0.0534,0.30000000000000004,0.05879999999999999,data/aider/slice_1,aider,0.166,4.5,4,1190,4758,0.0001,MobileNetV3,5400000,4,0.8882,0.2266,0.0205,0.1114,0.2295,0.8985333333333334,0.03367098982144059,0.7313,0.0164,0.9798,0.7,0.1373,102.0,,True,100.0,g2_asym_tissue_aider,L20_G30,20,0.0,0.7847,69,50
0.0,0.015899999999999914,0.06560000000000005,0.02406666666666668,-15.0,0.034399999999999986,0.19999999999999996,0.039199999999999985,data/aider/slice_1,aider,0.166,4.5,4,1190,4758,0.0001,MobileNetV3,5400000,4,0.9059,0.1935,0.0301,0.095,0.2623,0.9397333333333333,0.0009285592184789267,0.7704,0.0137,0.9824,0.8,0.1569,102.0,,True,100.0,g2_asym_tissue_aider,L20_G50,20,1.0,0.8048,73,50
0.0,0.005900000000000016,0.03280000000000005,0.0051000000000001044,-17.0,0.01200000000000001,0.09999999999999998,0.019600000000000006,data/aider/slice_1,aider,0.166,4.5,4,1190,4758,0.0001,MobileNetV3,5400000,4,0.9134,0.1914,0.0242,0.0959,0.2951,0.9516666666666667,0.009570904984494496,0.7875,0.0116,0.9882,0.9,0.1765,102.0,,True,100.0,g2_asym_tissue_aider,L20_G50,20,1.0,0.7995,68,50
0.0,0.0033999999999999586,0.0,0.008033333333333226,-11.0,0.006000000000000005,0.0,0.0,data/aider/slice_1,aider,0.166,4.5,4,1190,4758,0.0001,MobileNetV3,5400000,4,0.905,0.206,0.0268,0.1021,0.3279,0.9251,0.014583780945511571,0.7758,0.0127,0.9874,1.0,0.1961,102.0,,True,100.0,g2_asym_tissue_aider,L20_G50,20,4.0,0.7818,80,50
0.0,0.018500000000000072,0.06560000000000005,0.03383333333333338,-15.0,0.04169999999999996,0.19999999999999996,0.039199999999999985,data/aider/slice_1,aider,0.166,4.5,4,1190,4758,0.0001,MobileNetV3,5400000,4,0.8933,0.2244,0.0179,0.1088,0.2623,0.9073333333333333,0.023414145771781282,0.7461,0.0159,0.9832,0.8,0.1569,102.0,,True,100.0,g2_asym_tissue_aider,L20_G50,20,3.0,0.7878,68,50
0.0,0.0017000000000000348,-0.007700000000000012,-0.0032428571428571584,0.0,-0.0038000000000000256,0.009099999999999997,-0.0059000000000000025,data/tissuemnist/slice_1,tissuemnist,0.071,6.0,8,2400,9600,0.0001,MobileNetV3,5400000,8,0.5071,0.8658,0.0756,0.4019,0.2146,0.3770142857142857,0.19417540986416992,0.3567,0.1132,0.8196,0.6471,0.1287,171.0,,True,100.0,g2_asym_tissue_aider,L50_G20,50,0.0,0.3529,69,50
0.0,-0.0012000000000000344,-0.008400000000000019,-0.001257142857142901,0.0,-0.0021000000000000463,0.0010999999999999899,-0.0059000000000000025,data/tissuemnist/slice_1,tissuemnist,0.071,6.0,8,2400,9600,0.0001,MobileNetV3,5400000,8,0.4979,0.8841,0.0674,0.4062,0.1584,0.3682714285714286,0.20247035560288618,0.342,0.1228,0.8013,0.5161,0.0936,171.0,,True,100.0,g2_asym_tissue_aider,L50_G20,50,0.0,0.3399,63,50
0.0,-0.0023999999999999577,-0.018600000000000005,0.0016571428571428015,0.0,-0.0009000000000000119,-0.03320000000000001,-0.011700000000000002,data/tissuemnist/slice_1,tissuemnist,0.071,6.0,8,2400,9600,0.0001,MobileNetV3,5400000,8,0.5062,0.8489,0.0828,0.3855,0.16,0.3768857142857143,0.2030871693813938,0.3498,0.1356,0.7767,0.5517,0.0936,171.0,,True,100.0,g2_asym_tissue_aider,L50_G20,50,0.0,0.3489,69,50
0.0,0.0020999999999999908,-0.010599999999999998,0.008028571428571496,0.0,0.005699999999999983,-0.045499999999999985,-0.0059000000000000025,data/tissuemnist/slice_1,tissuemnist,0.071,6.0,8,2400,9600,0.0001,MobileNetV3,5400000,8,0.4971,0.8612,0.0869,0.3889,0.1765,0.38081428571428566,0.18560784642105307,0.3553,0.1432,0.7658,0.5455,0.1053,171.0,,True,100.0,g2_asym_tissue_aider,L50_G20,50,0.0,0.361,75,50
0.0,0.0013000000000000789,-0.006599999999999995,0.0014857142857144234,0.0,0.0005000000000000004,0.005599999999999938,-0.005899999999999989,data/tissuemnist/slice_1,tissuemnist,0.071,6.0,8,2400,9600,0.0001,MobileNetV3,5400000,8,0.5075,0.86,0.0758,0.3998,0.2818,0.3744714285714285,0.19698798160791228,0.3629,0.1166,0.8142,0.6327,0.1813,171.0,,True,100.0,g2_asym_tissue_aider,L80_G30,80,0.0,0.3634,62,50
0.0,0.0,0.012500000000000011,-0.005614285714285794,0.0,-0.0032999999999999696,-0.018299999999999983,0.011699999999999988,data/tissuemnist/slice_1,tissuemnist,0.071,6.0,8,2400,9600,0.0001,MobileNetV3,5400000,8,0.4979,0.8802,0.0699,0.4046,0.2037,0.36920000000000003,0.20066113581999737,0.3485,0.1246,0.8021,0.4889,0.1287,171.0,,True,100.0,g2_asym_tissue_aider,L80_G30,80,0.0,0.3452,61,50
0.0,0.0034000000000000696,0.022400000000000003,0.005742857142857161,0.0,0.007900000000000018,0.011900000000000022,0.017499999999999988,data/tissuemnist/slice_1,tissuemnist,0.071,6.0,8,2400,9600,0.0001,MobileNetV3,5400000,8,0.5054,0.8441,0.0867,0.3838,0.2028,0.3786,0.19972694216998224,0.3566,0.1385,0.7683,0.4783,0.1287,171.0,,True,100.0,g2_asym_tissue_aider,L80_G30,80,0.0,0.3645,67,50
0.0,-0.0009000000000000119,0.0011999999999999789,-0.0013571428571428346,0.0,-0.0010000000000000009,0.011800000000000033,0.0,data/tissuemnist/slice_1,tissuemnist,0.071,6.0,8,2400,9600,0.0001,MobileNetV3,5400000,8,0.5042,0.8537,0.0793,0.3812,0.2624,0.3909714285714286,0.1772901392333701,0.3749,0.145,0.7629,0.58,0.1696,171.0,,True,100.0,g2_asym_tissue_aider,L80_G30,80,0.0,0.3739,70,50
0.0,-0.00539999999999996,-0.009799999999999975,-0.005471428571428516,-6.0,-0.00599999999999995,-0.02939999999999998,-0.0058,data/tissuemnist/slice_1,tissuemnist,0.071,6.0,8,2400,9600,0.0001,MobileNetV3,5400000,8,0.51,0.8706,0.071,0.4017,0.2244,0.3800428571428571,0.19570820011393678,0.3606,0.1109,0.8183,0.6765,0.1345,171.0,,True,100.0,g2_asym_tissue_aider,L20_G80,20,2.0,0.3546,71,50
0.0,-0.0050000000000000044,0.0,-0.008428571428571396,0.0,-0.007400000000000018,0.0,0.0,data/tissuemnist/slice_1,tissuemnist,0.071,6.0,8,2400,9600,0.0001,MobileNetV3,5400000,8,0.4988,0.8863,0.0647,0.406,0.1659,0.37021428571428566,0.19933910395942625,0.3447,0.1219,0.8071,0.5,0.0994,171.0,,True,100.0,g2_asym_tissue_aider,L20_G80,20,6.0,0.3373,64,50
0.0,-0.009999999999999953,0.009800000000000003,-0.016685714285714248,-10.0,-0.013300000000000034,0.02939999999999998,0.0058,data/tissuemnist/slice_1,tissuemnist,0.071,6.0,8,2400,9600,0.0001,MobileNetV3,5400000,8,0.5075,0.8524,0.0819,0.3878,0.1756,0.37747142857142857,0.2041026752416938,0.3522,0.1335,0.7812,0.5294,0.1053,171.0,,True,100.0,g2_asym_tissue_aider,L20_G80,20,4.0,0.3389,70,50
0.0,-0.009500000000000008,-0.019500000000000017,0.002571428571428558,2.0,-0.00019999999999997797,-0.05879999999999996,-0.011700000000000002,data/tissuemnist/slice_1,tissuemnist,0.071,6.0,8,2400,9600,0.0001,MobileNetV3,5400000,8,0.4983,0.8621,0.0856,0.3889,0.1854,0.3820142857142857,0.18564089319029306,0.3574,0.1431,0.7625,0.5588,0.1111,171.0,,True,100.0,g2_asym_tissue_aider,L20_G80,20,4.0,0.3572,75,50
0.0,0.0025000000000000577,-0.009000000000000008,0.008300000000000085,-4.0,0.006199999999999983,-0.01959999999999995,-0.0058,data/tissuemnist/slice_1,tissuemnist,0.071,6.0,8,2400,9600,0.0001,MobileNetV3,5400000,8,0.5092,0.8642,0.0744,0.4009,0.2703,0.3761571428571428,0.19749215432621153,0.3629,0.1138,0.8163,0.5882,0.1754,171.0,,True,100.0,g2_asym_tissue_aider,L30_G50,30,9.0,0.3691,63,50
0.0,0.005899999999999961,0.009000000000000008,-0.0002571428571429557,0.0,0.0008999999999999564,0.019600000000000006,0.0058,data/tissuemnist/slice_1,tissuemnist,0.071,6.0,8,2400,9600,0.0001,MobileNetV3,5400000,8,0.4983,0.8809,0.0701,0.4054,0.2162,0.36804285714285717,0.20129820705427387,0.3491,0.1241,0.8029,0.4706,0.1404,171.0,,True,100.0,g2_asym_tissue_aider,L30_G50,30,8.0,0.35,62,50
0.0,0.0029000000000000137,0.017999999999999988,0.006728571428571417,-8.0,0.008199999999999985,0.03920000000000001,0.0116,data/tissuemnist/slice_1,tissuemnist,0.071,6.0,8,2400,9600,0.0001,MobileNetV3,5400000,8,0.5071,0.8464,0.0849,0.3851,0.2162,0.3790714285714286,0.20096656235223181,0.3587,0.1368,0.7767,0.4706,0.1404,171.0,,True,100.0,g2_asym_tissue_aider,L30_G50,30,8.0,0.3669,69,50
0.0,-0.0015999999999999348,-0.008999999999999952,0.0009142857142856453,-2.0,-0.00040000000000001146,-0.01959999999999995,-0.005899999999999989,data/tissuemnist/slice_1,tissuemnist,0.071,6.0,8,2400,9600,0.0001,MobileNetV3,5400000,8,0.5033,0.855,0.0805,0.3825,0.2613,0.38617142857142855,0.18341211764209905,0.3706,0.1444,0.7629,0.5686,0.1696,171.0,,True,100.0,g2_asym_tissue_aider,L30_G50,30,3.0,0.3702,70,50
0.0,0.0029000000000000137,-0.0010000000000000009,0.0029000000000001247,0.0,0.0023999999999999577,-0.01980000000000004,0.0,data/tissuemnist/slice_1,tissuemnist,0.071,6.0,8,2400,9600,0.0001,MobileNetV3,5400000,8,0.5071,0.8666,0.0755,0.4022,0.2069,0.37741428571428565,0.1940508654125174,0.3561,0.1126,0.8192,0.6562,0.1228,171.0,,True,100.0,g2_asym_tissue_aider,L30_G20,30,0.0,0.3585,66,50
0.0,-0.005400000000000016,-0.0007999999999999952,-0.006099999999999939,0.0,-0.00539999999999996,-0.017199999999999993,0.0,data/tissuemnist/slice_1,tissuemnist,0.071,6.0,8,2400,9600,0.0001,MobileNetV3,5400000,8,0.4979,0.8847,0.067,0.4064,0.1592,0.3680428571428571,0.20265764838510192,0.3419,0.1225,0.8025,0.5333,0.0936,171.0,,True,100.0,g2_asym_tissue_aider,L30_G20,30,0.0,0.3365,63,50
0.0,0.00040000000000006697,-0.0030000000000000027,0.008328571428571407,0.0,0.006900000000000017,-0.06689999999999996,0.0,data/tissuemnist/slice_1,tissuemnist,0.071,6.0,8,2400,9600,0.0001,MobileNetV3,5400000,8,0.5054,0.8494,0.0838,0.3867,0.1508,0.3754571428571429,0.2043092463968905,0.3474,0.1351,0.78,0.5357,0.0877,171.0,,True,100.0,g2_asym_tissue_aider,L30_G20,30,0.0,0.3543,69,50
0.0,0.0040999999999999925,0.008099999999999996,0.010614285714285798,0.0,0.010300000000000031,-0.0018000000000000238,0.0059000000000000025,data/tissuemnist/slice_1,tissuemnist,0.071,6.0,8,2400,9600,0.0001,MobileNetV3,5400000,8,0.4971,0.8618,0.0866,0.3894,0.1675,0.38121428571428567,0.18570413049157697,0.3545,0.143,0.7642,0.5312,0.0994,171.0,,True,100.0,g2_asym_tissue_aider,L30_G20,30,0.0,0.3648,74,50
0.0,0.002100000000000102,-0.007700000000000012,0.00118571428571429,0.0,0.0001000000000000445,0.009099999999999997,-0.0059000000000000025,data/tissuemnist/slice_1,tissuemnist,0.071,6.0,8,2400,9600,0.0001,MobileNetV3,5400000,8,0.5075,0.8657,0.0747,0.4015,0.2146,0.3780428571428572,0.19411316917968136,0.3576,0.1133,0.8196,0.6471,0.1287,171.0,,True,100.0,g2_asym_tissue_aider,L80_G20,80,0.0,0.3577,66,50
0.0,-0.0020999999999999908,-0.01770000000000002,7.142857142855563e-05,0.0,-0.0021000000000000463,-0.016100000000000003,-0.011700000000000002,data/tissuemnist/slice_1,tissuemnist,0.071,6.0,8,2400,9600,0.0001,MobileNetV3,5400000,8,0.4979,0.8841,0.0674,0.4063,0.1584,0.3682714285714286,0.20247035560288618,0.342,0.1228,0.8021,0.5161,0.0936,171.0,,True,100.0,g2_asym_tissue_aider,L80_G20,80,0.0,0.3399,63,50
0.0,-0.0025000000000000577,-0.026100000000000012,-0.0005714285714285561,0.0,-0.00379999999999997,-0.012700000000000045,-0.0175,data/tissuemnist/slice_1,tissuemnist,0.071,6.0,8,2400,9600,0.0001,MobileNetV3,5400000,8,0.5067,0.848,0.0827,0.3847,0.1675,0.3787714285714286,0.2021691138929112,0.3524,0.1361,0.7767,0.5312,0.0994,171.0,,True,100.0,g2_asym_tissue_aider,L80_G20,80,0.0,0.3486,69,50
0.0,0.0008000000000000229,-0.009800000000000003,0.0065571428571428725,0.0,0.0044999999999999485,-0.030299999999999994,-0.0059000000000000025,data/tissuemnist/slice_1,tissuemnist,0.071,6.0,8,2400,9600,0.0001,MobileNetV3,5400000,8,0.4967,0.8621,0.0864,0.389,0.1765,0.3806571428571428,0.1859729692888793,0.3551,0.1435,0.7621,0.5455,0.1053,171.0,,True,100.0,g2_asym_tissue_aider,L80_G20,80,0.0,0.3596,75,50
0.0,-0.0017000000000000348,-0.009000000000000008,0.000971428571428623,-7.0,-0.00030000000000002247,-0.01959999999999995,-0.0058,data/tissuemnist/slice_1,tissuemnist,0.071,6.0,8,2400,9600,0.0001,MobileNetV3,5400000,8,0.5096,0.8642,0.0736,0.4004,0.2703,0.37704285714285707,0.19768114193708772,0.3637,0.1139,0.815,0.5882,0.1754,171.0,,True,100.0,g2_asym_tissue_aider,L30_G70,30,6.0,0.3634,64,50
0.0,0.005899999999999961,0.009000000000000008,0.001485714285714257,-7.0,0.0023999999999999577,0.019600000000000006,0.0058,data/tissuemnist/slice_1,tissuemnist,0.071,6.0,8,2400,9600,0.0001,MobileNetV3,5400000,8,0.4983,0.8812,0.0699,0.4054,0.2162,0.36804285714285717,0.20129820705427387,0.3491,0.1241,0.8033,0.4706,0.1404,171.0,,True,100.0,g2_asym_tissue_aider,L30_G70,30,1.0,0.3515,61,50
0.0,0.0050000000000000044,0.009000000000000008,0.006871428571428528,-8.0,0.007099999999999995,0.019600000000000006,0.0058,data/tissuemnist/slice_1,tissuemnist,0.071,6.0,8,2400,9600,0.0001,MobileNetV3,5400000,8,0.5062,0.8465,0.0852,0.3855,0.2162,0.3786714285714286,0.20074081166864838,0.3584,0.137,0.7762,0.4706,0.1404,171.0,,True,100.0,g2_asym_tissue_aider,L30_G70,30,7.0,0.3655,68,50
0.0,-0.0040999999999999925,-0.008999999999999952,-0.004171428571428604,-4.0,-0.004799999999999971,-0.01959999999999995,-0.005899999999999989,data/tissuemnist/slice_1,tissuemnist,0.071,6.0,8,2400,9600,0.0001,MobileNetV3,5400000,8,0.5033,0.8547,0.0806,0.3825,0.2613,0.38792857142857146,0.18026331307511337,0.3721,0.1445,0.7625,0.5686,0.1696,171.0,,True,100.0,g2_asym_tissue_aider,L30_G70,30,1.0,0.3673,71,50
0.0,0.0033000000000000806,-0.006800000000000028,0.007171428571428606,0.0,0.005400000000000016,-0.03159999999999996,0.0,data/tissuemnist/slice_1,tissuemnist,0.071,6.0,8,2400,9600,0.0001,MobileNetV3,5400000,8,0.5075,0.852,0.0789,0.3956,0.3492,0.3749285714285714,0.19529422282645165,0.3717,0.1234,0.8033,0.5432,0.2573,171.0,,True,100.0,g2_asym_tissue_aider,L70_G50,70,0.0,0.3771,51,50
0.0,0.0041999999999999815,0.0041999999999999815,0.0031571428571428584,0.0,0.003300000000000025,0.01930000000000004,0.0,data/tissuemnist/slice_1,tissuemnist,0.071,6.0,8,2400,9600,0.0001,MobileNetV3,5400000,8,0.4979,0.8721,0.0775,0.3998,0.2646,0.36541428571428575,0.20821756772713512,0.3528,0.1297,0.7913,0.3953,0.1988,171.0,,True,100.0,g2_asym_tissue_aider,L70_G50,70,0.0,0.3561,52,50
0.0,-0.0046000000000000485,0.021399999999999975,-0.006157142857142861,0.0,-0.0027000000000000357,-0.0015000000000000013,0.023400000000000004,data/tissuemnist/slice_1,tissuemnist,0.071,6.0,8,2400,9600,0.0001,MobileNetV3,5400000,8,0.5071,0.8391,0.0852,0.3794,0.252,0.3843285714285714,0.19510907362868826,0.3678,0.1419,0.7612,0.4133,0.1813,171.0,,True,100.0,g2_asym_tissue_aider,L70_G50,70,0.0,0.3651,64,50
0.0,0.006700000000000039,-0.0042999999999999705,0.006185714285714239,0.0,0.004799999999999971,0.005700000000000038,-0.005899999999999989,data/tissuemnist/slice_1,tissuemnist,0.071,6.0,8,2400,9600,0.0001,MobileNetV3,5400000,8,0.5033,0.8416,0.0907,0.3789,0.3095,0.3950571428571429,0.17027371122605475,0.3844,0.1488,0.755,0.4815,0.2281,171.0,,True,100.0,g2_asym_tissue_aider,L70_G50,70,0.0,0.3892,64,50
0.0,0.005800000000000027,0.02059999999999995,0.00904285714285713,-19.0,0.01050000000000001,0.025000000000000022,0.017600000000000005,data/tissuemnist/slice_1,tissuemnist,0.071,6.0,8,2400,9600,0.0001,MobileNetV3,5400000,8,0.51,0.8517,0.0779,0.3945,0.4055,0.37302857142857143,0.19436845507059677,0.3771,0.1234,0.8029,0.4917,0.345,171.0,,True,100.0,g2_asym_tissue_aider,L70_G80,70,20.0,0.3876,51,50
0.0,-0.0050000000000000044,-0.006900000000000017,-0.00012857142857142234,-21.0,-0.0010000000000000009,-0.008400000000000019,-0.005900000000000016,data/tissuemnist/slice_1,tissuemnist,0.071,6.0,8,2400,9600,0.0001,MobileNetV3,5400000,8,0.4975,0.8741,0.0759,0.3995,0.2818,0.3666285714285714,0.2077729235369759,0.356,0.1315,0.7921,0.3417,0.2398,171.0,,True,100.0,g2_asym_tissue_aider,L70_G80,70,7.0,0.355,51,50
0.0,0.0020999999999999908,0.0,0.002957142857142825,-10.0,0.002599999999999991,0.0,0.0,data/tissuemnist/slice_1,tissuemnist,0.071,6.0,8,2400,9600,0.0001,MobileNetV3,5400000,8,0.5058,0.8363,0.09,0.3805,0.3299,0.38002857142857144,0.1930124475207731,0.3738,0.1444,0.7671,0.4,0.2807,171.0,,True,100.0,g2_asym_tissue_aider,L70_G80,70,7.0,0.3764,61,50
0.0,0.011700000000000044,0.006899999999999962,0.0030857142857141917,-4.0,0.003599999999999992,0.008299999999999974,0.005800000000000027,data/tissuemnist/slice_1,tissuemnist,0.071,6.0,8,2400,9600,0.0001,MobileNetV3,5400000,8,0.5033,0.8367,0.0954,0.3771,0.3436,0.39840000000000003,0.1649312410846238,0.3915,0.1518,0.755,0.4167,0.2924,171.0,,True,100.0,g2_asym_tissue_aider,L70_G80,70,5.0,0.3951,60,50
0.0,0.0020999999999999908,0.0,-4.285714285712228e-05,-1.0,0.0,0.0,0.0,data/tissuemnist/slice_1,tissuemnist,0.071,6.0,8,2400,9600,0.0001,MobileNetV3,5400000,8,0.5079,0.8535,0.0774,0.3952,0.3502,0.37522857142857147,0.19446474314520515,0.3721,0.1219,0.8087,0.5233,0.2632,171.0,,True,100.0,g2_asym_tissue_aider,L50_G80,50,12.0,0.3721,58,50
0.0,0.0046000000000000485,0.007800000000000029,0.0037857142857143367,-3.0,0.004300000000000026,0.011600000000000055,0.0058,data/tissuemnist/slice_1,tissuemnist,0.071,6.0,8,2400,9600,0.0001,MobileNetV3,5400000,8,0.5004,0.8728,0.0707,0.3972,0.2724,0.3667428571428571,0.20884082015560393,0.3549,0.1289,0.7954,0.407,0.2047,171.0,,True,100.0,g2_asym_tissue_aider,L50_G80,50,5.0,0.3592,55,50
0.0,-0.0050000000000000044,0.038900000000000046,-0.005928571428571561,-10.0,-0.00029999999999996696,0.05820000000000003,0.029200000000000004,data/tissuemnist/slice_1,tissuemnist,0.071,6.0,8,2400,9600,0.0001,MobileNetV3,5400000,8,0.5075,0.8394,0.0837,0.3787,0.2568,0.3834285714285715,0.19556761135792627,0.3676,0.1417,0.7625,0.3837,0.193,171.0,,True,100.0,g2_asym_tissue_aider,L50_G80,50,3.0,0.3673,64,50
0.0,0.005400000000000071,0.015499999999999958,0.004328571428571404,-4.0,0.005700000000000038,0.023299999999999987,0.011700000000000016,data/tissuemnist/slice_1,tissuemnist,0.071,6.0,8,2400,9600,0.0001,MobileNetV3,5400000,8,0.5042,0.8418,0.091,0.3791,0.3113,0.3958285714285714,0.170317096820571,0.3853,0.1486,0.7571,0.4651,0.2339,171.0,,True,100.0,g2_asym_tissue_aider,L50_G80,50,3.0,0.391,64,50
0.0,-0.0008000000000000229,0.0015000000000000013,-9.999999999998899e-05,0.0,9.999999999998899e-05,-0.05870000000000003,0.017600000000000005,data/tissuemnist/slice_1,tissuemnist,0.071,6.0,8,2400,9600,0.0001,MobileNetV3,5400000,8,0.5083,0.8517,0.0779,0.3945,0.3492,0.37534285714285714,0.1951495240442412,0.3721,0.1234,0.8029,0.5432,0.2573,171.0,,True,100.0,g2_asym_tissue_aider,L80_G70,80,0.0,0.3722,51,50
0.0,-0.0016999999999999793,-0.003699999999999981,0.00015714285714280019,0.0,-0.00040000000000001146,-0.03209999999999996,0.005900000000000016,data/tissuemnist/slice_1,tissuemnist,0.071,6.0,8,2400,9600,0.0001,MobileNetV3,5400000,8,0.4971,0.8741,0.0759,0.3995,0.2738,0.3649857142857143,0.20774235711278408,0.3536,0.1315,0.7921,0.3913,0.2105,171.0,,True,100.0,g2_asym_tissue_aider,L80_G70,80,0.0,0.3532,51,50
0.0,0.0046000000000000485,0.032799999999999996,0.0003571428571428892,0.0,0.0043999999999999595,0.009199999999999986,0.04089999999999999,data/tissuemnist/slice_1,tissuemnist,0.071,6.0,8,2400,9600,0.0001,MobileNetV3,5400000,8,0.5054,0.8362,0.0878,0.379,0.2982,0.3794142857142857,0.1940376651843762,0.3693,0.1446,0.7679,0.3942,0.2398,171.0,,True,100.0,g2_asym_tissue_aider,L80_G70,80,0.0,0.3737,61,50
0.0,0.016599999999999948,0.03920000000000001,0.011328571428571466,0.0,0.01479999999999998,0.030999999999999972,0.04089999999999999,data/tissuemnist/slice_1,tissuemnist,0.071,6.0,8,2400,9600,0.0001,MobileNetV3,5400000,8,0.5017,0.8365,0.0963,0.3778,0.3251,0.3986,0.1649522355107684,0.3894,0.152,0.7542,0.4107,0.269,171.0,,True,100.0,g2_asym_tissue_aider,L80_G70,80,0.0,0.4042,60,50
0.0,-0.00039999999999995595,-0.013300000000000034,0.002057142857142924,0.0,0.00020000000000003348,-0.0373,-0.005799999999999972,data/tissuemnist/slice_1,tissuemnist,0.071,6.0,8,2400,9600,0.0001,MobileNetV3,5400000,8,0.5075,0.852,0.0789,0.3956,0.3492,0.3749285714285714,0.19529422282645165,0.3717,0.1234,0.8033,0.5432,0.2573,171.0,,True,100.0,g2_asym_tissue_aider,L80_G50,80,0.0,0.3719,51,50
0.0,0.0032999999999999696,0.0020999999999999908,0.004128571428571426,0.0,0.0039000000000000146,0.009500000000000008,0.0,data/tissuemnist/slice_1,tissuemnist,0.071,6.0,8,2400,9600,0.0001,MobileNetV3,5400000,8,0.4979,0.8721,0.0775,0.3998,0.2646,0.36541428571428575,0.20821756772713512,0.3528,0.1297,0.7913,0.3953,0.1988,171.0,,True,100.0,g2_asym_tissue_aider,L80_G50,80,0.0,0.3567,52,50
0.0,-0.0013000000000000789,0.022399999999999975,-0.005985714285714261,0.0,-0.0023999999999999577,0.0043999999999999595,0.023400000000000004,data/tissuemnist/slice_1,tissuemnist,0.071,6.0,8,2400,9600,0.0001,MobileNetV3,5400000,8,0.5067,0.8388,0.0861,0.3795,0.25,0.38444285714285714,0.19438463238158116,0.3676,0.1423,0.7608,0.4026,0.1813,171.0,,True,100.0,g2_asym_tissue_aider,L80_G50,80,0.0,0.3652,64,50
0.0,0.0013000000000000789,-0.022299999999999986,-0.0019428571428570796,0.0,-0.004500000000000004,-0.0019000000000000128,-0.023400000000000004,data/tissuemnist/slice_1,tissuemnist,0.071,6.0,8,2400,9600,0.0001,MobileNetV3,5400000,8,0.5033,0.8412,0.091,0.3788,0.315,0.39499999999999996,0.16990409059231035,0.385,0.149,0.7538,0.4819,0.2339,171.0,,True,100.0,g2_asym_tissue_aider,L80_G50,80,0.0,0.3805,64,50
0.0,0.0020999999999999908,0.007799999999999974,0.0005000000000000004,-2.0,0.0014000000000000123,0.011600000000000055,0.005800000000000027,data/tissuemnist/slice_1,tissuemnist,0.071,6.0,8,2400,9600,0.0001,MobileNetV3,5400000,8,0.5079,0.8535,0.0774,0.3952,0.3502,0.37522857142857147,0.19446474314520515,0.3721,0.1219,0.8087,0.5233,0.2632,171.0,,True,100.0,g2_asym_tissue_aider,L50_G70,50,11.0,0.3735,57,50
0.0,0.005400000000000071,0.007800000000000029,0.006242857142857217,-4.0,0.006500000000000006,0.011600000000000055,0.0058,data/tissuemnist/slice_1,tissuemnist,0.071,6.0,8,2400,9600,0.0001,MobileNetV3,5400000,8,0.5004,0.8728,0.0707,0.3972,0.2724,0.3667428571428571,0.20884082015560393,0.3549,0.1289,0.7954,0.407,0.2047,171.0,,True,100.0,g2_asym_tissue_aider,L50_G70,50,4.0,0.3614,56,50
0.0,-0.00039999999999995595,0.04670000000000002,0.0009000000000000119,-13.0,0.006599999999999995,0.06980000000000003,0.03509999999999999,data/tissuemnist/slice_1,tissuemnist,0.071,6.0,8,2400,9600,0.0001,MobileNetV3,5400000,8,0.5071,0.8393,0.0845,0.3792,0.2568,0.38321428571428573,0.19551003941026682,0.3674,0.1417,0.7625,0.3837,0.193,171.0,,True,100.0,g2_asym_tissue_aider,L50_G70,50,0.0,0.374,64,50
0.0,0.005799999999999916,0.015499999999999958,0.004528571428571437,-1.0,0.005900000000000016,0.023299999999999987,0.011700000000000016,data/tissuemnist/slice_1,tissuemnist,0.071,6.0,8,2400,9600,0.0001,MobileNetV3,5400000,8,0.5046,0.8419,0.0902,0.3787,0.3113,0.3961142857142857,0.17035988317652243,0.3855,0.1486,0.7575,0.4651,0.2339,171.0,,True,100.0,g2_asym_tissue_aider,L50_G70,50,6.0,0.3914,64,50
0.0,-0.007099999999999995,0.0,-0.009571428571428509,-1.0,-0.008399999999999963,0.0,0.0,data/tissuemnist/slice_1,tissuemnist,0.071,6.0,8,2400,9600,0.0001,MobileNetV3,5400000,8,0.51,0.8706,0.071,0.4017,0.2244,0.3800428571428571,0.19570820011393678,0.3606,0.1109,0.8183,0.6765,0.1345,171.0,,True,100.0,g2_asym_tissue_aider,L20_G70,20,7.0,0.3522,71,50
0.0,-0.003400000000000014,-0.009800000000000003,-0.004485714285714204,5.0,-0.005199999999999982,-0.02939999999999998,-0.0058,data/tissuemnist/slice_1,tissuemnist,0.071,6.0,8,2400,9600,0.0001,MobileNetV3,5400000,8,0.4988,0.8863,0.0647,0.406,0.1659,0.37021428571428566,0.19933910395942625,0.3447,0.1219,0.8071,0.5,0.0994,171.0,,True,100.0,g2_asym_tissue_aider,L20_G70,20,11.0,0.3395,64,50
0.0,-0.0011999999999999789,-0.009700000000000014,-0.0009142857142856453,-2.0,-0.0020000000000000018,-0.02939999999999998,-0.0059000000000000025,data/tissuemnist/slice_1,tissuemnist,0.071,6.0,8,2400,9600,0.0001,MobileNetV3,5400000,8,0.5079,0.8522,0.0811,0.3873,0.1756,0.37788571428571427,0.20404384982905321,0.3526,0.1336,0.78,0.5294,0.1053,171.0,,True,100.0,g2_asym_tissue_aider,L20_G70,20,12.0,0.3506,70,50
0.0,-0.0050000000000000044,0.009699999999999986,0.0018285714285714016,1.0,0.0028000000000000247,0.02939999999999998,0.0059000000000000025,data/tissuemnist/slice_1,tissuemnist,0.071,6.0,8,2400,9600,0.0001,MobileNetV3,5400000,8,0.4975,0.8618,0.0874,0.3896,0.1854,0.38108571428571425,0.18560694590275154,0.3566,0.1432,0.7629,0.5588,0.1111,171.0,,True,100.0,g2_asym_tissue_aider,L20_G70,20,3.0,0.3594,74,50
0.0,0.0008000000000000229,-0.007700000000000012,7.142857142855563e-05,0.0,-0.0008999999999999564,0.009099999999999997,-0.0059000000000000025,data/tissuemnist/slice_1,tissuemnist,0.071,6.0,8,2400,9600,0.0001,MobileNetV3,5400000,8,0.5075,0.8657,0.0747,0.4015,0.2146,0.3780428571428572,0.19411316917968136,0.3576,0.1133,0.8196,0.6471,0.1287,171.0,,True,100.0,g2_asym_tissue_aider,L70_G20,70,0.0,0.3567,66,50
0.0,-0.0029000000000000137,-0.01770000000000002,-0.0020000000000000573,0.0,-0.0039000000000000146,-0.016100000000000003,-0.011700000000000002,data/tissuemnist/slice_1,tissuemnist,0.071,6.0,8,2400,9600,0.0001,MobileNetV3,5400000,8,0.4979,0.8841,0.0674,0.4063,0.1584,0.3682714285714286,0.20247035560288618,0.342,0.1228,0.8021,0.5161,0.0936,171.0,,True,100.0,g2_asym_tissue_aider,L70_G20,70,0.0,0.3381,63,50
0.0,-0.0017000000000000348,-0.009899999999999992,0.0038000000000000256,0.0,0.0020999999999999908,-0.032299999999999995,-0.0058,data/tissuemnist/slice_1,tissuemnist,0.071,6.0,8,2400,9600,0.0001,MobileNetV3,5400000,8,0.5071,0.848,0.0819,0.3843,0.1683,0.3777428571428571,0.20300023826265298,0.3516,0.136,0.7779,0.5484,0.0994,171.0,,True,100.0,g2_asym_tissue_aider,L70_G20,70,0.0,0.3537,69,50
0.0,0.0017000000000000348,-0.0189,0.009157142857142864,0.0,0.005599999999999994,-0.045499999999999985,-0.011700000000000002,data/tissuemnist/slice_1,tissuemnist,0.071,6.0,8,2400,9600,0.0001,MobileNetV3,5400000,8,0.4971,0.8617,0.0861,0.3887,0.1765,0.38115714285714286,0.18589413928472343,0.3556,0.1434,0.7642,0.5455,0.1053,171.0,,True,100.0,g2_asym_tissue_aider,L70_G20,70,0.0,0.3612,75,50
0.0,0.0008000000000000229,0.015500000000000014,-0.0012142857142857233,0.0,0.0009000000000000119,0.014399999999999968,0.011700000000000016,data/tissuemnist/slice_1,tissuemnist,0.071,6.0,8,2400,9600,0.0001,MobileNetV3,5400000,8,0.5092,0.8598,0.0731,0.3981,0.2818,0.3769428571428572,0.19627971190656066,0.365,0.1167,0.8125,0.6327,0.1813,171.0,,True,100.0,g2_asym_tissue_aider,L50_G30,50,0.0,0.3659,62,50
0.0,-0.0020999999999999908,-0.001899999999999985,-0.0028857142857142137,0.0,-0.002799999999999969,-0.020799999999999985,0.0,data/tissuemnist/slice_1,tissuemnist,0.071,6.0,8,2400,9600,0.0001,MobileNetV3,5400000,8,0.4979,0.8798,0.0702,0.4046,0.2037,0.3673285714285714,0.20455526472454968,0.3469,0.1246,0.8017,0.4889,0.1287,171.0,,True,100.0,g2_asym_tissue_aider,L50_G30,50,0.0,0.3441,61,50
0.0,0.0041999999999999815,0.027100000000000013,0.002971428571428625,0.0,0.006000000000000005,-0.021999999999999964,0.02339999999999999,data/tissuemnist/slice_1,tissuemnist,0.071,6.0,8,2400,9600,0.0001,MobileNetV3,5400000,8,0.5062,0.8448,0.0848,0.3837,0.1981,0.3795285714285714,0.199428058738596,0.3568,0.1379,0.7717,0.5122,0.1228,171.0,,True,100.0,g2_asym_tissue_aider,L50_G30,50,0.0,0.3628,67,50
0.0,-0.0024999999999999467,0.015800000000000036,-0.004042857142857126,0.0,-0.0015000000000000013,0.016699999999999937,0.011699999999999988,data/tissuemnist/slice_1,tissuemnist,0.071,6.0,8,2400,9600,0.0001,MobileNetV3,5400000,8,0.5042,0.8536,0.0799,0.3814,0.2557,0.38944285714285715,0.18052316714912528,0.3727,0.1448,0.7617,0.5833,0.1637,171.0,,True,100.0,g2_asym_tissue_aider,L50_G30,50,0.0,0.3712,70,50
0.0,-0.0017000000000000348,-0.009000000000000008,-0.00019999999999992246,-7.0,-0.0013000000000000234,-0.01959999999999995,-0.0058,data/tissuemnist/slice_1,tissuemnist,0.071,6.0,8,2400,9600,0.0001,MobileNetV3,5400000,8,0.5096,0.8642,0.0736,0.4004,0.2703,0.37704285714285707,0.19768114193708772,0.3637,0.1139,0.815,0.5882,0.1754,171.0,,True,100.0,g2_asym_tissue_aider,L30_G80,30,6.0,0.3624,63,50
0.0,0.010899999999999965,0.0,0.0036285714285714255,-3.0,0.0030999999999999917,0.0,0.0,data/tissuemnist/slice_1,tissuemnist,0.071,6.0,8,2400,9600,0.0001,MobileNetV3,5400000,8,0.4983,0.8812,0.0699,0.4054,0.2162,0.36804285714285717,0.20129820705427387,0.3491,0.1241,0.8033,0.4706,0.1404,171.0,,True,100.0,g2_asym_tissue_aider,L30_G80,30,5.0,0.3522,62,50
0.0,0.0037000000000000366,0.017999999999999988,0.009428571428571397,-7.0,0.010499999999999954,0.03919999999999996,0.011700000000000016,data/tissuemnist/slice_1,tissuemnist,0.071,6.0,8,2400,9600,0.0001,MobileNetV3,5400000,8,0.5071,0.8463,0.0836,0.3845,0.2252,0.37887142857142864,0.20084433001197516,0.3597,0.1371,0.7738,0.4902,0.1462,171.0,,True,100.0,g2_asym_tissue_aider,L30_G80,30,7.0,0.3702,69,50
0.0,-0.0050000000000000044,-0.008999999999999952,-0.00355714285714287,-3.0,-0.004200000000000037,-0.01959999999999995,-0.005899999999999989,data/tissuemnist/slice_1,tissuemnist,0.071,6.0,8,2400,9600,0.0001,MobileNetV3,5400000,8,0.5029,0.8551,0.0808,0.3828,0.2613,0.38587142857142853,0.18332598377352463,0.3703,0.1445,0.7621,0.5686,0.1696,171.0,,True,100.0,g2_asym_tissue_aider,L30_G80,30,2.0,0.3661,70,50
0.0,-0.007099999999999995,0.0,-0.011700000000000044,-3.0,-0.010299999999999976,0.0,0.0,data/tissuemnist/slice_1,tissuemnist,0.071,6.0,8,2400,9600,0.0001,MobileNetV3,5400000,8,0.51,0.8705,0.071,0.4017,0.2244,0.38002857142857144,0.19569149710913944,0.3606,0.1109,0.8183,0.6765,0.1345,171.0,,True,100.0,g2_asym_tissue_aider,L20_G30,20,5.0,0.3503,71,50
0.0,-0.0038000000000000256,-0.009800000000000003,-0.00642857142857145,0.0,-0.006900000000000017,-0.02939999999999998,-0.0058,data/tissuemnist/slice_1,tissuemnist,0.071,6.0,8,2400,9600,0.0001,MobileNetV3,5400000,8,0.4988,0.8864,0.0648,0.4057,0.1659,0.3697714285714286,0.19978822869861632,0.3443,0.1219,0.8063,0.5,0.0994,171.0,,True,100.0,g2_asym_tissue_aider,L20_G30,20,6.0,0.3374,63,50
0.0,-0.0017000000000000348,0.0,0.001642857142857168,-5.0,0.0014000000000000123,0.0,0.0,data/tissuemnist/slice_1,tissuemnist,0.071,6.0,8,2400,9600,0.0001,MobileNetV3,5400000,8,0.5079,0.8529,0.0809,0.3877,0.1756,0.3775428571428571,0.2043076241996917,0.3523,0.1331,0.7817,0.5294,0.1053,171.0,,True,100.0,g2_asym_tissue_aider,L20_G30,20,9.0,0.3537,70,50
0.0,-0.0029000000000000137,0.0,0.0008142857142857673,-1.0,0.0006999999999999784,0.0,0.0,data/tissuemnist/slice_1,tissuemnist,0.071,6.0,8,2400,9600,0.0001,MobileNetV3,5400000,8,0.4979,0.8618,0.0867,0.3894,0.1854,0.3818428571428571,0.1853302755094487,0.3573,0.1429,0.7638,0.5588,0.1111,171.0,,True,100.0,g2_asym_tissue_aider,L20_G30,20,2.0,0.358,73,50
0.0,-0.0050000000000000044,-0.01949999999999999,-0.007285714285714284,-6.0,-0.00880000000000003,-0.05889999999999995,-0.011700000000000002,data/tissuemnist/slice_1,tissuemnist,0.071,6.0,8,2400,9600,0.0001,MobileNetV3,5400000,8,0.5096,0.8708,0.0716,0.4022,0.2244,0.37977142857142854,0.1954786850951546,0.3603,0.1108,0.82,0.6765,0.1345,171.0,,True,100.0,g2_asym_tissue_aider,L20_G50,20,2.0,0.3515,72,50
0.0,0.00039999999999995595,0.0,-0.0028571428571427804,3.0,-0.0025000000000000022,0.0,0.0,data/tissuemnist/slice_1,tissuemnist,0.071,6.0,8,2400,9600,0.0001,MobileNetV3,5400000,8,0.4988,0.8862,0.0648,0.4058,0.1659,0.37017142857142854,0.19940079319433665,0.3446,0.1219,0.8063,0.5,0.0994,171.0,,True,100.0,g2_asym_tissue_aider,L20_G50,20,9.0,0.3421,64,50
0.0,-0.016199999999999992,-0.019500000000000017,-0.02291428571428572,-13.0,-0.02250000000000002,-0.05879999999999996,-0.011700000000000002,data/tissuemnist/slice_1,tissuemnist,0.071,6.0,8,2400,9600,0.0001,MobileNetV3,5400000,8,0.5079,0.8525,0.0819,0.388,0.1854,0.37721428571428567,0.20419563048754028,0.3532,0.1333,0.7821,0.5588,0.1111,171.0,,True,100.0,g2_asym_tissue_aider,L20_G50,20,1.0,0.3307,70,50
0.0,-0.0041999999999999815,-0.009800000000000003,0.001871428571428635,0.0,0.00040000000000001146,-0.02939999999999998,-0.0058,data/tissuemnist/slice_1,tissuemnist,0.071,6.0,8,2400,9600,0.0001,MobileNetV3,5400000,8,0.4975,0.8619,0.0862,0.3893,0.1854,0.3813,0.18545320549554117,0.3568,0.1431,0.7646,0.5588,0.1111,171.0,,True,100.0,g2_asym_tissue_aider,L20_G50,20,1.0,0.3572,74,50
0.0,-0.0012999999999999678,-0.037699999999999984,-0.0007428571428570452,0.0,-0.005400000000000016,-0.013700000000000045,-0.029299999999999993,data/tissuemnist/slice_1,tissuemnist,0.071,6.0,8,2400,9600,0.0001,MobileNetV3,5400000,8,0.5075,0.86,0.0758,0.3998,0.2818,0.3744714285714285,0.19698798160791228,0.3629,0.1166,0.8142,0.6327,0.1813,171.0,,True,100.0,g2_asym_tissue_aider,L70_G30,70,0.0,0.3575,62,50
0.0,-0.0025000000000000022,-0.003699999999999981,-0.000785714285714334,0.0,-0.0010999999999999899,-0.03989999999999999,0.0,data/tissuemnist/slice_1,tissuemnist,0.071,6.0,8,2400,9600,0.0001,MobileNetV3,5400000,8,0.4979,0.8802,0.0699,0.4046,0.2037,0.36920000000000003,0.20066113581999737,0.3485,0.1246,0.8021,0.4889,0.1287,171.0,,True,100.0,g2_asym_tissue_aider,L70_G30,70,0.0,0.3474,61,50
0.0,-0.0007999999999999119,-0.029200000000000004,0.001485714285714257,0.0,-0.0024000000000000132,0.015699999999999992,-0.023400000000000004,data/tissuemnist/slice_1,tissuemnist,0.071,6.0,8,2400,9600,0.0001,MobileNetV3,5400000,8,0.5054,0.8442,0.0867,0.3841,0.1935,0.3790714285714286,0.199549297269663,0.3559,0.1382,0.7671,0.4565,0.1228,171.0,,True,100.0,g2_asym_tissue_aider,L70_G30,70,0.0,0.3535,68,50
0.0,-0.0025000000000000577,-0.007900000000000018,-0.008857142857142841,0.0,-0.008699999999999986,-0.008599999999999941,-0.005899999999999989,data/tissuemnist/slice_1,tissuemnist,0.071,6.0,8,2400,9600,0.0001,MobileNetV3,5400000,8,0.5046,0.853,0.0794,0.3806,0.2624,0.39167142857142856,0.1773604297491871,0.3755,0.1452,0.7617,0.58,0.1696,171.0,,True,100.0,g2_asym_tissue_aider,L70_G30,70,0.0,0.3668,70,50
0.0,0.007499999999999951,0.03280000000000005,0.012399999999999967,-18.0,0.01749999999999996,0.09999999999999998,0.019600000000000006,data/aider/slice_1,aider,0.166,4.5,4,1190,4758,0.0001,MobileNetV2,3500000,4,0.9059,0.2098,0.0194,0.1033,0.2951,0.9312333333333335,0.04085342362914305,0.7722,0.0136,0.9874,0.9,0.1765,102.0,,True,100.0,paper_backbones,L20_G20,20,2.0,0.7897,66,50
0.0,0.011799999999999922,0.08200000000000002,0.010533333333333394,-13.0,0.02839999999999998,0.25,0.04899999999999999,data/aider/slice_1,aider,0.166,4.5,4,1190,4758,0.0001,MobileNetV2,3500000,4,0.905,0.2013,0.0196,0.1007,0.2459,0.9394999999999999,0.013473183241783177,0.7661,0.0124,0.9857,0.75,0.1471,102.0,,True,100.0,paper_backbones,L20_G20,20,6.0,0.7945,66,50
0.0,0.0252,0.16400000000000003,0.03396666666666648,-18.0,0.06640000000000001,0.5,0.09809999999999999,data/aider/slice_1,aider,0.166,4.5,4,1190,4758,0.0001,MobileNetV2,3500000,4,0.8807,0.2341,0.0161,0.115,0.1639,0.8889333333333335,0.0445452079976686,0.7077,0.0115,0.9916,0.5,0.098,102.0,,True,100.0,paper_backbones,L20_G20,20,2.0,0.7741,66,50
0.0,0.005099999999999993,0.016400000000000026,0.006733333333333369,-17.0,0.009099999999999997,0.050000000000000044,0.009800000000000003,data/aider/slice_1,aider,0.166,4.5,4,1190,4758,0.0001,MobileNetV2,3500000,4,0.9134,0.1962,0.035,0.0962,0.3115,0.9429666666666666,0.004954683530649433,0.7851,0.0141,0.9866,0.95,0.1863,102.0,,True,100.0,paper_backbones,L20_G20,20,3.0,0.7942,66,50
0.0,0.0024999999999999467,0.0,0.00039999999999995595,-28.0,0.000300000000000078,0.0,0.0,data/aider/slice_1,aider,0.166,4.5,4,1190,4758,0.0001,MobileNetV2,3500000,4,0.9605,0.112,0.1017,0.05,0.8208,0.9607666666666667,0.015107687520670503,0.9258,0.0276,0.9681,1.0,0.6961,102.0,,True,100.0,paper_backbones,L70_G70,70,1.0,0.9261,61,50
0.0,0.0032999999999999696,0.011599999999999944,9.999999999987796e-05,-43.0,0.0030000000000000027,0.014100000000000001,0.009800000000000031,data/aider/slice_1,aider,0.166,4.5,4,1190,4758,0.0001,MobileNetV2,3500000,4,0.9597,0.1394,0.0676,0.0676,0.8092,0.9651666666666667,0.0074481914284982974,0.9262,0.023,0.9748,0.9859,0.6863,102.0,,True,100.0,paper_backbones,L70_G70,70,2.0,0.9292,61,50
0.0,0.01090000000000002,0.0,0.023500000000000076,-49.0,0.01759999999999995,0.0,0.0,data/aider/slice_1,aider,0.166,4.5,4,1190,4758,0.0001,MobileNetV2,3500000,4,0.9496,0.159,0.086,0.0809,0.8208,0.9381,0.04322522411740627,0.9088,0.0213,0.9748,1.0,0.6961,102.0,,True,100.0,paper_backbones,L70_G70,70,1.0,0.9264,61,50
0.0,0.0,0.0,0.0,-14.0,0.0,0.0,0.0,data/aider/slice_1,aider,0.166,4.5,4,1190,4758,0.0001,MobileNetV2,3500000,4,0.9639,0.0881,0.0637,0.0426,0.8208,0.9656000000000001,0.009714936952960631,0.9294,0.0196,0.9849,1.0,0.6961,102.0,,True,100.0,paper_backbones,L70_G70,70,0.0,0.9294,61,50
0.0,0.010099999999999998,0.04510000000000003,0.014466666666666739,-31.0,0.02210000000000001,0.0968,0.02939999999999998,data/aider/slice_1,aider,0.166,4.5,4,1190,4758,0.0001,MobileNetV2,3500000,4,0.9143,0.206,0.0244,0.1021,0.4211,0.9335,0.03706130057081105,0.8054,0.0139,0.9882,0.9032,0.2745,102.0,,True,100.0,paper_backbones,L30_G30,30,0.0,0.8275,64,50
0.0,0.00759999999999994,0.030100000000000016,0.00773333333333337,-30.0,0.013299999999999979,0.0645,0.019600000000000006,data/aider/slice_1,aider,0.166,4.5,4,1190,4758,0.0001,MobileNetV2,3500000,4,0.921,0.1972,0.0169,0.0963,0.4361,0.9498000000000001,0.008574380444090415,0.8214,0.0116,0.9899,0.9355,0.2843,102.0,,True,100.0,paper_backbones,L30_G30,30,0.0,0.8347,64,50
0.0,0.012600000000000056,0.07519999999999999,0.014800000000000035,-26.0,0.029900000000000038,0.1613,0.04899999999999999,data/aider/slice_1,aider,0.166,4.5,4,1190,4758,0.0001,MobileNetV2,3500000,4,0.9025,0.2219,0.0202,0.1103,0.391,0.9113666666666665,0.0509893017101518,0.7813,0.0112,0.9908,0.8387,0.2549,102.0,,True,100.0,paper_backbones,L30_G30,30,3.0,0.8112,64,50
0.0,0.0050000000000000044,0.015100000000000002,0.00543333333333329,-28.0,0.007800000000000029,0.032299999999999995,0.009800000000000031,data/aider/slice_1,aider,0.166,4.5,4,1190,4758,0.0001,MobileNetV2,3500000,4,0.9227,0.1865,0.0533,0.0921,0.4511,0.9448333333333334,0.006851925925525503,0.8214,0.0166,0.9807,0.9677,0.2941,102.0,,True,100.0,paper_backbones,L30_G30,30,1.0,0.8292,64,50
0.0,-0.0007999999999999119,0.0,-0.0018000000000001348,-13.0,-0.0013999999999999568,0.0,0.0,data/aider/slice_1,aider,0.166,4.5,4,1190,4758,0.0001,MobileNetV2,3500000,4,0.9731,0.0713,0.1198,0.032,0.8913,0.9716333333333335,0.011937708695092546,0.9516,0.0246,0.9731,1.0,0.8039,102.0,,True,100.0,paper_backbones,L80_G80,80,4.0,0.9502,60,50
0.0,0.0,0.0,0.0,-31.0,0.0,0.0,0.0,data/aider/slice_1,aider,0.166,4.5,4,1190,4758,0.0001,MobileNetV2,3500000,4,0.9723,0.0957,0.0884,0.0456,0.8913,0.9725666666666667,0.008912288644836907,0.9523,0.0212,0.9782,1.0,0.8039,102.0,,True,100.0,paper_backbones,L80_G80,80,0.0,0.9523,60,50
0.0,0.0050000000000000044,0.0,0.010166666666666657,-18.0,0.007600000000000051,0.0,0.0,data/aider/slice_1,aider,0.166,4.5,4,1190,4758,0.0001,MobileNetV2,3500000,4,0.9681,0.0859,0.1011,0.0403,0.8913,0.9626,0.024050502420254503,0.9448,0.0244,0.9697,1.0,0.8039,102.0,,True,100.0,paper_backbones,L80_G80,80,2.0,0.9524,60,50
0.0,0.0008000000000000229,0.0,0.0019000000000000128,-3.0,0.0014999999999999458,0.0,0.0,data/aider/slice_1,aider,0.166,4.5,4,1190,4758,0.0001,MobileNetV2,3500000,4,0.9731,0.0545,0.0868,0.0252,0.8913,0.9702666666666667,0.011459009070983807,0.9505,0.0148,0.9891,1.0,0.8039,102.0,,True,100.0,paper_backbones,L80_G80,80,2.0,0.952,58,50
0.0,0.0015000000000000568,0.0,0.008516666666666728,-25.0,0.007299999999999973,0.0,0.0,data/dermmnist/slice_1,dermmnist,0.113,58.0,7,2003,8012,0.0001,MobileNetV2,3500000,7,0.8308,0.3243,0.0832,0.1508,0.3134,0.743,0.1160028591601661,0.6816,0.0398,0.9466,0.9333,0.1883,223.0,,True,100.0,paper_backbones,L20_G20,20,0.0,0.6889,61,50
0.0,-0.000500000000000056,0.0,0.0086666666666666,-20.0,0.007400000000000073,0.0,0.0,data/dermmnist/slice_1,dermmnist,0.113,58.0,7,2003,8012,0.0001,MobileNetV2,3500000,7,0.8283,0.3199,0.1013,0.1477,0.306,0.7163166666666667,0.1237187592440568,0.6577,0.044,0.9296,0.9111,0.1839,223.0,,True,100.0,paper_backbones,L20_G20,20,1.0,0.6651,62,50
0.0,0.0004999999999999449,0.014900000000000024,0.001483333333333281,-20.0,0.0033999999999999586,0.044399999999999995,0.008899999999999991,data/dermmnist/slice_1,dermmnist,0.113,58.0,7,2003,8012,0.0001,MobileNetV2,3500000,7,0.8253,0.3338,0.0766,0.1545,0.2985,0.7332666666666667,0.11859341840460155,0.6712,0.0379,0.9366,0.8889,0.1794,223.0,,True,100.0,paper_backbones,L20_G20,20,5.0,0.6746,61,50
0.0,-0.0025000000000000577,0.007399999999999962,-0.017683333333333384,-33.0,-0.014100000000000001,0.022299999999999986,0.004500000000000004,data/dermmnist/slice_1,dermmnist,0.113,58.0,7,2003,8012,0.0001,MobileNetV2,3500000,7,0.8333,0.3253,0.0816,0.1497,0.2836,0.7437666666666667,0.15680651205298277,0.678,0.0382,0.9351,0.8444,0.1704,223.0,,True,100.0,paper_backbones,L20_G20,20,1.0,0.6639,60,50
0.0,-0.005499999999999949,-0.021100000000000008,-0.007400000000000073,-31.0,-0.009299999999999975,-0.025700000000000056,-0.01789999999999997,data/dermmnist/slice_1,dermmnist,0.113,58.0,7,2003,8012,0.0001,MobileNetV2,3500000,7,0.8562,0.2529,0.108,0.1101,0.6016,0.7736166666666667,0.10305774136645708,0.749,0.0495,0.9231,0.7308,0.5112,223.0,,True,100.0,paper_backbones,L70_G70,70,2.0,0.7397,56,50
0.0,-0.0010000000000000009,0.0,-0.00020000000000020002,-27.0,-0.00019999999999997797,0.0,0.0,data/dermmnist/slice_1,dermmnist,0.113,58.0,7,2003,8012,0.0001,MobileNetV2,3500000,7,0.8557,0.2487,0.11,0.1043,0.591,0.75355,0.11546004720248472,0.7303,0.0499,0.9221,0.7179,0.5022,223.0,,True,100.0,paper_backbones,L70_G70,70,4.0,0.7301,56,50
0.0,0.0,-0.015900000000000025,0.005299999999999971,-18.0,0.0022999999999999687,-0.019299999999999984,-0.013500000000000068,data/dermmnist/slice_1,dermmnist,0.113,58.0,7,2003,8012,0.0001,MobileNetV2,3500000,7,0.8507,0.2647,0.1066,0.1178,0.6069,0.73725,0.13079068200754979,0.7186,0.0478,0.9261,0.7372,0.5157,223.0,,True,100.0,paper_backbones,L70_G70,70,12.0,0.7209,55,50
0.0,0.000500000000000056,0.015799999999999925,-0.005316666666666636,-50.0,-0.0022999999999999687,0.019199999999999995,0.013500000000000068,data/dermmnist/slice_1,dermmnist,0.113,58.0,7,2003,8012,0.0001,MobileNetV2,3500000,7,0.8572,0.261,0.1117,0.1201,0.6016,0.7492333333333333,0.15686605397245412,0.7281,0.0448,0.9341,0.7308,0.5112,223.0,,True,100.0,paper_backbones,L70_G70,70,1.0,0.7258,55,50
0.0,0.0010000000000000009,0.0,0.007150000000000101,-37.0,0.006099999999999994,0.0,0.0,data/dermmnist/slice_1,dermmnist,0.113,58.0,7,2003,8012,0.0001,MobileNetV2,3500000,7,0.8392,0.3107,0.0941,0.1449,0.4138,0.7475999999999999,0.11338434636227349,0.6999,0.0429,0.9421,0.8955,0.2691,223.0,,True,100.0,paper_backbones,L30_G30,30,2.0,0.706,60,50
0.0,0.0025000000000000577,-0.006900000000000017,0.020300000000000096,-22.0,0.01639999999999997,-0.014899999999999913,-0.004500000000000004,data/dermmnist/slice_1,dermmnist,0.113,58.0,7,2003,8012,0.0001,MobileNetV2,3500000,7,0.8382,0.3027,0.1028,0.1376,0.4138,0.7272833333333333,0.11788608083889951,0.6825,0.0453,0.9261,0.8955,0.2691,223.0,,True,100.0,paper_backbones,L30_G30,30,1.0,0.6989,61,50
0.0,-0.0030000000000000027,0.006900000000000017,0.002683333333333371,-39.0,0.0032999999999999696,0.014900000000000024,0.004500000000000004,data/dermmnist/slice_1,dermmnist,0.113,58.0,7,2003,8012,0.0001,MobileNetV2,3500000,7,0.8328,0.3243,0.0795,0.1505,0.3862,0.7362166666666666,0.11783330622347639,0.6862,0.0398,0.9381,0.8358,0.2511,223.0,,True,100.0,paper_backbones,L30_G30,30,0.0,0.6895,60,50
0.0,-0.0004999999999999449,0.020699999999999996,0.0031166666666666565,-43.0,0.005700000000000038,0.04479999999999995,0.013399999999999995,data/dermmnist/slice_1,dermmnist,0.113,58.0,7,2003,8012,0.0001,MobileNetV2,3500000,7,0.8382,0.3159,0.0822,0.1431,0.3655,0.7358166666666667,0.17503566700024947,0.6829,0.0395,0.9376,0.791,0.2377,223.0,,True,100.0,paper_backbones,L30_G30,30,1.0,0.6886,59,50
0.0,-0.005499999999999949,-0.020000000000000018,-0.012966666666666682,-21.0,-0.014000000000000012,-0.022499999999999964,-0.018000000000000016,data/dermmnist/slice_1,dermmnist,0.113,58.0,7,2003,8012,0.0001,MobileNetV2,3500000,7,0.8572,0.2472,0.1311,0.1106,0.6135,0.77455,0.10276988453173756,0.7516,0.051,0.9236,0.691,0.5516,223.0,,True,100.0,paper_backbones,L80_G80,80,1.0,0.7376,54,50
0.0,0.0024999999999999467,0.0,0.0059833333333333405,-14.0,0.0051000000000001044,0.0,0.0,data/dermmnist/slice_1,dermmnist,0.113,58.0,7,2003,8012,0.0001,MobileNetV2,3500000,7,0.8577,0.2428,0.1145,0.1054,0.6234,0.76225,0.10365242801465546,0.7424,0.0523,0.9176,0.7022,0.5605,223.0,,True,100.0,paper_backbones,L80_G80,80,2.0,0.7475,54,50
0.0,0.0004999999999999449,-0.0050000000000000044,-0.004783333333333362,-8.0,-0.0049000000000000155,-0.005600000000000049,-0.0045000000000000595,data/dermmnist/slice_1,dermmnist,0.113,58.0,7,2003,8012,0.0001,MobileNetV2,3500000,7,0.8517,0.2547,0.107,0.1108,0.6085,0.75605,0.1330133170024716,0.735,0.0493,0.9196,0.6854,0.5471,223.0,,True,100.0,paper_backbones,L80_G80,80,0.0,0.7301,51,50
0.0,0.0024999999999999467,-0.004899999999999904,0.010766666666666813,-38.0,0.008499999999999952,-0.005600000000000049,-0.0043999999999999595,data/dermmnist/slice_1,dermmnist,0.113,58.0,7,2003,8012,0.0001,MobileNetV2,3500000,7,0.8567,0.2492,0.1124,0.1098,0.6234,0.7458999999999999,0.15380606836749536,0.7284,0.0468,0.9281,0.7022,0.5605,223.0,,True,100.0,paper_backbones,L80_G80,80,1.0,0.7369,54,50
0.0,0.0009000000000000119,0.01949999999999999,0.0005857142857143005,-8.0,0.0029000000000000137,0.05889999999999995,0.011700000000000002,data/tissuemnist/slice_1,tissuemnist,0.071,6.0,8,2400,9600,0.0001,MobileNetV2,3500000,8,0.5012,0.8676,0.0856,0.4004,0.2049,0.3849714285714286,0.1794696927401529,0.3625,0.1267,0.795,0.6176,0.1228,171.0,,True,100.0,paper_backbones,L20_G20,20,9.0,0.3654,128,50
0.0,0.016300000000000037,0.029299999999999993,0.0011428571428571677,-5.0,0.004599999999999993,0.08830000000000005,0.0175,data/tissuemnist/slice_1,tissuemnist,0.071,6.0,8,2400,9600,0.0001,MobileNetV2,3500000,8,0.4883,0.8979,0.0672,0.4134,0.1951,0.39198571428571427,0.15227159409209237,0.3674,0.1264,0.7979,0.5882,0.117,171.0,,True,100.0,paper_backbones,L20_G20,20,6.0,0.372,140,50
0.0,-0.0033999999999999586,-0.009800000000000003,0.0014428571428571901,-4.0,9.999999999998899e-05,-0.02939999999999998,-0.0058,data/tissuemnist/slice_1,tissuemnist,0.071,6.0,8,2400,9600,0.0001,MobileNetV2,3500000,8,0.5146,0.8595,0.0694,0.4001,0.2439,0.3865714285714285,0.18444958826802757,0.3687,0.1094,0.8258,0.7353,0.1462,171.0,,True,100.0,paper_backbones,L20_G20,20,2.0,0.3688,120,50
0.0,0.0025000000000000577,0.009700000000000014,0.004728571428571471,-11.0,0.005400000000000016,0.02939999999999998,0.005899999999999989,data/tissuemnist/slice_1,tissuemnist,0.071,6.0,8,2400,9600,0.0001,MobileNetV2,3500000,8,0.5092,0.8501,0.077,0.3868,0.2244,0.38635714285714284,0.18261225007526471,0.3661,0.1302,0.7829,0.6765,0.1345,171.0,,True,100.0,paper_backbones,L20_G20,20,0.0,0.3715,135,50
0.0,-0.006299999999999972,-0.01369999999999999,-0.003285714285714225,-23.0,-0.004599999999999993,-0.016699999999999993,-0.011699999999999988,data/tissuemnist/slice_1,tissuemnist,0.071,6.0,8,2400,9600,0.0001,MobileNetV2,3500000,8,0.5221,0.8275,0.0819,0.3723,0.3436,0.4051,0.18300938305375022,0.3974,0.134,0.7854,0.4167,0.2924,171.0,,True,100.0,paper_backbones,L70_G70,70,7.0,0.3928,102,50
0.0,0.00039999999999995595,0.020600000000000007,-0.006814285714285717,-23.0,-0.003400000000000014,0.025000000000000022,0.017600000000000005,data/tissuemnist/slice_1,tissuemnist,0.071,6.0,8,2400,9600,0.0001,MobileNetV2,3500000,8,0.5071,0.8632,0.0701,0.3985,0.3368,0.3862,0.1711956691708559,0.38,0.1195,0.8054,0.4083,0.2865,171.0,,True,100.0,paper_backbones,L70_G70,70,5.0,0.3766,104,50
0.0,0.0008000000000000229,0.041200000000000014,-0.01285714285714279,-20.0,-0.006099999999999994,0.04999999999999999,0.03510000000000002,data/tissuemnist/slice_1,tissuemnist,0.071,6.0,8,2400,9600,0.0001,MobileNetV2,3500000,8,0.5296,0.8255,0.0675,0.3792,0.378,0.3949,0.18829983688635676,0.3928,0.117,0.8192,0.4583,0.3216,171.0,,True,100.0,paper_backbones,L70_G70,70,5.0,0.3867,101,50
0.0,0.0020999999999999908,0.0,0.002285714285714391,-7.0,0.0020999999999999908,0.0,0.0,data/tissuemnist/slice_1,tissuemnist,0.071,6.0,8,2400,9600,0.0001,MobileNetV2,3500000,8,0.5279,0.8134,0.0821,0.3658,0.4192,0.4025714285714285,0.18011919636162932,0.4046,0.1331,0.7746,0.5083,0.3567,171.0,,True,100.0,paper_backbones,L70_G70,70,24.0,0.4067,114,50
0.0,0.0017000000000000348,-0.009000000000000008,0.0006428571428571117,-11.0,-0.0005000000000000004,-0.01959999999999995,-0.0058,data/tissuemnist/slice_1,tissuemnist,0.071,6.0,8,2400,9600,0.0001,MobileNetV2,3500000,8,0.5062,0.8631,0.0842,0.3973,0.2703,0.3873428571428571,0.1898097307240886,0.3727,0.1246,0.7958,0.5882,0.1754,171.0,,True,100.0,paper_backbones,L30_G30,30,13.0,0.3722,124,50
0.0,0.007500000000000007,0.018000000000000016,0.00938571428571433,-13.0,0.01050000000000001,0.03920000000000001,0.011699999999999988,data/tissuemnist/slice_1,tissuemnist,0.071,6.0,8,2400,9600,0.0001,MobileNetV2,3500000,8,0.4975,0.8892,0.0616,0.4125,0.2613,0.3886428571428571,0.15593394074912306,0.3727,0.1168,0.8163,0.5686,0.1696,171.0,,True,100.0,paper_backbones,L30_G30,30,1.0,0.3832,128,50
0.0,0.007900000000000018,0.027000000000000024,-5.714285714286671e-05,-15.0,0.0032999999999999696,0.05889999999999995,0.017499999999999988,data/tissuemnist/slice_1,tissuemnist,0.071,6.0,8,2400,9600,0.0001,MobileNetV2,3500000,8,0.5192,0.8526,0.0674,0.3937,0.2613,0.39385714285714285,0.18196685614334793,0.3773,0.1118,0.8204,0.5686,0.1696,171.0,,True,100.0,paper_backbones,L30_G30,30,4.0,0.3806,116,50
0.0,0.007099999999999995,-0.009000000000000008,0.008714285714285674,-18.0,0.006500000000000006,-0.019600000000000062,-0.005899999999999989,data/tissuemnist/slice_1,tissuemnist,0.071,6.0,8,2400,9600,0.0001,MobileNetV2,3500000,8,0.5096,0.8459,0.0819,0.389,0.2793,0.3915,0.1774376832258904,0.3775,0.1326,0.7762,0.6078,0.1813,171.0,,True,100.0,paper_backbones,L30_G30,30,3.0,0.384,130,50
0.0,-0.016599999999999948,0.006400000000000017,0.003300000000000025,-28.0,0.003699999999999981,0.007299999999999973,0.005900000000000016,data/tissuemnist/slice_1,tissuemnist,0.071,6.0,8,2400,9600,0.0001,MobileNetV2,3500000,8,0.5262,0.8243,0.079,0.3699,0.3442,0.4079714285714286,0.18361981463483348,0.4,0.1311,0.7925,0.3869,0.3099,171.0,,True,100.0,paper_backbones,L80_G80,80,9.0,0.4037,101,50
0.0,0.011699999999999933,0.013000000000000012,0.008171428571428607,-25.0,0.008699999999999986,0.014600000000000002,0.011699999999999988,data/tissuemnist/slice_1,tissuemnist,0.071,6.0,8,2400,9600,0.0001,MobileNetV2,3500000,8,0.5129,0.8356,0.0836,0.383,0.3766,0.3900428571428571,0.17298842948213003,0.3884,0.1313,0.7792,0.4234,0.3392,171.0,,True,100.0,paper_backbones,L80_G80,80,4.0,0.3971,106,50
0.0,-0.0020999999999999908,-0.013000000000000012,0.009757142857142909,-21.0,0.006900000000000017,-0.014600000000000002,-0.011699999999999988,data/tissuemnist/slice_1,tissuemnist,0.071,6.0,8,2400,9600,0.0001,MobileNetV2,3500000,8,0.5225,0.8232,0.0861,0.3813,0.4091,0.3892142857142857,0.1892102868584613,0.3917,0.124,0.7975,0.4599,0.3684,171.0,,True,100.0,paper_backbones,L80_G80,80,4.0,0.3986,99,50
0.0,0.0016999999999999238,-0.013000000000000012,0.009857142857142842,-31.0,0.007000000000000006,-0.014600000000000002,-0.011699999999999988,data/tissuemnist/slice_1,tissuemnist,0.071,6.0,8,2400,9600,0.0001,MobileNetV2,3500000,8,0.5308,0.8086,0.085,0.3667,0.4351,0.4036857142857143,0.18043961735218816,0.4076,0.1329,0.7846,0.4891,0.3918,171.0,,True,100.0,paper_backbones,L80_G80,80,7.0,0.4146,110,50
0.0,-0.007600000000000051,0.0,-0.017766666666666597,-6.0,-0.013299999999999979,0.0,0.0,data/aider/slice_1,aider,0.166,4.5,4,1190,4758,0.0001,ShuffleNetV2,1400000,4,0.9143,0.1807,0.0313,0.0885,0.3279,0.9483666666666667,0.00230988215187601,0.7932,0.0228,0.9798,1.0,0.1961,102.0,,True,100.0,paper_backbones,L20_G20,20,4.0,0.7799,85,50
0.0,0.02179999999999993,0.03280000000000005,0.053133333333333255,-10.0,0.04800000000000004,0.09999999999999998,0.019600000000000006,data/aider/slice_1,aider,0.166,4.5,4,1190,4758,0.0001,ShuffleNetV2,1400000,4,0.8849,0.2285,0.0375,0.1108,0.2951,0.8767,0.06906306296904782,0.7313,0.0239,0.9731,0.9,0.1765,102.0,,True,100.0,paper_backbones,L20_G20,20,1.0,0.7793,82,50
0.0,0.01429999999999998,0.0,0.034700000000000175,-7.0,0.0260999999999999,0.0,0.0,data/aider/slice_1,aider,0.166,4.5,4,1190,4758,0.0001,ShuffleNetV2,1400000,4,0.8891,0.2145,0.0581,0.1067,0.3279,0.8861,0.03169553070492223,0.7465,0.0223,0.9782,1.0,0.1961,102.0,,True,100.0,paper_backbones,L20_G20,20,2.0,0.7726,79,50
0.0,0.006700000000000039,0.0,0.008700000000000041,-10.0,0.00649999999999995,0.0,0.0,data/aider/slice_1,aider,0.166,4.5,4,1190,4758,0.0001,ShuffleNetV2,1400000,4,0.9042,0.1953,0.069,0.094,0.3279,0.9252333333333334,0.012757307274220857,0.7759,0.0283,0.9681,1.0,0.1961,102.0,,True,100.0,paper_backbones,L20_G20,20,4.0,0.7824,96,50
0.0,-0.0009000000000000119,0.0,-0.0017666666666665831,-4.0,-0.0014000000000000679,0.0,0.0,data/aider/slice_1,aider,0.166,4.5,4,1190,4758,0.0001,ShuffleNetV2,1400000,4,0.9622,0.078,0.08,0.036,0.8092,0.9705666666666666,0.0071899621386732945,0.9303,0.0224,0.9807,0.9859,0.6863,102.0,,True,100.0,paper_backbones,L70_G70,70,3.0,0.9289,69,50
0.0,0.0042000000000000925,0.0,0.010200000000000098,-15.0,0.007600000000000051,0.0,0.0,data/aider/slice_1,aider,0.166,4.5,4,1190,4758,0.0001,ShuffleNetV2,1400000,4,0.9521,0.1039,0.1079,0.0479,0.8092,0.9468333333333333,0.02877618614217123,0.9125,0.0274,0.9714,0.9859,0.6863,102.0,,True,100.0,paper_backbones,L70_G70,70,2.0,0.9201,68,50
0.0,0.005900000000000016,0.011599999999999944,0.011600000000000055,-11.0,0.011599999999999944,0.014100000000000001,0.009800000000000031,data/aider/slice_1,aider,0.166,4.5,4,1190,4758,0.0001,ShuffleNetV2,1400000,4,0.9546,0.0992,0.0794,0.0459,0.8092,0.9533999999999999,0.014730241002780652,0.9173,0.0238,0.9782,0.9859,0.6863,102.0,,True,100.0,paper_backbones,L70_G70,70,4.0,0.9289,69,50
0.0,0.0025000000000000577,0.011599999999999944,0.0036999999999999256,-8.0,0.005700000000000038,0.014100000000000001,0.009800000000000031,data/aider/slice_1,aider,0.166,4.5,4,1190,4758,0.0001,ShuffleNetV2,1400000,4,0.9597,0.0805,0.1025,0.0374,0.8092,0.9653,0.009845134161943483,0.9263,0.0278,0.9765,0.9859,0.6863,102.0,,True,100.0,paper_backbones,L70_G70,70,1.0,0.932,75,50
0.0,0.008399999999999963,0.015100000000000002,0.017800000000000038,-20.0,0.017100000000000004,0.032299999999999995,0.009800000000000031,data/aider/slice_1,aider,0.166,4.5,4,1190,4758,0.0001,ShuffleNetV2,1400000,4,0.9143,0.1852,0.0554,0.0894,0.4511,0.9305,0.013978793462479737,0.8107,0.0268,0.9672,0.9677,0.2941,102.0,,True,100.0,paper_backbones,L30_G30,30,0.0,0.8278,80,50
0.0,0.008400000000000074,0.0,0.02196666666666669,-14.0,0.01650000000000007,0.0,0.0,data/aider/slice_1,aider,0.166,4.5,4,1190,4758,0.0001,ShuffleNetV2,1400000,4,0.9076,0.1953,0.0437,0.0951,0.4662,0.9097333333333334,0.05433515334375055,0.7988,0.0219,0.9807,1.0,0.3039,102.0,,True,100.0,paper_backbones,L30_G30,30,1.0,0.8153,73,50
0.0,0.006699999999999928,0.0,0.014966666666666684,-12.0,0.011199999999999988,0.0,0.0,data/aider/slice_1,aider,0.166,4.5,4,1190,4758,0.0001,ShuffleNetV2,1400000,4,0.9118,0.1812,0.0591,0.0865,0.4662,0.9220333333333333,0.020375529986290445,0.8081,0.0255,0.9706,1.0,0.3039,102.0,,True,100.0,paper_backbones,L30_G30,30,1.0,0.8193,75,50
0.0,0.0041999999999999815,0.0,0.0055000000000002824,-14.0,0.0041999999999999815,0.0,0.0,data/aider/slice_1,aider,0.166,4.5,4,1190,4758,0.0001,ShuffleNetV2,1400000,4,0.9202,0.165,0.0802,0.0764,0.4662,0.9413333333333332,0.015880875990392413,0.8225,0.0309,0.9706,1.0,0.3039,102.0,,True,100.0,paper_backbones,L30_G30,30,0.0,0.8267,88,50
0.0,0.0009000000000000119,0.0,0.001866666666666572,-2.0,0.0014000000000000679,0.0,0.0,data/aider/slice_1,aider,0.166,4.5,4,1190,4758,0.0001,ShuffleNetV2,1400000,4,0.9697,0.0529,0.0969,0.0241,0.8696,0.9723666666666667,0.006138584708401637,0.9467,0.0188,0.9824,0.9756,0.7843,102.0,,True,100.0,paper_backbones,L80_G80,80,0.0,0.9481,65,50
0.0,0.0008000000000000229,0.0,0.002066666666666661,-3.0,0.0016000000000000458,0.0,0.0,data/aider/slice_1,aider,0.166,4.5,4,1190,4758,0.0001,ShuffleNetV2,1400000,4,0.9681,0.0615,0.0941,0.0269,0.8804,0.9651,0.017397126199461793,0.9439,0.0217,0.979,0.9878,0.7941,102.0,,True,100.0,paper_backbones,L80_G80,80,0.0,0.9455,65,50
0.0,0.0017000000000000348,0.0,0.0023000000000001908,-5.0,0.0018000000000000238,0.0,0.0,data/aider/slice_1,aider,0.166,4.5,4,1190,4758,0.0001,ShuffleNetV2,1400000,4,0.9689,0.0557,0.1591,0.026,0.8913,0.9655999999999999,0.013691603266235844,0.947,0.0202,0.9824,1.0,0.8039,102.0,,True,100.0,paper_backbones,L80_G80,80,1.0,0.9488,62,50
0.0,0.0017000000000000348,0.0,0.0036999999999999256,-4.0,0.0026999999999999247,0.0,0.0,data/aider/slice_1,aider,0.166,4.5,4,1190,4758,0.0001,ShuffleNetV2,1400000,4,0.9706,0.0565,0.1014,0.0267,0.8804,0.9710000000000001,0.010478867623301028,0.9484,0.0191,0.9849,0.9878,0.7941,102.0,,True,100.0,paper_backbones,L80_G80,80,0.0,0.9511,70,50
0.0,-0.007000000000000006,-0.014899999999999969,-0.03183333333333349,-14.0,-0.02949999999999997,-0.044499999999999984,-0.009000000000000008,data/dermmnist/slice_1,dermmnist,0.113,58.0,7,2003,8012,0.0001,ShuffleNetV2,1400000,7,0.8178,0.3351,0.1071,0.153,0.2985,0.7116666666666668,0.14471856212049033,0.6527,0.0539,0.9251,0.8889,0.1794,223.0,,True,100.0,paper_backbones,L20_G20,20,7.0,0.6232,77,50
0.0,-0.009499999999999953,-0.007500000000000007,-0.032916666666666594,-10.0,-0.029200000000000004,-0.022199999999999998,-0.004399999999999987,data/dermmnist/slice_1,dermmnist,0.113,58.0,7,2003,8012,0.0001,ShuffleNetV2,1400000,7,0.8208,0.3297,0.0921,0.1523,0.2687,0.7181500000000001,0.14556504559817923,0.6539,0.0462,0.9341,0.8,0.1614,223.0,,True,100.0,paper_backbones,L20_G20,20,3.0,0.6247,77,50
0.0,0.0020000000000000018,0.0,0.0172500000000001,-6.0,0.014800000000000035,0.0,0.0,data/dermmnist/slice_1,dermmnist,0.113,58.0,7,2003,8012,0.0001,ShuffleNetV2,1400000,7,0.8138,0.3339,0.1054,0.1527,0.2836,0.6841499999999999,0.1381676970206857,0.6269,0.0519,0.9231,0.8444,0.1704,223.0,,True,100.0,paper_backbones,L20_G20,20,4.0,0.6417,77,50
0.0,0.0015000000000000568,-0.014899999999999969,-0.007200000000000095,-4.0,-0.008299999999999974,-0.044499999999999984,-0.009000000000000008,data/dermmnist/slice_1,dermmnist,0.113,58.0,7,2003,8012,0.0001,ShuffleNetV2,1400000,7,0.8118,0.3293,0.1223,0.1515,0.2985,0.6864666666666667,0.1355630070811683,0.631,0.0565,0.9171,0.8889,0.1794,223.0,,True,100.0,paper_backbones,L20_G20,20,5.0,0.6227,72,50
0.0,0.0004999999999999449,0.010600000000000054,5.0000000000105516e-05,-9.0,0.0014999999999999458,0.012900000000000023,0.009000000000000008,data/dermmnist/slice_1,dermmnist,0.113,58.0,7,2003,8012,0.0001,ShuffleNetV2,1400000,7,0.8427,0.2671,0.1376,0.1099,0.591,0.7348,0.12265087307747413,0.7143,0.07,0.9076,0.7179,0.5022,223.0,,True,100.0,paper_backbones,L70_G70,70,3.0,0.7158,60,50
0.0,-0.0040000000000000036,-0.005299999999999971,-0.001083333333333325,-21.0,-0.0017000000000000348,-0.006399999999999961,-0.004500000000000004,data/dermmnist/slice_1,dermmnist,0.113,58.0,7,2003,8012,0.0001,ShuffleNetV2,1400000,7,0.8397,0.2849,0.1001,0.1277,0.5488,0.7292333333333333,0.14992445505060945,0.7035,0.0514,0.9286,0.6667,0.4664,223.0,,True,100.0,paper_backbones,L70_G70,70,8.0,0.7018,62,50
0.0,-0.0050000000000000044,0.0,-0.023400000000000087,-15.0,-0.020100000000000007,0.0,0.0,data/dermmnist/slice_1,dermmnist,0.113,58.0,7,2003,8012,0.0001,ShuffleNetV2,1400000,7,0.8387,0.28,0.1065,0.1191,0.5383,0.7356833333333334,0.11991788046640732,0.7075,0.0627,0.9156,0.6538,0.4574,223.0,,True,100.0,paper_backbones,L70_G70,70,6.0,0.6874,61,50
0.0,-0.0014999999999999458,-0.005299999999999971,-0.0005166666666669428,-22.0,-0.0011999999999999789,-0.006400000000000072,-0.004500000000000004,data/dermmnist/slice_1,dermmnist,0.113,58.0,7,2003,8012,0.0001,ShuffleNetV2,1400000,7,0.8382,0.2788,0.1224,0.1174,0.5699,0.7057333333333334,0.13308356606116156,0.6863,0.0648,0.9021,0.6923,0.4843,223.0,,True,100.0,paper_backbones,L70_G70,70,0.0,0.6851,60,50
0.0,-0.0030000000000000027,-0.013800000000000034,-0.00790000000000013,-7.0,-0.00880000000000003,-0.029900000000000038,-0.009000000000000008,data/dermmnist/slice_1,dermmnist,0.113,58.0,7,2003,8012,0.0001,ShuffleNetV2,1400000,7,0.8253,0.3153,0.1165,0.1399,0.4,0.7154333333333334,0.13794898412899684,0.6704,0.0596,0.9161,0.8657,0.2601,223.0,,True,100.0,paper_backbones,L30_G30,30,11.0,0.6616,73,50
0.0,-0.0050000000000000044,-0.006900000000000017,-0.018999999999999906,-19.0,-0.017300000000000093,-0.014900000000000024,-0.004500000000000004,data/dermmnist/slice_1,dermmnist,0.113,58.0,7,2003,8012,0.0001,ShuffleNetV2,1400000,7,0.8258,0.3171,0.0943,0.1451,0.3655,0.7159166666666666,0.1290380230354173,0.6659,0.047,0.9326,0.791,0.2377,223.0,,True,100.0,paper_backbones,L30_G30,30,2.0,0.6486,72,50
0.0,0.0014999999999999458,0.0,0.0073666666666666325,-21.0,0.006300000000000083,0.0,0.0,data/dermmnist/slice_1,dermmnist,0.113,58.0,7,2003,8012,0.0001,ShuffleNetV2,1400000,7,0.8243,0.3205,0.1098,0.1461,0.3931,0.7100166666666667,0.12809192554134272,0.6647,0.0543,0.9236,0.8507,0.2556,223.0,,True,100.0,paper_backbones,L30_G30,30,0.0,0.671,73,50
0.0,0.0015000000000000568,0.0,0.013549999999999951,-14.0,0.011599999999999944,0.0,0.0,data/dermmnist/slice_1,dermmnist,0.113,58.0,7,2003,8012,0.0001,ShuffleNetV2,1400000,7,0.8208,0.3221,0.1078,0.1466,0.3793,0.6880000000000001,0.13581098384642287,0.6439,0.055,0.9256,0.8209,0.2466,223.0,,True,100.0,paper_backbones,L30_G30,30,3.0,0.6555,68,50
0.0,0.0004999999999999449,-0.0050000000000000044,0.0040000000000000036,-8.0,0.0027000000000000357,-0.005599999999999938,-0.0044999999999999485,data/dermmnist/slice_1,dermmnist,0.113,58.0,7,2003,8012,0.0001,ShuffleNetV2,1400000,7,0.8437,0.2632,0.1382,0.1062,0.6135,0.7375166666666666,0.13019578099496498,0.7198,0.0718,0.9011,0.691,0.5516,223.0,,True,100.0,paper_backbones,L80_G80,80,5.0,0.7225,58,50
0.0,-0.0024999999999999467,0.0,0.0001666666666665373,-23.0,0.00010000000000010001,0.0,0.0,data/dermmnist/slice_1,dermmnist,0.113,58.0,7,2003,8012,0.0001,ShuffleNetV2,1400000,7,0.8422,0.2791,0.1088,0.1236,0.5786,0.7331333333333334,0.14621658212695604,0.7111,0.0533,0.9221,0.6517,0.5202,223.0,,True,100.0,paper_backbones,L80_G80,80,5.0,0.7112,58,50
0.0,-0.0020000000000000018,0.014900000000000024,-0.018249999999999877,-11.0,-0.013499999999999956,0.016900000000000026,0.013500000000000012,data/dermmnist/slice_1,dermmnist,0.113,58.0,7,2003,8012,0.0001,ShuffleNetV2,1400000,7,0.8333,0.2782,0.111,0.1192,0.5337,0.7283499999999999,0.12571275127580867,0.7005,0.0647,0.9131,0.6011,0.4798,223.0,,True,100.0,paper_backbones,L80_G80,80,11.0,0.687,59,50
0.0,0.0,0.0,-0.0007999999999999119,-13.0,-0.0006999999999999229,0.0,0.0,data/dermmnist/slice_1,dermmnist,0.113,58.0,7,2003,8012,0.0001,ShuffleNetV2,1400000,7,0.8382,0.2758,0.1196,0.1167,0.5935,0.7117166666666667,0.13121448620060552,0.6948,0.0655,0.9096,0.6685,0.5336,223.0,,True,100.0,paper_backbones,L80_G80,80,4.0,0.6941,52,50
0.0,0.0050000000000000044,-0.009700000000000014,0.024128571428571444,-8.0,0.01990000000000003,-0.02949999999999997,-0.0059000000000000025,data/tissuemnist/slice_1,tissuemnist,0.071,6.0,8,2400,9600,0.0001,ShuffleNetV2,1400000,8,0.545,0.8126,0.0777,0.376,0.2146,0.3877857142857143,0.21712286468114533,0.3661,0.1064,0.8371,0.6471,0.1287,171.0,,True,100.0,paper_backbones,L20_G20,20,1.0,0.386,83,50
0.0,-0.0009000000000000119,0.0,0.0020428571428571796,-3.0,0.0018000000000000238,0.0,0.0,data/tissuemnist/slice_1,tissuemnist,0.071,6.0,8,2400,9600,0.0001,ShuffleNetV2,1400000,8,0.5396,0.8029,0.0867,0.3736,0.2537,0.3896285714285714,0.20947597007966406,0.3726,0.1137,0.8192,0.7647,0.152,171.0,,True,100.0,paper_backbones,L20_G20,20,1.0,0.3744,104,50
0.0,0.006199999999999983,-0.04869999999999999,0.01634285714285716,-8.0,0.008199999999999985,-0.1471,-0.029299999999999993,data/tissuemnist/slice_1,tissuemnist,0.071,6.0,8,2400,9600,0.0001,ShuffleNetV2,1400000,8,0.5346,0.8341,0.0771,0.3896,0.2341,0.35205714285714285,0.23258246376066186,0.3373,0.0987,0.8454,0.7059,0.1404,171.0,,True,100.0,paper_backbones,L20_G20,20,4.0,0.3455,101,50
0.0,0.0009000000000000119,0.01949999999999999,0.0008000000000000229,2.0,0.0031999999999999806,0.058800000000000074,0.011700000000000002,data/tissuemnist/slice_1,tissuemnist,0.071,6.0,8,2400,9600,0.0001,ShuffleNetV2,1400000,8,0.5437,0.8125,0.0713,0.3712,0.1854,0.40185714285714286,0.20312739744268066,0.3748,0.1116,0.8321,0.5588,0.1111,171.0,,True,100.0,paper_backbones,L20_G20,20,5.0,0.378,98,50
0.0,0.0017000000000000348,-0.020600000000000007,0.010442857142857143,-7.0,0.006599999999999995,-0.025000000000000022,-0.017600000000000005,data/tissuemnist/slice_1,tissuemnist,0.071,6.0,8,2400,9600,0.0001,ShuffleNetV2,1400000,8,0.5646,0.7522,0.0886,0.3375,0.3986,0.4524714285714286,0.17155035674098493,0.4457,0.1312,0.7996,0.4833,0.3392,171.0,,True,100.0,paper_backbones,L70_G70,70,5.0,0.4523,64,50
0.0,-0.0032999999999999696,0.013799999999999979,0.000385714285714267,-5.0,0.0021000000000000463,0.016700000000000048,0.011699999999999988,data/tissuemnist/slice_1,tissuemnist,0.071,6.0,8,2400,9600,0.0001,ShuffleNetV2,1400000,8,0.5596,0.7631,0.0797,0.3379,0.4192,0.4426571428571429,0.18491523816636216,0.4397,0.1357,0.7883,0.5083,0.3567,171.0,,True,100.0,paper_backbones,L70_G70,70,4.0,0.4418,68,50
0.0,0.008400000000000074,0.0,0.014842857142857158,-15.0,0.013000000000000012,0.0,0.0,data/tissuemnist/slice_1,tissuemnist,0.071,6.0,8,2400,9600,0.0001,ShuffleNetV2,1400000,8,0.5487,0.7769,0.0965,0.3611,0.378,0.3966142857142857,0.21304793175360745,0.3943,0.1184,0.8146,0.4583,0.3216,171.0,,True,100.0,paper_backbones,L70_G70,70,2.0,0.4073,72,50
0.0,0.002100000000000102,0.0,-0.005300000000000027,-8.0,-0.004699999999999982,0.0,0.0,data/tissuemnist/slice_1,tissuemnist,0.071,6.0,8,2400,9600,0.0001,ShuffleNetV2,1400000,8,0.5458,0.7818,0.0965,0.355,0.3299,0.41892857142857143,0.19079048878873625,0.4078,0.1305,0.7954,0.4,0.2807,171.0,,True,100.0,paper_backbones,L70_G70,70,3.0,0.4031,73,50
0.0,0.000500000000000056,0.0,0.008314285714285663,-4.0,0.007199999999999984,0.0,0.0,data/tissuemnist/slice_1,tissuemnist,0.071,6.0,8,2400,9600,0.0001,ShuffleNetV2,1400000,8,0.5537,0.7889,0.0761,0.3597,0.2523,0.42027142857142863,0.18822737552746996,0.3993,0.1151,0.8237,0.549,0.1637,171.0,,True,100.0,paper_backbones,L30_G30,30,6.0,0.4065,76,50
0.0,-0.0034000000000000696,0.0,0.0015857142857143014,-4.0,0.0014000000000000123,0.0,0.0,data/tissuemnist/slice_1,tissuemnist,0.071,6.0,8,2400,9600,0.0001,ShuffleNetV2,1400000,8,0.5492,0.7871,0.0859,0.3597,0.2973,0.4020714285714286,0.20840830607443725,0.389,0.1196,0.8108,0.6471,0.193,171.0,,True,100.0,paper_backbones,L30_G30,30,2.0,0.3904,-1,50
0.0,0.008400000000000074,0.02699999999999997,0.017799999999999983,-9.0,0.018899999999999972,0.05879999999999996,0.017599999999999977,data/tissuemnist/slice_1,tissuemnist,0.071,6.0,8,2400,9600,0.0001,ShuffleNetV2,1400000,8,0.5408,0.8138,0.0848,0.3774,0.2523,0.3675,0.23442371893645916,0.3531,0.1057,0.8358,0.549,0.1637,171.0,,True,100.0,paper_backbones,L30_G30,30,0.0,0.372,93,50
0.0,0.0020999999999999908,0.027099999999999985,-5.714285714286671e-05,-2.0,0.0032999999999999696,0.05879999999999996,0.017600000000000005,data/tissuemnist/slice_1,tissuemnist,0.071,6.0,8,2400,9600,0.0001,ShuffleNetV2,1400000,8,0.5429,0.7991,0.0866,0.3683,0.2342,0.4053857142857143,0.20378369084168935,0.384,0.1173,0.8187,0.5098,0.152,171.0,,True,100.0,paper_backbones,L30_G30,30,4.0,0.3873,89,50
0.0,0.0015999999999999348,-0.007800000000000029,0.013571428571428623,-16.0,0.01090000000000002,-0.011699999999999933,-0.005900000000000016,data/tissuemnist/slice_1,tissuemnist,0.071,6.0,8,2400,9600,0.0001,ShuffleNetV2,1400000,8,0.5592,0.7713,0.0818,0.3522,0.3502,0.4322142857142857,0.18302680856383097,0.422,0.1217,0.8071,0.5233,0.2632,171.0,,True,100.0,paper_backbones,L50_G50,50,2.0,0.4329,71,50
0.0,-0.0121,-0.023399999999999976,-0.0030714285714285583,-11.0,-0.005599999999999994,-0.03489999999999993,-0.017500000000000016,data/tissuemnist/slice_1,tissuemnist,0.071,6.0,8,2400,9600,0.0001,ShuffleNetV2,1400000,8,0.5604,0.7656,0.0836,0.3427,0.3969,0.4227142857142857,0.2009953619121697,0.4195,0.1278,0.7975,0.593,0.2982,171.0,,True,100.0,paper_backbones,L50_G50,50,5.0,0.4139,82,50
0.0,0.0025000000000000577,0.007800000000000029,-0.004985714285714371,-3.0,-0.003400000000000014,0.011699999999999988,0.0058,data/tissuemnist/slice_1,tissuemnist,0.071,6.0,8,2400,9600,0.0001,ShuffleNetV2,1400000,8,0.5417,0.7852,0.0992,0.362,0.2879,0.4150714285714286,0.1907537209094919,0.3992,0.1295,0.8058,0.4302,0.2164,171.0,,True,100.0,paper_backbones,L50_G50,50,7.0,0.3958,79,50
0.0,0.0,-0.006500000000000006,0.005142857142857005,-13.0,0.003699999999999981,-0.007299999999999973,-0.005800000000000027,data/tissuemnist/slice_1,tissuemnist,0.071,6.0,8,2400,9600,0.0001,ShuffleNetV2,1400000,8,0.5671,0.749,0.0844,0.3316,0.3961,0.4592571428571429,0.16937348297385244,0.4514,0.1342,0.7921,0.4453,0.3567,171.0,,True,100.0,paper_backbones,L80_G80,80,2.0,0.4551,61,50
0.0,0.0011999999999999789,-0.013000000000000012,0.002757142857142847,-7.0,0.0008000000000000229,-0.014600000000000002,-0.011699999999999988,data/tissuemnist/slice_1,tissuemnist,0.071,6.0,8,2400,9600,0.0001,ShuffleNetV2,1400000,8,0.5521,0.767,0.083,0.3421,0.4416,0.4410428571428571,0.17965615457743445,0.4411,0.1399,0.7871,0.4964,0.3977,171.0,,True,100.0,paper_backbones,L80_G80,80,3.0,0.4419,65,50
0.0,0.0017000000000000348,0.0,0.000785714285714334,-22.0,0.0005999999999999894,0.0,0.0,data/tissuemnist/slice_1,tissuemnist,0.071,6.0,8,2400,9600,0.0001,ShuffleNetV2,1400000,8,0.5575,0.7713,0.0867,0.3505,0.3896,0.4133142857142857,0.20362672732633275,0.4104,0.12,0.815,0.438,0.3509,171.0,,True,100.0,paper_backbones,L80_G80,80,0.0,0.411,69,50
0.0,0.00660000000000005,0.0,-0.007671428571428662,-9.0,-0.006699999999999984,0.0,0.0,data/tissuemnist/slice_1,tissuemnist,0.071,6.0,8,2400,9600,0.0001,ShuffleNetV2,1400000,8,0.5417,0.783,0.1008,0.3567,0.3442,0.42258571428571434,0.18102567638377734,0.4128,0.1334,0.795,0.3869,0.3099,171.0,,True,100.0,paper_backbones,L80_G80,80,1.0,0.4061,67,50
0.0,0.012599999999999945,0.09840000000000002,0.008466666666666511,-18.0,0.030899999999999928,0.30000000000000004,0.05879999999999999,data/aider/slice_1,aider,0.166,4.5,4,1190,4758,0.0001,RegNetY400MF,4300000,4,0.905,0.1984,0.0152,0.0988,0.2295,0.9417666666666668,0.01539314421711459,0.7637,0.0113,0.9908,0.7,0.1373,102.0,,True,100.0,paper_backbones,L20_G20,20,2.0,0.7946,70,50
0.0,0.0007999999999999119,0.016400000000000026,-0.0024333333333332874,-18.0,0.0022999999999999687,0.050000000000000044,0.009800000000000003,data/aider/slice_1,aider,0.166,4.5,4,1190,4758,0.0001,RegNetY400MF,4300000,4,0.921,0.1832,0.0193,0.089,0.3115,0.961,0.006879437961539183,0.7986,0.0106,0.9882,0.95,0.1863,102.0,,True,100.0,paper_backbones,L20_G20,20,1.0,0.8009,65,50
0.0,0.009300000000000086,0.06560000000000005,0.007333333333333414,-16.0,0.02190000000000003,0.19999999999999996,0.039199999999999985,data/aider/slice_1,aider,0.166,4.5,4,1190,4758,0.0001,RegNetY400MF,4300000,4,0.9067,0.1948,0.0402,0.0993,0.2623,0.9422,0.00225536397653833,0.7722,0.0096,0.9891,0.8,0.1569,102.0,,True,100.0,paper_backbones,L20_G20,20,3.0,0.7941,65,50
0.0,0.006800000000000028,0.06560000000000005,-0.0024333333333332874,-17.0,0.014599999999999946,0.19999999999999996,0.039199999999999985,data/aider/slice_1,aider,0.166,4.5,4,1190,4758,0.0001,RegNetY400MF,4300000,4,0.9193,0.175,0.0257,0.0866,0.2623,0.9631,0.01002530132547977,0.7879,0.0097,0.9924,0.8,0.1569,102.0,,True,100.0,paper_backbones,L20_G20,20,2.0,0.8025,74,50
0.0,0.0009000000000000119,0.011599999999999944,-0.0012666666666666382,-33.0,0.0020000000000000018,0.014100000000000001,0.009800000000000031,data/aider/slice_1,aider,0.166,4.5,4,1190,4758,0.0001,RegNetY400MF,4300000,4,0.963,0.1196,0.0478,0.0568,0.8092,0.9696333333333333,0.0067549159053898475,0.9295,0.0171,0.979,0.9859,0.6863,102.0,,True,100.0,paper_backbones,L70_G70,70,0.0,0.9315,62,50
0.0,-0.0009000000000000119,0.0,-0.0017666666666665831,-29.0,-0.0013999999999999568,0.0,0.0,data/aider/slice_1,aider,0.166,4.5,4,1190,4758,0.0001,RegNetY400MF,4300000,4,0.9664,0.1051,0.1029,0.0475,0.8208,0.9725999999999999,0.01082250741125486,0.9347,0.0226,0.9739,1.0,0.6961,102.0,,True,100.0,paper_backbones,L70_G70,70,1.0,0.9333,59,50
0.0,0.0007999999999999119,0.0,0.0004999999999999449,-19.0,0.00040000000000006697,0.0,0.0,data/aider/slice_1,aider,0.166,4.5,4,1190,4758,0.0001,RegNetY400MF,4300000,4,0.9622,0.101,0.0746,0.0491,0.8208,0.9688,0.005935205697081329,0.9318,0.0185,0.979,1.0,0.6961,102.0,,True,100.0,paper_backbones,L70_G70,70,3.0,0.9322,59,50
0.0,0.0008000000000000229,0.0,0.0006333333333332636,-13.0,0.00039999999999995595,0.0,0.0,data/aider/slice_1,aider,0.166,4.5,4,1190,4758,0.0001,RegNetY400MF,4300000,4,0.9681,0.0744,0.1149,0.0343,0.8208,0.9707333333333333,0.010595701434491641,0.9333,0.0179,0.9815,1.0,0.6961,102.0,,True,100.0,paper_backbones,L70_G70,70,0.0,0.9337,64,50
0.0,0.005900000000000016,0.030100000000000016,0.005399999999999849,-27.0,0.011600000000000055,0.0645,0.019600000000000006,data/aider/slice_1,aider,0.166,4.5,4,1190,4758,0.0001,RegNetY400MF,4300000,4,0.9227,0.1865,0.0266,0.0926,0.4361,0.9505666666666667,0.013052288007174121,0.8219,0.0118,0.9891,0.9355,0.2843,102.0,,True,100.0,paper_backbones,L30_G30,30,1.0,0.8335,66,50
0.0,0.0007999999999999119,0.0,0.0004999999999999449,-23.0,0.00039999999999995595,0.0,0.0,data/aider/slice_1,aider,0.166,4.5,4,1190,4758,0.0001,RegNetY400MF,4300000,4,0.9311,0.1801,0.0335,0.0884,0.4662,0.9643666666666667,0.0060949888341889965,0.8398,0.0109,0.9891,1.0,0.3039,102.0,,True,100.0,paper_backbones,L30_G30,30,7.0,0.8402,63,50
0.0,0.012599999999999945,0.07519999999999999,0.013000000000000012,-25.0,0.02850000000000008,0.1613,0.04899999999999999,data/aider/slice_1,aider,0.166,4.5,4,1190,4758,0.0001,RegNetY400MF,4300000,4,0.9151,0.1901,0.0292,0.0948,0.391,0.9440666666666666,0.00294882274061288,0.8058,0.0095,0.9916,0.8387,0.2549,102.0,,True,100.0,paper_backbones,L30_G30,30,1.0,0.8343,63,50
0.0,0.0042000000000000925,0.030100000000000016,-0.002966666666666562,-26.0,0.00539999999999996,0.0645,0.019600000000000006,data/aider/slice_1,aider,0.166,4.5,4,1190,4758,0.0001,RegNetY400MF,4300000,4,0.9319,0.1641,0.0462,0.0797,0.4361,0.9659,0.007418894796396536,0.8334,0.0132,0.9874,0.9355,0.2843,102.0,,True,100.0,paper_backbones,L30_G30,30,0.0,0.8388,68,50
0.0,0.0,0.0,-0.0027333333333332543,-29.0,-0.0020000000000000018,0.0,0.0,data/aider/slice_1,aider,0.166,4.5,4,1190,4758,0.0001,RegNetY400MF,4300000,4,0.9748,0.0873,0.0855,0.0414,0.8913,0.9754333333333333,0.007393841281018205,0.9544,0.0168,0.9824,1.0,0.8039,102.0,,True,100.0,paper_backbones,L80_G80,80,0.0,0.9524,61,50
0.0,-0.0017000000000000348,0.0,-0.0023333333333332984,-19.0,-0.0017000000000000348,0.0,0.0,data/aider/slice_1,aider,0.166,4.5,4,1190,4758,0.0001,RegNetY400MF,4300000,4,0.9765,0.0684,0.1295,0.033,0.8913,0.9792333333333333,0.012425332546410537,0.9572,0.0191,0.979,1.0,0.8039,102.0,,True,100.0,paper_backbones,L80_G80,80,1.0,0.9555,59,50
0.0,0.0033999999999999586,0.01090000000000002,0.002666666666666817,-19.0,0.0048000000000000265,0.012199999999999989,0.00979999999999992,data/aider/slice_1,aider,0.166,4.5,4,1190,4758,0.0001,RegNetY400MF,4300000,4,0.9714,0.0742,0.0944,0.0348,0.8804,0.9741666666666666,0.004833448274495356,0.9507,0.0165,0.9824,0.9878,0.7941,102.0,,True,100.0,paper_backbones,L80_G80,80,0.0,0.9555,59,50
0.0,0.0016999999999999238,0.0,0.0010999999999999899,-9.0,0.0009000000000000119,0.0,0.0,data/aider/slice_1,aider,0.166,4.5,4,1190,4758,0.0001,RegNetY400MF,4300000,4,0.9756,0.051,0.1631,0.0223,0.8913,0.972,0.010816961988777941,0.9518,0.0171,0.9782,1.0,0.8039,102.0,,True,100.0,paper_backbones,L80_G80,80,0.0,0.9527,63,50
0.0,0.0030000000000000027,0.007500000000000007,0.01983333333333337,-10.0,0.018100000000000005,0.022299999999999986,0.004500000000000004,data/dermmnist/slice_1,dermmnist,0.113,58.0,7,2003,8012,0.0001,RegNetY400MF,4300000,7,0.8263,0.311,0.1034,0.1477,0.3134,0.72995,0.12164145058326128,0.6704,0.0406,0.9416,0.9333,0.1883,223.0,,True,100.0,paper_backbones,L20_G20,20,2.0,0.6885,68,50
0.0,0.0030000000000000027,0.007400000000000018,0.005733333333333257,-7.0,0.006000000000000005,0.022199999999999998,0.004399999999999987,data/dermmnist/slice_1,dermmnist,0.113,58.0,7,2003,8012,0.0001,RegNetY400MF,4300000,7,0.8233,0.3224,0.0901,0.149,0.306,0.7336166666666667,0.11899277872580709,0.6725,0.0419,0.9316,0.9111,0.1839,223.0,,True,100.0,paper_backbones,L20_G20,20,4.0,0.6785,65,50
0.0,0.0004999999999999449,-0.007500000000000007,-0.008233333333333426,-18.0,-0.008099999999999996,-0.022299999999999986,-0.004500000000000004,data/dermmnist/slice_1,dermmnist,0.113,58.0,7,2003,8012,0.0001,RegNetY400MF,4300000,7,0.8303,0.3265,0.0773,0.1517,0.3209,0.7543500000000001,0.11394068266719604,0.6924,0.0353,0.9501,0.9556,0.1928,223.0,,True,100.0,paper_backbones,L20_G20,20,2.0,0.6843,63,50
0.0,0.006399999999999961,0.0,0.016516666666666624,-19.0,0.014100000000000001,0.0,0.0,data/dermmnist/slice_1,dermmnist,0.113,58.0,7,2003,8012,0.0001,RegNetY400MF,4300000,7,0.8313,0.309,0.1111,0.143,0.3209,0.7500666666666667,0.10451468264741029,0.6888,0.0449,0.9291,0.9556,0.1928,223.0,,True,100.0,paper_backbones,L20_G20,20,2.0,0.7029,63,50
0.0,-0.007000000000000006,-0.010600000000000054,-0.012733333333333263,-21.0,-0.012399999999999967,-0.012799999999999923,-0.008900000000000019,data/dermmnist/slice_1,dermmnist,0.113,58.0,7,2003,8012,0.0001,RegNetY400MF,4300000,7,0.8612,0.2425,0.1284,0.107,0.6227,0.7748666666666666,0.10412703245982231,0.7531,0.0514,0.9246,0.7564,0.5291,223.0,,True,100.0,paper_backbones,L70_G70,70,3.0,0.7407,58,50
0.0,-0.0015000000000000568,-0.010600000000000054,-0.009949999999999903,-8.0,-0.010000000000000009,-0.012799999999999923,-0.008900000000000019,data/dermmnist/slice_1,dermmnist,0.113,58.0,7,2003,8012,0.0001,RegNetY400MF,4300000,7,0.8547,0.2522,0.1136,0.1128,0.6227,0.7735833333333333,0.10103506679476301,0.752,0.0473,0.9281,0.7564,0.5291,223.0,,True,100.0,paper_backbones,L70_G70,70,12.0,0.742,57,50
0.0,0.0025000000000000577,0.005299999999999971,0.004066666666666774,-14.0,0.0042999999999999705,0.006400000000000072,0.0044999999999999485,data/dermmnist/slice_1,dermmnist,0.113,58.0,7,2003,8012,0.0001,RegNetY400MF,4300000,7,0.8612,0.2474,0.098,0.1128,0.6227,0.7713666666666666,0.12411585537535305,0.7501,0.0393,0.9401,0.7564,0.5291,223.0,,True,100.0,paper_backbones,L70_G70,70,4.0,0.7544,55,50
0.0,-0.0034999999999999476,-0.015799999999999925,0.007983333333333342,-9.0,0.0046000000000000485,-0.019199999999999995,-0.013499999999999956,data/dermmnist/slice_1,dermmnist,0.113,58.0,7,2003,8012,0.0001,RegNetY400MF,4300000,7,0.8602,0.2415,0.1125,0.1081,0.6121,0.7770666666666667,0.0939303051321682,0.7535,0.0429,0.9386,0.7436,0.5202,223.0,,True,100.0,paper_backbones,L70_G70,70,9.0,0.7581,56,50
0.0,-0.0004999999999999449,0.006900000000000017,0.005650000000000044,-10.0,0.005900000000000016,0.014900000000000024,0.004500000000000004,data/dermmnist/slice_1,dermmnist,0.113,58.0,7,2003,8012,0.0001,RegNetY400MF,4300000,7,0.8412,0.2868,0.1029,0.1305,0.4345,0.7489666666666667,0.10829411597845728,0.704,0.0428,0.9346,0.9403,0.2825,223.0,,True,100.0,paper_backbones,L30_G30,30,1.0,0.7099,65,50
0.0,-0.0030000000000000027,0.006900000000000017,0.0020166666666667776,-16.0,0.0027000000000000357,0.015000000000000013,0.004500000000000004,data/dermmnist/slice_1,dermmnist,0.113,58.0,7,2003,8012,0.0001,RegNetY400MF,4300000,7,0.8313,0.3081,0.0922,0.1419,0.3931,0.7353999999999999,0.1258080416083699,0.6865,0.0418,0.9366,0.8507,0.2556,223.0,,True,100.0,paper_backbones,L30_G30,30,6.0,0.6892,63,50
0.0,0.0030000000000000027,0.020699999999999996,0.0035833333333332718,-24.0,0.006000000000000005,0.04469999999999996,0.013400000000000023,data/dermmnist/slice_1,dermmnist,0.113,58.0,7,2003,8012,0.0001,RegNetY400MF,4300000,7,0.8377,0.3094,0.0772,0.1453,0.4,0.75725,0.1163713703336578,0.7062,0.0346,0.9526,0.8657,0.2601,223.0,,True,100.0,paper_backbones,L30_G30,30,1.0,0.7122,61,50
0.0,0.0,-0.006900000000000017,0.00553333333333339,-25.0,0.0038000000000000256,-0.014900000000000024,-0.004500000000000004,data/dermmnist/slice_1,dermmnist,0.113,58.0,7,2003,8012,0.0001,RegNetY400MF,4300000,7,0.8432,0.2956,0.1136,0.1361,0.4414,0.7623833333333333,0.10475476785754856,0.7165,0.0456,0.9286,0.9552,0.287,223.0,,True,100.0,paper_backbones,L30_G30,30,6.0,0.7203,62,50
0.0,-0.0040000000000000036,-0.010000000000000009,-0.0059833333333334515,-22.0,-0.00649999999999995,-0.011199999999999988,-0.009000000000000008,data/dermmnist/slice_1,dermmnist,0.113,58.0,7,2003,8012,0.0001,RegNetY400MF,4300000,7,0.8642,0.2376,0.1164,0.0985,0.6484,0.7791000000000001,0.10234051006321983,0.7604,0.0532,0.9226,0.7303,0.583,223.0,,True,100.0,paper_backbones,L80_G80,80,1.0,0.7539,57,50
0.0,0.0,0.0050000000000000044,-0.003950000000000009,-22.0,-0.0027000000000000357,0.005600000000000049,0.0045000000000000595,data/dermmnist/slice_1,dermmnist,0.113,58.0,7,2003,8012,0.0001,RegNetY400MF,4300000,7,0.8587,0.2423,0.1219,0.1051,0.6384,0.7814666666666666,0.09857825430703378,0.761,0.0494,0.9226,0.7191,0.574,223.0,,True,100.0,paper_backbones,L80_G80,80,3.0,0.7583,51,50
0.0,0.0024999999999999467,-0.0050000000000000044,0.006033333333333335,2.0,0.0044000000000000705,-0.005600000000000049,-0.0045000000000000595,data/dermmnist/slice_1,dermmnist,0.113,58.0,7,2003,8012,0.0001,RegNetY400MF,4300000,7,0.8617,0.2412,0.1039,0.1077,0.6434,0.7680666666666668,0.12055230768794468,0.7503,0.041,0.9356,0.7247,0.5785,223.0,,True,100.0,paper_backbones,L80_G80,80,19.0,0.7547,51,50
0.0,0.0010000000000000009,0.0,0.004183333333333317,9.0,0.0035999999999999366,0.0,0.0,data/dermmnist/slice_1,dermmnist,0.113,58.0,7,2003,8012,0.0001,RegNetY400MF,4300000,7,0.8587,0.2382,0.1283,0.11,0.6284,0.7792833333333333,0.09241694319165122,0.7577,0.0449,0.9341,0.7079,0.565,223.0,,True,100.0,paper_backbones,L80_G80,80,18.0,0.7613,52,50
0.0,-0.008299999999999974,-0.01949999999999999,-0.004985714285714371,5.0,-0.006799999999999973,-0.05879999999999996,-0.011700000000000002,data/tissuemnist/slice_1,tissuemnist,0.071,6.0,8,2400,9600,0.0001,RegNetY400MF,4300000,8,0.5083,0.851,0.0689,0.3861,0.1951,0.41231428571428574,0.1566811724359962,0.3852,0.137,0.7825,0.5882,0.117,171.0,,True,100.0,paper_backbones,L20_G20,20,18.0,0.3784,135,50
0.0,0.0045999999999999375,0.0,0.0020571428571428685,-4.0,0.0019000000000000128,0.0,0.0,data/tissuemnist/slice_1,tissuemnist,0.071,6.0,8,2400,9600,0.0001,RegNetY400MF,4300000,8,0.53,0.8043,0.0771,0.3624,0.1951,0.42510000000000003,0.17860803853290433,0.3963,0.1369,0.7738,0.5882,0.117,171.0,,True,100.0,paper_backbones,L20_G20,20,4.0,0.3982,125,50
0.0,0.006299999999999972,-0.01949999999999999,0.005457142857142772,0.0,0.0023000000000000242,-0.05879999999999996,-0.011699999999999988,data/tissuemnist/slice_1,tissuemnist,0.071,6.0,8,2400,9600,0.0001,RegNetY400MF,4300000,8,0.5454,0.7946,0.0742,0.3608,0.2341,0.44584285714285715,0.15956589196175672,0.4194,0.1221,0.8058,0.7059,0.1404,171.0,,True,100.0,paper_backbones,L20_G20,20,6.0,0.4217,119,50
0.0,-0.0020999999999999908,-0.029299999999999993,0.007885714285714274,-3.0,0.003200000000000036,-0.08830000000000005,-0.0175,data/tissuemnist/slice_1,tissuemnist,0.071,6.0,8,2400,9600,0.0001,RegNetY400MF,4300000,8,0.5183,0.8565,0.0624,0.3983,0.2244,0.4087142857142857,0.16953588266265077,0.3857,0.1129,0.8258,0.6765,0.1345,171.0,,True,100.0,paper_backbones,L20_G20,20,11.0,0.3889,157,50
0.0,-0.015000000000000013,0.020699999999999996,-0.009957142857142887,-11.0,-0.006200000000000039,0.025000000000000022,0.017600000000000005,data/tissuemnist/slice_1,tissuemnist,0.071,6.0,8,2400,9600,0.0001,RegNetY400MF,4300000,8,0.5142,0.8308,0.0732,0.3717,0.4192,0.43014285714285716,0.14640518977084363,0.4288,0.1476,0.7692,0.5083,0.3567,171.0,,True,100.0,paper_backbones,L70_G70,70,3.0,0.4226,97,50
0.0,-0.012900000000000023,-0.03440000000000004,0.0006285714285713673,-9.0,-0.00379999999999997,-0.041700000000000015,-0.029199999999999948,data/tissuemnist/slice_1,tissuemnist,0.071,6.0,8,2400,9600,0.0001,RegNetY400MF,4300000,8,0.5404,0.7859,0.0768,0.3462,0.4055,0.44,0.17022602621220997,0.4357,0.1472,0.7567,0.4917,0.345,171.0,,True,100.0,paper_backbones,L70_G70,70,11.0,0.4319,96,50
0.0,0.0012999999999999678,-0.006900000000000017,-0.0013999999999999568,0.0,-0.0020999999999999908,-0.008400000000000019,-0.005799999999999972,data/tissuemnist/slice_1,tissuemnist,0.071,6.0,8,2400,9600,0.0001,RegNetY400MF,4300000,8,0.5479,0.7761,0.0842,0.3466,0.4055,0.4548857142857143,0.1518906884061357,0.4487,0.1369,0.7779,0.4917,0.345,171.0,,True,100.0,paper_backbones,L70_G70,70,17.0,0.4466,98,50
0.0,-0.0016999999999999238,0.0,-0.0012714285714286455,-6.0,-0.0011000000000000454,0.0,0.0,data/tissuemnist/slice_1,tissuemnist,0.071,6.0,8,2400,9600,0.0001,RegNetY400MF,4300000,8,0.5367,0.8094,0.0691,0.3624,0.4261,0.42910000000000004,0.16111865193080535,0.4287,0.1302,0.7879,0.5167,0.3626,171.0,,True,100.0,paper_backbones,L70_G70,70,12.0,0.4276,109,50
0.0,-0.0121,-0.009000000000000008,-0.002571428571428558,-7.0,-0.003400000000000014,-0.019600000000000062,-0.005899999999999989,data/tissuemnist/slice_1,tissuemnist,0.071,6.0,8,2400,9600,0.0001,RegNetY400MF,4300000,8,0.5154,0.8391,0.067,0.3772,0.2793,0.41912857142857135,0.15588651288023342,0.4017,0.1384,0.7783,0.6078,0.1813,171.0,,True,100.0,paper_backbones,L30_G30,30,9.0,0.3983,125,50
0.0,-0.0024999999999999467,-0.018000000000000016,-0.007300000000000084,-4.0,-0.008599999999999997,-0.03920000000000001,-0.011699999999999988,data/tissuemnist/slice_1,tissuemnist,0.071,6.0,8,2400,9600,0.0001,RegNetY400MF,4300000,8,0.5337,0.8013,0.0709,0.3559,0.2793,0.4341714285714286,0.17288210445507748,0.4148,0.1409,0.7662,0.6078,0.1813,171.0,,True,100.0,paper_backbones,L30_G30,30,2.0,0.4062,115,50
0.0,0.0050000000000000044,-0.02699999999999997,0.00778571428571434,-8.0,0.0033999999999999586,-0.05879999999999996,-0.017599999999999977,data/tissuemnist/slice_1,tissuemnist,0.071,6.0,8,2400,9600,0.0001,RegNetY400MF,4300000,8,0.5363,0.7976,0.0857,0.3652,0.2793,0.4344714285714285,0.1617524273545904,0.4151,0.1271,0.7946,0.6078,0.1813,171.0,,True,100.0,paper_backbones,L30_G30,30,4.0,0.4185,120,50
0.0,-0.0017000000000000348,-0.01799999999999996,0.0060714285714286165,1.0,0.0030000000000000027,-0.03920000000000001,-0.011699999999999988,data/tissuemnist/slice_1,tissuemnist,0.071,6.0,8,2400,9600,0.0001,RegNetY400MF,4300000,8,0.53,0.8359,0.056,0.3818,0.3243,0.42037142857142856,0.16851682166381335,0.4084,0.1164,0.8221,0.7059,0.2105,171.0,,True,100.0,paper_backbones,L30_G30,30,8.0,0.4114,142,50
0.0,-0.01369999999999999,0.019499999999999962,-0.012171428571428555,8.0,-0.008199999999999985,0.02190000000000003,0.017500000000000016,data/tissuemnist/slice_1,tissuemnist,0.071,6.0,8,2400,9600,0.0001,RegNetY400MF,4300000,8,0.5133,0.8314,0.0776,0.3769,0.4545,0.42087142857142856,0.15586951240688215,0.4251,0.1471,0.7658,0.5109,0.4094,171.0,,True,100.0,paper_backbones,L80_G80,80,26.0,0.4169,94,50
0.0,0.008300000000000085,0.026000000000000023,0.002957142857142936,9.0,0.005900000000000016,0.029199999999999948,0.023400000000000032,data/tissuemnist/slice_1,tissuemnist,0.071,6.0,8,2400,9600,0.0001,RegNetY400MF,4300000,8,0.5225,0.8024,0.0787,0.3586,0.3831,0.4368714285714285,0.1671122096444329,0.4301,0.1495,0.7521,0.4307,0.345,171.0,,True,100.0,paper_backbones,L80_G80,80,19.0,0.436,89,50
0.0,0.0015999999999999348,-0.019499999999999962,0.0009142857142857563,-4.0,-0.0017000000000000348,-0.02190000000000003,-0.017600000000000005,data/tissuemnist/slice_1,tissuemnist,0.071,6.0,8,2400,9600,0.0001,RegNetY400MF,4300000,8,0.5492,0.7775,0.0806,0.3485,0.4286,0.45345714285714284,0.15546811209232272,0.4504,0.1365,0.7854,0.4818,0.386,171.0,,True,100.0,paper_backbones,L80_G80,80,14.0,0.4487,93,50
0.0,0.0017000000000000348,0.0,-0.0015428571428571791,-19.0,-0.0014000000000000123,0.0,0.0,data/tissuemnist/slice_1,tissuemnist,0.071,6.0,8,2400,9600,0.0001,RegNetY400MF,4300000,8,0.5337,0.8107,0.0675,0.3611,0.4351,0.42857142857142855,0.1575641884102722,0.4294,0.1317,0.7846,0.4891,0.3918,171.0,,True,100.0,paper_backbones,L80_G80,80,5.0,0.428,106,50
0.0,0.009000000000000008,0.03450000000000003,0.02926666666666672,-29.0,0.030000000000000027,0.0746,0.022400000000000003,data/dermmnist_sigma20/slice_1,dermmnist,0.113,58.0,7,2003,8012,5e-05,MobileNetV3,5400000,7,0.7384,0.493,0.0505,0.2377,0.2345,0.4807666666666666,0.21702918134563276,0.4456,0.0341,0.9471,0.5075,0.1525,223.0,,True,100.0,lr_hp_smoke,L30_G30,30,14.0,0.4756,61,50
0.0,0.008000000000000007,0.034499999999999975,0.00728333333333353,-42.0,0.011199999999999932,0.0746,0.022400000000000003,data/dermmnist_sigma20/slice_1,dermmnist,0.113,58.0,7,2003,8012,5e-05,MobileNetV3,5400000,7,0.7444,0.473,0.0712,0.2211,0.2207,0.5340666666666666,0.2160274185272683,0.4893,0.048,0.9206,0.4776,0.1435,223.0,,True,100.0,lr_hp_smoke,L30_G30,30,4.0,0.5005,65,50
0.0,0.012599999999999945,0.04510000000000003,0.02096666666666669,-24.0,0.027100000000000013,0.0968,0.02939999999999998,data/aider_sigma20/slice_1,aider,0.166,4.5,4,1190,4758,5e-05,MobileNetV3,5400000,4,0.8849,0.2534,0.0326,0.1232,0.4211,0.8571666666666666,0.057086153215021314,0.7481,0.0208,0.9773,0.9032,0.2745,102.0,,True,100.0,lr_hp_smoke,L30_G30,30,3.0,0.7752,61,50
0.0,0.01429999999999998,0.1053,0.019066666666666565,-22.0,0.04060000000000008,0.2258,0.0686,data/aider_sigma20/slice_1,aider,0.166,4.5,4,1190,4758,5e-05,MobileNetV3,5400000,4,0.8832,0.2461,0.046,0.1173,0.3609,0.8413333333333334,0.07747155750481735,0.7212,0.0239,0.9773,0.7742,0.2353,102.0,,True,100.0,lr_hp_smoke,L30_G30,30,5.0,0.7618,63,50
0.0,-0.02579999999999999,0.027100000000000013,-0.00515714285714286,-19.0,-0.0010999999999999899,0.05880000000000002,0.017500000000000016,data/tissuemnist_sigma20/slice_1,tissuemnist,0.071,6.0,8,2400,9600,5e-05,MobileNetV3,5400000,8,0.4546,1.0101,0.0359,0.4824,0.2252,0.31992857142857145,0.2086074489444278,0.3081,0.0797,0.8638,0.4902,0.1462,171.0,,True,100.0,lr_hp_smoke,L30_G30,30,5.0,0.307,76,50
0.0,0.0029000000000000137,0.009000000000000008,0.019157142857142873,-16.0,0.01789999999999997,0.019600000000000006,0.0058,data/tissuemnist_sigma20/slice_1,tissuemnist,0.071,6.0,8,2400,9600,5e-05,MobileNetV3,5400000,8,0.4813,0.9494,0.0442,0.4541,0.2162,0.3444285714285714,0.20467052069317732,0.3284,0.0815,0.865,0.4706,0.1404,171.0,,True,100.0,lr_hp_smoke,L30_G30,30,3.0,0.3463,67,50
