sweep,dataset,model,constraint_tag,data_dir,constrained_class,seed,tight_L_pct,tight_G_pct,is_asymmetric,sigma,tralo_macro_f1,hounie_rcl_macro_f1,d_macro_f1,d_f1_cstr,d_f1_unc,d_acc,d_flips,d_ece,tralo_sat,hounie_rcl_sat,tralo_path,hounie_rcl_path
contamination_clean,aider,MobileNetV3,L20_G20,data/aider/slice_1,0,1,20,20,0,0.0,0.7818,0.7471,0.034700000000000064,0.06560000000000005,0.024366666666666537,0.013399999999999967,-11.0,-0.0189,1,1,results/pending_runs/contamination_clean/aider/L20_G20/tralo/seed_1,results/pending_runs/contamination_clean/aider/L20_G20/hounie_rcl/seed_1
contamination_clean,aider,MobileNetV3,L20_G20,data/aider/slice_1,0,2,20,20,0,0.0,0.7849,0.6926,0.09230000000000005,0.19680000000000003,0.057566666666666544,0.033600000000000074,-20.0,-0.030600000000000002,1,1,results/pending_runs/contamination_clean/aider/L20_G20/tralo/seed_2,results/pending_runs/contamination_clean/aider/L20_G20/hounie_rcl/seed_2
contamination_clean,aider,MobileNetV3,L70_G70,data/aider/slice_1,0,1,70,70,0,0.0,0.9292,0.9186,0.010600000000000054,0.0,0.01416666666666666,0.006700000000000039,-33.0,-0.0312,1,1,results/pending_runs/contamination_clean/aider/L70_G70/tralo/seed_1,results/pending_runs/contamination_clean/aider/L70_G70/hounie_rcl/seed_1
contamination_clean,aider,MobileNetV3,L70_G70,data/aider/slice_1,0,2,70,70,0,0.0,0.9261,0.8956,0.030500000000000083,0.05779999999999996,0.021433333333333193,0.015900000000000025,-47.0,-0.046599999999999996,1,1,results/pending_runs/contamination_clean/aider/L70_G70/tralo/seed_2,results/pending_runs/contamination_clean/aider/L70_G70/hounie_rcl/seed_2
contamination_clean,aider,MobileNetV3,L30_G30,data/aider/slice_1,0,1,30,30,0,0.0,0.8212,0.8011,0.020100000000000007,0.030100000000000016,0.016800000000000037,0.009299999999999975,-20.0,-0.028200000000000003,1,1,results/pending_runs/contamination_clean/aider/L30_G30/tralo/seed_1,results/pending_runs/contamination_clean/aider/L30_G30/hounie_rcl/seed_1
contamination_clean,aider,MobileNetV3,L30_G30,data/aider/slice_1,0,2,30,30,0,0.0,0.8271,0.7234,0.1036999999999999,0.2256,0.06313333333333315,0.03949999999999998,-27.0,-0.0388,1,1,results/pending_runs/contamination_clean/aider/L30_G30/tralo/seed_2,results/pending_runs/contamination_clean/aider/L30_G30/hounie_rcl/seed_2
contamination_clean,aider,MobileNetV3,L50_G50,data/aider/slice_1,0,1,50,50,0,0.0,0.8811,0.8653,0.015800000000000036,0.0131,0.016700000000000048,0.009300000000000086,-39.0,-0.0408,1,1,results/pending_runs/contamination_clean/aider/L50_G50/tralo/seed_1,results/pending_runs/contamination_clean/aider/L50_G50/hounie_rcl/seed_1
contamination_clean,aider,MobileNetV3,L50_G50,data/aider/slice_1,0,2,50,50,0,0.0,0.8855,0.7865,0.09899999999999998,0.22229999999999994,0.05793333333333339,0.03949999999999998,-48.0,-0.0552,1,1,results/pending_runs/contamination_clean/aider/L50_G50/tralo/seed_2,results/pending_runs/contamination_clean/aider/L50_G50/hounie_rcl/seed_2
contamination_clean,dermmnist,MobileNetV3,L20_G20,data/dermmnist/slice_1,4,1,20,20,0,0.0,0.6905,0.6613,0.029200000000000004,0.014900000000000024,0.03156666666666652,0.012500000000000067,-29.0,-0.020600000000000007,1,1,results/pending_runs/contamination_clean/dermmnist/L20_G20/tralo/seed_1,results/pending_runs/contamination_clean/dermmnist/L20_G20/hounie_rcl/seed_1
contamination_clean,dermmnist,MobileNetV3,L20_G20,data/dermmnist/slice_1,4,2,20,20,0,0.0,0.7105,0.687,0.023499999999999965,0.007500000000000007,0.026050000000000018,0.0020000000000000018,-25.0,-0.01100000000000001,1,1,results/pending_runs/contamination_clean/dermmnist/L20_G20/tralo/seed_2,results/pending_runs/contamination_clean/dermmnist/L20_G20/hounie_rcl/seed_2
contamination_clean,dermmnist,MobileNetV3,L70_G70,data/dermmnist/slice_1,4,1,70,70,0,0.0,0.7854,0.7871,-0.0017000000000000348,0.015799999999999925,-0.004566666666666719,0.0010000000000000009,-24.0,-0.001899999999999999,1,1,results/pending_runs/contamination_clean/dermmnist/L70_G70/tralo/seed_1,results/pending_runs/contamination_clean/dermmnist/L70_G70/hounie_rcl/seed_1
contamination_clean,dermmnist,MobileNetV3,L70_G70,data/dermmnist/slice_1,4,2,70,70,0,0.0,0.7829,0.7704,0.012500000000000067,0.010600000000000054,0.012733333333333263,0.0044999999999999485,-31.0,-0.008800000000000002,1,1,results/pending_runs/contamination_clean/dermmnist/L70_G70/tralo/seed_2,results/pending_runs/contamination_clean/dermmnist/L70_G70/hounie_rcl/seed_2
contamination_clean,dermmnist,MobileNetV3,L30_G30,data/dermmnist/slice_1,4,1,30,30,0,0.0,0.7217,0.7117,0.010000000000000009,-0.006900000000000017,0.012783333333333258,0.006000000000000005,-28.0,-0.0169,1,1,results/pending_runs/contamination_clean/dermmnist/L30_G30/tralo/seed_1,results/pending_runs/contamination_clean/dermmnist/L30_G30/hounie_rcl/seed_1
contamination_clean,dermmnist,MobileNetV3,L30_G30,data/dermmnist/slice_1,4,2,30,30,0,0.0,0.7372,0.729,0.008199999999999985,0.013799999999999979,0.007283333333333419,0.0014999999999999458,-21.0,-0.009599999999999997,1,1,results/pending_runs/contamination_clean/dermmnist/L30_G30/tralo/seed_2,results/pending_runs/contamination_clean/dermmnist/L30_G30/hounie_rcl/seed_2
contamination_clean,dermmnist,MobileNetV3,L50_G50,data/dermmnist/slice_1,4,1,50,50,0,0.0,0.7649,0.7579,0.007000000000000006,0.006000000000000005,0.007233333333333425,0.0040000000000000036,-40.0,-0.01680000000000001,1,1,results/pending_runs/contamination_clean/dermmnist/L50_G50/tralo/seed_1,results/pending_runs/contamination_clean/dermmnist/L50_G50/hounie_rcl/seed_1
contamination_clean,dermmnist,MobileNetV3,L50_G50,data/dermmnist/slice_1,4,2,50,50,0,0.0,0.7598,0.7571,0.0027000000000000357,0.0,0.003149999999999875,0.0024999999999999467,-33.0,-0.006199999999999983,1,1,results/pending_runs/contamination_clean/dermmnist/L50_G50/tralo/seed_2,results/pending_runs/contamination_clean/dermmnist/L50_G50/hounie_rcl/seed_2
contamination_clean,tissuemnist,MobileNetV3,L20_G20,data/tissuemnist/slice_1,4,1,20,20,0,0.0,0.355,0.3532,0.0017999999999999683,-0.019500000000000017,0.0048857142857142155,-0.0029000000000000137,-14.0,-0.00720000000000004,1,1,results/pending_runs/contamination_clean/tissuemnist/L20_G20/tralo/seed_1,results/pending_runs/contamination_clean/tissuemnist/L20_G20/hounie_rcl/seed_1
contamination_clean,tissuemnist,MobileNetV3,L20_G20,data/tissuemnist/slice_1,4,2,20,20,0,0.0,0.3612,0.3542,0.007000000000000006,0.0,0.008000000000000063,-0.0005000000000000004,-14.0,-0.004500000000000004,1,1,results/pending_runs/contamination_clean/tissuemnist/L20_G20/tralo/seed_2,results/pending_runs/contamination_clean/tissuemnist/L20_G20/hounie_rcl/seed_2
contamination_clean,tissuemnist,MobileNetV3,L70_G70,data/tissuemnist/slice_1,4,1,70,70,0,0.0,0.3734,0.3752,-0.0017999999999999683,0.006800000000000028,-0.0030857142857143027,-0.00040000000000006697,-35.0,-0.0013000000000000234,1,1,results/pending_runs/contamination_clean/tissuemnist/L70_G70/tralo/seed_1,results/pending_runs/contamination_clean/tissuemnist/L70_G70/hounie_rcl/seed_1
contamination_clean,tissuemnist,MobileNetV3,L70_G70,data/tissuemnist/slice_1,4,2,70,70,0,0.0,0.4032,0.3884,0.01479999999999998,0.013799999999999979,0.01497142857142858,0.013699999999999934,-27.0,-0.011699999999999988,1,1,results/pending_runs/contamination_clean/tissuemnist/L70_G70/tralo/seed_2,results/pending_runs/contamination_clean/tissuemnist/L70_G70/hounie_rcl/seed_2
contamination_clean,tissuemnist,MobileNetV3,L30_G30,data/tissuemnist/slice_1,4,1,30,30,0,0.0,0.3669,0.3561,0.010799999999999976,0.018000000000000016,0.00972857142857142,0.0046000000000000485,-28.0,-0.006299999999999972,1,1,results/pending_runs/contamination_clean/tissuemnist/L30_G30/tralo/seed_1,results/pending_runs/contamination_clean/tissuemnist/L30_G30/hounie_rcl/seed_1
contamination_clean,tissuemnist,MobileNetV3,L30_G30,data/tissuemnist/slice_1,4,2,30,30,0,0.0,0.3703,0.3696,0.0007000000000000339,-0.008999999999999952,0.0020857142857142463,-0.0008000000000000229,-16.0,-0.0011999999999999789,1,1,results/pending_runs/contamination_clean/tissuemnist/L30_G30/tralo/seed_2,results/pending_runs/contamination_clean/tissuemnist/L30_G30/hounie_rcl/seed_2
contamination_clean,tissuemnist,MobileNetV3,L50_G50,data/tissuemnist/slice_1,4,1,50,50,0,0.0,0.3724,0.3663,0.006099999999999994,0.038900000000000046,0.0014571428571428235,0.0008000000000000229,-41.0,-0.003300000000000025,1,1,results/pending_runs/contamination_clean/tissuemnist/L50_G50/tralo/seed_1,results/pending_runs/contamination_clean/tissuemnist/L50_G50/hounie_rcl/seed_1
contamination_clean,tissuemnist,MobileNetV3,L50_G50,data/tissuemnist/slice_1,4,2,50,50,0,0.0,0.3853,0.3837,0.0015999999999999903,-0.007799999999999974,0.002957142857142825,-0.0008000000000000229,-22.0,-0.00019999999999997797,1,1,results/pending_runs/contamination_clean/tissuemnist/L50_G50/tralo/seed_2,results/pending_runs/contamination_clean/tissuemnist/L50_G50/hounie_rcl/seed_2
contamination_tissuemnist,tissuemnist,MobileNetV3,L20_G20,data/tissuemnist_sigma20/slice_1,4,1,20,20,0,0.2,0.3412,0.3294,0.011799999999999977,0.009800000000000003,0.01207142857142851,0.0029000000000000137,-14.0,-0.004799999999999971,1,1,results/pending_runs/contamination_tissuemnist/sigma20/L20_G20/tralo/seed_1,results/pending_runs/contamination_tissuemnist/sigma20/L20_G20/hounie_rcl/seed_1
contamination_tissuemnist,tissuemnist,MobileNetV3,L20_G20,data/tissuemnist_sigma20/slice_1,4,2,20,20,0,0.2,0.35,0.3453,0.004699999999999982,0.009799999999999975,0.00397142857142857,0.00539999999999996,-16.0,-0.003200000000000036,1,1,results/pending_runs/contamination_tissuemnist/sigma20/L20_G20/tralo/seed_2,results/pending_runs/contamination_tissuemnist/sigma20/L20_G20/hounie_rcl/seed_2
contamination_tissuemnist,tissuemnist,MobileNetV3,L70_G70,data/tissuemnist_sigma20/slice_1,4,1,70,70,0,0.2,0.3523,0.3559,-0.003599999999999992,0.006900000000000017,-0.005028571428571438,-0.009599999999999997,-34.0,0.007899999999999963,1,1,results/pending_runs/contamination_tissuemnist/sigma20/L70_G70/tralo/seed_1,results/pending_runs/contamination_tissuemnist/sigma20/L70_G70/hounie_rcl/seed_1
contamination_tissuemnist,tissuemnist,MobileNetV3,L70_G70,data/tissuemnist_sigma20/slice_1,4,2,70,70,0,0.2,0.3881,0.3852,0.0029000000000000137,-0.006899999999999962,0.004357142857142782,0.0020000000000000018,-26.0,-0.0043999999999999595,1,1,results/pending_runs/contamination_tissuemnist/sigma20/L70_G70/tralo/seed_2,results/pending_runs/contamination_tissuemnist/sigma20/L70_G70/hounie_rcl/seed_2
contamination_tissuemnist,tissuemnist,MobileNetV3,L30_G30,data/tissuemnist_sigma20/slice_1,4,1,30,30,0,0.2,0.3476,0.3492,-0.0015999999999999903,-0.036000000000000004,0.0033714285714285808,-0.004599999999999993,-19.0,0.0005999999999999894,1,1,results/pending_runs/contamination_tissuemnist/sigma20/L30_G30/tralo/seed_1,results/pending_runs/contamination_tissuemnist/sigma20/L30_G30/hounie_rcl/seed_1
contamination_tissuemnist,tissuemnist,MobileNetV3,L30_G30,data/tissuemnist_sigma20/slice_1,4,2,30,30,0,0.2,0.3642,0.3631,0.0011000000000000454,-0.009000000000000008,0.00261428571428568,-0.0032999999999999696,-14.0,-0.00379999999999997,1,1,results/pending_runs/contamination_tissuemnist/sigma20/L30_G30/tralo/seed_2,results/pending_runs/contamination_tissuemnist/sigma20/L30_G30/hounie_rcl/seed_2
contamination_tissuemnist,tissuemnist,MobileNetV3,L50_G50,data/tissuemnist_sigma20/slice_1,4,1,50,50,0,0.2,0.3481,0.3536,-0.005500000000000005,-0.007800000000000029,-0.005171428571428549,-0.015900000000000025,-31.0,0.018500000000000016,1,1,results/pending_runs/contamination_tissuemnist/sigma20/L50_G50/tralo/seed_1,results/pending_runs/contamination_tissuemnist/sigma20/L50_G50/hounie_rcl/seed_1
contamination_tissuemnist,tissuemnist,MobileNetV3,L50_G50,data/tissuemnist_sigma20/slice_1,4,2,50,50,0,0.2,0.3822,0.3733,0.008899999999999963,0.015600000000000003,0.007885714285714218,-0.008400000000000019,-34.0,0.0025000000000000022,1,1,results/pending_runs/contamination_tissuemnist/sigma20/L50_G50/tralo/seed_2,results/pending_runs/contamination_tissuemnist/sigma20/L50_G50/hounie_rcl/seed_2
contamination_tissuemnist,tissuemnist,MobileNetV3,L20_G20,data/tissuemnist_sigma10/slice_1,4,1,20,20,0,0.1,0.3673,0.3427,0.02460000000000001,0.0,0.028157142857142825,0.009599999999999997,-18.0,-0.023300000000000043,1,1,results/pending_runs/contamination_tissuemnist/sigma10/L20_G20/tralo/seed_1,results/pending_runs/contamination_tissuemnist/sigma10/L20_G20/hounie_rcl/seed_1
contamination_tissuemnist,tissuemnist,MobileNetV3,L20_G20,data/tissuemnist_sigma10/slice_1,4,2,20,20,0,0.1,0.365,0.3645,0.0005000000000000004,-0.009800000000000003,0.0019714285714285684,-0.010800000000000032,-9.0,0.0011999999999999789,1,1,results/pending_runs/contamination_tissuemnist/sigma10/L20_G20/tralo/seed_2,results/pending_runs/contamination_tissuemnist/sigma10/L20_G20/hounie_rcl/seed_2
contamination_tissuemnist,tissuemnist,MobileNetV3,L70_G70,data/tissuemnist_sigma10/slice_1,4,1,70,70,0,0.1,0.3883,0.3769,0.011399999999999966,0.041200000000000014,0.007157142857142806,0.0024999999999999467,-50.0,-0.0021999999999999797,1,1,results/pending_runs/contamination_tissuemnist/sigma10/L70_G70/tralo/seed_1,results/pending_runs/contamination_tissuemnist/sigma10/L70_G70/hounie_rcl/seed_1
contamination_tissuemnist,tissuemnist,MobileNetV3,L70_G70,data/tissuemnist_sigma10/slice_1,4,2,70,70,0,0.1,0.3868,0.3858,0.0010000000000000009,-0.006899999999999962,0.0021428571428570575,0.0016999999999999793,-45.0,-0.0047000000000000375,1,1,results/pending_runs/contamination_tissuemnist/sigma10/L70_G70/tralo/seed_2,results/pending_runs/contamination_tissuemnist/sigma10/L70_G70/hounie_rcl/seed_2
contamination_tissuemnist,tissuemnist,MobileNetV3,L30_G30,data/tissuemnist_sigma10/slice_1,4,1,30,30,0,0.1,0.3748,0.3755,-0.0006999999999999784,0.0,-0.0008000000000000229,-0.0038000000000000256,-26.0,-0.0015000000000000013,1,1,results/pending_runs/contamination_tissuemnist/sigma10/L30_G30/tralo/seed_1,results/pending_runs/contamination_tissuemnist/sigma10/L30_G30/hounie_rcl/seed_1
contamination_tissuemnist,tissuemnist,MobileNetV3,L30_G30,data/tissuemnist_sigma10/slice_1,4,2,30,30,0,0.1,0.3629,0.3677,-0.0048000000000000265,-0.009000000000000008,-0.004257142857142959,-0.0037000000000000366,-20.0,0.0009000000000000119,1,1,results/pending_runs/contamination_tissuemnist/sigma10/L30_G30/tralo/seed_2,results/pending_runs/contamination_tissuemnist/sigma10/L30_G30/hounie_rcl/seed_2
contamination_tissuemnist,tissuemnist,MobileNetV3,L50_G50,data/tissuemnist_sigma10/slice_1,4,1,50,50,0,0.1,0.3767,0.3809,-0.004200000000000037,0.03889999999999999,-0.010300000000000031,-0.009199999999999986,-34.0,0.009199999999999986,1,1,results/pending_runs/contamination_tissuemnist/sigma10/L50_G50/tralo/seed_1,results/pending_runs/contamination_tissuemnist/sigma10/L50_G50/hounie_rcl/seed_1
contamination_tissuemnist,tissuemnist,MobileNetV3,L50_G50,data/tissuemnist_sigma10/slice_1,4,2,50,50,0,0.1,0.3802,0.3756,0.004599999999999993,0.0,0.005300000000000027,0.005400000000000016,-30.0,-0.010000000000000009,1,1,results/pending_runs/contamination_tissuemnist/sigma10/L50_G50/tralo/seed_2,results/pending_runs/contamination_tissuemnist/sigma10/L50_G50/hounie_rcl/seed_2
contamination_tissuemnist,tissuemnist,MobileNetV3,L20_G20,data/tissuemnist_sigma30/slice_1,4,1,20,20,0,0.3,0.3367,0.3349,0.0018000000000000238,0.0,0.0020285714285713796,0.01749999999999996,-16.0,-0.017100000000000004,1,1,results/pending_runs/contamination_tissuemnist/sigma30/L20_G20/tralo/seed_1,results/pending_runs/contamination_tissuemnist/sigma30/L20_G20/hounie_rcl/seed_1
contamination_tissuemnist,tissuemnist,MobileNetV3,L20_G20,data/tissuemnist_sigma30/slice_1,4,2,20,20,0,0.3,0.3369,0.3363,0.0005999999999999894,0.009700000000000014,-0.0006714285714285451,0.0009000000000000119,-14.0,-0.004200000000000037,1,1,results/pending_runs/contamination_tissuemnist/sigma30/L20_G20/tralo/seed_2,results/pending_runs/contamination_tissuemnist/sigma30/L20_G20/hounie_rcl/seed_2
contamination_tissuemnist,tissuemnist,MobileNetV3,L70_G70,data/tissuemnist_sigma30/slice_1,4,1,70,70,0,0.3,0.3584,0.3582,0.00019999999999997797,0.006899999999999962,-0.0007714285714285896,0.0041999999999999815,-14.0,-0.0029000000000000137,1,1,results/pending_runs/contamination_tissuemnist/sigma30/L70_G70/tralo/seed_1,results/pending_runs/contamination_tissuemnist/sigma30/L70_G70/hounie_rcl/seed_1
contamination_tissuemnist,tissuemnist,MobileNetV3,L70_G70,data/tissuemnist_sigma30/slice_1,4,2,70,70,0,0.3,0.3532,0.3526,0.0005999999999999894,0.0,0.0006714285714285451,-0.0013000000000000234,-18.0,0.0010000000000000009,1,1,results/pending_runs/contamination_tissuemnist/sigma30/L70_G70/tralo/seed_2,results/pending_runs/contamination_tissuemnist/sigma30/L70_G70/hounie_rcl/seed_2
contamination_tissuemnist,tissuemnist,MobileNetV3,L30_G30,data/tissuemnist_sigma30/slice_1,4,1,30,30,0,0.3,0.3413,0.3385,0.002799999999999969,0.0,0.0032571428571429584,-0.0011999999999999789,-24.0,-0.005400000000000016,1,1,results/pending_runs/contamination_tissuemnist/sigma30/L30_G30/tralo/seed_1,results/pending_runs/contamination_tissuemnist/sigma30/L30_G30/hounie_rcl/seed_1
contamination_tissuemnist,tissuemnist,MobileNetV3,L30_G30,data/tissuemnist_sigma30/slice_1,4,2,30,30,0,0.3,0.3495,0.3424,0.007099999999999995,0.009000000000000008,0.006742857142856995,0.00040000000000001146,-17.0,-0.005799999999999972,1,1,results/pending_runs/contamination_tissuemnist/sigma30/L30_G30/tralo/seed_2,results/pending_runs/contamination_tissuemnist/sigma30/L30_G30/hounie_rcl/seed_2
contamination_tissuemnist,tissuemnist,MobileNetV3,L50_G50,data/tissuemnist_sigma30/slice_1,4,1,50,50,0,0.3,0.3491,0.3459,0.003200000000000036,-0.015600000000000003,0.005885714285714327,-0.0017000000000000348,-33.0,-0.007699999999999985,1,1,results/pending_runs/contamination_tissuemnist/sigma30/L50_G50/tralo/seed_1,results/pending_runs/contamination_tissuemnist/sigma30/L50_G50/hounie_rcl/seed_1
contamination_tissuemnist,tissuemnist,MobileNetV3,L50_G50,data/tissuemnist_sigma30/slice_1,4,2,50,50,0,0.3,0.3432,0.3463,-0.0030999999999999917,0.023400000000000004,-0.006785714285714228,0.0007999999999999674,-13.0,-0.0024000000000000132,1,1,results/pending_runs/contamination_tissuemnist/sigma30/L50_G50/tralo/seed_2,results/pending_runs/contamination_tissuemnist/sigma30/L50_G50/hounie_rcl/seed_2
contamination_dermmnist,dermmnist,MobileNetV3,L20_G20,data/dermmnist_sigma20/slice_1,4,1,20,20,0,0.2,0.4542,0.427,0.027200000000000002,0.022399999999999975,0.028066666666666684,0.011499999999999955,-30.0,-0.017600000000000005,1,1,results/pending_runs/contamination_dermmnist/sigma20/L20_G20/tralo/seed_1,results/pending_runs/contamination_dermmnist/sigma20/L20_G20/hounie_rcl/seed_1
contamination_dermmnist,dermmnist,MobileNetV3,L20_G20,data/dermmnist_sigma20/slice_1,4,2,20,20,0,0.2,0.4579,0.4525,0.00539999999999996,0.007499999999999979,0.005066666666666664,-0.0050000000000000044,-31.0,-0.0015999999999999903,1,1,results/pending_runs/contamination_dermmnist/sigma20/L20_G20/tralo/seed_2,results/pending_runs/contamination_dermmnist/sigma20/L20_G20/hounie_rcl/seed_2
contamination_dermmnist,dermmnist,MobileNetV3,L70_G70,data/dermmnist_sigma20/slice_1,4,1,70,70,0,0.2,0.4889,0.4823,0.006599999999999995,0.02639999999999998,0.003233333333333366,0.0014999999999999458,-44.0,-0.0008999999999999841,1,1,results/pending_runs/contamination_dermmnist/sigma20/L70_G70/tralo/seed_1,results/pending_runs/contamination_dermmnist/sigma20/L70_G70/hounie_rcl/seed_1
contamination_dermmnist,dermmnist,MobileNetV3,L70_G70,data/dermmnist_sigma20/slice_1,4,2,70,70,0,0.2,0.5068,0.5017,0.005099999999999993,-0.005299999999999971,0.006833333333333247,0.0010000000000000009,-44.0,0.0013999999999999846,1,1,results/pending_runs/contamination_dermmnist/sigma20/L70_G70/tralo/seed_2,results/pending_runs/contamination_dermmnist/sigma20/L70_G70/hounie_rcl/seed_2
contamination_dermmnist,dermmnist,MobileNetV3,L30_G30,data/dermmnist_sigma20/slice_1,4,1,30,30,0,0.2,0.4706,0.4635,0.007099999999999995,0.03450000000000003,0.0025333333333332764,0.006000000000000005,-29.0,-0.008000000000000007,1,1,results/pending_runs/contamination_dermmnist/sigma20/L30_G30/tralo/seed_1,results/pending_runs/contamination_dermmnist/sigma20/L30_G30/hounie_rcl/seed_1
contamination_dermmnist,dermmnist,MobileNetV3,L30_G30,data/dermmnist_sigma20/slice_1,4,2,30,30,0,0.2,0.4804,0.4701,0.010299999999999976,-0.013800000000000007,0.014399999999999968,-0.0015000000000000568,-42.0,0.00020000000000000573,1,1,results/pending_runs/contamination_dermmnist/sigma20/L30_G30/tralo/seed_2,results/pending_runs/contamination_dermmnist/sigma20/L30_G30/hounie_rcl/seed_2
contamination_dermmnist,dermmnist,MobileNetV3,L50_G50,data/dermmnist_sigma20/slice_1,4,1,50,50,0,0.2,0.4737,0.4841,-0.010399999999999965,0.0,-0.012033333333333396,-0.0030000000000000027,-66.0,-0.0068999999999999895,1,1,results/pending_runs/contamination_dermmnist/sigma20/L50_G50/tralo/seed_1,results/pending_runs/contamination_dermmnist/sigma20/L50_G50/hounie_rcl/seed_1
contamination_dermmnist,dermmnist,MobileNetV3,L50_G50,data/dermmnist_sigma20/slice_1,4,2,50,50,0,0.2,0.497,0.4914,0.005599999999999994,-0.023899999999999977,0.010566666666666724,0.0,-34.0,-0.0021000000000000185,1,1,results/pending_runs/contamination_dermmnist/sigma20/L50_G50/tralo/seed_2,results/pending_runs/contamination_dermmnist/sigma20/L50_G50/hounie_rcl/seed_2
contamination_dermmnist,dermmnist,MobileNetV3,L20_G20,data/dermmnist_sigma10/slice_1,4,1,20,20,0,0.1,0.5644,0.553,0.011399999999999966,0.014900000000000024,0.010783333333333367,0.0010000000000000009,-26.0,-0.005400000000000016,1,1,results/pending_runs/contamination_dermmnist/sigma10/L20_G20/tralo/seed_1,results/pending_runs/contamination_dermmnist/sigma10/L20_G20/hounie_rcl/seed_1
contamination_dermmnist,dermmnist,MobileNetV3,L20_G20,data/dermmnist_sigma10/slice_1,4,2,20,20,0,0.1,0.5813,0.5835,-0.0021999999999999797,-0.014999999999999986,-0.0001166666666665428,-0.0010000000000000009,-24.0,-0.002700000000000008,1,1,results/pending_runs/contamination_dermmnist/sigma10/L20_G20/tralo/seed_2,results/pending_runs/contamination_dermmnist/sigma10/L20_G20/hounie_rcl/seed_2
contamination_dermmnist,dermmnist,MobileNetV3,L70_G70,data/dermmnist_sigma10/slice_1,4,1,70,70,0,0.1,0.6161,0.6063,0.009800000000000031,0.0,0.01144999999999996,0.0020000000000000018,-69.0,-0.007300000000000001,1,1,results/pending_runs/contamination_dermmnist/sigma10/L70_G70/tralo/seed_1,results/pending_runs/contamination_dermmnist/sigma10/L70_G70/hounie_rcl/seed_1
contamination_dermmnist,dermmnist,MobileNetV3,L70_G70,data/dermmnist_sigma10/slice_1,4,2,70,70,0,0.1,0.6194,0.6197,-0.000300000000000078,-0.005300000000000027,0.0005499999999998284,0.0,-11.0,0.003799999999999998,1,1,results/pending_runs/contamination_dermmnist/sigma10/L70_G70/tralo/seed_2,results/pending_runs/contamination_dermmnist/sigma10/L70_G70/hounie_rcl/seed_2
contamination_dermmnist,dermmnist,MobileNetV3,L30_G30,data/dermmnist_sigma10/slice_1,4,1,30,30,0,0.1,0.5877,0.5562,0.03149999999999997,0.020699999999999996,0.03321666666666667,0.009500000000000064,-48.0,-0.01930000000000001,1,1,results/pending_runs/contamination_dermmnist/sigma10/L30_G30/tralo/seed_1,results/pending_runs/contamination_dermmnist/sigma10/L30_G30/hounie_rcl/seed_1
contamination_dermmnist,dermmnist,MobileNetV3,L30_G30,data/dermmnist_sigma10/slice_1,4,2,30,30,0,0.1,0.5941,0.5861,0.008000000000000007,0.013700000000000045,0.007033333333333225,0.0040000000000000036,-32.0,-0.004500000000000004,1,1,results/pending_runs/contamination_dermmnist/sigma10/L30_G30/tralo/seed_2,results/pending_runs/contamination_dermmnist/sigma10/L30_G30/hounie_rcl/seed_2
contamination_dermmnist,dermmnist,MobileNetV3,L50_G50,data/dermmnist_sigma10/slice_1,4,1,50,50,0,0.1,0.5998,0.601,-0.0011999999999999789,0.018000000000000016,-0.004316666666666635,0.006000000000000005,-71.0,-0.017600000000000005,1,1,results/pending_runs/contamination_dermmnist/sigma10/L50_G50/tralo/seed_1,results/pending_runs/contamination_dermmnist/sigma10/L50_G50/hounie_rcl/seed_1
contamination_dermmnist,dermmnist,MobileNetV3,L50_G50,data/dermmnist_sigma10/slice_1,4,2,50,50,0,0.1,0.611,0.5953,0.015699999999999936,0.0,0.018283333333333318,0.0050000000000000044,-31.0,-0.017000000000000015,1,1,results/pending_runs/contamination_dermmnist/sigma10/L50_G50/tralo/seed_2,results/pending_runs/contamination_dermmnist/sigma10/L50_G50/hounie_rcl/seed_2
contamination_dermmnist,dermmnist,MobileNetV3,L20_G20,data/dermmnist_sigma30/slice_1,4,1,20,20,0,0.3,0.4086,0.4024,0.006200000000000039,0.0,0.00714999999999999,0.000500000000000056,-37.0,-0.006199999999999983,1,1,results/pending_runs/contamination_dermmnist/sigma30/L20_G20/tralo/seed_1,results/pending_runs/contamination_dermmnist/sigma30/L20_G20/hounie_rcl/seed_1
contamination_dermmnist,dermmnist,MobileNetV3,L20_G20,data/dermmnist_sigma30/slice_1,4,2,20,20,0,0.3,0.4117,0.3916,0.020100000000000007,0.007500000000000007,0.022266666666666712,-0.0024999999999999467,-31.0,-0.005099999999999966,1,1,results/pending_runs/contamination_dermmnist/sigma30/L20_G20/tralo/seed_2,results/pending_runs/contamination_dermmnist/sigma30/L20_G20/hounie_rcl/seed_2
contamination_dermmnist,dermmnist,MobileNetV3,L70_G70,data/dermmnist_sigma30/slice_1,4,1,70,70,0,0.3,0.4761,0.4786,-0.0025000000000000022,-0.005300000000000027,-0.001933333333333287,0.0,-45.0,0.0050000000000000044,1,1,results/pending_runs/contamination_dermmnist/sigma30/L70_G70/tralo/seed_1,results/pending_runs/contamination_dermmnist/sigma30/L70_G70/hounie_rcl/seed_1
contamination_dermmnist,dermmnist,MobileNetV3,L70_G70,data/dermmnist_sigma30/slice_1,4,2,70,70,0,0.3,0.501,0.4871,0.013900000000000023,-0.005299999999999971,0.017100000000000004,0.0030000000000000027,-43.0,0.003700000000000009,1,1,results/pending_runs/contamination_dermmnist/sigma30/L70_G70/tralo/seed_2,results/pending_runs/contamination_dermmnist/sigma30/L70_G70/hounie_rcl/seed_2
contamination_dermmnist,dermmnist,MobileNetV3,L30_G30,data/dermmnist_sigma30/slice_1,4,1,30,30,0,0.3,0.4405,0.4182,0.022299999999999986,0.020700000000000024,0.0225833333333334,0.0010000000000000009,-43.0,-0.004600000000000021,1,1,results/pending_runs/contamination_dermmnist/sigma30/L30_G30/tralo/seed_1,results/pending_runs/contamination_dermmnist/sigma30/L30_G30/hounie_rcl/seed_1
contamination_dermmnist,dermmnist,MobileNetV3,L30_G30,data/dermmnist_sigma30/slice_1,4,2,30,30,0,0.3,0.4458,0.4169,0.02889999999999998,0.027599999999999986,0.02918333333333334,0.006000000000000005,-46.0,-0.017199999999999993,1,1,results/pending_runs/contamination_dermmnist/sigma30/L30_G30/tralo/seed_2,results/pending_runs/contamination_dermmnist/sigma30/L30_G30/hounie_rcl/seed_2
contamination_dermmnist,dermmnist,MobileNetV3,L50_G50,data/dermmnist_sigma30/slice_1,4,1,50,50,0,0.3,0.4576,0.4428,0.01479999999999998,0.006000000000000005,0.01619999999999988,0.0025000000000000577,-52.0,-0.006699999999999984,1,1,results/pending_runs/contamination_dermmnist/sigma30/L50_G50/tralo/seed_1,results/pending_runs/contamination_dermmnist/sigma30/L50_G50/hounie_rcl/seed_1
contamination_dermmnist,dermmnist,MobileNetV3,L50_G50,data/dermmnist_sigma30/slice_1,4,2,50,50,0,0.3,0.488,0.447,0.04099999999999998,0.018000000000000016,0.04491666666666666,0.005499999999999949,-67.0,-0.008800000000000002,1,1,results/pending_runs/contamination_dermmnist/sigma30/L50_G50/tralo/seed_2,results/pending_runs/contamination_dermmnist/sigma30/L50_G50/hounie_rcl/seed_2
contamination_aider,aider,MobileNetV3,L20_G20,data/aider_sigma20/slice_1,0,1,20,20,0,0.2,0.7455,0.7417,0.0038000000000000256,0.0,0.004999999999999893,0.0034000000000000696,-17.0,-0.022499999999999992,1,1,results/pending_runs/contamination_aider/sigma20/L20_G20/tralo/seed_1,results/pending_runs/contamination_aider/sigma20/L20_G20/hounie_rcl/seed_1
contamination_aider,aider,MobileNetV3,L20_G20,data/aider_sigma20/slice_1,0,2,20,20,0,0.2,0.7261,0.6817,0.044399999999999995,0.016400000000000026,0.05376666666666663,0.023500000000000076,-18.0,-0.03910000000000001,1,1,results/pending_runs/contamination_aider/sigma20/L20_G20/tralo/seed_2,results/pending_runs/contamination_aider/sigma20/L20_G20/hounie_rcl/seed_2
contamination_aider,aider,MobileNetV3,L70_G70,data/aider_sigma20/slice_1,0,1,70,70,0,0.2,0.8779,0.8777,0.00019999999999997797,0.011599999999999944,-0.003666666666666707,0.0,-7.0,-0.0010999999999999968,1,1,results/pending_runs/contamination_aider/sigma20/L70_G70/tralo/seed_1,results/pending_runs/contamination_aider/sigma20/L70_G70/hounie_rcl/seed_1
contamination_aider,aider,MobileNetV3,L70_G70,data/aider_sigma20/slice_1,0,2,70,70,0,0.2,0.8799,0.8784,0.0015000000000000568,0.011500000000000066,-0.0018666666666667941,-0.0009000000000000119,-31.0,-0.022400000000000003,1,1,results/pending_runs/contamination_aider/sigma20/L70_G70/tralo/seed_2,results/pending_runs/contamination_aider/sigma20/L70_G70/hounie_rcl/seed_2
contamination_aider,aider,MobileNetV3,L30_G30,data/aider_sigma20/slice_1,0,1,30,30,0,0.2,0.791,0.7813,0.009700000000000042,0.015100000000000002,0.007866666666666688,0.0041999999999999815,-22.0,-0.024800000000000003,1,1,results/pending_runs/contamination_aider/sigma20/L30_G30/tralo/seed_1,results/pending_runs/contamination_aider/sigma20/L30_G30/hounie_rcl/seed_1
contamination_aider,aider,MobileNetV3,L30_G30,data/aider_sigma20/slice_1,0,2,30,30,0,0.2,0.7798,0.7484,0.031400000000000095,0.0,0.04193333333333349,0.016799999999999926,-21.0,-0.0363,1,1,results/pending_runs/contamination_aider/sigma20/L30_G30/tralo/seed_2,results/pending_runs/contamination_aider/sigma20/L30_G30/hounie_rcl/seed_2
contamination_aider,aider,MobileNetV3,L50_G50,data/aider_sigma20/slice_1,0,1,50,50,0,0.2,0.8389,0.8399,-0.0010000000000000009,0.0131,-0.005633333333333268,0.0,-25.0,-0.01419999999999999,1,1,results/pending_runs/contamination_aider/sigma20/L50_G50/tralo/seed_1,results/pending_runs/contamination_aider/sigma20/L50_G50/hounie_rcl/seed_1
contamination_aider,aider,MobileNetV3,L50_G50,data/aider_sigma20/slice_1,0,2,50,50,0,0.2,0.8344,0.8163,0.018100000000000005,0.0131,0.01990000000000014,0.009199999999999986,-24.0,-0.026899999999999993,1,1,results/pending_runs/contamination_aider/sigma20/L50_G50/tralo/seed_2,results/pending_runs/contamination_aider/sigma20/L50_G50/hounie_rcl/seed_2
contamination_aider,aider,MobileNetV3,L20_G20,data/aider_sigma10/slice_1,0,1,20,20,0,0.1,0.7716,0.6954,0.07619999999999993,0.1312,0.05799999999999983,0.030299999999999994,-19.0,-0.039099999999999996,1,1,results/pending_runs/contamination_aider/sigma10/L20_G20/tralo/seed_1,results/pending_runs/contamination_aider/sigma10/L20_G20/hounie_rcl/seed_1
contamination_aider,aider,MobileNetV3,L20_G20,data/aider_sigma10/slice_1,0,2,20,20,0,0.1,0.771,0.7103,0.060699999999999976,0.09840000000000002,0.04816666666666658,0.026100000000000012,-11.0,-0.031,1,1,results/pending_runs/contamination_aider/sigma10/L20_G20/tralo/seed_2,results/pending_runs/contamination_aider/sigma10/L20_G20/hounie_rcl/seed_2
contamination_aider,aider,MobileNetV3,L70_G70,data/aider_sigma10/slice_1,0,1,70,70,0,0.1,0.9091,0.9053,0.0038000000000000256,0.0,0.005166666666666653,0.0033999999999999586,-21.0,-0.0175,1,1,results/pending_runs/contamination_aider/sigma10/L70_G70/tralo/seed_1,results/pending_runs/contamination_aider/sigma10/L70_G70/hounie_rcl/seed_1
contamination_aider,aider,MobileNetV3,L70_G70,data/aider_sigma10/slice_1,0,2,70,70,0,0.1,0.9199,0.8313,0.08860000000000001,0.21960000000000002,0.0449666666666666,0.03859999999999997,-56.0,-0.05449999999999999,1,1,results/pending_runs/contamination_aider/sigma10/L70_G70/tralo/seed_2,results/pending_runs/contamination_aider/sigma10/L70_G70/hounie_rcl/seed_2
contamination_aider,aider,MobileNetV3,L30_G30,data/aider_sigma10/slice_1,0,1,30,30,0,0.1,0.81,0.8009,0.009100000000000108,0.0,0.012166666666666659,0.005900000000000016,-24.0,-0.029200000000000004,1,1,results/pending_runs/contamination_aider/sigma10/L30_G30/tralo/seed_1,results/pending_runs/contamination_aider/sigma10/L30_G30/hounie_rcl/seed_1
contamination_aider,aider,MobileNetV3,L30_G30,data/aider_sigma10/slice_1,0,2,30,30,0,0.1,0.8162,0.6856,0.13060000000000005,0.2707,0.08383333333333354,0.05120000000000002,-28.0,-0.045200000000000004,1,1,results/pending_runs/contamination_aider/sigma10/L30_G30/tralo/seed_2,results/pending_runs/contamination_aider/sigma10/L30_G30/hounie_rcl/seed_2
contamination_aider,aider,MobileNetV3,L50_G50,data/aider_sigma10/slice_1,0,1,50,50,0,0.1,0.8623,0.8588,0.0034999999999999476,0.0,0.004666666666666708,0.0033999999999999586,-31.0,-0.029199999999999997,1,1,results/pending_runs/contamination_aider/sigma10/L50_G50/tralo/seed_1,results/pending_runs/contamination_aider/sigma10/L50_G50/hounie_rcl/seed_1
contamination_aider,aider,MobileNetV3,L50_G50,data/aider_sigma10/slice_1,0,2,50,50,0,0.1,0.8712,0.7515,0.11970000000000003,0.27449999999999997,0.06806666666666661,0.04949999999999999,-45.0,-0.052500000000000005,1,1,results/pending_runs/contamination_aider/sigma10/L50_G50/tralo/seed_2,results/pending_runs/contamination_aider/sigma10/L50_G50/hounie_rcl/seed_2
contamination_aider,aider,MobileNetV3,L20_G20,data/aider_sigma30/slice_1,0,1,20,20,0,0.3,0.7002,0.6676,0.03260000000000007,0.016400000000000026,0.038066666666666804,0.019299999999999984,-13.0,-0.02239999999999999,1,1,results/pending_runs/contamination_aider/sigma30/L20_G20/tralo/seed_1,results/pending_runs/contamination_aider/sigma30/L20_G20/hounie_rcl/seed_1
contamination_aider,aider,MobileNetV3,L20_G20,data/aider_sigma30/slice_1,0,2,20,20,0,0.3,0.6916,0.6731,0.01849999999999996,0.016400000000000026,0.019233333333333213,0.010099999999999998,-16.0,-0.014599999999999988,1,1,results/pending_runs/contamination_aider/sigma30/L20_G20/tralo/seed_2,results/pending_runs/contamination_aider/sigma30/L20_G20/hounie_rcl/seed_2
contamination_aider,aider,MobileNetV3,L70_G70,data/aider_sigma30/slice_1,0,1,70,70,0,0.3,0.8416,0.8263,0.01529999999999998,0.02310000000000001,0.012700000000000045,0.005800000000000027,-40.0,-0.029799999999999993,1,1,results/pending_runs/contamination_aider/sigma30/L70_G70/tralo/seed_1,results/pending_runs/contamination_aider/sigma30/L70_G70/hounie_rcl/seed_1
contamination_aider,aider,MobileNetV3,L70_G70,data/aider_sigma30/slice_1,0,2,70,70,0,0.3,0.8463,0.8267,0.019600000000000062,0.05779999999999996,0.0068666666666665765,0.00759999999999994,-34.0,-0.026399999999999993,1,1,results/pending_runs/contamination_aider/sigma30/L70_G70/tralo/seed_2,results/pending_runs/contamination_aider/sigma30/L70_G70/hounie_rcl/seed_2
contamination_aider,aider,MobileNetV3,L30_G30,data/aider_sigma30/slice_1,0,1,30,30,0,0.3,0.7473,0.7079,0.03939999999999999,0.030100000000000016,0.04249999999999998,0.01849999999999996,-25.0,-0.035,1,1,results/pending_runs/contamination_aider/sigma30/L30_G30/tralo/seed_1,results/pending_runs/contamination_aider/sigma30/L30_G30/hounie_rcl/seed_1
contamination_aider,aider,MobileNetV3,L30_G30,data/aider_sigma30/slice_1,0,2,30,30,0,0.3,0.7387,0.7185,0.020199999999999996,0.0,0.026933333333333254,0.010099999999999998,-23.0,-0.02560000000000001,1,1,results/pending_runs/contamination_aider/sigma30/L30_G30/tralo/seed_2,results/pending_runs/contamination_aider/sigma30/L30_G30/hounie_rcl/seed_2
contamination_aider,aider,MobileNetV3,L50_G50,data/aider_sigma30/slice_1,0,1,50,50,0,0.3,0.8038,0.7794,0.024399999999999977,0.013000000000000012,0.028133333333333344,0.012599999999999945,-39.0,-0.03900000000000001,1,1,results/pending_runs/contamination_aider/sigma30/L50_G50/tralo/seed_1,results/pending_runs/contamination_aider/sigma30/L50_G50/hounie_rcl/seed_1
contamination_aider,aider,MobileNetV3,L50_G50,data/aider_sigma30/slice_1,0,2,50,50,0,0.3,0.8029,0.7856,0.017299999999999982,0.0131,0.01869999999999994,0.007499999999999951,-33.0,-0.03349999999999999,1,1,results/pending_runs/contamination_aider/sigma30/L50_G50/tralo/seed_2,results/pending_runs/contamination_aider/sigma30/L50_G50/hounie_rcl/seed_2
paper_backbones,aider,MobileNetV2,L20_G20,data/aider/slice_1,0,4,20,20,0,0.0,0.7897,0.7722,0.01749999999999996,0.03280000000000005,0.012399999999999967,0.007499999999999951,-18.0,-0.026999999999999996,1,1,results/pending_runs/paper_backbones/MobileNetV2/aider/L20_G20/tralo/seed_4,results/pending_runs/paper_backbones/MobileNetV2/aider/L20_G20/hounie_rcl/seed_4
paper_backbones,aider,MobileNetV2,L20_G20,data/aider/slice_1,0,3,20,20,0,0.0,0.7945,0.7661,0.02839999999999998,0.08200000000000002,0.010533333333333394,0.011799999999999922,-13.0,-0.024300000000000002,1,1,results/pending_runs/paper_backbones/MobileNetV2/aider/L20_G20/tralo/seed_3,results/pending_runs/paper_backbones/MobileNetV2/aider/L20_G20/hounie_rcl/seed_3
paper_backbones,aider,MobileNetV2,L20_G20,data/aider/slice_1,0,1,20,20,0,0.0,0.7741,0.7077,0.06640000000000001,0.16400000000000003,0.03396666666666648,0.0252,-18.0,-0.0286,1,1,results/pending_runs/paper_backbones/MobileNetV2/aider/L20_G20/tralo/seed_1,results/pending_runs/paper_backbones/MobileNetV2/aider/L20_G20/hounie_rcl/seed_1
paper_backbones,aider,MobileNetV2,L20_G20,data/aider/slice_1,0,2,20,20,0,0.0,0.7942,0.7851,0.009099999999999997,0.016400000000000026,0.006733333333333369,0.005099999999999993,-17.0,-0.023999999999999994,1,1,results/pending_runs/paper_backbones/MobileNetV2/aider/L20_G20/tralo/seed_2,results/pending_runs/paper_backbones/MobileNetV2/aider/L20_G20/hounie_rcl/seed_2
paper_backbones,aider,MobileNetV2,L70_G70,data/aider/slice_1,0,4,70,70,0,0.0,0.9261,0.9258,0.000300000000000078,0.0,0.00039999999999995595,0.0024999999999999467,-28.0,-0.019100000000000002,1,1,results/pending_runs/paper_backbones/MobileNetV2/aider/L70_G70/tralo/seed_4,results/pending_runs/paper_backbones/MobileNetV2/aider/L70_G70/hounie_rcl/seed_4
paper_backbones,aider,MobileNetV2,L70_G70,data/aider/slice_1,0,3,70,70,0,0.0,0.9292,0.9262,0.0030000000000000027,0.011599999999999944,9.999999999987796e-05,0.0032999999999999696,-43.0,-0.03559999999999999,1,1,results/pending_runs/paper_backbones/MobileNetV2/aider/L70_G70/tralo/seed_3,results/pending_runs/paper_backbones/MobileNetV2/aider/L70_G70/hounie_rcl/seed_3
paper_backbones,aider,MobileNetV2,L70_G70,data/aider/slice_1,0,1,70,70,0,0.0,0.9264,0.9088,0.01759999999999995,0.0,0.023500000000000076,0.01090000000000002,-49.0,-0.0483,1,1,results/pending_runs/paper_backbones/MobileNetV2/aider/L70_G70/tralo/seed_1,results/pending_runs/paper_backbones/MobileNetV2/aider/L70_G70/hounie_rcl/seed_1
paper_backbones,aider,MobileNetV2,L70_G70,data/aider/slice_1,0,2,70,70,0,0.0,0.9294,0.9294,0.0,0.0,0.0,0.0,-14.0,-0.0144,1,1,results/pending_runs/paper_backbones/MobileNetV2/aider/L70_G70/tralo/seed_2,results/pending_runs/paper_backbones/MobileNetV2/aider/L70_G70/hounie_rcl/seed_2
paper_backbones,aider,MobileNetV2,L30_G30,data/aider/slice_1,0,4,30,30,0,0.0,0.8275,0.8054,0.02210000000000001,0.04510000000000003,0.014466666666666739,0.010099999999999998,-31.0,-0.039599999999999996,1,1,results/pending_runs/paper_backbones/MobileNetV2/aider/L30_G30/tralo/seed_4,results/pending_runs/paper_backbones/MobileNetV2/aider/L30_G30/hounie_rcl/seed_4
paper_backbones,aider,MobileNetV2,L30_G30,data/aider/slice_1,0,3,30,30,0,0.0,0.8347,0.8214,0.013299999999999979,0.030100000000000016,0.00773333333333337,0.00759999999999994,-30.0,-0.032100000000000004,1,1,results/pending_runs/paper_backbones/MobileNetV2/aider/L30_G30/tralo/seed_3,results/pending_runs/paper_backbones/MobileNetV2/aider/L30_G30/hounie_rcl/seed_3
paper_backbones,aider,MobileNetV2,L30_G30,data/aider/slice_1,0,1,30,30,0,0.0,0.8112,0.7813,0.029900000000000038,0.07519999999999999,0.014800000000000035,0.012600000000000056,-26.0,-0.03549999999999999,1,1,results/pending_runs/paper_backbones/MobileNetV2/aider/L30_G30/tralo/seed_1,results/pending_runs/paper_backbones/MobileNetV2/aider/L30_G30/hounie_rcl/seed_1
paper_backbones,aider,MobileNetV2,L30_G30,data/aider/slice_1,0,2,30,30,0,0.0,0.8292,0.8214,0.007800000000000029,0.015100000000000002,0.00543333333333329,0.0050000000000000044,-28.0,-0.0312,1,1,results/pending_runs/paper_backbones/MobileNetV2/aider/L30_G30/tralo/seed_2,results/pending_runs/paper_backbones/MobileNetV2/aider/L30_G30/hounie_rcl/seed_2
paper_backbones,aider,MobileNetV2,L80_G80,data/aider/slice_1,0,4,80,80,0,0.0,0.9502,0.9516,-0.0013999999999999568,0.0,-0.0018000000000001348,-0.0007999999999999119,-13.0,-0.008,1,1,results/pending_runs/paper_backbones/MobileNetV2/aider/L80_G80/tralo/seed_4,results/pending_runs/paper_backbones/MobileNetV2/aider/L80_G80/hounie_rcl/seed_4
paper_backbones,aider,MobileNetV2,L80_G80,data/aider/slice_1,0,3,80,80,0,0.0,0.9523,0.9523,0.0,0.0,0.0,0.0,-31.0,-0.0206,1,1,results/pending_runs/paper_backbones/MobileNetV2/aider/L80_G80/tralo/seed_3,results/pending_runs/paper_backbones/MobileNetV2/aider/L80_G80/hounie_rcl/seed_3
paper_backbones,aider,MobileNetV2,L80_G80,data/aider/slice_1,0,1,80,80,0,0.0,0.9524,0.9448,0.007600000000000051,0.0,0.010166666666666657,0.0050000000000000044,-18.0,-0.0182,1,1,results/pending_runs/paper_backbones/MobileNetV2/aider/L80_G80/tralo/seed_1,results/pending_runs/paper_backbones/MobileNetV2/aider/L80_G80/hounie_rcl/seed_1
paper_backbones,aider,MobileNetV2,L80_G80,data/aider/slice_1,0,2,80,80,0,0.0,0.952,0.9505,0.0014999999999999458,0.0,0.0019000000000000128,0.0008000000000000229,-3.0,-0.0034000000000000002,1,1,results/pending_runs/paper_backbones/MobileNetV2/aider/L80_G80/tralo/seed_2,results/pending_runs/paper_backbones/MobileNetV2/aider/L80_G80/hounie_rcl/seed_2
paper_backbones,dermmnist,MobileNetV2,L20_G20,data/dermmnist/slice_1,4,4,20,20,0,0.0,0.6889,0.6816,0.007299999999999973,0.0,0.008516666666666728,0.0015000000000000568,-25.0,-0.01469999999999999,1,1,results/pending_runs/paper_backbones/MobileNetV2/dermmnist/L20_G20/tralo/seed_4,results/pending_runs/paper_backbones/MobileNetV2/dermmnist/L20_G20/hounie_rcl/seed_4
paper_backbones,dermmnist,MobileNetV2,L20_G20,data/dermmnist/slice_1,4,3,20,20,0,0.0,0.6651,0.6577,0.007400000000000073,0.0,0.0086666666666666,-0.000500000000000056,-20.0,-0.008599999999999997,1,1,results/pending_runs/paper_backbones/MobileNetV2/dermmnist/L20_G20/tralo/seed_3,results/pending_runs/paper_backbones/MobileNetV2/dermmnist/L20_G20/hounie_rcl/seed_3
paper_backbones,dermmnist,MobileNetV2,L20_G20,data/dermmnist/slice_1,4,1,20,20,0,0.0,0.6746,0.6712,0.0033999999999999586,0.014900000000000024,0.001483333333333281,0.0004999999999999449,-20.0,-0.004799999999999999,1,1,results/pending_runs/paper_backbones/MobileNetV2/dermmnist/L20_G20/tralo/seed_1,results/pending_runs/paper_backbones/MobileNetV2/dermmnist/L20_G20/hounie_rcl/seed_1
paper_backbones,dermmnist,MobileNetV2,L20_G20,data/dermmnist/slice_1,4,2,20,20,0,0.0,0.6639,0.678,-0.014100000000000001,0.007399999999999962,-0.017683333333333384,-0.0025000000000000577,-33.0,-0.006500000000000006,1,1,results/pending_runs/paper_backbones/MobileNetV2/dermmnist/L20_G20/tralo/seed_2,results/pending_runs/paper_backbones/MobileNetV2/dermmnist/L20_G20/hounie_rcl/seed_2
paper_backbones,dermmnist,MobileNetV2,L70_G70,data/dermmnist/slice_1,4,4,70,70,0,0.0,0.7397,0.749,-0.009299999999999975,-0.021100000000000008,-0.007400000000000073,-0.005499999999999949,-31.0,0.0049999999999999906,1,1,results/pending_runs/paper_backbones/MobileNetV2/dermmnist/L70_G70/tralo/seed_4,results/pending_runs/paper_backbones/MobileNetV2/dermmnist/L70_G70/hounie_rcl/seed_4
paper_backbones,dermmnist,MobileNetV2,L70_G70,data/dermmnist/slice_1,4,3,70,70,0,0.0,0.7301,0.7303,-0.00019999999999997797,0.0,-0.00020000000000020002,-0.0010000000000000009,-27.0,0.0068000000000000005,1,1,results/pending_runs/paper_backbones/MobileNetV2/dermmnist/L70_G70/tralo/seed_3,results/pending_runs/paper_backbones/MobileNetV2/dermmnist/L70_G70/hounie_rcl/seed_3
paper_backbones,dermmnist,MobileNetV2,L70_G70,data/dermmnist/slice_1,4,1,70,70,0,0.0,0.7209,0.7186,0.0022999999999999687,-0.015900000000000025,0.005299999999999971,0.0,-18.0,0.0005000000000000004,1,1,results/pending_runs/paper_backbones/MobileNetV2/dermmnist/L70_G70/tralo/seed_1,results/pending_runs/paper_backbones/MobileNetV2/dermmnist/L70_G70/hounie_rcl/seed_1
paper_backbones,dermmnist,MobileNetV2,L70_G70,data/dermmnist/slice_1,4,2,70,70,0,0.0,0.7258,0.7281,-0.0022999999999999687,0.015799999999999925,-0.005316666666666636,0.000500000000000056,-50.0,-0.0076999999999999985,1,1,results/pending_runs/paper_backbones/MobileNetV2/dermmnist/L70_G70/tralo/seed_2,results/pending_runs/paper_backbones/MobileNetV2/dermmnist/L70_G70/hounie_rcl/seed_2
paper_backbones,dermmnist,MobileNetV2,L30_G30,data/dermmnist/slice_1,4,4,30,30,0,0.0,0.706,0.6999,0.006099999999999994,0.0,0.007150000000000101,0.0010000000000000009,-37.0,-0.019699999999999995,1,1,results/pending_runs/paper_backbones/MobileNetV2/dermmnist/L30_G30/tralo/seed_4,results/pending_runs/paper_backbones/MobileNetV2/dermmnist/L30_G30/hounie_rcl/seed_4
paper_backbones,dermmnist,MobileNetV2,L30_G30,data/dermmnist/slice_1,4,3,30,30,0,0.0,0.6989,0.6825,0.01639999999999997,-0.006900000000000017,0.020300000000000096,0.0025000000000000577,-22.0,-0.003899999999999987,1,1,results/pending_runs/paper_backbones/MobileNetV2/dermmnist/L30_G30/tralo/seed_3,results/pending_runs/paper_backbones/MobileNetV2/dermmnist/L30_G30/hounie_rcl/seed_3
paper_backbones,dermmnist,MobileNetV2,L30_G30,data/dermmnist/slice_1,4,1,30,30,0,0.0,0.6895,0.6862,0.0032999999999999696,0.006900000000000017,0.002683333333333371,-0.0030000000000000027,-39.0,-0.00839999999999999,1,1,results/pending_runs/paper_backbones/MobileNetV2/dermmnist/L30_G30/tralo/seed_1,results/pending_runs/paper_backbones/MobileNetV2/dermmnist/L30_G30/hounie_rcl/seed_1
paper_backbones,dermmnist,MobileNetV2,L30_G30,data/dermmnist/slice_1,4,2,30,30,0,0.0,0.6886,0.6829,0.005700000000000038,0.020699999999999996,0.0031166666666666565,-0.0004999999999999449,-43.0,-0.008500000000000008,1,1,results/pending_runs/paper_backbones/MobileNetV2/dermmnist/L30_G30/tralo/seed_2,results/pending_runs/paper_backbones/MobileNetV2/dermmnist/L30_G30/hounie_rcl/seed_2
paper_backbones,dermmnist,MobileNetV2,L80_G80,data/dermmnist/slice_1,4,4,80,80,0,0.0,0.7376,0.7516,-0.014000000000000012,-0.020000000000000018,-0.012966666666666682,-0.005499999999999949,-21.0,0.004799999999999999,1,1,results/pending_runs/paper_backbones/MobileNetV2/dermmnist/L80_G80/tralo/seed_4,results/pending_runs/paper_backbones/MobileNetV2/dermmnist/L80_G80/hounie_rcl/seed_4
paper_backbones,dermmnist,MobileNetV2,L80_G80,data/dermmnist/slice_1,4,3,80,80,0,0.0,0.7475,0.7424,0.0051000000000001044,0.0,0.0059833333333333405,0.0024999999999999467,-14.0,0.007500000000000007,1,1,results/pending_runs/paper_backbones/MobileNetV2/dermmnist/L80_G80/tralo/seed_3,results/pending_runs/paper_backbones/MobileNetV2/dermmnist/L80_G80/hounie_rcl/seed_3
paper_backbones,dermmnist,MobileNetV2,L80_G80,data/dermmnist/slice_1,4,1,80,80,0,0.0,0.7301,0.735,-0.0049000000000000155,-0.0050000000000000044,-0.004783333333333362,0.0004999999999999449,-8.0,0.0020000000000000018,1,1,results/pending_runs/paper_backbones/MobileNetV2/dermmnist/L80_G80/tralo/seed_1,results/pending_runs/paper_backbones/MobileNetV2/dermmnist/L80_G80/hounie_rcl/seed_1
paper_backbones,dermmnist,MobileNetV2,L80_G80,data/dermmnist/slice_1,4,2,80,80,0,0.0,0.7369,0.7284,0.008499999999999952,-0.004899999999999904,0.010766666666666813,0.0024999999999999467,-38.0,0.008900000000000005,1,1,results/pending_runs/paper_backbones/MobileNetV2/dermmnist/L80_G80/tralo/seed_2,results/pending_runs/paper_backbones/MobileNetV2/dermmnist/L80_G80/hounie_rcl/seed_2
paper_backbones,tissuemnist,MobileNetV2,L20_G20,data/tissuemnist/slice_1,4,4,20,20,0,0.0,0.3654,0.3625,0.0029000000000000137,0.01949999999999999,0.0005857142857143005,0.0009000000000000119,-8.0,0.004100000000000048,1,1,results/pending_runs/paper_backbones/MobileNetV2/tissuemnist/L20_G20/tralo/seed_4,results/pending_runs/paper_backbones/MobileNetV2/tissuemnist/L20_G20/hounie_rcl/seed_4
paper_backbones,tissuemnist,MobileNetV2,L20_G20,data/tissuemnist/slice_1,4,3,20,20,0,0.0,0.372,0.3674,0.004599999999999993,0.029299999999999993,0.0011428571428571677,0.016300000000000037,-5.0,-0.009500000000000008,1,1,results/pending_runs/paper_backbones/MobileNetV2/tissuemnist/L20_G20/tralo/seed_3,results/pending_runs/paper_backbones/MobileNetV2/tissuemnist/L20_G20/hounie_rcl/seed_3
paper_backbones,tissuemnist,MobileNetV2,L20_G20,data/tissuemnist/slice_1,4,1,20,20,0,0.0,0.3688,0.3687,9.999999999998899e-05,-0.009800000000000003,0.0014428571428571901,-0.0033999999999999586,-4.0,0.004599999999999993,1,1,results/pending_runs/paper_backbones/MobileNetV2/tissuemnist/L20_G20/tralo/seed_1,results/pending_runs/paper_backbones/MobileNetV2/tissuemnist/L20_G20/hounie_rcl/seed_1
paper_backbones,tissuemnist,MobileNetV2,L20_G20,data/tissuemnist/slice_1,4,2,20,20,0,0.0,0.3715,0.3661,0.005400000000000016,0.009700000000000014,0.004728571428571471,0.0025000000000000577,-11.0,-0.006099999999999994,1,1,results/pending_runs/paper_backbones/MobileNetV2/tissuemnist/L20_G20/tralo/seed_2,results/pending_runs/paper_backbones/MobileNetV2/tissuemnist/L20_G20/hounie_rcl/seed_2
paper_backbones,tissuemnist,MobileNetV2,L70_G70,data/tissuemnist/slice_1,4,4,70,70,0,0.0,0.3928,0.3974,-0.004599999999999993,-0.01369999999999999,-0.003285714285714225,-0.006299999999999972,-23.0,0.005500000000000005,1,1,results/pending_runs/paper_backbones/MobileNetV2/tissuemnist/L70_G70/tralo/seed_4,results/pending_runs/paper_backbones/MobileNetV2/tissuemnist/L70_G70/hounie_rcl/seed_4
paper_backbones,tissuemnist,MobileNetV2,L70_G70,data/tissuemnist/slice_1,4,3,70,70,0,0.0,0.3766,0.38,-0.003400000000000014,0.020600000000000007,-0.006814285714285717,0.00039999999999995595,-23.0,-0.0017000000000000348,1,1,results/pending_runs/paper_backbones/MobileNetV2/tissuemnist/L70_G70/tralo/seed_3,results/pending_runs/paper_backbones/MobileNetV2/tissuemnist/L70_G70/hounie_rcl/seed_3
paper_backbones,tissuemnist,MobileNetV2,L70_G70,data/tissuemnist/slice_1,4,1,70,70,0,0.0,0.3867,0.3928,-0.006099999999999994,0.041200000000000014,-0.01285714285714279,0.0008000000000000229,-20.0,0.006500000000000006,1,1,results/pending_runs/paper_backbones/MobileNetV2/tissuemnist/L70_G70/tralo/seed_1,results/pending_runs/paper_backbones/MobileNetV2/tissuemnist/L70_G70/hounie_rcl/seed_1
paper_backbones,tissuemnist,MobileNetV2,L70_G70,data/tissuemnist/slice_1,4,2,70,70,0,0.0,0.4067,0.4046,0.0020999999999999908,0.0,0.002285714285714391,0.0020999999999999908,-7.0,0.00019999999999997797,1,1,results/pending_runs/paper_backbones/MobileNetV2/tissuemnist/L70_G70/tralo/seed_2,results/pending_runs/paper_backbones/MobileNetV2/tissuemnist/L70_G70/hounie_rcl/seed_2
paper_backbones,tissuemnist,MobileNetV2,L30_G30,data/tissuemnist/slice_1,4,4,30,30,0,0.0,0.3722,0.3727,-0.0005000000000000004,-0.009000000000000008,0.0006428571428571117,0.0017000000000000348,-11.0,-0.006899999999999962,1,1,results/pending_runs/paper_backbones/MobileNetV2/tissuemnist/L30_G30/tralo/seed_4,results/pending_runs/paper_backbones/MobileNetV2/tissuemnist/L30_G30/hounie_rcl/seed_4
paper_backbones,tissuemnist,MobileNetV2,L30_G30,data/tissuemnist/slice_1,4,3,30,30,0,0.0,0.3832,0.3727,0.01050000000000001,0.018000000000000016,0.00938571428571433,0.007500000000000007,-13.0,-0.014999999999999958,1,1,results/pending_runs/paper_backbones/MobileNetV2/tissuemnist/L30_G30/tralo/seed_3,results/pending_runs/paper_backbones/MobileNetV2/tissuemnist/L30_G30/hounie_rcl/seed_3
paper_backbones,tissuemnist,MobileNetV2,L30_G30,data/tissuemnist/slice_1,4,1,30,30,0,0.0,0.3806,0.3773,0.0032999999999999696,0.027000000000000024,-5.714285714286671e-05,0.007900000000000018,-15.0,-0.008199999999999985,1,1,results/pending_runs/paper_backbones/MobileNetV2/tissuemnist/L30_G30/tralo/seed_1,results/pending_runs/paper_backbones/MobileNetV2/tissuemnist/L30_G30/hounie_rcl/seed_1
paper_backbones,tissuemnist,MobileNetV2,L30_G30,data/tissuemnist/slice_1,4,2,30,30,0,0.0,0.384,0.3775,0.006500000000000006,-0.009000000000000008,0.008714285714285674,0.007099999999999995,-18.0,-0.013500000000000012,1,1,results/pending_runs/paper_backbones/MobileNetV2/tissuemnist/L30_G30/tralo/seed_2,results/pending_runs/paper_backbones/MobileNetV2/tissuemnist/L30_G30/hounie_rcl/seed_2
paper_backbones,tissuemnist,MobileNetV2,L80_G80,data/tissuemnist/slice_1,4,4,80,80,0,0.0,0.4037,0.4,0.003699999999999981,0.006400000000000017,0.003300000000000025,-0.016599999999999948,-28.0,0.0049000000000000155,1,1,results/pending_runs/paper_backbones/MobileNetV2/tissuemnist/L80_G80/tralo/seed_4,results/pending_runs/paper_backbones/MobileNetV2/tissuemnist/L80_G80/hounie_rcl/seed_4
paper_backbones,tissuemnist,MobileNetV2,L80_G80,data/tissuemnist/slice_1,4,3,80,80,0,0.0,0.3971,0.3884,0.008699999999999986,0.013000000000000012,0.008171428571428607,0.011699999999999933,-25.0,-0.00990000000000002,1,1,results/pending_runs/paper_backbones/MobileNetV2/tissuemnist/L80_G80/tralo/seed_3,results/pending_runs/paper_backbones/MobileNetV2/tissuemnist/L80_G80/hounie_rcl/seed_3
paper_backbones,tissuemnist,MobileNetV2,L80_G80,data/tissuemnist/slice_1,4,1,80,80,0,0.0,0.3986,0.3917,0.006900000000000017,-0.013000000000000012,0.009757142857142909,-0.0020999999999999908,-21.0,-0.0024999999999999467,1,1,results/pending_runs/paper_backbones/MobileNetV2/tissuemnist/L80_G80/tralo/seed_1,results/pending_runs/paper_backbones/MobileNetV2/tissuemnist/L80_G80/hounie_rcl/seed_1
paper_backbones,tissuemnist,MobileNetV2,L80_G80,data/tissuemnist/slice_1,4,2,80,80,0,0.0,0.4146,0.4076,0.007000000000000006,-0.013000000000000012,0.009857142857142842,0.0016999999999999238,-31.0,-0.0040000000000000036,1,1,results/pending_runs/paper_backbones/MobileNetV2/tissuemnist/L80_G80/tralo/seed_2,results/pending_runs/paper_backbones/MobileNetV2/tissuemnist/L80_G80/hounie_rcl/seed_2
paper_backbones,aider,ShuffleNetV2,L20_G20,data/aider/slice_1,0,4,20,20,0,0.0,0.7799,0.7932,-0.013299999999999979,0.0,-0.017766666666666597,-0.007600000000000051,-6.0,-0.004799999999999999,1,1,results/pending_runs/paper_backbones/ShuffleNetV2/aider/L20_G20/tralo/seed_4,results/pending_runs/paper_backbones/ShuffleNetV2/aider/L20_G20/hounie_rcl/seed_4
paper_backbones,aider,ShuffleNetV2,L20_G20,data/aider/slice_1,0,3,20,20,0,0.0,0.7793,0.7313,0.04800000000000004,0.03280000000000005,0.053133333333333255,0.02179999999999993,-10.0,-0.0266,1,1,results/pending_runs/paper_backbones/ShuffleNetV2/aider/L20_G20/tralo/seed_3,results/pending_runs/paper_backbones/ShuffleNetV2/aider/L20_G20/hounie_rcl/seed_3
paper_backbones,aider,ShuffleNetV2,L20_G20,data/aider/slice_1,0,1,20,20,0,0.0,0.7726,0.7465,0.0260999999999999,0.0,0.034700000000000175,0.01429999999999998,-7.0,-0.020600000000000007,1,1,results/pending_runs/paper_backbones/ShuffleNetV2/aider/L20_G20/tralo/seed_1,results/pending_runs/paper_backbones/ShuffleNetV2/aider/L20_G20/hounie_rcl/seed_1
paper_backbones,aider,ShuffleNetV2,L20_G20,data/aider/slice_1,0,2,20,20,0,0.0,0.7824,0.7759,0.00649999999999995,0.0,0.008700000000000041,0.006700000000000039,-10.0,-0.016,1,1,results/pending_runs/paper_backbones/ShuffleNetV2/aider/L20_G20/tralo/seed_2,results/pending_runs/paper_backbones/ShuffleNetV2/aider/L20_G20/hounie_rcl/seed_2
paper_backbones,aider,ShuffleNetV2,L70_G70,data/aider/slice_1,0,4,70,70,0,0.0,0.9289,0.9303,-0.0014000000000000679,0.0,-0.0017666666666665831,-0.0009000000000000119,-4.0,-0.0046,1,1,results/pending_runs/paper_backbones/ShuffleNetV2/aider/L70_G70/tralo/seed_4,results/pending_runs/paper_backbones/ShuffleNetV2/aider/L70_G70/hounie_rcl/seed_4
paper_backbones,aider,ShuffleNetV2,L70_G70,data/aider/slice_1,0,3,70,70,0,0.0,0.9201,0.9125,0.007600000000000051,0.0,0.010200000000000098,0.0042000000000000925,-15.0,-0.013199999999999996,1,1,results/pending_runs/paper_backbones/ShuffleNetV2/aider/L70_G70/tralo/seed_3,results/pending_runs/paper_backbones/ShuffleNetV2/aider/L70_G70/hounie_rcl/seed_3
paper_backbones,aider,ShuffleNetV2,L70_G70,data/aider/slice_1,0,1,70,70,0,0.0,0.9289,0.9173,0.011599999999999944,0.011599999999999944,0.011600000000000055,0.005900000000000016,-11.0,-0.010500000000000002,1,1,results/pending_runs/paper_backbones/ShuffleNetV2/aider/L70_G70/tralo/seed_1,results/pending_runs/paper_backbones/ShuffleNetV2/aider/L70_G70/hounie_rcl/seed_1
paper_backbones,aider,ShuffleNetV2,L70_G70,data/aider/slice_1,0,2,70,70,0,0.0,0.932,0.9263,0.005700000000000038,0.011599999999999944,0.0036999999999999256,0.0025000000000000577,-8.0,-0.006900000000000003,1,1,results/pending_runs/paper_backbones/ShuffleNetV2/aider/L70_G70/tralo/seed_2,results/pending_runs/paper_backbones/ShuffleNetV2/aider/L70_G70/hounie_rcl/seed_2
paper_backbones,aider,ShuffleNetV2,L30_G30,data/aider/slice_1,0,4,30,30,0,0.0,0.8278,0.8107,0.017100000000000004,0.015100000000000002,0.017800000000000038,0.008399999999999963,-20.0,-0.020899999999999988,1,1,results/pending_runs/paper_backbones/ShuffleNetV2/aider/L30_G30/tralo/seed_4,results/pending_runs/paper_backbones/ShuffleNetV2/aider/L30_G30/hounie_rcl/seed_4
paper_backbones,aider,ShuffleNetV2,L30_G30,data/aider/slice_1,0,3,30,30,0,0.0,0.8153,0.7988,0.01650000000000007,0.0,0.02196666666666669,0.008400000000000074,-14.0,-0.0208,1,1,results/pending_runs/paper_backbones/ShuffleNetV2/aider/L30_G30/tralo/seed_3,results/pending_runs/paper_backbones/ShuffleNetV2/aider/L30_G30/hounie_rcl/seed_3
paper_backbones,aider,ShuffleNetV2,L30_G30,data/aider/slice_1,0,1,30,30,0,0.0,0.8193,0.8081,0.011199999999999988,0.0,0.014966666666666684,0.006699999999999928,-12.0,-0.016399999999999998,1,1,results/pending_runs/paper_backbones/ShuffleNetV2/aider/L30_G30/tralo/seed_1,results/pending_runs/paper_backbones/ShuffleNetV2/aider/L30_G30/hounie_rcl/seed_1
paper_backbones,aider,ShuffleNetV2,L30_G30,data/aider/slice_1,0,2,30,30,0,0.0,0.8267,0.8225,0.0041999999999999815,0.0,0.0055000000000002824,0.0041999999999999815,-14.0,-0.013499999999999998,1,1,results/pending_runs/paper_backbones/ShuffleNetV2/aider/L30_G30/tralo/seed_2,results/pending_runs/paper_backbones/ShuffleNetV2/aider/L30_G30/hounie_rcl/seed_2
paper_backbones,aider,ShuffleNetV2,L80_G80,data/aider/slice_1,0,4,80,80,0,0.0,0.9481,0.9467,0.0014000000000000679,0.0,0.001866666666666572,0.0009000000000000119,-2.0,-0.0024999999999999988,1,1,results/pending_runs/paper_backbones/ShuffleNetV2/aider/L80_G80/tralo/seed_4,results/pending_runs/paper_backbones/ShuffleNetV2/aider/L80_G80/hounie_rcl/seed_4
paper_backbones,aider,ShuffleNetV2,L80_G80,data/aider/slice_1,0,3,80,80,0,0.0,0.9455,0.9439,0.0016000000000000458,0.0,0.002066666666666661,0.0008000000000000229,-3.0,-0.0016000000000000007,1,1,results/pending_runs/paper_backbones/ShuffleNetV2/aider/L80_G80/tralo/seed_3,results/pending_runs/paper_backbones/ShuffleNetV2/aider/L80_G80/hounie_rcl/seed_3
paper_backbones,aider,ShuffleNetV2,L80_G80,data/aider/slice_1,0,1,80,80,0,0.0,0.9488,0.947,0.0018000000000000238,0.0,0.0023000000000001908,0.0017000000000000348,-5.0,-0.0046,1,1,results/pending_runs/paper_backbones/ShuffleNetV2/aider/L80_G80/tralo/seed_1,results/pending_runs/paper_backbones/ShuffleNetV2/aider/L80_G80/hounie_rcl/seed_1
paper_backbones,aider,ShuffleNetV2,L80_G80,data/aider/slice_1,0,2,80,80,0,0.0,0.9511,0.9484,0.0026999999999999247,0.0,0.0036999999999999256,0.0017000000000000348,-4.0,-0.0028000000000000004,1,1,results/pending_runs/paper_backbones/ShuffleNetV2/aider/L80_G80/tralo/seed_2,results/pending_runs/paper_backbones/ShuffleNetV2/aider/L80_G80/hounie_rcl/seed_2
paper_backbones,dermmnist,ShuffleNetV2,L20_G20,data/dermmnist/slice_1,4,4,20,20,0,0.0,0.6232,0.6527,-0.02949999999999997,-0.014899999999999969,-0.03183333333333349,-0.007000000000000006,-14.0,-0.0007000000000000062,1,1,results/pending_runs/paper_backbones/ShuffleNetV2/dermmnist/L20_G20/tralo/seed_4,results/pending_runs/paper_backbones/ShuffleNetV2/dermmnist/L20_G20/hounie_rcl/seed_4
paper_backbones,dermmnist,ShuffleNetV2,L20_G20,data/dermmnist/slice_1,4,3,20,20,0,0.0,0.6247,0.6539,-0.029200000000000004,-0.007500000000000007,-0.032916666666666594,-0.009499999999999953,-10.0,0.004200000000000009,1,1,results/pending_runs/paper_backbones/ShuffleNetV2/dermmnist/L20_G20/tralo/seed_3,results/pending_runs/paper_backbones/ShuffleNetV2/dermmnist/L20_G20/hounie_rcl/seed_3
paper_backbones,dermmnist,ShuffleNetV2,L20_G20,data/dermmnist/slice_1,4,1,20,20,0,0.0,0.6417,0.6269,0.014800000000000035,0.0,0.0172500000000001,0.0020000000000000018,-6.0,-0.005099999999999993,1,1,results/pending_runs/paper_backbones/ShuffleNetV2/dermmnist/L20_G20/tralo/seed_1,results/pending_runs/paper_backbones/ShuffleNetV2/dermmnist/L20_G20/hounie_rcl/seed_1
paper_backbones,dermmnist,ShuffleNetV2,L20_G20,data/dermmnist/slice_1,4,2,20,20,0,0.0,0.6227,0.631,-0.008299999999999974,-0.014899999999999969,-0.007200000000000095,0.0015000000000000568,-4.0,0.00010000000000001674,1,1,results/pending_runs/paper_backbones/ShuffleNetV2/dermmnist/L20_G20/tralo/seed_2,results/pending_runs/paper_backbones/ShuffleNetV2/dermmnist/L20_G20/hounie_rcl/seed_2
paper_backbones,dermmnist,ShuffleNetV2,L70_G70,data/dermmnist/slice_1,4,4,70,70,0,0.0,0.7158,0.7143,0.0014999999999999458,0.010600000000000054,5.0000000000105516e-05,0.0004999999999999449,-9.0,-0.002599999999999991,1,1,results/pending_runs/paper_backbones/ShuffleNetV2/dermmnist/L70_G70/tralo/seed_4,results/pending_runs/paper_backbones/ShuffleNetV2/dermmnist/L70_G70/hounie_rcl/seed_4
paper_backbones,dermmnist,ShuffleNetV2,L70_G70,data/dermmnist/slice_1,4,3,70,70,0,0.0,0.7018,0.7035,-0.0017000000000000348,-0.005299999999999971,-0.001083333333333325,-0.0040000000000000036,-21.0,0.0011999999999999789,1,1,results/pending_runs/paper_backbones/ShuffleNetV2/dermmnist/L70_G70/tralo/seed_3,results/pending_runs/paper_backbones/ShuffleNetV2/dermmnist/L70_G70/hounie_rcl/seed_3
paper_backbones,dermmnist,ShuffleNetV2,L70_G70,data/dermmnist/slice_1,4,1,70,70,0,0.0,0.6874,0.7075,-0.020100000000000007,0.0,-0.023400000000000087,-0.0050000000000000044,-15.0,0.006600000000000009,1,1,results/pending_runs/paper_backbones/ShuffleNetV2/dermmnist/L70_G70/tralo/seed_1,results/pending_runs/paper_backbones/ShuffleNetV2/dermmnist/L70_G70/hounie_rcl/seed_1
paper_backbones,dermmnist,ShuffleNetV2,L70_G70,data/dermmnist/slice_1,4,2,70,70,0,0.0,0.6851,0.6863,-0.0011999999999999789,-0.005299999999999971,-0.0005166666666669428,-0.0014999999999999458,-22.0,0.0020999999999999908,1,1,results/pending_runs/paper_backbones/ShuffleNetV2/dermmnist/L70_G70/tralo/seed_2,results/pending_runs/paper_backbones/ShuffleNetV2/dermmnist/L70_G70/hounie_rcl/seed_2
paper_backbones,dermmnist,ShuffleNetV2,L30_G30,data/dermmnist/slice_1,4,4,30,30,0,0.0,0.6616,0.6704,-0.00880000000000003,-0.013800000000000034,-0.00790000000000013,-0.0030000000000000027,-7.0,-0.0003999999999999837,1,1,results/pending_runs/paper_backbones/ShuffleNetV2/dermmnist/L30_G30/tralo/seed_4,results/pending_runs/paper_backbones/ShuffleNetV2/dermmnist/L30_G30/hounie_rcl/seed_4
paper_backbones,dermmnist,ShuffleNetV2,L30_G30,data/dermmnist/slice_1,4,3,30,30,0,0.0,0.6486,0.6659,-0.017300000000000093,-0.006900000000000017,-0.018999999999999906,-0.0050000000000000044,-19.0,-0.0006000000000000172,1,1,results/pending_runs/paper_backbones/ShuffleNetV2/dermmnist/L30_G30/tralo/seed_3,results/pending_runs/paper_backbones/ShuffleNetV2/dermmnist/L30_G30/hounie_rcl/seed_3
paper_backbones,dermmnist,ShuffleNetV2,L30_G30,data/dermmnist/slice_1,4,1,30,30,0,0.0,0.671,0.6647,0.006300000000000083,0.0,0.0073666666666666325,0.0014999999999999458,-21.0,-0.010700000000000015,1,1,results/pending_runs/paper_backbones/ShuffleNetV2/dermmnist/L30_G30/tralo/seed_1,results/pending_runs/paper_backbones/ShuffleNetV2/dermmnist/L30_G30/hounie_rcl/seed_1
paper_backbones,dermmnist,ShuffleNetV2,L30_G30,data/dermmnist/slice_1,4,2,30,30,0,0.0,0.6555,0.6439,0.011599999999999944,0.0,0.013549999999999951,0.0015000000000000568,-14.0,-0.006900000000000017,1,1,results/pending_runs/paper_backbones/ShuffleNetV2/dermmnist/L30_G30/tralo/seed_2,results/pending_runs/paper_backbones/ShuffleNetV2/dermmnist/L30_G30/hounie_rcl/seed_2
paper_backbones,dermmnist,ShuffleNetV2,L80_G80,data/dermmnist/slice_1,4,4,80,80,0,0.0,0.7225,0.7198,0.0027000000000000357,-0.0050000000000000044,0.0040000000000000036,0.0004999999999999449,-8.0,0.0016999999999999932,1,1,results/pending_runs/paper_backbones/ShuffleNetV2/dermmnist/L80_G80/tralo/seed_4,results/pending_runs/paper_backbones/ShuffleNetV2/dermmnist/L80_G80/hounie_rcl/seed_4
paper_backbones,dermmnist,ShuffleNetV2,L80_G80,data/dermmnist/slice_1,4,3,80,80,0,0.0,0.7112,0.7111,0.00010000000000010001,0.0,0.0001666666666665373,-0.0024999999999999467,-23.0,0.00019999999999999185,1,1,results/pending_runs/paper_backbones/ShuffleNetV2/dermmnist/L80_G80/tralo/seed_3,results/pending_runs/paper_backbones/ShuffleNetV2/dermmnist/L80_G80/hounie_rcl/seed_3
paper_backbones,dermmnist,ShuffleNetV2,L80_G80,data/dermmnist/slice_1,4,1,80,80,0,0.0,0.687,0.7005,-0.013499999999999956,0.014900000000000024,-0.018249999999999877,-0.0020000000000000018,-11.0,0.006599999999999995,1,1,results/pending_runs/paper_backbones/ShuffleNetV2/dermmnist/L80_G80/tralo/seed_1,results/pending_runs/paper_backbones/ShuffleNetV2/dermmnist/L80_G80/hounie_rcl/seed_1
paper_backbones,dermmnist,ShuffleNetV2,L80_G80,data/dermmnist/slice_1,4,2,80,80,0,0.0,0.6941,0.6948,-0.0006999999999999229,0.0,-0.0007999999999999119,0.0,-13.0,0.0015000000000000013,1,1,results/pending_runs/paper_backbones/ShuffleNetV2/dermmnist/L80_G80/tralo/seed_2,results/pending_runs/paper_backbones/ShuffleNetV2/dermmnist/L80_G80/hounie_rcl/seed_2
paper_backbones,tissuemnist,ShuffleNetV2,L20_G20,data/tissuemnist/slice_1,4,4,20,20,0,0.0,0.386,0.3661,0.01990000000000003,-0.009700000000000014,0.024128571428571444,0.0050000000000000044,-8.0,-0.011299999999999977,1,1,results/pending_runs/paper_backbones/ShuffleNetV2/tissuemnist/L20_G20/tralo/seed_4,results/pending_runs/paper_backbones/ShuffleNetV2/tissuemnist/L20_G20/hounie_rcl/seed_4
paper_backbones,tissuemnist,ShuffleNetV2,L20_G20,data/tissuemnist/slice_1,4,3,20,20,0,0.0,0.3744,0.3726,0.0018000000000000238,0.0,0.0020428571428571796,-0.0009000000000000119,-3.0,-0.0021999999999999797,1,1,results/pending_runs/paper_backbones/ShuffleNetV2/tissuemnist/L20_G20/tralo/seed_3,results/pending_runs/paper_backbones/ShuffleNetV2/tissuemnist/L20_G20/hounie_rcl/seed_3
paper_backbones,tissuemnist,ShuffleNetV2,L20_G20,data/tissuemnist/slice_1,4,1,20,20,0,0.0,0.3455,0.3373,0.008199999999999985,-0.04869999999999999,0.01634285714285716,0.006199999999999983,-8.0,-0.014900000000000024,1,1,results/pending_runs/paper_backbones/ShuffleNetV2/tissuemnist/L20_G20/tralo/seed_1,results/pending_runs/paper_backbones/ShuffleNetV2/tissuemnist/L20_G20/hounie_rcl/seed_1
paper_backbones,tissuemnist,ShuffleNetV2,L20_G20,data/tissuemnist/slice_1,4,2,20,20,0,0.0,0.378,0.3748,0.0031999999999999806,0.01949999999999999,0.0008000000000000229,0.0009000000000000119,2.0,-0.0005999999999999894,1,1,results/pending_runs/paper_backbones/ShuffleNetV2/tissuemnist/L20_G20/tralo/seed_2,results/pending_runs/paper_backbones/ShuffleNetV2/tissuemnist/L20_G20/hounie_rcl/seed_2
paper_backbones,tissuemnist,ShuffleNetV2,L70_G70,data/tissuemnist/slice_1,4,4,70,70,0,0.0,0.4523,0.4457,0.006599999999999995,-0.020600000000000007,0.010442857142857143,0.0017000000000000348,-7.0,-0.005500000000000005,1,1,results/pending_runs/paper_backbones/ShuffleNetV2/tissuemnist/L70_G70/tralo/seed_4,results/pending_runs/paper_backbones/ShuffleNetV2/tissuemnist/L70_G70/hounie_rcl/seed_4
paper_backbones,tissuemnist,ShuffleNetV2,L70_G70,data/tissuemnist/slice_1,4,3,70,70,0,0.0,0.4418,0.4397,0.0021000000000000463,0.013799999999999979,0.000385714285714267,-0.0032999999999999696,-5.0,0.0018000000000000238,1,1,results/pending_runs/paper_backbones/ShuffleNetV2/tissuemnist/L70_G70/tralo/seed_3,results/pending_runs/paper_backbones/ShuffleNetV2/tissuemnist/L70_G70/hounie_rcl/seed_3
paper_backbones,tissuemnist,ShuffleNetV2,L70_G70,data/tissuemnist/slice_1,4,1,70,70,0,0.0,0.4073,0.3943,0.013000000000000012,0.0,0.014842857142857158,0.008400000000000074,-15.0,-0.005699999999999983,1,1,results/pending_runs/paper_backbones/ShuffleNetV2/tissuemnist/L70_G70/tralo/seed_1,results/pending_runs/paper_backbones/ShuffleNetV2/tissuemnist/L70_G70/hounie_rcl/seed_1
paper_backbones,tissuemnist,ShuffleNetV2,L70_G70,data/tissuemnist/slice_1,4,2,70,70,0,0.0,0.4031,0.4078,-0.004699999999999982,0.0,-0.005300000000000027,0.002100000000000102,-8.0,0.0012000000000000344,1,1,results/pending_runs/paper_backbones/ShuffleNetV2/tissuemnist/L70_G70/tralo/seed_2,results/pending_runs/paper_backbones/ShuffleNetV2/tissuemnist/L70_G70/hounie_rcl/seed_2
paper_backbones,tissuemnist,ShuffleNetV2,L30_G30,data/tissuemnist/slice_1,4,4,30,30,0,0.0,0.4065,0.3993,0.007199999999999984,0.0,0.008314285714285663,0.000500000000000056,-4.0,-0.0040999999999999925,1,1,results/pending_runs/paper_backbones/ShuffleNetV2/tissuemnist/L30_G30/tralo/seed_4,results/pending_runs/paper_backbones/ShuffleNetV2/tissuemnist/L30_G30/hounie_rcl/seed_4
paper_backbones,tissuemnist,ShuffleNetV2,L30_G30,data/tissuemnist/slice_1,4,3,30,30,0,0.0,0.3904,0.389,0.0014000000000000123,0.0,0.0015857142857143014,-0.0034000000000000696,-4.0,-0.0005000000000000004,0,1,results/pending_runs/paper_backbones/ShuffleNetV2/tissuemnist/L30_G30/tralo/seed_3,results/pending_runs/paper_backbones/ShuffleNetV2/tissuemnist/L30_G30/hounie_rcl/seed_3
paper_backbones,tissuemnist,ShuffleNetV2,L30_G30,data/tissuemnist/slice_1,4,1,30,30,0,0.0,0.372,0.3531,0.018899999999999972,0.02699999999999997,0.017799999999999983,0.008400000000000074,-9.0,-0.00990000000000002,1,1,results/pending_runs/paper_backbones/ShuffleNetV2/tissuemnist/L30_G30/tralo/seed_1,results/pending_runs/paper_backbones/ShuffleNetV2/tissuemnist/L30_G30/hounie_rcl/seed_1
paper_backbones,tissuemnist,ShuffleNetV2,L30_G30,data/tissuemnist/slice_1,4,2,30,30,0,0.0,0.3873,0.384,0.0032999999999999696,0.027099999999999985,-5.714285714286671e-05,0.0020999999999999908,-2.0,-0.002599999999999991,1,1,results/pending_runs/paper_backbones/ShuffleNetV2/tissuemnist/L30_G30/tralo/seed_2,results/pending_runs/paper_backbones/ShuffleNetV2/tissuemnist/L30_G30/hounie_rcl/seed_2
paper_backbones,tissuemnist,ShuffleNetV2,L50_G50,data/tissuemnist/slice_1,4,4,50,50,0,0.0,0.4329,0.422,0.01090000000000002,-0.007800000000000029,0.013571428571428623,0.0015999999999999348,-16.0,-0.011199999999999988,1,1,results/pending_runs/paper_backbones/ShuffleNetV2/tissuemnist/L50_G50/tralo/seed_4,results/pending_runs/paper_backbones/ShuffleNetV2/tissuemnist/L50_G50/hounie_rcl/seed_4
paper_backbones,tissuemnist,ShuffleNetV2,L50_G50,data/tissuemnist/slice_1,4,3,50,50,0,0.0,0.4139,0.4195,-0.005599999999999994,-0.023399999999999976,-0.0030714285714285583,-0.0121,-11.0,0.005500000000000005,1,1,results/pending_runs/paper_backbones/ShuffleNetV2/tissuemnist/L50_G50/tralo/seed_3,results/pending_runs/paper_backbones/ShuffleNetV2/tissuemnist/L50_G50/hounie_rcl/seed_3
paper_backbones,tissuemnist,ShuffleNetV2,L50_G50,data/tissuemnist/slice_1,4,2,50,50,0,0.0,0.3958,0.3992,-0.003400000000000014,0.007800000000000029,-0.004985714285714371,0.0025000000000000577,-3.0,-0.0024000000000000132,1,1,results/pending_runs/paper_backbones/ShuffleNetV2/tissuemnist/L50_G50/tralo/seed_2,results/pending_runs/paper_backbones/ShuffleNetV2/tissuemnist/L50_G50/hounie_rcl/seed_2
paper_backbones,tissuemnist,ShuffleNetV2,L80_G80,data/tissuemnist/slice_1,4,4,80,80,0,0.0,0.4551,0.4514,0.003699999999999981,-0.006500000000000006,0.005142857142857005,0.0,-13.0,-0.0030000000000000027,1,1,results/pending_runs/paper_backbones/ShuffleNetV2/tissuemnist/L80_G80/tralo/seed_4,results/pending_runs/paper_backbones/ShuffleNetV2/tissuemnist/L80_G80/hounie_rcl/seed_4
paper_backbones,tissuemnist,ShuffleNetV2,L80_G80,data/tissuemnist/slice_1,4,3,80,80,0,0.0,0.4419,0.4411,0.0008000000000000229,-0.013000000000000012,0.002757142857142847,0.0011999999999999789,-7.0,-0.0012000000000000344,1,1,results/pending_runs/paper_backbones/ShuffleNetV2/tissuemnist/L80_G80/tralo/seed_3,results/pending_runs/paper_backbones/ShuffleNetV2/tissuemnist/L80_G80/hounie_rcl/seed_3
paper_backbones,tissuemnist,ShuffleNetV2,L80_G80,data/tissuemnist/slice_1,4,1,80,80,0,0.0,0.411,0.4104,0.0005999999999999894,0.0,0.000785714285714334,0.0017000000000000348,-22.0,-0.0005000000000000004,1,1,results/pending_runs/paper_backbones/ShuffleNetV2/tissuemnist/L80_G80/tralo/seed_1,results/pending_runs/paper_backbones/ShuffleNetV2/tissuemnist/L80_G80/hounie_rcl/seed_1
paper_backbones,tissuemnist,ShuffleNetV2,L80_G80,data/tissuemnist/slice_1,4,2,80,80,0,0.0,0.4061,0.4128,-0.006699999999999984,0.0,-0.007671428571428662,0.00660000000000005,-9.0,-0.0037000000000000366,1,1,results/pending_runs/paper_backbones/ShuffleNetV2/tissuemnist/L80_G80/tralo/seed_2,results/pending_runs/paper_backbones/ShuffleNetV2/tissuemnist/L80_G80/hounie_rcl/seed_2
paper_backbones,aider,RegNetY400MF,L20_G20,data/aider/slice_1,0,4,20,20,0,0.0,0.7946,0.7637,0.030899999999999928,0.09840000000000002,0.008466666666666511,0.012599999999999945,-18.0,-0.022000000000000006,1,1,results/pending_runs/paper_backbones/RegNetY400MF/aider/L20_G20/tralo/seed_4,results/pending_runs/paper_backbones/RegNetY400MF/aider/L20_G20/hounie_rcl/seed_4
paper_backbones,aider,RegNetY400MF,L20_G20,data/aider/slice_1,0,3,20,20,0,0.0,0.8009,0.7986,0.0022999999999999687,0.016400000000000026,-0.0024333333333332874,0.0007999999999999119,-18.0,-0.021099999999999994,1,1,results/pending_runs/paper_backbones/RegNetY400MF/aider/L20_G20/tralo/seed_3,results/pending_runs/paper_backbones/RegNetY400MF/aider/L20_G20/hounie_rcl/seed_3
paper_backbones,aider,RegNetY400MF,L20_G20,data/aider/slice_1,0,1,20,20,0,0.0,0.7941,0.7722,0.02190000000000003,0.06560000000000005,0.007333333333333414,0.009300000000000086,-16.0,-0.019600000000000006,1,1,results/pending_runs/paper_backbones/RegNetY400MF/aider/L20_G20/tralo/seed_1,results/pending_runs/paper_backbones/RegNetY400MF/aider/L20_G20/hounie_rcl/seed_1
paper_backbones,aider,RegNetY400MF,L20_G20,data/aider/slice_1,0,2,20,20,0,0.0,0.8025,0.7879,0.014599999999999946,0.06560000000000005,-0.0024333333333332874,0.006800000000000028,-17.0,-0.017799999999999996,1,1,results/pending_runs/paper_backbones/RegNetY400MF/aider/L20_G20/tralo/seed_2,results/pending_runs/paper_backbones/RegNetY400MF/aider/L20_G20/hounie_rcl/seed_2
paper_backbones,aider,RegNetY400MF,L70_G70,data/aider/slice_1,0,4,70,70,0,0.0,0.9315,0.9295,0.0020000000000000018,0.011599999999999944,-0.0012666666666666382,0.0009000000000000119,-33.0,-0.026500000000000003,1,1,results/pending_runs/paper_backbones/RegNetY400MF/aider/L70_G70/tralo/seed_4,results/pending_runs/paper_backbones/RegNetY400MF/aider/L70_G70/hounie_rcl/seed_4
paper_backbones,aider,RegNetY400MF,L70_G70,data/aider/slice_1,0,3,70,70,0,0.0,0.9333,0.9347,-0.0013999999999999568,0.0,-0.0017666666666665831,-0.0009000000000000119,-29.0,-0.0211,1,1,results/pending_runs/paper_backbones/RegNetY400MF/aider/L70_G70/tralo/seed_3,results/pending_runs/paper_backbones/RegNetY400MF/aider/L70_G70/hounie_rcl/seed_3
paper_backbones,aider,RegNetY400MF,L70_G70,data/aider/slice_1,0,1,70,70,0,0.0,0.9322,0.9318,0.00040000000000006697,0.0,0.0004999999999999449,0.0007999999999999119,-19.0,-0.013899999999999996,1,1,results/pending_runs/paper_backbones/RegNetY400MF/aider/L70_G70/tralo/seed_1,results/pending_runs/paper_backbones/RegNetY400MF/aider/L70_G70/hounie_rcl/seed_1
paper_backbones,aider,RegNetY400MF,L70_G70,data/aider/slice_1,0,2,70,70,0,0.0,0.9337,0.9333,0.00039999999999995595,0.0,0.0006333333333332636,0.0008000000000000229,-13.0,-0.010599999999999998,1,1,results/pending_runs/paper_backbones/RegNetY400MF/aider/L70_G70/tralo/seed_2,results/pending_runs/paper_backbones/RegNetY400MF/aider/L70_G70/hounie_rcl/seed_2
paper_backbones,aider,RegNetY400MF,L30_G30,data/aider/slice_1,0,4,30,30,0,0.0,0.8335,0.8219,0.011600000000000055,0.030100000000000016,0.005399999999999849,0.005900000000000016,-27.0,-0.02840000000000001,1,1,results/pending_runs/paper_backbones/RegNetY400MF/aider/L30_G30/tralo/seed_4,results/pending_runs/paper_backbones/RegNetY400MF/aider/L30_G30/hounie_rcl/seed_4
paper_backbones,aider,RegNetY400MF,L30_G30,data/aider/slice_1,0,3,30,30,0,0.0,0.8402,0.8398,0.00039999999999995595,0.0,0.0004999999999999449,0.0007999999999999119,-23.0,-0.025300000000000003,1,1,results/pending_runs/paper_backbones/RegNetY400MF/aider/L30_G30/tralo/seed_3,results/pending_runs/paper_backbones/RegNetY400MF/aider/L30_G30/hounie_rcl/seed_3
paper_backbones,aider,RegNetY400MF,L30_G30,data/aider/slice_1,0,1,30,30,0,0.0,0.8343,0.8058,0.02850000000000008,0.07519999999999999,0.013000000000000012,0.012599999999999945,-25.0,-0.02919999999999999,1,1,results/pending_runs/paper_backbones/RegNetY400MF/aider/L30_G30/tralo/seed_1,results/pending_runs/paper_backbones/RegNetY400MF/aider/L30_G30/hounie_rcl/seed_1
paper_backbones,aider,RegNetY400MF,L30_G30,data/aider/slice_1,0,2,30,30,0,0.0,0.8388,0.8334,0.00539999999999996,0.030100000000000016,-0.002966666666666562,0.0042000000000000925,-26.0,-0.020199999999999996,1,1,results/pending_runs/paper_backbones/RegNetY400MF/aider/L30_G30/tralo/seed_2,results/pending_runs/paper_backbones/RegNetY400MF/aider/L30_G30/hounie_rcl/seed_2
paper_backbones,aider,RegNetY400MF,L80_G80,data/aider/slice_1,0,4,80,80,0,0.0,0.9524,0.9544,-0.0020000000000000018,0.0,-0.0027333333333332543,0.0,-29.0,-0.0184,1,1,results/pending_runs/paper_backbones/RegNetY400MF/aider/L80_G80/tralo/seed_4,results/pending_runs/paper_backbones/RegNetY400MF/aider/L80_G80/hounie_rcl/seed_4
paper_backbones,aider,RegNetY400MF,L80_G80,data/aider/slice_1,0,3,80,80,0,0.0,0.9555,0.9572,-0.0017000000000000348,0.0,-0.0023333333333332984,-0.0017000000000000348,-19.0,-0.011800000000000001,1,1,results/pending_runs/paper_backbones/RegNetY400MF/aider/L80_G80/tralo/seed_3,results/pending_runs/paper_backbones/RegNetY400MF/aider/L80_G80/hounie_rcl/seed_3
paper_backbones,aider,RegNetY400MF,L80_G80,data/aider/slice_1,0,1,80,80,0,0.0,0.9555,0.9507,0.0048000000000000265,0.01090000000000002,0.002666666666666817,0.0033999999999999586,-19.0,-0.011499999999999996,1,1,results/pending_runs/paper_backbones/RegNetY400MF/aider/L80_G80/tralo/seed_1,results/pending_runs/paper_backbones/RegNetY400MF/aider/L80_G80/hounie_rcl/seed_1
paper_backbones,aider,RegNetY400MF,L80_G80,data/aider/slice_1,0,2,80,80,0,0.0,0.9527,0.9518,0.0009000000000000119,0.0,0.0010999999999999899,0.0016999999999999238,-9.0,-0.001400000000000002,1,1,results/pending_runs/paper_backbones/RegNetY400MF/aider/L80_G80/tralo/seed_2,results/pending_runs/paper_backbones/RegNetY400MF/aider/L80_G80/hounie_rcl/seed_2
paper_backbones,dermmnist,RegNetY400MF,L20_G20,data/dermmnist/slice_1,4,4,20,20,0,0.0,0.6885,0.6704,0.018100000000000005,0.007500000000000007,0.01983333333333337,0.0030000000000000027,-10.0,-0.0040999999999999925,1,1,results/pending_runs/paper_backbones/RegNetY400MF/dermmnist/L20_G20/tralo/seed_4,results/pending_runs/paper_backbones/RegNetY400MF/dermmnist/L20_G20/hounie_rcl/seed_4
paper_backbones,dermmnist,RegNetY400MF,L20_G20,data/dermmnist/slice_1,4,3,20,20,0,0.0,0.6785,0.6725,0.006000000000000005,0.007400000000000018,0.005733333333333257,0.0030000000000000027,-7.0,-0.0040999999999999925,1,1,results/pending_runs/paper_backbones/RegNetY400MF/dermmnist/L20_G20/tralo/seed_3,results/pending_runs/paper_backbones/RegNetY400MF/dermmnist/L20_G20/hounie_rcl/seed_3
paper_backbones,dermmnist,RegNetY400MF,L20_G20,data/dermmnist/slice_1,4,1,20,20,0,0.0,0.6843,0.6924,-0.008099999999999996,-0.007500000000000007,-0.008233333333333426,0.0004999999999999449,-18.0,-0.005899999999999989,1,1,results/pending_runs/paper_backbones/RegNetY400MF/dermmnist/L20_G20/tralo/seed_1,results/pending_runs/paper_backbones/RegNetY400MF/dermmnist/L20_G20/hounie_rcl/seed_1
paper_backbones,dermmnist,RegNetY400MF,L20_G20,data/dermmnist/slice_1,4,2,20,20,0,0.0,0.7029,0.6888,0.014100000000000001,0.0,0.016516666666666624,0.006399999999999961,-19.0,-0.011699999999999988,1,1,results/pending_runs/paper_backbones/RegNetY400MF/dermmnist/L20_G20/tralo/seed_2,results/pending_runs/paper_backbones/RegNetY400MF/dermmnist/L20_G20/hounie_rcl/seed_2
paper_backbones,dermmnist,RegNetY400MF,L70_G70,data/dermmnist/slice_1,4,4,70,70,0,0.0,0.7407,0.7531,-0.012399999999999967,-0.010600000000000054,-0.012733333333333263,-0.007000000000000006,-21.0,0.008500000000000008,1,1,results/pending_runs/paper_backbones/RegNetY400MF/dermmnist/L70_G70/tralo/seed_4,results/pending_runs/paper_backbones/RegNetY400MF/dermmnist/L70_G70/hounie_rcl/seed_4
paper_backbones,dermmnist,RegNetY400MF,L70_G70,data/dermmnist/slice_1,4,3,70,70,0,0.0,0.742,0.752,-0.010000000000000009,-0.010600000000000054,-0.009949999999999903,-0.0015000000000000568,-8.0,0.0012999999999999956,1,1,results/pending_runs/paper_backbones/RegNetY400MF/dermmnist/L70_G70/tralo/seed_3,results/pending_runs/paper_backbones/RegNetY400MF/dermmnist/L70_G70/hounie_rcl/seed_3
paper_backbones,dermmnist,RegNetY400MF,L70_G70,data/dermmnist/slice_1,4,1,70,70,0,0.0,0.7544,0.7501,0.0042999999999999705,0.005299999999999971,0.004066666666666774,0.0025000000000000577,-14.0,-0.0007999999999999952,1,1,results/pending_runs/paper_backbones/RegNetY400MF/dermmnist/L70_G70/tralo/seed_1,results/pending_runs/paper_backbones/RegNetY400MF/dermmnist/L70_G70/hounie_rcl/seed_1
paper_backbones,dermmnist,RegNetY400MF,L70_G70,data/dermmnist/slice_1,4,2,70,70,0,0.0,0.7581,0.7535,0.0046000000000000485,-0.015799999999999925,0.007983333333333342,-0.0034999999999999476,-9.0,0.005099999999999993,1,1,results/pending_runs/paper_backbones/RegNetY400MF/dermmnist/L70_G70/tralo/seed_2,results/pending_runs/paper_backbones/RegNetY400MF/dermmnist/L70_G70/hounie_rcl/seed_2
paper_backbones,dermmnist,RegNetY400MF,L30_G30,data/dermmnist/slice_1,4,4,30,30,0,0.0,0.7099,0.704,0.005900000000000016,0.006900000000000017,0.005650000000000044,-0.0004999999999999449,-10.0,0.0,1,1,results/pending_runs/paper_backbones/RegNetY400MF/dermmnist/L30_G30/tralo/seed_4,results/pending_runs/paper_backbones/RegNetY400MF/dermmnist/L30_G30/hounie_rcl/seed_4
paper_backbones,dermmnist,RegNetY400MF,L30_G30,data/dermmnist/slice_1,4,3,30,30,0,0.0,0.6892,0.6865,0.0027000000000000357,0.006900000000000017,0.0020166666666667776,-0.0030000000000000027,-16.0,0.0015000000000000013,1,1,results/pending_runs/paper_backbones/RegNetY400MF/dermmnist/L30_G30/tralo/seed_3,results/pending_runs/paper_backbones/RegNetY400MF/dermmnist/L30_G30/hounie_rcl/seed_3
paper_backbones,dermmnist,RegNetY400MF,L30_G30,data/dermmnist/slice_1,4,1,30,30,0,0.0,0.7122,0.7062,0.006000000000000005,0.020699999999999996,0.0035833333333332718,0.0030000000000000027,-24.0,-0.009700000000000014,1,1,results/pending_runs/paper_backbones/RegNetY400MF/dermmnist/L30_G30/tralo/seed_1,results/pending_runs/paper_backbones/RegNetY400MF/dermmnist/L30_G30/hounie_rcl/seed_1
paper_backbones,dermmnist,RegNetY400MF,L30_G30,data/dermmnist/slice_1,4,2,30,30,0,0.0,0.7203,0.7165,0.0038000000000000256,-0.006900000000000017,0.00553333333333339,0.0,-25.0,-0.008800000000000002,1,1,results/pending_runs/paper_backbones/RegNetY400MF/dermmnist/L30_G30/tralo/seed_2,results/pending_runs/paper_backbones/RegNetY400MF/dermmnist/L30_G30/hounie_rcl/seed_2
paper_backbones,dermmnist,RegNetY400MF,L80_G80,data/dermmnist/slice_1,4,4,80,80,0,0.0,0.7539,0.7604,-0.00649999999999995,-0.010000000000000009,-0.0059833333333334515,-0.0040000000000000036,-22.0,0.008300000000000002,1,1,results/pending_runs/paper_backbones/RegNetY400MF/dermmnist/L80_G80/tralo/seed_4,results/pending_runs/paper_backbones/RegNetY400MF/dermmnist/L80_G80/hounie_rcl/seed_4
paper_backbones,dermmnist,RegNetY400MF,L80_G80,data/dermmnist/slice_1,4,3,80,80,0,0.0,0.7583,0.761,-0.0027000000000000357,0.0050000000000000044,-0.003950000000000009,0.0,-22.0,0.0015000000000000013,1,1,results/pending_runs/paper_backbones/RegNetY400MF/dermmnist/L80_G80/tralo/seed_3,results/pending_runs/paper_backbones/RegNetY400MF/dermmnist/L80_G80/hounie_rcl/seed_3
paper_backbones,dermmnist,RegNetY400MF,L80_G80,data/dermmnist/slice_1,4,1,80,80,0,0.0,0.7547,0.7503,0.0044000000000000705,-0.0050000000000000044,0.006033333333333335,0.0024999999999999467,2.0,0.002799999999999997,1,1,results/pending_runs/paper_backbones/RegNetY400MF/dermmnist/L80_G80/tralo/seed_1,results/pending_runs/paper_backbones/RegNetY400MF/dermmnist/L80_G80/hounie_rcl/seed_1
paper_backbones,dermmnist,RegNetY400MF,L80_G80,data/dermmnist/slice_1,4,2,80,80,0,0.0,0.7613,0.7577,0.0035999999999999366,0.0,0.004183333333333317,0.0010000000000000009,9.0,0.002699999999999994,1,1,results/pending_runs/paper_backbones/RegNetY400MF/dermmnist/L80_G80/tralo/seed_2,results/pending_runs/paper_backbones/RegNetY400MF/dermmnist/L80_G80/hounie_rcl/seed_2
paper_backbones,tissuemnist,RegNetY400MF,L20_G20,data/tissuemnist/slice_1,4,4,20,20,0,0.0,0.3784,0.3852,-0.006799999999999973,-0.01949999999999999,-0.004985714285714371,-0.008299999999999974,5.0,0.008599999999999997,1,1,results/pending_runs/paper_backbones/RegNetY400MF/tissuemnist/L20_G20/tralo/seed_4,results/pending_runs/paper_backbones/RegNetY400MF/tissuemnist/L20_G20/hounie_rcl/seed_4
paper_backbones,tissuemnist,RegNetY400MF,L20_G20,data/tissuemnist/slice_1,4,3,20,20,0,0.0,0.3982,0.3963,0.0019000000000000128,0.0,0.0020571428571428685,0.0045999999999999375,-4.0,-0.0015000000000000013,1,1,results/pending_runs/paper_backbones/RegNetY400MF/tissuemnist/L20_G20/tralo/seed_3,results/pending_runs/paper_backbones/RegNetY400MF/tissuemnist/L20_G20/hounie_rcl/seed_3
paper_backbones,tissuemnist,RegNetY400MF,L20_G20,data/tissuemnist/slice_1,4,1,20,20,0,0.0,0.4217,0.4194,0.0023000000000000242,-0.01949999999999999,0.005457142857142772,0.006299999999999972,0.0,-0.010599999999999998,1,1,results/pending_runs/paper_backbones/RegNetY400MF/tissuemnist/L20_G20/tralo/seed_1,results/pending_runs/paper_backbones/RegNetY400MF/tissuemnist/L20_G20/hounie_rcl/seed_1
paper_backbones,tissuemnist,RegNetY400MF,L20_G20,data/tissuemnist/slice_1,4,2,20,20,0,0.0,0.3889,0.3857,0.003200000000000036,-0.029299999999999993,0.007885714285714274,-0.0020999999999999908,-3.0,-0.008500000000000008,1,1,results/pending_runs/paper_backbones/RegNetY400MF/tissuemnist/L20_G20/tralo/seed_2,results/pending_runs/paper_backbones/RegNetY400MF/tissuemnist/L20_G20/hounie_rcl/seed_2
paper_backbones,tissuemnist,RegNetY400MF,L70_G70,data/tissuemnist/slice_1,4,4,70,70,0,0.0,0.4226,0.4288,-0.006200000000000039,0.020699999999999996,-0.009957142857142887,-0.015000000000000013,-11.0,0.015700000000000047,1,1,results/pending_runs/paper_backbones/RegNetY400MF/tissuemnist/L70_G70/tralo/seed_4,results/pending_runs/paper_backbones/RegNetY400MF/tissuemnist/L70_G70/hounie_rcl/seed_4
paper_backbones,tissuemnist,RegNetY400MF,L70_G70,data/tissuemnist/slice_1,4,3,70,70,0,0.0,0.4319,0.4357,-0.00379999999999997,-0.03440000000000004,0.0006285714285713673,-0.012900000000000023,-9.0,0.010099999999999998,1,1,results/pending_runs/paper_backbones/RegNetY400MF/tissuemnist/L70_G70/tralo/seed_3,results/pending_runs/paper_backbones/RegNetY400MF/tissuemnist/L70_G70/hounie_rcl/seed_3
paper_backbones,tissuemnist,RegNetY400MF,L70_G70,data/tissuemnist/slice_1,4,1,70,70,0,0.0,0.4466,0.4487,-0.0020999999999999908,-0.006900000000000017,-0.0013999999999999568,0.0012999999999999678,0.0,-0.0007000000000000339,1,1,results/pending_runs/paper_backbones/RegNetY400MF/tissuemnist/L70_G70/tralo/seed_1,results/pending_runs/paper_backbones/RegNetY400MF/tissuemnist/L70_G70/hounie_rcl/seed_1
paper_backbones,tissuemnist,RegNetY400MF,L70_G70,data/tissuemnist/slice_1,4,2,70,70,0,0.0,0.4276,0.4287,-0.0011000000000000454,0.0,-0.0012714285714286455,-0.0016999999999999238,-6.0,0.0013000000000000234,1,1,results/pending_runs/paper_backbones/RegNetY400MF/tissuemnist/L70_G70/tralo/seed_2,results/pending_runs/paper_backbones/RegNetY400MF/tissuemnist/L70_G70/hounie_rcl/seed_2
paper_backbones,tissuemnist,RegNetY400MF,L30_G30,data/tissuemnist/slice_1,4,4,30,30,0,0.0,0.3983,0.4017,-0.003400000000000014,-0.009000000000000008,-0.002571428571428558,-0.0121,-7.0,0.006500000000000006,1,1,results/pending_runs/paper_backbones/RegNetY400MF/tissuemnist/L30_G30/tralo/seed_4,results/pending_runs/paper_backbones/RegNetY400MF/tissuemnist/L30_G30/hounie_rcl/seed_4
paper_backbones,tissuemnist,RegNetY400MF,L30_G30,data/tissuemnist/slice_1,4,3,30,30,0,0.0,0.4062,0.4148,-0.008599999999999997,-0.018000000000000016,-0.007300000000000084,-0.0024999999999999467,-4.0,0.0029000000000000137,1,1,results/pending_runs/paper_backbones/RegNetY400MF/tissuemnist/L30_G30/tralo/seed_3,results/pending_runs/paper_backbones/RegNetY400MF/tissuemnist/L30_G30/hounie_rcl/seed_3
paper_backbones,tissuemnist,RegNetY400MF,L30_G30,data/tissuemnist/slice_1,4,1,30,30,0,0.0,0.4185,0.4151,0.0033999999999999586,-0.02699999999999997,0.00778571428571434,0.0050000000000000044,-8.0,-0.008700000000000041,1,1,results/pending_runs/paper_backbones/RegNetY400MF/tissuemnist/L30_G30/tralo/seed_1,results/pending_runs/paper_backbones/RegNetY400MF/tissuemnist/L30_G30/hounie_rcl/seed_1
paper_backbones,tissuemnist,RegNetY400MF,L30_G30,data/tissuemnist/slice_1,4,2,30,30,0,0.0,0.4114,0.4084,0.0030000000000000027,-0.01799999999999996,0.0060714285714286165,-0.0017000000000000348,1.0,-0.006699999999999984,1,1,results/pending_runs/paper_backbones/RegNetY400MF/tissuemnist/L30_G30/tralo/seed_2,results/pending_runs/paper_backbones/RegNetY400MF/tissuemnist/L30_G30/hounie_rcl/seed_2
paper_backbones,tissuemnist,RegNetY400MF,L80_G80,data/tissuemnist/slice_1,4,4,80,80,0,0.0,0.4169,0.4251,-0.008199999999999985,0.019499999999999962,-0.012171428571428555,-0.01369999999999999,8.0,0.009099999999999997,1,1,results/pending_runs/paper_backbones/RegNetY400MF/tissuemnist/L80_G80/tralo/seed_4,results/pending_runs/paper_backbones/RegNetY400MF/tissuemnist/L80_G80/hounie_rcl/seed_4
paper_backbones,tissuemnist,RegNetY400MF,L80_G80,data/tissuemnist/slice_1,4,3,80,80,0,0.0,0.436,0.4301,0.005900000000000016,0.026000000000000023,0.002957142857142936,0.008300000000000085,9.0,-0.0010999999999999899,1,1,results/pending_runs/paper_backbones/RegNetY400MF/tissuemnist/L80_G80/tralo/seed_3,results/pending_runs/paper_backbones/RegNetY400MF/tissuemnist/L80_G80/hounie_rcl/seed_3
paper_backbones,tissuemnist,RegNetY400MF,L80_G80,data/tissuemnist/slice_1,4,1,80,80,0,0.0,0.4487,0.4504,-0.0017000000000000348,-0.019499999999999962,0.0009142857142857563,0.0015999999999999348,-4.0,-0.00039999999999995595,1,1,results/pending_runs/paper_backbones/RegNetY400MF/tissuemnist/L80_G80/tralo/seed_1,results/pending_runs/paper_backbones/RegNetY400MF/tissuemnist/L80_G80/hounie_rcl/seed_1
paper_backbones,tissuemnist,RegNetY400MF,L80_G80,data/tissuemnist/slice_1,4,2,80,80,0,0.0,0.428,0.4294,-0.0014000000000000123,0.0,-0.0015428571428571791,0.0017000000000000348,-19.0,0.0006000000000000449,1,1,results/pending_runs/paper_backbones/RegNetY400MF/tissuemnist/L80_G80/tralo/seed_2,results/pending_runs/paper_backbones/RegNetY400MF/tissuemnist/L80_G80/hounie_rcl/seed_2
g2_asym_tissue_aider,aider,MobileNetV3,L50_G20,data/aider/slice_1,0,4,50,20,1,0.0,0.8048,0.7255,0.07929999999999993,0.2524,0.021633333333333282,0.02179999999999993,0.0,-0.019299999999999998,1,1,results/pending_runs/g2_asym_tissue_aider/aider/L50_G20/tralo/seed_4,results/pending_runs/g2_asym_tissue_aider/aider/L50_G20/hounie_rcl/seed_4
g2_asym_tissue_aider,aider,MobileNetV3,L50_G20,data/aider/slice_1,0,3,50,20,1,0.0,0.796,0.7217,0.07430000000000003,0.2755,0.007133333333333325,0.016800000000000037,0.0,-0.019799999999999998,1,1,results/pending_runs/g2_asym_tissue_aider/aider/L50_G20/tralo/seed_3,results/pending_runs/g2_asym_tissue_aider/aider/L50_G20/hounie_rcl/seed_3
g2_asym_tissue_aider,aider,MobileNetV3,L50_G20,data/aider/slice_1,0,1,50,20,1,0.0,0.7797,0.7169,0.06279999999999997,0.2205,0.010333333333333417,0.015100000000000002,0.0,-0.018799999999999997,1,1,results/pending_runs/g2_asym_tissue_aider/aider/L50_G20/tralo/seed_1,results/pending_runs/g2_asym_tissue_aider/aider/L50_G20/hounie_rcl/seed_1
g2_asym_tissue_aider,aider,MobileNetV3,L50_G20,data/aider/slice_1,0,2,50,20,1,0.0,0.7893,0.7009,0.08840000000000003,0.27080000000000004,0.027633333333333288,0.0252,0.0,-0.0266,1,1,results/pending_runs/g2_asym_tissue_aider/aider/L50_G20/tralo/seed_2,results/pending_runs/g2_asym_tissue_aider/aider/L50_G20/hounie_rcl/seed_2
g2_asym_tissue_aider,aider,MobileNetV3,L80_G30,data/aider/slice_1,0,4,80,30,1,0.0,0.8365,0.7592,0.07730000000000004,0.2923,0.005633333333333157,0.01849999999999996,0.0,-0.022099999999999995,1,1,results/pending_runs/g2_asym_tissue_aider/aider/L80_G30/tralo/seed_4,results/pending_runs/g2_asym_tissue_aider/aider/L80_G30/hounie_rcl/seed_4
g2_asym_tissue_aider,aider,MobileNetV3,L80_G30,data/aider/slice_1,0,3,80,30,1,0.0,0.8267,0.7269,0.0998,0.37370000000000003,0.008499999999999952,0.023499999999999965,0.0,-0.028200000000000003,1,1,results/pending_runs/g2_asym_tissue_aider/aider/L80_G30/tralo/seed_3,results/pending_runs/g2_asym_tissue_aider/aider/L80_G30/hounie_rcl/seed_3
g2_asym_tissue_aider,aider,MobileNetV3,L80_G30,data/aider/slice_1,0,1,80,30,1,0.0,0.8182,0.7376,0.0806,0.2923,0.00993333333333346,0.02100000000000002,0.0,-0.024500000000000008,1,1,results/pending_runs/g2_asym_tissue_aider/aider/L80_G30/tralo/seed_1,results/pending_runs/g2_asym_tissue_aider/aider/L80_G30/hounie_rcl/seed_1
g2_asym_tissue_aider,aider,MobileNetV3,L80_G30,data/aider/slice_1,0,2,80,30,1,0.0,0.8255,0.7117,0.11380000000000001,0.379,0.02536666666666676,0.03190000000000004,0.0,-0.0353,1,1,results/pending_runs/g2_asym_tissue_aider/aider/L80_G30/tralo/seed_2,results/pending_runs/g2_asym_tissue_aider/aider/L80_G30/hounie_rcl/seed_2
g2_asym_tissue_aider,aider,MobileNetV3,L30_G50,data/aider/slice_1,0,4,30,50,1,0.0,0.8395,0.7979,0.04159999999999997,0.1053,0.020366666666666533,0.016900000000000026,-24.0,-0.0228,1,1,results/pending_runs/g2_asym_tissue_aider/aider/L30_G50/tralo/seed_4,results/pending_runs/g2_asym_tissue_aider/aider/L30_G50/hounie_rcl/seed_4
g2_asym_tissue_aider,aider,MobileNetV3,L30_G50,data/aider/slice_1,0,3,30,50,1,0.0,0.8359,0.8201,0.015799999999999925,0.04510000000000003,0.006033333333333446,0.008399999999999963,-27.0,-0.031099999999999996,1,1,results/pending_runs/g2_asym_tissue_aider/aider/L30_G50/tralo/seed_3,results/pending_runs/g2_asym_tissue_aider/aider/L30_G50/hounie_rcl/seed_3
g2_asym_tissue_aider,aider,MobileNetV3,L30_G50,data/aider/slice_1,0,1,30,50,1,0.0,0.8212,0.8149,0.006300000000000083,0.0,0.008433333333333404,0.0041999999999999815,-16.0,-0.021900000000000003,1,1,results/pending_runs/g2_asym_tissue_aider/aider/L30_G50/tralo/seed_1,results/pending_runs/g2_asym_tissue_aider/aider/L30_G50/hounie_rcl/seed_1
g2_asym_tissue_aider,aider,MobileNetV3,L30_G50,data/aider/slice_1,0,2,30,50,1,0.0,0.8285,0.7913,0.03720000000000001,0.060199999999999976,0.0296333333333334,0.01770000000000005,-26.0,-0.03710000000000001,1,1,results/pending_runs/g2_asym_tissue_aider/aider/L30_G50/tralo/seed_2,results/pending_runs/g2_asym_tissue_aider/aider/L30_G50/hounie_rcl/seed_2
g2_asym_tissue_aider,aider,MobileNetV3,L30_G20,data/aider/slice_1,0,4,30,20,1,0.0,0.8048,0.724,0.08079999999999998,0.2524,0.023566666666666625,0.022599999999999953,0.0,-0.022699999999999998,1,1,results/pending_runs/g2_asym_tissue_aider/aider/L30_G20/tralo/seed_4,results/pending_runs/g2_asym_tissue_aider/aider/L30_G20/hounie_rcl/seed_4
g2_asym_tissue_aider,aider,MobileNetV3,L30_G20,data/aider/slice_1,0,3,30,20,1,0.0,0.7946,0.7217,0.07289999999999996,0.2755,0.005233333333333312,0.015900000000000025,0.0,-0.019199999999999995,1,1,results/pending_runs/g2_asym_tissue_aider/aider/L30_G20/tralo/seed_3,results/pending_runs/g2_asym_tissue_aider/aider/L30_G20/hounie_rcl/seed_3
g2_asym_tissue_aider,aider,MobileNetV3,L30_G20,data/aider/slice_1,0,1,30,20,1,0.0,0.7797,0.7169,0.06279999999999997,0.2205,0.010333333333333417,0.015100000000000002,0.0,-0.017699999999999994,1,1,results/pending_runs/g2_asym_tissue_aider/aider/L30_G20/tralo/seed_1,results/pending_runs/g2_asym_tissue_aider/aider/L30_G20/hounie_rcl/seed_1
g2_asym_tissue_aider,aider,MobileNetV3,L30_G20,data/aider/slice_1,0,2,30,20,1,0.0,0.7893,0.6993,0.08999999999999997,0.27080000000000004,0.02973333333333328,0.025999999999999912,0.0,-0.025599999999999998,1,1,results/pending_runs/g2_asym_tissue_aider/aider/L30_G20/tralo/seed_2,results/pending_runs/g2_asym_tissue_aider/aider/L30_G20/hounie_rcl/seed_2
g2_asym_tissue_aider,aider,MobileNetV3,L70_G50,data/aider/slice_1,0,4,70,50,1,0.0,0.8926,0.8172,0.07539999999999991,0.28569999999999995,0.005333333333333301,0.023499999999999965,0.0,-0.022399999999999996,1,1,results/pending_runs/g2_asym_tissue_aider/aider/L70_G50/tralo/seed_4,results/pending_runs/g2_asym_tissue_aider/aider/L70_G50/hounie_rcl/seed_4
g2_asym_tissue_aider,aider,MobileNetV3,L70_G50,data/aider/slice_1,0,3,70,50,1,0.0,0.8911,0.7641,0.127,0.472,0.01206666666666667,0.0353,0.0,-0.0406,1,1,results/pending_runs/g2_asym_tissue_aider/aider/L70_G50/tralo/seed_3,results/pending_runs/g2_asym_tissue_aider/aider/L70_G50/hounie_rcl/seed_3
g2_asym_tissue_aider,aider,MobileNetV3,L70_G50,data/aider/slice_1,0,1,70,50,1,0.0,0.8811,0.812,0.06909999999999994,0.23589999999999994,0.013600000000000056,0.023600000000000065,0.0,-0.018900000000000007,1,1,results/pending_runs/g2_asym_tissue_aider/aider/L70_G50/tralo/seed_1,results/pending_runs/g2_asym_tissue_aider/aider/L70_G50/hounie_rcl/seed_1
g2_asym_tissue_aider,aider,MobileNetV3,L70_G50,data/aider/slice_1,0,2,70,50,1,0.0,0.8831,0.7566,0.12649999999999995,0.42529999999999996,0.026933333333333365,0.041200000000000014,0.0,-0.0374,1,1,results/pending_runs/g2_asym_tissue_aider/aider/L70_G50/tralo/seed_2,results/pending_runs/g2_asym_tissue_aider/aider/L70_G50/hounie_rcl/seed_2
g2_asym_tissue_aider,aider,MobileNetV3,L70_G80,data/aider/slice_1,0,4,70,80,1,0.0,0.9363,0.9348,0.0015000000000000568,0.0,0.001966666666666672,0.0008000000000000229,-28.0,-0.0221,1,1,results/pending_runs/g2_asym_tissue_aider/aider/L70_G80/tralo/seed_4,results/pending_runs/g2_asym_tissue_aider/aider/L70_G80/hounie_rcl/seed_4
g2_asym_tissue_aider,aider,MobileNetV3,L70_G80,data/aider/slice_1,0,3,70,80,1,0.0,0.9362,0.9299,0.006300000000000083,0.011599999999999944,0.00456666666666683,0.0041999999999999815,-35.0,-0.027499999999999997,1,1,results/pending_runs/g2_asym_tissue_aider/aider/L70_G80/tralo/seed_3,results/pending_runs/g2_asym_tissue_aider/aider/L70_G80/hounie_rcl/seed_3
g2_asym_tissue_aider,aider,MobileNetV3,L70_G80,data/aider/slice_1,0,1,70,80,1,0.0,0.9292,0.9205,0.008700000000000041,0.0,0.011666666666666492,0.0050000000000000044,-23.0,-0.022000000000000002,1,1,results/pending_runs/g2_asym_tissue_aider/aider/L70_G80/tralo/seed_1,results/pending_runs/g2_asym_tissue_aider/aider/L70_G80/hounie_rcl/seed_1
g2_asym_tissue_aider,aider,MobileNetV3,L70_G80,data/aider/slice_1,0,2,70,80,1,0.0,0.9261,0.9206,0.00550000000000006,0.0,0.007299999999999973,0.0050000000000000044,-32.0,-0.0286,1,1,results/pending_runs/g2_asym_tissue_aider/aider/L70_G80/tralo/seed_2,results/pending_runs/g2_asym_tissue_aider/aider/L70_G80/hounie_rcl/seed_2
g2_asym_tissue_aider,aider,MobileNetV3,L50_G80,data/aider/slice_1,0,4,50,80,1,0.0,0.8912,0.8707,0.020499999999999963,0.06540000000000001,0.005533333333333279,0.009300000000000086,-39.0,-0.0317,1,1,results/pending_runs/g2_asym_tissue_aider/aider/L50_G80/tralo/seed_4,results/pending_runs/g2_asym_tissue_aider/aider/L50_G80/hounie_rcl/seed_4
g2_asym_tissue_aider,aider,MobileNetV3,L50_G80,data/aider/slice_1,0,3,50,80,1,0.0,0.8901,0.8855,0.0046000000000000485,0.0131,0.0018333333333333535,0.0042000000000000925,-40.0,-0.0406,1,1,results/pending_runs/g2_asym_tissue_aider/aider/L50_G80/tralo/seed_3,results/pending_runs/g2_asym_tissue_aider/aider/L50_G80/hounie_rcl/seed_3
g2_asym_tissue_aider,aider,MobileNetV3,L50_G80,data/aider/slice_1,0,1,50,80,1,0.0,0.8811,0.8764,0.0047000000000000375,0.0,0.006333333333333413,0.0034000000000000696,-22.0,-0.018800000000000004,1,1,results/pending_runs/g2_asym_tissue_aider/aider/L50_G80/tralo/seed_1,results/pending_runs/g2_asym_tissue_aider/aider/L50_G80/hounie_rcl/seed_1
g2_asym_tissue_aider,aider,MobileNetV3,L50_G80,data/aider/slice_1,0,2,50,80,1,0.0,0.8855,0.8434,0.042099999999999915,0.06540000000000001,0.0343,0.020199999999999996,-43.0,-0.047900000000000005,1,1,results/pending_runs/g2_asym_tissue_aider/aider/L50_G80/tralo/seed_2,results/pending_runs/g2_asym_tissue_aider/aider/L50_G80/hounie_rcl/seed_2
g2_asym_tissue_aider,aider,MobileNetV3,L80_G70,data/aider/slice_1,0,4,80,70,1,0.0,0.9324,0.8858,0.046599999999999975,0.18079999999999996,0.0018666666666667941,0.017699999999999938,0.0,-0.015999999999999997,1,1,results/pending_runs/g2_asym_tissue_aider/aider/L80_G70/tralo/seed_4,results/pending_runs/g2_asym_tissue_aider/aider/L80_G70/hounie_rcl/seed_4
g2_asym_tissue_aider,aider,MobileNetV3,L80_G70,data/aider/slice_1,0,3,80,70,1,0.0,0.9331,0.8587,0.07440000000000002,0.26759999999999995,0.010033333333333339,0.02939999999999998,0.0,-0.022000000000000002,1,1,results/pending_runs/g2_asym_tissue_aider/aider/L80_G70/tralo/seed_3,results/pending_runs/g2_asym_tissue_aider/aider/L80_G70/hounie_rcl/seed_3
g2_asym_tissue_aider,aider,MobileNetV3,L80_G70,data/aider/slice_1,0,1,80,70,1,0.0,0.9292,0.8967,0.03249999999999997,0.0958,0.011533333333333173,0.01419999999999999,0.0,-0.012099999999999996,1,1,results/pending_runs/g2_asym_tissue_aider/aider/L80_G70/tralo/seed_1,results/pending_runs/g2_asym_tissue_aider/aider/L80_G70/hounie_rcl/seed_1
g2_asym_tissue_aider,aider,MobileNetV3,L80_G70,data/aider/slice_1,0,2,80,70,1,0.0,0.9261,0.864,0.062100000000000044,0.21809999999999996,0.010166666666666657,0.026800000000000046,0.0,-0.0245,1,1,results/pending_runs/g2_asym_tissue_aider/aider/L80_G70/tralo/seed_2,results/pending_runs/g2_asym_tissue_aider/aider/L80_G70/hounie_rcl/seed_2
g2_asym_tissue_aider,aider,MobileNetV3,L80_G50,data/aider/slice_1,0,4,80,50,1,0.0,0.8865,0.8034,0.08309999999999995,0.3211,0.003766666666666807,0.024399999999999977,0.0,-0.0233,1,1,results/pending_runs/g2_asym_tissue_aider/aider/L80_G50/tralo/seed_4,results/pending_runs/g2_asym_tissue_aider/aider/L80_G50/hounie_rcl/seed_4
g2_asym_tissue_aider,aider,MobileNetV3,L80_G50,data/aider/slice_1,0,3,80,50,1,0.0,0.8883,0.7811,0.10719999999999996,0.41029999999999994,0.006199999999999872,0.030299999999999994,0.0,-0.03150000000000001,1,1,results/pending_runs/g2_asym_tissue_aider/aider/L80_G50/tralo/seed_3,results/pending_runs/g2_asym_tissue_aider/aider/L80_G50/hounie_rcl/seed_3
g2_asym_tissue_aider,aider,MobileNetV3,L80_G50,data/aider/slice_1,0,1,80,50,1,0.0,0.8811,0.8343,0.04679999999999995,0.15579999999999994,0.010499999999999954,0.016800000000000037,0.0,-0.0175,1,1,results/pending_runs/g2_asym_tissue_aider/aider/L80_G50/tralo/seed_1,results/pending_runs/g2_asym_tissue_aider/aider/L80_G50/hounie_rcl/seed_1
g2_asym_tissue_aider,aider,MobileNetV3,L80_G50,data/aider/slice_1,0,2,80,50,1,0.0,0.8804,0.7769,0.10349999999999993,0.34390000000000004,0.023333333333333428,0.034500000000000086,0.0,-0.031599999999999996,1,1,results/pending_runs/g2_asym_tissue_aider/aider/L80_G50/tralo/seed_2,results/pending_runs/g2_asym_tissue_aider/aider/L80_G50/hounie_rcl/seed_2
g2_asym_tissue_aider,aider,MobileNetV3,L50_G70,data/aider/slice_1,0,4,50,70,1,0.0,0.8912,0.8721,0.019100000000000006,0.06540000000000001,0.0036333333333332662,0.008400000000000074,-38.0,-0.030600000000000002,1,1,results/pending_runs/g2_asym_tissue_aider/aider/L50_G70/tralo/seed_4,results/pending_runs/g2_asym_tissue_aider/aider/L50_G70/hounie_rcl/seed_4
g2_asym_tissue_aider,aider,MobileNetV3,L50_G70,data/aider/slice_1,0,3,50,70,1,0.0,0.8901,0.8805,0.009600000000000053,0.0262,0.0040999999999999925,0.006800000000000028,-41.0,-0.0411,1,1,results/pending_runs/g2_asym_tissue_aider/aider/L50_G70/tralo/seed_3,results/pending_runs/g2_asym_tissue_aider/aider/L50_G70/hounie_rcl/seed_3
g2_asym_tissue_aider,aider,MobileNetV3,L50_G70,data/aider/slice_1,0,1,50,70,1,0.0,0.8811,0.8764,0.0047000000000000375,0.0,0.006333333333333413,0.0034000000000000696,-21.0,-0.016099999999999996,1,1,results/pending_runs/g2_asym_tissue_aider/aider/L50_G70/tralo/seed_1,results/pending_runs/g2_asym_tissue_aider/aider/L50_G70/hounie_rcl/seed_1
g2_asym_tissue_aider,aider,MobileNetV3,L50_G70,data/aider/slice_1,0,2,50,70,1,0.0,0.8855,0.8497,0.03579999999999994,0.05230000000000001,0.030200000000000005,0.01759999999999995,-42.0,-0.0454,1,1,results/pending_runs/g2_asym_tissue_aider/aider/L50_G70/tralo/seed_2,results/pending_runs/g2_asym_tissue_aider/aider/L50_G70/hounie_rcl/seed_2
g2_asym_tissue_aider,aider,MobileNetV3,L20_G70,data/aider/slice_1,0,4,20,70,1,0.0,0.8048,0.7704,0.034399999999999986,0.06560000000000005,0.02406666666666668,0.015899999999999914,-15.0,-0.0223,1,1,results/pending_runs/g2_asym_tissue_aider/aider/L20_G70/tralo/seed_4,results/pending_runs/g2_asym_tissue_aider/aider/L20_G70/hounie_rcl/seed_4
g2_asym_tissue_aider,aider,MobileNetV3,L20_G70,data/aider/slice_1,0,3,20,70,1,0.0,0.801,0.7931,0.007900000000000018,0.016400000000000026,0.005099999999999882,0.005099999999999993,-17.0,-0.022699999999999998,1,1,results/pending_runs/g2_asym_tissue_aider/aider/L20_G70/tralo/seed_3,results/pending_runs/g2_asym_tissue_aider/aider/L20_G70/hounie_rcl/seed_3
g2_asym_tissue_aider,aider,MobileNetV3,L20_G70,data/aider/slice_1,0,1,20,70,1,0.0,0.7818,0.7743,0.007500000000000062,0.0,0.009999999999999898,0.0041999999999999815,-11.0,-0.016399999999999998,1,1,results/pending_runs/g2_asym_tissue_aider/aider/L20_G70/tralo/seed_1,results/pending_runs/g2_asym_tissue_aider/aider/L20_G70/hounie_rcl/seed_1
g2_asym_tissue_aider,aider,MobileNetV3,L20_G70,data/aider/slice_1,0,2,20,70,1,0.0,0.7878,0.7533,0.034499999999999975,0.04920000000000002,0.02959999999999996,0.016000000000000014,-17.0,-0.027999999999999997,1,1,results/pending_runs/g2_asym_tissue_aider/aider/L20_G70/tralo/seed_2,results/pending_runs/g2_asym_tissue_aider/aider/L20_G70/hounie_rcl/seed_2
g2_asym_tissue_aider,aider,MobileNetV3,L70_G20,data/aider/slice_1,0,4,70,20,1,0.0,0.8012,0.7315,0.06969999999999998,0.2205,0.019400000000000084,0.019300000000000095,0.0,-0.0184,1,1,results/pending_runs/g2_asym_tissue_aider/aider/L70_G20/tralo/seed_4,results/pending_runs/g2_asym_tissue_aider/aider/L70_G20/hounie_rcl/seed_4
g2_asym_tissue_aider,aider,MobileNetV3,L70_G20,data/aider/slice_1,0,3,70,20,1,0.0,0.801,0.7217,0.07930000000000004,0.28940000000000005,0.009199999999999986,0.018500000000000072,0.0,-0.022699999999999998,1,1,results/pending_runs/g2_asym_tissue_aider/aider/L70_G20/tralo/seed_3,results/pending_runs/g2_asym_tissue_aider/aider/L70_G20/hounie_rcl/seed_3
g2_asym_tissue_aider,aider,MobileNetV3,L70_G20,data/aider/slice_1,0,1,70,20,1,0.0,0.7797,0.7318,0.04789999999999994,0.1685,0.0077666666666668105,0.011800000000000033,0.0,-0.01490000000000001,1,1,results/pending_runs/g2_asym_tissue_aider/aider/L70_G20/tralo/seed_1,results/pending_runs/g2_asym_tissue_aider/aider/L70_G20/hounie_rcl/seed_1
g2_asym_tissue_aider,aider,MobileNetV3,L70_G20,data/aider/slice_1,0,2,70,20,1,0.0,0.7893,0.6978,0.09150000000000003,0.27080000000000004,0.03179999999999983,0.026899999999999924,0.0,-0.028200000000000003,1,1,results/pending_runs/g2_asym_tissue_aider/aider/L70_G20/tralo/seed_2,results/pending_runs/g2_asym_tissue_aider/aider/L70_G20/hounie_rcl/seed_2
g2_asym_tissue_aider,aider,MobileNetV3,L50_G30,data/aider/slice_1,0,4,50,30,1,0.0,0.8365,0.7463,0.09020000000000006,0.32610000000000006,0.011566666666666503,0.022700000000000053,0.0,-0.022500000000000006,1,1,results/pending_runs/g2_asym_tissue_aider/aider/L50_G30/tralo/seed_4,results/pending_runs/g2_asym_tissue_aider/aider/L50_G30/hounie_rcl/seed_4
g2_asym_tissue_aider,aider,MobileNetV3,L50_G30,data/aider/slice_1,0,3,50,30,1,0.0,0.8384,0.7255,0.1129,0.4091,0.01419999999999999,0.027800000000000047,0.0,-0.029900000000000003,1,1,results/pending_runs/g2_asym_tissue_aider/aider/L50_G30/tralo/seed_3,results/pending_runs/g2_asym_tissue_aider/aider/L50_G30/hounie_rcl/seed_3
g2_asym_tissue_aider,aider,MobileNetV3,L50_G30,data/aider/slice_1,0,1,50,30,1,0.0,0.8227,0.7318,0.09089999999999998,0.3207,0.014300000000000201,0.02440000000000009,0.0,-0.025099999999999997,1,1,results/pending_runs/g2_asym_tissue_aider/aider/L50_G30/tralo/seed_1,results/pending_runs/g2_asym_tissue_aider/aider/L50_G30/hounie_rcl/seed_1
g2_asym_tissue_aider,aider,MobileNetV3,L50_G30,data/aider/slice_1,0,2,50,30,1,0.0,0.8285,0.7055,0.123,0.4091,0.02770000000000017,0.034499999999999975,0.0,-0.0387,1,1,results/pending_runs/g2_asym_tissue_aider/aider/L50_G30/tralo/seed_2,results/pending_runs/g2_asym_tissue_aider/aider/L50_G30/hounie_rcl/seed_2
g2_asym_tissue_aider,aider,MobileNetV3,L30_G80,data/aider/slice_1,0,4,30,80,1,0.0,0.8395,0.7979,0.04159999999999997,0.1053,0.020366666666666533,0.016900000000000026,-24.0,-0.0237,1,1,results/pending_runs/g2_asym_tissue_aider/aider/L30_G80/tralo/seed_4,results/pending_runs/g2_asym_tissue_aider/aider/L30_G80/hounie_rcl/seed_4
g2_asym_tissue_aider,aider,MobileNetV3,L30_G80,data/aider/slice_1,0,3,30,80,1,0.0,0.8359,0.8308,0.005099999999999993,0.015100000000000002,0.0018000000000001348,0.0041999999999999815,-26.0,-0.028299999999999992,1,1,results/pending_runs/g2_asym_tissue_aider/aider/L30_G80/tralo/seed_3,results/pending_runs/g2_asym_tissue_aider/aider/L30_G80/hounie_rcl/seed_3
g2_asym_tissue_aider,aider,MobileNetV3,L30_G80,data/aider/slice_1,0,1,30,80,1,0.0,0.8212,0.8149,0.006300000000000083,0.0,0.008433333333333404,0.0041999999999999815,-21.0,-0.025800000000000003,1,1,results/pending_runs/g2_asym_tissue_aider/aider/L30_G80/tralo/seed_1,results/pending_runs/g2_asym_tissue_aider/aider/L30_G80/hounie_rcl/seed_1
g2_asym_tissue_aider,aider,MobileNetV3,L30_G80,data/aider/slice_1,0,2,30,80,1,0.0,0.8271,0.7774,0.049699999999999966,0.09029999999999999,0.03620000000000001,0.02180000000000004,-25.0,-0.035,1,1,results/pending_runs/g2_asym_tissue_aider/aider/L30_G80/tralo/seed_2,results/pending_runs/g2_asym_tissue_aider/aider/L30_G80/hounie_rcl/seed_2
g2_asym_tissue_aider,aider,MobileNetV3,L20_G30,data/aider/slice_1,0,4,20,30,1,0.0,0.8048,0.7704,0.034399999999999986,0.06560000000000005,0.02406666666666668,0.015899999999999914,-16.0,-0.020600000000000007,1,1,results/pending_runs/g2_asym_tissue_aider/aider/L20_G30/tralo/seed_4,results/pending_runs/g2_asym_tissue_aider/aider/L20_G30/hounie_rcl/seed_4
g2_asym_tissue_aider,aider,MobileNetV3,L20_G30,data/aider/slice_1,0,3,20,30,1,0.0,0.7995,0.7931,0.006399999999999961,0.016400000000000026,0.003166666666666651,0.0041999999999999815,-17.0,-0.020900000000000002,1,1,results/pending_runs/g2_asym_tissue_aider/aider/L20_G30/tralo/seed_3,results/pending_runs/g2_asym_tissue_aider/aider/L20_G30/hounie_rcl/seed_3
g2_asym_tissue_aider,aider,MobileNetV3,L20_G30,data/aider/slice_1,0,1,20,30,1,0.0,0.7818,0.7687,0.0131,0.016400000000000026,0.012099999999999889,0.005900000000000016,-10.0,-0.01440000000000001,1,1,results/pending_runs/g2_asym_tissue_aider/aider/L20_G30/tralo/seed_1,results/pending_runs/g2_asym_tissue_aider/aider/L20_G30/hounie_rcl/seed_1
g2_asym_tissue_aider,aider,MobileNetV3,L20_G30,data/aider/slice_1,0,2,20,30,1,0.0,0.7847,0.7313,0.0534,0.09840000000000002,0.03849999999999987,0.02190000000000003,-18.0,-0.026999999999999996,1,1,results/pending_runs/g2_asym_tissue_aider/aider/L20_G30/tralo/seed_2,results/pending_runs/g2_asym_tissue_aider/aider/L20_G30/hounie_rcl/seed_2
g2_asym_tissue_aider,aider,MobileNetV3,L20_G50,data/aider/slice_1,0,4,20,50,1,0.0,0.8048,0.7704,0.034399999999999986,0.06560000000000005,0.02406666666666668,0.015899999999999914,-15.0,-0.020900000000000002,1,1,results/pending_runs/g2_asym_tissue_aider/aider/L20_G50/tralo/seed_4,results/pending_runs/g2_asym_tissue_aider/aider/L20_G50/hounie_rcl/seed_4
g2_asym_tissue_aider,aider,MobileNetV3,L20_G50,data/aider/slice_1,0,3,20,50,1,0.0,0.7995,0.7875,0.01200000000000001,0.03280000000000005,0.0051000000000001044,0.005900000000000016,-17.0,-0.024800000000000003,1,1,results/pending_runs/g2_asym_tissue_aider/aider/L20_G50/tralo/seed_3,results/pending_runs/g2_asym_tissue_aider/aider/L20_G50/hounie_rcl/seed_3
g2_asym_tissue_aider,aider,MobileNetV3,L20_G50,data/aider/slice_1,0,1,20,50,1,0.0,0.7818,0.7758,0.006000000000000005,0.0,0.008033333333333226,0.0033999999999999586,-11.0,-0.016299999999999995,1,1,results/pending_runs/g2_asym_tissue_aider/aider/L20_G50/tralo/seed_1,results/pending_runs/g2_asym_tissue_aider/aider/L20_G50/hounie_rcl/seed_1
g2_asym_tissue_aider,aider,MobileNetV3,L20_G50,data/aider/slice_1,0,2,20,50,1,0.0,0.7878,0.7461,0.04169999999999996,0.06560000000000005,0.03383333333333338,0.018500000000000072,-15.0,-0.0252,1,1,results/pending_runs/g2_asym_tissue_aider/aider/L20_G50/tralo/seed_2,results/pending_runs/g2_asym_tissue_aider/aider/L20_G50/hounie_rcl/seed_2
g2_asym_tissue_aider,tissuemnist,MobileNetV3,L50_G20,data/tissuemnist/slice_1,4,4,50,20,1,0.0,0.3529,0.3567,-0.0038000000000000256,-0.007700000000000012,-0.0032428571428571584,0.0017000000000000348,0.0,0.0021000000000000463,1,1,results/pending_runs/g2_asym_tissue_aider/tissuemnist/L50_G20/tralo/seed_4,results/pending_runs/g2_asym_tissue_aider/tissuemnist/L50_G20/hounie_rcl/seed_4
g2_asym_tissue_aider,tissuemnist,MobileNetV3,L50_G20,data/tissuemnist/slice_1,4,3,50,20,1,0.0,0.3399,0.342,-0.0021000000000000463,-0.008400000000000019,-0.001257142857142901,-0.0012000000000000344,0.0,0.0009000000000000119,1,1,results/pending_runs/g2_asym_tissue_aider/tissuemnist/L50_G20/tralo/seed_3,results/pending_runs/g2_asym_tissue_aider/tissuemnist/L50_G20/hounie_rcl/seed_3
g2_asym_tissue_aider,tissuemnist,MobileNetV3,L50_G20,data/tissuemnist/slice_1,4,1,50,20,1,0.0,0.3489,0.3498,-0.0009000000000000119,-0.018600000000000005,0.0016571428571428015,-0.0023999999999999577,0.0,0.0020000000000000018,1,1,results/pending_runs/g2_asym_tissue_aider/tissuemnist/L50_G20/tralo/seed_1,results/pending_runs/g2_asym_tissue_aider/tissuemnist/L50_G20/hounie_rcl/seed_1
g2_asym_tissue_aider,tissuemnist,MobileNetV3,L50_G20,data/tissuemnist/slice_1,4,2,50,20,1,0.0,0.361,0.3553,0.005699999999999983,-0.010599999999999998,0.008028571428571496,0.0020999999999999908,0.0,-0.00040000000000001146,1,1,results/pending_runs/g2_asym_tissue_aider/tissuemnist/L50_G20/tralo/seed_2,results/pending_runs/g2_asym_tissue_aider/tissuemnist/L50_G20/hounie_rcl/seed_2
g2_asym_tissue_aider,tissuemnist,MobileNetV3,L80_G30,data/tissuemnist/slice_1,4,4,80,30,1,0.0,0.3634,0.3629,0.0005000000000000004,-0.006599999999999995,0.0014857142857144234,0.0013000000000000789,0.0,-0.0005000000000000004,1,1,results/pending_runs/g2_asym_tissue_aider/tissuemnist/L80_G30/tralo/seed_4,results/pending_runs/g2_asym_tissue_aider/tissuemnist/L80_G30/hounie_rcl/seed_4
g2_asym_tissue_aider,tissuemnist,MobileNetV3,L80_G30,data/tissuemnist/slice_1,4,3,80,30,1,0.0,0.3452,0.3485,-0.0032999999999999696,0.012500000000000011,-0.005614285714285794,0.0,0.0,-0.0014000000000000123,1,1,results/pending_runs/g2_asym_tissue_aider/tissuemnist/L80_G30/tralo/seed_3,results/pending_runs/g2_asym_tissue_aider/tissuemnist/L80_G30/hounie_rcl/seed_3
g2_asym_tissue_aider,tissuemnist,MobileNetV3,L80_G30,data/tissuemnist/slice_1,4,1,80,30,1,0.0,0.3645,0.3566,0.007900000000000018,0.022400000000000003,0.005742857142857161,0.0034000000000000696,0.0,-0.0043999999999999595,1,1,results/pending_runs/g2_asym_tissue_aider/tissuemnist/L80_G30/tralo/seed_1,results/pending_runs/g2_asym_tissue_aider/tissuemnist/L80_G30/hounie_rcl/seed_1
g2_asym_tissue_aider,tissuemnist,MobileNetV3,L80_G30,data/tissuemnist/slice_1,4,2,80,30,1,0.0,0.3739,0.3749,-0.0010000000000000009,0.0011999999999999789,-0.0013571428571428346,-0.0009000000000000119,0.0,0.0020999999999999908,1,1,results/pending_runs/g2_asym_tissue_aider/tissuemnist/L80_G30/tralo/seed_2,results/pending_runs/g2_asym_tissue_aider/tissuemnist/L80_G30/hounie_rcl/seed_2
g2_asym_tissue_aider,tissuemnist,MobileNetV3,L20_G80,data/tissuemnist/slice_1,4,4,20,80,1,0.0,0.3546,0.3606,-0.00599999999999995,-0.009799999999999975,-0.005471428571428516,-0.00539999999999996,-6.0,0.007099999999999995,1,1,results/pending_runs/g2_asym_tissue_aider/tissuemnist/L20_G80/tralo/seed_4,results/pending_runs/g2_asym_tissue_aider/tissuemnist/L20_G80/hounie_rcl/seed_4
g2_asym_tissue_aider,tissuemnist,MobileNetV3,L20_G80,data/tissuemnist/slice_1,4,3,20,80,1,0.0,0.3373,0.3447,-0.007400000000000018,0.0,-0.008428571428571396,-0.0050000000000000044,0.0,0.006299999999999972,1,1,results/pending_runs/g2_asym_tissue_aider/tissuemnist/L20_G80/tralo/seed_3,results/pending_runs/g2_asym_tissue_aider/tissuemnist/L20_G80/hounie_rcl/seed_3
g2_asym_tissue_aider,tissuemnist,MobileNetV3,L20_G80,data/tissuemnist/slice_1,4,1,20,80,1,0.0,0.3389,0.3522,-0.013300000000000034,0.009800000000000003,-0.016685714285714248,-0.009999999999999953,-10.0,0.017500000000000016,1,1,results/pending_runs/g2_asym_tissue_aider/tissuemnist/L20_G80/tralo/seed_1,results/pending_runs/g2_asym_tissue_aider/tissuemnist/L20_G80/hounie_rcl/seed_1
g2_asym_tissue_aider,tissuemnist,MobileNetV3,L20_G80,data/tissuemnist/slice_1,4,2,20,80,1,0.0,0.3572,0.3574,-0.00019999999999997797,-0.019500000000000017,0.002571428571428558,-0.009500000000000008,2.0,0.009799999999999975,1,1,results/pending_runs/g2_asym_tissue_aider/tissuemnist/L20_G80/tralo/seed_2,results/pending_runs/g2_asym_tissue_aider/tissuemnist/L20_G80/hounie_rcl/seed_2
g2_asym_tissue_aider,tissuemnist,MobileNetV3,L30_G50,data/tissuemnist/slice_1,4,4,30,50,1,0.0,0.3691,0.3629,0.006199999999999983,-0.009000000000000008,0.008300000000000085,0.0025000000000000577,-4.0,-0.0022999999999999687,1,1,results/pending_runs/g2_asym_tissue_aider/tissuemnist/L30_G50/tralo/seed_4,results/pending_runs/g2_asym_tissue_aider/tissuemnist/L30_G50/hounie_rcl/seed_4
g2_asym_tissue_aider,tissuemnist,MobileNetV3,L30_G50,data/tissuemnist/slice_1,4,3,30,50,1,0.0,0.35,0.3491,0.0008999999999999564,0.009000000000000008,-0.0002571428571429557,0.005899999999999961,0.0,0.00030000000000002247,1,1,results/pending_runs/g2_asym_tissue_aider/tissuemnist/L30_G50/tralo/seed_3,results/pending_runs/g2_asym_tissue_aider/tissuemnist/L30_G50/hounie_rcl/seed_3
g2_asym_tissue_aider,tissuemnist,MobileNetV3,L30_G50,data/tissuemnist/slice_1,4,1,30,50,1,0.0,0.3669,0.3587,0.008199999999999985,0.017999999999999988,0.006728571428571417,0.0029000000000000137,-8.0,-0.003699999999999981,1,1,results/pending_runs/g2_asym_tissue_aider/tissuemnist/L30_G50/tralo/seed_1,results/pending_runs/g2_asym_tissue_aider/tissuemnist/L30_G50/hounie_rcl/seed_1
g2_asym_tissue_aider,tissuemnist,MobileNetV3,L30_G50,data/tissuemnist/slice_1,4,2,30,50,1,0.0,0.3702,0.3706,-0.00040000000000001146,-0.008999999999999952,0.0009142857142856453,-0.0015999999999999348,-2.0,0.004799999999999971,1,1,results/pending_runs/g2_asym_tissue_aider/tissuemnist/L30_G50/tralo/seed_2,results/pending_runs/g2_asym_tissue_aider/tissuemnist/L30_G50/hounie_rcl/seed_2
g2_asym_tissue_aider,tissuemnist,MobileNetV3,L30_G20,data/tissuemnist/slice_1,4,4,30,20,1,0.0,0.3585,0.3561,0.0023999999999999577,-0.0010000000000000009,0.0029000000000001247,0.0029000000000000137,0.0,-0.0031999999999999806,1,1,results/pending_runs/g2_asym_tissue_aider/tissuemnist/L30_G20/tralo/seed_4,results/pending_runs/g2_asym_tissue_aider/tissuemnist/L30_G20/hounie_rcl/seed_4
g2_asym_tissue_aider,tissuemnist,MobileNetV3,L30_G20,data/tissuemnist/slice_1,4,3,30,20,1,0.0,0.3365,0.3419,-0.00539999999999996,-0.0007999999999999952,-0.006099999999999939,-0.005400000000000016,0.0,0.004200000000000037,1,1,results/pending_runs/g2_asym_tissue_aider/tissuemnist/L30_G20/tralo/seed_3,results/pending_runs/g2_asym_tissue_aider/tissuemnist/L30_G20/hounie_rcl/seed_3
g2_asym_tissue_aider,tissuemnist,MobileNetV3,L30_G20,data/tissuemnist/slice_1,4,1,30,20,1,0.0,0.3543,0.3474,0.006900000000000017,-0.0030000000000000027,0.008328571428571407,0.00040000000000006697,0.0,-0.0024000000000000132,1,1,results/pending_runs/g2_asym_tissue_aider/tissuemnist/L30_G20/tralo/seed_1,results/pending_runs/g2_asym_tissue_aider/tissuemnist/L30_G20/hounie_rcl/seed_1
g2_asym_tissue_aider,tissuemnist,MobileNetV3,L30_G20,data/tissuemnist/slice_1,4,2,30,20,1,0.0,0.3648,0.3545,0.010300000000000031,0.008099999999999996,0.010614285714285798,0.0040999999999999925,0.0,-0.007000000000000006,1,1,results/pending_runs/g2_asym_tissue_aider/tissuemnist/L30_G20/tralo/seed_2,results/pending_runs/g2_asym_tissue_aider/tissuemnist/L30_G20/hounie_rcl/seed_2
g2_asym_tissue_aider,tissuemnist,MobileNetV3,L80_G20,data/tissuemnist/slice_1,4,4,80,20,1,0.0,0.3577,0.3576,0.0001000000000000445,-0.007700000000000012,0.00118571428571429,0.002100000000000102,0.0,-0.0008000000000000229,1,1,results/pending_runs/g2_asym_tissue_aider/tissuemnist/L80_G20/tralo/seed_4,results/pending_runs/g2_asym_tissue_aider/tissuemnist/L80_G20/hounie_rcl/seed_4
g2_asym_tissue_aider,tissuemnist,MobileNetV3,L80_G20,data/tissuemnist/slice_1,4,3,80,20,1,0.0,0.3399,0.342,-0.0021000000000000463,-0.01770000000000002,7.142857142855563e-05,-0.0020999999999999908,0.0,0.0014000000000000123,1,1,results/pending_runs/g2_asym_tissue_aider/tissuemnist/L80_G20/tralo/seed_3,results/pending_runs/g2_asym_tissue_aider/tissuemnist/L80_G20/hounie_rcl/seed_3
g2_asym_tissue_aider,tissuemnist,MobileNetV3,L80_G20,data/tissuemnist/slice_1,4,1,80,20,1,0.0,0.3486,0.3524,-0.00379999999999997,-0.026100000000000012,-0.0005714285714285561,-0.0025000000000000577,0.0,0.0015999999999999903,1,1,results/pending_runs/g2_asym_tissue_aider/tissuemnist/L80_G20/tralo/seed_1,results/pending_runs/g2_asym_tissue_aider/tissuemnist/L80_G20/hounie_rcl/seed_1
g2_asym_tissue_aider,tissuemnist,MobileNetV3,L80_G20,data/tissuemnist/slice_1,4,2,80,20,1,0.0,0.3596,0.3551,0.0044999999999999485,-0.009800000000000003,0.0065571428571428725,0.0008000000000000229,0.0,-0.0017000000000000348,1,1,results/pending_runs/g2_asym_tissue_aider/tissuemnist/L80_G20/tralo/seed_2,results/pending_runs/g2_asym_tissue_aider/tissuemnist/L80_G20/hounie_rcl/seed_2
g2_asym_tissue_aider,tissuemnist,MobileNetV3,L30_G70,data/tissuemnist/slice_1,4,4,30,70,1,0.0,0.3634,0.3637,-0.00030000000000002247,-0.009000000000000008,0.000971428571428623,-0.0017000000000000348,-7.0,0.0024000000000000132,1,1,results/pending_runs/g2_asym_tissue_aider/tissuemnist/L30_G70/tralo/seed_4,results/pending_runs/g2_asym_tissue_aider/tissuemnist/L30_G70/hounie_rcl/seed_4
g2_asym_tissue_aider,tissuemnist,MobileNetV3,L30_G70,data/tissuemnist/slice_1,4,3,30,70,1,0.0,0.3515,0.3491,0.0023999999999999577,0.009000000000000008,0.001485714285714257,0.005899999999999961,-7.0,-0.00489999999999996,1,1,results/pending_runs/g2_asym_tissue_aider/tissuemnist/L30_G70/tralo/seed_3,results/pending_runs/g2_asym_tissue_aider/tissuemnist/L30_G70/hounie_rcl/seed_3
g2_asym_tissue_aider,tissuemnist,MobileNetV3,L30_G70,data/tissuemnist/slice_1,4,1,30,70,1,0.0,0.3655,0.3584,0.007099999999999995,0.009000000000000008,0.006871428571428528,0.0050000000000000044,-8.0,-0.005199999999999982,1,1,results/pending_runs/g2_asym_tissue_aider/tissuemnist/L30_G70/tralo/seed_1,results/pending_runs/g2_asym_tissue_aider/tissuemnist/L30_G70/hounie_rcl/seed_1
g2_asym_tissue_aider,tissuemnist,MobileNetV3,L30_G70,data/tissuemnist/slice_1,4,2,30,70,1,0.0,0.3673,0.3721,-0.004799999999999971,-0.008999999999999952,-0.004171428571428604,-0.0040999999999999925,-4.0,0.010000000000000009,1,1,results/pending_runs/g2_asym_tissue_aider/tissuemnist/L30_G70/tralo/seed_2,results/pending_runs/g2_asym_tissue_aider/tissuemnist/L30_G70/hounie_rcl/seed_2
g2_asym_tissue_aider,tissuemnist,MobileNetV3,L70_G50,data/tissuemnist/slice_1,4,4,70,50,1,0.0,0.3771,0.3717,0.005400000000000016,-0.006800000000000028,0.007171428571428606,0.0033000000000000806,0.0,-0.006000000000000005,1,1,results/pending_runs/g2_asym_tissue_aider/tissuemnist/L70_G50/tralo/seed_4,results/pending_runs/g2_asym_tissue_aider/tissuemnist/L70_G50/hounie_rcl/seed_4
g2_asym_tissue_aider,tissuemnist,MobileNetV3,L70_G50,data/tissuemnist/slice_1,4,3,70,50,1,0.0,0.3561,0.3528,0.003300000000000025,0.0041999999999999815,0.0031571428571428584,0.0041999999999999815,0.0,-0.00269999999999998,1,1,results/pending_runs/g2_asym_tissue_aider/tissuemnist/L70_G50/tralo/seed_3,results/pending_runs/g2_asym_tissue_aider/tissuemnist/L70_G50/hounie_rcl/seed_3
g2_asym_tissue_aider,tissuemnist,MobileNetV3,L70_G50,data/tissuemnist/slice_1,4,1,70,50,1,0.0,0.3651,0.3678,-0.0027000000000000357,0.021399999999999975,-0.006157142857142861,-0.0046000000000000485,0.0,0.0040999999999999925,1,1,results/pending_runs/g2_asym_tissue_aider/tissuemnist/L70_G50/tralo/seed_1,results/pending_runs/g2_asym_tissue_aider/tissuemnist/L70_G50/hounie_rcl/seed_1
g2_asym_tissue_aider,tissuemnist,MobileNetV3,L70_G50,data/tissuemnist/slice_1,4,2,70,50,1,0.0,0.3892,0.3844,0.004799999999999971,-0.0042999999999999705,0.006185714285714239,0.006700000000000039,0.0,-0.004200000000000037,1,1,results/pending_runs/g2_asym_tissue_aider/tissuemnist/L70_G50/tralo/seed_2,results/pending_runs/g2_asym_tissue_aider/tissuemnist/L70_G50/hounie_rcl/seed_2
g2_asym_tissue_aider,tissuemnist,MobileNetV3,L70_G80,data/tissuemnist/slice_1,4,4,70,80,1,0.0,0.3876,0.3771,0.01050000000000001,0.02059999999999995,0.00904285714285713,0.005800000000000027,-19.0,-0.006500000000000006,1,1,results/pending_runs/g2_asym_tissue_aider/tissuemnist/L70_G80/tralo/seed_4,results/pending_runs/g2_asym_tissue_aider/tissuemnist/L70_G80/hounie_rcl/seed_4
g2_asym_tissue_aider,tissuemnist,MobileNetV3,L70_G80,data/tissuemnist/slice_1,4,3,70,80,1,0.0,0.355,0.356,-0.0010000000000000009,-0.006900000000000017,-0.00012857142857142234,-0.0050000000000000044,-21.0,0.0012999999999999678,1,1,results/pending_runs/g2_asym_tissue_aider/tissuemnist/L70_G80/tralo/seed_3,results/pending_runs/g2_asym_tissue_aider/tissuemnist/L70_G80/hounie_rcl/seed_3
g2_asym_tissue_aider,tissuemnist,MobileNetV3,L70_G80,data/tissuemnist/slice_1,4,1,70,80,1,0.0,0.3764,0.3738,0.002599999999999991,0.0,0.002957142857142825,0.0020999999999999908,-10.0,-0.003300000000000025,1,1,results/pending_runs/g2_asym_tissue_aider/tissuemnist/L70_G80/tralo/seed_1,results/pending_runs/g2_asym_tissue_aider/tissuemnist/L70_G80/hounie_rcl/seed_1
g2_asym_tissue_aider,tissuemnist,MobileNetV3,L70_G80,data/tissuemnist/slice_1,4,2,70,80,1,0.0,0.3951,0.3915,0.003599999999999992,0.006899999999999962,0.0030857142857141917,0.011700000000000044,-4.0,-0.005799999999999972,1,1,results/pending_runs/g2_asym_tissue_aider/tissuemnist/L70_G80/tralo/seed_2,results/pending_runs/g2_asym_tissue_aider/tissuemnist/L70_G80/hounie_rcl/seed_2
g2_asym_tissue_aider,tissuemnist,MobileNetV3,L50_G80,data/tissuemnist/slice_1,4,4,50,80,1,0.0,0.3721,0.3721,0.0,0.0,-4.285714285712228e-05,0.0020999999999999908,-1.0,0.002599999999999991,1,1,results/pending_runs/g2_asym_tissue_aider/tissuemnist/L50_G80/tralo/seed_4,results/pending_runs/g2_asym_tissue_aider/tissuemnist/L50_G80/hounie_rcl/seed_4
g2_asym_tissue_aider,tissuemnist,MobileNetV3,L50_G80,data/tissuemnist/slice_1,4,3,50,80,1,0.0,0.3592,0.3549,0.004300000000000026,0.007800000000000029,0.0037857142857143367,0.0046000000000000485,-3.0,-0.0039000000000000146,1,1,results/pending_runs/g2_asym_tissue_aider/tissuemnist/L50_G80/tralo/seed_3,results/pending_runs/g2_asym_tissue_aider/tissuemnist/L50_G80/hounie_rcl/seed_3
g2_asym_tissue_aider,tissuemnist,MobileNetV3,L50_G80,data/tissuemnist/slice_1,4,1,50,80,1,0.0,0.3673,0.3676,-0.00029999999999996696,0.038900000000000046,-0.005928571428571561,-0.0050000000000000044,-10.0,0.005200000000000038,1,1,results/pending_runs/g2_asym_tissue_aider/tissuemnist/L50_G80/tralo/seed_1,results/pending_runs/g2_asym_tissue_aider/tissuemnist/L50_G80/hounie_rcl/seed_1
g2_asym_tissue_aider,tissuemnist,MobileNetV3,L50_G80,data/tissuemnist/slice_1,4,2,50,80,1,0.0,0.391,0.3853,0.005700000000000038,0.015499999999999958,0.004328571428571404,0.005400000000000071,-4.0,-0.0030999999999999917,1,1,results/pending_runs/g2_asym_tissue_aider/tissuemnist/L50_G80/tralo/seed_2,results/pending_runs/g2_asym_tissue_aider/tissuemnist/L50_G80/hounie_rcl/seed_2
g2_asym_tissue_aider,tissuemnist,MobileNetV3,L80_G70,data/tissuemnist/slice_1,4,4,80,70,1,0.0,0.3722,0.3721,9.999999999998899e-05,0.0015000000000000013,-9.999999999998899e-05,-0.0008000000000000229,0.0,-0.0020000000000000018,1,1,results/pending_runs/g2_asym_tissue_aider/tissuemnist/L80_G70/tralo/seed_4,results/pending_runs/g2_asym_tissue_aider/tissuemnist/L80_G70/hounie_rcl/seed_4
g2_asym_tissue_aider,tissuemnist,MobileNetV3,L80_G70,data/tissuemnist/slice_1,4,3,80,70,1,0.0,0.3532,0.3536,-0.00040000000000001146,-0.003699999999999981,0.00015714285714280019,-0.0016999999999999793,0.0,0.00029999999999996696,1,1,results/pending_runs/g2_asym_tissue_aider/tissuemnist/L80_G70/tralo/seed_3,results/pending_runs/g2_asym_tissue_aider/tissuemnist/L80_G70/hounie_rcl/seed_3
g2_asym_tissue_aider,tissuemnist,MobileNetV3,L80_G70,data/tissuemnist/slice_1,4,1,80,70,1,0.0,0.3737,0.3693,0.0043999999999999595,0.032799999999999996,0.0003571428571428892,0.0046000000000000485,0.0,-0.00030000000000002247,1,1,results/pending_runs/g2_asym_tissue_aider/tissuemnist/L80_G70/tralo/seed_1,results/pending_runs/g2_asym_tissue_aider/tissuemnist/L80_G70/hounie_rcl/seed_1
g2_asym_tissue_aider,tissuemnist,MobileNetV3,L80_G70,data/tissuemnist/slice_1,4,2,80,70,1,0.0,0.4042,0.3894,0.01479999999999998,0.03920000000000001,0.011328571428571466,0.016599999999999948,0.0,-0.010599999999999998,1,1,results/pending_runs/g2_asym_tissue_aider/tissuemnist/L80_G70/tralo/seed_2,results/pending_runs/g2_asym_tissue_aider/tissuemnist/L80_G70/hounie_rcl/seed_2
g2_asym_tissue_aider,tissuemnist,MobileNetV3,L80_G50,data/tissuemnist/slice_1,4,4,80,50,1,0.0,0.3719,0.3717,0.00020000000000003348,-0.013300000000000034,0.002057142857142924,-0.00039999999999995595,0.0,-0.0017000000000000348,1,1,results/pending_runs/g2_asym_tissue_aider/tissuemnist/L80_G50/tralo/seed_4,results/pending_runs/g2_asym_tissue_aider/tissuemnist/L80_G50/hounie_rcl/seed_4
g2_asym_tissue_aider,tissuemnist,MobileNetV3,L80_G50,data/tissuemnist/slice_1,4,3,80,50,1,0.0,0.3567,0.3528,0.0039000000000000146,0.0020999999999999908,0.004128571428571426,0.0032999999999999696,0.0,-0.002799999999999969,1,1,results/pending_runs/g2_asym_tissue_aider/tissuemnist/L80_G50/tralo/seed_3,results/pending_runs/g2_asym_tissue_aider/tissuemnist/L80_G50/hounie_rcl/seed_3
g2_asym_tissue_aider,tissuemnist,MobileNetV3,L80_G50,data/tissuemnist/slice_1,4,1,80,50,1,0.0,0.3652,0.3676,-0.0023999999999999577,0.022399999999999975,-0.005985714285714261,-0.0013000000000000789,0.0,0.005900000000000016,1,1,results/pending_runs/g2_asym_tissue_aider/tissuemnist/L80_G50/tralo/seed_1,results/pending_runs/g2_asym_tissue_aider/tissuemnist/L80_G50/hounie_rcl/seed_1
g2_asym_tissue_aider,tissuemnist,MobileNetV3,L80_G50,data/tissuemnist/slice_1,4,2,80,50,1,0.0,0.3805,0.385,-0.004500000000000004,-0.022299999999999986,-0.0019428571428570796,0.0013000000000000789,0.0,0.0033999999999999586,1,1,results/pending_runs/g2_asym_tissue_aider/tissuemnist/L80_G50/tralo/seed_2,results/pending_runs/g2_asym_tissue_aider/tissuemnist/L80_G50/hounie_rcl/seed_2
g2_asym_tissue_aider,tissuemnist,MobileNetV3,L50_G70,data/tissuemnist/slice_1,4,4,50,70,1,0.0,0.3735,0.3721,0.0014000000000000123,0.007799999999999974,0.0005000000000000004,0.0020999999999999908,-2.0,0.004300000000000026,1,1,results/pending_runs/g2_asym_tissue_aider/tissuemnist/L50_G70/tralo/seed_4,results/pending_runs/g2_asym_tissue_aider/tissuemnist/L50_G70/hounie_rcl/seed_4
g2_asym_tissue_aider,tissuemnist,MobileNetV3,L50_G70,data/tissuemnist/slice_1,4,3,50,70,1,0.0,0.3614,0.3549,0.006500000000000006,0.007800000000000029,0.006242857142857217,0.005400000000000071,-4.0,-0.003400000000000014,1,1,results/pending_runs/g2_asym_tissue_aider/tissuemnist/L50_G70/tralo/seed_3,results/pending_runs/g2_asym_tissue_aider/tissuemnist/L50_G70/hounie_rcl/seed_3
g2_asym_tissue_aider,tissuemnist,MobileNetV3,L50_G70,data/tissuemnist/slice_1,4,1,50,70,1,0.0,0.374,0.3674,0.006599999999999995,0.04670000000000002,0.0009000000000000119,-0.00039999999999995595,-13.0,0.0016000000000000458,1,1,results/pending_runs/g2_asym_tissue_aider/tissuemnist/L50_G70/tralo/seed_1,results/pending_runs/g2_asym_tissue_aider/tissuemnist/L50_G70/hounie_rcl/seed_1
g2_asym_tissue_aider,tissuemnist,MobileNetV3,L50_G70,data/tissuemnist/slice_1,4,2,50,70,1,0.0,0.3914,0.3855,0.005900000000000016,0.015499999999999958,0.004528571428571437,0.005799999999999916,-1.0,-0.002899999999999958,1,1,results/pending_runs/g2_asym_tissue_aider/tissuemnist/L50_G70/tralo/seed_2,results/pending_runs/g2_asym_tissue_aider/tissuemnist/L50_G70/hounie_rcl/seed_2
g2_asym_tissue_aider,tissuemnist,MobileNetV3,L20_G70,data/tissuemnist/slice_1,4,4,20,70,1,0.0,0.3522,0.3606,-0.008399999999999963,0.0,-0.009571428571428509,-0.007099999999999995,-1.0,0.016100000000000003,1,1,results/pending_runs/g2_asym_tissue_aider/tissuemnist/L20_G70/tralo/seed_4,results/pending_runs/g2_asym_tissue_aider/tissuemnist/L20_G70/hounie_rcl/seed_4
g2_asym_tissue_aider,tissuemnist,MobileNetV3,L20_G70,data/tissuemnist/slice_1,4,3,20,70,1,0.0,0.3395,0.3447,-0.005199999999999982,-0.009800000000000003,-0.004485714285714204,-0.003400000000000014,5.0,0.00539999999999996,1,1,results/pending_runs/g2_asym_tissue_aider/tissuemnist/L20_G70/tralo/seed_3,results/pending_runs/g2_asym_tissue_aider/tissuemnist/L20_G70/hounie_rcl/seed_3
g2_asym_tissue_aider,tissuemnist,MobileNetV3,L20_G70,data/tissuemnist/slice_1,4,1,20,70,1,0.0,0.3506,0.3526,-0.0020000000000000018,-0.009700000000000014,-0.0009142857142856453,-0.0011999999999999789,-2.0,0.0011000000000000454,1,1,results/pending_runs/g2_asym_tissue_aider/tissuemnist/L20_G70/tralo/seed_1,results/pending_runs/g2_asym_tissue_aider/tissuemnist/L20_G70/hounie_rcl/seed_1
g2_asym_tissue_aider,tissuemnist,MobileNetV3,L20_G70,data/tissuemnist/slice_1,4,2,20,70,1,0.0,0.3594,0.3566,0.0028000000000000247,0.009699999999999986,0.0018285714285714016,-0.0050000000000000044,1.0,0.005799999999999972,1,1,results/pending_runs/g2_asym_tissue_aider/tissuemnist/L20_G70/tralo/seed_2,results/pending_runs/g2_asym_tissue_aider/tissuemnist/L20_G70/hounie_rcl/seed_2
g2_asym_tissue_aider,tissuemnist,MobileNetV3,L70_G20,data/tissuemnist/slice_1,4,4,70,20,1,0.0,0.3567,0.3576,-0.0008999999999999564,-0.007700000000000012,7.142857142855563e-05,0.0008000000000000229,0.0,-0.00030000000000002247,1,1,results/pending_runs/g2_asym_tissue_aider/tissuemnist/L70_G20/tralo/seed_4,results/pending_runs/g2_asym_tissue_aider/tissuemnist/L70_G20/hounie_rcl/seed_4
g2_asym_tissue_aider,tissuemnist,MobileNetV3,L70_G20,data/tissuemnist/slice_1,4,3,70,20,1,0.0,0.3381,0.342,-0.0039000000000000146,-0.01770000000000002,-0.0020000000000000573,-0.0029000000000000137,0.0,0.0018000000000000238,1,1,results/pending_runs/g2_asym_tissue_aider/tissuemnist/L70_G20/tralo/seed_3,results/pending_runs/g2_asym_tissue_aider/tissuemnist/L70_G20/hounie_rcl/seed_3
g2_asym_tissue_aider,tissuemnist,MobileNetV3,L70_G20,data/tissuemnist/slice_1,4,1,70,20,1,0.0,0.3537,0.3516,0.0020999999999999908,-0.009899999999999992,0.0038000000000000256,-0.0017000000000000348,0.0,0.00040000000000001146,1,1,results/pending_runs/g2_asym_tissue_aider/tissuemnist/L70_G20/tralo/seed_1,results/pending_runs/g2_asym_tissue_aider/tissuemnist/L70_G20/hounie_rcl/seed_1
g2_asym_tissue_aider,tissuemnist,MobileNetV3,L70_G20,data/tissuemnist/slice_1,4,2,70,20,1,0.0,0.3612,0.3556,0.005599999999999994,-0.0189,0.009157142857142864,0.0017000000000000348,0.0,-0.003599999999999992,1,1,results/pending_runs/g2_asym_tissue_aider/tissuemnist/L70_G20/tralo/seed_2,results/pending_runs/g2_asym_tissue_aider/tissuemnist/L70_G20/hounie_rcl/seed_2
g2_asym_tissue_aider,tissuemnist,MobileNetV3,L50_G30,data/tissuemnist/slice_1,4,4,50,30,1,0.0,0.3659,0.365,0.0009000000000000119,0.015500000000000014,-0.0012142857142857233,0.0008000000000000229,0.0,-0.0007000000000000339,1,1,results/pending_runs/g2_asym_tissue_aider/tissuemnist/L50_G30/tralo/seed_4,results/pending_runs/g2_asym_tissue_aider/tissuemnist/L50_G30/hounie_rcl/seed_4
g2_asym_tissue_aider,tissuemnist,MobileNetV3,L50_G30,data/tissuemnist/slice_1,4,3,50,30,1,0.0,0.3441,0.3469,-0.002799999999999969,-0.001899999999999985,-0.0028857142857142137,-0.0020999999999999908,0.0,-9.999999999998899e-05,1,1,results/pending_runs/g2_asym_tissue_aider/tissuemnist/L50_G30/tralo/seed_3,results/pending_runs/g2_asym_tissue_aider/tissuemnist/L50_G30/hounie_rcl/seed_3
g2_asym_tissue_aider,tissuemnist,MobileNetV3,L50_G30,data/tissuemnist/slice_1,4,1,50,30,1,0.0,0.3628,0.3568,0.006000000000000005,0.027100000000000013,0.002971428571428625,0.0041999999999999815,0.0,-0.0007999999999999674,1,1,results/pending_runs/g2_asym_tissue_aider/tissuemnist/L50_G30/tralo/seed_1,results/pending_runs/g2_asym_tissue_aider/tissuemnist/L50_G30/hounie_rcl/seed_1
g2_asym_tissue_aider,tissuemnist,MobileNetV3,L50_G30,data/tissuemnist/slice_1,4,2,50,30,1,0.0,0.3712,0.3727,-0.0015000000000000013,0.015800000000000036,-0.004042857142857126,-0.0024999999999999467,0.0,0.004599999999999993,1,1,results/pending_runs/g2_asym_tissue_aider/tissuemnist/L50_G30/tralo/seed_2,results/pending_runs/g2_asym_tissue_aider/tissuemnist/L50_G30/hounie_rcl/seed_2
g2_asym_tissue_aider,tissuemnist,MobileNetV3,L30_G80,data/tissuemnist/slice_1,4,4,30,80,1,0.0,0.3624,0.3637,-0.0013000000000000234,-0.009000000000000008,-0.00019999999999992246,-0.0017000000000000348,-7.0,0.0007000000000000339,1,1,results/pending_runs/g2_asym_tissue_aider/tissuemnist/L30_G80/tralo/seed_4,results/pending_runs/g2_asym_tissue_aider/tissuemnist/L30_G80/hounie_rcl/seed_4
g2_asym_tissue_aider,tissuemnist,MobileNetV3,L30_G80,data/tissuemnist/slice_1,4,3,30,80,1,0.0,0.3522,0.3491,0.0030999999999999917,0.0,0.0036285714285714255,0.010899999999999965,-3.0,-0.004500000000000004,1,1,results/pending_runs/g2_asym_tissue_aider/tissuemnist/L30_G80/tralo/seed_3,results/pending_runs/g2_asym_tissue_aider/tissuemnist/L30_G80/hounie_rcl/seed_3
g2_asym_tissue_aider,tissuemnist,MobileNetV3,L30_G80,data/tissuemnist/slice_1,4,1,30,80,1,0.0,0.3702,0.3597,0.010499999999999954,0.017999999999999988,0.009428571428571397,0.0037000000000000366,-7.0,-0.005199999999999982,1,1,results/pending_runs/g2_asym_tissue_aider/tissuemnist/L30_G80/tralo/seed_1,results/pending_runs/g2_asym_tissue_aider/tissuemnist/L30_G80/hounie_rcl/seed_1
g2_asym_tissue_aider,tissuemnist,MobileNetV3,L30_G80,data/tissuemnist/slice_1,4,2,30,80,1,0.0,0.3661,0.3703,-0.004200000000000037,-0.008999999999999952,-0.00355714285714287,-0.0050000000000000044,-3.0,0.009600000000000053,1,1,results/pending_runs/g2_asym_tissue_aider/tissuemnist/L30_G80/tralo/seed_2,results/pending_runs/g2_asym_tissue_aider/tissuemnist/L30_G80/hounie_rcl/seed_2
g2_asym_tissue_aider,tissuemnist,MobileNetV3,L20_G30,data/tissuemnist/slice_1,4,4,20,30,1,0.0,0.3503,0.3606,-0.010299999999999976,0.0,-0.011700000000000044,-0.007099999999999995,-3.0,0.01200000000000001,1,1,results/pending_runs/g2_asym_tissue_aider/tissuemnist/L20_G30/tralo/seed_4,results/pending_runs/g2_asym_tissue_aider/tissuemnist/L20_G30/hounie_rcl/seed_4
g2_asym_tissue_aider,tissuemnist,MobileNetV3,L20_G30,data/tissuemnist/slice_1,4,3,20,30,1,0.0,0.3374,0.3443,-0.006900000000000017,-0.009800000000000003,-0.00642857142857145,-0.0038000000000000256,0.0,0.005799999999999972,1,1,results/pending_runs/g2_asym_tissue_aider/tissuemnist/L20_G30/tralo/seed_3,results/pending_runs/g2_asym_tissue_aider/tissuemnist/L20_G30/hounie_rcl/seed_3
g2_asym_tissue_aider,tissuemnist,MobileNetV3,L20_G30,data/tissuemnist/slice_1,4,1,20,30,1,0.0,0.3537,0.3523,0.0014000000000000123,0.0,0.001642857142857168,-0.0017000000000000348,-5.0,9.999999999998899e-05,1,1,results/pending_runs/g2_asym_tissue_aider/tissuemnist/L20_G30/tralo/seed_1,results/pending_runs/g2_asym_tissue_aider/tissuemnist/L20_G30/hounie_rcl/seed_1
g2_asym_tissue_aider,tissuemnist,MobileNetV3,L20_G30,data/tissuemnist/slice_1,4,2,20,30,1,0.0,0.358,0.3573,0.0006999999999999784,0.0,0.0008142857142857673,-0.0029000000000000137,-1.0,0.0040000000000000036,1,1,results/pending_runs/g2_asym_tissue_aider/tissuemnist/L20_G30/tralo/seed_2,results/pending_runs/g2_asym_tissue_aider/tissuemnist/L20_G30/hounie_rcl/seed_2
g2_asym_tissue_aider,tissuemnist,MobileNetV3,L20_G50,data/tissuemnist/slice_1,4,4,20,50,1,0.0,0.3515,0.3603,-0.00880000000000003,-0.01949999999999999,-0.007285714285714284,-0.0050000000000000044,-6.0,0.008900000000000019,1,1,results/pending_runs/g2_asym_tissue_aider/tissuemnist/L20_G50/tralo/seed_4,results/pending_runs/g2_asym_tissue_aider/tissuemnist/L20_G50/hounie_rcl/seed_4
g2_asym_tissue_aider,tissuemnist,MobileNetV3,L20_G50,data/tissuemnist/slice_1,4,3,20,50,1,0.0,0.3421,0.3446,-0.0025000000000000022,0.0,-0.0028571428571427804,0.00039999999999995595,3.0,0.003300000000000025,1,1,results/pending_runs/g2_asym_tissue_aider/tissuemnist/L20_G50/tralo/seed_3,results/pending_runs/g2_asym_tissue_aider/tissuemnist/L20_G50/hounie_rcl/seed_3
g2_asym_tissue_aider,tissuemnist,MobileNetV3,L20_G50,data/tissuemnist/slice_1,4,1,20,50,1,0.0,0.3307,0.3532,-0.02250000000000002,-0.019500000000000017,-0.02291428571428572,-0.016199999999999992,-13.0,0.02629999999999999,1,1,results/pending_runs/g2_asym_tissue_aider/tissuemnist/L20_G50/tralo/seed_1,results/pending_runs/g2_asym_tissue_aider/tissuemnist/L20_G50/hounie_rcl/seed_1
g2_asym_tissue_aider,tissuemnist,MobileNetV3,L20_G50,data/tissuemnist/slice_1,4,2,20,50,1,0.0,0.3572,0.3568,0.00040000000000001146,-0.009800000000000003,0.001871428571428635,-0.0041999999999999815,0.0,0.0037000000000000366,1,1,results/pending_runs/g2_asym_tissue_aider/tissuemnist/L20_G50/tralo/seed_2,results/pending_runs/g2_asym_tissue_aider/tissuemnist/L20_G50/hounie_rcl/seed_2
g2_asym_tissue_aider,tissuemnist,MobileNetV3,L70_G30,data/tissuemnist/slice_1,4,4,70,30,1,0.0,0.3575,0.3629,-0.005400000000000016,-0.037699999999999984,-0.0007428571428570452,-0.0012999999999999678,0.0,0.0017000000000000348,1,1,results/pending_runs/g2_asym_tissue_aider/tissuemnist/L70_G30/tralo/seed_4,results/pending_runs/g2_asym_tissue_aider/tissuemnist/L70_G30/hounie_rcl/seed_4
g2_asym_tissue_aider,tissuemnist,MobileNetV3,L70_G30,data/tissuemnist/slice_1,4,3,70,30,1,0.0,0.3474,0.3485,-0.0010999999999999899,-0.003699999999999981,-0.000785714285714334,-0.0025000000000000022,0.0,-0.00030000000000002247,1,1,results/pending_runs/g2_asym_tissue_aider/tissuemnist/L70_G30/tralo/seed_3,results/pending_runs/g2_asym_tissue_aider/tissuemnist/L70_G30/hounie_rcl/seed_3
g2_asym_tissue_aider,tissuemnist,MobileNetV3,L70_G30,data/tissuemnist/slice_1,4,1,70,30,1,0.0,0.3535,0.3559,-0.0024000000000000132,-0.029200000000000004,0.001485714285714257,-0.0007999999999999119,0.0,0.0009000000000000119,1,1,results/pending_runs/g2_asym_tissue_aider/tissuemnist/L70_G30/tralo/seed_1,results/pending_runs/g2_asym_tissue_aider/tissuemnist/L70_G30/hounie_rcl/seed_1
g2_asym_tissue_aider,tissuemnist,MobileNetV3,L70_G30,data/tissuemnist/slice_1,4,2,70,30,1,0.0,0.3668,0.3755,-0.008699999999999986,-0.007900000000000018,-0.008857142857142841,-0.0025000000000000577,0.0,0.003500000000000003,1,1,results/pending_runs/g2_asym_tissue_aider/tissuemnist/L70_G30/tralo/seed_2,results/pending_runs/g2_asym_tissue_aider/tissuemnist/L70_G30/hounie_rcl/seed_2
g3_multiclass_tissue,tissuemnist,MobileNetV3,L20_G20,data/tissuemnist/slice_1,5,4,20,20,0,0.0,0.3599,0.3578,0.0020999999999999908,-0.0016999999999999932,0.00269999999999998,-0.0026000000000000467,0.0,0.0008000000000000229,1,1,results/pending_runs/g3_multiclass_tissue/cls_5/L20_G20/tralo/seed_4,results/pending_runs/g3_multiclass_tissue/cls_5/L20_G20/hounie_rcl/seed_4
g3_multiclass_tissue,tissuemnist,MobileNetV3,L20_G20,data/tissuemnist/slice_1,5,3,20,20,0,0.0,0.359,0.3519,0.007099999999999995,-0.0022999999999999965,0.00844285714285714,0.010799999999999976,0.0,-0.006599999999999995,1,1,results/pending_runs/g3_multiclass_tissue/cls_5/L20_G20/tralo/seed_3,results/pending_runs/g3_multiclass_tissue/cls_5/L20_G20/hounie_rcl/seed_3
g3_multiclass_tissue,tissuemnist,MobileNetV3,L20_G20,data/tissuemnist/slice_1,5,1,20,20,0,0.0,0.3465,0.356,-0.009500000000000008,-0.015600000000000003,-0.008542857142857074,-0.011299999999999977,0.0,0.008799999999999975,1,1,results/pending_runs/g3_multiclass_tissue/cls_5/L20_G20/tralo/seed_1,results/pending_runs/g3_multiclass_tissue/cls_5/L20_G20/hounie_rcl/seed_1
g3_multiclass_tissue,tissuemnist,MobileNetV3,L20_G20,data/tissuemnist/slice_1,5,2,20,20,0,0.0,0.3781,0.3774,0.0006999999999999784,0.014300000000000007,-0.0012428571428571011,0.0046000000000000485,0.0,-0.0019000000000000128,1,1,results/pending_runs/g3_multiclass_tissue/cls_5/L20_G20/tralo/seed_2,results/pending_runs/g3_multiclass_tissue/cls_5/L20_G20/hounie_rcl/seed_2
g3_multiclass_tissue,tissuemnist,MobileNetV3,L70_G70,data/tissuemnist/slice_1,5,4,70,70,0,0.0,0.3739,0.3678,0.006099999999999994,0.0,0.006957142857142773,0.0050000000000000044,3.0,-0.0031999999999999806,1,1,results/pending_runs/g3_multiclass_tissue/cls_5/L70_G70/tralo/seed_4,results/pending_runs/g3_multiclass_tissue/cls_5/L70_G70/hounie_rcl/seed_4
g3_multiclass_tissue,tissuemnist,MobileNetV3,L70_G70,data/tissuemnist/slice_1,5,3,70,70,0,0.0,0.3637,0.361,0.0027000000000000357,0.0,0.003071428571428614,-0.00039999999999995595,0.0,-0.0023999999999999577,1,1,results/pending_runs/g3_multiclass_tissue/cls_5/L70_G70/tralo/seed_3,results/pending_runs/g3_multiclass_tissue/cls_5/L70_G70/hounie_rcl/seed_3
g3_multiclass_tissue,tissuemnist,MobileNetV3,L70_G70,data/tissuemnist/slice_1,5,1,70,70,0,0.0,0.3702,0.3714,-0.0012000000000000344,0.021100000000000008,-0.004357142857142837,-0.0030000000000000027,-26.0,0.0032999999999999696,1,1,results/pending_runs/g3_multiclass_tissue/cls_5/L70_G70/tralo/seed_1,results/pending_runs/g3_multiclass_tissue/cls_5/L70_G70/hounie_rcl/seed_1
g3_multiclass_tissue,tissuemnist,MobileNetV3,L70_G70,data/tissuemnist/slice_1,5,2,70,70,0,0.0,0.3967,0.3924,0.0042999999999999705,0.01050000000000001,0.0033714285714286363,-0.0036999999999999256,-15.0,0.0013999999999999568,1,1,results/pending_runs/g3_multiclass_tissue/cls_5/L70_G70/tralo/seed_2,results/pending_runs/g3_multiclass_tissue/cls_5/L70_G70/hounie_rcl/seed_2
g3_multiclass_tissue,tissuemnist,MobileNetV3,L30_G30,data/tissuemnist/slice_1,5,4,30,30,0,0.0,0.3581,0.361,-0.0029000000000000137,0.027400000000000008,-0.007257142857142906,0.0008000000000000229,0.0,0.0028000000000000247,1,1,results/pending_runs/g3_multiclass_tissue/cls_5/L30_G30/tralo/seed_4,results/pending_runs/g3_multiclass_tissue/cls_5/L30_G30/hounie_rcl/seed_4
g3_multiclass_tissue,tissuemnist,MobileNetV3,L30_G30,data/tissuemnist/slice_1,5,3,30,30,0,0.0,0.3567,0.3549,0.0018000000000000238,0.013700000000000004,8.571428571424455e-05,0.0008000000000000229,-1.0,-0.0008000000000000229,1,1,results/pending_runs/g3_multiclass_tissue/cls_5/L30_G30/tralo/seed_3,results/pending_runs/g3_multiclass_tissue/cls_5/L30_G30/hounie_rcl/seed_3
g3_multiclass_tissue,tissuemnist,MobileNetV3,L30_G30,data/tissuemnist/slice_1,5,1,30,30,0,0.0,0.3547,0.3566,-0.0018999999999999573,0.0,-0.002114285714285735,-0.010799999999999976,-5.0,0.007599999999999996,1,1,results/pending_runs/g3_multiclass_tissue/cls_5/L30_G30/tralo/seed_1,results/pending_runs/g3_multiclass_tissue/cls_5/L30_G30/hounie_rcl/seed_1
g3_multiclass_tissue,tissuemnist,MobileNetV3,L30_G30,data/tissuemnist/slice_1,5,2,30,30,0,0.0,0.3866,0.3823,0.004300000000000026,-0.013700000000000004,0.006857142857142784,0.007900000000000018,3.0,-0.006900000000000017,1,1,results/pending_runs/g3_multiclass_tissue/cls_5/L30_G30/tralo/seed_2,results/pending_runs/g3_multiclass_tissue/cls_5/L30_G30/hounie_rcl/seed_2
g3_multiclass_tissue,tissuemnist,MobileNetV3,L50_G50,data/tissuemnist/slice_1,5,4,50,50,0,0.0,0.3633,0.3617,0.0015999999999999903,0.011899999999999994,0.0001142857142856224,0.0012999999999999678,-3.0,-0.00019999999999997797,1,1,results/pending_runs/g3_multiclass_tissue/cls_5/L50_G50/tralo/seed_4,results/pending_runs/g3_multiclass_tissue/cls_5/L50_G50/hounie_rcl/seed_4
g3_multiclass_tissue,tissuemnist,MobileNetV3,L50_G50,data/tissuemnist/slice_1,5,3,50,50,0,0.0,0.3609,0.3559,0.0050000000000000044,0.011899999999999994,0.004042857142857126,0.009199999999999986,0.0,-0.005699999999999983,1,1,results/pending_runs/g3_multiclass_tissue/cls_5/L50_G50/tralo/seed_3,results/pending_runs/g3_multiclass_tissue/cls_5/L50_G50/hounie_rcl/seed_3
g3_multiclass_tissue,tissuemnist,MobileNetV3,L50_G50,data/tissuemnist/slice_1,5,1,50,50,0,0.0,0.365,0.363,0.0020000000000000018,0.011899999999999994,0.0006142857142856784,-0.0017000000000000348,-9.0,-9.999999999998899e-05,1,1,results/pending_runs/g3_multiclass_tissue/cls_5/L50_G50/tralo/seed_1,results/pending_runs/g3_multiclass_tissue/cls_5/L50_G50/hounie_rcl/seed_1
g3_multiclass_tissue,tissuemnist,MobileNetV3,L50_G50,data/tissuemnist/slice_1,5,2,50,50,0,0.0,0.3928,0.3945,-0.0017000000000000348,0.0,-0.0018571428571428905,-0.004999999999999893,-9.0,0.0025000000000000022,1,1,results/pending_runs/g3_multiclass_tissue/cls_5/L50_G50/tralo/seed_2,results/pending_runs/g3_multiclass_tissue/cls_5/L50_G50/hounie_rcl/seed_2
g3_multiclass_tissue,tissuemnist,MobileNetV3,L80_G80,data/tissuemnist/slice_1,5,4,80,80,0,0.0,0.3726,0.3702,0.0024000000000000132,-0.0199,0.005528571428571438,0.0024999999999999467,8.0,-0.0049000000000000155,1,1,results/pending_runs/g3_multiclass_tissue/cls_5/L80_G80/tralo/seed_4,results/pending_runs/g3_multiclass_tissue/cls_5/L80_G80/hounie_rcl/seed_4
g3_multiclass_tissue,tissuemnist,MobileNetV3,L80_G80,data/tissuemnist/slice_1,5,3,80,80,0,0.0,0.3564,0.3578,-0.0014000000000000123,0.00990000000000002,-0.0030000000000000027,0.0,-2.0,0.00030000000000002247,1,1,results/pending_runs/g3_multiclass_tissue/cls_5/L80_G80/tralo/seed_3,results/pending_runs/g3_multiclass_tissue/cls_5/L80_G80/hounie_rcl/seed_3
g3_multiclass_tissue,tissuemnist,MobileNetV3,L80_G80,data/tissuemnist/slice_1,5,1,80,80,0,0.0,0.3684,0.3757,-0.007299999999999973,-0.029900000000000038,-0.004099999999999937,-0.0025000000000000577,-11.0,0.0005999999999999894,1,1,results/pending_runs/g3_multiclass_tissue/cls_5/L80_G80/tralo/seed_1,results/pending_runs/g3_multiclass_tissue/cls_5/L80_G80/hounie_rcl/seed_1
g3_multiclass_tissue,tissuemnist,MobileNetV3,L80_G80,data/tissuemnist/slice_1,5,2,80,80,0,0.0,0.398,0.3974,0.0006000000000000449,-0.0199,0.0034714285714285698,-0.012499999999999956,-9.0,0.005699999999999983,1,1,results/pending_runs/g3_multiclass_tissue/cls_5/L80_G80/tralo/seed_2,results/pending_runs/g3_multiclass_tissue/cls_5/L80_G80/hounie_rcl/seed_2
g3_multiclass_tissue,tissuemnist,MobileNetV3,L20_G20,data/tissuemnist/slice_1,7,4,20,20,0,0.0,0.3785,0.3713,0.007199999999999984,0.013999999999999985,0.006214285714285728,0.0,-4.0,0.0032999999999999696,1,1,results/pending_runs/g3_multiclass_tissue/cls_7/L20_G20/tralo/seed_4,results/pending_runs/g3_multiclass_tissue/cls_7/L20_G20/hounie_rcl/seed_4
g3_multiclass_tissue,tissuemnist,MobileNetV3,L20_G20,data/tissuemnist/slice_1,7,3,20,20,0,0.0,0.3406,0.3383,0.0023000000000000242,-0.009399999999999992,0.004057142857142815,0.003300000000000025,-11.0,-0.005800000000000027,1,1,results/pending_runs/g3_multiclass_tissue/cls_7/L20_G20/tralo/seed_3,results/pending_runs/g3_multiclass_tissue/cls_7/L20_G20/hounie_rcl/seed_3
g3_multiclass_tissue,tissuemnist,MobileNetV3,L20_G20,data/tissuemnist/slice_1,7,1,20,20,0,0.0,0.3725,0.3695,0.0030000000000000027,0.013999999999999985,0.0014142857142857013,-0.0034000000000000696,-7.0,0.0033999999999999586,1,1,results/pending_runs/g3_multiclass_tissue/cls_7/L20_G20/tralo/seed_1,results/pending_runs/g3_multiclass_tissue/cls_7/L20_G20/hounie_rcl/seed_1
g3_multiclass_tissue,tissuemnist,MobileNetV3,L20_G20,data/tissuemnist/slice_1,7,2,20,20,0,0.0,0.3867,0.3808,0.005899999999999961,-0.004699999999999982,0.007371428571428584,0.0020999999999999908,-17.0,-0.0027000000000000357,1,1,results/pending_runs/g3_multiclass_tissue/cls_7/L20_G20/tralo/seed_2,results/pending_runs/g3_multiclass_tissue/cls_7/L20_G20/hounie_rcl/seed_2
g3_multiclass_tissue,tissuemnist,MobileNetV3,L70_G70,data/tissuemnist/slice_1,7,4,70,70,0,0.0,0.3867,0.388,-0.0013000000000000234,-0.0032999999999999696,-0.0010142857142856898,-0.0038000000000000256,-30.0,-0.005200000000000038,1,1,results/pending_runs/g3_multiclass_tissue/cls_7/L70_G70/tralo/seed_4,results/pending_runs/g3_multiclass_tissue/cls_7/L70_G70/hounie_rcl/seed_4
g3_multiclass_tissue,tissuemnist,MobileNetV3,L70_G70,data/tissuemnist/slice_1,7,3,70,70,0,0.0,0.3534,0.3545,-0.0010999999999999899,-0.003300000000000025,-0.0008285714285714563,-0.0021000000000000463,-34.0,0.002899999999999958,1,1,results/pending_runs/g3_multiclass_tissue/cls_7/L70_G70/tralo/seed_3,results/pending_runs/g3_multiclass_tissue/cls_7/L70_G70/hounie_rcl/seed_3
g3_multiclass_tissue,tissuemnist,MobileNetV3,L70_G70,data/tissuemnist/slice_1,7,1,70,70,0,0.0,0.3758,0.3829,-0.007099999999999995,-0.0032999999999999696,-0.007699999999999929,-0.006200000000000039,-28.0,0.0041999999999999815,1,1,results/pending_runs/g3_multiclass_tissue/cls_7/L70_G70/tralo/seed_1,results/pending_runs/g3_multiclass_tissue/cls_7/L70_G70/hounie_rcl/seed_1
g3_multiclass_tissue,tissuemnist,MobileNetV3,L70_G70,data/tissuemnist/slice_1,7,2,70,70,0,0.0,0.397,0.4048,-0.007799999999999974,-0.01319999999999999,-0.006957142857142773,-0.007899999999999963,-9.0,0.0022000000000000353,1,1,results/pending_runs/g3_multiclass_tissue/cls_7/L70_G70/tralo/seed_2,results/pending_runs/g3_multiclass_tissue/cls_7/L70_G70/hounie_rcl/seed_2
g3_multiclass_tissue,tissuemnist,MobileNetV3,L30_G30,data/tissuemnist/slice_1,7,4,30,30,0,0.0,0.3787,0.3721,0.006599999999999995,0.012899999999999995,0.005642857142857116,0.0041999999999999815,8.0,0.00030000000000002247,1,1,results/pending_runs/g3_multiclass_tissue/cls_7/L30_G30/tralo/seed_4,results/pending_runs/g3_multiclass_tissue/cls_7/L30_G30/hounie_rcl/seed_4
g3_multiclass_tissue,tissuemnist,MobileNetV3,L30_G30,data/tissuemnist/slice_1,7,3,30,30,0,0.0,0.3703,0.3499,0.02040000000000003,-0.02150000000000002,0.026357142857142912,0.0032999999999999696,-25.0,-0.00040000000000001146,1,1,results/pending_runs/g3_multiclass_tissue/cls_7/L30_G30/tralo/seed_3,results/pending_runs/g3_multiclass_tissue/cls_7/L30_G30/hounie_rcl/seed_3
g3_multiclass_tissue,tissuemnist,MobileNetV3,L30_G30,data/tissuemnist/slice_1,7,1,30,30,0,0.0,0.3728,0.3738,-0.0010000000000000009,0.004299999999999998,-0.0017714285714285904,-0.0037000000000000366,-10.0,0.0042999999999999705,1,1,results/pending_runs/g3_multiclass_tissue/cls_7/L30_G30/tralo/seed_1,results/pending_runs/g3_multiclass_tissue/cls_7/L30_G30/hounie_rcl/seed_1
g3_multiclass_tissue,tissuemnist,MobileNetV3,L30_G30,data/tissuemnist/slice_1,7,2,30,30,0,0.0,0.3871,0.3898,-0.00269999999999998,-0.004299999999999998,-0.0024714285714285134,-0.0030000000000000027,-20.0,0.00019999999999997797,1,1,results/pending_runs/g3_multiclass_tissue/cls_7/L30_G30/tralo/seed_2,results/pending_runs/g3_multiclass_tissue/cls_7/L30_G30/hounie_rcl/seed_2
g3_multiclass_tissue,tissuemnist,MobileNetV3,L50_G50,data/tissuemnist/slice_1,7,4,50,50,0,0.0,0.3789,0.3721,0.006800000000000028,0.052899999999999975,0.0002714285714285891,0.0020999999999999908,0.0,-0.006700000000000039,1,1,results/pending_runs/g3_multiclass_tissue/cls_7/L50_G50/tralo/seed_4,results/pending_runs/g3_multiclass_tissue/cls_7/L50_G50/hounie_rcl/seed_4
g3_multiclass_tissue,tissuemnist,MobileNetV3,L50_G50,data/tissuemnist/slice_1,7,3,50,50,0,0.0,0.3624,0.3541,0.008299999999999974,0.014600000000000002,0.007414285714285651,0.0009000000000000119,0.0,-0.006900000000000017,1,1,results/pending_runs/g3_multiclass_tissue/cls_7/L50_G50/tralo/seed_3,results/pending_runs/g3_multiclass_tissue/cls_7/L50_G50/hounie_rcl/seed_3
g3_multiclass_tissue,tissuemnist,MobileNetV3,L50_G50,data/tissuemnist/slice_1,7,1,50,50,0,0.0,0.376,0.3748,0.0011999999999999789,0.007900000000000018,0.0002714285714284781,0.0012999999999999678,0.0,-0.0007000000000000339,1,1,results/pending_runs/g3_multiclass_tissue/cls_7/L50_G50/tralo/seed_1,results/pending_runs/g3_multiclass_tissue/cls_7/L50_G50/hounie_rcl/seed_1
g3_multiclass_tissue,tissuemnist,MobileNetV3,L50_G50,data/tissuemnist/slice_1,7,2,50,50,0,0.0,0.3949,0.3971,-0.0022000000000000353,-0.0019000000000000128,-0.002271428571428591,-0.0016999999999999238,0.0,0.0012999999999999678,1,1,results/pending_runs/g3_multiclass_tissue/cls_7/L50_G50/tralo/seed_2,results/pending_runs/g3_multiclass_tissue/cls_7/L50_G50/hounie_rcl/seed_2
g3_multiclass_tissue,tissuemnist,MobileNetV3,L80_G80,data/tissuemnist/slice_1,7,4,80,80,0,0.0,0.3829,0.3866,-0.003699999999999981,-0.0030999999999999917,-0.003785714285714281,-0.005400000000000071,-22.0,-0.0038000000000000256,1,1,results/pending_runs/g3_multiclass_tissue/cls_7/L80_G80/tralo/seed_4,results/pending_runs/g3_multiclass_tissue/cls_7/L80_G80/hounie_rcl/seed_4
g3_multiclass_tissue,tissuemnist,MobileNetV3,L80_G80,data/tissuemnist/slice_1,7,3,80,80,0,0.0,0.3551,0.3551,0.0,-0.015500000000000014,0.002257142857142791,-0.004200000000000037,-46.0,0.0012999999999999678,1,1,results/pending_runs/g3_multiclass_tissue/cls_7/L80_G80/tralo/seed_3,results/pending_runs/g3_multiclass_tissue/cls_7/L80_G80/hounie_rcl/seed_3
g3_multiclass_tissue,tissuemnist,MobileNetV3,L80_G80,data/tissuemnist/slice_1,7,1,80,80,0,0.0,0.3791,0.3853,-0.006199999999999983,0.0,-0.0070428571428571285,-0.006699999999999928,-43.0,0.0016999999999999793,1,1,results/pending_runs/g3_multiclass_tissue/cls_7/L80_G80/tralo/seed_1,results/pending_runs/g3_multiclass_tissue/cls_7/L80_G80/hounie_rcl/seed_1
g3_multiclass_tissue,tissuemnist,MobileNetV3,L80_G80,data/tissuemnist/slice_1,7,2,80,80,0,0.0,0.3948,0.4063,-0.01150000000000001,-0.006200000000000039,-0.012285714285714233,-0.006200000000000039,-26.0,0.005700000000000038,1,1,results/pending_runs/g3_multiclass_tissue/cls_7/L80_G80/tralo/seed_2,results/pending_runs/g3_multiclass_tissue/cls_7/L80_G80/hounie_rcl/seed_2
g3_multiclass_tissue,tissuemnist,MobileNetV3,L20_G20,data/tissuemnist/slice_1,2,4,20,20,0,0.0,0.3389,0.3383,0.0005999999999999894,0.0,0.0007428571428571562,0.0024999999999999467,-1.0,-0.0022999999999999687,1,1,results/pending_runs/g3_multiclass_tissue/cls_2/L20_G20/tralo/seed_4,results/pending_runs/g3_multiclass_tissue/cls_2/L20_G20/hounie_rcl/seed_4
g3_multiclass_tissue,tissuemnist,MobileNetV3,L20_G20,data/tissuemnist/slice_1,2,3,20,20,0,0.0,0.3213,0.326,-0.0047000000000000375,-0.019599999999999992,-0.0025571428571428134,0.0024999999999999467,2.0,-0.0009000000000000119,1,1,results/pending_runs/g3_multiclass_tissue/cls_2/L20_G20/tralo/seed_3,results/pending_runs/g3_multiclass_tissue/cls_2/L20_G20/hounie_rcl/seed_3
g3_multiclass_tissue,tissuemnist,MobileNetV3,L20_G20,data/tissuemnist/slice_1,2,1,20,20,0,0.0,0.3496,0.3513,-0.0016999999999999793,-0.019599999999999992,0.0008285714285715118,-0.0007999999999999119,-1.0,-0.0005000000000000004,1,1,results/pending_runs/g3_multiclass_tissue/cls_2/L20_G20/tralo/seed_1,results/pending_runs/g3_multiclass_tissue/cls_2/L20_G20/hounie_rcl/seed_1
g3_multiclass_tissue,tissuemnist,MobileNetV3,L20_G20,data/tissuemnist/slice_1,2,2,20,20,0,0.0,0.3579,0.3625,-0.004599999999999993,0.0,-0.0052857142857142825,-0.003400000000000014,2.0,0.005900000000000016,1,1,results/pending_runs/g3_multiclass_tissue/cls_2/L20_G20/tralo/seed_2,results/pending_runs/g3_multiclass_tissue/cls_2/L20_G20/hounie_rcl/seed_2
g3_multiclass_tissue,tissuemnist,MobileNetV3,L70_G70,data/tissuemnist/slice_1,2,4,70,70,0,0.0,0.3786,0.3703,0.008299999999999974,-0.02030000000000004,0.012457142857142833,0.0016999999999999238,0.0,-0.005199999999999982,1,1,results/pending_runs/g3_multiclass_tissue/cls_2/L70_G70/tralo/seed_4,results/pending_runs/g3_multiclass_tissue/cls_2/L70_G70/hounie_rcl/seed_4
g3_multiclass_tissue,tissuemnist,MobileNetV3,L70_G70,data/tissuemnist/slice_1,2,3,70,70,0,0.0,0.3713,0.3531,0.018199999999999994,0.051700000000000024,0.013414285714285712,0.009099999999999997,0.0,-0.011199999999999988,1,1,results/pending_runs/g3_multiclass_tissue/cls_2/L70_G70/tralo/seed_3,results/pending_runs/g3_multiclass_tissue/cls_2/L70_G70/hounie_rcl/seed_3
g3_multiclass_tissue,tissuemnist,MobileNetV3,L70_G70,data/tissuemnist/slice_1,2,1,70,70,0,0.0,0.3693,0.3758,-0.006500000000000006,0.015600000000000003,-0.009657142857142809,-0.00539999999999996,0.0,0.004599999999999993,1,1,results/pending_runs/g3_multiclass_tissue/cls_2/L70_G70/tralo/seed_1,results/pending_runs/g3_multiclass_tissue/cls_2/L70_G70/hounie_rcl/seed_1
g3_multiclass_tissue,tissuemnist,MobileNetV3,L70_G70,data/tissuemnist/slice_1,2,2,70,70,0,0.0,0.3881,0.3865,0.0015999999999999903,0.026600000000000013,-0.0019285714285714461,-0.007099999999999995,0.0,0.009500000000000008,1,1,results/pending_runs/g3_multiclass_tissue/cls_2/L70_G70/tralo/seed_2,results/pending_runs/g3_multiclass_tissue/cls_2/L70_G70/hounie_rcl/seed_2
g3_multiclass_tissue,tissuemnist,MobileNetV3,L30_G30,data/tissuemnist/slice_1,2,4,30,30,0,0.0,0.3595,0.3496,0.009899999999999964,0.018199999999999994,0.008671428571428608,0.006699999999999928,-6.0,-0.007899999999999963,1,1,results/pending_runs/g3_multiclass_tissue/cls_2/L30_G30/tralo/seed_4,results/pending_runs/g3_multiclass_tissue/cls_2/L30_G30/hounie_rcl/seed_4
g3_multiclass_tissue,tissuemnist,MobileNetV3,L30_G30,data/tissuemnist/slice_1,2,3,30,30,0,0.0,0.3335,0.3329,0.0006000000000000449,0.0,0.0006571428571428006,0.0029000000000000137,3.0,-0.0015000000000000013,1,1,results/pending_runs/g3_multiclass_tissue/cls_2/L30_G30/tralo/seed_3,results/pending_runs/g3_multiclass_tissue/cls_2/L30_G30/hounie_rcl/seed_3
g3_multiclass_tissue,tissuemnist,MobileNetV3,L30_G30,data/tissuemnist/slice_1,2,1,30,30,0,0.0,0.3586,0.3587,-0.0001000000000000445,0.018199999999999994,-0.002628571428571369,-0.00039999999999995595,-6.0,-0.0031999999999999806,1,1,results/pending_runs/g3_multiclass_tissue/cls_2/L30_G30/tralo/seed_1,results/pending_runs/g3_multiclass_tissue/cls_2/L30_G30/hounie_rcl/seed_1
g3_multiclass_tissue,tissuemnist,MobileNetV3,L30_G30,data/tissuemnist/slice_1,2,2,30,30,0,0.0,0.3681,0.3732,-0.005099999999999993,-0.018199999999999994,-0.003257142857142903,0.003699999999999981,1.0,-0.00019999999999997797,1,1,results/pending_runs/g3_multiclass_tissue/cls_2/L30_G30/tralo/seed_2,results/pending_runs/g3_multiclass_tissue/cls_2/L30_G30/hounie_rcl/seed_2
g3_multiclass_tissue,tissuemnist,MobileNetV3,L50_G50,data/tissuemnist/slice_1,2,4,50,50,0,0.0,0.3746,0.3689,0.005699999999999983,-0.014200000000000046,0.008571428571428508,0.0029000000000000137,0.0,-0.005599999999999994,1,1,results/pending_runs/g3_multiclass_tissue/cls_2/L50_G50/tralo/seed_4,results/pending_runs/g3_multiclass_tissue/cls_2/L50_G50/hounie_rcl/seed_4
g3_multiclass_tissue,tissuemnist,MobileNetV3,L50_G50,data/tissuemnist/slice_1,2,3,50,50,0,0.0,0.3459,0.3428,0.0030999999999999917,-0.005500000000000005,0.004257142857142904,0.00880000000000003,0.0,-0.011099999999999999,1,1,results/pending_runs/g3_multiclass_tissue/cls_2/L50_G50/tralo/seed_3,results/pending_runs/g3_multiclass_tissue/cls_2/L50_G50/hounie_rcl/seed_3
g3_multiclass_tissue,tissuemnist,MobileNetV3,L50_G50,data/tissuemnist/slice_1,2,1,50,50,0,0.0,0.3662,0.3623,0.0039000000000000146,0.0267,0.0005857142857141895,0.0020999999999999908,0.0,-0.0011999999999999789,1,1,results/pending_runs/g3_multiclass_tissue/cls_2/L50_G50/tralo/seed_1,results/pending_runs/g3_multiclass_tissue/cls_2/L50_G50/hounie_rcl/seed_1
g3_multiclass_tissue,tissuemnist,MobileNetV3,L50_G50,data/tissuemnist/slice_1,2,2,50,50,0,0.0,0.3775,0.3769,0.0005999999999999894,0.006099999999999994,-0.0001142857142856224,-0.007099999999999995,0.0,0.006299999999999972,1,1,results/pending_runs/g3_multiclass_tissue/cls_2/L50_G50/tralo/seed_2,results/pending_runs/g3_multiclass_tissue/cls_2/L50_G50/hounie_rcl/seed_2
g3_multiclass_tissue,tissuemnist,MobileNetV3,L80_G80,data/tissuemnist/slice_1,2,4,80,80,0,0.0,0.3726,0.367,0.005599999999999994,0.0131,0.004557142857142815,0.00039999999999995595,-13.0,-0.0014000000000000123,1,1,results/pending_runs/g3_multiclass_tissue/cls_2/L80_G80/tralo/seed_4,results/pending_runs/g3_multiclass_tissue/cls_2/L80_G80/hounie_rcl/seed_4
g3_multiclass_tissue,tissuemnist,MobileNetV3,L80_G80,data/tissuemnist/slice_1,2,3,80,80,0,0.0,0.3712,0.3682,0.002999999999999947,-0.03920000000000001,0.00905714285714293,0.0015999999999999348,-9.0,-0.004599999999999993,1,1,results/pending_runs/g3_multiclass_tissue/cls_2/L80_G80/tralo/seed_3,results/pending_runs/g3_multiclass_tissue/cls_2/L80_G80/hounie_rcl/seed_3
g3_multiclass_tissue,tissuemnist,MobileNetV3,L80_G80,data/tissuemnist/slice_1,2,1,80,80,0,0.0,0.3774,0.3777,-0.00029999999999996696,-0.013000000000000012,0.001557142857142979,-0.0025000000000000577,-7.0,0.0010000000000000009,1,1,results/pending_runs/g3_multiclass_tissue/cls_2/L80_G80/tralo/seed_1,results/pending_runs/g3_multiclass_tissue/cls_2/L80_G80/hounie_rcl/seed_1
g3_multiclass_tissue,tissuemnist,MobileNetV3,L80_G80,data/tissuemnist/slice_1,2,2,80,80,0,0.0,0.3916,0.3907,0.0009000000000000119,0.0,0.0010857142857142454,0.0015999999999999348,-4.0,-0.0018999999999999573,1,1,results/pending_runs/g3_multiclass_tissue/cls_2/L80_G80/tralo/seed_2,results/pending_runs/g3_multiclass_tissue/cls_2/L80_G80/hounie_rcl/seed_2
aider_asym,aider,MobileNetV3,L20_G80,data/aider/slice_1,0,4,20,80,1,0.0,0.8065,0.7704,0.03610000000000002,0.06560000000000005,0.02636666666666665,0.01759999999999995,-16.0,-0.021900000000000003,1,1,results/pending_runs/aider_asym/L20_G80/tralo/seed_4,results/pending_runs/aider_asym/L20_G80/hounie_rcl/seed_4
aider_asym,aider,MobileNetV3,L20_G80,data/aider/slice_1,0,3,20,80,1,0.0,0.801,0.7931,0.007900000000000018,0.016400000000000026,0.005099999999999882,0.005099999999999993,-17.0,-0.0237,1,1,results/pending_runs/aider_asym/L20_G80/tralo/seed_3,results/pending_runs/aider_asym/L20_G80/hounie_rcl/seed_3
aider_asym,aider,MobileNetV3,L20_G80,data/aider/slice_1,0,1,20,80,1,0.0,0.7789,0.7743,0.0046000000000000485,0.0,0.006133333333333213,0.0024999999999999467,-9.0,-0.012299999999999991,1,1,results/pending_runs/aider_asym/L20_G80/tralo/seed_1,results/pending_runs/aider_asym/L20_G80/hounie_rcl/seed_1
aider_asym,aider,MobileNetV3,L20_G80,data/aider/slice_1,0,2,20,80,1,0.0,0.7864,0.7533,0.03310000000000002,0.04920000000000002,0.027666666666666506,0.015100000000000002,-15.0,-0.0262,1,1,results/pending_runs/aider_asym/L20_G80/tralo/seed_2,results/pending_runs/aider_asym/L20_G80/hounie_rcl/seed_2
aider_asym,aider,MobileNetV3,L80_G20,data/aider/slice_1,0,4,80,20,1,0.0,0.8012,0.7315,0.06969999999999998,0.2205,0.019400000000000084,0.019300000000000095,0.0,-0.017700000000000007,1,1,results/pending_runs/aider_asym/L80_G20/tralo/seed_4,results/pending_runs/aider_asym/L80_G20/hounie_rcl/seed_4
aider_asym,aider,MobileNetV3,L80_G20,data/aider/slice_1,0,3,80,20,1,0.0,0.7974,0.7207,0.07669999999999999,0.2755,0.010399999999999854,0.01760000000000006,0.0,-0.022599999999999995,1,1,results/pending_runs/aider_asym/L80_G20/tralo/seed_3,results/pending_runs/aider_asym/L80_G20/hounie_rcl/seed_3
aider_asym,aider,MobileNetV3,L80_G20,data/aider/slice_1,0,1,80,20,1,0.0,0.768,0.7318,0.03620000000000001,0.14020000000000002,0.0015000000000000568,0.007600000000000051,0.0,-0.011900000000000008,1,1,results/pending_runs/aider_asym/L80_G20/tralo/seed_1,results/pending_runs/aider_asym/L80_G20/hounie_rcl/seed_1
aider_asym,aider,MobileNetV3,L80_G20,data/aider/slice_1,0,2,80,20,1,0.0,0.7893,0.6993,0.08999999999999997,0.27080000000000004,0.029699999999999838,0.025999999999999912,0.0,-0.0257,1,1,results/pending_runs/aider_asym/L80_G20/tralo/seed_2,results/pending_runs/aider_asym/L80_G20/hounie_rcl/seed_2
aider_asym,aider,MobileNetV3,L30_G70,data/aider/slice_1,0,4,30,70,1,0.0,0.8381,0.8046,0.033499999999999974,0.09029999999999999,0.014633333333333276,0.013399999999999967,-24.0,-0.022900000000000004,1,1,results/pending_runs/aider_asym/L30_G70/tralo/seed_4,results/pending_runs/aider_asym/L30_G70/hounie_rcl/seed_4
aider_asym,aider,MobileNetV3,L30_G70,data/aider/slice_1,0,3,30,70,1,0.0,0.8373,0.8308,0.006500000000000061,0.015100000000000002,0.003666666666666707,0.005099999999999993,-28.0,-0.0316,1,1,results/pending_runs/aider_asym/L30_G70/tralo/seed_3,results/pending_runs/aider_asym/L30_G70/hounie_rcl/seed_3
aider_asym,aider,MobileNetV3,L30_G70,data/aider/slice_1,0,1,30,70,1,0.0,0.8212,0.8149,0.006300000000000083,0.0,0.008433333333333404,0.0041999999999999815,-17.0,-0.0213,1,1,results/pending_runs/aider_asym/L30_G70/tralo/seed_1,results/pending_runs/aider_asym/L30_G70/hounie_rcl/seed_1
aider_asym,aider,MobileNetV3,L30_G70,data/aider/slice_1,0,2,30,70,1,0.0,0.8285,0.7913,0.03720000000000001,0.060199999999999976,0.0296333333333334,0.01770000000000005,-26.0,-0.03749999999999999,1,1,results/pending_runs/aider_asym/L30_G70/tralo/seed_2,results/pending_runs/aider_asym/L30_G70/hounie_rcl/seed_2
aider_asym,aider,MobileNetV3,L70_G30,data/aider/slice_1,0,4,70,30,1,0.0,0.8378,0.752,0.08579999999999999,0.30900000000000005,0.011266666666666758,0.02190000000000003,0.0,-0.0233,1,1,results/pending_runs/aider_asym/L70_G30/tralo/seed_4,results/pending_runs/aider_asym/L70_G30/hounie_rcl/seed_4
aider_asym,aider,MobileNetV3,L70_G30,data/aider/slice_1,0,3,70,30,1,0.0,0.837,0.7316,0.10539999999999994,0.3907,0.010233333333333317,0.0252,0.0,-0.026899999999999993,1,1,results/pending_runs/aider_asym/L70_G30/tralo/seed_3,results/pending_runs/aider_asym/L70_G30/hounie_rcl/seed_3
aider_asym,aider,MobileNetV3,L70_G30,data/aider/slice_1,0,1,70,30,1,0.0,0.8197,0.7361,0.08360000000000001,0.2923,0.013966666666666683,0.022700000000000053,0.0,-0.0247,1,1,results/pending_runs/aider_asym/L70_G30/tralo/seed_1,results/pending_runs/aider_asym/L70_G30/hounie_rcl/seed_1
aider_asym,aider,MobileNetV3,L70_G30,data/aider/slice_1,0,2,70,30,1,0.0,0.8285,0.7117,0.11680000000000001,0.3907,0.02553333333333352,0.03280000000000005,0.0,-0.0368,1,1,results/pending_runs/aider_asym/L70_G30/tralo/seed_2,results/pending_runs/aider_asym/L70_G30/hounie_rcl/seed_2
blackwell_validation,aider,MobileNetV3,L50_G50,data/aider/slice_1,0,8,50,50,0,0.0,0.8759,0.8728,0.0030999999999999917,0.0,0.004133333333333322,0.0033999999999999586,-23.0,-0.022600000000000002,1,1,results/pending_runs/blackwell_validation/MobileNetV3/smoke/aider/tralo/seed_8,results/pending_runs/blackwell_validation/MobileNetV3/smoke/aider/hounie_rcl/seed_8
blackwell_validation,aider,MobileNetV3,L50_G50,data/aider/slice_1,0,6,50,50,0,0.0,0.8818,0.8729,0.008900000000000019,0.0,0.01189999999999991,0.0050000000000000044,-26.0,-0.026299999999999997,1,1,results/pending_runs/blackwell_validation/MobileNetV3/smoke/aider/tralo/seed_6,results/pending_runs/blackwell_validation/MobileNetV3/smoke/aider/hounie_rcl/seed_6
blackwell_validation,aider,MobileNetV3,L50_G50,data/aider/slice_1,0,4,50,50,0,0.0,0.8749,0.867,0.007900000000000018,0.0,0.010633333333333272,0.0051000000000001044,-17.0,-0.0165,1,1,results/pending_runs/blackwell_validation/MobileNetV3/smoke/aider/tralo/seed_4,results/pending_runs/blackwell_validation/MobileNetV3/smoke/aider/hounie_rcl/seed_4
blackwell_validation,aider,MobileNetV3,L50_G50,data/aider/slice_1,0,7,50,50,0,0.0,0.8681,0.8562,0.011900000000000022,0.0,0.015899999999999803,0.007499999999999951,-24.0,-0.022599999999999995,1,1,results/pending_runs/blackwell_validation/MobileNetV3/smoke/aider/tralo/seed_7,results/pending_runs/blackwell_validation/MobileNetV3/smoke/aider/hounie_rcl/seed_7
blackwell_validation,aider,MobileNetV3,L50_G50,data/aider/slice_1,0,3,50,50,0,0.0,0.8704,0.8643,0.006099999999999994,0.0,0.008033333333333337,0.0033999999999999586,-10.0,-0.004499999999999997,1,1,results/pending_runs/blackwell_validation/MobileNetV3/smoke/aider/tralo/seed_3,results/pending_runs/blackwell_validation/MobileNetV3/smoke/aider/hounie_rcl/seed_3
blackwell_validation,aider,MobileNetV3,L50_G50,data/aider/slice_1,0,1,50,50,0,0.0,0.869,0.8497,0.019299999999999984,0.0,0.025633333333333397,0.01090000000000002,-32.0,-0.036199999999999996,1,1,results/pending_runs/blackwell_validation/MobileNetV3/smoke/aider/tralo/seed_1,results/pending_runs/blackwell_validation/MobileNetV3/smoke/aider/hounie_rcl/seed_1
blackwell_validation,aider,MobileNetV3,L50_G50,data/aider/slice_1,0,2,50,50,0,0.0,0.8734,0.8557,0.017699999999999938,0.0131,0.019299999999999873,0.010000000000000009,-27.0,-0.0298,1,1,results/pending_runs/blackwell_validation/MobileNetV3/smoke/aider/tralo/seed_2,results/pending_runs/blackwell_validation/MobileNetV3/smoke/aider/hounie_rcl/seed_2
blackwell_validation,aider,MobileNetV3,L50_G50,data/aider/slice_1,0,5,50,50,0,0.0,0.879,0.8669,0.0121,0.0,0.01616666666666655,0.006800000000000028,-29.0,-0.030700000000000005,1,1,results/pending_runs/blackwell_validation/MobileNetV3/smoke/aider/tralo/seed_5,results/pending_runs/blackwell_validation/MobileNetV3/smoke/aider/hounie_rcl/seed_5
blackwell_validation,dermmnist,MobileNetV3,L50_G50,data/dermmnist/slice_1,4,8,50,50,0,0.0,0.6992,0.6795,0.01970000000000005,0.02400000000000002,0.019083333333333452,0.007900000000000018,-41.0,-0.013999999999999999,1,1,results/pending_runs/blackwell_validation/MobileNetV3/smoke/dermmnist/tralo/seed_8,results/pending_runs/blackwell_validation/MobileNetV3/smoke/dermmnist/hounie_rcl/seed_8
blackwell_validation,dermmnist,MobileNetV3,L50_G50,data/dermmnist/slice_1,4,6,50,50,0,0.0,0.7246,0.7161,0.008500000000000063,0.029900000000000038,0.004983333333333451,0.0025000000000000577,-38.0,-0.010700000000000001,1,1,results/pending_runs/blackwell_validation/MobileNetV3/smoke/dermmnist/tralo/seed_6,results/pending_runs/blackwell_validation/MobileNetV3/smoke/dermmnist/hounie_rcl/seed_6
blackwell_validation,dermmnist,MobileNetV3,L50_G50,data/dermmnist/slice_1,4,4,50,50,0,0.0,0.7162,0.6972,0.018999999999999906,0.05990000000000001,0.012216666666666653,0.008499999999999952,-38.0,-0.0015000000000000013,1,1,results/pending_runs/blackwell_validation/MobileNetV3/smoke/dermmnist/tralo/seed_4,results/pending_runs/blackwell_validation/MobileNetV3/smoke/dermmnist/hounie_rcl/seed_4
blackwell_validation,dermmnist,MobileNetV3,L50_G50,data/dermmnist/slice_1,4,7,50,50,0,0.0,0.699,0.667,0.03199999999999992,0.0,0.037283333333333224,0.0010000000000000009,-38.0,-0.008500000000000008,1,1,results/pending_runs/blackwell_validation/MobileNetV3/smoke/dermmnist/tralo/seed_7,results/pending_runs/blackwell_validation/MobileNetV3/smoke/dermmnist/hounie_rcl/seed_7
blackwell_validation,dermmnist,MobileNetV3,L50_G50,data/dermmnist/slice_1,4,3,50,50,0,0.0,0.7022,0.6871,0.015100000000000002,0.03589999999999999,0.011600000000000055,0.0040000000000000036,-36.0,-0.005199999999999996,1,1,results/pending_runs/blackwell_validation/MobileNetV3/smoke/dermmnist/tralo/seed_3,results/pending_runs/blackwell_validation/MobileNetV3/smoke/dermmnist/hounie_rcl/seed_3
blackwell_validation,dermmnist,MobileNetV3,L50_G50,data/dermmnist/slice_1,4,1,50,50,0,0.0,0.7325,0.7176,0.014900000000000024,0.030000000000000027,0.012433333333333296,0.008499999999999952,-34.0,-0.008299999999999988,1,1,results/pending_runs/blackwell_validation/MobileNetV3/smoke/dermmnist/tralo/seed_1,results/pending_runs/blackwell_validation/MobileNetV3/smoke/dermmnist/hounie_rcl/seed_1
blackwell_validation,dermmnist,MobileNetV3,L50_G50,data/dermmnist/slice_1,4,2,50,50,0,0.0,0.7039,0.7028,0.0010999999999999899,0.03589999999999999,-0.004783333333333251,0.0044999999999999485,-37.0,-0.010599999999999998,1,1,results/pending_runs/blackwell_validation/MobileNetV3/smoke/dermmnist/tralo/seed_2,results/pending_runs/blackwell_validation/MobileNetV3/smoke/dermmnist/hounie_rcl/seed_2
blackwell_validation,dermmnist,MobileNetV3,L50_G50,data/dermmnist/slice_1,4,5,50,50,0,0.0,0.7089,0.7104,-0.0015000000000000568,0.0,-0.0018000000000000238,0.0010000000000000009,-19.0,-0.004400000000000015,1,1,results/pending_runs/blackwell_validation/MobileNetV3/smoke/dermmnist/tralo/seed_5,results/pending_runs/blackwell_validation/MobileNetV3/smoke/dermmnist/hounie_rcl/seed_5
blackwell_validation,aider,MobileNetV2,L50_G50,data/aider/slice_1,0,8,50,50,0,0.0,0.8618,0.8368,0.025000000000000022,0.0131,0.028966666666666585,0.013500000000000068,-28.0,-0.041100000000000005,1,1,results/pending_runs/blackwell_validation/MobileNetV2/smoke/aider/tralo/seed_8,results/pending_runs/blackwell_validation/MobileNetV2/smoke/aider/hounie_rcl/seed_8
blackwell_validation,aider,MobileNetV2,L50_G50,data/aider/slice_1,0,6,50,50,0,0.0,0.8598,0.8483,0.011499999999999955,0.0,0.01543333333333341,0.006800000000000028,-27.0,-0.0328,1,1,results/pending_runs/blackwell_validation/MobileNetV2/smoke/aider/tralo/seed_6,results/pending_runs/blackwell_validation/MobileNetV2/smoke/aider/hounie_rcl/seed_6
blackwell_validation,aider,MobileNetV2,L50_G50,data/aider/slice_1,0,4,50,50,0,0.0,0.8715,0.8365,0.03500000000000003,0.0,0.04676666666666662,0.020100000000000007,-37.0,-0.05859999999999999,1,1,results/pending_runs/blackwell_validation/MobileNetV2/smoke/aider/tralo/seed_4,results/pending_runs/blackwell_validation/MobileNetV2/smoke/aider/hounie_rcl/seed_4
blackwell_validation,aider,MobileNetV2,L50_G50,data/aider/slice_1,0,7,50,50,0,0.0,0.8774,0.8543,0.02310000000000001,0.0,0.03073333333333339,0.013399999999999967,-29.0,-0.0375,1,1,results/pending_runs/blackwell_validation/MobileNetV2/smoke/aider/tralo/seed_7,results/pending_runs/blackwell_validation/MobileNetV2/smoke/aider/hounie_rcl/seed_7
blackwell_validation,aider,MobileNetV2,L50_G50,data/aider/slice_1,0,3,50,50,0,0.0,0.8685,0.8577,0.010800000000000032,0.0131,0.010099999999999998,0.006800000000000028,-25.0,-0.0318,1,1,results/pending_runs/blackwell_validation/MobileNetV2/smoke/aider/tralo/seed_3,results/pending_runs/blackwell_validation/MobileNetV2/smoke/aider/hounie_rcl/seed_3
blackwell_validation,aider,MobileNetV2,L50_G50,data/aider/slice_1,0,1,50,50,0,0.0,0.8615,0.837,0.024500000000000077,0.0131,0.02836666666666654,0.012700000000000045,-22.0,-0.0333,1,1,results/pending_runs/blackwell_validation/MobileNetV2/smoke/aider/tralo/seed_1,results/pending_runs/blackwell_validation/MobileNetV2/smoke/aider/hounie_rcl/seed_1
blackwell_validation,aider,MobileNetV2,L50_G50,data/aider/slice_1,0,2,50,50,0,0.0,0.871,0.8538,0.017199999999999993,0.0,0.02293333333333336,0.010099999999999998,-31.0,-0.030099999999999995,1,1,results/pending_runs/blackwell_validation/MobileNetV2/smoke/aider/tralo/seed_2,results/pending_runs/blackwell_validation/MobileNetV2/smoke/aider/hounie_rcl/seed_2
blackwell_validation,aider,MobileNetV2,L50_G50,data/aider/slice_1,0,5,50,50,0,0.0,0.8634,0.8479,0.015499999999999958,0.0131,0.016300000000000092,0.008400000000000074,-24.0,-0.0339,1,1,results/pending_runs/blackwell_validation/MobileNetV2/smoke/aider/tralo/seed_5,results/pending_runs/blackwell_validation/MobileNetV2/smoke/aider/hounie_rcl/seed_5
blackwell_validation,dermmnist,MobileNetV2,L50_G50,data/dermmnist/slice_1,4,8,50,50,0,0.0,0.6503,0.6355,0.014800000000000035,0.02400000000000002,0.013333333333333308,0.008500000000000063,-72.0,-0.031,1,1,results/pending_runs/blackwell_validation/MobileNetV2/smoke/dermmnist/tralo/seed_8,results/pending_runs/blackwell_validation/MobileNetV2/smoke/dermmnist/hounie_rcl/seed_8
blackwell_validation,dermmnist,MobileNetV2,L50_G50,data/dermmnist/slice_1,4,6,50,50,0,0.0,0.6624,0.644,0.018399999999999972,0.04189999999999999,0.014550000000000063,0.006900000000000017,-67.0,-0.029299999999999993,1,1,results/pending_runs/blackwell_validation/MobileNetV2/smoke/dermmnist/tralo/seed_6,results/pending_runs/blackwell_validation/MobileNetV2/smoke/dermmnist/hounie_rcl/seed_6
blackwell_validation,dermmnist,MobileNetV2,L50_G50,data/dermmnist/slice_1,4,4,50,50,0,0.0,0.6419,0.624,0.017900000000000027,0.0,0.02080000000000004,0.0030000000000000027,-46.0,-0.021500000000000005,1,1,results/pending_runs/blackwell_validation/MobileNetV2/smoke/dermmnist/tralo/seed_4,results/pending_runs/blackwell_validation/MobileNetV2/smoke/dermmnist/hounie_rcl/seed_4
blackwell_validation,dermmnist,MobileNetV2,L50_G50,data/dermmnist/slice_1,4,7,50,50,0,0.0,0.651,0.6379,0.0131,-0.006000000000000005,0.016216666666666768,0.006000000000000005,-51.0,-0.022299999999999986,1,1,results/pending_runs/blackwell_validation/MobileNetV2/smoke/dermmnist/tralo/seed_7,results/pending_runs/blackwell_validation/MobileNetV2/smoke/dermmnist/hounie_rcl/seed_7
blackwell_validation,dermmnist,MobileNetV2,L50_G50,data/dermmnist/slice_1,4,3,50,50,0,0.0,0.6587,0.6237,0.03499999999999992,0.04189999999999999,0.033883333333333376,0.01100000000000001,-66.0,-0.033600000000000005,1,1,results/pending_runs/blackwell_validation/MobileNetV2/smoke/dermmnist/tralo/seed_3,results/pending_runs/blackwell_validation/MobileNetV2/smoke/dermmnist/hounie_rcl/seed_3
blackwell_validation,dermmnist,MobileNetV2,L50_G50,data/dermmnist/slice_1,4,1,50,50,0,0.0,0.6646,0.6659,-0.0013000000000000789,0.029899999999999982,-0.00649999999999995,0.00649999999999995,-81.0,-0.033100000000000004,1,1,results/pending_runs/blackwell_validation/MobileNetV2/smoke/dermmnist/tralo/seed_1,results/pending_runs/blackwell_validation/MobileNetV2/smoke/dermmnist/hounie_rcl/seed_1
blackwell_validation,dermmnist,MobileNetV2,L50_G50,data/dermmnist/slice_1,4,2,50,50,0,0.0,0.6449,0.6233,0.021600000000000064,0.03589999999999999,0.01921666666666666,0.005499999999999949,-75.0,-0.03560000000000001,1,1,results/pending_runs/blackwell_validation/MobileNetV2/smoke/dermmnist/tralo/seed_2,results/pending_runs/blackwell_validation/MobileNetV2/smoke/dermmnist/hounie_rcl/seed_2
blackwell_validation,dermmnist,MobileNetV2,L50_G50,data/dermmnist/slice_1,4,5,50,50,0,0.0,0.6155,0.6149,0.0006000000000000449,-0.029899999999999982,0.005699999999999927,-0.006000000000000005,-24.0,-0.003500000000000003,1,1,results/pending_runs/blackwell_validation/MobileNetV2/smoke/dermmnist/tralo/seed_5,results/pending_runs/blackwell_validation/MobileNetV2/smoke/dermmnist/hounie_rcl/seed_5
blackwell_validation,aider,ShuffleNetV2,L50_G50,data/aider/slice_1,0,4,50,50,0,0.0,0.8787,0.838,0.04070000000000007,0.0,0.054266666666666574,0.022699999999999942,-6.0,-0.1784,0,0,results/pending_runs/blackwell_validation/ShuffleNetV2/smoke/aider/tralo/seed_4,results/pending_runs/blackwell_validation/ShuffleNetV2/smoke/aider/hounie_rcl/seed_4
blackwell_validation,aider,ShuffleNetV2,L50_G50,data/aider/slice_1,0,3,50,50,0,0.0,0.8415,0.8429,-0.0013999999999999568,0.0,-0.001866666666666572,-0.0009000000000000119,4.0,0.007800000000000001,0,0,results/pending_runs/blackwell_validation/ShuffleNetV2/smoke/aider/tralo/seed_3,results/pending_runs/blackwell_validation/ShuffleNetV2/smoke/aider/hounie_rcl/seed_3
blackwell_validation,aider,ShuffleNetV2,L50_G50,data/aider/slice_1,0,1,50,50,0,0.0,0.8687,0.8328,0.03590000000000004,0.0,0.04783333333333328,0.01770000000000005,-5.0,-0.2052,0,0,results/pending_runs/blackwell_validation/ShuffleNetV2/smoke/aider/tralo/seed_1,results/pending_runs/blackwell_validation/ShuffleNetV2/smoke/aider/hounie_rcl/seed_1
blackwell_validation,aider,ShuffleNetV2,L50_G50,data/aider/slice_1,0,2,50,50,0,0.0,0.8325,0.8449,-0.012399999999999967,0.0,-0.01660000000000006,-0.006800000000000028,-1.0,-0.007500000000000007,0,0,results/pending_runs/blackwell_validation/ShuffleNetV2/smoke/aider/tralo/seed_2,results/pending_runs/blackwell_validation/ShuffleNetV2/smoke/aider/hounie_rcl/seed_2
blackwell_validation,dermmnist,ShuffleNetV2,L50_G50,data/dermmnist/slice_1,4,4,50,50,0,0.0,0.2515,0.2492,0.0022999999999999965,0.01200000000000001,0.0006500000000000117,0.0024999999999999467,6.0,-0.0167,0,0,results/pending_runs/blackwell_validation/ShuffleNetV2/smoke/dermmnist/tralo/seed_4,results/pending_runs/blackwell_validation/ShuffleNetV2/smoke/dermmnist/hounie_rcl/seed_4
blackwell_validation,dermmnist,ShuffleNetV2,L50_G50,data/dermmnist/slice_1,4,3,50,50,0,0.0,0.2572,0.2511,0.006099999999999994,0.023899999999999977,0.0030999999999999917,0.006000000000000005,5.0,-0.015300000000000008,0,0,results/pending_runs/blackwell_validation/ShuffleNetV2/smoke/dermmnist/tralo/seed_3,results/pending_runs/blackwell_validation/ShuffleNetV2/smoke/dermmnist/hounie_rcl/seed_3
blackwell_validation,dermmnist,ShuffleNetV2,L50_G50,data/dermmnist/slice_1,4,1,50,50,0,0.0,0.3124,0.3141,-0.0016999999999999793,-0.006000000000000005,-0.000983333333333336,-0.0010000000000000009,-2.0,0.0015999999999999973,0,0,results/pending_runs/blackwell_validation/ShuffleNetV2/smoke/dermmnist/tralo/seed_1,results/pending_runs/blackwell_validation/ShuffleNetV2/smoke/dermmnist/hounie_rcl/seed_1
blackwell_validation,dermmnist,ShuffleNetV2,L50_G50,data/dermmnist/slice_1,4,2,50,50,0,0.0,0.3586,0.3621,-0.003500000000000003,-0.01200000000000001,-0.0021333333333333204,-0.0015000000000000568,-1.0,0.003700000000000009,0,0,results/pending_runs/blackwell_validation/ShuffleNetV2/smoke/dermmnist/tralo/seed_2,results/pending_runs/blackwell_validation/ShuffleNetV2/smoke/dermmnist/hounie_rcl/seed_2
blackwell_validation,aider,RegNetY400MF,L50_G50,data/aider/slice_1,0,4,50,50,0,0.0,0.8691,0.8605,0.008599999999999941,0.0,0.011533333333333395,0.005900000000000016,-25.0,-0.024500000000000004,1,1,results/pending_runs/blackwell_validation/RegNetY400MF/smoke/aider/tralo/seed_4,results/pending_runs/blackwell_validation/RegNetY400MF/smoke/aider/hounie_rcl/seed_4
blackwell_validation,aider,RegNetY400MF,L50_G50,data/aider/slice_1,0,3,50,50,0,0.0,0.8729,0.8702,0.0027000000000000357,0.0,0.0035333333333333883,0.0024999999999999467,-17.0,-0.0049999999999999975,1,1,results/pending_runs/blackwell_validation/RegNetY400MF/smoke/aider/tralo/seed_3,results/pending_runs/blackwell_validation/RegNetY400MF/smoke/aider/hounie_rcl/seed_3
blackwell_validation,aider,RegNetY400MF,L50_G50,data/aider/slice_1,0,1,50,50,0,0.0,0.8703,0.8582,0.0121,0.0131,0.011700000000000044,0.006699999999999928,-26.0,-0.021699999999999997,1,1,results/pending_runs/blackwell_validation/RegNetY400MF/smoke/aider/tralo/seed_1,results/pending_runs/blackwell_validation/RegNetY400MF/smoke/aider/hounie_rcl/seed_1
blackwell_validation,aider,RegNetY400MF,L50_G50,data/aider/slice_1,0,2,50,50,0,0.0,0.8685,0.8568,0.011700000000000044,0.0131,0.011233333333333428,0.008399999999999963,-22.0,-0.026899999999999997,1,1,results/pending_runs/blackwell_validation/RegNetY400MF/smoke/aider/tralo/seed_2,results/pending_runs/blackwell_validation/RegNetY400MF/smoke/aider/hounie_rcl/seed_2
blackwell_validation,dermmnist,RegNetY400MF,L50_G50,data/dermmnist/slice_1,4,4,50,50,0,0.0,0.6857,0.6696,0.016100000000000003,0.029899999999999982,0.01375000000000004,0.0050000000000000044,-42.0,-0.02149999999999999,1,1,results/pending_runs/blackwell_validation/RegNetY400MF/smoke/dermmnist/tralo/seed_4,results/pending_runs/blackwell_validation/RegNetY400MF/smoke/dermmnist/hounie_rcl/seed_4
blackwell_validation,dermmnist,RegNetY400MF,L50_G50,data/dermmnist/slice_1,4,3,50,50,0,0.0,0.636,0.6191,0.016900000000000026,0.023899999999999977,0.015716666666666712,0.009499999999999953,-49.0,-0.005400000000000002,1,1,results/pending_runs/blackwell_validation/RegNetY400MF/smoke/dermmnist/tralo/seed_3,results/pending_runs/blackwell_validation/RegNetY400MF/smoke/dermmnist/hounie_rcl/seed_3
blackwell_validation,dermmnist,RegNetY400MF,L50_G50,data/dermmnist/slice_1,4,1,50,50,0,0.0,0.6659,0.6633,0.0026000000000000467,0.006000000000000005,0.002066666666666661,0.0,-45.0,-0.006400000000000003,1,1,results/pending_runs/blackwell_validation/RegNetY400MF/smoke/dermmnist/tralo/seed_1,results/pending_runs/blackwell_validation/RegNetY400MF/smoke/dermmnist/hounie_rcl/seed_1
blackwell_validation,dermmnist,RegNetY400MF,L50_G50,data/dermmnist/slice_1,4,2,50,50,0,0.0,0.67,0.6672,0.0028000000000000247,0.01200000000000001,0.001283333333333303,0.0035000000000000586,-30.0,-0.010599999999999998,1,1,results/pending_runs/blackwell_validation/RegNetY400MF/smoke/dermmnist/tralo/seed_2,results/pending_runs/blackwell_validation/RegNetY400MF/smoke/dermmnist/hounie_rcl/seed_2
arch_validation,tissuemnist,MobileNetV3,L30_G30,data/tissuemnist/slice_1,4,1,30,30,0,0.0,0.3669,0.3617,0.005199999999999982,-0.00899999999999998,0.00718571428571424,0.0,-8.0,0.0020999999999999908,1,1,results/pending_runs/arch_validation/tissuemnist/L30_G30/tralo/seed_1,results/pending_runs/arch_validation/tissuemnist/L30_G30/hounie_rcl/seed_1
arch_validation,tissuemnist,MobileNetV3,L30_G30,data/tissuemnist/slice_1,4,2,30,30,0,0.0,0.3703,0.3688,0.0015000000000000013,0.0,0.0018142857142856572,0.0041999999999999815,-3.0,0.0030000000000000027,1,1,results/pending_runs/arch_validation/tissuemnist/L30_G30/tralo/seed_2,results/pending_runs/arch_validation/tissuemnist/L30_G30/hounie_rcl/seed_2
arch_validation,tissuemnist,MobileNetV3,L50_G50,data/tissuemnist/slice_1,4,1,50,50,0,0.0,0.3724,0.3659,0.006500000000000006,0.05450000000000005,-0.00028571428571427804,0.0034000000000000696,-13.0,-9.999999999998899e-05,1,1,results/pending_runs/arch_validation/tissuemnist/L50_G50/tralo/seed_1,results/pending_runs/arch_validation/tissuemnist/L50_G50/hounie_rcl/seed_1
arch_validation,tissuemnist,MobileNetV3,L50_G50,data/tissuemnist/slice_1,4,2,50,50,0,0.0,0.3853,0.3844,0.0008999999999999564,0.0,0.0009714285714285675,0.0011999999999999789,-4.0,0.0001000000000000445,1,1,results/pending_runs/arch_validation/tissuemnist/L50_G50/tralo/seed_2,results/pending_runs/arch_validation/tissuemnist/L50_G50/hounie_rcl/seed_2
warmup_confirm,dermmnist,MobileNetV3,L50_G50,data/dermmnist/slice_1,4,4,50,50,0,0.0,0.7083,0.7168,-0.008499999999999952,0.017900000000000027,-0.012900000000000023,0.0004999999999999449,-23.0,-0.006499999999999992,1,1,results/pending_runs/warmup_confirm/MobileNetV3/w3/tralo/seed_4,results/pending_runs/warmup_confirm/MobileNetV3/w3/hounie_rcl/seed_4
warmup_confirm,dermmnist,MobileNetV3,L50_G50,data/dermmnist/slice_1,4,3,50,50,0,0.0,0.6913,0.6922,-0.0009000000000000119,0.029900000000000038,-0.006016666666666559,0.0015000000000000568,-36.0,-0.006499999999999992,1,1,results/pending_runs/warmup_confirm/MobileNetV3/w3/tralo/seed_3,results/pending_runs/warmup_confirm/MobileNetV3/w3/hounie_rcl/seed_3
warmup_probe,dermmnist,MobileNetV3,L50_G50,data/dermmnist/slice_1,4,1,50,50,0,0.0,0.1637,0.1629,0.0008000000000000229,0.006000000000000005,-6.666666666665932e-05,0.0,0.0,0.005199999999999996,1,1,results/pending_runs/warmup_probe/dermmnist/MobileNetV3/w0/tralo/seed_1,results/pending_runs/warmup_probe/dermmnist/MobileNetV3/w0/hounie_rcl/seed_1
warmup_probe,dermmnist,MobileNetV3,L50_G50,data/dermmnist/slice_1,4,2,50,50,0,0.0,0.1821,0.1789,0.0032000000000000084,0.0,0.0037333333333333107,0.0010000000000000009,1.0,0.003499999999999996,1,1,results/pending_runs/warmup_probe/dermmnist/MobileNetV3/w0/tralo/seed_2,results/pending_runs/warmup_probe/dermmnist/MobileNetV3/w0/hounie_rcl/seed_2
lr_hp_smoke,dermmnist,MobileNetV3,L30_G30,data/dermmnist_sigma20/slice_1,4,1,30,30,0,0.2,0.4756,0.4456,0.030000000000000027,0.03450000000000003,0.02926666666666672,0.009000000000000008,-29.0,-0.014899999999999997,1,1,results/pending_runs/lr_hp_smoke/lr_sweep/dermmnist/lr0050/tralo/seed_1,results/pending_runs/lr_hp_smoke/lr_sweep/dermmnist/lr0050/hounie_rcl/seed_1
lr_hp_smoke,dermmnist,MobileNetV3,L30_G30,data/dermmnist_sigma20/slice_1,4,2,30,30,0,0.2,0.5005,0.4893,0.011199999999999932,0.034499999999999975,0.00728333333333353,0.008000000000000007,-42.0,-0.010499999999999982,1,1,results/pending_runs/lr_hp_smoke/lr_sweep/dermmnist/lr0050/tralo/seed_2,results/pending_runs/lr_hp_smoke/lr_sweep/dermmnist/lr0050/hounie_rcl/seed_2
lr_hp_smoke,aider,MobileNetV3,L30_G30,data/aider_sigma20/slice_1,0,1,30,30,0,0.2,0.7752,0.7481,0.027100000000000013,0.04510000000000003,0.02096666666666669,0.012599999999999945,-24.0,-0.0295,1,1,results/pending_runs/lr_hp_smoke/lr_sweep/aider/lr0050/tralo/seed_1,results/pending_runs/lr_hp_smoke/lr_sweep/aider/lr0050/hounie_rcl/seed_1
lr_hp_smoke,aider,MobileNetV3,L30_G30,data/aider_sigma20/slice_1,0,2,30,30,0,0.2,0.7618,0.7212,0.04060000000000008,0.1053,0.019066666666666565,0.01429999999999998,-22.0,-0.0218,1,1,results/pending_runs/lr_hp_smoke/lr_sweep/aider/lr0050/tralo/seed_2,results/pending_runs/lr_hp_smoke/lr_sweep/aider/lr0050/hounie_rcl/seed_2
lr_hp_smoke,tissuemnist,MobileNetV3,L30_G30,data/tissuemnist_sigma20/slice_1,4,1,30,30,0,0.2,0.307,0.3081,-0.0010999999999999899,0.027100000000000013,-0.00515714285714286,-0.02579999999999999,-19.0,0.024999999999999967,1,1,results/pending_runs/lr_hp_smoke/lr_sweep/tissuemnist/lr0050/tralo/seed_1,results/pending_runs/lr_hp_smoke/lr_sweep/tissuemnist/lr0050/hounie_rcl/seed_1
lr_hp_smoke,tissuemnist,MobileNetV3,L30_G30,data/tissuemnist_sigma20/slice_1,4,2,30,30,0,0.2,0.3463,0.3284,0.01789999999999997,0.009000000000000008,0.019157142857142873,0.0029000000000000137,-16.0,-0.004500000000000004,1,1,results/pending_runs/lr_hp_smoke/lr_sweep/tissuemnist/lr0050/tralo/seed_2,results/pending_runs/lr_hp_smoke/lr_sweep/tissuemnist/lr0050/hounie_rcl/seed_2
model_search,aider,MobileNetV3,L50_G50,data/aider/slice_1,0,1,50,50,0,0.0,0.876,0.8624,0.013599999999999945,0.0,0.018199999999999883,0.007600000000000051,-30.0,-0.031599999999999996,1,1,results/pending_runs/model_search/MobileNetV3/smoke/aider/tralo/seed_1,results/pending_runs/model_search/MobileNetV3/smoke/aider/hounie_rcl/seed_1
model_search,dermmnist,MobileNetV3,L50_G50,data/dermmnist/slice_1,4,1,50,50,0,0.0,0.7374,0.7092,0.028200000000000003,0.04189999999999999,0.025833333333333264,0.01539999999999997,-43.0,-0.016699999999999993,1,1,results/pending_runs/model_search/MobileNetV3/smoke/dermmnist/tralo/seed_1,results/pending_runs/model_search/MobileNetV3/smoke/dermmnist/hounie_rcl/seed_1
model_search,aider,MobileNetV2,L50_G50,data/aider/slice_1,0,1,50,50,0,0.0,0.8709,0.8512,0.01970000000000005,0.0,0.02623333333333333,0.01090000000000002,-30.0,-0.04,1,1,results/pending_runs/model_search/MobileNetV2/smoke/aider/tralo/seed_1,results/pending_runs/model_search/MobileNetV2/smoke/aider/hounie_rcl/seed_1
model_search,dermmnist,MobileNetV2,L50_G50,data/dermmnist/slice_1,4,1,50,50,0,0.0,0.6845,0.6546,0.029900000000000038,0.0539,0.025933333333333475,0.013899999999999912,-27.0,-0.049199999999999994,0,1,results/pending_runs/model_search/MobileNetV2/probe,results/pending_runs/model_search/MobileNetV2/smoke/dermmnist/hounie_rcl/seed_1
model_search,tissuemnist,MobileNetV2,L50_G50,data/tissuemnist/slice_1,4,1,50,50,0,0.0,0.2915,0.2989,-0.007400000000000018,-0.015500000000000014,-0.006228571428571472,-0.0038000000000000256,5.0,-0.027500000000000004,0,0,results/pending_runs/model_search/MobileNetV2/smoke/tissuemnist/tralo/seed_1,results/pending_runs/model_search/MobileNetV2/smoke/tissuemnist/hounie_rcl/seed_1
model_search,aider,ShuffleNetV2,L50_G50,data/aider/slice_1,0,1,50,50,0,0.0,0.8628,0.8319,0.03090000000000004,0.0,0.041266666666666785,0.015100000000000002,-14.0,-0.2037,0,0,results/pending_runs/model_search/ShuffleNetV2/smoke/aider/tralo/seed_1,results/pending_runs/model_search/ShuffleNetV2/smoke/aider/hounie_rcl/seed_1
model_search,dermmnist,ShuffleNetV2,L50_G50,data/dermmnist/slice_1,4,1,50,50,0,0.0,0.3737,0.2823,0.09139999999999998,0.05990000000000001,0.09670000000000001,0.04490000000000005,3.0,0.0005000000000000004,0,0,results/pending_runs/model_search/ShuffleNetV2/probe,results/pending_runs/model_search/ShuffleNetV2/smoke/dermmnist/hounie_rcl/seed_1
model_search,tissuemnist,ShuffleNetV2,L50_G50,data/tissuemnist/slice_1,4,1,50,50,0,0.0,0.2859,0.2885,-0.002599999999999991,-0.007800000000000001,-0.001871428571428635,0.00040000000000006697,0.0,-0.0005000000000000004,1,1,results/pending_runs/model_search/ShuffleNetV2/smoke/tissuemnist/tralo/seed_1,results/pending_runs/model_search/ShuffleNetV2/smoke/tissuemnist/hounie_rcl/seed_1
model_search,aider,RegNetY400MF,L50_G50,data/aider/slice_1,0,1,50,50,0,0.0,0.865,0.8542,0.010800000000000032,0.0,0.01440000000000008,0.007600000000000051,-26.0,-0.022500000000000003,1,1,results/pending_runs/model_search/RegNetY400MF/smoke/aider/tralo/seed_1,results/pending_runs/model_search/RegNetY400MF/smoke/aider/hounie_rcl/seed_1
model_search,dermmnist,RegNetY400MF,L50_G50,data/dermmnist/slice_1,4,1,50,50,0,0.0,0.7091,0.6629,0.04619999999999991,0.059900000000000064,0.044016666666666704,0.019399999999999973,30.0,-0.0199,0,1,results/pending_runs/model_search/RegNetY400MF/probe/dermmnist,results/pending_runs/model_search/RegNetY400MF/smoke/dermmnist/hounie_rcl/seed_1
paperv2_phase1,aider,MobileNetV3,L20_G20,data/aider/slice_1,0,4,20,20,0,0.0,0.8052,0.775,0.030200000000000005,0.0,0.040200000000000125,0.01849999999999996,-16.0,-0.030299999999999994,1,1,results/pending_runs/paperv2_phase1/aider/L20_G20/tralo/seed_4,results/pending_runs/paperv2_phase1/aider/L20_G20/hounie_rcl/seed_4
paperv2_phase1,aider,MobileNetV3,L20_G20,data/aider/slice_1,0,3,20,20,0,0.0,0.7995,0.7875,0.01200000000000001,0.03280000000000005,0.0051000000000001044,0.005900000000000016,-17.0,-0.02360000000000001,1,1,results/pending_runs/paperv2_phase1/aider/L20_G20/tralo/seed_3,results/pending_runs/paperv2_phase1/aider/L20_G20/hounie_rcl/seed_3
paperv2_phase1,aider,MobileNetV3,L20_G20,data/aider/slice_1,0,1,20,20,0,0.0,0.7818,0.7687,0.0131,0.016400000000000026,0.012099999999999889,0.005900000000000016,-11.0,-0.0169,1,1,results/pending_runs/paperv2_phase1/aider/L20_G20/tralo/seed_1,results/pending_runs/paperv2_phase1/aider/L20_G20/hounie_rcl/seed_1
paperv2_phase1,aider,MobileNetV3,L20_G20,data/aider/slice_1,0,2,20,20,0,0.0,0.7849,0.7404,0.044500000000000095,0.08200000000000002,0.032099999999999906,0.018500000000000072,-18.0,-0.025900000000000006,1,1,results/pending_runs/paperv2_phase1/aider/L20_G20/tralo/seed_2,results/pending_runs/paperv2_phase1/aider/L20_G20/hounie_rcl/seed_2
paperv2_phase1,aider,MobileNetV3,L70_G70,data/aider/slice_1,0,4,70,70,0,0.0,0.9363,0.9358,0.000500000000000056,0.0,0.0005333333333332746,0.0008000000000000229,-29.0,-0.022,1,1,results/pending_runs/paperv2_phase1/aider/L70_G70/tralo/seed_4,results/pending_runs/paperv2_phase1/aider/L70_G70/hounie_rcl/seed_4
paperv2_phase1,aider,MobileNetV3,L70_G70,data/aider/slice_1,0,3,70,70,0,0.0,0.9362,0.9299,0.006300000000000083,0.011599999999999944,0.00456666666666683,0.0041999999999999815,-34.0,-0.0268,1,1,results/pending_runs/paperv2_phase1/aider/L70_G70/tralo/seed_3,results/pending_runs/paperv2_phase1/aider/L70_G70/hounie_rcl/seed_3
paperv2_phase1,aider,MobileNetV3,L70_G70,data/aider/slice_1,0,1,70,70,0,0.0,0.9292,0.9205,0.008700000000000041,0.0,0.011666666666666492,0.0050000000000000044,-26.0,-0.021699999999999997,1,1,results/pending_runs/paperv2_phase1/aider/L70_G70/tralo/seed_1,results/pending_runs/paperv2_phase1/aider/L70_G70/hounie_rcl/seed_1
paperv2_phase1,aider,MobileNetV3,L70_G70,data/aider/slice_1,0,2,70,70,0,0.0,0.9261,0.9206,0.00550000000000006,0.0,0.007299999999999973,0.0050000000000000044,-31.0,-0.0284,1,1,results/pending_runs/paperv2_phase1/aider/L70_G70/tralo/seed_2,results/pending_runs/paperv2_phase1/aider/L70_G70/hounie_rcl/seed_2
paperv2_phase1,aider,MobileNetV3,L30_G30,data/aider/slice_1,0,4,30,30,0,0.0,0.8395,0.7979,0.04159999999999997,0.1053,0.020366666666666533,0.016900000000000026,-26.0,-0.025400000000000006,1,1,results/pending_runs/paperv2_phase1/aider/L30_G30/tralo/seed_4,results/pending_runs/paperv2_phase1/aider/L30_G30/hounie_rcl/seed_4
paperv2_phase1,aider,MobileNetV3,L30_G30,data/aider/slice_1,0,3,30,30,0,0.0,0.8373,0.8256,0.011700000000000044,0.030100000000000016,0.005599999999999938,0.006800000000000028,-29.0,-0.0348,1,1,results/pending_runs/paperv2_phase1/aider/L30_G30/tralo/seed_3,results/pending_runs/paperv2_phase1/aider/L30_G30/hounie_rcl/seed_3
paperv2_phase1,aider,MobileNetV3,L30_G30,data/aider/slice_1,0,2,30,30,0,0.0,0.8271,0.7828,0.044299999999999895,0.07519999999999999,0.03403333333333314,0.020100000000000007,-25.0,-0.034,1,1,results/pending_runs/paperv2_phase1/aider/L30_G30/tralo/seed_2,results/pending_runs/paperv2_phase1/aider/L30_G30/hounie_rcl/seed_2
paperv2_phase1,aider,MobileNetV3,L50_G50,data/aider/slice_1,0,4,50,50,0,0.0,0.8915,0.8721,0.019399999999999973,0.06540000000000001,0.004133333333333433,0.009199999999999986,-38.0,-0.030099999999999995,1,1,results/pending_runs/paperv2_phase1/aider/L50_G50/tralo/seed_4,results/pending_runs/paperv2_phase1/aider/L50_G50/hounie_rcl/seed_4
paperv2_phase1,aider,MobileNetV3,L50_G50,data/aider/slice_1,0,3,50,50,0,0.0,0.8887,0.8819,0.006800000000000028,0.0262,0.0003333333333332966,0.0050000000000000044,-42.0,-0.038599999999999995,1,1,results/pending_runs/paperv2_phase1/aider/L50_G50/tralo/seed_3,results/pending_runs/paperv2_phase1/aider/L50_G50/hounie_rcl/seed_3
paperv2_phase1,aider,MobileNetV3,L50_G50,data/aider/slice_1,0,1,50,50,0,0.0,0.8811,0.8735,0.00759999999999994,0.0,0.010166666666666657,0.005099999999999993,-28.0,-0.025899999999999992,1,1,results/pending_runs/paperv2_phase1/aider/L50_G50/tralo/seed_1,results/pending_runs/paperv2_phase1/aider/L50_G50/hounie_rcl/seed_1
paperv2_phase1,aider,MobileNetV3,L50_G50,data/aider/slice_1,0,2,50,50,0,0.0,0.8855,0.835,0.05049999999999999,0.09149999999999991,0.036833333333333496,0.023499999999999965,-43.0,-0.0474,1,1,results/pending_runs/paperv2_phase1/aider/L50_G50/tralo/seed_2,results/pending_runs/paperv2_phase1/aider/L50_G50/hounie_rcl/seed_2
paperv2_phase1,aider,MobileNetV3,L80_G80,data/aider/slice_1,0,4,80,80,0,0.0,0.9568,0.9479,0.008900000000000019,0.02169999999999994,0.004466666666666619,0.0050000000000000044,-18.0,-0.011299999999999998,1,1,results/pending_runs/paperv2_phase1/aider/L80_G80/tralo/seed_4,results/pending_runs/paperv2_phase1/aider/L80_G80/hounie_rcl/seed_4
paperv2_phase1,aider,MobileNetV3,L80_G80,data/aider/slice_1,0,3,80,80,0,0.0,0.957,0.9536,0.0033999999999999586,0.0,0.0045999999999999375,0.0034000000000000696,-16.0,-0.010500000000000002,1,1,results/pending_runs/paperv2_phase1/aider/L80_G80/tralo/seed_3,results/pending_runs/paperv2_phase1/aider/L80_G80/hounie_rcl/seed_3
paperv2_phase1,aider,MobileNetV3,L80_G80,data/aider/slice_1,0,1,80,80,0,0.0,0.9498,0.948,0.0018000000000000238,0.0,0.002466666666666839,0.0017000000000000348,-7.0,-0.0040999999999999995,1,1,results/pending_runs/paperv2_phase1/aider/L80_G80/tralo/seed_1,results/pending_runs/paperv2_phase1/aider/L80_G80/hounie_rcl/seed_1
paperv2_phase1,aider,MobileNetV3,L80_G80,data/aider/slice_1,0,2,80,80,0,0.0,0.9497,0.9398,0.00990000000000002,0.01090000000000002,0.009666666666666601,0.0050000000000000044,-24.0,-0.0165,1,1,results/pending_runs/paperv2_phase1/aider/L80_G80/tralo/seed_2,results/pending_runs/paperv2_phase1/aider/L80_G80/hounie_rcl/seed_2
paperv2_phase1,dermmnist,MobileNetV3,L20_G20,data/dermmnist/slice_1,4,4,20,20,0,0.0,0.708,0.6949,0.0131,0.014900000000000024,0.012883333333333247,0.012499999999999956,-18.0,-0.02310000000000001,1,1,results/pending_runs/paperv2_phase1/dermmnist/L20_G20/tralo/seed_4,results/pending_runs/paperv2_phase1/dermmnist/L20_G20/hounie_rcl/seed_4
paperv2_phase1,dermmnist,MobileNetV3,L20_G20,data/dermmnist/slice_1,4,3,20,20,0,0.0,0.7218,0.7023,0.019499999999999962,0.007500000000000007,0.021533333333333404,0.0034999999999999476,-12.0,-0.004799999999999999,1,1,results/pending_runs/paperv2_phase1/dermmnist/L20_G20/tralo/seed_3,results/pending_runs/paperv2_phase1/dermmnist/L20_G20/hounie_rcl/seed_3
paperv2_phase1,dermmnist,MobileNetV3,L20_G20,data/dermmnist/slice_1,4,1,20,20,0,0.0,0.6905,0.6811,0.009399999999999964,0.0,0.010966666666666569,0.007500000000000062,-14.0,-0.01200000000000001,1,1,results/pending_runs/paperv2_phase1/dermmnist/L20_G20/tralo/seed_1,results/pending_runs/paperv2_phase1/dermmnist/L20_G20/hounie_rcl/seed_1
paperv2_phase1,dermmnist,MobileNetV3,L20_G20,data/dermmnist/slice_1,4,2,20,20,0,0.0,0.7105,0.7072,0.0032999999999999696,0.007500000000000007,0.0025333333333333874,0.0,-17.0,-0.0058,1,1,results/pending_runs/paperv2_phase1/dermmnist/L20_G20/tralo/seed_2,results/pending_runs/paperv2_phase1/dermmnist/L20_G20/hounie_rcl/seed_2
paperv2_phase1,dermmnist,MobileNetV3,L70_G70,data/dermmnist/slice_1,4,4,70,70,0,0.0,0.7938,0.7885,0.005299999999999971,0.010499999999999954,0.004450000000000065,0.0030000000000000027,-10.0,-0.0039000000000000007,1,1,results/pending_runs/paperv2_phase1/dermmnist/L70_G70/tralo/seed_4,results/pending_runs/paperv2_phase1/dermmnist/L70_G70/hounie_rcl/seed_4
paperv2_phase1,dermmnist,MobileNetV3,L70_G70,data/dermmnist/slice_1,4,3,70,70,0,0.0,0.7916,0.7955,-0.0039000000000000146,0.0,-0.004516666666666613,-0.0030000000000000027,-17.0,-0.0031000000000000055,1,1,results/pending_runs/paperv2_phase1/dermmnist/L70_G70/tralo/seed_3,results/pending_runs/paperv2_phase1/dermmnist/L70_G70/hounie_rcl/seed_3
paperv2_phase1,dermmnist,MobileNetV3,L70_G70,data/dermmnist/slice_1,4,1,70,70,0,0.0,0.7854,0.7831,0.0022999999999999687,0.010499999999999954,0.0009500000000000064,0.0014999999999999458,-7.0,0.0009000000000000119,1,1,results/pending_runs/paperv2_phase1/dermmnist/L70_G70/tralo/seed_1,results/pending_runs/paperv2_phase1/dermmnist/L70_G70/hounie_rcl/seed_1
paperv2_phase1,dermmnist,MobileNetV3,L70_G70,data/dermmnist/slice_1,4,2,70,70,0,0.0,0.7829,0.7747,0.008199999999999985,0.005299999999999971,0.008583333333333276,0.0024999999999999467,-17.0,-0.0031000000000000055,1,1,results/pending_runs/paperv2_phase1/dermmnist/L70_G70/tralo/seed_2,results/pending_runs/paperv2_phase1/dermmnist/L70_G70/hounie_rcl/seed_2
paperv2_phase1,dermmnist,MobileNetV3,L30_G30,data/dermmnist/slice_1,4,4,30,30,0,0.0,0.7281,0.7321,-0.0040000000000000036,0.006899999999999962,-0.005833333333333357,0.0030000000000000027,-14.0,-0.007800000000000001,1,1,results/pending_runs/paperv2_phase1/dermmnist/L30_G30/tralo/seed_4,results/pending_runs/paperv2_phase1/dermmnist/L30_G30/hounie_rcl/seed_4
paperv2_phase1,dermmnist,MobileNetV3,L30_G30,data/dermmnist/slice_1,4,3,30,30,0,0.0,0.7333,0.7325,0.0007999999999999119,0.006899999999999962,-0.00019999999999997797,-0.0004999999999999449,-8.0,0.00010000000000001674,1,1,results/pending_runs/paperv2_phase1/dermmnist/L30_G30/tralo/seed_3,results/pending_runs/paperv2_phase1/dermmnist/L30_G30/hounie_rcl/seed_3
paperv2_phase1,dermmnist,MobileNetV3,L30_G30,data/dermmnist/slice_1,4,1,30,30,0,0.0,0.7217,0.7205,0.0011999999999999789,0.0,0.001483333333333281,0.0025000000000000577,-9.0,-0.004200000000000009,1,1,results/pending_runs/paperv2_phase1/dermmnist/L30_G30/tralo/seed_1,results/pending_runs/paperv2_phase1/dermmnist/L30_G30/hounie_rcl/seed_1
paperv2_phase1,dermmnist,MobileNetV3,L30_G30,data/dermmnist/slice_1,4,2,30,30,0,0.0,0.7372,0.7369,0.00029999999999996696,0.006900000000000017,-0.0008666666666666822,-0.0010000000000000009,-10.0,-0.0032000000000000084,1,1,results/pending_runs/paperv2_phase1/dermmnist/L30_G30/tralo/seed_2,results/pending_runs/paperv2_phase1/dermmnist/L30_G30/hounie_rcl/seed_2
paperv2_phase1,dermmnist,MobileNetV3,L50_G50,data/dermmnist/slice_1,4,4,50,50,0,0.0,0.7628,0.7631,-0.00029999999999996696,0.0,-0.0003500000000000725,-0.0004999999999999449,-10.0,-0.0011000000000000038,1,1,results/pending_runs/paperv2_phase1/dermmnist/L50_G50/tralo/seed_4,results/pending_runs/paperv2_phase1/dermmnist/L50_G50/hounie_rcl/seed_4
paperv2_phase1,dermmnist,MobileNetV3,L50_G50,data/dermmnist/slice_1,4,3,50,50,0,0.0,0.7707,0.7826,-0.01189999999999991,-0.006000000000000005,-0.01296666666666657,-0.0040000000000000036,-13.0,-0.0007999999999999952,1,1,results/pending_runs/paperv2_phase1/dermmnist/L50_G50/tralo/seed_3,results/pending_runs/paperv2_phase1/dermmnist/L50_G50/hounie_rcl/seed_3
paperv2_phase1,dermmnist,MobileNetV3,L50_G50,data/dermmnist/slice_1,4,1,50,50,0,0.0,0.7649,0.7562,0.008700000000000041,-0.005900000000000016,0.011166666666666769,0.0030000000000000027,-20.0,-0.0076000000000000095,1,1,results/pending_runs/paperv2_phase1/dermmnist/L50_G50/tralo/seed_1,results/pending_runs/paperv2_phase1/dermmnist/L50_G50/hounie_rcl/seed_1
paperv2_phase1,dermmnist,MobileNetV3,L50_G50,data/dermmnist/slice_1,4,2,50,50,0,0.0,0.7598,0.7546,0.005199999999999982,0.0,0.006099999999999994,0.0010000000000000009,-19.0,-0.002799999999999997,1,1,results/pending_runs/paperv2_phase1/dermmnist/L50_G50/tralo/seed_2,results/pending_runs/paperv2_phase1/dermmnist/L50_G50/hounie_rcl/seed_2
paperv2_phase1,dermmnist,MobileNetV3,L80_G80,data/dermmnist/slice_1,4,4,80,80,0,0.0,0.8015,0.794,0.007499999999999951,0.015000000000000013,0.006233333333333313,0.0034999999999999476,0.0,-0.00040000000000001146,1,1,results/pending_runs/paperv2_phase1/dermmnist/L80_G80/tralo/seed_4,results/pending_runs/paperv2_phase1/dermmnist/L80_G80/hounie_rcl/seed_4
paperv2_phase1,dermmnist,MobileNetV3,L80_G80,data/dermmnist/slice_1,4,3,80,80,0,0.0,0.7908,0.7911,-0.000300000000000078,0.004899999999999904,-0.0012333333333334195,-0.0004999999999999449,0.0,0.0015000000000000013,1,1,results/pending_runs/paperv2_phase1/dermmnist/L80_G80/tralo/seed_3,results/pending_runs/paperv2_phase1/dermmnist/L80_G80/hounie_rcl/seed_3
paperv2_phase1,dermmnist,MobileNetV3,L80_G80,data/dermmnist/slice_1,4,1,80,80,0,0.0,0.7814,0.7877,-0.006299999999999972,-0.0050000000000000044,-0.006549999999999945,-0.0015000000000000568,-12.0,0.004299999999999998,1,1,results/pending_runs/paperv2_phase1/dermmnist/L80_G80/tralo/seed_1,results/pending_runs/paperv2_phase1/dermmnist/L80_G80/hounie_rcl/seed_1
paperv2_phase1,dermmnist,MobileNetV3,L80_G80,data/dermmnist/slice_1,4,2,80,80,0,0.0,0.7829,0.7842,-0.0012999999999999678,-0.0050000000000000044,-0.0006999999999998119,-0.0020000000000000018,-6.0,0.004199999999999995,1,1,results/pending_runs/paperv2_phase1/dermmnist/L80_G80/tralo/seed_2,results/pending_runs/paperv2_phase1/dermmnist/L80_G80/hounie_rcl/seed_2
paperv2_phase1,tissuemnist,MobileNetV3,L70_G70,data/tissuemnist/slice_1,4,4,70,70,0,0.0,0.3868,0.3771,0.009699999999999986,0.02749999999999997,0.007185714285714295,0.00539999999999996,-20.0,-0.006700000000000039,1,1,results/pending_runs/paperv2_phase1/tissuemnist/L70_G70/tralo/seed_4,results/pending_runs/paperv2_phase1/tissuemnist/L70_G70/hounie_rcl/seed_4
paperv2_phase1,tissuemnist,MobileNetV3,L70_G70,data/tissuemnist/slice_1,4,3,70,70,0,0.0,0.3565,0.356,0.0005000000000000004,0.0,0.0004999999999999449,-0.003300000000000025,-20.0,-0.0001000000000000445,1,1,results/pending_runs/paperv2_phase1/tissuemnist/L70_G70/tralo/seed_3,results/pending_runs/paperv2_phase1/tissuemnist/L70_G70/hounie_rcl/seed_3
paperv2_phase1,tissuemnist,MobileNetV3,L70_G70,data/tissuemnist/slice_1,4,1,70,70,0,0.0,0.3734,0.3745,-0.0010999999999999899,0.0,-0.0012428571428571566,0.0007999999999999119,-13.0,-0.0012000000000000344,1,1,results/pending_runs/paperv2_phase1/tissuemnist/L70_G70/tralo/seed_1,results/pending_runs/paperv2_phase1/tissuemnist/L70_G70/hounie_rcl/seed_1
paperv2_phase1,tissuemnist,MobileNetV3,L70_G70,data/tissuemnist/slice_1,4,2,70,70,0,0.0,0.4032,0.3917,0.01150000000000001,0.013799999999999979,0.011199999999999988,0.013699999999999934,-7.0,-0.010599999999999998,1,1,results/pending_runs/paperv2_phase1/tissuemnist/L70_G70/tralo/seed_2,results/pending_runs/paperv2_phase1/tissuemnist/L70_G70/hounie_rcl/seed_2
paperv2_phase1,tissuemnist,MobileNetV3,L80_G80,data/tissuemnist/slice_1,4,4,80,80,0,0.0,0.3813,0.3787,0.002599999999999991,-0.006500000000000006,0.0038000000000000256,0.0020999999999999908,-14.0,-0.0050000000000000044,1,1,results/pending_runs/paperv2_phase1/tissuemnist/L80_G80/tralo/seed_4,results/pending_runs/paperv2_phase1/tissuemnist/L80_G80/hounie_rcl/seed_4
paperv2_phase1,tissuemnist,MobileNetV3,L80_G80,data/tissuemnist/slice_1,4,3,80,80,0,0.0,0.3551,0.3568,-0.0016999999999999793,0.0,-0.0019428571428570796,-0.005799999999999972,-25.0,0.0030999999999999917,1,1,results/pending_runs/paperv2_phase1/tissuemnist/L80_G80/tralo/seed_3,results/pending_runs/paperv2_phase1/tissuemnist/L80_G80/hounie_rcl/seed_3
paperv2_phase1,tissuemnist,MobileNetV3,L80_G80,data/tissuemnist/slice_1,4,1,80,80,0,0.0,0.377,0.3775,-0.0005000000000000004,-0.013000000000000012,0.0013000000000000234,-0.0009000000000000119,-10.0,0.0005999999999999894,1,1,results/pending_runs/paperv2_phase1/tissuemnist/L80_G80/tralo/seed_1,results/pending_runs/paperv2_phase1/tissuemnist/L80_G80/hounie_rcl/seed_1
paperv2_phase1,tissuemnist,MobileNetV3,L80_G80,data/tissuemnist/slice_1,4,2,80,80,0,0.0,0.3937,0.3925,0.0011999999999999789,0.019500000000000017,-0.0014142857142856458,0.012900000000000023,-6.0,-0.0025000000000000022,1,1,results/pending_runs/paperv2_phase1/tissuemnist/L80_G80/tralo/seed_2,results/pending_runs/paperv2_phase1/tissuemnist/L80_G80/hounie_rcl/seed_2
paperv2_phase2,dermmnist,MobileNetV3,L50_G20,data/dermmnist/slice_1,4,4,50,20,1,0.0,0.7158,0.7133,0.0024999999999999467,0.019000000000000017,-0.00029999999999985594,0.0034999999999999476,0.0,-0.003799999999999998,1,1,results/pending_runs/paperv2_phase2/L50_G20/tralo/seed_4,results/pending_runs/paperv2_phase2/L50_G20/hounie_rcl/seed_4
paperv2_phase2,dermmnist,MobileNetV3,L50_G20,data/dermmnist/slice_1,4,3,50,20,1,0.0,0.7164,0.7117,0.0047000000000000375,0.03789999999999999,-0.0008000000000000229,0.0020000000000000018,0.0,0.0025000000000000022,1,1,results/pending_runs/paperv2_phase2/L50_G20/tralo/seed_3,results/pending_runs/paperv2_phase2/L50_G20/hounie_rcl/seed_3
paperv2_phase2,dermmnist,MobileNetV3,L50_G20,data/dermmnist/slice_1,4,1,50,20,1,0.0,0.6878,0.6898,-0.0020000000000000018,0.020100000000000007,-0.005733333333333368,0.0014999999999999458,0.0,0.0007999999999999952,1,1,results/pending_runs/paperv2_phase2/L50_G20/tralo/seed_1,results/pending_runs/paperv2_phase2/L50_G20/hounie_rcl/seed_1
paperv2_phase2,dermmnist,MobileNetV3,L50_G20,data/dermmnist/slice_1,4,2,50,20,1,0.0,0.6991,0.7161,-0.016999999999999904,0.0388,-0.026283333333333325,-0.0024999999999999467,0.0,0.0038000000000000256,1,1,results/pending_runs/paperv2_phase2/L50_G20/tralo/seed_2,results/pending_runs/paperv2_phase2/L50_G20/hounie_rcl/seed_2
paperv2_phase2,dermmnist,MobileNetV3,L80_G30,data/dermmnist/slice_1,4,4,80,30,1,0.0,0.7383,0.7201,0.018199999999999994,0.06789999999999996,0.009849999999999914,0.008000000000000007,0.0,-0.004999999999999977,1,1,results/pending_runs/paperv2_phase2/L80_G30/tralo/seed_4,results/pending_runs/paperv2_phase2/L80_G30/hounie_rcl/seed_4
paperv2_phase2,dermmnist,MobileNetV3,L80_G30,data/dermmnist/slice_1,4,3,80,30,1,0.0,0.7361,0.7396,-0.0035000000000000586,0.011199999999999988,-0.005916666666666792,-0.000500000000000056,0.0,0.0023000000000000104,1,1,results/pending_runs/paperv2_phase2/L80_G30/tralo/seed_3,results/pending_runs/paperv2_phase2/L80_G30/hounie_rcl/seed_3
paperv2_phase2,dermmnist,MobileNetV3,L80_G30,data/dermmnist/slice_1,4,1,80,30,1,0.0,0.7051,0.7102,-0.0051000000000001044,0.0,-0.005866666666666576,-0.0010000000000000009,0.0,0.0025000000000000022,1,1,results/pending_runs/paperv2_phase2/L80_G30/tralo/seed_1,results/pending_runs/paperv2_phase2/L80_G30/hounie_rcl/seed_1
paperv2_phase2,dermmnist,MobileNetV3,L80_G30,data/dermmnist/slice_1,4,2,80,30,1,0.0,0.7296,0.7305,-0.0009000000000000119,0.0267,-0.0054833333333332845,0.0024999999999999467,0.0,-0.0006000000000000172,1,1,results/pending_runs/paperv2_phase2/L80_G30/tralo/seed_2,results/pending_runs/paperv2_phase2/L80_G30/hounie_rcl/seed_2
paperv2_phase2,dermmnist,MobileNetV3,L20_G80,data/dermmnist/slice_1,4,4,20,80,1,0.0,0.7006,0.6981,0.0024999999999999467,0.0,0.002949999999999897,0.013500000000000068,-20.0,-0.025400000000000006,1,1,results/pending_runs/paperv2_phase2/L20_G80/tralo/seed_4,results/pending_runs/paperv2_phase2/L20_G80/hounie_rcl/seed_4
paperv2_phase2,dermmnist,MobileNetV3,L20_G80,data/dermmnist/slice_1,4,3,20,80,1,0.0,0.7195,0.7095,0.010000000000000009,0.0,0.011649999999999938,0.005499999999999949,-16.0,-0.003599999999999992,1,1,results/pending_runs/paperv2_phase2/L20_G80/tralo/seed_3,results/pending_runs/paperv2_phase2/L20_G80/hounie_rcl/seed_3
paperv2_phase2,dermmnist,MobileNetV3,L20_G80,data/dermmnist/slice_1,4,1,20,80,1,0.0,0.696,0.687,0.008999999999999897,0.0,0.010599999999999943,0.0020000000000000018,-14.0,-0.006699999999999984,1,1,results/pending_runs/paperv2_phase2/L20_G80/tralo/seed_1,results/pending_runs/paperv2_phase2/L20_G80/hounie_rcl/seed_1
paperv2_phase2,dermmnist,MobileNetV3,L20_G80,data/dermmnist/slice_1,4,2,20,80,1,0.0,0.7069,0.7068,9.999999999998899e-05,0.007500000000000007,-0.0010499999999998844,-0.0025000000000000577,-21.0,-0.0022999999999999965,1,1,results/pending_runs/paperv2_phase2/L20_G80/tralo/seed_2,results/pending_runs/paperv2_phase2/L20_G80/hounie_rcl/seed_2
paperv2_phase2,dermmnist,MobileNetV3,L30_G50,data/dermmnist/slice_1,4,4,30,50,1,0.0,0.731,0.7372,-0.006199999999999983,-0.006899999999999962,-0.0061833333333333185,0.0034999999999999476,-15.0,-0.007599999999999996,1,1,results/pending_runs/paperv2_phase2/L30_G50/tralo/seed_4,results/pending_runs/paperv2_phase2/L30_G50/hounie_rcl/seed_4
paperv2_phase2,dermmnist,MobileNetV3,L30_G50,data/dermmnist/slice_1,4,3,30,50,1,0.0,0.7427,0.7351,0.007600000000000051,0.020699999999999996,0.005499999999999838,0.0050000000000000044,-16.0,-0.0020000000000000018,1,1,results/pending_runs/paperv2_phase2/L30_G50/tralo/seed_3,results/pending_runs/paperv2_phase2/L30_G50/hounie_rcl/seed_3
paperv2_phase2,dermmnist,MobileNetV3,L30_G50,data/dermmnist/slice_1,4,1,30,50,1,0.0,0.7269,0.7203,0.006599999999999939,0.0,0.007800000000000029,0.0035000000000000586,-10.0,-0.0032000000000000084,1,1,results/pending_runs/paperv2_phase2/L30_G50/tralo/seed_1,results/pending_runs/paperv2_phase2/L30_G50/hounie_rcl/seed_1
paperv2_phase2,dermmnist,MobileNetV3,L30_G50,data/dermmnist/slice_1,4,2,30,50,1,0.0,0.738,0.7403,-0.0022999999999999687,0.006900000000000017,-0.0039000000000000146,-0.0024999999999999467,-7.0,-0.001899999999999985,1,1,results/pending_runs/paperv2_phase2/L30_G50/tralo/seed_2,results/pending_runs/paperv2_phase2/L30_G50/hounie_rcl/seed_2
paperv2_phase2,dermmnist,MobileNetV3,L30_G20,data/dermmnist/slice_1,4,4,30,20,1,0.0,0.7088,0.7136,-0.0048000000000000265,0.038500000000000034,-0.01196666666666657,0.0025000000000000577,0.0,-0.0012000000000000066,1,1,results/pending_runs/paperv2_phase2/L30_G20/tralo/seed_4,results/pending_runs/paperv2_phase2/L30_G20/hounie_rcl/seed_4
paperv2_phase2,dermmnist,MobileNetV3,L30_G20,data/dermmnist/slice_1,4,3,30,20,1,0.0,0.7141,0.7027,0.011399999999999966,0.0781,0.00029999999999996696,0.0029000000000000137,0.0,0.0022000000000000075,1,1,results/pending_runs/paperv2_phase2/L30_G20/tralo/seed_3,results/pending_runs/paperv2_phase2/L30_G20/hounie_rcl/seed_3
paperv2_phase2,dermmnist,MobileNetV3,L30_G20,data/dermmnist/slice_1,4,1,30,20,1,0.0,0.6895,0.6833,0.006199999999999983,0.03750000000000003,0.000983333333333225,0.0020000000000000018,0.0,0.0005999999999999894,1,1,results/pending_runs/paperv2_phase2/L30_G20/tralo/seed_1,results/pending_runs/paperv2_phase2/L30_G20/hounie_rcl/seed_1
paperv2_phase2,dermmnist,MobileNetV3,L30_G20,data/dermmnist/slice_1,4,2,30,20,1,0.0,0.6961,0.7104,-0.01429999999999998,0.0648,-0.027416666666666756,-0.0004999999999999449,0.0,0.00020000000000000573,1,1,results/pending_runs/paperv2_phase2/L30_G20/tralo/seed_2,results/pending_runs/paperv2_phase2/L30_G20/hounie_rcl/seed_2
paperv2_phase2,dermmnist,MobileNetV3,L80_G20,data/dermmnist/slice_1,4,4,80,20,1,0.0,0.7121,0.7157,-0.0036000000000000476,-0.006500000000000006,-0.0030999999999999917,-0.0030000000000000027,0.0,0.0040000000000000036,1,1,results/pending_runs/paperv2_phase2/L80_G20/tralo/seed_4,results/pending_runs/paperv2_phase2/L80_G20/hounie_rcl/seed_4
paperv2_phase2,dermmnist,MobileNetV3,L80_G20,data/dermmnist/slice_1,4,3,80,20,1,0.0,0.7218,0.7101,0.011700000000000044,0.021799999999999986,0.009983333333333344,-0.005900000000000016,0.0,0.01469999999999999,1,1,results/pending_runs/paperv2_phase2/L80_G20/tralo/seed_3,results/pending_runs/paperv2_phase2/L80_G20/hounie_rcl/seed_3
paperv2_phase2,dermmnist,MobileNetV3,L80_G20,data/dermmnist/slice_1,4,1,80,20,1,0.0,0.6871,0.6828,0.0043000000000000815,0.006400000000000017,0.003966666666666674,0.0040000000000000036,0.0,-0.0013999999999999846,1,1,results/pending_runs/paperv2_phase2/L80_G20/tralo/seed_1,results/pending_runs/paperv2_phase2/L80_G20/hounie_rcl/seed_1
paperv2_phase2,dermmnist,MobileNetV3,L80_G20,data/dermmnist/slice_1,4,2,80,20,1,0.0,0.7032,0.7052,-0.0020000000000000018,0.0,-0.0023333333333332984,0.0010000000000000009,0.0,0.0,1,1,results/pending_runs/paperv2_phase2/L80_G20/tralo/seed_2,results/pending_runs/paperv2_phase2/L80_G20/hounie_rcl/seed_2
paperv2_phase2,dermmnist,MobileNetV3,L30_G70,data/dermmnist/slice_1,4,4,30,70,1,0.0,0.7288,0.7372,-0.008399999999999963,-0.006899999999999962,-0.008649999999999936,0.0030000000000000027,-13.0,-0.006699999999999984,1,1,results/pending_runs/paperv2_phase2/L30_G70/tralo/seed_4,results/pending_runs/paperv2_phase2/L30_G70/hounie_rcl/seed_4
paperv2_phase2,dermmnist,MobileNetV3,L30_G70,data/dermmnist/slice_1,4,3,30,70,1,0.0,0.7408,0.7339,0.006900000000000017,0.020699999999999996,0.004666666666666597,0.0025000000000000577,-17.0,-0.0012000000000000066,1,1,results/pending_runs/paperv2_phase2/L30_G70/tralo/seed_3,results/pending_runs/paperv2_phase2/L30_G70/hounie_rcl/seed_3
paperv2_phase2,dermmnist,MobileNetV3,L30_G70,data/dermmnist/slice_1,4,1,30,70,1,0.0,0.719,0.7195,-0.000500000000000056,0.0,-0.0005500000000000504,0.0024999999999999467,-5.0,-0.0050000000000000044,1,1,results/pending_runs/paperv2_phase2/L30_G70/tralo/seed_1,results/pending_runs/paperv2_phase2/L30_G70/hounie_rcl/seed_1
paperv2_phase2,dermmnist,MobileNetV3,L30_G70,data/dermmnist/slice_1,4,2,30,70,1,0.0,0.7405,0.7327,0.007800000000000029,0.006900000000000017,0.008000000000000007,0.0,-9.0,-0.0015000000000000013,1,1,results/pending_runs/paperv2_phase2/L30_G70/tralo/seed_2,results/pending_runs/paperv2_phase2/L30_G70/hounie_rcl/seed_2
paperv2_phase2,dermmnist,MobileNetV3,L70_G50,data/dermmnist/slice_1,4,4,70,50,1,0.0,0.7773,0.7616,0.015699999999999936,0.029299999999999993,0.013499999999999956,0.0025000000000000577,0.0,0.0005000000000000004,1,1,results/pending_runs/paperv2_phase2/L70_G50/tralo/seed_4,results/pending_runs/paperv2_phase2/L70_G50/hounie_rcl/seed_4
paperv2_phase2,dermmnist,MobileNetV3,L70_G50,data/dermmnist/slice_1,4,3,70,50,1,0.0,0.773,0.775,-0.0020000000000000018,0.019100000000000006,-0.00546666666666662,0.000500000000000056,0.0,-0.0011000000000000038,1,1,results/pending_runs/paperv2_phase2/L70_G50/tralo/seed_3,results/pending_runs/paperv2_phase2/L70_G50/hounie_rcl/seed_3
paperv2_phase2,dermmnist,MobileNetV3,L70_G50,data/dermmnist/slice_1,4,1,70,50,1,0.0,0.7599,0.7642,-0.0042999999999999705,0.0041999999999999815,-0.005766666666666698,0.0,0.0,0.0020000000000000018,1,1,results/pending_runs/paperv2_phase2/L70_G50/tralo/seed_1,results/pending_runs/paperv2_phase2/L70_G50/hounie_rcl/seed_1
paperv2_phase2,dermmnist,MobileNetV3,L70_G50,data/dermmnist/slice_1,4,2,70,50,1,0.0,0.7532,0.7565,-0.0032999999999999696,0.007099999999999995,-0.00508333333333344,-0.0015000000000000568,0.0,0.0005000000000000004,1,1,results/pending_runs/paperv2_phase2/L70_G50/tralo/seed_2,results/pending_runs/paperv2_phase2/L70_G50/hounie_rcl/seed_2
paperv2_phase2,dermmnist,MobileNetV3,L70_G80,data/dermmnist/slice_1,4,4,70,80,1,0.0,0.7935,0.7854,0.008099999999999996,0.005299999999999971,0.00863333333333327,0.0030000000000000027,-13.0,-0.004799999999999999,1,1,results/pending_runs/paperv2_phase2/L70_G80/tralo/seed_4,results/pending_runs/paperv2_phase2/L70_G80/hounie_rcl/seed_4
paperv2_phase2,dermmnist,MobileNetV3,L70_G80,data/dermmnist/slice_1,4,3,70,80,1,0.0,0.7931,0.7955,-0.0023999999999999577,0.005299999999999971,-0.0036333333333332662,-0.0020000000000000018,-20.0,0.0006999999999999923,1,1,results/pending_runs/paperv2_phase2/L70_G80/tralo/seed_3,results/pending_runs/paperv2_phase2/L70_G80/hounie_rcl/seed_3
paperv2_phase2,dermmnist,MobileNetV3,L70_G80,data/dermmnist/slice_1,4,1,70,80,1,0.0,0.7876,0.7841,0.0034999999999999476,0.005199999999999982,0.0031333333333332103,0.0020000000000000018,-6.0,-0.0003999999999999976,1,1,results/pending_runs/paperv2_phase2/L70_G80/tralo/seed_1,results/pending_runs/paperv2_phase2/L70_G80/hounie_rcl/seed_1
paperv2_phase2,dermmnist,MobileNetV3,L70_G80,data/dermmnist/slice_1,4,2,70,80,1,0.0,0.7833,0.7745,0.00880000000000003,0.0,0.010183333333333211,0.0024999999999999467,-15.0,0.0023000000000000104,1,1,results/pending_runs/paperv2_phase2/L70_G80/tralo/seed_2,results/pending_runs/paperv2_phase2/L70_G80/hounie_rcl/seed_2
paperv2_phase2,dermmnist,MobileNetV3,L50_G80,data/dermmnist/slice_1,4,4,50,80,1,0.0,0.7592,0.7639,-0.0047000000000000375,0.006000000000000005,-0.006533333333333391,-0.0010000000000000009,-7.0,0.0003999999999999976,1,1,results/pending_runs/paperv2_phase2/L50_G80/tralo/seed_4,results/pending_runs/paperv2_phase2/L50_G80/hounie_rcl/seed_4
paperv2_phase2,dermmnist,MobileNetV3,L50_G80,data/dermmnist/slice_1,4,3,50,80,1,0.0,0.7708,0.7822,-0.011399999999999966,-0.006000000000000005,-0.012350000000000083,-0.0040000000000000036,-7.0,0.0006000000000000033,1,1,results/pending_runs/paperv2_phase2/L50_G80/tralo/seed_3,results/pending_runs/paperv2_phase2/L50_G80/hounie_rcl/seed_3
paperv2_phase2,dermmnist,MobileNetV3,L50_G80,data/dermmnist/slice_1,4,1,50,80,1,0.0,0.7712,0.7611,0.010099999999999998,0.0,0.011700000000000044,0.0020000000000000018,-23.0,-0.004400000000000001,1,1,results/pending_runs/paperv2_phase2/L50_G80/tralo/seed_1,results/pending_runs/paperv2_phase2/L50_G80/hounie_rcl/seed_1
paperv2_phase2,dermmnist,MobileNetV3,L50_G80,data/dermmnist/slice_1,4,2,50,80,1,0.0,0.76,0.7519,0.008099999999999996,0.0,0.009416666666666518,0.0015000000000000568,-6.0,-0.004100000000000006,1,1,results/pending_runs/paperv2_phase2/L50_G80/tralo/seed_2,results/pending_runs/paperv2_phase2/L50_G80/hounie_rcl/seed_2
paperv2_phase2,dermmnist,MobileNetV3,L80_G70,data/dermmnist/slice_1,4,4,80,70,1,0.0,0.7922,0.7896,0.0026000000000000467,0.007099999999999995,0.0019166666666667886,0.0040000000000000036,0.0,-0.002699999999999994,1,1,results/pending_runs/paperv2_phase2/L80_G70/tralo/seed_4,results/pending_runs/paperv2_phase2/L80_G70/hounie_rcl/seed_4
paperv2_phase2,dermmnist,MobileNetV3,L80_G70,data/dermmnist/slice_1,4,3,80,70,1,0.0,0.7855,0.7897,-0.0041999999999999815,0.009700000000000042,-0.006433333333333291,-0.0015000000000000568,0.0,0.0022999999999999965,1,1,results/pending_runs/paperv2_phase2/L80_G70/tralo/seed_3,results/pending_runs/paperv2_phase2/L80_G70/hounie_rcl/seed_3
paperv2_phase2,dermmnist,MobileNetV3,L80_G70,data/dermmnist/slice_1,4,1,80,70,1,0.0,0.783,0.7803,0.0027000000000000357,0.012700000000000045,0.001083333333333325,0.0010000000000000009,0.0,0.0031999999999999945,1,1,results/pending_runs/paperv2_phase2/L80_G70/tralo/seed_1,results/pending_runs/paperv2_phase2/L80_G70/hounie_rcl/seed_1
paperv2_phase2,dermmnist,MobileNetV3,L80_G70,data/dermmnist/slice_1,4,2,80,70,1,0.0,0.7946,0.773,0.021599999999999953,0.016100000000000003,0.02255000000000018,0.007500000000000062,0.0,-0.001700000000000007,1,1,results/pending_runs/paperv2_phase2/L80_G70/tralo/seed_2,results/pending_runs/paperv2_phase2/L80_G70/hounie_rcl/seed_2
paperv2_phase2,dermmnist,MobileNetV3,L80_G50,data/dermmnist/slice_1,4,4,80,50,1,0.0,0.7663,0.7616,0.0046999999999999265,0.021600000000000064,0.001983333333333337,0.0025000000000000577,0.0,-0.0020000000000000018,1,1,results/pending_runs/paperv2_phase2/L80_G50/tralo/seed_4,results/pending_runs/paperv2_phase2/L80_G50/hounie_rcl/seed_4
paperv2_phase2,dermmnist,MobileNetV3,L80_G50,data/dermmnist/slice_1,4,3,80,50,1,0.0,0.7729,0.776,-0.0030999999999999917,0.010099999999999998,-0.005266666666666531,0.0,0.0,-9.999999999998899e-05,1,1,results/pending_runs/paperv2_phase2/L80_G50/tralo/seed_3,results/pending_runs/paperv2_phase2/L80_G50/hounie_rcl/seed_3
paperv2_phase2,dermmnist,MobileNetV3,L80_G50,data/dermmnist/slice_1,4,1,80,50,1,0.0,0.7594,0.76,-0.0006000000000000449,0.006800000000000028,-0.001783333333333359,0.0004999999999999449,0.0,0.0009000000000000119,1,1,results/pending_runs/paperv2_phase2/L80_G50/tralo/seed_1,results/pending_runs/paperv2_phase2/L80_G50/hounie_rcl/seed_1
paperv2_phase2,dermmnist,MobileNetV3,L80_G50,data/dermmnist/slice_1,4,2,80,50,1,0.0,0.756,0.757,-0.0010000000000000009,0.00539999999999996,-0.0020499999999999963,-0.0004999999999999449,0.0,0.001999999999999988,1,1,results/pending_runs/paperv2_phase2/L80_G50/tralo/seed_2,results/pending_runs/paperv2_phase2/L80_G50/hounie_rcl/seed_2
paperv2_phase2,dermmnist,MobileNetV3,L50_G70,data/dermmnist/slice_1,4,4,50,70,1,0.0,0.7613,0.7639,-0.0026000000000000467,0.01200000000000001,-0.005116666666666769,0.0,-6.0,-0.00010000000000000286,1,1,results/pending_runs/paperv2_phase2/L50_G70/tralo/seed_4,results/pending_runs/paperv2_phase2/L50_G70/hounie_rcl/seed_4
paperv2_phase2,dermmnist,MobileNetV3,L50_G70,data/dermmnist/slice_1,4,3,50,70,1,0.0,0.7707,0.7843,-0.013599999999999945,-0.006000000000000005,-0.01495000000000013,-0.0050000000000000044,-10.0,-0.00040000000000001146,1,1,results/pending_runs/paperv2_phase2/L50_G70/tralo/seed_3,results/pending_runs/paperv2_phase2/L50_G70/hounie_rcl/seed_3
paperv2_phase2,dermmnist,MobileNetV3,L50_G70,data/dermmnist/slice_1,4,1,50,70,1,0.0,0.7664,0.7588,0.00759999999999994,-0.005900000000000016,0.00993333333333335,0.0004999999999999449,-20.0,-0.005600000000000008,1,1,results/pending_runs/paperv2_phase2/L50_G70/tralo/seed_1,results/pending_runs/paperv2_phase2/L50_G70/hounie_rcl/seed_1
paperv2_phase2,dermmnist,MobileNetV3,L50_G70,data/dermmnist/slice_1,4,2,50,70,1,0.0,0.7557,0.7517,0.0040000000000000036,0.005999999999999894,0.0036833333333333718,0.0030000000000000027,-18.0,-0.0034000000000000002,1,1,results/pending_runs/paperv2_phase2/L50_G70/tralo/seed_2,results/pending_runs/paperv2_phase2/L50_G70/hounie_rcl/seed_2
paperv2_phase2,dermmnist,MobileNetV3,L20_G70,data/dermmnist/slice_1,4,4,20,70,1,0.0,0.6976,0.6983,-0.0007000000000000339,0.0,-0.0008500000000001284,0.01200000000000001,-19.0,-0.02310000000000001,1,1,results/pending_runs/paperv2_phase2/L20_G70/tralo/seed_4,results/pending_runs/paperv2_phase2/L20_G70/hounie_rcl/seed_4
paperv2_phase2,dermmnist,MobileNetV3,L20_G70,data/dermmnist/slice_1,4,3,20,70,1,0.0,0.719,0.7104,0.008599999999999941,0.0,0.010116666666666774,0.0030000000000000027,-17.0,-0.004299999999999998,1,1,results/pending_runs/paperv2_phase2/L20_G70/tralo/seed_3,results/pending_runs/paperv2_phase2/L20_G70/hounie_rcl/seed_3
paperv2_phase2,dermmnist,MobileNetV3,L20_G70,data/dermmnist/slice_1,4,1,20,70,1,0.0,0.6907,0.687,0.0036999999999999256,0.0,0.004366666666666519,-0.0010000000000000009,-14.0,-0.003599999999999992,1,1,results/pending_runs/paperv2_phase2/L20_G70/tralo/seed_1,results/pending_runs/paperv2_phase2/L20_G70/hounie_rcl/seed_1
paperv2_phase2,dermmnist,MobileNetV3,L20_G70,data/dermmnist/slice_1,4,2,20,70,1,0.0,0.7067,0.7032,0.0034999999999999476,0.007500000000000007,0.0029333333333334544,-0.0010000000000000009,-21.0,-0.003799999999999998,1,1,results/pending_runs/paperv2_phase2/L20_G70/tralo/seed_2,results/pending_runs/paperv2_phase2/L20_G70/hounie_rcl/seed_2
paperv2_phase2,dermmnist,MobileNetV3,L70_G20,data/dermmnist/slice_1,4,4,70,20,1,0.0,0.7159,0.7157,0.00019999999999997797,0.03290000000000004,-0.005283333333333307,0.0044999999999999485,0.0,-0.001700000000000007,1,1,results/pending_runs/paperv2_phase2/L70_G20/tralo/seed_4,results/pending_runs/paperv2_phase2/L70_G20/hounie_rcl/seed_4
paperv2_phase2,dermmnist,MobileNetV3,L70_G20,data/dermmnist/slice_1,4,3,70,20,1,0.0,0.7223,0.7103,0.01200000000000001,0.03750000000000003,0.007750000000000035,0.0034999999999999476,0.0,0.0,1,1,results/pending_runs/paperv2_phase2/L70_G20/tralo/seed_3,results/pending_runs/paperv2_phase2/L70_G20/hounie_rcl/seed_3
paperv2_phase2,dermmnist,MobileNetV3,L70_G20,data/dermmnist/slice_1,4,1,70,20,1,0.0,0.6987,0.6847,0.014000000000000012,0.0126,0.014250000000000096,0.006500000000000061,0.0,-0.0040000000000000036,1,1,results/pending_runs/paperv2_phase2/L70_G20/tralo/seed_1,results/pending_runs/paperv2_phase2/L70_G20/hounie_rcl/seed_1
paperv2_phase2,dermmnist,MobileNetV3,L70_G20,data/dermmnist/slice_1,4,2,70,20,1,0.0,0.7011,0.7121,-0.01100000000000001,0.006699999999999984,-0.013966666666666683,-0.0025000000000000577,0.0,0.0030999999999999917,1,1,results/pending_runs/paperv2_phase2/L70_G20/tralo/seed_2,results/pending_runs/paperv2_phase2/L70_G20/hounie_rcl/seed_2
paperv2_phase2,dermmnist,MobileNetV3,L50_G30,data/dermmnist/slice_1,4,4,50,30,1,0.0,0.7312,0.7211,0.010099999999999998,0.06789999999999996,0.0005166666666667208,0.008000000000000007,0.0,-0.007499999999999979,1,1,results/pending_runs/paperv2_phase2/L50_G30/tralo/seed_4,results/pending_runs/paperv2_phase2/L50_G30/hounie_rcl/seed_4
paperv2_phase2,dermmnist,MobileNetV3,L50_G30,data/dermmnist/slice_1,4,3,50,30,1,0.0,0.7383,0.7366,0.0016999999999999238,0.03470000000000001,-0.0037333333333332552,0.0020000000000000018,0.0,0.0006999999999999923,1,1,results/pending_runs/paperv2_phase2/L50_G30/tralo/seed_3,results/pending_runs/paperv2_phase2/L50_G30/hounie_rcl/seed_3
paperv2_phase2,dermmnist,MobileNetV3,L50_G30,data/dermmnist/slice_1,4,1,50,30,1,0.0,0.7092,0.711,-0.0017999999999999128,0.030799999999999994,-0.007216666666666538,0.0020000000000000018,0.0,0.0031999999999999806,1,1,results/pending_runs/paperv2_phase2/L50_G30/tralo/seed_1,results/pending_runs/paperv2_phase2/L50_G30/hounie_rcl/seed_1
paperv2_phase2,dermmnist,MobileNetV3,L50_G30,data/dermmnist/slice_1,4,2,50,30,1,0.0,0.7195,0.7301,-0.010599999999999943,0.0368,-0.018549999999999955,-0.0025000000000000577,0.0,0.003899999999999987,1,1,results/pending_runs/paperv2_phase2/L50_G30/tralo/seed_2,results/pending_runs/paperv2_phase2/L50_G30/hounie_rcl/seed_2
paperv2_phase2,dermmnist,MobileNetV3,L30_G80,data/dermmnist/slice_1,4,4,30,80,1,0.0,0.7241,0.7369,-0.012800000000000034,-0.006899999999999962,-0.013899999999999912,0.000500000000000056,-13.0,-0.007500000000000007,1,1,results/pending_runs/paperv2_phase2/L30_G80/tralo/seed_4,results/pending_runs/paperv2_phase2/L30_G80/hounie_rcl/seed_4
paperv2_phase2,dermmnist,MobileNetV3,L30_G80,data/dermmnist/slice_1,4,3,30,80,1,0.0,0.7413,0.7366,0.0046999999999999265,0.013799999999999979,0.003150000000000097,0.0010000000000000009,-16.0,-0.00040000000000001146,1,1,results/pending_runs/paperv2_phase2/L30_G80/tralo/seed_3,results/pending_runs/paperv2_phase2/L30_G80/hounie_rcl/seed_3
paperv2_phase2,dermmnist,MobileNetV3,L30_G80,data/dermmnist/slice_1,4,1,30,80,1,0.0,0.7216,0.7195,0.0020999999999999908,0.0,0.002466666666666728,0.0024999999999999467,-7.0,-0.0050000000000000044,1,1,results/pending_runs/paperv2_phase2/L30_G80/tralo/seed_1,results/pending_runs/paperv2_phase2/L30_G80/hounie_rcl/seed_1
paperv2_phase2,dermmnist,MobileNetV3,L30_G80,data/dermmnist/slice_1,4,2,30,80,1,0.0,0.7352,0.7269,0.008299999999999974,0.013800000000000034,0.007416666666666516,-0.0010000000000000009,-25.0,-0.004999999999999977,1,1,results/pending_runs/paperv2_phase2/L30_G80/tralo/seed_2,results/pending_runs/paperv2_phase2/L30_G80/hounie_rcl/seed_2
paperv2_phase2,dermmnist,MobileNetV3,L20_G30,data/dermmnist/slice_1,4,4,20,30,1,0.0,0.7072,0.6891,0.018100000000000005,0.007500000000000007,0.0198666666666667,0.018000000000000016,-17.0,-0.026999999999999996,1,1,results/pending_runs/paperv2_phase2/L20_G30/tralo/seed_4,results/pending_runs/paperv2_phase2/L20_G30/hounie_rcl/seed_4
paperv2_phase2,dermmnist,MobileNetV3,L20_G30,data/dermmnist/slice_1,4,3,20,30,1,0.0,0.7158,0.7114,0.0043999999999999595,0.007500000000000007,0.0038833333333333497,0.000500000000000056,3.0,0.0033999999999999864,1,1,results/pending_runs/paperv2_phase2/L20_G30/tralo/seed_3,results/pending_runs/paperv2_phase2/L20_G30/hounie_rcl/seed_3
paperv2_phase2,dermmnist,MobileNetV3,L20_G30,data/dermmnist/slice_1,4,1,20,30,1,0.0,0.6906,0.6846,0.006000000000000005,0.0,0.006916666666666682,0.0020000000000000018,-14.0,-0.005900000000000016,1,1,results/pending_runs/paperv2_phase2/L20_G30/tralo/seed_1,results/pending_runs/paperv2_phase2/L20_G30/hounie_rcl/seed_1
paperv2_phase2,dermmnist,MobileNetV3,L20_G30,data/dermmnist/slice_1,4,2,20,30,1,0.0,0.7107,0.7149,-0.0041999999999999815,0.007500000000000007,-0.006166666666666876,-0.0014999999999999458,-21.0,-0.001700000000000007,1,1,results/pending_runs/paperv2_phase2/L20_G30/tralo/seed_2,results/pending_runs/paperv2_phase2/L20_G30/hounie_rcl/seed_2
paperv2_phase2,dermmnist,MobileNetV3,L20_G50,data/dermmnist/slice_1,4,4,20,50,1,0.0,0.7162,0.6993,0.016899999999999915,0.007500000000000007,0.018466666666666853,0.015900000000000025,-17.0,-0.026999999999999996,1,1,results/pending_runs/paperv2_phase2/L20_G50/tralo/seed_4,results/pending_runs/paperv2_phase2/L20_G50/hounie_rcl/seed_4
paperv2_phase2,dermmnist,MobileNetV3,L20_G50,data/dermmnist/slice_1,4,3,20,50,1,0.0,0.7166,0.7125,0.0040999999999999925,-0.007500000000000007,0.006066666666666665,-0.0014999999999999458,-4.0,-0.0011000000000000176,1,1,results/pending_runs/paperv2_phase2/L20_G50/tralo/seed_3,results/pending_runs/paperv2_phase2/L20_G50/hounie_rcl/seed_3
paperv2_phase2,dermmnist,MobileNetV3,L20_G50,data/dermmnist/slice_1,4,1,20,50,1,0.0,0.6903,0.6862,0.0040999999999999925,0.0,0.004783333333333251,0.0010000000000000009,-14.0,-0.0058,1,1,results/pending_runs/paperv2_phase2/L20_G50/tralo/seed_1,results/pending_runs/paperv2_phase2/L20_G50/hounie_rcl/seed_1
paperv2_phase2,dermmnist,MobileNetV3,L20_G50,data/dermmnist/slice_1,4,2,20,50,1,0.0,0.7056,0.7053,0.00029999999999996696,0.007500000000000007,-0.0009666666666666712,-0.0024999999999999467,-20.0,-0.0009000000000000119,1,1,results/pending_runs/paperv2_phase2/L20_G50/tralo/seed_2,results/pending_runs/paperv2_phase2/L20_G50/hounie_rcl/seed_2
paperv2_phase2,dermmnist,MobileNetV3,L70_G30,data/dermmnist/slice_1,4,4,70,30,1,0.0,0.7333,0.7202,0.0131,0.062,0.004950000000000121,0.008499999999999952,0.0,-0.006399999999999989,1,1,results/pending_runs/paperv2_phase2/L70_G30/tralo/seed_4,results/pending_runs/paperv2_phase2/L70_G30/hounie_rcl/seed_4
paperv2_phase2,dermmnist,MobileNetV3,L70_G30,data/dermmnist/slice_1,4,3,70,30,1,0.0,0.7428,0.741,0.0018000000000000238,0.017900000000000027,-0.0009166666666667878,0.0010000000000000009,0.0,0.001899999999999999,1,1,results/pending_runs/paperv2_phase2/L70_G30/tralo/seed_3,results/pending_runs/paperv2_phase2/L70_G30/hounie_rcl/seed_3
paperv2_phase2,dermmnist,MobileNetV3,L70_G30,data/dermmnist/slice_1,4,1,70,30,1,0.0,0.7128,0.7117,0.0010999999999999899,0.0126,-0.0008333333333331305,0.0010000000000000009,0.0,0.001799999999999996,1,1,results/pending_runs/paperv2_phase2/L70_G30/tralo/seed_1,results/pending_runs/paperv2_phase2/L70_G30/hounie_rcl/seed_1
paperv2_phase2,dermmnist,MobileNetV3,L70_G30,data/dermmnist/slice_1,4,2,70,30,1,0.0,0.7268,0.7339,-0.007099999999999995,0.01529999999999998,-0.01079999999999992,-0.0014999999999999458,0.0,0.0031000000000000194,1,1,results/pending_runs/paperv2_phase2/L70_G30/tralo/seed_2,results/pending_runs/paperv2_phase2/L70_G30/hounie_rcl/seed_2
paperv2_phase3_v3,tissuemnist,MobileNetV2,L50_G50,data/tissuemnist/slice_1,4,4,50,50,0,0.0,0.3029,0.2997,0.0031999999999999806,0.007800000000000029,0.0024999999999999467,0.006599999999999995,-6.0,-0.006599999999999995,1,1,results/pending_runs/paperv2_phase3_v3/MobileNetV2/tissuemnist/tralo/seed_4,results/pending_runs/paperv2_phase3_v3/MobileNetV2/tissuemnist/hounie_rcl/seed_4
paperv2_phase3_v3,tissuemnist,MobileNetV2,L50_G50,data/tissuemnist/slice_1,4,3,50,50,0,0.0,0.2874,0.2954,-0.008000000000000007,-0.007799999999999974,-0.008071428571428563,-0.016699999999999993,-27.0,-0.004699999999999982,1,1,results/pending_runs/paperv2_phase3_v3/MobileNetV2/tissuemnist/tralo/seed_3,results/pending_runs/paperv2_phase3_v3/MobileNetV2/tissuemnist/hounie_rcl/seed_3
paperv2_phase3_v3,tissuemnist,MobileNetV2,L50_G50,data/tissuemnist/slice_1,4,2,50,50,0,0.0,0.3748,0.3724,0.0024000000000000132,0.007799999999999974,0.0015428571428572346,-0.0013000000000000234,-28.0,-0.0005000000000000004,1,1,results/pending_runs/paperv2_phase3_v3/MobileNetV2/tissuemnist/tralo/seed_2,results/pending_runs/paperv2_phase3_v3/MobileNetV2/tissuemnist/hounie_rcl/seed_2
paperv2_phase3_v3,tissuemnist,RegNetY400MF,L50_G50,data/tissuemnist/slice_1,4,4,50,50,0,0.0,0.352,0.325,0.02699999999999997,0.015500000000000014,0.028557142857142892,0.0237,5.0,-0.021999999999999964,1,1,results/pending_runs/paperv2_phase3_v3/RegNetY400MF/tissuemnist/tralo/seed_4,results/pending_runs/paperv2_phase3_v3/RegNetY400MF/tissuemnist/hounie_rcl/seed_4
paperv2_phase3_v3,tissuemnist,RegNetY400MF,L50_G50,data/tissuemnist/slice_1,4,3,50,50,0,0.0,0.3357,0.347,-0.011299999999999977,0.0,-0.0128571428571429,-0.018699999999999994,0.0,0.01040000000000002,1,1,results/pending_runs/paperv2_phase3_v3/RegNetY400MF/tissuemnist/tralo/seed_3,results/pending_runs/paperv2_phase3_v3/RegNetY400MF/tissuemnist/hounie_rcl/seed_3
paperv2_phase3_v3,tissuemnist,RegNetY400MF,L50_G50,data/tissuemnist/slice_1,4,1,50,50,0,0.0,0.3693,0.3509,0.018400000000000027,0.031200000000000006,0.016571428571428515,0.009500000000000008,-11.0,-0.006199999999999983,1,1,results/pending_runs/paperv2_phase3_v3/RegNetY400MF/tissuemnist/tralo/seed_1,results/pending_runs/paperv2_phase3_v3/RegNetY400MF/tissuemnist/hounie_rcl/seed_1
paperv2_phase3_v3,tissuemnist,RegNetY400MF,L50_G50,data/tissuemnist/slice_1,4,2,50,50,0,0.0,0.3622,0.3633,-0.0010999999999999899,0.007800000000000029,-0.002314285714285713,-0.009099999999999997,-9.0,0.00940000000000002,1,1,results/pending_runs/paperv2_phase3_v3/RegNetY400MF/tissuemnist/tralo/seed_2,results/pending_runs/paperv2_phase3_v3/RegNetY400MF/tissuemnist/hounie_rcl/seed_2
paperv2_phase4,dermmnist,MobileNetV3,L20_G20,data/dermmnist/slice_1,1,4,20,20,0,0.0,0.656,0.6497,0.006299999999999972,0.0,0.0073666666666666325,0.005499999999999949,-7.0,-0.008300000000000002,1,1,results/pending_runs/paperv2_phase4/cls_1/L20_G20/tralo/seed_4,results/pending_runs/paperv2_phase4/cls_1/L20_G20/hounie_rcl/seed_4
paperv2_phase4,dermmnist,MobileNetV3,L20_G20,data/dermmnist/slice_1,1,3,20,20,0,0.0,0.6327,0.6101,0.022600000000000064,0.0,0.02633333333333343,0.006500000000000061,-6.0,-0.009100000000000025,1,1,results/pending_runs/paperv2_phase4/cls_1/L20_G20/tralo/seed_3,results/pending_runs/paperv2_phase4/cls_1/L20_G20/hounie_rcl/seed_3
paperv2_phase4,dermmnist,MobileNetV3,L20_G20,data/dermmnist/slice_1,1,1,20,20,0,0.0,0.6527,0.6394,0.013299999999999979,0.0,0.01550000000000007,0.0010000000000000009,-4.0,-0.004699999999999982,1,1,results/pending_runs/paperv2_phase4/cls_1/L20_G20/tralo/seed_1,results/pending_runs/paperv2_phase4/cls_1/L20_G20/hounie_rcl/seed_1
paperv2_phase4,dermmnist,MobileNetV3,L20_G20,data/dermmnist/slice_1,1,2,20,20,0,0.0,0.6573,0.6475,0.009800000000000031,0.016100000000000003,0.008683333333333487,0.0044999999999999485,-7.0,-0.007800000000000001,1,1,results/pending_runs/paperv2_phase4/cls_1/L20_G20/tralo/seed_2,results/pending_runs/paperv2_phase4/cls_1/L20_G20/hounie_rcl/seed_2
paperv2_phase4,dermmnist,MobileNetV3,L70_G70,data/dermmnist/slice_1,1,4,70,70,0,0.0,0.7578,0.7535,0.0043000000000000815,0.028100000000000014,0.0002666666666667483,-0.0010000000000000009,0.0,0.005100000000000007,1,1,results/pending_runs/paperv2_phase4/cls_1/L70_G70/tralo/seed_4,results/pending_runs/paperv2_phase4/cls_1/L70_G70/hounie_rcl/seed_4
paperv2_phase4,dermmnist,MobileNetV3,L70_G70,data/dermmnist/slice_1,1,3,70,70,0,0.0,0.7715,0.7482,0.023299999999999987,0.04049999999999998,0.02041666666666675,0.006000000000000005,0.0,-0.0076999999999999985,1,1,results/pending_runs/paperv2_phase4/cls_1/L70_G70/tralo/seed_3,results/pending_runs/paperv2_phase4/cls_1/L70_G70/hounie_rcl/seed_3
paperv2_phase4,dermmnist,MobileNetV3,L70_G70,data/dermmnist/slice_1,1,1,70,70,0,0.0,0.7538,0.7481,0.005700000000000038,0.0032999999999999696,0.006216666666666648,-0.000500000000000056,0.0,0.0011000000000000038,1,1,results/pending_runs/paperv2_phase4/cls_1/L70_G70/tralo/seed_1,results/pending_runs/paperv2_phase4/cls_1/L70_G70/hounie_rcl/seed_1
paperv2_phase4,dermmnist,MobileNetV3,L70_G70,data/dermmnist/slice_1,1,2,70,70,0,0.0,0.7694,0.7612,0.008199999999999985,0.02180000000000004,0.005816666666666692,0.0015000000000000568,0.0,-0.0011999999999999927,1,1,results/pending_runs/paperv2_phase4/cls_1/L70_G70/tralo/seed_2,results/pending_runs/paperv2_phase4/cls_1/L70_G70/hounie_rcl/seed_2
paperv2_phase4,dermmnist,MobileNetV3,L30_G30,data/dermmnist/slice_1,1,4,30,30,0,0.0,0.6862,0.6825,0.0037000000000000366,0.0,0.0043333333333333,0.0020000000000000018,-3.0,-0.0031000000000000055,1,1,results/pending_runs/paperv2_phase4/cls_1/L30_G30/tralo/seed_4,results/pending_runs/paperv2_phase4/cls_1/L30_G30/hounie_rcl/seed_4
paperv2_phase4,dermmnist,MobileNetV3,L30_G30,data/dermmnist/slice_1,1,3,30,30,0,0.0,0.6648,0.6356,0.029199999999999893,0.0,0.034116666666666684,0.005900000000000016,-10.0,-0.007900000000000018,1,1,results/pending_runs/paperv2_phase4/cls_1/L30_G30/tralo/seed_3,results/pending_runs/paperv2_phase4/cls_1/L30_G30/hounie_rcl/seed_3
paperv2_phase4,dermmnist,MobileNetV3,L30_G30,data/dermmnist/slice_1,1,1,30,30,0,0.0,0.6842,0.669,0.015199999999999991,0.0,0.017816666666666592,0.0,-8.0,-0.0025000000000000022,1,1,results/pending_runs/paperv2_phase4/cls_1/L30_G30/tralo/seed_1,results/pending_runs/paperv2_phase4/cls_1/L30_G30/hounie_rcl/seed_1
paperv2_phase4,dermmnist,MobileNetV3,L30_G30,data/dermmnist/slice_1,1,2,30,30,0,0.0,0.6749,0.6763,-0.0013999999999999568,0.015000000000000013,-0.004083333333333328,0.0035000000000000586,-10.0,-0.00810000000000001,1,1,results/pending_runs/paperv2_phase4/cls_1/L30_G30/tralo/seed_2,results/pending_runs/paperv2_phase4/cls_1/L30_G30/hounie_rcl/seed_2
paperv2_phase4,dermmnist,MobileNetV3,L50_G50,data/dermmnist/slice_1,1,4,50,50,0,0.0,0.7254,0.7249,0.000500000000000056,-0.012900000000000023,0.0027333333333332543,0.0025000000000000577,-1.0,-0.005499999999999991,1,1,results/pending_runs/paperv2_phase4/cls_1/L50_G50/tralo/seed_4,results/pending_runs/paperv2_phase4/cls_1/L50_G50/hounie_rcl/seed_4
paperv2_phase4,dermmnist,MobileNetV3,L50_G50,data/dermmnist/slice_1,1,3,50,50,0,0.0,0.727,0.7107,0.01629999999999998,-0.012900000000000023,0.021099999999999897,0.007000000000000006,-13.0,-0.008300000000000002,1,1,results/pending_runs/paperv2_phase4/cls_1/L50_G50/tralo/seed_3,results/pending_runs/paperv2_phase4/cls_1/L50_G50/hounie_rcl/seed_3
paperv2_phase4,dermmnist,MobileNetV3,L50_G50,data/dermmnist/slice_1,1,1,50,50,0,0.0,0.7468,0.7065,0.0403,0.025799999999999934,0.04270000000000007,0.005499999999999949,-9.0,-0.007199999999999998,1,1,results/pending_runs/paperv2_phase4/cls_1/L50_G50/tralo/seed_1,results/pending_runs/paperv2_phase4/cls_1/L50_G50/hounie_rcl/seed_1
paperv2_phase4,dermmnist,MobileNetV3,L50_G50,data/dermmnist/slice_1,1,2,50,50,0,0.0,0.7313,0.7316,-0.000300000000000078,0.0,-0.00033333333333340764,0.0010000000000000009,2.0,-0.0005000000000000004,1,1,results/pending_runs/paperv2_phase4/cls_1/L50_G50/tralo/seed_2,results/pending_runs/paperv2_phase4/cls_1/L50_G50/hounie_rcl/seed_2
paperv2_phase4,dermmnist,MobileNetV3,L80_G80,data/dermmnist/slice_1,1,4,80,80,0,0.0,0.7711,0.7753,-0.0041999999999999815,0.0,-0.004933333333333234,-0.0010000000000000009,-6.0,-0.00020000000000000573,1,1,results/pending_runs/paperv2_phase4/cls_1/L80_G80/tralo/seed_4,results/pending_runs/paperv2_phase4/cls_1/L80_G80/hounie_rcl/seed_4
paperv2_phase4,dermmnist,MobileNetV3,L80_G80,data/dermmnist/slice_1,1,3,80,80,0,0.0,0.7742,0.7695,0.0047000000000000375,0.01079999999999992,0.003750000000000031,0.0,-9.0,0.0029,1,1,results/pending_runs/paperv2_phase4/cls_1/L80_G80/tralo/seed_3,results/pending_runs/paperv2_phase4/cls_1/L80_G80/hounie_rcl/seed_3
paperv2_phase4,dermmnist,MobileNetV3,L80_G80,data/dermmnist/slice_1,1,1,80,80,0,0.0,0.7777,0.768,0.009699999999999931,0.010800000000000032,0.009500000000000064,-0.0010000000000000009,-10.0,0.0010000000000000009,1,1,results/pending_runs/paperv2_phase4/cls_1/L80_G80/tralo/seed_1,results/pending_runs/paperv2_phase4/cls_1/L80_G80/hounie_rcl/seed_1
paperv2_phase4,dermmnist,MobileNetV3,L80_G80,data/dermmnist/slice_1,1,2,80,80,0,0.0,0.776,0.7717,0.0042999999999999705,0.0,0.0050000000000001155,0.0020000000000000018,-11.0,-0.0021999999999999936,1,1,results/pending_runs/paperv2_phase4/cls_1/L80_G80/tralo/seed_2,results/pending_runs/paperv2_phase4/cls_1/L80_G80/hounie_rcl/seed_2
paperv2_phase4,dermmnist,MobileNetV3,L20_G20,data/dermmnist/slice_1,0,4,20,20,0,0.0,0.7009,0.6756,0.02529999999999999,0.0,0.029483333333333306,0.01849999999999996,-9.0,-0.017399999999999985,1,1,results/pending_runs/paperv2_phase4/cls_0/L20_G20/tralo/seed_4,results/pending_runs/paperv2_phase4/cls_0/L20_G20/hounie_rcl/seed_4
paperv2_phase4,dermmnist,MobileNetV3,L20_G20,data/dermmnist/slice_1,0,3,20,20,0,0.0,0.6904,0.684,0.006399999999999961,-0.02589999999999998,0.011766666666666703,0.006500000000000061,-1.0,-0.002699999999999994,1,1,results/pending_runs/paperv2_phase4/cls_0/L20_G20/tralo/seed_3,results/pending_runs/paperv2_phase4/cls_0/L20_G20/hounie_rcl/seed_3
paperv2_phase4,dermmnist,MobileNetV3,L20_G20,data/dermmnist/slice_1,0,1,20,20,0,0.0,0.698,0.6798,0.018199999999999994,0.0,0.021283333333333432,0.006000000000000005,-9.0,-0.012400000000000008,1,1,results/pending_runs/paperv2_phase4/cls_0/L20_G20/tralo/seed_1,results/pending_runs/paperv2_phase4/cls_0/L20_G20/hounie_rcl/seed_1
paperv2_phase4,dermmnist,MobileNetV3,L20_G20,data/dermmnist/slice_1,0,2,20,20,0,0.0,0.6872,0.6706,0.01660000000000006,0.025999999999999968,0.015050000000000008,0.005499999999999949,-8.0,-0.007599999999999996,1,1,results/pending_runs/paperv2_phase4/cls_0/L20_G20/tralo/seed_2,results/pending_runs/paperv2_phase4/cls_0/L20_G20/hounie_rcl/seed_2
paperv2_phase4,dermmnist,MobileNetV3,L70_G70,data/dermmnist/slice_1,0,4,70,70,0,0.0,0.7912,0.7825,0.008700000000000041,0.018199999999999994,0.007199999999999873,0.0024999999999999467,-5.0,0.000899999999999998,1,1,results/pending_runs/paperv2_phase4/cls_0/L70_G70/tralo/seed_4,results/pending_runs/paperv2_phase4/cls_0/L70_G70/hounie_rcl/seed_4
paperv2_phase4,dermmnist,MobileNetV3,L70_G70,data/dermmnist/slice_1,0,3,70,70,0,0.0,0.7726,0.7664,0.006199999999999983,0.018199999999999994,0.004166666666666541,0.0015000000000000568,-4.0,-0.0015000000000000013,1,1,results/pending_runs/paperv2_phase4/cls_0/L70_G70/tralo/seed_3,results/pending_runs/paperv2_phase4/cls_0/L70_G70/hounie_rcl/seed_3
paperv2_phase4,dermmnist,MobileNetV3,L70_G70,data/dermmnist/slice_1,0,1,70,70,0,0.0,0.7587,0.7557,0.0030000000000000027,0.0,0.0034999999999999476,-0.0020000000000000018,-5.0,0.002699999999999994,1,1,results/pending_runs/paperv2_phase4/cls_0/L70_G70/tralo/seed_1,results/pending_runs/paperv2_phase4/cls_0/L70_G70/hounie_rcl/seed_1
paperv2_phase4,dermmnist,MobileNetV3,L70_G70,data/dermmnist/slice_1,0,2,70,70,0,0.0,0.7633,0.7593,0.0040000000000000036,-0.018100000000000005,0.007649999999999935,-0.0034999999999999476,-14.0,0.0003999999999999976,1,1,results/pending_runs/paperv2_phase4/cls_0/L70_G70/tralo/seed_2,results/pending_runs/paperv2_phase4/cls_0/L70_G70/hounie_rcl/seed_2
paperv2_phase4,dermmnist,MobileNetV3,L30_G30,data/dermmnist/slice_1,0,4,30,30,0,0.0,0.7426,0.7123,0.030299999999999994,0.02350000000000002,0.031466666666666754,0.015499999999999958,-9.0,-0.012800000000000006,1,1,results/pending_runs/paperv2_phase4/cls_0/L30_G30/tralo/seed_4,results/pending_runs/paperv2_phase4/cls_0/L30_G30/hounie_rcl/seed_4
paperv2_phase4,dermmnist,MobileNetV3,L30_G30,data/dermmnist/slice_1,0,3,30,30,0,0.0,0.7129,0.7159,-0.0030000000000000027,0.023499999999999965,-0.007483333333333397,0.0020000000000000018,-3.0,0.0009000000000000119,1,1,results/pending_runs/paperv2_phase4/cls_0/L30_G30/tralo/seed_3,results/pending_runs/paperv2_phase4/cls_0/L30_G30/hounie_rcl/seed_3
paperv2_phase4,dermmnist,MobileNetV3,L30_G30,data/dermmnist/slice_1,0,1,30,30,0,0.0,0.7143,0.707,0.007300000000000084,0.0,0.00853333333333317,0.0010000000000000009,-11.0,-0.0059000000000000025,1,1,results/pending_runs/paperv2_phase4/cls_0/L30_G30/tralo/seed_1,results/pending_runs/paperv2_phase4/cls_0/L30_G30/hounie_rcl/seed_1
paperv2_phase4,dermmnist,MobileNetV3,L30_G30,data/dermmnist/slice_1,0,2,30,30,0,0.0,0.7157,0.6984,0.017299999999999982,0.047099999999999975,0.012383333333333413,0.008000000000000007,-11.0,-0.007800000000000001,1,1,results/pending_runs/paperv2_phase4/cls_0/L30_G30/tralo/seed_2,results/pending_runs/paperv2_phase4/cls_0/L30_G30/hounie_rcl/seed_2
paperv2_phase4,dermmnist,MobileNetV3,L50_G50,data/dermmnist/slice_1,0,4,50,50,0,0.0,0.7667,0.7569,0.009800000000000031,0.03380000000000005,0.005849999999999911,0.0035000000000000586,0.0,-0.0029,1,1,results/pending_runs/paperv2_phase4/cls_0/L50_G50/tralo/seed_4,results/pending_runs/paperv2_phase4/cls_0/L50_G50/hounie_rcl/seed_4
paperv2_phase4,dermmnist,MobileNetV3,L50_G50,data/dermmnist/slice_1,0,3,50,50,0,0.0,0.7459,0.7393,0.00660000000000005,0.08189999999999997,-0.005866666666666576,0.0044999999999999485,0.0,-0.0011000000000000038,1,1,results/pending_runs/paperv2_phase4/cls_0/L50_G50/tralo/seed_3,results/pending_runs/paperv2_phase4/cls_0/L50_G50/hounie_rcl/seed_3
paperv2_phase4,dermmnist,MobileNetV3,L50_G50,data/dermmnist/slice_1,0,1,50,50,0,0.0,0.741,0.7301,0.01090000000000002,0.05880000000000002,0.0029333333333332323,0.0020000000000000018,0.0,-0.006999999999999992,1,1,results/pending_runs/paperv2_phase4/cls_0/L50_G50/tralo/seed_1,results/pending_runs/paperv2_phase4/cls_0/L50_G50/hounie_rcl/seed_1
paperv2_phase4,dermmnist,MobileNetV3,L50_G50,data/dermmnist/slice_1,0,2,50,50,0,0.0,0.7515,0.7078,0.04369999999999996,0.2006,0.01759999999999995,0.01100000000000001,0.0,-0.010700000000000001,1,1,results/pending_runs/paperv2_phase4/cls_0/L50_G50/tralo/seed_2,results/pending_runs/paperv2_phase4/cls_0/L50_G50/hounie_rcl/seed_2
paperv2_phase4,dermmnist,MobileNetV3,L80_G80,data/dermmnist/slice_1,0,4,80,80,0,0.0,0.7868,0.7892,-0.0023999999999999577,-0.006700000000000039,-0.0017500000000001403,-0.0010000000000000009,0.0,0.001700000000000007,1,1,results/pending_runs/paperv2_phase4/cls_0/L80_G80/tralo/seed_4,results/pending_runs/paperv2_phase4/cls_0/L80_G80/hounie_rcl/seed_4
paperv2_phase4,dermmnist,MobileNetV3,L80_G80,data/dermmnist/slice_1,0,3,80,80,0,0.0,0.7781,0.7749,0.0031999999999999806,0.057700000000000085,-0.005900000000000016,-0.0004999999999999449,0.0,-0.0003000000000000086,1,1,results/pending_runs/paperv2_phase4/cls_0/L80_G80/tralo/seed_3,results/pending_runs/paperv2_phase4/cls_0/L80_G80/hounie_rcl/seed_3
paperv2_phase4,dermmnist,MobileNetV3,L80_G80,data/dermmnist/slice_1,0,1,80,80,0,0.0,0.7488,0.762,-0.01319999999999999,0.026999999999999913,-0.019816666666666816,-0.006500000000000061,0.0,0.008800000000000002,1,1,results/pending_runs/paperv2_phase4/cls_0/L80_G80/tralo/seed_1,results/pending_runs/paperv2_phase4/cls_0/L80_G80/hounie_rcl/seed_1
paperv2_phase4,dermmnist,MobileNetV3,L80_G80,data/dermmnist/slice_1,0,2,80,80,0,0.0,0.7581,0.7724,-0.01429999999999998,-0.011399999999999966,-0.014699999999999935,-0.0050000000000000044,0.0,0.005299999999999999,1,1,results/pending_runs/paperv2_phase4/cls_0/L80_G80/tralo/seed_2,results/pending_runs/paperv2_phase4/cls_0/L80_G80/hounie_rcl/seed_2
paperv2_phase4,dermmnist,MobileNetV3,L20_G20,data/dermmnist/slice_1,2,4,20,20,0,0.0,0.6854,0.6273,0.05810000000000004,0.1531,0.04231666666666667,0.020499999999999963,0.0,-0.019100000000000006,1,1,results/pending_runs/paperv2_phase4/cls_2/L20_G20/tralo/seed_4,results/pending_runs/paperv2_phase4/cls_2/L20_G20/hounie_rcl/seed_4
paperv2_phase4,dermmnist,MobileNetV3,L20_G20,data/dermmnist/slice_1,2,3,20,20,0,0.0,0.6842,0.6425,0.04170000000000007,0.20479999999999998,0.014483333333333293,0.01650000000000007,0.0,-0.015899999999999997,1,1,results/pending_runs/paperv2_phase4/cls_2/L20_G20/tralo/seed_3,results/pending_runs/paperv2_phase4/cls_2/L20_G20/hounie_rcl/seed_3
paperv2_phase4,dermmnist,MobileNetV3,L20_G20,data/dermmnist/slice_1,2,1,20,20,0,0.0,0.6792,0.6422,0.03700000000000003,0.1785,0.013466666666666738,0.015000000000000013,0.0,-0.0189,1,1,results/pending_runs/paperv2_phase4/cls_2/L20_G20/tralo/seed_1,results/pending_runs/paperv2_phase4/cls_2/L20_G20/hounie_rcl/seed_1
paperv2_phase4,dermmnist,MobileNetV3,L20_G20,data/dermmnist/slice_1,2,2,20,20,0,0.0,0.6671,0.626,0.041100000000000025,0.12190000000000001,0.027583333333333293,0.018000000000000016,0.0,-0.016499999999999987,1,1,results/pending_runs/paperv2_phase4/cls_2/L20_G20/tralo/seed_2,results/pending_runs/paperv2_phase4/cls_2/L20_G20/hounie_rcl/seed_2
paperv2_phase4,dermmnist,MobileNetV3,L70_G70,data/dermmnist/slice_1,2,4,70,70,0,0.0,0.7699,0.7689,0.0010000000000000009,0.016000000000000014,-0.0014666666666667272,-0.0004999999999999449,-32.0,-0.008900000000000005,1,1,results/pending_runs/paperv2_phase4/cls_2/L70_G70/tralo/seed_4,results/pending_runs/paperv2_phase4/cls_2/L70_G70/hounie_rcl/seed_4
paperv2_phase4,dermmnist,MobileNetV3,L70_G70,data/dermmnist/slice_1,2,3,70,70,0,0.0,0.7772,0.7831,-0.005900000000000016,0.0,-0.006900000000000017,-0.0025000000000000577,-35.0,-0.0012000000000000066,1,1,results/pending_runs/paperv2_phase4/cls_2/L70_G70/tralo/seed_3,results/pending_runs/paperv2_phase4/cls_2/L70_G70/hounie_rcl/seed_3
paperv2_phase4,dermmnist,MobileNetV3,L70_G70,data/dermmnist/slice_1,2,1,70,70,0,0.0,0.7783,0.784,-0.005700000000000038,0.0,-0.00656666666666661,0.0,-15.0,-0.0010000000000000009,1,1,results/pending_runs/paperv2_phase4/cls_2/L70_G70/tralo/seed_1,results/pending_runs/paperv2_phase4/cls_2/L70_G70/hounie_rcl/seed_1
paperv2_phase4,dermmnist,MobileNetV3,L70_G70,data/dermmnist/slice_1,2,2,70,70,0,0.0,0.7664,0.7656,0.0008000000000000229,0.010700000000000043,-0.0009333333333334526,0.0020000000000000018,-21.0,-0.004599999999999993,1,1,results/pending_runs/paperv2_phase4/cls_2/L70_G70/tralo/seed_2,results/pending_runs/paperv2_phase4/cls_2/L70_G70/hounie_rcl/seed_2
paperv2_phase4,dermmnist,MobileNetV3,L30_G30,data/dermmnist/slice_1,2,4,30,30,0,0.0,0.7004,0.6961,0.0042999999999999705,0.0,0.004933333333333345,0.007000000000000006,-35.0,-0.02360000000000001,1,1,results/pending_runs/paperv2_phase4/cls_2/L30_G30/tralo/seed_4,results/pending_runs/paperv2_phase4/cls_2/L30_G30/hounie_rcl/seed_4
paperv2_phase4,dermmnist,MobileNetV3,L30_G30,data/dermmnist/slice_1,2,3,30,30,0,0.0,0.7187,0.7,0.01870000000000005,0.02100000000000002,0.018416666666666637,0.007000000000000006,-25.0,-0.015600000000000003,1,1,results/pending_runs/paperv2_phase4/cls_2/L30_G30/tralo/seed_3,results/pending_runs/paperv2_phase4/cls_2/L30_G30/hounie_rcl/seed_3
paperv2_phase4,dermmnist,MobileNetV3,L30_G30,data/dermmnist/slice_1,2,1,30,30,0,0.0,0.6912,0.704,-0.012799999999999923,-0.006999999999999951,-0.013850000000000029,-0.0030000000000000027,-35.0,-0.014899999999999997,1,1,results/pending_runs/paperv2_phase4/cls_2/L30_G30/tralo/seed_1,results/pending_runs/paperv2_phase4/cls_2/L30_G30/hounie_rcl/seed_1
paperv2_phase4,dermmnist,MobileNetV3,L30_G30,data/dermmnist/slice_1,2,2,30,30,0,0.0,0.7025,0.697,0.00550000000000006,0.007000000000000006,0.005216666666666647,0.0034000000000000696,-24.0,-0.0116,1,1,results/pending_runs/paperv2_phase4/cls_2/L30_G30/tralo/seed_2,results/pending_runs/paperv2_phase4/cls_2/L30_G30/hounie_rcl/seed_2
paperv2_phase4,dermmnist,MobileNetV3,L50_G50,data/dermmnist/slice_1,2,4,50,50,0,0.0,0.7448,0.7268,0.018000000000000016,0.030299999999999994,0.01588333333333325,0.00649999999999995,-37.0,-0.016,1,1,results/pending_runs/paperv2_phase4/cls_2/L50_G50/tralo/seed_4,results/pending_runs/paperv2_phase4/cls_2/L50_G50/hounie_rcl/seed_4
paperv2_phase4,dermmnist,MobileNetV3,L50_G50,data/dermmnist/slice_1,2,3,50,50,0,0.0,0.7504,0.7347,0.015699999999999936,0.0121,0.016249999999999876,0.008000000000000007,-46.0,-0.018199999999999994,0,1,results/pending_runs/paperv2_phase4/cls_2/L50_G50/tralo/seed_3,results/pending_runs/paperv2_phase4/cls_2/L50_G50/hounie_rcl/seed_3
paperv2_phase4,dermmnist,MobileNetV3,L50_G50,data/dermmnist/slice_1,2,1,50,50,0,0.0,0.7613,0.75,0.011299999999999977,0.012199999999999989,0.011233333333333317,0.007000000000000006,-10.0,-0.009800000000000003,1,1,results/pending_runs/paperv2_phase4/cls_2/L50_G50/tralo/seed_1,results/pending_runs/paperv2_phase4/cls_2/L50_G50/hounie_rcl/seed_1
paperv2_phase4,dermmnist,MobileNetV3,L50_G50,data/dermmnist/slice_1,2,2,50,50,0,0.0,0.7469,0.7374,0.009499999999999953,0.018199999999999994,0.008133333333333326,0.0024999999999999467,-34.0,-0.008799999999999988,1,1,results/pending_runs/paperv2_phase4/cls_2/L50_G50/tralo/seed_2,results/pending_runs/paperv2_phase4/cls_2/L50_G50/hounie_rcl/seed_2
paperv2_phase4,dermmnist,MobileNetV3,L80_G80,data/dermmnist/slice_1,2,4,80,80,0,0.0,0.7784,0.7772,0.0011999999999999789,0.005099999999999993,0.0005833333333333801,0.0015000000000000568,-29.0,-0.007500000000000007,1,1,results/pending_runs/paperv2_phase4/cls_2/L80_G80/tralo/seed_4,results/pending_runs/paperv2_phase4/cls_2/L80_G80/hounie_rcl/seed_4
paperv2_phase4,dermmnist,MobileNetV3,L80_G80,data/dermmnist/slice_1,2,3,80,80,0,0.0,0.7887,0.7848,0.0038999999999999035,0.010099999999999998,0.0028333333333332433,0.0015000000000000568,-8.0,0.0,1,1,results/pending_runs/paperv2_phase4/cls_2/L80_G80/tralo/seed_3,results/pending_runs/paperv2_phase4/cls_2/L80_G80/hounie_rcl/seed_3
paperv2_phase4,dermmnist,MobileNetV3,L80_G80,data/dermmnist/slice_1,2,1,80,80,0,0.0,0.7836,0.7872,-0.0036000000000000476,-0.010099999999999998,-0.002566666666666606,-0.0030000000000000027,-25.0,-0.0003000000000000086,1,1,results/pending_runs/paperv2_phase4/cls_2/L80_G80/tralo/seed_1,results/pending_runs/paperv2_phase4/cls_2/L80_G80/hounie_rcl/seed_1
paperv2_phase4,dermmnist,MobileNetV3,L80_G80,data/dermmnist/slice_1,2,2,80,80,0,0.0,0.7749,0.7765,-0.0015999999999999348,0.010099999999999998,-0.0035833333333332718,0.0010000000000000009,-19.0,-0.004100000000000006,1,1,results/pending_runs/paperv2_phase4/cls_2/L80_G80/tralo/seed_2,results/pending_runs/paperv2_phase4/cls_2/L80_G80/hounie_rcl/seed_2
paperv2_phase5,dermmnist,MobileNetV3,L20_G20,data/dermmnist/slice_1,4,4,20,20,0,0.0,0.7108,0.7104,0.00039999999999995595,0.007500000000000007,-0.0007500000000000284,0.01200000000000001,-10.0,-0.01830000000000001,1,1,results/pending_runs/paperv2_phase5/L20_G20/tralo/seed_4,results/pending_runs/paperv2_phase5/L20_G20/hounie_rcl/seed_4
paperv2_phase5,dermmnist,MobileNetV3,L20_G20,data/dermmnist/slice_1,4,3,20,20,0,0.0,0.7211,0.7157,0.00539999999999996,0.0,0.006199999999999872,0.0034999999999999476,-18.0,-0.01050000000000001,1,1,results/pending_runs/paperv2_phase5/L20_G20/tralo/seed_3,results/pending_runs/paperv2_phase5/L20_G20/hounie_rcl/seed_3
paperv2_phase5,dermmnist,MobileNetV3,L20_G20,data/dermmnist/slice_1,4,1,20,20,0,0.0,0.6897,0.6765,0.01319999999999999,0.007500000000000007,0.014150000000000107,0.007499999999999951,-8.0,-0.009099999999999997,1,1,results/pending_runs/paperv2_phase5/L20_G20/tralo/seed_1,results/pending_runs/paperv2_phase5/L20_G20/hounie_rcl/seed_1
paperv2_phase5,dermmnist,MobileNetV3,L20_G20,data/dermmnist/slice_1,4,2,20,20,0,0.0,0.7093,0.7012,0.008099999999999996,0.0,0.009416666666666629,0.0025000000000000577,-12.0,-0.009599999999999997,1,1,results/pending_runs/paperv2_phase5/L20_G20/tralo/seed_2,results/pending_runs/paperv2_phase5/L20_G20/hounie_rcl/seed_2
paperv2_phase5,dermmnist,MobileNetV3,L70_G70,data/dermmnist/slice_1,4,4,70,70,0,0.0,0.7823,0.7906,-0.008299999999999974,-0.005299999999999971,-0.00880000000000003,-0.0015000000000000568,-2.0,0.0024999999999999883,1,1,results/pending_runs/paperv2_phase5/L70_G70/tralo/seed_4,results/pending_runs/paperv2_phase5/L70_G70/hounie_rcl/seed_4
paperv2_phase5,dermmnist,MobileNetV3,L70_G70,data/dermmnist/slice_1,4,3,70,70,0,0.0,0.7918,0.7908,0.0010000000000000009,0.0,0.0011666666666666492,-0.0010000000000000009,-2.0,0.0006000000000000033,1,1,results/pending_runs/paperv2_phase5/L70_G70/tralo/seed_3,results/pending_runs/paperv2_phase5/L70_G70/hounie_rcl/seed_3
paperv2_phase5,dermmnist,MobileNetV3,L70_G70,data/dermmnist/slice_1,4,1,70,70,0,0.0,0.7848,0.7838,0.0010000000000000009,0.0,0.0011499999999999844,-0.000500000000000056,-14.0,-0.0021000000000000046,1,1,results/pending_runs/paperv2_phase5/L70_G70/tralo/seed_1,results/pending_runs/paperv2_phase5/L70_G70/hounie_rcl/seed_1
paperv2_phase5,dermmnist,MobileNetV3,L70_G70,data/dermmnist/slice_1,4,2,70,70,0,0.0,0.7761,0.7788,-0.0027000000000000357,0.005299999999999971,-0.004033333333333444,0.0,-12.0,-0.0029,1,1,results/pending_runs/paperv2_phase5/L70_G70/tralo/seed_2,results/pending_runs/paperv2_phase5/L70_G70/hounie_rcl/seed_2
paperv2_phase5,dermmnist,MobileNetV3,L30_G30,data/dermmnist/slice_1,4,4,30,30,0,0.0,0.7318,0.7369,-0.005099999999999993,0.0,-0.005999999999999894,0.0004999999999999449,-10.0,-0.004599999999999993,1,1,results/pending_runs/paperv2_phase5/L30_G30/tralo/seed_4,results/pending_runs/paperv2_phase5/L30_G30/hounie_rcl/seed_4
paperv2_phase5,dermmnist,MobileNetV3,L30_G30,data/dermmnist/slice_1,4,3,30,30,0,0.0,0.7401,0.7278,0.012299999999999978,0.006900000000000017,0.013166666666666771,0.0035000000000000586,-23.0,-0.0040999999999999925,1,1,results/pending_runs/paperv2_phase5/L30_G30/tralo/seed_3,results/pending_runs/paperv2_phase5/L30_G30/hounie_rcl/seed_3
paperv2_phase5,dermmnist,MobileNetV3,L30_G30,data/dermmnist/slice_1,4,1,30,30,0,0.0,0.7181,0.7134,0.0046999999999999265,0.0,0.00543333333333329,0.0030000000000000027,-9.0,-0.007699999999999985,1,1,results/pending_runs/paperv2_phase5/L30_G30/tralo/seed_1,results/pending_runs/paperv2_phase5/L30_G30/hounie_rcl/seed_1
paperv2_phase5,dermmnist,MobileNetV3,L30_G30,data/dermmnist/slice_1,4,2,30,30,0,0.0,0.7373,0.7351,0.0021999999999999797,-0.006900000000000017,0.003666666666666707,-0.0004999999999999449,-4.0,-0.0024000000000000132,1,1,results/pending_runs/paperv2_phase5/L30_G30/tralo/seed_2,results/pending_runs/paperv2_phase5/L30_G30/hounie_rcl/seed_2
paperv2_phase5,dermmnist,MobileNetV3,L50_G50,data/dermmnist/slice_1,4,4,50,50,0,0.0,0.7614,0.7564,0.0050000000000000044,0.006000000000000005,0.004866666666666686,0.0010000000000000009,-17.0,-0.003500000000000003,1,1,results/pending_runs/paperv2_phase5/L50_G50/tralo/seed_4,results/pending_runs/paperv2_phase5/L50_G50/hounie_rcl/seed_4
paperv2_phase5,dermmnist,MobileNetV3,L50_G50,data/dermmnist/slice_1,4,3,50,50,0,0.0,0.7767,0.7824,-0.005700000000000038,0.0,-0.006649999999999934,-0.0020000000000000018,-5.0,-0.0005000000000000004,1,1,results/pending_runs/paperv2_phase5/L50_G50/tralo/seed_3,results/pending_runs/paperv2_phase5/L50_G50/hounie_rcl/seed_3
paperv2_phase5,dermmnist,MobileNetV3,L50_G50,data/dermmnist/slice_1,4,1,50,50,0,0.0,0.7611,0.7474,0.013700000000000045,0.0,0.01601666666666668,0.007499999999999951,-17.0,-0.011300000000000004,1,1,results/pending_runs/paperv2_phase5/L50_G50/tralo/seed_1,results/pending_runs/paperv2_phase5/L50_G50/hounie_rcl/seed_1
paperv2_phase5,dermmnist,MobileNetV3,L50_G50,data/dermmnist/slice_1,4,2,50,50,0,0.0,0.7504,0.7589,-0.008500000000000063,-0.006000000000000005,-0.008799999999999919,-0.0035000000000000586,-7.0,0.0015000000000000013,1,1,results/pending_runs/paperv2_phase5/L50_G50/tralo/seed_2,results/pending_runs/paperv2_phase5/L50_G50/hounie_rcl/seed_2
paperv2_phase5,dermmnist,MobileNetV3,L80_G80,data/dermmnist/slice_1,4,4,80,80,0,0.0,0.7914,0.7947,-0.0032999999999999696,-0.0033999999999999586,-0.0033166666666667455,-0.0020000000000000018,0.0,0.0039000000000000007,1,1,results/pending_runs/paperv2_phase5/L80_G80/tralo/seed_4,results/pending_runs/paperv2_phase5/L80_G80/hounie_rcl/seed_4
paperv2_phase5,dermmnist,MobileNetV3,L80_G80,data/dermmnist/slice_1,4,3,80,80,0,0.0,0.792,0.7931,-0.0010999999999999899,-0.008499999999999952,3.333333333321864e-05,-0.0015000000000000568,0.0,0.0034999999999999892,1,1,results/pending_runs/paperv2_phase5/L80_G80/tralo/seed_3,results/pending_runs/paperv2_phase5/L80_G80/hounie_rcl/seed_3
paperv2_phase5,dermmnist,MobileNetV3,L80_G80,data/dermmnist/slice_1,4,1,80,80,0,0.0,0.7742,0.7855,-0.011299999999999977,0.0033999999999999586,-0.0138166666666667,-0.0034999999999999476,0.0,0.010099999999999998,1,1,results/pending_runs/paperv2_phase5/L80_G80/tralo/seed_1,results/pending_runs/paperv2_phase5/L80_G80/hounie_rcl/seed_1
paperv2_phase5,dermmnist,MobileNetV3,L80_G80,data/dermmnist/slice_1,4,2,80,80,0,0.0,0.7849,0.7867,-0.0017999999999999128,-0.011700000000000044,-0.00018333333333331314,-0.0034999999999999476,0.0,0.0007000000000000062,1,1,results/pending_runs/paperv2_phase5/L80_G80/tralo/seed_2,results/pending_runs/paperv2_phase5/L80_G80/hounie_rcl/seed_2
aider_seed_ext,aider,MobileNetV3,L20_G20,data/aider/slice_1,0,8,20,20,0,0.0,0.8073,0.7628,0.044499999999999984,0.1312,0.015566666666666618,0.016800000000000037,-15.0,-0.0189,1,1,results/pending_runs/aider_seed_ext/L20_G20/tralo/seed_8,results/pending_runs/aider_seed_ext/L20_G20/hounie_rcl/seed_8
aider_seed_ext,aider,MobileNetV3,L20_G20,data/aider/slice_1,0,6,20,20,0,0.0,0.7879,0.7722,0.015700000000000047,0.016400000000000026,0.01546666666666674,0.007600000000000051,-18.0,-0.0184,1,1,results/pending_runs/aider_seed_ext/L20_G20/tralo/seed_6,results/pending_runs/aider_seed_ext/L20_G20/hounie_rcl/seed_6
aider_seed_ext,aider,MobileNetV3,L20_G20,data/aider/slice_1,0,7,20,20,0,0.0,0.7852,0.7676,0.01760000000000006,0.0,0.023533333333333295,0.01090000000000002,-14.0,-0.0266,1,1,results/pending_runs/aider_seed_ext/L20_G20/tralo/seed_7,results/pending_runs/aider_seed_ext/L20_G20/hounie_rcl/seed_7
aider_seed_ext,aider,MobileNetV3,L20_G20,data/aider/slice_1,0,5,20,20,0,0.0,0.7951,0.7836,0.011500000000000066,0.016400000000000026,0.00990000000000002,0.00759999999999994,-15.0,-0.01949999999999999,1,1,results/pending_runs/aider_seed_ext/L20_G20/tralo/seed_5,results/pending_runs/aider_seed_ext/L20_G20/hounie_rcl/seed_5
aider_seed_ext,aider,MobileNetV3,L70_G70,data/aider/slice_1,0,8,70,70,0,0.0,0.9377,0.9421,-0.0044000000000000705,0.0,-0.005866666666666576,-0.0008000000000000229,-32.0,-0.0225,1,1,results/pending_runs/aider_seed_ext/L70_G70/tralo/seed_8,results/pending_runs/aider_seed_ext/L70_G70/hounie_rcl/seed_8
aider_seed_ext,aider,MobileNetV3,L70_G70,data/aider/slice_1,0,6,70,70,0,0.0,0.9304,0.9211,0.009299999999999975,0.011599999999999944,0.008566666666666611,0.0051000000000001044,-20.0,-0.0172,1,1,results/pending_runs/aider_seed_ext/L70_G70/tralo/seed_6,results/pending_runs/aider_seed_ext/L70_G70/hounie_rcl/seed_6
aider_seed_ext,aider,MobileNetV3,L70_G70,data/aider/slice_1,0,7,70,70,0,0.0,0.9296,0.9205,0.009099999999999997,0.0,0.012033333333333451,0.005900000000000016,-34.0,-0.0288,1,1,results/pending_runs/aider_seed_ext/L70_G70/tralo/seed_7,results/pending_runs/aider_seed_ext/L70_G70/hounie_rcl/seed_7
aider_seed_ext,aider,MobileNetV3,L70_G70,data/aider/slice_1,0,5,70,70,0,0.0,0.9328,0.9332,-0.00040000000000006697,0.0,-0.00043333333333350765,0.0017000000000000348,-23.0,-0.020900000000000002,1,1,results/pending_runs/aider_seed_ext/L70_G70/tralo/seed_5,results/pending_runs/aider_seed_ext/L70_G70/hounie_rcl/seed_5
aider_seed_ext,aider,MobileNetV3,L30_G30,data/aider/slice_1,0,8,30,30,0,0.0,0.8426,0.8252,0.01739999999999997,0.060199999999999976,0.0031333333333333213,0.009199999999999986,-27.0,-0.03,1,1,results/pending_runs/aider_seed_ext/L30_G30/tralo/seed_8,results/pending_runs/aider_seed_ext/L30_G30/hounie_rcl/seed_8
aider_seed_ext,aider,MobileNetV3,L30_G30,data/aider/slice_1,0,6,30,30,0,0.0,0.8239,0.8057,0.018199999999999994,0.030100000000000016,0.01413333333333322,0.007600000000000051,-23.0,-0.02600000000000001,1,1,results/pending_runs/aider_seed_ext/L30_G30/tralo/seed_6,results/pending_runs/aider_seed_ext/L30_G30/hounie_rcl/seed_6
aider_seed_ext,aider,MobileNetV3,L30_G30,data/aider/slice_1,0,7,30,30,0,0.0,0.827,0.788,0.038999999999999924,0.030100000000000016,0.04193333333333327,0.020100000000000007,-28.0,-0.042899999999999994,1,1,results/pending_runs/aider_seed_ext/L30_G30/tralo/seed_7,results/pending_runs/aider_seed_ext/L30_G30/hounie_rcl/seed_7
aider_seed_ext,aider,MobileNetV3,L30_G30,data/aider/slice_1,0,5,30,30,0,0.0,0.8336,0.7984,0.03520000000000001,0.07519999999999999,0.02193333333333336,0.016799999999999926,-27.0,-0.032299999999999995,1,1,results/pending_runs/aider_seed_ext/L30_G30/tralo/seed_5,results/pending_runs/aider_seed_ext/L30_G30/hounie_rcl/seed_5
aider_seed_ext,aider,MobileNetV3,L80_G80,data/aider/slice_1,0,8,80,80,0,0.0,0.962,0.9633,-0.0013000000000000789,0.0,-0.0017666666666666941,-0.0008000000000000229,-18.0,-0.008899999999999998,1,1,results/pending_runs/aider_seed_ext/L80_G80/tralo/seed_8,results/pending_runs/aider_seed_ext/L80_G80/hounie_rcl/seed_8
aider_seed_ext,aider,MobileNetV3,L80_G80,data/aider/slice_1,0,6,80,80,0,0.0,0.9525,0.9522,0.00029999999999996696,0.0,0.0003666666666667373,0.0007999999999999119,-3.0,-0.0005999999999999998,1,1,results/pending_runs/aider_seed_ext/L80_G80/tralo/seed_6,results/pending_runs/aider_seed_ext/L80_G80/hounie_rcl/seed_6
aider_seed_ext,aider,MobileNetV3,L80_G80,data/aider/slice_1,0,7,80,80,0,0.0,0.9497,0.9468,0.0029000000000000137,0.0,0.0038333333333332442,0.0017000000000000348,-11.0,-0.010600000000000002,1,1,results/pending_runs/aider_seed_ext/L80_G80/tralo/seed_7,results/pending_runs/aider_seed_ext/L80_G80/hounie_rcl/seed_7
aider_seed_ext,aider,MobileNetV3,L80_G80,data/aider/slice_1,0,5,80,80,0,0.0,0.9548,0.9534,0.0013999999999999568,0.01090000000000002,-0.0018333333333333535,0.0025000000000000577,-31.0,-0.0246,1,1,results/pending_runs/aider_seed_ext/L80_G80/tralo/seed_5,results/pending_runs/aider_seed_ext/L80_G80/hounie_rcl/seed_5
class_rotation,aider,MobileNetV3,L50_G50,data/aider/slice_1,3,1,50,50,0,0.0,0.6906,0.7001,-0.009499999999999953,0.0016000000000000458,-0.013133333333333441,0.009200000000000097,-182.0,-0.17720000000000002,1,1,results/pending_runs/class_rotation/aider/MobileNetV3/constrained3_majority_73.9pct_L50_G50/tralo/seed_1,results/pending_runs/class_rotation/aider/MobileNetV3/constrained3_majority_73.9pct_L50_G50/hounie_rcl/seed_1
class_rotation,aider,MobileNetV3,L50_G50,data/aider/slice_1,3,2,50,50,0,0.0,0.6367,0.6365,0.000200000000000089,0.0,0.0002333333333331966,0.008400000000000074,-363.0,-0.29990000000000006,1,1,results/pending_runs/class_rotation/aider/MobileNetV3/constrained3_majority_73.9pct_L50_G50/tralo/seed_2,results/pending_runs/class_rotation/aider/MobileNetV3/constrained3_majority_73.9pct_L50_G50/hounie_rcl/seed_2
class_rotation,aider,MobileNetV3,L50_G50,data/aider/slice_1,2,1,50,50,0,0.0,0.8649,0.8485,0.01639999999999997,0.025499999999999967,0.013366666666666749,0.008399999999999963,-21.0,-0.026300000000000004,1,1,results/pending_runs/class_rotation/aider/MobileNetV3/constrained2_alt_smallB_8.8pct_L50_G50/tralo/seed_1,results/pending_runs/class_rotation/aider/MobileNetV3/constrained2_alt_smallB_8.8pct_L50_G50/hounie_rcl/seed_1
class_rotation,aider,MobileNetV3,L50_G50,data/aider/slice_1,2,2,50,50,0,0.0,0.8838,0.7729,0.1109,0.2293,0.07146666666666668,0.044499999999999984,-40.0,-0.051500000000000004,1,1,results/pending_runs/class_rotation/aider/MobileNetV3/constrained2_alt_smallB_8.8pct_L50_G50/tralo/seed_2,results/pending_runs/class_rotation/aider/MobileNetV3/constrained2_alt_smallB_8.8pct_L50_G50/hounie_rcl/seed_2
class_rotation,aider,MobileNetV3,L50_G50,data/aider/slice_1,1,1,50,50,0,0.0,0.8732,0.8672,0.006000000000000005,0.0,0.007933333333333459,0.0041999999999999815,-20.0,-0.0249,1,1,results/pending_runs/class_rotation/aider/MobileNetV3/constrained1_alt_smallA_8.7pct_L50_G50/tralo/seed_1,results/pending_runs/class_rotation/aider/MobileNetV3/constrained1_alt_smallA_8.7pct_L50_G50/hounie_rcl/seed_1
class_rotation,aider,MobileNetV3,L50_G50,data/aider/slice_1,1,2,50,50,0,0.0,0.8789,0.778,0.10089999999999999,0.05130000000000001,0.11743333333333339,0.04710000000000003,-39.0,-0.066,1,1,results/pending_runs/class_rotation/aider/MobileNetV3/constrained1_alt_smallA_8.7pct_L50_G50/tralo/seed_2,results/pending_runs/class_rotation/aider/MobileNetV3/constrained1_alt_smallA_8.7pct_L50_G50/hounie_rcl/seed_2
class_rotation,dermmnist,MobileNetV3,L50_G50,data/dermmnist/slice_1,0,1,50,50,0,0.0,0.7332,0.7049,0.028299999999999992,0.14100000000000001,0.009583333333333388,0.00649999999999995,0.0,-0.0006000000000000033,1,1,results/pending_runs/class_rotation/dermmnist/MobileNetV3/constrained0_small_3.2pct_L50_G50/tralo/seed_1,results/pending_runs/class_rotation/dermmnist/MobileNetV3/constrained0_small_3.2pct_L50_G50/hounie_rcl/seed_1
class_rotation,dermmnist,MobileNetV3,L50_G50,data/dermmnist/slice_1,0,2,50,50,0,0.0,0.7442,0.6933,0.050899999999999945,0.3147,0.006866666666666688,0.01100000000000001,0.0,-0.012500000000000011,1,1,results/pending_runs/class_rotation/dermmnist/MobileNetV3/constrained0_small_3.2pct_L50_G50/tralo/seed_2,results/pending_runs/class_rotation/dermmnist/MobileNetV3/constrained0_small_3.2pct_L50_G50/hounie_rcl/seed_2
class_rotation,dermmnist,MobileNetV3,L50_G50,data/dermmnist/slice_1,2,1,50,50,0,0.0,0.7597,0.7511,0.008600000000000052,0.006099999999999994,0.00896666666666679,0.00550000000000006,-52.0,-0.025300000000000003,1,1,results/pending_runs/class_rotation/dermmnist/MobileNetV3/constrained2_midsize_11.0pct_L50_G50/tralo/seed_1,results/pending_runs/class_rotation/dermmnist/MobileNetV3/constrained2_midsize_11.0pct_L50_G50/hounie_rcl/seed_1
class_rotation,dermmnist,MobileNetV3,L50_G50,data/dermmnist/slice_1,2,2,50,50,0,0.0,0.7387,0.7197,0.019000000000000017,0.04849999999999999,0.014033333333333342,0.007500000000000062,-73.0,-0.026800000000000004,1,1,results/pending_runs/class_rotation/dermmnist/MobileNetV3/constrained2_midsize_11.0pct_L50_G50/tralo/seed_2,results/pending_runs/class_rotation/dermmnist/MobileNetV3/constrained2_midsize_11.0pct_L50_G50/hounie_rcl/seed_2
class_rotation,tissuemnist,MobileNetV3,L50_G50,data/tissuemnist/slice_1,2,1,50,50,0,0.0,0.4062,0.3959,0.010300000000000031,0.04780000000000001,0.0048857142857142155,0.0012999999999999678,0.0,-0.0049000000000000155,1,1,results/pending_runs/class_rotation/tissuemnist/MobileNetV3/constrained2_smallest_3.5pct_L50_G50/tralo/seed_1,results/pending_runs/class_rotation/tissuemnist/MobileNetV3/constrained2_smallest_3.5pct_L50_G50/hounie_rcl/seed_1
class_rotation,tissuemnist,MobileNetV3,L50_G50,data/tissuemnist/slice_1,2,2,50,50,0,0.0,0.4228,0.4102,0.0126,0.06890000000000002,0.0045999999999999375,-0.0029000000000000137,0.0,-0.0047000000000000375,1,1,results/pending_runs/class_rotation/tissuemnist/MobileNetV3/constrained2_smallest_3.5pct_L50_G50/tralo/seed_2,results/pending_runs/class_rotation/tissuemnist/MobileNetV3/constrained2_smallest_3.5pct_L50_G50/hounie_rcl/seed_2
class_rotation,tissuemnist,MobileNetV3,L50_G50,data/tissuemnist/slice_1,0,1,50,50,0,0.0,0.4039,0.3832,0.020699999999999996,0.012199999999999989,0.02194285714285721,0.023299999999999987,-59.0,-0.03540000000000004,1,1,results/pending_runs/class_rotation/tissuemnist/MobileNetV3/constrained0_largest_32.1pct_L50_G50/tralo/seed_1,results/pending_runs/class_rotation/tissuemnist/MobileNetV3/constrained0_largest_32.1pct_L50_G50/hounie_rcl/seed_1
class_rotation,tissuemnist,MobileNetV3,L50_G50,data/tissuemnist/slice_1,0,2,50,50,0,0.0,0.4046,0.3956,0.009000000000000008,0.005199999999999982,0.009585714285714309,0.014200000000000046,-47.0,-0.024899999999999978,1,1,results/pending_runs/class_rotation/tissuemnist/MobileNetV3/constrained0_largest_32.1pct_L50_G50/tralo/seed_2,results/pending_runs/class_rotation/tissuemnist/MobileNetV3/constrained0_largest_32.1pct_L50_G50/hounie_rcl/seed_2
class_rotation,tissuemnist,MobileNetV3,L50_G50,data/tissuemnist/slice_1,7,1,50,50,0,0.0,0.4185,0.4061,0.012399999999999967,0.08100000000000002,0.00254285714285718,0.0050000000000000044,0.0,-0.013500000000000012,1,1,results/pending_runs/class_rotation/tissuemnist/MobileNetV3/constrained7_mid_14.9pct_L50_G50/tralo/seed_1,results/pending_runs/class_rotation/tissuemnist/MobileNetV3/constrained7_mid_14.9pct_L50_G50/hounie_rcl/seed_1
class_rotation,tissuemnist,MobileNetV3,L50_G50,data/tissuemnist/slice_1,7,2,50,50,0,0.0,0.4259,0.425,0.0009000000000000119,0.02290000000000003,-0.002242857142857213,0.0016999999999999238,0.0,-0.0014000000000000123,1,1,results/pending_runs/class_rotation/tissuemnist/MobileNetV3/constrained7_mid_14.9pct_L50_G50/tralo/seed_2,results/pending_runs/class_rotation/tissuemnist/MobileNetV3/constrained7_mid_14.9pct_L50_G50/hounie_rcl/seed_2
octmnist_smoke,octmnist,MobileNetV3,L30_G30,data/octmnist/slice_1,2,1,30,30,0,0.0,0.6358,0.5722,0.06359999999999999,0.1857,0.022966666666666802,0.041000000000000036,0.0,-0.045399999999999996,1,1,results/pending_runs/octmnist_smoke/MobileNetV3/L30_G30/tralo/seed_1,results/pending_runs/octmnist_smoke/MobileNetV3/L30_G30/hounie_rcl/seed_1
octmnist_smoke,octmnist,MobileNetV3,L30_G30,data/octmnist/slice_1,2,2,30,30,0,0.0,0.6397,0.5571,0.0826,0.23529999999999998,0.03166666666666673,0.05600000000000005,0.0,-0.07239999999999999,1,1,results/pending_runs/octmnist_smoke/MobileNetV3/L30_G30/tralo/seed_2,results/pending_runs/octmnist_smoke/MobileNetV3/L30_G30/hounie_rcl/seed_2
octmnist_smoke,octmnist,MobileNetV3,L50_G50,data/octmnist/slice_1,2,1,50,50,0,0.0,0.7062,0.6824,0.023800000000000043,0.04269999999999996,0.01753333333333329,0.02100000000000002,-58.0,-0.046800000000000036,1,1,results/pending_runs/octmnist_smoke/MobileNetV3/L50_G50/tralo/seed_1,results/pending_runs/octmnist_smoke/MobileNetV3/L50_G50/hounie_rcl/seed_1
octmnist_smoke,octmnist,MobileNetV3,L50_G50,data/octmnist/slice_1,2,2,50,50,0,0.0,0.7177,0.7083,0.009399999999999964,0.015999999999999903,0.007300000000000084,0.006000000000000005,-52.0,-0.03820000000000001,1,1,results/pending_runs/octmnist_smoke/MobileNetV3/L50_G50/tralo/seed_2,results/pending_runs/octmnist_smoke/MobileNetV3/L50_G50/hounie_rcl/seed_2
octmnist_expansion,octmnist,MobileNetV3,L30_G50,data/octmnist/slice_1,2,4,30,50,1,0.0,0.695,0.6919,0.0030999999999999917,0.018400000000000027,-0.0019999999999998908,-0.0010000000000000009,-57.0,-0.040299999999999975,1,1,results/pending_runs/octmnist_expansion/MobileNetV3/L30_G50/tralo/seed_4,results/pending_runs/octmnist_expansion/MobileNetV3/L30_G50/hounie_rcl/seed_4
octmnist_expansion,octmnist,MobileNetV3,L30_G50,data/octmnist/slice_1,2,3,30,50,1,0.0,0.6126,0.6306,-0.018000000000000016,0.024500000000000022,-0.032199999999999895,-0.019000000000000017,-45.0,-0.00030000000000002247,1,1,results/pending_runs/octmnist_expansion/MobileNetV3/L30_G50/tralo/seed_3,results/pending_runs/octmnist_expansion/MobileNetV3/L30_G50/hounie_rcl/seed_3
octmnist_expansion,octmnist,MobileNetV3,L30_G50,data/octmnist/slice_1,2,1,30,50,1,0.0,0.6591,0.6293,0.02980000000000005,0.030700000000000005,0.02956666666666652,0.028000000000000025,-42.0,-0.0587,1,1,results/pending_runs/octmnist_expansion/MobileNetV3/L30_G50/tralo/seed_1,results/pending_runs/octmnist_expansion/MobileNetV3/L30_G50/hounie_rcl/seed_1
octmnist_expansion,octmnist,MobileNetV3,L30_G50,data/octmnist/slice_1,2,2,30,50,1,0.0,0.656,0.6441,0.011900000000000022,-0.006200000000000039,0.017933333333333246,0.015000000000000013,-36.0,-0.05890000000000001,1,1,results/pending_runs/octmnist_expansion/MobileNetV3/L30_G50/tralo/seed_2,results/pending_runs/octmnist_expansion/MobileNetV3/L30_G50/hounie_rcl/seed_2
octmnist_expansion,octmnist,MobileNetV3,L30_G30,data/octmnist/slice_1,2,4,30,30,0,0.0,0.6997,0.644,0.05569999999999997,0.1888,0.011333333333333306,0.028000000000000025,0.0,-0.027100000000000013,1,1,results/pending_runs/octmnist_expansion/MobileNetV3/L30_G30/tralo/seed_4,results/pending_runs/octmnist_expansion/MobileNetV3/L30_G30/hounie_rcl/seed_4
octmnist_expansion,octmnist,MobileNetV3,L30_G30,data/octmnist/slice_1,2,3,30,30,0,0.0,0.6216,0.5609,0.06070000000000009,0.1775,0.02176666666666649,0.03600000000000003,0.0,-0.0368,1,1,results/pending_runs/octmnist_expansion/MobileNetV3/L30_G30/tralo/seed_3,results/pending_runs/octmnist_expansion/MobileNetV3/L30_G30/hounie_rcl/seed_3
octmnist_expansion,octmnist,MobileNetV3,L30_G30,data/octmnist/slice_1,2,1,30,30,0,0.0,0.6358,0.569,0.06680000000000008,0.19160000000000002,0.025133333333333452,0.04200000000000004,0.0,-0.04770000000000002,1,1,results/pending_runs/octmnist_expansion/MobileNetV3/L30_G30/tralo/seed_1,results/pending_runs/octmnist_expansion/MobileNetV3/L30_G30/hounie_rcl/seed_1
octmnist_expansion,octmnist,MobileNetV3,L30_G30,data/octmnist/slice_1,2,2,30,30,0,0.0,0.6397,0.5727,0.06700000000000006,0.1959,0.02400000000000002,0.04400000000000004,0.0,-0.06139999999999998,1,1,results/pending_runs/octmnist_expansion/MobileNetV3/L30_G30/tralo/seed_2,results/pending_runs/octmnist_expansion/MobileNetV3/L30_G30/hounie_rcl/seed_2
octmnist_expansion,octmnist,MobileNetV3,L50_G50,data/octmnist/slice_1,2,4,50,50,0,0.0,0.7079,0.7606,-0.05270000000000008,-0.058699999999999974,-0.05063333333333353,-0.052000000000000046,-35.0,0.022799999999999987,1,1,results/pending_runs/octmnist_expansion/MobileNetV3/L50_G50/tralo/seed_4,results/pending_runs/octmnist_expansion/MobileNetV3/L50_G50/hounie_rcl/seed_4
octmnist_expansion,octmnist,MobileNetV3,L50_G50,data/octmnist/slice_1,2,3,50,50,0,0.0,0.6829,0.6606,0.022299999999999986,0.026599999999999957,0.02083333333333337,0.019999999999999907,-38.0,-0.026199999999999973,1,1,results/pending_runs/octmnist_expansion/MobileNetV3/L50_G50/tralo/seed_3,results/pending_runs/octmnist_expansion/MobileNetV3/L50_G50/hounie_rcl/seed_3
octmnist_expansion,octmnist,MobileNetV3,L50_G50,data/octmnist/slice_1,2,1,50,50,0,0.0,0.7062,0.6824,0.023800000000000043,0.04269999999999996,0.01753333333333329,0.02100000000000002,-58.0,-0.046800000000000036,1,1,results/pending_runs/octmnist_expansion/MobileNetV3/L50_G50/tralo/seed_1,results/pending_runs/octmnist_expansion/MobileNetV3/L50_G50/hounie_rcl/seed_1
octmnist_expansion,octmnist,MobileNetV3,L50_G50,data/octmnist/slice_1,2,2,50,50,0,0.0,0.7177,0.7083,0.009399999999999964,0.015999999999999903,0.007300000000000084,0.006000000000000005,-52.0,-0.03820000000000001,1,1,results/pending_runs/octmnist_expansion/MobileNetV3/L50_G50/tralo/seed_2,results/pending_runs/octmnist_expansion/MobileNetV3/L50_G50/hounie_rcl/seed_2
cifar100_smalltrain,cifar100,MobileNetV3,L30_G30,data/cifar100_subset5/slice_1,0,1,30,30,0,0.0,0.3329,0.3287,0.0041999999999999815,0.015300000000000008,0.004088888888888864,0.0019000000000000128,-1.0,0.003899999999999987,1,1,results/pending_runs/cifar100_smalltrain/subset5/MobileNetV3/L30_G30/tralo/seed_1,results/pending_runs/cifar100_smalltrain/subset5/MobileNetV3/L30_G30/hounie_rcl/seed_1
cifar100_smalltrain,cifar100,MobileNetV3,L30_G30,data/cifar100_subset5/slice_1,0,2,30,30,0,0.0,0.3375,0.3369,0.0006000000000000449,0.0,0.0005949494949493705,-0.0001000000000000445,7.0,0.005299999999999999,1,1,results/pending_runs/cifar100_smalltrain/subset5/MobileNetV3/L30_G30/tralo/seed_2,results/pending_runs/cifar100_smalltrain/subset5/MobileNetV3/L30_G30/hounie_rcl/seed_2
cifar100_smalltrain,cifar100,MobileNetV3,L50_G50,data/cifar100_subset5/slice_1,0,1,50,50,0,0.0,0.3372,0.3305,0.006699999999999984,0.206,0.0046999999999999265,0.0015000000000000013,0.0,0.004999999999999977,1,1,results/pending_runs/cifar100_smalltrain/subset5/MobileNetV3/L50_G50/tralo/seed_1,results/pending_runs/cifar100_smalltrain/subset5/MobileNetV3/L50_G50/hounie_rcl/seed_1
cifar100_smalltrain,cifar100,MobileNetV3,L50_G50,data/cifar100_subset5/slice_1,0,2,50,50,0,0.0,0.3402,0.3375,0.00269999999999998,0.01419999999999999,0.0025868686868687485,0.0020999999999999908,0.0,-0.0006999999999999784,1,1,results/pending_runs/cifar100_smalltrain/subset5/MobileNetV3/L50_G50/tralo/seed_2,results/pending_runs/cifar100_smalltrain/subset5/MobileNetV3/L50_G50/hounie_rcl/seed_2
cifar100_smalltrain,cifar100,MobileNetV3,L30_G30,data/cifar100_subset50/slice_1,0,1,30,30,0,0.0,0.6076,0.6418,-0.03420000000000001,0.0,-0.03449898989898981,-0.0343,-57.0,0.0262,1,0,results/pending_runs/cifar100_smalltrain/subset50/MobileNetV3/L30_G30/tralo/seed_1,results/pending_runs/cifar100_smalltrain/subset50/MobileNetV3/L30_G30/hounie_rcl/seed_1
cifar100_smalltrain,cifar100,MobileNetV3,L30_G30,data/cifar100_subset50/slice_1,0,2,30,30,0,0.0,0.6173,0.6355,-0.018199999999999994,-0.015300000000000036,-0.018217171717171632,-0.018000000000000016,-63.0,0.015899999999999997,1,0,results/pending_runs/cifar100_smalltrain/subset50/MobileNetV3/L30_G30/tralo/seed_2,results/pending_runs/cifar100_smalltrain/subset50/MobileNetV3/L30_G30/hounie_rcl/seed_2
cifar100_smalltrain,cifar100,MobileNetV3,L50_G50,data/cifar100_subset50/slice_1,0,1,50,50,0,0.0,0.6284,0.6433,-0.014900000000000024,-0.009000000000000008,-0.014895959595959574,-0.01440000000000008,-45.0,0.010199999999999987,1,0,results/pending_runs/cifar100_smalltrain/subset50/MobileNetV3/L50_G50/tralo/seed_1,results/pending_runs/cifar100_smalltrain/subset50/MobileNetV3/L50_G50/hounie_rcl/seed_1
cifar100_smalltrain,cifar100,MobileNetV3,L50_G50,data/cifar100_subset50/slice_1,0,2,50,50,0,0.0,0.6272,0.6392,-0.01200000000000001,-0.022399999999999975,-0.01195454545454544,-0.0121,-46.0,0.011899999999999994,1,0,results/pending_runs/cifar100_smalltrain/subset50/MobileNetV3/L50_G50/tralo/seed_2,results/pending_runs/cifar100_smalltrain/subset50/MobileNetV3/L50_G50/hounie_rcl/seed_2
cifar100_smalltrain,cifar100,MobileNetV3,L30_G30,data/cifar100_subset10/slice_1,0,1,30,30,0,0.0,0.4383,0.4318,0.006500000000000006,0.0,0.006631313131313155,0.00610000000000005,-5.0,-0.005299999999999971,1,1,results/pending_runs/cifar100_smalltrain/subset10/MobileNetV3/L30_G30/tralo/seed_1,results/pending_runs/cifar100_smalltrain/subset10/MobileNetV3/L30_G30/hounie_rcl/seed_1
cifar100_smalltrain,cifar100,MobileNetV3,L30_G30,data/cifar100_subset10/slice_1,0,2,30,30,0,0.0,0.4322,0.4302,0.0019999999999999463,0.0,0.0020282828282828236,0.0016000000000000458,-6.0,-0.0006999999999999784,1,1,results/pending_runs/cifar100_smalltrain/subset10/MobileNetV3/L30_G30/tralo/seed_2,results/pending_runs/cifar100_smalltrain/subset10/MobileNetV3/L30_G30/hounie_rcl/seed_2
cifar100_smalltrain,cifar100,MobileNetV3,L50_G50,data/cifar100_subset10/slice_1,0,1,50,50,0,0.0,0.443,0.4418,0.0011999999999999789,0.08440000000000003,0.00034242424242414415,0.00019999999999997797,0.0,0.001700000000000007,1,1,results/pending_runs/cifar100_smalltrain/subset10/MobileNetV3/L50_G50/tralo/seed_1,results/pending_runs/cifar100_smalltrain/subset10/MobileNetV3/L50_G50/hounie_rcl/seed_1
cifar100_smalltrain,cifar100,MobileNetV3,L50_G50,data/cifar100_subset10/slice_1,0,2,50,50,0,0.0,0.4375,0.431,0.006500000000000006,0.17460000000000003,0.004802020202020252,0.005400000000000016,0.0,-0.0027000000000000357,1,1,results/pending_runs/cifar100_smalltrain/subset10/MobileNetV3/L50_G50/tralo/seed_2,results/pending_runs/cifar100_smalltrain/subset10/MobileNetV3/L50_G50/hounie_rcl/seed_2
new_dataset_probes,retinamnist,MobileNetV3,L30_G30,data/retinamnist/slice_1,4,1,30,30,0,0.0,0.3611,0.3535,0.007599999999999996,-0.07689999999999997,0.028725000000000056,0.0025000000000000577,-3.0,-0.014499999999999957,1,1,results/pending_runs/new_dataset_probes/retinamnist/MobileNetV3/L30_G30/tralo/seed_1,results/pending_runs/new_dataset_probes/retinamnist/MobileNetV3/L30_G30/hounie_rcl/seed_1
new_dataset_probes,retinamnist,MobileNetV3,L30_G30,data/retinamnist/slice_1,4,2,30,30,0,0.0,0.2845,0.278,0.00649999999999995,0.0,0.008049999999999946,0.007500000000000007,-1.0,-0.011200000000000043,1,1,results/pending_runs/new_dataset_probes/retinamnist/MobileNetV3/L30_G30/tralo/seed_2,results/pending_runs/new_dataset_probes/retinamnist/MobileNetV3/L30_G30/hounie_rcl/seed_2
new_dataset_probes,retinamnist,MobileNetV3,L50_G50,data/retinamnist/slice_1,4,1,50,50,0,0.0,0.3677,0.3444,0.023300000000000043,0.0,0.02905000000000002,0.0024999999999999467,-7.0,-0.02350000000000002,1,1,results/pending_runs/new_dataset_probes/retinamnist/MobileNetV3/L50_G50/tralo/seed_1,results/pending_runs/new_dataset_probes/retinamnist/MobileNetV3/L50_G50/hounie_rcl/seed_1
new_dataset_probes,retinamnist,MobileNetV3,L50_G50,data/retinamnist/slice_1,4,2,50,50,0,0.0,0.2888,0.2898,-0.0010000000000000009,0.0,-0.0012750000000000261,-0.0025000000000000022,-5.0,0.0005999999999999894,1,1,results/pending_runs/new_dataset_probes/retinamnist/MobileNetV3/L50_G50/tralo/seed_2,results/pending_runs/new_dataset_probes/retinamnist/MobileNetV3/L50_G50/hounie_rcl/seed_2
new_dataset_probes,cifar100,MobileNetV3,L30_G30,data/cifar100/slice_1,0,1,30,30,0,0.0,0.7857,0.8012,-0.01550000000000007,0.0,-0.01566060606060582,-0.015900000000000025,-29.0,0.01579999999999998,1,0,results/pending_runs/new_dataset_probes/cifar100/MobileNetV3/L30_G30/tralo/seed_1,results/pending_runs/new_dataset_probes/cifar100/MobileNetV3/L30_G30/hounie_rcl/seed_1
new_dataset_probes,cifar100,MobileNetV3,L30_G30,data/cifar100/slice_1,0,2,30,30,0,0.0,0.7776,0.8009,-0.023299999999999987,0.0,-0.023468686868687083,-0.024800000000000044,-44.0,0.02210000000000001,1,0,results/pending_runs/new_dataset_probes/cifar100/MobileNetV3/L30_G30/tralo/seed_2,results/pending_runs/new_dataset_probes/cifar100/MobileNetV3/L30_G30/hounie_rcl/seed_2
new_dataset_probes,cifar100,MobileNetV3,L50_G50,data/cifar100/slice_1,0,1,50,50,0,0.0,0.7976,0.8085,-0.01090000000000002,-0.018199999999999994,-0.010871717171717532,-0.01090000000000002,-26.0,0.01050000000000001,1,0,results/pending_runs/new_dataset_probes/cifar100/MobileNetV3/L50_G50/tralo/seed_1,results/pending_runs/new_dataset_probes/cifar100/MobileNetV3/L50_G50/hounie_rcl/seed_1
new_dataset_probes,cifar100,MobileNetV3,L50_G50,data/cifar100/slice_1,0,2,50,50,0,0.0,0.7903,0.8031,-0.012800000000000034,-0.02739999999999998,-0.012616161616161858,-0.013599999999999945,-38.0,0.010800000000000004,1,0,results/pending_runs/new_dataset_probes/cifar100/MobileNetV3/L50_G50/tralo/seed_2,results/pending_runs/new_dataset_probes/cifar100/MobileNetV3/L50_G50/hounie_rcl/seed_2
