sweep,dataset,model,constraint_tag,data_dir,constrained_class,seed,tight_L_pct,tight_G_pct,is_asymmetric,sigma,tralo_macro_f1,fioretto_ldf_macro_f1,d_macro_f1,d_f1_cstr,d_f1_unc,d_acc,d_flips,d_ece,tralo_sat,fioretto_ldf_sat,tralo_path,fioretto_ldf_path
contamination_clean,aider,MobileNetV3,L20_G20,data/aider/slice_1,0,1,20,20,0,0.0,0.7818,0.7789,0.0029000000000000137,0.0,0.003866666666666685,0.0017000000000000348,-3.0,-0.004699999999999996,1,1,results/pending_runs/contamination_clean/aider/L20_G20/tralo/seed_1,results/pending_runs/contamination_clean/aider/L20_G20/fioretto_ldf/seed_1
contamination_clean,aider,MobileNetV3,L20_G20,data/aider/slice_1,0,2,20,20,0,0.0,0.7849,0.7834,0.0015000000000000568,0.0,0.001966666666666672,0.0009000000000000119,-8.0,-0.00520000000000001,1,1,results/pending_runs/contamination_clean/aider/L20_G20/tralo/seed_2,results/pending_runs/contamination_clean/aider/L20_G20/fioretto_ldf/seed_2
contamination_clean,aider,MobileNetV3,L70_G70,data/aider/slice_1,0,1,70,70,0,0.0,0.9292,0.9249,0.0042999999999999705,0.0,0.005799999999999916,0.0025000000000000577,-3.0,0.000900000000000005,1,1,results/pending_runs/contamination_clean/aider/L70_G70/tralo/seed_1,results/pending_runs/contamination_clean/aider/L70_G70/fioretto_ldf/seed_1
contamination_clean,aider,MobileNetV3,L70_G70,data/aider/slice_1,0,2,70,70,0,0.0,0.9261,0.9261,0.0,0.0,0.0,0.0,-1.0,-0.0017000000000000001,1,1,results/pending_runs/contamination_clean/aider/L70_G70/tralo/seed_2,results/pending_runs/contamination_clean/aider/L70_G70/fioretto_ldf/seed_2
contamination_clean,aider,MobileNetV3,L30_G30,data/aider/slice_1,0,1,30,30,0,0.0,0.8212,0.8182,0.0030000000000000027,0.0,0.003933333333333344,0.0017000000000000348,-8.0,-0.008300000000000002,1,1,results/pending_runs/contamination_clean/aider/L30_G30/tralo/seed_1,results/pending_runs/contamination_clean/aider/L30_G30/fioretto_ldf/seed_1
contamination_clean,aider,MobileNetV3,L30_G30,data/aider/slice_1,0,2,30,30,0,0.0,0.8271,0.8257,0.0013999999999999568,0.0,0.00196666666666645,0.0008000000000000229,-4.0,-0.0034000000000000002,1,1,results/pending_runs/contamination_clean/aider/L30_G30/tralo/seed_2,results/pending_runs/contamination_clean/aider/L30_G30/fioretto_ldf/seed_2
contamination_clean,aider,MobileNetV3,L50_G50,data/aider/slice_1,0,1,50,50,0,0.0,0.8811,0.8797,0.0013999999999999568,0.0,0.0018666666666666831,0.0009000000000000119,-5.0,-0.004400000000000001,1,1,results/pending_runs/contamination_clean/aider/L50_G50/tralo/seed_1,results/pending_runs/contamination_clean/aider/L50_G50/fioretto_ldf/seed_1
contamination_clean,aider,MobileNetV3,L50_G50,data/aider/slice_1,0,2,50,50,0,0.0,0.8855,0.8813,0.0041999999999999815,0.0,0.005700000000000038,0.0024999999999999467,-6.0,-0.0051,1,1,results/pending_runs/contamination_clean/aider/L50_G50/tralo/seed_2,results/pending_runs/contamination_clean/aider/L50_G50/fioretto_ldf/seed_2
contamination_clean,dermmnist,MobileNetV3,L20_G20,data/dermmnist/slice_1,4,1,20,20,0,0.0,0.6905,0.6899,0.0006000000000000449,0.0,0.0006499999999998174,0.0030000000000000027,-3.0,-0.002599999999999991,1,1,results/pending_runs/contamination_clean/dermmnist/L20_G20/tralo/seed_1,results/pending_runs/contamination_clean/dermmnist/L20_G20/fioretto_ldf/seed_1
contamination_clean,dermmnist,MobileNetV3,L20_G20,data/dermmnist/slice_1,4,2,20,20,0,0.0,0.7105,0.7107,-0.00019999999999997797,0.0,-0.0002666666666666373,-0.000500000000000056,-6.0,-0.001799999999999996,1,1,results/pending_runs/contamination_clean/dermmnist/L20_G20/tralo/seed_2,results/pending_runs/contamination_clean/dermmnist/L20_G20/fioretto_ldf/seed_2
contamination_clean,dermmnist,MobileNetV3,L70_G70,data/dermmnist/slice_1,4,1,70,70,0,0.0,0.7854,0.7826,0.0028000000000000247,0.010499999999999954,0.00158333333333327,0.0014999999999999458,-5.0,0.0009000000000000119,1,1,results/pending_runs/contamination_clean/dermmnist/L70_G70/tralo/seed_1,results/pending_runs/contamination_clean/dermmnist/L70_G70/fioretto_ldf/seed_1
contamination_clean,dermmnist,MobileNetV3,L70_G70,data/dermmnist/slice_1,4,2,70,70,0,0.0,0.7829,0.7837,-0.0007999999999999119,0.0,-0.001000000000000112,0.0004999999999999449,-17.0,-0.0016000000000000042,1,1,results/pending_runs/contamination_clean/dermmnist/L70_G70/tralo/seed_2,results/pending_runs/contamination_clean/dermmnist/L70_G70/fioretto_ldf/seed_2
contamination_clean,dermmnist,MobileNetV3,L30_G30,data/dermmnist/slice_1,4,1,30,30,0,0.0,0.7217,0.7152,0.006500000000000061,0.0,0.007633333333333492,0.00550000000000006,-12.0,-0.008300000000000002,1,1,results/pending_runs/contamination_clean/dermmnist/L30_G30/tralo/seed_1,results/pending_runs/contamination_clean/dermmnist/L30_G30/fioretto_ldf/seed_1
contamination_clean,dermmnist,MobileNetV3,L30_G30,data/dermmnist/slice_1,4,2,30,30,0,0.0,0.7372,0.7285,0.00869999999999993,0.006900000000000017,0.009033333333333449,0.0030000000000000027,10.0,0.0030000000000000027,1,0,results/pending_runs/contamination_clean/dermmnist/L30_G30/tralo/seed_2,results/pending_runs/contamination_clean/dermmnist/L30_G30/fioretto_ldf/seed_2
contamination_clean,dermmnist,MobileNetV3,L50_G50,data/dermmnist/slice_1,4,1,50,50,0,0.0,0.7649,0.7586,0.006299999999999972,0.0,0.007383333333333519,0.0030000000000000027,-5.0,-0.0013999999999999985,1,1,results/pending_runs/contamination_clean/dermmnist/L50_G50/tralo/seed_1,results/pending_runs/contamination_clean/dermmnist/L50_G50/fioretto_ldf/seed_1
contamination_clean,dermmnist,MobileNetV3,L50_G50,data/dermmnist/slice_1,4,2,50,50,0,0.0,0.7598,0.7562,0.0036000000000000476,-0.006000000000000005,0.005199999999999982,0.0,-11.0,0.0021000000000000046,1,0,results/pending_runs/contamination_clean/dermmnist/L50_G50/tralo/seed_2,results/pending_runs/contamination_clean/dermmnist/L50_G50/fioretto_ldf/seed_2
contamination_clean,tissuemnist,MobileNetV3,L20_G20,data/tissuemnist/slice_1,4,1,20,20,0,0.0,0.355,0.3509,0.0040999999999999925,-0.009700000000000014,0.006114285714285628,0.0009000000000000119,2.0,-0.0024000000000000132,1,0,results/pending_runs/contamination_clean/tissuemnist/L20_G20/tralo/seed_1,results/pending_runs/contamination_clean/tissuemnist/L20_G20/fioretto_ldf/seed_1
contamination_clean,tissuemnist,MobileNetV3,L20_G20,data/tissuemnist/slice_1,4,2,20,20,0,0.0,0.3612,0.3587,0.0025000000000000022,-0.009800000000000003,0.004257142857142904,-0.0033999999999999586,-4.0,0.0006999999999999784,1,1,results/pending_runs/contamination_clean/tissuemnist/L20_G20/tralo/seed_2,results/pending_runs/contamination_clean/tissuemnist/L20_G20/fioretto_ldf/seed_2
contamination_clean,tissuemnist,MobileNetV3,L70_G70,data/tissuemnist/slice_1,4,1,70,70,0,0.0,0.3734,0.375,-0.0015999999999999903,-0.006900000000000017,-0.0008571428571428896,0.0,-10.0,0.0,1,1,results/pending_runs/contamination_clean/tissuemnist/L70_G70/tralo/seed_1,results/pending_runs/contamination_clean/tissuemnist/L70_G70/fioretto_ldf/seed_1
contamination_clean,tissuemnist,MobileNetV3,L70_G70,data/tissuemnist/slice_1,4,2,70,70,0,0.0,0.4032,0.3907,0.012500000000000011,0.013799999999999979,0.012285714285714344,0.015000000000000013,-7.0,-0.01200000000000001,1,1,results/pending_runs/contamination_clean/tissuemnist/L70_G70/tralo/seed_2,results/pending_runs/contamination_clean/tissuemnist/L70_G70/fioretto_ldf/seed_2
contamination_clean,tissuemnist,MobileNetV3,L30_G30,data/tissuemnist/slice_1,4,1,30,30,0,0.0,0.3669,0.3598,0.007099999999999995,0.0,0.008171428571428552,0.005800000000000027,-5.0,-0.0005999999999999894,1,1,results/pending_runs/contamination_clean/tissuemnist/L30_G30/tralo/seed_1,results/pending_runs/contamination_clean/tissuemnist/L30_G30/fioretto_ldf/seed_1
contamination_clean,tissuemnist,MobileNetV3,L30_G30,data/tissuemnist/slice_1,4,2,30,30,0,0.0,0.3703,0.3697,0.0006000000000000449,-0.008999999999999952,0.0020714285714285574,-0.0008000000000000229,-2.0,0.003599999999999992,1,1,results/pending_runs/contamination_clean/tissuemnist/L30_G30/tralo/seed_2,results/pending_runs/contamination_clean/tissuemnist/L30_G30/fioretto_ldf/seed_2
contamination_clean,tissuemnist,MobileNetV3,L50_G50,data/tissuemnist/slice_1,4,1,50,50,0,0.0,0.3724,0.369,0.003400000000000014,0.04670000000000002,-0.00280000000000008,0.002100000000000102,-4.0,0.0014000000000000123,1,1,results/pending_runs/contamination_clean/tissuemnist/L50_G50/tralo/seed_1,results/pending_runs/contamination_clean/tissuemnist/L50_G50/fioretto_ldf/seed_1
contamination_clean,tissuemnist,MobileNetV3,L50_G50,data/tissuemnist/slice_1,4,2,50,50,0,0.0,0.3853,0.3842,0.0010999999999999899,0.0,0.0011714285714285455,0.0008000000000000229,-4.0,0.0017000000000000348,1,1,results/pending_runs/contamination_clean/tissuemnist/L50_G50/tralo/seed_2,results/pending_runs/contamination_clean/tissuemnist/L50_G50/fioretto_ldf/seed_2
contamination_tissuemnist,tissuemnist,MobileNetV3,L20_G20,data/tissuemnist_sigma20/slice_1,4,1,20,20,0,0.2,0.3412,0.339,0.0021999999999999797,0.009800000000000003,0.0011571428571427456,0.0,-5.0,-0.0006999999999999784,1,1,results/pending_runs/contamination_tissuemnist/sigma20/L20_G20/tralo/seed_1,results/pending_runs/contamination_tissuemnist/sigma20/L20_G20/fioretto_ldf/seed_1
contamination_tissuemnist,tissuemnist,MobileNetV3,L20_G20,data/tissuemnist_sigma20/slice_1,4,2,20,20,0,0.2,0.35,0.3544,-0.004400000000000015,0.009799999999999975,-0.006471428571428628,0.003699999999999981,0.0,0.0019000000000000128,1,0,results/pending_runs/contamination_tissuemnist/sigma20/L20_G20/tralo/seed_2,results/pending_runs/contamination_tissuemnist/sigma20/L20_G20/fioretto_ldf/seed_2
contamination_tissuemnist,tissuemnist,MobileNetV3,L70_G70,data/tissuemnist_sigma20/slice_1,4,1,70,70,0,0.2,0.3523,0.35,0.0023000000000000242,0.013800000000000034,0.0006285714285714228,-0.0030000000000000027,-11.0,0.002599999999999991,1,1,results/pending_runs/contamination_tissuemnist/sigma20/L70_G70/tralo/seed_1,results/pending_runs/contamination_tissuemnist/sigma20/L70_G70/fioretto_ldf/seed_1
contamination_tissuemnist,tissuemnist,MobileNetV3,L70_G70,data/tissuemnist_sigma20/slice_1,4,2,70,70,0,0.2,0.3881,0.3875,0.0005999999999999894,0.0,0.000771428571428534,0.0025000000000000022,-9.0,-0.00269999999999998,1,1,results/pending_runs/contamination_tissuemnist/sigma20/L70_G70/tralo/seed_2,results/pending_runs/contamination_tissuemnist/sigma20/L70_G70/fioretto_ldf/seed_2
contamination_tissuemnist,tissuemnist,MobileNetV3,L30_G30,data/tissuemnist_sigma20/slice_1,4,1,30,30,0,0.2,0.3476,0.3451,0.0025000000000000022,-0.009000000000000008,0.004214285714285726,0.004200000000000037,-8.0,-0.0023000000000000242,1,1,results/pending_runs/contamination_tissuemnist/sigma20/L30_G30/tralo/seed_1,results/pending_runs/contamination_tissuemnist/sigma20/L30_G30/fioretto_ldf/seed_1
contamination_tissuemnist,tissuemnist,MobileNetV3,L30_G30,data/tissuemnist_sigma20/slice_1,4,2,30,30,0,0.2,0.3642,0.3643,-9.999999999998899e-05,0.0,-0.0001000000000000445,-0.006199999999999928,-3.0,0.00940000000000002,1,1,results/pending_runs/contamination_tissuemnist/sigma20/L30_G30/tralo/seed_2,results/pending_runs/contamination_tissuemnist/sigma20/L30_G30/fioretto_ldf/seed_2
contamination_tissuemnist,tissuemnist,MobileNetV3,L50_G50,data/tissuemnist_sigma20/slice_1,4,1,50,50,0,0.2,0.3481,0.3548,-0.006699999999999984,0.007699999999999985,-0.008728571428571363,-0.01090000000000002,-1.0,0.013000000000000012,1,1,results/pending_runs/contamination_tissuemnist/sigma20/L50_G50/tralo/seed_1,results/pending_runs/contamination_tissuemnist/sigma20/L50_G50/fioretto_ldf/seed_1
contamination_tissuemnist,tissuemnist,MobileNetV3,L50_G50,data/tissuemnist_sigma20/slice_1,4,2,50,50,0,0.2,0.3822,0.3762,0.006000000000000005,0.007800000000000029,0.005685714285714294,-0.0030000000000000027,-7.0,-0.0008000000000000229,1,1,results/pending_runs/contamination_tissuemnist/sigma20/L50_G50/tralo/seed_2,results/pending_runs/contamination_tissuemnist/sigma20/L50_G50/fioretto_ldf/seed_2
contamination_tissuemnist,tissuemnist,MobileNetV3,L20_G20,data/tissuemnist_sigma10/slice_1,4,1,20,20,0,0.1,0.3673,0.3679,-0.0005999999999999894,0.009800000000000003,-0.0020285714285714906,-0.0016000000000000458,-10.0,-0.0024000000000000132,1,1,results/pending_runs/contamination_tissuemnist/sigma10/L20_G20/tralo/seed_1,results/pending_runs/contamination_tissuemnist/sigma10/L20_G20/fioretto_ldf/seed_1
contamination_tissuemnist,tissuemnist,MobileNetV3,L20_G20,data/tissuemnist_sigma10/slice_1,4,2,20,20,0,0.1,0.365,0.3621,0.0029000000000000137,-0.009800000000000003,0.004771428571428593,-0.0025000000000000022,2.0,-0.0005999999999999894,1,1,results/pending_runs/contamination_tissuemnist/sigma10/L20_G20/tralo/seed_2,results/pending_runs/contamination_tissuemnist/sigma10/L20_G20/fioretto_ldf/seed_2
contamination_tissuemnist,tissuemnist,MobileNetV3,L70_G70,data/tissuemnist_sigma10/slice_1,4,1,70,70,0,0.1,0.3883,0.3794,0.008899999999999963,0.0343,0.0051857142857142935,0.0036999999999999256,-13.0,-0.0015999999999999903,1,1,results/pending_runs/contamination_tissuemnist/sigma10/L70_G70/tralo/seed_1,results/pending_runs/contamination_tissuemnist/sigma10/L70_G70/fioretto_ldf/seed_1
contamination_tissuemnist,tissuemnist,MobileNetV3,L70_G70,data/tissuemnist_sigma10/slice_1,4,2,70,70,0,0.1,0.3868,0.3879,-0.0011000000000000454,0.0,-0.0012142857142858343,0.0029000000000000137,1.0,-0.0009000000000000119,1,0,results/pending_runs/contamination_tissuemnist/sigma10/L70_G70/tralo/seed_2,results/pending_runs/contamination_tissuemnist/sigma10/L70_G70/fioretto_ldf/seed_2
contamination_tissuemnist,tissuemnist,MobileNetV3,L30_G30,data/tissuemnist_sigma10/slice_1,4,1,30,30,0,0.1,0.3748,0.3849,-0.010099999999999998,-0.01799999999999996,-0.008985714285714264,-0.008400000000000074,-3.0,0.006900000000000017,1,1,results/pending_runs/contamination_tissuemnist/sigma10/L30_G30/tralo/seed_1,results/pending_runs/contamination_tissuemnist/sigma10/L30_G30/fioretto_ldf/seed_1
contamination_tissuemnist,tissuemnist,MobileNetV3,L30_G30,data/tissuemnist_sigma10/slice_1,4,2,30,30,0,0.1,0.3629,0.3674,-0.004500000000000004,-0.009000000000000008,-0.0038714285714286922,-0.0021000000000000463,-3.0,-0.00039999999999995595,1,1,results/pending_runs/contamination_tissuemnist/sigma10/L30_G30/tralo/seed_2,results/pending_runs/contamination_tissuemnist/sigma10/L30_G30/fioretto_ldf/seed_2
contamination_tissuemnist,tissuemnist,MobileNetV3,L50_G50,data/tissuemnist_sigma10/slice_1,4,1,50,50,0,0.1,0.3767,0.3758,0.0008999999999999564,0.03889999999999999,-0.004528571428571493,-0.007499999999999951,-8.0,0.008500000000000008,1,1,results/pending_runs/contamination_tissuemnist/sigma10/L50_G50/tralo/seed_1,results/pending_runs/contamination_tissuemnist/sigma10/L50_G50/fioretto_ldf/seed_1
contamination_tissuemnist,tissuemnist,MobileNetV3,L50_G50,data/tissuemnist_sigma10/slice_1,4,2,50,50,0,0.1,0.3802,0.3781,0.0020999999999999908,0.015600000000000003,0.0001571428571428557,0.0016999999999999793,-8.0,-0.00040000000000001146,1,1,results/pending_runs/contamination_tissuemnist/sigma10/L50_G50/tralo/seed_2,results/pending_runs/contamination_tissuemnist/sigma10/L50_G50/fioretto_ldf/seed_2
contamination_tissuemnist,tissuemnist,MobileNetV3,L20_G20,data/tissuemnist_sigma30/slice_1,4,1,20,20,0,0.3,0.3367,0.3374,-0.0006999999999999784,-0.009800000000000003,0.0005428571428571227,0.0015999999999999903,0.0,-9.999999999998899e-05,1,1,results/pending_runs/contamination_tissuemnist/sigma30/L20_G20/tralo/seed_1,results/pending_runs/contamination_tissuemnist/sigma30/L20_G20/fioretto_ldf/seed_1
contamination_tissuemnist,tissuemnist,MobileNetV3,L20_G20,data/tissuemnist_sigma30/slice_1,4,2,20,20,0,0.3,0.3369,0.3373,-0.00040000000000001146,0.0,-0.00045714285714282266,0.005900000000000016,-1.0,-0.005700000000000038,1,1,results/pending_runs/contamination_tissuemnist/sigma30/L20_G20/tralo/seed_2,results/pending_runs/contamination_tissuemnist/sigma30/L20_G20/fioretto_ldf/seed_2
contamination_tissuemnist,tissuemnist,MobileNetV3,L70_G70,data/tissuemnist_sigma30/slice_1,4,1,70,70,0,0.3,0.3584,0.3558,0.002599999999999991,0.02059999999999995,-5.714285714286671e-05,0.006699999999999984,-4.0,-0.0028000000000000247,1,1,results/pending_runs/contamination_tissuemnist/sigma30/L70_G70/tralo/seed_1,results/pending_runs/contamination_tissuemnist/sigma30/L70_G70/fioretto_ldf/seed_1
contamination_tissuemnist,tissuemnist,MobileNetV3,L70_G70,data/tissuemnist_sigma30/slice_1,4,2,70,70,0,0.3,0.3532,0.3508,0.0024000000000000132,0.006899999999999962,0.0018142857142856572,0.0007999999999999674,2.0,-0.0012000000000000344,1,1,results/pending_runs/contamination_tissuemnist/sigma30/L70_G70/tralo/seed_2,results/pending_runs/contamination_tissuemnist/sigma30/L70_G70/fioretto_ldf/seed_2
contamination_tissuemnist,tissuemnist,MobileNetV3,L30_G30,data/tissuemnist_sigma30/slice_1,4,1,30,30,0,0.3,0.3413,0.3405,0.0007999999999999674,-0.009000000000000008,0.002228571428571413,-0.0041999999999999815,-4.0,-0.0013000000000000234,1,1,results/pending_runs/contamination_tissuemnist/sigma30/L30_G30/tralo/seed_1,results/pending_runs/contamination_tissuemnist/sigma30/L30_G30/fioretto_ldf/seed_1
contamination_tissuemnist,tissuemnist,MobileNetV3,L30_G30,data/tissuemnist_sigma30/slice_1,4,2,30,30,0,0.3,0.3495,0.3422,0.007299999999999973,0.009000000000000008,0.007014285714285584,0.0015999999999999903,-7.0,-0.007099999999999995,1,1,results/pending_runs/contamination_tissuemnist/sigma30/L30_G30/tralo/seed_2,results/pending_runs/contamination_tissuemnist/sigma30/L30_G30/fioretto_ldf/seed_2
contamination_tissuemnist,tissuemnist,MobileNetV3,L50_G50,data/tissuemnist_sigma30/slice_1,4,1,50,50,0,0.3,0.3491,0.3502,-0.0010999999999999899,-0.007800000000000001,-9.999999999993348e-05,-0.004200000000000037,-12.0,-0.004599999999999993,1,1,results/pending_runs/contamination_tissuemnist/sigma30/L50_G50/tralo/seed_1,results/pending_runs/contamination_tissuemnist/sigma30/L50_G50/fioretto_ldf/seed_1
contamination_tissuemnist,tissuemnist,MobileNetV3,L50_G50,data/tissuemnist_sigma30/slice_1,4,2,50,50,0,0.3,0.3432,0.3491,-0.005900000000000016,0.015600000000000003,-0.008928571428571397,0.00040000000000001146,-2.0,-0.0005000000000000004,1,1,results/pending_runs/contamination_tissuemnist/sigma30/L50_G50/tralo/seed_2,results/pending_runs/contamination_tissuemnist/sigma30/L50_G50/fioretto_ldf/seed_2
contamination_dermmnist,dermmnist,MobileNetV3,L20_G20,data/dermmnist_sigma20/slice_1,4,1,20,20,0,0.2,0.4542,0.4571,-0.0029000000000000137,0.0,-0.003400000000000014,0.0010000000000000009,-10.0,-0.004299999999999998,1,1,results/pending_runs/contamination_dermmnist/sigma20/L20_G20/tralo/seed_1,results/pending_runs/contamination_dermmnist/sigma20/L20_G20/fioretto_ldf/seed_1
contamination_dermmnist,dermmnist,MobileNetV3,L20_G20,data/dermmnist_sigma20/slice_1,4,2,20,20,0,0.2,0.4579,0.4675,-0.009600000000000053,0.014999999999999986,-0.013700000000000045,-0.0045000000000000595,-14.0,0.006099999999999994,1,1,results/pending_runs/contamination_dermmnist/sigma20/L20_G20/tralo/seed_2,results/pending_runs/contamination_dermmnist/sigma20/L20_G20/fioretto_ldf/seed_2
contamination_dermmnist,dermmnist,MobileNetV3,L70_G70,data/dermmnist_sigma20/slice_1,4,1,70,70,0,0.2,0.4889,0.4858,0.0030999999999999917,0.01579999999999998,0.0009166666666666767,0.0014999999999999458,-24.0,0.0009000000000000119,1,1,results/pending_runs/contamination_dermmnist/sigma20/L70_G70/tralo/seed_1,results/pending_runs/contamination_dermmnist/sigma20/L70_G70/fioretto_ldf/seed_1
contamination_dermmnist,dermmnist,MobileNetV3,L70_G70,data/dermmnist_sigma20/slice_1,4,2,70,70,0,0.2,0.5068,0.5073,-0.0004999999999999449,-0.01579999999999998,0.0020166666666666666,-0.0010000000000000009,-34.0,0.003799999999999998,1,1,results/pending_runs/contamination_dermmnist/sigma20/L70_G70/tralo/seed_2,results/pending_runs/contamination_dermmnist/sigma20/L70_G70/fioretto_ldf/seed_2
contamination_dermmnist,dermmnist,MobileNetV3,L30_G30,data/dermmnist_sigma20/slice_1,4,1,30,30,0,0.2,0.4706,0.4597,0.01090000000000002,0.013800000000000034,0.01050000000000001,0.0020000000000000018,-12.0,-0.001600000000000018,1,1,results/pending_runs/contamination_dermmnist/sigma20/L30_G30/tralo/seed_1,results/pending_runs/contamination_dermmnist/sigma20/L30_G30/fioretto_ldf/seed_1
contamination_dermmnist,dermmnist,MobileNetV3,L30_G30,data/dermmnist_sigma20/slice_1,4,2,30,30,0,0.2,0.4804,0.4836,-0.0031999999999999806,-0.006900000000000017,-0.0025166666666667226,-0.0015000000000000568,-12.0,0.004799999999999999,1,0,results/pending_runs/contamination_dermmnist/sigma20/L30_G30/tralo/seed_2,results/pending_runs/contamination_dermmnist/sigma20/L30_G30/fioretto_ldf/seed_2
contamination_dermmnist,dermmnist,MobileNetV3,L50_G50,data/dermmnist_sigma20/slice_1,4,1,50,50,0,0.2,0.4737,0.4741,-0.00040000000000001146,0.0,-0.0003666666666667373,-0.0010000000000000009,-16.0,0.0022000000000000075,1,1,results/pending_runs/contamination_dermmnist/sigma20/L50_G50/tralo/seed_1,results/pending_runs/contamination_dermmnist/sigma20/L50_G50/fioretto_ldf/seed_1
contamination_dermmnist,dermmnist,MobileNetV3,L50_G50,data/dermmnist_sigma20/slice_1,4,2,50,50,0,0.2,0.497,0.4966,0.00040000000000001146,-0.01789999999999997,0.0035000000000000586,0.0,-16.0,0.00020000000000000573,1,1,results/pending_runs/contamination_dermmnist/sigma20/L50_G50/tralo/seed_2,results/pending_runs/contamination_dermmnist/sigma20/L50_G50/fioretto_ldf/seed_2
contamination_dermmnist,dermmnist,MobileNetV3,L20_G20,data/dermmnist_sigma10/slice_1,4,1,20,20,0,0.1,0.5644,0.5668,-0.0023999999999999577,0.0,-0.002883333333333349,0.0,-7.0,-0.0021000000000000185,1,1,results/pending_runs/contamination_dermmnist/sigma10/L20_G20/tralo/seed_1,results/pending_runs/contamination_dermmnist/sigma10/L20_G20/fioretto_ldf/seed_1
contamination_dermmnist,dermmnist,MobileNetV3,L20_G20,data/dermmnist_sigma10/slice_1,4,2,20,20,0,0.1,0.5813,0.5859,-0.0045999999999999375,-0.014999999999999986,-0.0029000000000000137,-0.0014999999999999458,-7.0,0.0005000000000000004,1,1,results/pending_runs/contamination_dermmnist/sigma10/L20_G20/tralo/seed_2,results/pending_runs/contamination_dermmnist/sigma10/L20_G20/fioretto_ldf/seed_2
contamination_dermmnist,dermmnist,MobileNetV3,L70_G70,data/dermmnist_sigma10/slice_1,4,1,70,70,0,0.1,0.6161,0.6079,0.008199999999999985,-0.01050000000000001,0.011299999999999977,0.0,-19.0,0.002799999999999997,1,1,results/pending_runs/contamination_dermmnist/sigma10/L70_G70/tralo/seed_1,results/pending_runs/contamination_dermmnist/sigma10/L70_G70/fioretto_ldf/seed_1
contamination_dermmnist,dermmnist,MobileNetV3,L70_G70,data/dermmnist_sigma10/slice_1,4,2,70,70,0,0.1,0.6194,0.6202,-0.0008000000000000229,-0.005300000000000027,-8.333333333332416e-05,-0.0004999999999999449,-11.0,0.0040000000000000036,1,1,results/pending_runs/contamination_dermmnist/sigma10/L70_G70/tralo/seed_2,results/pending_runs/contamination_dermmnist/sigma10/L70_G70/fioretto_ldf/seed_2
contamination_dermmnist,dermmnist,MobileNetV3,L30_G30,data/dermmnist_sigma10/slice_1,4,1,30,30,0,0.1,0.5877,0.5828,0.0049000000000000155,0.0,0.005666666666666598,0.0020000000000000018,-8.0,0.0011999999999999789,1,1,results/pending_runs/contamination_dermmnist/sigma10/L30_G30/tralo/seed_1,results/pending_runs/contamination_dermmnist/sigma10/L30_G30/fioretto_ldf/seed_1
contamination_dermmnist,dermmnist,MobileNetV3,L30_G30,data/dermmnist_sigma10/slice_1,4,2,30,30,0,0.1,0.5941,0.5924,0.0016999999999999238,-0.006899999999999962,0.0031166666666666565,0.0,-13.0,-0.002600000000000019,1,0,results/pending_runs/contamination_dermmnist/sigma10/L30_G30/tralo/seed_2,results/pending_runs/contamination_dermmnist/sigma10/L30_G30/fioretto_ldf/seed_2
contamination_dermmnist,dermmnist,MobileNetV3,L50_G50,data/dermmnist_sigma10/slice_1,4,1,50,50,0,0.1,0.5998,0.5999,-9.999999999998899e-05,0.01200000000000001,-0.0020000000000000018,0.0024999999999999467,-22.0,-0.003400000000000014,1,1,results/pending_runs/contamination_dermmnist/sigma10/L50_G50/tralo/seed_1,results/pending_runs/contamination_dermmnist/sigma10/L50_G50/fioretto_ldf/seed_1
contamination_dermmnist,dermmnist,MobileNetV3,L50_G50,data/dermmnist_sigma10/slice_1,4,2,50,50,0,0.1,0.611,0.6117,-0.0007000000000000339,-0.006000000000000005,0.0001500000000000945,-0.0015000000000000568,10.0,-0.0007999999999999952,1,0,results/pending_runs/contamination_dermmnist/sigma10/L50_G50/tralo/seed_2,results/pending_runs/contamination_dermmnist/sigma10/L50_G50/fioretto_ldf/seed_2
contamination_dermmnist,dermmnist,MobileNetV3,L20_G20,data/dermmnist_sigma30/slice_1,4,1,20,20,0,0.3,0.4086,0.4117,-0.0030999999999999917,0.014999999999999986,-0.006166666666666709,0.000500000000000056,-12.0,0.0039000000000000146,1,1,results/pending_runs/contamination_dermmnist/sigma30/L20_G20/tralo/seed_1,results/pending_runs/contamination_dermmnist/sigma30/L20_G20/fioretto_ldf/seed_1
contamination_dermmnist,dermmnist,MobileNetV3,L20_G20,data/dermmnist_sigma30/slice_1,4,2,20,20,0,0.3,0.4117,0.4206,-0.008899999999999963,-0.00739999999999999,-0.009116666666666606,-0.005499999999999949,-8.0,0.0032000000000000084,1,0,results/pending_runs/contamination_dermmnist/sigma30/L20_G20/tralo/seed_2,results/pending_runs/contamination_dermmnist/sigma30/L20_G20/fioretto_ldf/seed_2
contamination_dermmnist,dermmnist,MobileNetV3,L70_G70,data/dermmnist_sigma30/slice_1,4,1,70,70,0,0.3,0.4761,0.4843,-0.008199999999999985,0.0,-0.009483333333333288,0.0010000000000000009,-26.0,0.008099999999999996,1,1,results/pending_runs/contamination_dermmnist/sigma30/L70_G70/tralo/seed_1,results/pending_runs/contamination_dermmnist/sigma30/L70_G70/fioretto_ldf/seed_1
contamination_dermmnist,dermmnist,MobileNetV3,L70_G70,data/dermmnist_sigma30/slice_1,4,2,70,70,0,0.3,0.501,0.4948,0.006199999999999983,-0.01579999999999998,0.009816666666666696,0.0010000000000000009,-11.0,0.001700000000000007,1,1,results/pending_runs/contamination_dermmnist/sigma30/L70_G70/tralo/seed_2,results/pending_runs/contamination_dermmnist/sigma30/L70_G70/fioretto_ldf/seed_2
contamination_dermmnist,dermmnist,MobileNetV3,L30_G30,data/dermmnist_sigma30/slice_1,4,1,30,30,0,0.3,0.4405,0.4439,-0.003400000000000014,0.006900000000000017,-0.005083333333333329,-0.0010000000000000009,-2.0,0.0030999999999999917,1,1,results/pending_runs/contamination_dermmnist/sigma30/L30_G30/tralo/seed_1,results/pending_runs/contamination_dermmnist/sigma30/L30_G30/fioretto_ldf/seed_1
contamination_dermmnist,dermmnist,MobileNetV3,L30_G30,data/dermmnist_sigma30/slice_1,4,2,30,30,0,0.3,0.4458,0.461,-0.015200000000000047,-0.013800000000000007,-0.015449999999999964,-0.005499999999999949,-2.0,0.0049000000000000155,1,1,results/pending_runs/contamination_dermmnist/sigma30/L30_G30/tralo/seed_2,results/pending_runs/contamination_dermmnist/sigma30/L30_G30/fioretto_ldf/seed_2
contamination_dermmnist,dermmnist,MobileNetV3,L50_G50,data/dermmnist_sigma30/slice_1,4,1,50,50,0,0.3,0.4576,0.4635,-0.005900000000000016,0.011899999999999966,-0.009016666666666673,-0.0004999999999999449,-28.0,0.0022000000000000075,1,1,results/pending_runs/contamination_dermmnist/sigma30/L50_G50/tralo/seed_1,results/pending_runs/contamination_dermmnist/sigma30/L50_G50/fioretto_ldf/seed_1
contamination_dermmnist,dermmnist,MobileNetV3,L50_G50,data/dermmnist_sigma30/slice_1,4,2,50,50,0,0.3,0.488,0.4814,0.006599999999999995,0.0,0.007799999999999918,0.0009999999999998899,-15.0,0.006000000000000005,1,1,results/pending_runs/contamination_dermmnist/sigma30/L50_G50/tralo/seed_2,results/pending_runs/contamination_dermmnist/sigma30/L50_G50/fioretto_ldf/seed_2
contamination_aider,aider,MobileNetV3,L20_G20,data/aider_sigma20/slice_1,0,1,20,20,0,0.2,0.7455,0.7463,-0.0007999999999999119,0.0,-0.0011333333333334306,0.0,-6.0,-0.0040000000000000036,1,1,results/pending_runs/contamination_aider/sigma20/L20_G20/tralo/seed_1,results/pending_runs/contamination_aider/sigma20/L20_G20/fioretto_ldf/seed_1
contamination_aider,aider,MobileNetV3,L20_G20,data/aider_sigma20/slice_1,0,2,20,20,0,0.2,0.7261,0.7165,0.009599999999999942,0.0,0.012799999999999923,0.005900000000000016,-10.0,-0.013899999999999996,1,1,results/pending_runs/contamination_aider/sigma20/L20_G20/tralo/seed_2,results/pending_runs/contamination_aider/sigma20/L20_G20/fioretto_ldf/seed_2
contamination_aider,aider,MobileNetV3,L70_G70,data/aider_sigma20/slice_1,0,1,70,70,0,0.2,0.8779,0.8768,0.0010999999999999899,0.011599999999999944,-0.002466666666666617,0.0008000000000000229,-3.0,-0.0003999999999999976,1,1,results/pending_runs/contamination_aider/sigma20/L70_G70/tralo/seed_1,results/pending_runs/contamination_aider/sigma20/L70_G70/fioretto_ldf/seed_1
contamination_aider,aider,MobileNetV3,L70_G70,data/aider_sigma20/slice_1,0,2,70,70,0,0.2,0.8799,0.8802,-0.00029999999999996696,0.0,-0.0003666666666667373,-0.0009000000000000119,-6.0,-0.0005999999999999964,1,1,results/pending_runs/contamination_aider/sigma20/L70_G70/tralo/seed_2,results/pending_runs/contamination_aider/sigma20/L70_G70/fioretto_ldf/seed_2
contamination_aider,aider,MobileNetV3,L30_G30,data/aider_sigma20/slice_1,0,1,30,30,0,0.2,0.791,0.7878,0.0032000000000000917,0.0,0.004266666666666863,0.0017000000000000348,-7.0,-0.007199999999999998,1,1,results/pending_runs/contamination_aider/sigma20/L30_G30/tralo/seed_1,results/pending_runs/contamination_aider/sigma20/L30_G30/fioretto_ldf/seed_1
contamination_aider,aider,MobileNetV3,L30_G30,data/aider_sigma20/slice_1,0,2,30,30,0,0.2,0.7798,0.7734,0.006400000000000072,0.0,0.008566666666666833,0.0041999999999999815,-2.0,-0.005599999999999994,1,1,results/pending_runs/contamination_aider/sigma20/L30_G30/tralo/seed_2,results/pending_runs/contamination_aider/sigma20/L30_G30/fioretto_ldf/seed_2
contamination_aider,aider,MobileNetV3,L50_G50,data/aider_sigma20/slice_1,0,1,50,50,0,0.2,0.8389,0.8469,-0.008000000000000007,-0.0131,-0.006366666666666632,-0.0034000000000000696,-4.0,0.006200000000000004,1,1,results/pending_runs/contamination_aider/sigma20/L50_G50/tralo/seed_1,results/pending_runs/contamination_aider/sigma20/L50_G50/fioretto_ldf/seed_1
contamination_aider,aider,MobileNetV3,L50_G50,data/aider_sigma20/slice_1,0,2,50,50,0,0.2,0.8344,0.8402,-0.005799999999999916,0.0,-0.0076666666666665995,-0.0016999999999999238,-7.0,-0.004199999999999995,1,1,results/pending_runs/contamination_aider/sigma20/L50_G50/tralo/seed_2,results/pending_runs/contamination_aider/sigma20/L50_G50/fioretto_ldf/seed_2
contamination_aider,aider,MobileNetV3,L20_G20,data/aider_sigma10/slice_1,0,1,20,20,0,0.1,0.7716,0.7686,0.0030000000000000027,0.0,0.004066666666666441,0.0017000000000000348,-1.0,-0.002699999999999994,1,1,results/pending_runs/contamination_aider/sigma10/L20_G20/tralo/seed_1,results/pending_runs/contamination_aider/sigma10/L20_G20/fioretto_ldf/seed_1
contamination_aider,aider,MobileNetV3,L20_G20,data/aider_sigma10/slice_1,0,2,20,20,0,0.1,0.771,0.7696,0.0014000000000000679,0.0,0.0019000000000000128,0.0009000000000000119,-2.0,-0.004400000000000001,1,1,results/pending_runs/contamination_aider/sigma10/L20_G20/tralo/seed_2,results/pending_runs/contamination_aider/sigma10/L20_G20/fioretto_ldf/seed_2
contamination_aider,aider,MobileNetV3,L70_G70,data/aider_sigma10/slice_1,0,1,70,70,0,0.1,0.9091,0.9075,0.0016000000000000458,0.0,0.0022333333333333094,0.0016999999999999238,-4.0,-0.006499999999999999,1,1,results/pending_runs/contamination_aider/sigma10/L70_G70/tralo/seed_1,results/pending_runs/contamination_aider/sigma10/L70_G70/fioretto_ldf/seed_1
contamination_aider,aider,MobileNetV3,L70_G70,data/aider_sigma10/slice_1,0,2,70,70,0,0.1,0.9199,0.9112,0.008700000000000041,0.011599999999999944,0.007800000000000029,0.0041999999999999815,-12.0,-0.008899999999999998,1,1,results/pending_runs/contamination_aider/sigma10/L70_G70/tralo/seed_2,results/pending_runs/contamination_aider/sigma10/L70_G70/fioretto_ldf/seed_2
contamination_aider,aider,MobileNetV3,L30_G30,data/aider_sigma10/slice_1,0,1,30,30,0,0.1,0.81,0.8126,-0.0025999999999999357,0.0,-0.00336666666666674,-0.0016999999999999238,-7.0,-0.004100000000000006,1,1,results/pending_runs/contamination_aider/sigma10/L30_G30/tralo/seed_1,results/pending_runs/contamination_aider/sigma10/L30_G30/fioretto_ldf/seed_1
contamination_aider,aider,MobileNetV3,L30_G30,data/aider_sigma10/slice_1,0,2,30,30,0,0.1,0.8162,0.8115,0.0047000000000000375,0.0,0.006133333333333435,0.0024999999999999467,-8.0,-0.00520000000000001,1,1,results/pending_runs/contamination_aider/sigma10/L30_G30/tralo/seed_2,results/pending_runs/contamination_aider/sigma10/L30_G30/fioretto_ldf/seed_2
contamination_aider,aider,MobileNetV3,L50_G50,data/aider_sigma10/slice_1,0,1,50,50,0,0.1,0.8623,0.8633,-0.0010000000000000009,0.0,-0.0013666666666667382,0.0,-8.0,-0.004700000000000003,1,1,results/pending_runs/contamination_aider/sigma10/L50_G50/tralo/seed_1,results/pending_runs/contamination_aider/sigma10/L50_G50/fioretto_ldf/seed_1
contamination_aider,aider,MobileNetV3,L50_G50,data/aider_sigma10/slice_1,0,2,50,50,0,0.1,0.8712,0.8713,-9.999999999998899e-05,0.0,-6.666666666665932e-05,0.0,-6.0,-0.0015999999999999973,1,1,results/pending_runs/contamination_aider/sigma10/L50_G50/tralo/seed_2,results/pending_runs/contamination_aider/sigma10/L50_G50/fioretto_ldf/seed_2
contamination_aider,aider,MobileNetV3,L20_G20,data/aider_sigma30/slice_1,0,1,20,20,0,0.3,0.7002,0.695,0.0052000000000000934,0.0,0.0069666666666666766,0.0016999999999999238,-2.0,0.0022000000000000075,1,1,results/pending_runs/contamination_aider/sigma30/L20_G20/tralo/seed_1,results/pending_runs/contamination_aider/sigma30/L20_G20/fioretto_ldf/seed_1
contamination_aider,aider,MobileNetV3,L20_G20,data/aider_sigma30/slice_1,0,2,20,20,0,0.3,0.6916,0.6942,-0.0026000000000000467,0.0,-0.003466666666666729,-0.0034000000000000696,-7.0,0.007300000000000001,1,0,results/pending_runs/contamination_aider/sigma30/L20_G20/tralo/seed_2,results/pending_runs/contamination_aider/sigma30/L20_G20/fioretto_ldf/seed_2
contamination_aider,aider,MobileNetV3,L70_G70,data/aider_sigma30/slice_1,0,1,70,70,0,0.3,0.8416,0.8458,-0.0041999999999999815,0.0,-0.00550000000000006,-0.0041999999999999815,-2.0,0.0034000000000000002,1,1,results/pending_runs/contamination_aider/sigma30/L70_G70/tralo/seed_1,results/pending_runs/contamination_aider/sigma30/L70_G70/fioretto_ldf/seed_1
contamination_aider,aider,MobileNetV3,L70_G70,data/aider_sigma30/slice_1,0,2,70,70,0,0.3,0.8463,0.8476,-0.0012999999999999678,0.0,-0.0018333333333333535,-0.0025000000000000577,-4.0,-0.0030999999999999917,1,1,results/pending_runs/contamination_aider/sigma30/L70_G70/tralo/seed_2,results/pending_runs/contamination_aider/sigma30/L70_G70/fioretto_ldf/seed_2
contamination_aider,aider,MobileNetV3,L30_G30,data/aider_sigma30/slice_1,0,1,30,30,0,0.3,0.7473,0.7368,0.010499999999999954,0.0,0.01406666666666656,0.0032999999999999696,-6.0,-0.004400000000000001,1,1,results/pending_runs/contamination_aider/sigma30/L30_G30/tralo/seed_1,results/pending_runs/contamination_aider/sigma30/L30_G30/fioretto_ldf/seed_1
contamination_aider,aider,MobileNetV3,L30_G30,data/aider_sigma30/slice_1,0,2,30,30,0,0.3,0.7387,0.7376,0.0010999999999999899,0.0,0.0013999999999998458,0.0,-6.0,-0.002600000000000005,1,1,results/pending_runs/contamination_aider/sigma30/L30_G30/tralo/seed_2,results/pending_runs/contamination_aider/sigma30/L30_G30/fioretto_ldf/seed_2
contamination_aider,aider,MobileNetV3,L50_G50,data/aider_sigma30/slice_1,0,1,50,50,0,0.3,0.8038,0.7987,0.005099999999999993,0.0,0.006666666666666821,0.0024999999999999467,-18.0,-0.0102,1,1,results/pending_runs/contamination_aider/sigma30/L50_G50/tralo/seed_1,results/pending_runs/contamination_aider/sigma30/L50_G50/fioretto_ldf/seed_1
contamination_aider,aider,MobileNetV3,L50_G50,data/aider_sigma30/slice_1,0,2,50,50,0,0.3,0.8029,0.8021,0.0007999999999999119,0.0,0.0009666666666666712,0.0,-8.0,-0.007299999999999987,1,1,results/pending_runs/contamination_aider/sigma30/L50_G50/tralo/seed_2,results/pending_runs/contamination_aider/sigma30/L50_G50/fioretto_ldf/seed_2
paper_backbones,aider,MobileNetV2,L20_G20,data/aider/slice_1,0,4,20,20,0,0.0,0.7897,0.7895,0.00019999999999997797,0.0,0.00023333333333352968,0.0,-10.0,-0.008999999999999994,1,1,results/pending_runs/paper_backbones/MobileNetV2/aider/L20_G20/tralo/seed_4,results/pending_runs/paper_backbones/MobileNetV2/aider/L20_G20/fioretto_ldf/seed_4
paper_backbones,aider,MobileNetV2,L20_G20,data/aider/slice_1,0,3,20,20,0,0.0,0.7945,0.7966,-0.0020999999999999908,0.0,-0.0028000000000001357,0.0,-8.0,-0.008900000000000005,1,1,results/pending_runs/paper_backbones/MobileNetV2/aider/L20_G20/tralo/seed_3,results/pending_runs/paper_backbones/MobileNetV2/aider/L20_G20/fioretto_ldf/seed_3
paper_backbones,aider,MobileNetV2,L20_G20,data/aider/slice_1,0,1,20,20,0,0.0,0.7741,0.7719,0.0021999999999999797,0.0,0.0030333333333332213,0.0017000000000000348,-4.0,-0.005699999999999997,1,0,results/pending_runs/paper_backbones/MobileNetV2/aider/L20_G20/tralo/seed_1,results/pending_runs/paper_backbones/MobileNetV2/aider/L20_G20/fioretto_ldf/seed_1
paper_backbones,aider,MobileNetV2,L20_G20,data/aider/slice_1,0,2,20,20,0,0.0,0.7942,0.7906,0.0036000000000000476,0.0,0.004833333333333356,0.0033999999999999586,-3.0,-0.008099999999999996,1,1,results/pending_runs/paper_backbones/MobileNetV2/aider/L20_G20/tralo/seed_2,results/pending_runs/paper_backbones/MobileNetV2/aider/L20_G20/fioretto_ldf/seed_2
paper_backbones,aider,MobileNetV2,L70_G70,data/aider/slice_1,0,4,70,70,0,0.0,0.9261,0.9252,0.0009000000000000119,0.0,0.0011333333333332085,0.0016999999999999238,-12.0,-0.007000000000000003,1,1,results/pending_runs/paper_backbones/MobileNetV2/aider/L70_G70/tralo/seed_4,results/pending_runs/paper_backbones/MobileNetV2/aider/L70_G70/fioretto_ldf/seed_4
paper_backbones,aider,MobileNetV2,L70_G70,data/aider/slice_1,0,3,70,70,0,0.0,0.9292,0.9311,-0.0019000000000000128,0.0,-0.0025333333333333874,0.0,-5.0,-0.004200000000000002,1,0,results/pending_runs/paper_backbones/MobileNetV2/aider/L70_G70/tralo/seed_3,results/pending_runs/paper_backbones/MobileNetV2/aider/L70_G70/fioretto_ldf/seed_3
paper_backbones,aider,MobileNetV2,L70_G70,data/aider/slice_1,0,1,70,70,0,0.0,0.9264,0.9236,0.0028000000000000247,0.0,0.003766666666666807,0.0017000000000000348,-5.0,-0.003700000000000002,1,1,results/pending_runs/paper_backbones/MobileNetV2/aider/L70_G70/tralo/seed_1,results/pending_runs/paper_backbones/MobileNetV2/aider/L70_G70/fioretto_ldf/seed_1
paper_backbones,aider,MobileNetV2,L70_G70,data/aider/slice_1,0,2,70,70,0,0.0,0.9294,0.9304,-0.0010000000000000009,0.0,-0.0012999999999997458,0.0,-3.0,-0.0036000000000000025,1,1,results/pending_runs/paper_backbones/MobileNetV2/aider/L70_G70/tralo/seed_2,results/pending_runs/paper_backbones/MobileNetV2/aider/L70_G70/fioretto_ldf/seed_2
paper_backbones,aider,MobileNetV2,L30_G30,data/aider/slice_1,0,4,30,30,0,0.0,0.8275,0.827,0.000500000000000056,0.0,0.0007000000000000339,0.0009000000000000119,-12.0,-0.010099999999999998,1,1,results/pending_runs/paper_backbones/MobileNetV2/aider/L30_G30/tralo/seed_4,results/pending_runs/paper_backbones/MobileNetV2/aider/L30_G30/fioretto_ldf/seed_4
paper_backbones,aider,MobileNetV2,L30_G30,data/aider/slice_1,0,3,30,30,0,0.0,0.8347,0.8315,0.0031999999999999806,0.0,0.004200000000000204,0.0024999999999999467,-9.0,-0.006200000000000011,1,1,results/pending_runs/paper_backbones/MobileNetV2/aider/L30_G30/tralo/seed_3,results/pending_runs/paper_backbones/MobileNetV2/aider/L30_G30/fioretto_ldf/seed_3
paper_backbones,aider,MobileNetV2,L30_G30,data/aider/slice_1,0,1,30,30,0,0.0,0.8112,0.8112,0.0,0.0,0.0,0.0,-3.0,-0.0034000000000000002,1,1,results/pending_runs/paper_backbones/MobileNetV2/aider/L30_G30/tralo/seed_1,results/pending_runs/paper_backbones/MobileNetV2/aider/L30_G30/fioretto_ldf/seed_1
paper_backbones,aider,MobileNetV2,L30_G30,data/aider/slice_1,0,2,30,30,0,0.0,0.8292,0.8302,-0.0010000000000000009,0.0,-0.0013333333333332975,0.0,-10.0,-0.008299999999999995,1,1,results/pending_runs/paper_backbones/MobileNetV2/aider/L30_G30/tralo/seed_2,results/pending_runs/paper_backbones/MobileNetV2/aider/L30_G30/fioretto_ldf/seed_2
paper_backbones,aider,MobileNetV2,L80_G80,data/aider/slice_1,0,4,80,80,0,0.0,0.9502,0.9506,-0.00039999999999995595,0.0,-0.00046666666666661527,-0.0007999999999999119,1.0,0.0001999999999999988,1,0,results/pending_runs/paper_backbones/MobileNetV2/aider/L80_G80/tralo/seed_4,results/pending_runs/paper_backbones/MobileNetV2/aider/L80_G80/fioretto_ldf/seed_4
paper_backbones,aider,MobileNetV2,L80_G80,data/aider/slice_1,0,3,80,80,0,0.0,0.9523,0.9523,0.0,0.0,0.0,0.0,-3.0,0.0009000000000000015,1,1,results/pending_runs/paper_backbones/MobileNetV2/aider/L80_G80/tralo/seed_3,results/pending_runs/paper_backbones/MobileNetV2/aider/L80_G80/fioretto_ldf/seed_3
paper_backbones,aider,MobileNetV2,L80_G80,data/aider/slice_1,0,1,80,80,0,0.0,0.9524,0.9492,0.0031999999999999806,0.0,0.0042999999999999705,0.0024999999999999467,-9.0,-0.007099999999999999,1,1,results/pending_runs/paper_backbones/MobileNetV2/aider/L80_G80/tralo/seed_1,results/pending_runs/paper_backbones/MobileNetV2/aider/L80_G80/fioretto_ldf/seed_1
paper_backbones,aider,MobileNetV2,L80_G80,data/aider/slice_1,0,2,80,80,0,0.0,0.952,0.9505,0.0014999999999999458,0.0,0.0019000000000000128,0.0008000000000000229,-2.0,-0.0011000000000000003,1,1,results/pending_runs/paper_backbones/MobileNetV2/aider/L80_G80/tralo/seed_2,results/pending_runs/paper_backbones/MobileNetV2/aider/L80_G80/fioretto_ldf/seed_2
paper_backbones,dermmnist,MobileNetV2,L20_G20,data/dermmnist/slice_1,4,4,20,20,0,0.0,0.6889,0.6775,0.011399999999999966,0.0,0.01333333333333342,0.0010000000000000009,-11.0,-0.003700000000000009,1,1,results/pending_runs/paper_backbones/MobileNetV2/dermmnist/L20_G20/tralo/seed_4,results/pending_runs/paper_backbones/MobileNetV2/dermmnist/L20_G20/fioretto_ldf/seed_4
paper_backbones,dermmnist,MobileNetV2,L20_G20,data/dermmnist/slice_1,4,3,20,20,0,0.0,0.6651,0.6599,0.005199999999999982,0.0,0.0060833333333333295,-0.000500000000000056,-5.0,-0.0030000000000000027,1,1,results/pending_runs/paper_backbones/MobileNetV2/dermmnist/L20_G20/tralo/seed_3,results/pending_runs/paper_backbones/MobileNetV2/dermmnist/L20_G20/fioretto_ldf/seed_3
paper_backbones,dermmnist,MobileNetV2,L20_G20,data/dermmnist/slice_1,4,1,20,20,0,0.0,0.6746,0.671,0.0035999999999999366,0.014900000000000024,0.00168333333333337,0.0014999999999999458,-15.0,-0.00520000000000001,1,1,results/pending_runs/paper_backbones/MobileNetV2/dermmnist/L20_G20/tralo/seed_1,results/pending_runs/paper_backbones/MobileNetV2/dermmnist/L20_G20/fioretto_ldf/seed_1
paper_backbones,dermmnist,MobileNetV2,L20_G20,data/dermmnist/slice_1,4,2,20,20,0,0.0,0.6639,0.6658,-0.0018999999999999018,0.007399999999999962,-0.003450000000000064,-0.0015000000000000568,-19.0,-0.0015000000000000013,1,1,results/pending_runs/paper_backbones/MobileNetV2/dermmnist/L20_G20/tralo/seed_2,results/pending_runs/paper_backbones/MobileNetV2/dermmnist/L20_G20/fioretto_ldf/seed_2
paper_backbones,dermmnist,MobileNetV2,L70_G70,data/dermmnist/slice_1,4,4,70,70,0,0.0,0.7397,0.7501,-0.010399999999999965,-0.021100000000000008,-0.008683333333333376,-0.006000000000000005,-27.0,0.004899999999999988,1,1,results/pending_runs/paper_backbones/MobileNetV2/dermmnist/L70_G70/tralo/seed_4,results/pending_runs/paper_backbones/MobileNetV2/dermmnist/L70_G70/fioretto_ldf/seed_4
paper_backbones,dermmnist,MobileNetV2,L70_G70,data/dermmnist/slice_1,4,3,70,70,0,0.0,0.7301,0.7345,-0.0044000000000000705,-0.010600000000000054,-0.0033000000000001917,-0.0024999999999999467,-13.0,0.0063,1,1,results/pending_runs/paper_backbones/MobileNetV2/dermmnist/L70_G70/tralo/seed_3,results/pending_runs/paper_backbones/MobileNetV2/dermmnist/L70_G70/fioretto_ldf/seed_3
paper_backbones,dermmnist,MobileNetV2,L70_G70,data/dermmnist/slice_1,4,1,70,70,0,0.0,0.7209,0.7178,0.0030999999999999917,-0.010600000000000054,0.005416666666666514,0.0010000000000000009,-16.0,0.0012999999999999956,1,1,results/pending_runs/paper_backbones/MobileNetV2/dermmnist/L70_G70/tralo/seed_1,results/pending_runs/paper_backbones/MobileNetV2/dermmnist/L70_G70/fioretto_ldf/seed_1
paper_backbones,dermmnist,MobileNetV2,L70_G70,data/dermmnist/slice_1,4,2,70,70,0,0.0,0.7258,0.7314,-0.005600000000000049,0.005299999999999971,-0.007433333333333292,0.0,-25.0,-0.001899999999999999,1,1,results/pending_runs/paper_backbones/MobileNetV2/dermmnist/L70_G70/tralo/seed_2,results/pending_runs/paper_backbones/MobileNetV2/dermmnist/L70_G70/fioretto_ldf/seed_2
paper_backbones,dermmnist,MobileNetV2,L30_G30,data/dermmnist/slice_1,4,4,30,30,0,0.0,0.706,0.7046,0.0013999999999999568,0.006900000000000017,0.0005999999999999339,0.0010000000000000009,-11.0,-0.004299999999999998,1,1,results/pending_runs/paper_backbones/MobileNetV2/dermmnist/L30_G30/tralo/seed_4,results/pending_runs/paper_backbones/MobileNetV2/dermmnist/L30_G30/fioretto_ldf/seed_4
paper_backbones,dermmnist,MobileNetV2,L30_G30,data/dermmnist/slice_1,4,3,30,30,0,0.0,0.6989,0.6819,0.017000000000000015,0.0,0.019883333333333364,0.0034999999999999476,-6.0,0.0020000000000000018,1,1,results/pending_runs/paper_backbones/MobileNetV2/dermmnist/L30_G30/tralo/seed_3,results/pending_runs/paper_backbones/MobileNetV2/dermmnist/L30_G30/fioretto_ldf/seed_3
paper_backbones,dermmnist,MobileNetV2,L30_G30,data/dermmnist/slice_1,4,1,30,30,0,0.0,0.6895,0.6906,-0.0010999999999999899,0.006900000000000017,-0.0024500000000000632,-0.0025000000000000577,-13.0,0.0002999999999999947,1,0,results/pending_runs/paper_backbones/MobileNetV2/dermmnist/L30_G30/tralo/seed_1,results/pending_runs/paper_backbones/MobileNetV2/dermmnist/L30_G30/fioretto_ldf/seed_1
paper_backbones,dermmnist,MobileNetV2,L30_G30,data/dermmnist/slice_1,4,2,30,30,0,0.0,0.6886,0.6898,-0.0011999999999999789,0.0,-0.0014666666666667272,-0.0034999999999999476,-27.0,-0.0025000000000000022,1,1,results/pending_runs/paper_backbones/MobileNetV2/dermmnist/L30_G30/tralo/seed_2,results/pending_runs/paper_backbones/MobileNetV2/dermmnist/L30_G30/fioretto_ldf/seed_2
paper_backbones,dermmnist,MobileNetV2,L80_G80,data/dermmnist/slice_1,4,4,80,80,0,0.0,0.7376,0.7534,-0.015799999999999925,-0.025000000000000022,-0.01426666666666676,-0.00649999999999995,-14.0,0.007400000000000004,1,1,results/pending_runs/paper_backbones/MobileNetV2/dermmnist/L80_G80/tralo/seed_4,results/pending_runs/paper_backbones/MobileNetV2/dermmnist/L80_G80/fioretto_ldf/seed_4
paper_backbones,dermmnist,MobileNetV2,L80_G80,data/dermmnist/slice_1,4,3,80,80,0,0.0,0.7475,0.7446,0.0029000000000000137,0.0,0.0033999999999999586,0.0014999999999999458,-19.0,0.009800000000000003,1,1,results/pending_runs/paper_backbones/MobileNetV2/dermmnist/L80_G80/tralo/seed_3,results/pending_runs/paper_backbones/MobileNetV2/dermmnist/L80_G80/fioretto_ldf/seed_3
paper_backbones,dermmnist,MobileNetV2,L80_G80,data/dermmnist/slice_1,4,1,80,80,0,0.0,0.7301,0.7353,-0.005199999999999982,-0.0050000000000000044,-0.005116666666666769,0.0,-8.0,0.0030000000000000027,1,1,results/pending_runs/paper_backbones/MobileNetV2/dermmnist/L80_G80/tralo/seed_1,results/pending_runs/paper_backbones/MobileNetV2/dermmnist/L80_G80/fioretto_ldf/seed_1
paper_backbones,dermmnist,MobileNetV2,L80_G80,data/dermmnist/slice_1,4,2,80,80,0,0.0,0.7369,0.7345,0.0023999999999999577,-0.009899999999999909,0.004466666666666619,0.0004999999999999449,-13.0,0.008900000000000005,1,1,results/pending_runs/paper_backbones/MobileNetV2/dermmnist/L80_G80/tralo/seed_2,results/pending_runs/paper_backbones/MobileNetV2/dermmnist/L80_G80/fioretto_ldf/seed_2
paper_backbones,tissuemnist,MobileNetV2,L20_G20,data/tissuemnist/slice_1,4,4,20,20,0,0.0,0.3654,0.3644,0.0010000000000000009,0.009799999999999975,-0.00024285714285715576,0.00039999999999995595,-2.0,0.0049000000000000155,1,1,results/pending_runs/paper_backbones/MobileNetV2/tissuemnist/L20_G20/tralo/seed_4,results/pending_runs/paper_backbones/MobileNetV2/tissuemnist/L20_G20/fioretto_ldf/seed_4
paper_backbones,tissuemnist,MobileNetV2,L20_G20,data/tissuemnist/slice_1,4,3,20,20,0,0.0,0.372,0.3655,0.006500000000000006,0.0,0.007485714285714318,0.014200000000000046,0.0,-0.018699999999999994,1,1,results/pending_runs/paper_backbones/MobileNetV2/tissuemnist/L20_G20/tralo/seed_3,results/pending_runs/paper_backbones/MobileNetV2/tissuemnist/L20_G20/fioretto_ldf/seed_3
paper_backbones,tissuemnist,MobileNetV2,L20_G20,data/tissuemnist/slice_1,4,1,20,20,0,0.0,0.3688,0.3708,-0.0020000000000000018,0.009700000000000014,-0.0037000000000000366,-0.0020999999999999908,-3.0,0.005699999999999983,1,1,results/pending_runs/paper_backbones/MobileNetV2/tissuemnist/L20_G20/tralo/seed_1,results/pending_runs/paper_backbones/MobileNetV2/tissuemnist/L20_G20/fioretto_ldf/seed_1
paper_backbones,tissuemnist,MobileNetV2,L20_G20,data/tissuemnist/slice_1,4,2,20,20,0,0.0,0.3715,0.3832,-0.011699999999999988,-0.009800000000000003,-0.01200000000000001,-0.00039999999999995595,-4.0,9.999999999998899e-05,1,1,results/pending_runs/paper_backbones/MobileNetV2/tissuemnist/L20_G20/tralo/seed_2,results/pending_runs/paper_backbones/MobileNetV2/tissuemnist/L20_G20/fioretto_ldf/seed_2
paper_backbones,tissuemnist,MobileNetV2,L70_G70,data/tissuemnist/slice_1,4,4,70,70,0,0.0,0.3928,0.4031,-0.010300000000000031,-0.01369999999999999,-0.009771428571428487,-0.010399999999999965,-8.0,0.005600000000000049,1,1,results/pending_runs/paper_backbones/MobileNetV2/tissuemnist/L70_G70/tralo/seed_4,results/pending_runs/paper_backbones/MobileNetV2/tissuemnist/L70_G70/fioretto_ldf/seed_4
paper_backbones,tissuemnist,MobileNetV2,L70_G70,data/tissuemnist/slice_1,4,3,70,70,0,0.0,0.3766,0.3759,0.0006999999999999784,0.006900000000000017,-0.00018571428571428905,0.0007999999999999119,-4.0,0.00269999999999998,1,1,results/pending_runs/paper_backbones/MobileNetV2/tissuemnist/L70_G70/tralo/seed_3,results/pending_runs/paper_backbones/MobileNetV2/tissuemnist/L70_G70/fioretto_ldf/seed_3
paper_backbones,tissuemnist,MobileNetV2,L70_G70,data/tissuemnist/slice_1,4,1,70,70,0,0.0,0.3867,0.3859,0.0007999999999999674,0.06180000000000002,-0.007971428571428518,0.00869999999999993,-3.0,0.004500000000000004,1,1,results/pending_runs/paper_backbones/MobileNetV2/tissuemnist/L70_G70/tralo/seed_1,results/pending_runs/paper_backbones/MobileNetV2/tissuemnist/L70_G70/fioretto_ldf/seed_1
paper_backbones,tissuemnist,MobileNetV2,L70_G70,data/tissuemnist/slice_1,4,2,70,70,0,0.0,0.4067,0.3955,0.011199999999999988,0.006800000000000028,0.011728571428571477,0.0017000000000000348,8.0,0.0015000000000000013,1,1,results/pending_runs/paper_backbones/MobileNetV2/tissuemnist/L70_G70/tralo/seed_2,results/pending_runs/paper_backbones/MobileNetV2/tissuemnist/L70_G70/fioretto_ldf/seed_2
paper_backbones,tissuemnist,MobileNetV2,L30_G30,data/tissuemnist/slice_1,4,4,30,30,0,0.0,0.3722,0.3815,-0.00930000000000003,-0.018000000000000016,-0.008114285714285796,-0.00539999999999996,-3.0,0.003500000000000003,1,1,results/pending_runs/paper_backbones/MobileNetV2/tissuemnist/L30_G30/tralo/seed_4,results/pending_runs/paper_backbones/MobileNetV2/tissuemnist/L30_G30/fioretto_ldf/seed_4
paper_backbones,tissuemnist,MobileNetV2,L30_G30,data/tissuemnist/slice_1,4,3,30,30,0,0.0,0.3832,0.3686,0.014600000000000002,0.009000000000000008,0.015428571428571403,0.0025000000000000577,-4.0,-0.009199999999999986,1,0,results/pending_runs/paper_backbones/MobileNetV2/tissuemnist/L30_G30/tralo/seed_3,results/pending_runs/paper_backbones/MobileNetV2/tissuemnist/L30_G30/fioretto_ldf/seed_3
paper_backbones,tissuemnist,MobileNetV2,L30_G30,data/tissuemnist/slice_1,4,1,30,30,0,0.0,0.3806,0.3784,0.0021999999999999797,0.018000000000000016,-5.714285714286671e-05,0.007900000000000018,-1.0,-0.0041999999999999815,1,1,results/pending_runs/paper_backbones/MobileNetV2/tissuemnist/L30_G30/tralo/seed_1,results/pending_runs/paper_backbones/MobileNetV2/tissuemnist/L30_G30/fioretto_ldf/seed_1
paper_backbones,tissuemnist,MobileNetV2,L30_G30,data/tissuemnist/slice_1,4,2,30,30,0,0.0,0.384,0.3869,-0.0029000000000000137,-0.018000000000000016,-0.0007999999999999674,0.0042000000000000925,-4.0,-0.006299999999999972,1,1,results/pending_runs/paper_backbones/MobileNetV2/tissuemnist/L30_G30/tralo/seed_2,results/pending_runs/paper_backbones/MobileNetV2/tissuemnist/L30_G30/fioretto_ldf/seed_2
paper_backbones,tissuemnist,MobileNetV2,L80_G80,data/tissuemnist/slice_1,4,4,80,80,0,0.0,0.4037,0.3941,0.009599999999999997,0.03240000000000004,0.006371428571428639,-0.009599999999999942,-4.0,0.0013000000000000234,1,1,results/pending_runs/paper_backbones/MobileNetV2/tissuemnist/L80_G80/tralo/seed_4,results/pending_runs/paper_backbones/MobileNetV2/tissuemnist/L80_G80/fioretto_ldf/seed_4
paper_backbones,tissuemnist,MobileNetV2,L80_G80,data/tissuemnist/slice_1,4,3,80,80,0,0.0,0.3971,0.3806,0.016500000000000015,0.019500000000000017,0.016142857142857125,0.01629999999999998,-6.0,-0.021699999999999997,1,1,results/pending_runs/paper_backbones/MobileNetV2/tissuemnist/L80_G80/tralo/seed_3,results/pending_runs/paper_backbones/MobileNetV2/tissuemnist/L80_G80/fioretto_ldf/seed_3
paper_backbones,tissuemnist,MobileNetV2,L80_G80,data/tissuemnist/slice_1,4,1,80,80,0,0.0,0.3986,0.4,-0.0014000000000000123,0.019500000000000017,-0.004357142857142837,-0.006299999999999972,-1.0,0.007800000000000029,1,1,results/pending_runs/paper_backbones/MobileNetV2/tissuemnist/L80_G80/tralo/seed_1,results/pending_runs/paper_backbones/MobileNetV2/tissuemnist/L80_G80/fioretto_ldf/seed_1
paper_backbones,tissuemnist,MobileNetV2,L80_G80,data/tissuemnist/slice_1,4,2,80,80,0,0.0,0.4146,0.4103,0.004300000000000026,-0.013000000000000012,0.006757142857142906,0.0020999999999999908,-2.0,0.0,1,1,results/pending_runs/paper_backbones/MobileNetV2/tissuemnist/L80_G80/tralo/seed_2,results/pending_runs/paper_backbones/MobileNetV2/tissuemnist/L80_G80/fioretto_ldf/seed_2
paper_backbones,aider,ShuffleNetV2,L20_G20,data/aider/slice_1,0,4,20,20,0,0.0,0.7799,0.7737,0.006199999999999983,0.0,0.008333333333333415,0.0032999999999999696,-5.0,-0.006600000000000009,1,1,results/pending_runs/paper_backbones/ShuffleNetV2/aider/L20_G20/tralo/seed_4,results/pending_runs/paper_backbones/ShuffleNetV2/aider/L20_G20/fioretto_ldf/seed_4
paper_backbones,aider,ShuffleNetV2,L20_G20,data/aider/slice_1,0,3,20,20,0,0.0,0.7793,0.7663,0.013000000000000012,0.0,0.017299999999999982,0.006699999999999928,-6.0,-0.014100000000000001,1,0,results/pending_runs/paper_backbones/ShuffleNetV2/aider/L20_G20/tralo/seed_3,results/pending_runs/paper_backbones/ShuffleNetV2/aider/L20_G20/fioretto_ldf/seed_3
paper_backbones,aider,ShuffleNetV2,L20_G20,data/aider/slice_1,0,1,20,20,0,0.0,0.7726,0.7741,-0.0015000000000000568,0.0,-0.00196666666666645,-0.0008000000000000229,0.0,0.00019999999999999185,1,0,results/pending_runs/paper_backbones/ShuffleNetV2/aider/L20_G20/tralo/seed_1,results/pending_runs/paper_backbones/ShuffleNetV2/aider/L20_G20/fioretto_ldf/seed_1
paper_backbones,aider,ShuffleNetV2,L20_G20,data/aider/slice_1,0,2,20,20,0,0.0,0.7824,0.7789,0.0034999999999999476,0.0,0.004666666666666819,0.0025000000000000577,-2.0,-0.0039000000000000007,1,1,results/pending_runs/paper_backbones/ShuffleNetV2/aider/L20_G20/tralo/seed_2,results/pending_runs/paper_backbones/ShuffleNetV2/aider/L20_G20/fioretto_ldf/seed_2
paper_backbones,aider,ShuffleNetV2,L70_G70,data/aider/slice_1,0,4,70,70,0,0.0,0.9289,0.9288,9.999999999998899e-05,0.0,0.00013333333333331865,0.0,-4.0,-0.0034000000000000002,1,1,results/pending_runs/paper_backbones/ShuffleNetV2/aider/L70_G70/tralo/seed_4,results/pending_runs/paper_backbones/ShuffleNetV2/aider/L70_G70/fioretto_ldf/seed_4
paper_backbones,aider,ShuffleNetV2,L70_G70,data/aider/slice_1,0,3,70,70,0,0.0,0.9201,0.9187,0.0014000000000000679,0.0,0.0019000000000000128,0.0008000000000000229,-2.0,-0.0022000000000000006,1,1,results/pending_runs/paper_backbones/ShuffleNetV2/aider/L70_G70/tralo/seed_3,results/pending_runs/paper_backbones/ShuffleNetV2/aider/L70_G70/fioretto_ldf/seed_3
paper_backbones,aider,ShuffleNetV2,L70_G70,data/aider/slice_1,0,1,70,70,0,0.0,0.9289,0.9274,0.0014999999999999458,0.0,0.0019999999999998908,0.0008000000000000229,-4.0,-0.0017000000000000001,1,0,results/pending_runs/paper_backbones/ShuffleNetV2/aider/L70_G70/tralo/seed_1,results/pending_runs/paper_backbones/ShuffleNetV2/aider/L70_G70/fioretto_ldf/seed_1
paper_backbones,aider,ShuffleNetV2,L70_G70,data/aider/slice_1,0,2,70,70,0,0.0,0.932,0.932,0.0,0.0,0.0,0.0,-1.0,0.0001999999999999988,1,0,results/pending_runs/paper_backbones/ShuffleNetV2/aider/L70_G70/tralo/seed_2,results/pending_runs/paper_backbones/ShuffleNetV2/aider/L70_G70/fioretto_ldf/seed_2
paper_backbones,aider,ShuffleNetV2,L30_G30,data/aider/slice_1,0,4,30,30,0,0.0,0.8278,0.8234,0.0043999999999999595,0.0,0.005833333333333357,0.0024999999999999467,-5.0,-0.002999999999999989,1,1,results/pending_runs/paper_backbones/ShuffleNetV2/aider/L30_G30/tralo/seed_4,results/pending_runs/paper_backbones/ShuffleNetV2/aider/L30_G30/fioretto_ldf/seed_4
paper_backbones,aider,ShuffleNetV2,L30_G30,data/aider/slice_1,0,3,30,30,0,0.0,0.8153,0.8137,0.0016000000000000458,0.0,0.0021333333333334314,0.0009000000000000119,-7.0,-0.006399999999999989,1,1,results/pending_runs/paper_backbones/ShuffleNetV2/aider/L30_G30/tralo/seed_3,results/pending_runs/paper_backbones/ShuffleNetV2/aider/L30_G30/fioretto_ldf/seed_3
paper_backbones,aider,ShuffleNetV2,L30_G30,data/aider/slice_1,0,1,30,30,0,0.0,0.8193,0.8191,0.00019999999999997797,0.0,0.00029999999999996696,0.0,-4.0,-0.005100000000000007,1,1,results/pending_runs/paper_backbones/ShuffleNetV2/aider/L30_G30/tralo/seed_1,results/pending_runs/paper_backbones/ShuffleNetV2/aider/L30_G30/fioretto_ldf/seed_1
paper_backbones,aider,ShuffleNetV2,L30_G30,data/aider/slice_1,0,2,30,30,0,0.0,0.8267,0.8243,0.0023999999999999577,0.0,0.0031333333333334323,0.0026000000000000467,-4.0,-0.0032000000000000084,1,1,results/pending_runs/paper_backbones/ShuffleNetV2/aider/L30_G30/tralo/seed_2,results/pending_runs/paper_backbones/ShuffleNetV2/aider/L30_G30/fioretto_ldf/seed_2
paper_backbones,aider,ShuffleNetV2,L80_G80,data/aider/slice_1,0,4,80,80,0,0.0,0.9481,0.9467,0.0014000000000000679,0.0,0.001866666666666572,0.0009000000000000119,-1.0,-0.0022000000000000006,1,1,results/pending_runs/paper_backbones/ShuffleNetV2/aider/L80_G80/tralo/seed_4,results/pending_runs/paper_backbones/ShuffleNetV2/aider/L80_G80/fioretto_ldf/seed_4
paper_backbones,aider,ShuffleNetV2,L80_G80,data/aider/slice_1,0,3,80,80,0,0.0,0.9455,0.9468,-0.0012999999999999678,0.0,-0.0017000000000000348,-0.0008000000000000229,-1.0,-0.0005000000000000004,1,1,results/pending_runs/paper_backbones/ShuffleNetV2/aider/L80_G80/tralo/seed_3,results/pending_runs/paper_backbones/ShuffleNetV2/aider/L80_G80/fioretto_ldf/seed_3
paper_backbones,aider,ShuffleNetV2,L80_G80,data/aider/slice_1,0,1,80,80,0,0.0,0.9488,0.947,0.0018000000000000238,0.0,0.0023000000000001908,0.0017000000000000348,-7.0,-0.006700000000000001,1,1,results/pending_runs/paper_backbones/ShuffleNetV2/aider/L80_G80/tralo/seed_1,results/pending_runs/paper_backbones/ShuffleNetV2/aider/L80_G80/fioretto_ldf/seed_1
paper_backbones,aider,ShuffleNetV2,L80_G80,data/aider/slice_1,0,2,80,80,0,0.0,0.9511,0.9498,0.0012999999999999678,0.0,0.0018333333333333535,0.0009000000000000119,-3.0,-0.001899999999999999,1,1,results/pending_runs/paper_backbones/ShuffleNetV2/aider/L80_G80/tralo/seed_2,results/pending_runs/paper_backbones/ShuffleNetV2/aider/L80_G80/fioretto_ldf/seed_2
paper_backbones,dermmnist,ShuffleNetV2,L20_G20,data/dermmnist/slice_1,4,4,20,20,0,0.0,0.6232,0.6274,-0.0041999999999999815,0.007500000000000007,-0.00611666666666677,-0.0015000000000000568,-4.0,0.0021999999999999797,1,1,results/pending_runs/paper_backbones/ShuffleNetV2/dermmnist/L20_G20/tralo/seed_4,results/pending_runs/paper_backbones/ShuffleNetV2/dermmnist/L20_G20/fioretto_ldf/seed_4
paper_backbones,dermmnist,ShuffleNetV2,L20_G20,data/dermmnist/slice_1,4,3,20,20,0,0.0,0.6247,0.6361,-0.011399999999999966,0.0,-0.013283333333333314,-0.0030000000000000027,-6.0,0.0,1,1,results/pending_runs/paper_backbones/ShuffleNetV2/dermmnist/L20_G20/tralo/seed_3,results/pending_runs/paper_backbones/ShuffleNetV2/dermmnist/L20_G20/fioretto_ldf/seed_3
paper_backbones,dermmnist,ShuffleNetV2,L20_G20,data/dermmnist/slice_1,4,1,20,20,0,0.0,0.6417,0.6369,0.0048000000000000265,0.0,0.0055833333333333846,0.0020000000000000018,-4.0,-0.0040000000000000036,1,1,results/pending_runs/paper_backbones/ShuffleNetV2/dermmnist/L20_G20/tralo/seed_1,results/pending_runs/paper_backbones/ShuffleNetV2/dermmnist/L20_G20/fioretto_ldf/seed_1
paper_backbones,dermmnist,ShuffleNetV2,L20_G20,data/dermmnist/slice_1,4,2,20,20,0,0.0,0.6227,0.6261,-0.0033999999999999586,0.007500000000000007,-0.0051000000000001044,0.0040000000000000036,1.0,-0.0023999999999999855,1,1,results/pending_runs/paper_backbones/ShuffleNetV2/dermmnist/L20_G20/tralo/seed_2,results/pending_runs/paper_backbones/ShuffleNetV2/dermmnist/L20_G20/fioretto_ldf/seed_2
paper_backbones,dermmnist,ShuffleNetV2,L70_G70,data/dermmnist/slice_1,4,4,70,70,0,0.0,0.7158,0.7152,0.0006000000000000449,0.0,0.0007666666666668043,0.0004999999999999449,-5.0,-0.0031999999999999945,1,1,results/pending_runs/paper_backbones/ShuffleNetV2/dermmnist/L70_G70/tralo/seed_4,results/pending_runs/paper_backbones/ShuffleNetV2/dermmnist/L70_G70/fioretto_ldf/seed_4
paper_backbones,dermmnist,ShuffleNetV2,L70_G70,data/dermmnist/slice_1,4,3,70,70,0,0.0,0.7018,0.7014,0.00039999999999995595,-0.005299999999999971,0.001283333333333303,-0.0030000000000000027,-16.0,0.0012999999999999956,1,1,results/pending_runs/paper_backbones/ShuffleNetV2/dermmnist/L70_G70/tralo/seed_3,results/pending_runs/paper_backbones/ShuffleNetV2/dermmnist/L70_G70/fioretto_ldf/seed_3
paper_backbones,dermmnist,ShuffleNetV2,L70_G70,data/dermmnist/slice_1,4,1,70,70,0,0.0,0.6874,0.7015,-0.014100000000000001,0.005299999999999971,-0.017349999999999977,-0.0030000000000000027,-11.0,0.0059000000000000025,1,1,results/pending_runs/paper_backbones/ShuffleNetV2/dermmnist/L70_G70/tralo/seed_1,results/pending_runs/paper_backbones/ShuffleNetV2/dermmnist/L70_G70/fioretto_ldf/seed_1
paper_backbones,dermmnist,ShuffleNetV2,L70_G70,data/dermmnist/slice_1,4,2,70,70,0,0.0,0.6851,0.6879,-0.0027999999999999137,-0.005299999999999971,-0.0023500000000001853,-0.0020000000000000018,-20.0,0.0031999999999999945,1,1,results/pending_runs/paper_backbones/ShuffleNetV2/dermmnist/L70_G70/tralo/seed_2,results/pending_runs/paper_backbones/ShuffleNetV2/dermmnist/L70_G70/fioretto_ldf/seed_2
paper_backbones,dermmnist,ShuffleNetV2,L30_G30,data/dermmnist/slice_1,4,4,30,30,0,0.0,0.6616,0.6543,0.007299999999999973,-0.006900000000000017,0.009666666666666601,0.0,-5.0,-0.0022999999999999965,1,0,results/pending_runs/paper_backbones/ShuffleNetV2/dermmnist/L30_G30/tralo/seed_4,results/pending_runs/paper_backbones/ShuffleNetV2/dermmnist/L30_G30/fioretto_ldf/seed_4
paper_backbones,dermmnist,ShuffleNetV2,L30_G30,data/dermmnist/slice_1,4,3,30,30,0,0.0,0.6486,0.6629,-0.01430000000000009,-0.006900000000000017,-0.015499999999999847,-0.0045000000000000595,-7.0,0.0033999999999999864,1,1,results/pending_runs/paper_backbones/ShuffleNetV2/dermmnist/L30_G30/tralo/seed_3,results/pending_runs/paper_backbones/ShuffleNetV2/dermmnist/L30_G30/fioretto_ldf/seed_3
paper_backbones,dermmnist,ShuffleNetV2,L30_G30,data/dermmnist/slice_1,4,1,30,30,0,0.0,0.671,0.6559,0.015100000000000002,0.006900000000000017,0.01649999999999996,0.0034999999999999476,-6.0,-0.005400000000000016,1,1,results/pending_runs/paper_backbones/ShuffleNetV2/dermmnist/L30_G30/tralo/seed_1,results/pending_runs/paper_backbones/ShuffleNetV2/dermmnist/L30_G30/fioretto_ldf/seed_1
paper_backbones,dermmnist,ShuffleNetV2,L30_G30,data/dermmnist/slice_1,4,2,30,30,0,0.0,0.6555,0.6496,0.005900000000000016,0.0,0.006866666666666688,0.0020000000000000018,-9.0,-0.005700000000000011,1,1,results/pending_runs/paper_backbones/ShuffleNetV2/dermmnist/L30_G30/tralo/seed_2,results/pending_runs/paper_backbones/ShuffleNetV2/dermmnist/L30_G30/fioretto_ldf/seed_2
paper_backbones,dermmnist,ShuffleNetV2,L80_G80,data/dermmnist/slice_1,4,4,80,80,0,0.0,0.7225,0.715,0.007500000000000062,0.0,0.008783333333333254,0.0020000000000000018,-9.0,0.0,1,1,results/pending_runs/paper_backbones/ShuffleNetV2/dermmnist/L80_G80/tralo/seed_4,results/pending_runs/paper_backbones/ShuffleNetV2/dermmnist/L80_G80/fioretto_ldf/seed_4
paper_backbones,dermmnist,ShuffleNetV2,L80_G80,data/dermmnist/slice_1,4,3,80,80,0,0.0,0.7112,0.7106,0.0006000000000000449,0.0,0.0007166666666665877,-0.0020000000000000018,-18.0,0.0,1,1,results/pending_runs/paper_backbones/ShuffleNetV2/dermmnist/L80_G80/tralo/seed_3,results/pending_runs/paper_backbones/ShuffleNetV2/dermmnist/L80_G80/fioretto_ldf/seed_3
paper_backbones,dermmnist,ShuffleNetV2,L80_G80,data/dermmnist/slice_1,4,1,80,80,0,0.0,0.687,0.6999,-0.012899999999999912,0.014900000000000024,-0.01753333333333329,-0.0033999999999999586,-14.0,0.007999999999999993,1,1,results/pending_runs/paper_backbones/ShuffleNetV2/dermmnist/L80_G80/tralo/seed_1,results/pending_runs/paper_backbones/ShuffleNetV2/dermmnist/L80_G80/fioretto_ldf/seed_1
paper_backbones,dermmnist,ShuffleNetV2,L80_G80,data/dermmnist/slice_1,4,2,80,80,0,0.0,0.6941,0.6948,-0.0006999999999999229,0.0,-0.0007999999999999119,0.0,-13.0,0.0015000000000000013,1,1,results/pending_runs/paper_backbones/ShuffleNetV2/dermmnist/L80_G80/tralo/seed_2,results/pending_runs/paper_backbones/ShuffleNetV2/dermmnist/L80_G80/fioretto_ldf/seed_2
paper_backbones,tissuemnist,ShuffleNetV2,L20_G20,data/tissuemnist/slice_1,4,4,20,20,0,0.0,0.386,0.3794,0.006599999999999995,-0.009700000000000014,0.009000000000000008,0.0037000000000000366,-6.0,-0.009699999999999986,1,1,results/pending_runs/paper_backbones/ShuffleNetV2/tissuemnist/L20_G20/tralo/seed_4,results/pending_runs/paper_backbones/ShuffleNetV2/tissuemnist/L20_G20/fioretto_ldf/seed_4
paper_backbones,tissuemnist,ShuffleNetV2,L20_G20,data/tissuemnist/slice_1,4,3,20,20,0,0.0,0.3744,0.3781,-0.003699999999999981,-0.009700000000000042,-0.002857142857142836,-0.0026000000000000467,-5.0,-9.999999999998899e-05,1,1,results/pending_runs/paper_backbones/ShuffleNetV2/tissuemnist/L20_G20/tralo/seed_3,results/pending_runs/paper_backbones/ShuffleNetV2/tissuemnist/L20_G20/fioretto_ldf/seed_3
paper_backbones,tissuemnist,ShuffleNetV2,L20_G20,data/tissuemnist/slice_1,4,1,20,20,0,0.0,0.3455,0.3317,0.013799999999999979,-0.009699999999999986,0.017228571428571482,0.00869999999999993,-5.0,-0.014900000000000024,1,1,results/pending_runs/paper_backbones/ShuffleNetV2/tissuemnist/L20_G20/tralo/seed_1,results/pending_runs/paper_backbones/ShuffleNetV2/tissuemnist/L20_G20/fioretto_ldf/seed_1
paper_backbones,tissuemnist,ShuffleNetV2,L20_G20,data/tissuemnist/slice_1,4,2,20,20,0,0.0,0.378,0.3765,0.0015000000000000013,0.009800000000000003,0.0002142857142857224,-0.0011999999999999789,-1.0,-0.0012000000000000344,1,1,results/pending_runs/paper_backbones/ShuffleNetV2/tissuemnist/L20_G20/tralo/seed_2,results/pending_runs/paper_backbones/ShuffleNetV2/tissuemnist/L20_G20/fioretto_ldf/seed_2
paper_backbones,tissuemnist,ShuffleNetV2,L70_G70,data/tissuemnist/slice_1,4,4,70,70,0,0.0,0.4523,0.4477,0.004599999999999993,-0.013799999999999979,0.007214285714285673,0.0013000000000000789,-1.0,-0.0022999999999999687,1,1,results/pending_runs/paper_backbones/ShuffleNetV2/tissuemnist/L70_G70/tralo/seed_4,results/pending_runs/paper_backbones/ShuffleNetV2/tissuemnist/L70_G70/fioretto_ldf/seed_4
paper_backbones,tissuemnist,ShuffleNetV2,L70_G70,data/tissuemnist/slice_1,4,3,70,70,0,0.0,0.4418,0.4425,-0.0006999999999999784,0.006900000000000017,-0.0018285714285714016,-0.0037000000000000366,-4.0,0.003300000000000025,1,1,results/pending_runs/paper_backbones/ShuffleNetV2/tissuemnist/L70_G70/tralo/seed_3,results/pending_runs/paper_backbones/ShuffleNetV2/tissuemnist/L70_G70/fioretto_ldf/seed_3
paper_backbones,tissuemnist,ShuffleNetV2,L70_G70,data/tissuemnist/slice_1,4,1,70,70,0,0.0,0.4073,0.3962,0.011099999999999999,0.006900000000000017,0.011728571428571366,0.006700000000000039,-10.0,-0.0015999999999999903,1,1,results/pending_runs/paper_backbones/ShuffleNetV2/tissuemnist/L70_G70/tralo/seed_1,results/pending_runs/paper_backbones/ShuffleNetV2/tissuemnist/L70_G70/fioretto_ldf/seed_1
paper_backbones,tissuemnist,ShuffleNetV2,L70_G70,data/tissuemnist/slice_1,4,2,70,70,0,0.0,0.4031,0.4094,-0.006299999999999972,-0.01369999999999999,-0.005200000000000038,0.0008000000000000229,1.0,0.005400000000000016,1,1,results/pending_runs/paper_backbones/ShuffleNetV2/tissuemnist/L70_G70/tralo/seed_2,results/pending_runs/paper_backbones/ShuffleNetV2/tissuemnist/L70_G70/fioretto_ldf/seed_2
paper_backbones,tissuemnist,ShuffleNetV2,L30_G30,data/tissuemnist/slice_1,4,4,30,30,0,0.0,0.4065,0.4003,0.006199999999999983,-0.01799999999999996,0.009742857142857164,0.0017000000000000348,-5.0,-0.006699999999999984,1,1,results/pending_runs/paper_backbones/ShuffleNetV2/tissuemnist/L30_G30/tralo/seed_4,results/pending_runs/paper_backbones/ShuffleNetV2/tissuemnist/L30_G30/fioretto_ldf/seed_4
paper_backbones,tissuemnist,ShuffleNetV2,L30_G30,data/tissuemnist/slice_1,4,3,30,30,0,0.0,0.3904,0.3952,-0.004799999999999971,0.0,-0.0054857142857142605,-0.0038000000000000256,0.0,0.0040000000000000036,0,0,results/pending_runs/paper_backbones/ShuffleNetV2/tissuemnist/L30_G30/tralo/seed_3,results/pending_runs/paper_backbones/ShuffleNetV2/tissuemnist/L30_G30/fioretto_ldf/seed_3
paper_backbones,tissuemnist,ShuffleNetV2,L30_G30,data/tissuemnist/slice_1,4,1,30,30,0,0.0,0.372,0.3563,0.015699999999999992,0.02699999999999997,0.01418571428571419,0.007500000000000062,-8.0,-0.006800000000000028,1,0,results/pending_runs/paper_backbones/ShuffleNetV2/tissuemnist/L30_G30/tralo/seed_1,results/pending_runs/paper_backbones/ShuffleNetV2/tissuemnist/L30_G30/fioretto_ldf/seed_1
paper_backbones,tissuemnist,ShuffleNetV2,L30_G30,data/tissuemnist/slice_1,4,2,30,30,0,0.0,0.3873,0.3849,0.0023999999999999577,0.0,0.0027285714285714135,0.0,-1.0,-0.0011999999999999789,1,1,results/pending_runs/paper_backbones/ShuffleNetV2/tissuemnist/L30_G30/tralo/seed_2,results/pending_runs/paper_backbones/ShuffleNetV2/tissuemnist/L30_G30/fioretto_ldf/seed_2
paper_backbones,tissuemnist,ShuffleNetV2,L50_G50,data/tissuemnist/slice_1,4,4,50,50,0,0.0,0.4329,0.4263,0.006599999999999995,0.0,0.007571428571428618,0.0029000000000000137,-4.0,-0.007599999999999996,1,0,results/pending_runs/paper_backbones/ShuffleNetV2/tissuemnist/L50_G50/tralo/seed_4,results/pending_runs/paper_backbones/ShuffleNetV2/tissuemnist/L50_G50/fioretto_ldf/seed_4
paper_backbones,tissuemnist,ShuffleNetV2,L50_G50,data/tissuemnist/slice_1,4,3,50,50,0,0.0,0.4139,0.4244,-0.01050000000000001,-0.015600000000000003,-0.009828571428571353,-0.01090000000000002,-3.0,0.006500000000000006,1,0,results/pending_runs/paper_backbones/ShuffleNetV2/tissuemnist/L50_G50/tralo/seed_3,results/pending_runs/paper_backbones/ShuffleNetV2/tissuemnist/L50_G50/fioretto_ldf/seed_3
paper_backbones,tissuemnist,ShuffleNetV2,L50_G50,data/tissuemnist/slice_1,4,2,50,50,0,0.0,0.3958,0.4014,-0.005599999999999994,0.015500000000000014,-0.008600000000000052,-0.0011999999999999789,5.0,0.0015000000000000013,1,1,results/pending_runs/paper_backbones/ShuffleNetV2/tissuemnist/L50_G50/tralo/seed_2,results/pending_runs/paper_backbones/ShuffleNetV2/tissuemnist/L50_G50/fioretto_ldf/seed_2
paper_backbones,tissuemnist,ShuffleNetV2,L80_G80,data/tissuemnist/slice_1,4,4,80,80,0,0.0,0.4551,0.4472,0.007900000000000018,0.013000000000000012,0.007071428571428506,0.0038000000000000256,-1.0,-0.0041999999999999815,1,1,results/pending_runs/paper_backbones/ShuffleNetV2/tissuemnist/L80_G80/tralo/seed_4,results/pending_runs/paper_backbones/ShuffleNetV2/tissuemnist/L80_G80/fioretto_ldf/seed_4
paper_backbones,tissuemnist,ShuffleNetV2,L80_G80,data/tissuemnist/slice_1,4,3,80,80,0,0.0,0.4419,0.4429,-0.0010000000000000009,-0.006500000000000006,-0.00024285714285715576,0.0,-5.0,0.0011999999999999789,1,1,results/pending_runs/paper_backbones/ShuffleNetV2/tissuemnist/L80_G80/tralo/seed_3,results/pending_runs/paper_backbones/ShuffleNetV2/tissuemnist/L80_G80/fioretto_ldf/seed_3
paper_backbones,tissuemnist,ShuffleNetV2,L80_G80,data/tissuemnist/slice_1,4,1,80,80,0,0.0,0.411,0.4112,-0.00020000000000003348,0.0,-0.00024285714285710025,0.0025000000000000577,-7.0,0.00019999999999997797,1,0,results/pending_runs/paper_backbones/ShuffleNetV2/tissuemnist/L80_G80/tralo/seed_1,results/pending_runs/paper_backbones/ShuffleNetV2/tissuemnist/L80_G80/fioretto_ldf/seed_1
paper_backbones,tissuemnist,ShuffleNetV2,L80_G80,data/tissuemnist/slice_1,4,2,80,80,0,0.0,0.4061,0.4135,-0.007399999999999962,-0.006400000000000017,-0.007571428571428562,0.0037000000000000366,-7.0,0.0,1,1,results/pending_runs/paper_backbones/ShuffleNetV2/tissuemnist/L80_G80/tralo/seed_2,results/pending_runs/paper_backbones/ShuffleNetV2/tissuemnist/L80_G80/fioretto_ldf/seed_2
paper_backbones,aider,RegNetY400MF,L20_G20,data/aider/slice_1,0,4,20,20,0,0.0,0.7946,0.7953,-0.0007000000000000339,0.0,-0.0009666666666667822,0.0008000000000000229,-3.0,-0.003600000000000006,1,1,results/pending_runs/paper_backbones/RegNetY400MF/aider/L20_G20/tralo/seed_4,results/pending_runs/paper_backbones/RegNetY400MF/aider/L20_G20/fioretto_ldf/seed_4
paper_backbones,aider,RegNetY400MF,L20_G20,data/aider/slice_1,0,3,20,20,0,0.0,0.8009,0.8032,-0.0023000000000000798,0.0,-0.0030333333333334433,-0.0009000000000000119,-1.0,-0.004500000000000004,1,1,results/pending_runs/paper_backbones/RegNetY400MF/aider/L20_G20/tralo/seed_3,results/pending_runs/paper_backbones/RegNetY400MF/aider/L20_G20/fioretto_ldf/seed_3
paper_backbones,aider,RegNetY400MF,L20_G20,data/aider/slice_1,0,1,20,20,0,0.0,0.7941,0.7913,0.0028000000000000247,0.0,0.0038000000000000256,0.0017000000000000348,-5.0,-0.007400000000000004,1,1,results/pending_runs/paper_backbones/RegNetY400MF/aider/L20_G20/tralo/seed_1,results/pending_runs/paper_backbones/RegNetY400MF/aider/L20_G20/fioretto_ldf/seed_1
paper_backbones,aider,RegNetY400MF,L20_G20,data/aider/slice_1,0,2,20,20,0,0.0,0.8025,0.8025,0.0,0.0,0.0,0.0,-4.0,-0.001799999999999996,1,1,results/pending_runs/paper_backbones/RegNetY400MF/aider/L20_G20/tralo/seed_2,results/pending_runs/paper_backbones/RegNetY400MF/aider/L20_G20/fioretto_ldf/seed_2
paper_backbones,aider,RegNetY400MF,L70_G70,data/aider/slice_1,0,4,70,70,0,0.0,0.9315,0.9328,-0.0012999999999999678,0.0,-0.0017666666666666941,-0.0008000000000000229,-5.0,-0.00040000000000000105,1,1,results/pending_runs/paper_backbones/RegNetY400MF/aider/L70_G70/tralo/seed_4,results/pending_runs/paper_backbones/RegNetY400MF/aider/L70_G70/fioretto_ldf/seed_4
paper_backbones,aider,RegNetY400MF,L70_G70,data/aider/slice_1,0,3,70,70,0,0.0,0.9333,0.9329,0.00040000000000006697,0.0,0.0006333333333334856,0.0008000000000000229,-11.0,-0.008,1,1,results/pending_runs/paper_backbones/RegNetY400MF/aider/L70_G70/tralo/seed_3,results/pending_runs/paper_backbones/RegNetY400MF/aider/L70_G70/fioretto_ldf/seed_3
paper_backbones,aider,RegNetY400MF,L70_G70,data/aider/slice_1,0,1,70,70,0,0.0,0.9322,0.9322,0.0,0.0,0.0,0.0,-1.0,0.0021000000000000046,1,1,results/pending_runs/paper_backbones/RegNetY400MF/aider/L70_G70/tralo/seed_1,results/pending_runs/paper_backbones/RegNetY400MF/aider/L70_G70/fioretto_ldf/seed_1
paper_backbones,aider,RegNetY400MF,L70_G70,data/aider/slice_1,0,2,70,70,0,0.0,0.9337,0.932,0.0016999999999999238,0.0,0.0023333333333331874,0.0017000000000000348,-3.0,-0.0020000000000000018,1,0,results/pending_runs/paper_backbones/RegNetY400MF/aider/L70_G70/tralo/seed_2,results/pending_runs/paper_backbones/RegNetY400MF/aider/L70_G70/fioretto_ldf/seed_2
paper_backbones,aider,RegNetY400MF,L30_G30,data/aider/slice_1,0,4,30,30,0,0.0,0.8335,0.8293,0.0041999999999999815,0.0,0.005699999999999816,0.0024999999999999467,-2.0,-0.0031000000000000055,1,1,results/pending_runs/paper_backbones/RegNetY400MF/aider/L30_G30/tralo/seed_4,results/pending_runs/paper_backbones/RegNetY400MF/aider/L30_G30/fioretto_ldf/seed_4
paper_backbones,aider,RegNetY400MF,L30_G30,data/aider/slice_1,0,3,30,30,0,0.0,0.8402,0.8402,0.0,0.0,0.0,0.0,-6.0,-0.009300000000000003,1,1,results/pending_runs/paper_backbones/RegNetY400MF/aider/L30_G30/tralo/seed_3,results/pending_runs/paper_backbones/RegNetY400MF/aider/L30_G30/fioretto_ldf/seed_3
paper_backbones,aider,RegNetY400MF,L30_G30,data/aider/slice_1,0,1,30,30,0,0.0,0.8343,0.8287,0.005600000000000049,0.0,0.0075666666666666105,0.0032999999999999696,-9.0,-0.007999999999999993,1,1,results/pending_runs/paper_backbones/RegNetY400MF/aider/L30_G30/tralo/seed_1,results/pending_runs/paper_backbones/RegNetY400MF/aider/L30_G30/fioretto_ldf/seed_1
paper_backbones,aider,RegNetY400MF,L30_G30,data/aider/slice_1,0,2,30,30,0,0.0,0.8388,0.8385,0.00029999999999996696,0.0,0.0003666666666667373,0.0008000000000000229,-9.0,-0.005500000000000005,1,1,results/pending_runs/paper_backbones/RegNetY400MF/aider/L30_G30/tralo/seed_2,results/pending_runs/paper_backbones/RegNetY400MF/aider/L30_G30/fioretto_ldf/seed_2
paper_backbones,aider,RegNetY400MF,L80_G80,data/aider/slice_1,0,4,80,80,0,0.0,0.9524,0.9537,-0.0012999999999999678,0.0,-0.0017333333333333645,-0.0008000000000000229,-1.0,0.0028000000000000004,1,1,results/pending_runs/paper_backbones/RegNetY400MF/aider/L80_G80/tralo/seed_4,results/pending_runs/paper_backbones/RegNetY400MF/aider/L80_G80/fioretto_ldf/seed_4
paper_backbones,aider,RegNetY400MF,L80_G80,data/aider/slice_1,0,3,80,80,0,0.0,0.9555,0.9558,-0.00029999999999996696,0.0,-0.00040000000000006697,-0.0008000000000000229,-3.0,-0.0017000000000000001,1,1,results/pending_runs/paper_backbones/RegNetY400MF/aider/L80_G80/tralo/seed_3,results/pending_runs/paper_backbones/RegNetY400MF/aider/L80_G80/fioretto_ldf/seed_3
paper_backbones,aider,RegNetY400MF,L80_G80,data/aider/slice_1,0,1,80,80,0,0.0,0.9555,0.9523,0.0031999999999999806,0.0,0.004166666666666763,0.0024999999999999467,-15.0,-0.009799999999999996,1,1,results/pending_runs/paper_backbones/RegNetY400MF/aider/L80_G80/tralo/seed_1,results/pending_runs/paper_backbones/RegNetY400MF/aider/L80_G80/fioretto_ldf/seed_1
paper_backbones,aider,RegNetY400MF,L80_G80,data/aider/slice_1,0,2,80,80,0,0.0,0.9527,0.9508,0.0019000000000000128,0.0,0.0024333333333332874,0.0016999999999999238,-5.0,0.0005999999999999998,1,1,results/pending_runs/paper_backbones/RegNetY400MF/aider/L80_G80/tralo/seed_2,results/pending_runs/paper_backbones/RegNetY400MF/aider/L80_G80/fioretto_ldf/seed_2
paper_backbones,dermmnist,RegNetY400MF,L20_G20,data/dermmnist/slice_1,4,4,20,20,0,0.0,0.6885,0.6743,0.01419999999999999,0.007500000000000007,0.015333333333333199,0.0030000000000000027,-6.0,-0.0030999999999999917,1,1,results/pending_runs/paper_backbones/RegNetY400MF/dermmnist/L20_G20/tralo/seed_4,results/pending_runs/paper_backbones/RegNetY400MF/dermmnist/L20_G20/fioretto_ldf/seed_4
paper_backbones,dermmnist,RegNetY400MF,L20_G20,data/dermmnist/slice_1,4,3,20,20,0,0.0,0.6785,0.6694,0.009099999999999997,0.0,0.010616666666666608,0.0035000000000000586,-4.0,-0.0040000000000000036,1,1,results/pending_runs/paper_backbones/RegNetY400MF/dermmnist/L20_G20/tralo/seed_3,results/pending_runs/paper_backbones/RegNetY400MF/dermmnist/L20_G20/fioretto_ldf/seed_3
paper_backbones,dermmnist,RegNetY400MF,L20_G20,data/dermmnist/slice_1,4,1,20,20,0,0.0,0.6843,0.6882,-0.0039000000000000146,0.0,-0.004583333333333384,0.0034999999999999476,-8.0,-0.004499999999999976,1,1,results/pending_runs/paper_backbones/RegNetY400MF/dermmnist/L20_G20/tralo/seed_1,results/pending_runs/paper_backbones/RegNetY400MF/dermmnist/L20_G20/fioretto_ldf/seed_1
paper_backbones,dermmnist,RegNetY400MF,L20_G20,data/dermmnist/slice_1,4,2,20,20,0,0.0,0.7029,0.6951,0.007799999999999918,0.0,0.009083333333333332,0.008399999999999963,-10.0,-0.010300000000000004,1,1,results/pending_runs/paper_backbones/RegNetY400MF/dermmnist/L20_G20/tralo/seed_2,results/pending_runs/paper_backbones/RegNetY400MF/dermmnist/L20_G20/fioretto_ldf/seed_2
paper_backbones,dermmnist,RegNetY400MF,L70_G70,data/dermmnist/slice_1,4,4,70,70,0,0.0,0.7407,0.7557,-0.015000000000000013,-0.010600000000000054,-0.015750000000000042,-0.008000000000000007,-22.0,0.0097,1,1,results/pending_runs/paper_backbones/RegNetY400MF/dermmnist/L70_G70/tralo/seed_4,results/pending_runs/paper_backbones/RegNetY400MF/dermmnist/L70_G70/fioretto_ldf/seed_4
paper_backbones,dermmnist,RegNetY400MF,L70_G70,data/dermmnist/slice_1,4,3,70,70,0,0.0,0.742,0.7549,-0.012900000000000023,-0.021100000000000008,-0.011599999999999944,-0.0035000000000000586,-8.0,0.0014999999999999875,1,1,results/pending_runs/paper_backbones/RegNetY400MF/dermmnist/L70_G70/tralo/seed_3,results/pending_runs/paper_backbones/RegNetY400MF/dermmnist/L70_G70/fioretto_ldf/seed_3
paper_backbones,dermmnist,RegNetY400MF,L70_G70,data/dermmnist/slice_1,4,1,70,70,0,0.0,0.7544,0.7494,0.0050000000000000044,0.005299999999999971,0.004850000000000132,0.0030000000000000027,-11.0,0.0012999999999999956,1,1,results/pending_runs/paper_backbones/RegNetY400MF/dermmnist/L70_G70/tralo/seed_1,results/pending_runs/paper_backbones/RegNetY400MF/dermmnist/L70_G70/fioretto_ldf/seed_1
paper_backbones,dermmnist,RegNetY400MF,L70_G70,data/dermmnist/slice_1,4,2,70,70,0,0.0,0.7581,0.7535,0.0046000000000000485,-0.010599999999999943,0.0070666666666666655,-0.0024999999999999467,-12.0,0.00449999999999999,1,1,results/pending_runs/paper_backbones/RegNetY400MF/dermmnist/L70_G70/tralo/seed_2,results/pending_runs/paper_backbones/RegNetY400MF/dermmnist/L70_G70/fioretto_ldf/seed_2
paper_backbones,dermmnist,RegNetY400MF,L30_G30,data/dermmnist/slice_1,4,4,30,30,0,0.0,0.7099,0.6927,0.017199999999999993,0.006900000000000017,0.018883333333333474,0.0044999999999999485,-6.0,-0.003700000000000009,1,1,results/pending_runs/paper_backbones/RegNetY400MF/dermmnist/L30_G30/tralo/seed_4,results/pending_runs/paper_backbones/RegNetY400MF/dermmnist/L30_G30/fioretto_ldf/seed_4
paper_backbones,dermmnist,RegNetY400MF,L30_G30,data/dermmnist/slice_1,4,3,30,30,0,0.0,0.6892,0.6911,-0.0019000000000000128,0.006900000000000017,-0.003349999999999853,-0.0020000000000000018,-7.0,0.0009000000000000119,1,1,results/pending_runs/paper_backbones/RegNetY400MF/dermmnist/L30_G30/tralo/seed_3,results/pending_runs/paper_backbones/RegNetY400MF/dermmnist/L30_G30/fioretto_ldf/seed_3
paper_backbones,dermmnist,RegNetY400MF,L30_G30,data/dermmnist/slice_1,4,1,30,30,0,0.0,0.7122,0.7093,0.0029000000000000137,0.006900000000000017,0.0022333333333331984,0.0020000000000000018,-18.0,-0.010099999999999998,1,1,results/pending_runs/paper_backbones/RegNetY400MF/dermmnist/L30_G30/tralo/seed_1,results/pending_runs/paper_backbones/RegNetY400MF/dermmnist/L30_G30/fioretto_ldf/seed_1
paper_backbones,dermmnist,RegNetY400MF,L30_G30,data/dermmnist/slice_1,4,2,30,30,0,0.0,0.7203,0.7257,-0.00539999999999996,0.0,-0.006366666666666632,-0.0015000000000000568,-8.0,0.001799999999999996,1,0,results/pending_runs/paper_backbones/RegNetY400MF/dermmnist/L30_G30/tralo/seed_2,results/pending_runs/paper_backbones/RegNetY400MF/dermmnist/L30_G30/fioretto_ldf/seed_2
paper_backbones,dermmnist,RegNetY400MF,L80_G80,data/dermmnist/slice_1,4,4,80,80,0,0.0,0.7539,0.7604,-0.00649999999999995,-0.010000000000000009,-0.0059833333333334515,-0.0040000000000000036,-20.0,0.008000000000000007,1,1,results/pending_runs/paper_backbones/RegNetY400MF/dermmnist/L80_G80/tralo/seed_4,results/pending_runs/paper_backbones/RegNetY400MF/dermmnist/L80_G80/fioretto_ldf/seed_4
paper_backbones,dermmnist,RegNetY400MF,L80_G80,data/dermmnist/slice_1,4,3,80,80,0,0.0,0.7583,0.7671,-0.00880000000000003,0.0050000000000000044,-0.011083333333333445,-0.0004999999999999449,-19.0,0.0021999999999999936,1,1,results/pending_runs/paper_backbones/RegNetY400MF/dermmnist/L80_G80/tralo/seed_3,results/pending_runs/paper_backbones/RegNetY400MF/dermmnist/L80_G80/fioretto_ldf/seed_3
paper_backbones,dermmnist,RegNetY400MF,L80_G80,data/dermmnist/slice_1,4,1,80,80,0,0.0,0.7547,0.7499,0.0048000000000000265,-0.0050000000000000044,0.006416666666666737,0.0024999999999999467,3.0,0.0034000000000000002,1,1,results/pending_runs/paper_backbones/RegNetY400MF/dermmnist/L80_G80/tralo/seed_1,results/pending_runs/paper_backbones/RegNetY400MF/dermmnist/L80_G80/fioretto_ldf/seed_1
paper_backbones,dermmnist,RegNetY400MF,L80_G80,data/dermmnist/slice_1,4,2,80,80,0,0.0,0.7613,0.7572,0.0040999999999999925,0.0,0.004833333333333467,0.0015000000000000568,7.0,0.0031999999999999945,1,1,results/pending_runs/paper_backbones/RegNetY400MF/dermmnist/L80_G80/tralo/seed_2,results/pending_runs/paper_backbones/RegNetY400MF/dermmnist/L80_G80/fioretto_ldf/seed_2
paper_backbones,tissuemnist,RegNetY400MF,L20_G20,data/tissuemnist/slice_1,4,4,20,20,0,0.0,0.3784,0.3823,-0.003899999999999959,-0.01949999999999999,-0.0017714285714285904,-0.007900000000000018,5.0,0.007799999999999974,1,1,results/pending_runs/paper_backbones/RegNetY400MF/tissuemnist/L20_G20/tralo/seed_4,results/pending_runs/paper_backbones/RegNetY400MF/tissuemnist/L20_G20/fioretto_ldf/seed_4
paper_backbones,tissuemnist,RegNetY400MF,L20_G20,data/tissuemnist/slice_1,4,3,20,20,0,0.0,0.3982,0.3998,-0.0015999999999999903,0.0,-0.0018857142857142128,0.00039999999999995595,-2.0,0.0011999999999999789,1,1,results/pending_runs/paper_backbones/RegNetY400MF/tissuemnist/L20_G20/tralo/seed_3,results/pending_runs/paper_backbones/RegNetY400MF/tissuemnist/L20_G20/fioretto_ldf/seed_3
paper_backbones,tissuemnist,RegNetY400MF,L20_G20,data/tissuemnist/slice_1,4,1,20,20,0,0.0,0.4217,0.4035,0.018199999999999994,0.0,0.02079999999999993,0.018799999999999928,-4.0,-0.019600000000000006,1,1,results/pending_runs/paper_backbones/RegNetY400MF/tissuemnist/L20_G20/tralo/seed_1,results/pending_runs/paper_backbones/RegNetY400MF/tissuemnist/L20_G20/fioretto_ldf/seed_1
paper_backbones,tissuemnist,RegNetY400MF,L20_G20,data/tissuemnist/slice_1,4,2,20,20,0,0.0,0.3889,0.3875,0.0014000000000000123,-0.019500000000000017,0.004342857142857148,-0.0033999999999999586,7.0,-0.004599999999999993,1,0,results/pending_runs/paper_backbones/RegNetY400MF/tissuemnist/L20_G20/tralo/seed_2,results/pending_runs/paper_backbones/RegNetY400MF/tissuemnist/L20_G20/fioretto_ldf/seed_2
paper_backbones,tissuemnist,RegNetY400MF,L70_G70,data/tissuemnist/slice_1,4,4,70,70,0,0.0,0.4226,0.4232,-0.0006000000000000449,0.020699999999999996,-0.0035999999999999366,-0.011199999999999988,-2.0,0.013700000000000045,1,0,results/pending_runs/paper_backbones/RegNetY400MF/tissuemnist/L70_G70/tralo/seed_4,results/pending_runs/paper_backbones/RegNetY400MF/tissuemnist/L70_G70/fioretto_ldf/seed_4
paper_backbones,tissuemnist,RegNetY400MF,L70_G70,data/tissuemnist/slice_1,4,3,70,70,0,0.0,0.4319,0.4332,-0.0012999999999999678,-0.013800000000000034,0.0005714285714285561,-0.0025000000000000577,1.0,0.0039000000000000146,1,1,results/pending_runs/paper_backbones/RegNetY400MF/tissuemnist/L70_G70/tralo/seed_3,results/pending_runs/paper_backbones/RegNetY400MF/tissuemnist/L70_G70/fioretto_ldf/seed_3
paper_backbones,tissuemnist,RegNetY400MF,L70_G70,data/tissuemnist/slice_1,4,1,70,70,0,0.0,0.4466,0.4414,0.005199999999999982,-0.006900000000000017,0.0069571428571429395,0.007099999999999995,4.0,-0.006900000000000017,1,1,results/pending_runs/paper_backbones/RegNetY400MF/tissuemnist/L70_G70/tralo/seed_1,results/pending_runs/paper_backbones/RegNetY400MF/tissuemnist/L70_G70/fioretto_ldf/seed_1
paper_backbones,tissuemnist,RegNetY400MF,L70_G70,data/tissuemnist/slice_1,4,2,70,70,0,0.0,0.4276,0.4242,0.0033999999999999586,0.006899999999999962,0.0028857142857142137,0.008300000000000085,5.0,-0.004699999999999982,1,1,results/pending_runs/paper_backbones/RegNetY400MF/tissuemnist/L70_G70/tralo/seed_2,results/pending_runs/paper_backbones/RegNetY400MF/tissuemnist/L70_G70/fioretto_ldf/seed_2
paper_backbones,tissuemnist,RegNetY400MF,L30_G30,data/tissuemnist/slice_1,4,4,30,30,0,0.0,0.3983,0.4101,-0.011800000000000033,-0.009000000000000008,-0.012199999999999989,-0.015900000000000025,-3.0,0.011399999999999966,1,1,results/pending_runs/paper_backbones/RegNetY400MF/tissuemnist/L30_G30/tralo/seed_4,results/pending_runs/paper_backbones/RegNetY400MF/tissuemnist/L30_G30/fioretto_ldf/seed_4
paper_backbones,tissuemnist,RegNetY400MF,L30_G30,data/tissuemnist/slice_1,4,3,30,30,0,0.0,0.4062,0.4103,-0.0040999999999999925,-0.018000000000000016,-0.002157142857142913,0.00039999999999995595,-5.0,-0.0019000000000000128,1,1,results/pending_runs/paper_backbones/RegNetY400MF/tissuemnist/L30_G30/tralo/seed_3,results/pending_runs/paper_backbones/RegNetY400MF/tissuemnist/L30_G30/fioretto_ldf/seed_3
paper_backbones,tissuemnist,RegNetY400MF,L30_G30,data/tissuemnist/slice_1,4,1,30,30,0,0.0,0.4185,0.4235,-0.0050000000000000044,-0.02699999999999997,-0.0018142857142857127,-0.0020000000000000018,-1.0,-9.999999999998899e-05,1,1,results/pending_runs/paper_backbones/RegNetY400MF/tissuemnist/L30_G30/tralo/seed_1,results/pending_runs/paper_backbones/RegNetY400MF/tissuemnist/L30_G30/fioretto_ldf/seed_1
paper_backbones,tissuemnist,RegNetY400MF,L30_G30,data/tissuemnist/slice_1,4,2,30,30,0,0.0,0.4114,0.4044,0.007000000000000006,0.0,0.00804285714285713,-0.0009000000000000119,5.0,-0.005800000000000027,1,1,results/pending_runs/paper_backbones/RegNetY400MF/tissuemnist/L30_G30/tralo/seed_2,results/pending_runs/paper_backbones/RegNetY400MF/tissuemnist/L30_G30/fioretto_ldf/seed_2
paper_backbones,tissuemnist,RegNetY400MF,L80_G80,data/tissuemnist/slice_1,4,4,80,80,0,0.0,0.4169,0.4225,-0.005599999999999994,0.02589999999999998,-0.010157142857142865,-0.006599999999999995,22.0,0.009000000000000008,1,1,results/pending_runs/paper_backbones/RegNetY400MF/tissuemnist/L80_G80/tralo/seed_4,results/pending_runs/paper_backbones/RegNetY400MF/tissuemnist/L80_G80/fioretto_ldf/seed_4
paper_backbones,tissuemnist,RegNetY400MF,L80_G80,data/tissuemnist/slice_1,4,3,80,80,0,0.0,0.436,0.4318,0.0041999999999999815,0.019500000000000017,0.0020142857142856907,0.010000000000000009,5.0,-0.003500000000000003,1,1,results/pending_runs/paper_backbones/RegNetY400MF/tissuemnist/L80_G80/tralo/seed_3,results/pending_runs/paper_backbones/RegNetY400MF/tissuemnist/L80_G80/fioretto_ldf/seed_3
paper_backbones,tissuemnist,RegNetY400MF,L80_G80,data/tissuemnist/slice_1,4,1,80,80,0,0.0,0.4487,0.4532,-0.004500000000000004,-0.025999999999999968,-0.0014000000000000123,0.0007999999999999119,6.0,0.004200000000000037,1,1,results/pending_runs/paper_backbones/RegNetY400MF/tissuemnist/L80_G80/tralo/seed_1,results/pending_runs/paper_backbones/RegNetY400MF/tissuemnist/L80_G80/fioretto_ldf/seed_1
paper_backbones,tissuemnist,RegNetY400MF,L80_G80,data/tissuemnist/slice_1,4,2,80,80,0,0.0,0.428,0.4259,0.0020999999999999908,0.019499999999999962,-0.0003714285714285781,0.008299999999999974,-5.0,-0.005199999999999982,1,1,results/pending_runs/paper_backbones/RegNetY400MF/tissuemnist/L80_G80/tralo/seed_2,results/pending_runs/paper_backbones/RegNetY400MF/tissuemnist/L80_G80/fioretto_ldf/seed_2
g2_asym_tissue_aider,aider,MobileNetV3,L50_G20,data/aider/slice_1,0,4,50,20,1,0.0,0.8048,0.7771,0.027699999999999947,0.10180000000000003,0.003066666666666662,0.006699999999999928,0.0,-0.0031999999999999945,1,1,results/pending_runs/g2_asym_tissue_aider/aider/L50_G20/tralo/seed_4,results/pending_runs/g2_asym_tissue_aider/aider/L50_G20/fioretto_ldf/seed_4
g2_asym_tissue_aider,aider,MobileNetV3,L50_G20,data/aider/slice_1,0,3,50,20,1,0.0,0.796,0.7835,0.012500000000000067,0.042800000000000005,0.0024000000000000687,0.0033999999999999586,0.0,-0.002600000000000005,1,1,results/pending_runs/g2_asym_tissue_aider/aider/L50_G20/tralo/seed_3,results/pending_runs/g2_asym_tissue_aider/aider/L50_G20/fioretto_ldf/seed_3
g2_asym_tissue_aider,aider,MobileNetV3,L50_G20,data/aider/slice_1,0,1,50,20,1,0.0,0.7797,0.7724,0.007299999999999973,0.028299999999999992,0.0003333333333332966,0.0017000000000000348,0.0,-0.0015999999999999903,1,1,results/pending_runs/g2_asym_tissue_aider/aider/L50_G20/tralo/seed_1,results/pending_runs/g2_asym_tissue_aider/aider/L50_G20/fioretto_ldf/seed_1
g2_asym_tissue_aider,aider,MobileNetV3,L50_G20,data/aider/slice_1,0,2,50,20,1,0.0,0.7893,0.7571,0.032200000000000006,0.10180000000000003,0.009000000000000008,0.009199999999999986,0.0,-0.0068000000000000005,1,1,results/pending_runs/g2_asym_tissue_aider/aider/L50_G20/tralo/seed_2,results/pending_runs/g2_asym_tissue_aider/aider/L50_G20/fioretto_ldf/seed_2
g2_asym_tissue_aider,aider,MobileNetV3,L80_G30,data/aider/slice_1,0,4,80,30,1,0.0,0.8365,0.8408,-0.0042999999999999705,-0.011699999999999988,-0.0019333333333334535,-0.0017000000000000348,0.0,0.0022000000000000006,1,1,results/pending_runs/g2_asym_tissue_aider/aider/L80_G30/tralo/seed_4,results/pending_runs/g2_asym_tissue_aider/aider/L80_G30/fioretto_ldf/seed_4
g2_asym_tissue_aider,aider,MobileNetV3,L80_G30,data/aider/slice_1,0,3,80,30,1,0.0,0.8267,0.8263,0.00039999999999995595,0.0,0.0004999999999999449,0.0007999999999999119,0.0,-0.0015000000000000013,1,1,results/pending_runs/g2_asym_tissue_aider/aider/L80_G30/tralo/seed_3,results/pending_runs/g2_asym_tissue_aider/aider/L80_G30/fioretto_ldf/seed_3
g2_asym_tissue_aider,aider,MobileNetV3,L80_G30,data/aider/slice_1,0,1,80,30,1,0.0,0.8182,0.8105,0.00770000000000004,0.0237,0.0022333333333335315,0.0025000000000000577,0.0,-0.0029,1,1,results/pending_runs/g2_asym_tissue_aider/aider/L80_G30/tralo/seed_1,results/pending_runs/g2_asym_tissue_aider/aider/L80_G30/fioretto_ldf/seed_1
g2_asym_tissue_aider,aider,MobileNetV3,L80_G30,data/aider/slice_1,0,2,80,30,1,0.0,0.8255,0.8035,0.02200000000000002,0.07350000000000001,0.004866666666666575,0.006700000000000039,0.0,-0.0068000000000000005,1,1,results/pending_runs/g2_asym_tissue_aider/aider/L80_G30/tralo/seed_2,results/pending_runs/g2_asym_tissue_aider/aider/L80_G30/fioretto_ldf/seed_2
g2_asym_tissue_aider,aider,MobileNetV3,L30_G50,data/aider/slice_1,0,4,30,50,1,0.0,0.8395,0.8408,-0.0012999999999999678,0.0,-0.0017666666666666941,-0.0008000000000000229,-7.0,-0.000899999999999998,1,1,results/pending_runs/g2_asym_tissue_aider/aider/L30_G50/tralo/seed_4,results/pending_runs/g2_asym_tissue_aider/aider/L30_G50/fioretto_ldf/seed_4
g2_asym_tissue_aider,aider,MobileNetV3,L30_G50,data/aider/slice_1,0,3,30,50,1,0.0,0.8359,0.8355,0.00039999999999995595,0.0,0.0005333333333333856,0.0008000000000000229,-1.0,-0.0012999999999999956,1,1,results/pending_runs/g2_asym_tissue_aider/aider/L30_G50/tralo/seed_3,results/pending_runs/g2_asym_tissue_aider/aider/L30_G50/fioretto_ldf/seed_3
g2_asym_tissue_aider,aider,MobileNetV3,L30_G50,data/aider/slice_1,0,1,30,50,1,0.0,0.8212,0.8182,0.0030000000000000027,0.0,0.003933333333333344,0.0017000000000000348,-7.0,-0.007499999999999993,1,1,results/pending_runs/g2_asym_tissue_aider/aider/L30_G50/tralo/seed_1,results/pending_runs/g2_asym_tissue_aider/aider/L30_G50/fioretto_ldf/seed_1
g2_asym_tissue_aider,aider,MobileNetV3,L30_G50,data/aider/slice_1,0,2,30,50,1,0.0,0.8285,0.8242,0.0042999999999999705,0.0,0.00576666666666692,0.0026000000000000467,-4.0,-0.0059000000000000025,1,1,results/pending_runs/g2_asym_tissue_aider/aider/L30_G50/tralo/seed_2,results/pending_runs/g2_asym_tissue_aider/aider/L30_G50/fioretto_ldf/seed_2
g2_asym_tissue_aider,aider,MobileNetV3,L30_G20,data/aider/slice_1,0,4,30,20,1,0.0,0.8048,0.7771,0.027699999999999947,0.10180000000000003,0.003066666666666662,0.006699999999999928,0.0,-0.0040000000000000036,1,1,results/pending_runs/g2_asym_tissue_aider/aider/L30_G20/tralo/seed_4,results/pending_runs/g2_asym_tissue_aider/aider/L30_G20/fioretto_ldf/seed_4
g2_asym_tissue_aider,aider,MobileNetV3,L30_G20,data/aider/slice_1,0,3,30,20,1,0.0,0.7946,0.7835,0.011099999999999999,0.042800000000000005,0.000500000000000056,0.0024999999999999467,0.0,-0.00020000000000000573,1,1,results/pending_runs/g2_asym_tissue_aider/aider/L30_G20/tralo/seed_3,results/pending_runs/g2_asym_tissue_aider/aider/L30_G20/fioretto_ldf/seed_3
g2_asym_tissue_aider,aider,MobileNetV3,L30_G20,data/aider/slice_1,0,1,30,20,1,0.0,0.7797,0.7713,0.008399999999999963,0.028299999999999992,0.0017666666666668052,0.0017000000000000348,0.0,-0.0005999999999999894,1,1,results/pending_runs/g2_asym_tissue_aider/aider/L30_G20/tralo/seed_1,results/pending_runs/g2_asym_tissue_aider/aider/L30_G20/fioretto_ldf/seed_1
g2_asym_tissue_aider,aider,MobileNetV3,L30_G20,data/aider/slice_1,0,2,30,20,1,0.0,0.7893,0.7531,0.03620000000000001,0.11740000000000003,0.009166666666666545,0.010099999999999998,0.0,-0.006199999999999997,1,1,results/pending_runs/g2_asym_tissue_aider/aider/L30_G20/tralo/seed_2,results/pending_runs/g2_asym_tissue_aider/aider/L30_G20/fioretto_ldf/seed_2
g2_asym_tissue_aider,aider,MobileNetV3,L70_G50,data/aider/slice_1,0,4,70,50,1,0.0,0.8926,0.8817,0.01089999999999991,0.03579999999999994,0.0026000000000000467,0.0041999999999999815,0.0,-0.0032000000000000015,1,1,results/pending_runs/g2_asym_tissue_aider/aider/L70_G50/tralo/seed_4,results/pending_runs/g2_asym_tissue_aider/aider/L70_G50/fioretto_ldf/seed_4
g2_asym_tissue_aider,aider,MobileNetV3,L70_G50,data/aider/slice_1,0,3,70,50,1,0.0,0.8911,0.8901,0.0010000000000000009,0.0,0.0013999999999999568,0.0,0.0,0.001999999999999995,1,1,results/pending_runs/g2_asym_tissue_aider/aider/L70_G50/tralo/seed_3,results/pending_runs/g2_asym_tissue_aider/aider/L70_G50/fioretto_ldf/seed_3
g2_asym_tissue_aider,aider,MobileNetV3,L70_G50,data/aider/slice_1,0,1,70,50,1,0.0,0.8811,0.8678,0.013299999999999979,0.04509999999999992,0.0027333333333333654,0.005099999999999993,0.0,-0.0029,1,1,results/pending_runs/g2_asym_tissue_aider/aider/L70_G50/tralo/seed_1,results/pending_runs/g2_asym_tissue_aider/aider/L70_G50/fioretto_ldf/seed_1
g2_asym_tissue_aider,aider,MobileNetV3,L70_G50,data/aider/slice_1,0,2,70,50,1,0.0,0.8831,0.8669,0.016199999999999992,0.05449999999999999,0.0034999999999999476,0.006799999999999917,0.0,-0.0007999999999999952,1,1,results/pending_runs/g2_asym_tissue_aider/aider/L70_G50/tralo/seed_2,results/pending_runs/g2_asym_tissue_aider/aider/L70_G50/fioretto_ldf/seed_2
g2_asym_tissue_aider,aider,MobileNetV3,L70_G80,data/aider/slice_1,0,4,70,80,1,0.0,0.9363,0.9349,0.0014000000000000679,0.0,0.0018333333333333535,0.0008000000000000229,-2.0,-0.0015000000000000013,1,1,results/pending_runs/g2_asym_tissue_aider/aider/L70_G80/tralo/seed_4,results/pending_runs/g2_asym_tissue_aider/aider/L70_G80/fioretto_ldf/seed_4
g2_asym_tissue_aider,aider,MobileNetV3,L70_G80,data/aider/slice_1,0,3,70,80,1,0.0,0.9362,0.9348,0.0014000000000000679,0.0,0.0018666666666667941,0.0008000000000000229,0.0,9.99999999999994e-05,1,1,results/pending_runs/g2_asym_tissue_aider/aider/L70_G80/tralo/seed_3,results/pending_runs/g2_asym_tissue_aider/aider/L70_G80/fioretto_ldf/seed_3
g2_asym_tissue_aider,aider,MobileNetV3,L70_G80,data/aider/slice_1,0,1,70,80,1,0.0,0.9292,0.9249,0.0042999999999999705,0.0,0.005799999999999916,0.0025000000000000577,-3.0,-0.002100000000000001,1,1,results/pending_runs/g2_asym_tissue_aider/aider/L70_G80/tralo/seed_1,results/pending_runs/g2_asym_tissue_aider/aider/L70_G80/fioretto_ldf/seed_1
g2_asym_tissue_aider,aider,MobileNetV3,L70_G80,data/aider/slice_1,0,2,70,80,1,0.0,0.9261,0.9261,0.0,0.0,0.0,0.0,-3.0,-0.0017000000000000001,1,1,results/pending_runs/g2_asym_tissue_aider/aider/L70_G80/tralo/seed_2,results/pending_runs/g2_asym_tissue_aider/aider/L70_G80/fioretto_ldf/seed_2
g2_asym_tissue_aider,aider,MobileNetV3,L50_G80,data/aider/slice_1,0,4,50,80,1,0.0,0.8912,0.8925,-0.0012999999999999678,0.0,-0.0017666666666666941,-0.0007999999999999119,-12.0,-0.008300000000000002,1,1,results/pending_runs/g2_asym_tissue_aider/aider/L50_G80/tralo/seed_4,results/pending_runs/g2_asym_tissue_aider/aider/L50_G80/fioretto_ldf/seed_4
g2_asym_tissue_aider,aider,MobileNetV3,L50_G80,data/aider/slice_1,0,3,50,80,1,0.0,0.8901,0.8887,0.0013999999999999568,0.0,0.0018666666666666831,0.0009000000000000119,-12.0,-0.011000000000000003,1,1,results/pending_runs/g2_asym_tissue_aider/aider/L50_G80/tralo/seed_3,results/pending_runs/g2_asym_tissue_aider/aider/L50_G80/fioretto_ldf/seed_3
g2_asym_tissue_aider,aider,MobileNetV3,L50_G80,data/aider/slice_1,0,1,50,80,1,0.0,0.8811,0.8797,0.0013999999999999568,0.0,0.0018666666666666831,0.0009000000000000119,-5.0,-0.0030000000000000027,1,1,results/pending_runs/g2_asym_tissue_aider/aider/L50_G80/tralo/seed_1,results/pending_runs/g2_asym_tissue_aider/aider/L50_G80/fioretto_ldf/seed_1
g2_asym_tissue_aider,aider,MobileNetV3,L50_G80,data/aider/slice_1,0,2,50,80,1,0.0,0.8855,0.8817,0.0037999999999999146,0.0,0.005066666666666775,0.0017000000000000348,-6.0,-0.0040999999999999995,1,1,results/pending_runs/g2_asym_tissue_aider/aider/L50_G80/tralo/seed_2,results/pending_runs/g2_asym_tissue_aider/aider/L50_G80/fioretto_ldf/seed_2
g2_asym_tissue_aider,aider,MobileNetV3,L80_G70,data/aider/slice_1,0,4,80,70,1,0.0,0.9324,0.9311,0.0012999999999999678,0.013799999999999923,-0.0029000000000000137,0.0009000000000000119,0.0,0.002700000000000001,1,1,results/pending_runs/g2_asym_tissue_aider/aider/L80_G70/tralo/seed_4,results/pending_runs/g2_asym_tissue_aider/aider/L80_G70/fioretto_ldf/seed_4
g2_asym_tissue_aider,aider,MobileNetV3,L80_G70,data/aider/slice_1,0,3,80,70,1,0.0,0.9331,0.9329,0.000200000000000089,0.006800000000000028,-0.0020333333333333314,0.0016000000000000458,0.0,0.00030000000000000165,1,1,results/pending_runs/g2_asym_tissue_aider/aider/L80_G70/tralo/seed_3,results/pending_runs/g2_asym_tissue_aider/aider/L80_G70/fioretto_ldf/seed_3
g2_asym_tissue_aider,aider,MobileNetV3,L80_G70,data/aider/slice_1,0,1,80,70,1,0.0,0.9292,0.9193,0.00990000000000002,0.02079999999999993,0.006333333333333191,0.0050000000000000044,0.0,-0.0023,1,1,results/pending_runs/g2_asym_tissue_aider/aider/L80_G70/tralo/seed_1,results/pending_runs/g2_asym_tissue_aider/aider/L80_G70/fioretto_ldf/seed_1
g2_asym_tissue_aider,aider,MobileNetV3,L80_G70,data/aider/slice_1,0,2,80,70,1,0.0,0.9261,0.9205,0.005600000000000049,0.02079999999999993,0.0005333333333332746,0.0025000000000000577,0.0,-0.0015000000000000013,1,1,results/pending_runs/g2_asym_tissue_aider/aider/L80_G70/tralo/seed_2,results/pending_runs/g2_asym_tissue_aider/aider/L80_G70/fioretto_ldf/seed_2
g2_asym_tissue_aider,aider,MobileNetV3,L80_G50,data/aider/slice_1,0,4,80,50,1,0.0,0.8865,0.8817,0.0047999999999999154,0.018100000000000005,0.0003666666666667373,0.0017000000000000348,0.0,-0.0022999999999999965,1,1,results/pending_runs/g2_asym_tissue_aider/aider/L80_G50/tralo/seed_4,results/pending_runs/g2_asym_tissue_aider/aider/L80_G50/fioretto_ldf/seed_4
g2_asym_tissue_aider,aider,MobileNetV3,L80_G50,data/aider/slice_1,0,3,80,50,1,0.0,0.8883,0.8587,0.02959999999999996,0.11349999999999993,0.0015999999999999348,0.009299999999999975,0.0,-0.007400000000000004,1,1,results/pending_runs/g2_asym_tissue_aider/aider/L80_G50/tralo/seed_3,results/pending_runs/g2_asym_tissue_aider/aider/L80_G50/fioretto_ldf/seed_3
g2_asym_tissue_aider,aider,MobileNetV3,L80_G50,data/aider/slice_1,0,1,80,50,1,0.0,0.8811,0.8678,0.013299999999999979,0.04509999999999992,0.0027333333333333654,0.005099999999999993,0.0,-0.003999999999999997,1,1,results/pending_runs/g2_asym_tissue_aider/aider/L80_G50/tralo/seed_1,results/pending_runs/g2_asym_tissue_aider/aider/L80_G50/fioretto_ldf/seed_1
g2_asym_tissue_aider,aider,MobileNetV3,L80_G50,data/aider/slice_1,0,2,80,50,1,0.0,0.8804,0.8683,0.0121,0.045700000000000074,0.0008666666666666822,0.0041999999999999815,0.0,0.0001999999999999988,1,1,results/pending_runs/g2_asym_tissue_aider/aider/L80_G50/tralo/seed_2,results/pending_runs/g2_asym_tissue_aider/aider/L80_G50/fioretto_ldf/seed_2
g2_asym_tissue_aider,aider,MobileNetV3,L50_G70,data/aider/slice_1,0,4,50,70,1,0.0,0.8912,0.8925,-0.0012999999999999678,0.0,-0.0017666666666666941,-0.0007999999999999119,-12.0,-0.0076999999999999985,1,1,results/pending_runs/g2_asym_tissue_aider/aider/L50_G70/tralo/seed_4,results/pending_runs/g2_asym_tissue_aider/aider/L50_G70/fioretto_ldf/seed_4
g2_asym_tissue_aider,aider,MobileNetV3,L50_G70,data/aider/slice_1,0,3,50,70,1,0.0,0.8901,0.8887,0.0013999999999999568,0.0,0.0018666666666666831,0.0009000000000000119,-9.0,-0.0077000000000000055,1,1,results/pending_runs/g2_asym_tissue_aider/aider/L50_G70/tralo/seed_3,results/pending_runs/g2_asym_tissue_aider/aider/L50_G70/fioretto_ldf/seed_3
g2_asym_tissue_aider,aider,MobileNetV3,L50_G70,data/aider/slice_1,0,1,50,70,1,0.0,0.8811,0.8797,0.0013999999999999568,0.0,0.0018666666666666831,0.0009000000000000119,-4.0,0.0001999999999999988,1,1,results/pending_runs/g2_asym_tissue_aider/aider/L50_G70/tralo/seed_1,results/pending_runs/g2_asym_tissue_aider/aider/L50_G70/fioretto_ldf/seed_1
g2_asym_tissue_aider,aider,MobileNetV3,L50_G70,data/aider/slice_1,0,2,50,70,1,0.0,0.8855,0.8813,0.0041999999999999815,0.0,0.005600000000000049,0.0024999999999999467,-6.0,-0.005400000000000002,1,1,results/pending_runs/g2_asym_tissue_aider/aider/L50_G70/tralo/seed_2,results/pending_runs/g2_asym_tissue_aider/aider/L50_G70/fioretto_ldf/seed_2
g2_asym_tissue_aider,aider,MobileNetV3,L20_G70,data/aider/slice_1,0,4,20,70,1,0.0,0.8048,0.8034,0.0013999999999999568,0.0,0.0018666666666667941,0.0007999999999999119,-6.0,-0.004199999999999995,1,1,results/pending_runs/g2_asym_tissue_aider/aider/L20_G70/tralo/seed_4,results/pending_runs/g2_asym_tissue_aider/aider/L20_G70/fioretto_ldf/seed_4
g2_asym_tissue_aider,aider,MobileNetV3,L20_G70,data/aider/slice_1,0,3,20,70,1,0.0,0.801,0.7995,0.0015000000000000568,0.0,0.0019333333333332314,0.0009000000000000119,-2.0,-0.004600000000000007,1,1,results/pending_runs/g2_asym_tissue_aider/aider/L20_G70/tralo/seed_3,results/pending_runs/g2_asym_tissue_aider/aider/L20_G70/fioretto_ldf/seed_3
g2_asym_tissue_aider,aider,MobileNetV3,L20_G70,data/aider/slice_1,0,1,20,70,1,0.0,0.7818,0.7789,0.0029000000000000137,0.0,0.003866666666666685,0.0017000000000000348,-4.0,-0.005600000000000008,1,1,results/pending_runs/g2_asym_tissue_aider/aider/L20_G70/tralo/seed_1,results/pending_runs/g2_asym_tissue_aider/aider/L20_G70/fioretto_ldf/seed_1
g2_asym_tissue_aider,aider,MobileNetV3,L20_G70,data/aider/slice_1,0,2,20,70,1,0.0,0.7878,0.7834,0.0043999999999999595,0.0,0.005866666666666798,0.0026000000000000467,-8.0,-0.007300000000000001,1,1,results/pending_runs/g2_asym_tissue_aider/aider/L20_G70/tralo/seed_2,results/pending_runs/g2_asym_tissue_aider/aider/L20_G70/fioretto_ldf/seed_2
g2_asym_tissue_aider,aider,MobileNetV3,L70_G20,data/aider/slice_1,0,4,70,20,1,0.0,0.8012,0.7771,0.02410000000000001,0.0879,0.0029000000000001247,0.005900000000000016,0.0,-0.004699999999999996,1,1,results/pending_runs/g2_asym_tissue_aider/aider/L70_G20/tralo/seed_4,results/pending_runs/g2_asym_tissue_aider/aider/L70_G20/fioretto_ldf/seed_4
g2_asym_tissue_aider,aider,MobileNetV3,L70_G20,data/aider/slice_1,0,3,70,20,1,0.0,0.801,0.7835,0.01750000000000007,0.05670000000000003,0.00446666666666673,0.005099999999999993,0.0,-0.005599999999999994,1,1,results/pending_runs/g2_asym_tissue_aider/aider/L70_G20/tralo/seed_3,results/pending_runs/g2_asym_tissue_aider/aider/L70_G20/fioretto_ldf/seed_3
g2_asym_tissue_aider,aider,MobileNetV3,L70_G20,data/aider/slice_1,0,1,70,20,1,0.0,0.7797,0.7713,0.008399999999999963,0.028299999999999992,0.0017666666666668052,0.0017000000000000348,0.0,0.0,1,1,results/pending_runs/g2_asym_tissue_aider/aider/L70_G20/tralo/seed_1,results/pending_runs/g2_asym_tissue_aider/aider/L70_G20/fioretto_ldf/seed_1
g2_asym_tissue_aider,aider,MobileNetV3,L70_G20,data/aider/slice_1,0,2,70,20,1,0.0,0.7893,0.7531,0.03620000000000001,0.11740000000000003,0.009166666666666545,0.010099999999999998,0.0,-0.00860000000000001,1,1,results/pending_runs/g2_asym_tissue_aider/aider/L70_G20/tralo/seed_2,results/pending_runs/g2_asym_tissue_aider/aider/L70_G20/fioretto_ldf/seed_2
g2_asym_tissue_aider,aider,MobileNetV3,L50_G30,data/aider/slice_1,0,4,50,30,1,0.0,0.8365,0.8408,-0.0042999999999999705,-0.011699999999999988,-0.0019333333333334535,-0.0017000000000000348,0.0,0.0024999999999999953,1,1,results/pending_runs/g2_asym_tissue_aider/aider/L50_G30/tralo/seed_4,results/pending_runs/g2_asym_tissue_aider/aider/L50_G30/fioretto_ldf/seed_4
g2_asym_tissue_aider,aider,MobileNetV3,L50_G30,data/aider/slice_1,0,3,50,30,1,0.0,0.8384,0.8263,0.0121,0.03539999999999999,0.0042999999999999705,0.0041999999999999815,0.0,-0.001899999999999999,1,1,results/pending_runs/g2_asym_tissue_aider/aider/L50_G30/tralo/seed_3,results/pending_runs/g2_asym_tissue_aider/aider/L50_G30/fioretto_ldf/seed_3
g2_asym_tissue_aider,aider,MobileNetV3,L50_G30,data/aider/slice_1,0,1,50,30,1,0.0,0.8227,0.8105,0.012199999999999989,0.03539999999999999,0.0044000000000001815,0.0042000000000000925,0.0,-0.004900000000000002,1,1,results/pending_runs/g2_asym_tissue_aider/aider/L50_G30/tralo/seed_1,results/pending_runs/g2_asym_tissue_aider/aider/L50_G30/fioretto_ldf/seed_1
g2_asym_tissue_aider,aider,MobileNetV3,L50_G30,data/aider/slice_1,0,2,50,30,1,0.0,0.8285,0.802,0.026499999999999968,0.0852,0.006966666666666899,0.008399999999999963,0.0,-0.008999999999999994,1,1,results/pending_runs/g2_asym_tissue_aider/aider/L50_G30/tralo/seed_2,results/pending_runs/g2_asym_tissue_aider/aider/L50_G30/fioretto_ldf/seed_2
g2_asym_tissue_aider,aider,MobileNetV3,L30_G80,data/aider/slice_1,0,4,30,80,1,0.0,0.8395,0.8408,-0.0012999999999999678,0.0,-0.0017666666666666941,-0.0008000000000000229,-7.0,-0.0023999999999999994,1,1,results/pending_runs/g2_asym_tissue_aider/aider/L30_G80/tralo/seed_4,results/pending_runs/g2_asym_tissue_aider/aider/L30_G80/fioretto_ldf/seed_4
g2_asym_tissue_aider,aider,MobileNetV3,L30_G80,data/aider/slice_1,0,3,30,80,1,0.0,0.8359,0.8355,0.00039999999999995595,0.0,0.0005333333333333856,0.0008000000000000229,-1.0,0.00020000000000000573,1,1,results/pending_runs/g2_asym_tissue_aider/aider/L30_G80/tralo/seed_3,results/pending_runs/g2_asym_tissue_aider/aider/L30_G80/fioretto_ldf/seed_3
g2_asym_tissue_aider,aider,MobileNetV3,L30_G80,data/aider/slice_1,0,1,30,80,1,0.0,0.8212,0.8182,0.0030000000000000027,0.0,0.003933333333333344,0.0017000000000000348,-12.0,-0.011700000000000002,1,1,results/pending_runs/g2_asym_tissue_aider/aider/L30_G80/tralo/seed_1,results/pending_runs/g2_asym_tissue_aider/aider/L30_G80/fioretto_ldf/seed_1
g2_asym_tissue_aider,aider,MobileNetV3,L30_G80,data/aider/slice_1,0,2,30,80,1,0.0,0.8271,0.8242,0.0028999999999999027,0.0,0.003866666666666685,0.0017000000000000348,-4.0,-0.0040000000000000036,1,1,results/pending_runs/g2_asym_tissue_aider/aider/L30_G80/tralo/seed_2,results/pending_runs/g2_asym_tissue_aider/aider/L30_G80/fioretto_ldf/seed_2
g2_asym_tissue_aider,aider,MobileNetV3,L20_G30,data/aider/slice_1,0,4,20,30,1,0.0,0.8048,0.8034,0.0013999999999999568,0.0,0.0018666666666667941,0.0007999999999999119,-7.0,-0.0039000000000000007,1,1,results/pending_runs/g2_asym_tissue_aider/aider/L20_G30/tralo/seed_4,results/pending_runs/g2_asym_tissue_aider/aider/L20_G30/fioretto_ldf/seed_4
g2_asym_tissue_aider,aider,MobileNetV3,L20_G30,data/aider/slice_1,0,3,20,30,1,0.0,0.7995,0.7992,0.00029999999999996696,0.0,0.00043333333333339663,0.0008000000000000229,-3.0,-0.0034000000000000002,1,1,results/pending_runs/g2_asym_tissue_aider/aider/L20_G30/tralo/seed_3,results/pending_runs/g2_asym_tissue_aider/aider/L20_G30/fioretto_ldf/seed_3
g2_asym_tissue_aider,aider,MobileNetV3,L20_G30,data/aider/slice_1,0,1,20,30,1,0.0,0.7818,0.7789,0.0029000000000000137,0.0,0.003866666666666685,0.0017000000000000348,-3.0,-0.0034000000000000002,1,1,results/pending_runs/g2_asym_tissue_aider/aider/L20_G30/tralo/seed_1,results/pending_runs/g2_asym_tissue_aider/aider/L20_G30/fioretto_ldf/seed_1
g2_asym_tissue_aider,aider,MobileNetV3,L20_G30,data/aider/slice_1,0,2,20,30,1,0.0,0.7847,0.7834,0.0012999999999999678,0.0,0.0017333333333333645,0.0009000000000000119,-8.0,-0.0040000000000000036,1,1,results/pending_runs/g2_asym_tissue_aider/aider/L20_G30/tralo/seed_2,results/pending_runs/g2_asym_tissue_aider/aider/L20_G30/fioretto_ldf/seed_2
g2_asym_tissue_aider,aider,MobileNetV3,L20_G50,data/aider/slice_1,0,4,20,50,1,0.0,0.8048,0.8034,0.0013999999999999568,0.0,0.0018666666666667941,0.0007999999999999119,-6.0,-0.001799999999999996,1,1,results/pending_runs/g2_asym_tissue_aider/aider/L20_G50/tralo/seed_4,results/pending_runs/g2_asym_tissue_aider/aider/L20_G50/fioretto_ldf/seed_4
g2_asym_tissue_aider,aider,MobileNetV3,L20_G50,data/aider/slice_1,0,3,20,50,1,0.0,0.7995,0.7982,0.0012999999999999678,0.0,0.0018666666666667941,0.0008000000000000229,-3.0,-0.003600000000000006,1,1,results/pending_runs/g2_asym_tissue_aider/aider/L20_G50/tralo/seed_3,results/pending_runs/g2_asym_tissue_aider/aider/L20_G50/fioretto_ldf/seed_3
g2_asym_tissue_aider,aider,MobileNetV3,L20_G50,data/aider/slice_1,0,1,20,50,1,0.0,0.7818,0.7789,0.0029000000000000137,0.0,0.003866666666666685,0.0017000000000000348,-4.0,-0.005599999999999994,1,1,results/pending_runs/g2_asym_tissue_aider/aider/L20_G50/tralo/seed_1,results/pending_runs/g2_asym_tissue_aider/aider/L20_G50/fioretto_ldf/seed_1
g2_asym_tissue_aider,aider,MobileNetV3,L20_G50,data/aider/slice_1,0,2,20,50,1,0.0,0.7878,0.7834,0.0043999999999999595,0.0,0.005866666666666798,0.0026000000000000467,-5.0,-0.00470000000000001,1,1,results/pending_runs/g2_asym_tissue_aider/aider/L20_G50/tralo/seed_2,results/pending_runs/g2_asym_tissue_aider/aider/L20_G50/fioretto_ldf/seed_2
g2_asym_tissue_aider,tissuemnist,MobileNetV3,L50_G20,data/tissuemnist/slice_1,4,4,50,20,1,0.0,0.3529,0.3542,-0.0013000000000000234,0.008899999999999991,-0.002799999999999969,0.0030000000000000027,0.0,0.0005000000000000004,1,1,results/pending_runs/g2_asym_tissue_aider/tissuemnist/L50_G20/tralo/seed_4,results/pending_runs/g2_asym_tissue_aider/tissuemnist/L50_G20/fioretto_ldf/seed_4
g2_asym_tissue_aider,tissuemnist,MobileNetV3,L50_G20,data/tissuemnist/slice_1,4,3,50,20,1,0.0,0.3399,0.3404,-0.0005000000000000004,-0.0007999999999999952,-0.0004142857142857559,-0.0012000000000000344,0.0,0.0005000000000000004,1,1,results/pending_runs/g2_asym_tissue_aider/tissuemnist/L50_G20/tralo/seed_3,results/pending_runs/g2_asym_tissue_aider/tissuemnist/L50_G20/fioretto_ldf/seed_3
g2_asym_tissue_aider,tissuemnist,MobileNetV3,L50_G20,data/tissuemnist/slice_1,4,1,50,20,1,0.0,0.3489,0.345,0.0039000000000000146,0.009399999999999992,0.003142857142857114,-0.0008000000000000229,0.0,-0.00040000000000001146,1,1,results/pending_runs/g2_asym_tissue_aider/tissuemnist/L50_G20/tralo/seed_1,results/pending_runs/g2_asym_tissue_aider/tissuemnist/L50_G20/fioretto_ldf/seed_1
g2_asym_tissue_aider,tissuemnist,MobileNetV3,L50_G20,data/tissuemnist/slice_1,4,2,50,20,1,0.0,0.361,0.3555,0.005500000000000005,0.006699999999999984,0.005328571428571405,0.0008999999999999564,0.0,0.00040000000000001146,1,1,results/pending_runs/g2_asym_tissue_aider/tissuemnist/L50_G20/tralo/seed_2,results/pending_runs/g2_asym_tissue_aider/tissuemnist/L50_G20/fioretto_ldf/seed_2
g2_asym_tissue_aider,tissuemnist,MobileNetV3,L80_G30,data/tissuemnist/slice_1,4,4,80,30,1,0.0,0.3634,0.361,0.0024000000000000132,0.009099999999999997,0.0013428571428572011,0.0017000000000000348,0.0,-0.0015000000000000013,1,1,results/pending_runs/g2_asym_tissue_aider/tissuemnist/L80_G30/tralo/seed_4,results/pending_runs/g2_asym_tissue_aider/tissuemnist/L80_G30/fioretto_ldf/seed_4
g2_asym_tissue_aider,tissuemnist,MobileNetV3,L80_G30,data/tissuemnist/slice_1,4,3,80,30,1,0.0,0.3452,0.3422,0.0030000000000000027,0.027499999999999997,-0.0005285714285714338,0.0020999999999999908,0.0,-0.00379999999999997,1,1,results/pending_runs/g2_asym_tissue_aider/tissuemnist/L80_G30/tralo/seed_3,results/pending_runs/g2_asym_tissue_aider/tissuemnist/L80_G30/fioretto_ldf/seed_3
g2_asym_tissue_aider,tissuemnist,MobileNetV3,L80_G30,data/tissuemnist/slice_1,4,1,80,30,1,0.0,0.3645,0.3554,0.009099999999999997,0.027100000000000013,0.006485714285714317,0.0030000000000000027,0.0,-0.00489999999999996,1,1,results/pending_runs/g2_asym_tissue_aider/tissuemnist/L80_G30/tralo/seed_1,results/pending_runs/g2_asym_tissue_aider/tissuemnist/L80_G30/fioretto_ldf/seed_1
g2_asym_tissue_aider,tissuemnist,MobileNetV3,L80_G30,data/tissuemnist/slice_1,4,2,80,30,1,0.0,0.3739,0.3715,0.0024000000000000132,0.009099999999999997,0.0014142857142857013,-0.000500000000000056,0.0,0.0011999999999999789,1,1,results/pending_runs/g2_asym_tissue_aider/tissuemnist/L80_G30/tralo/seed_2,results/pending_runs/g2_asym_tissue_aider/tissuemnist/L80_G30/fioretto_ldf/seed_2
g2_asym_tissue_aider,tissuemnist,MobileNetV3,L20_G80,data/tissuemnist/slice_1,4,4,20,80,1,0.0,0.3546,0.3619,-0.007299999999999973,0.0,-0.00837142857142853,-0.00539999999999996,-7.0,0.007400000000000018,1,1,results/pending_runs/g2_asym_tissue_aider/tissuemnist/L20_G80/tralo/seed_4,results/pending_runs/g2_asym_tissue_aider/tissuemnist/L20_G80/fioretto_ldf/seed_4
g2_asym_tissue_aider,tissuemnist,MobileNetV3,L20_G80,data/tissuemnist/slice_1,4,3,20,80,1,0.0,0.3373,0.3429,-0.005599999999999994,0.0,-0.006385714285714272,-0.002899999999999958,-3.0,0.0040999999999999925,1,1,results/pending_runs/g2_asym_tissue_aider/tissuemnist/L20_G80/tralo/seed_3,results/pending_runs/g2_asym_tissue_aider/tissuemnist/L20_G80/fioretto_ldf/seed_3
g2_asym_tissue_aider,tissuemnist,MobileNetV3,L20_G80,data/tissuemnist/slice_1,4,1,20,80,1,0.0,0.3389,0.3514,-0.012500000000000011,0.009800000000000003,-0.015742857142857114,-0.009200000000000041,-5.0,0.01739999999999997,1,1,results/pending_runs/g2_asym_tissue_aider/tissuemnist/L20_G80/tralo/seed_1,results/pending_runs/g2_asym_tissue_aider/tissuemnist/L20_G80/fioretto_ldf/seed_1
g2_asym_tissue_aider,tissuemnist,MobileNetV3,L20_G80,data/tissuemnist/slice_1,4,2,20,80,1,0.0,0.3572,0.3589,-0.0016999999999999793,-0.019500000000000017,0.0009285714285713897,-0.010799999999999976,0.0,0.010299999999999976,1,1,results/pending_runs/g2_asym_tissue_aider/tissuemnist/L20_G80/tralo/seed_2,results/pending_runs/g2_asym_tissue_aider/tissuemnist/L20_G80/fioretto_ldf/seed_2
g2_asym_tissue_aider,tissuemnist,MobileNetV3,L30_G50,data/tissuemnist/slice_1,4,4,30,50,1,0.0,0.3691,0.3625,0.006599999999999995,0.0,0.007471428571428573,0.0029000000000000137,0.0,-0.0021999999999999797,1,1,results/pending_runs/g2_asym_tissue_aider/tissuemnist/L30_G50/tralo/seed_4,results/pending_runs/g2_asym_tissue_aider/tissuemnist/L30_G50/fioretto_ldf/seed_4
g2_asym_tissue_aider,tissuemnist,MobileNetV3,L30_G50,data/tissuemnist/slice_1,4,3,30,50,1,0.0,0.35,0.3465,0.003500000000000003,0.009000000000000008,0.002714285714285669,0.007500000000000007,-7.0,-0.0014000000000000123,1,1,results/pending_runs/g2_asym_tissue_aider/tissuemnist/L30_G50/tralo/seed_3,results/pending_runs/g2_asym_tissue_aider/tissuemnist/L30_G50/fioretto_ldf/seed_3
g2_asym_tissue_aider,tissuemnist,MobileNetV3,L30_G50,data/tissuemnist/slice_1,4,1,30,50,1,0.0,0.3669,0.3589,0.008000000000000007,0.00899999999999998,0.007771428571428596,0.0032999999999999696,-2.0,-0.0030999999999999917,1,1,results/pending_runs/g2_asym_tissue_aider/tissuemnist/L30_G50/tralo/seed_1,results/pending_runs/g2_asym_tissue_aider/tissuemnist/L30_G50/fioretto_ldf/seed_1
g2_asym_tissue_aider,tissuemnist,MobileNetV3,L30_G50,data/tissuemnist/slice_1,4,2,30,50,1,0.0,0.3702,0.3716,-0.0014000000000000123,-0.008999999999999952,-0.00028571428571433355,-0.0020999999999999908,-1.0,0.005199999999999982,1,1,results/pending_runs/g2_asym_tissue_aider/tissuemnist/L30_G50/tralo/seed_2,results/pending_runs/g2_asym_tissue_aider/tissuemnist/L30_G50/fioretto_ldf/seed_2
g2_asym_tissue_aider,tissuemnist,MobileNetV3,L30_G20,data/tissuemnist/slice_1,4,4,30,20,1,0.0,0.3585,0.3539,0.004599999999999993,0.00789999999999999,0.0041142857142857925,0.0046000000000000485,0.0,-0.00489999999999996,1,1,results/pending_runs/g2_asym_tissue_aider/tissuemnist/L30_G20/tralo/seed_4,results/pending_runs/g2_asym_tissue_aider/tissuemnist/L30_G20/fioretto_ldf/seed_4
g2_asym_tissue_aider,tissuemnist,MobileNetV3,L30_G20,data/tissuemnist/slice_1,4,3,30,20,1,0.0,0.3365,0.3426,-0.006099999999999994,0.007600000000000023,-0.008085714285714307,-0.006300000000000028,0.0,0.0039000000000000146,1,1,results/pending_runs/g2_asym_tissue_aider/tissuemnist/L30_G20/tralo/seed_3,results/pending_runs/g2_asym_tissue_aider/tissuemnist/L30_G20/fioretto_ldf/seed_3
g2_asym_tissue_aider,tissuemnist,MobileNetV3,L30_G20,data/tissuemnist/slice_1,4,1,30,20,1,0.0,0.3543,0.3447,0.009599999999999997,0.01579999999999998,0.008742857142857163,0.0016000000000000458,0.0,-0.0038000000000000256,1,1,results/pending_runs/g2_asym_tissue_aider/tissuemnist/L30_G20/tralo/seed_1,results/pending_runs/g2_asym_tissue_aider/tissuemnist/L30_G20/fioretto_ldf/seed_1
g2_asym_tissue_aider,tissuemnist,MobileNetV3,L30_G20,data/tissuemnist/slice_1,4,2,30,20,1,0.0,0.3648,0.3551,0.009699999999999986,0.016399999999999998,0.00872857142857153,0.002899999999999958,0.0,-0.005799999999999972,1,1,results/pending_runs/g2_asym_tissue_aider/tissuemnist/L30_G20/tralo/seed_2,results/pending_runs/g2_asym_tissue_aider/tissuemnist/L30_G20/fioretto_ldf/seed_2
g2_asym_tissue_aider,tissuemnist,MobileNetV3,L80_G20,data/tissuemnist/slice_1,4,4,80,20,1,0.0,0.3577,0.3539,0.0038000000000000256,0.008899999999999991,0.0030142857142858026,0.0042000000000000925,0.0,-0.0031999999999999806,1,1,results/pending_runs/g2_asym_tissue_aider/tissuemnist/L80_G20/tralo/seed_4,results/pending_runs/g2_asym_tissue_aider/tissuemnist/L80_G20/fioretto_ldf/seed_4
g2_asym_tissue_aider,tissuemnist,MobileNetV3,L80_G20,data/tissuemnist/slice_1,4,3,80,20,1,0.0,0.3399,0.3426,-0.0027000000000000357,-0.010099999999999998,-0.001657142857142857,-0.0030000000000000027,0.0,0.0015999999999999903,1,1,results/pending_runs/g2_asym_tissue_aider/tissuemnist/L80_G20/tralo/seed_3,results/pending_runs/g2_asym_tissue_aider/tissuemnist/L80_G20/fioretto_ldf/seed_3
g2_asym_tissue_aider,tissuemnist,MobileNetV3,L80_G20,data/tissuemnist/slice_1,4,1,80,20,1,0.0,0.3486,0.3474,0.0012000000000000344,-0.009399999999999992,0.0027571428571429024,-0.0011999999999999789,0.0,-0.0012000000000000344,1,1,results/pending_runs/g2_asym_tissue_aider/tissuemnist/L80_G20/tralo/seed_1,results/pending_runs/g2_asym_tissue_aider/tissuemnist/L80_G20/fioretto_ldf/seed_1
g2_asym_tissue_aider,tissuemnist,MobileNetV3,L80_G20,data/tissuemnist/slice_1,4,2,80,20,1,0.0,0.3596,0.3554,0.0041999999999999815,0.007499999999999979,0.003785714285714281,-0.00040000000000001146,0.0,-0.0013000000000000234,1,1,results/pending_runs/g2_asym_tissue_aider/tissuemnist/L80_G20/tralo/seed_2,results/pending_runs/g2_asym_tissue_aider/tissuemnist/L80_G20/fioretto_ldf/seed_2
g2_asym_tissue_aider,tissuemnist,MobileNetV3,L30_G70,data/tissuemnist/slice_1,4,4,30,70,1,0.0,0.3634,0.3636,-0.00019999999999997797,-0.009000000000000008,0.001071428571428501,-0.0012999999999999678,-4.0,0.0020000000000000018,1,1,results/pending_runs/g2_asym_tissue_aider/tissuemnist/L30_G70/tralo/seed_4,results/pending_runs/g2_asym_tissue_aider/tissuemnist/L30_G70/fioretto_ldf/seed_4
g2_asym_tissue_aider,tissuemnist,MobileNetV3,L30_G70,data/tissuemnist/slice_1,4,3,30,70,1,0.0,0.3515,0.3449,0.006599999999999995,0.009000000000000008,0.006214285714285672,0.007899999999999963,-7.0,-0.006899999999999962,1,1,results/pending_runs/g2_asym_tissue_aider/tissuemnist/L30_G70/tralo/seed_3,results/pending_runs/g2_asym_tissue_aider/tissuemnist/L30_G70/fioretto_ldf/seed_3
g2_asym_tissue_aider,tissuemnist,MobileNetV3,L30_G70,data/tissuemnist/slice_1,4,1,30,70,1,0.0,0.3655,0.3593,0.006199999999999983,0.0,0.007114285714285684,0.0040999999999999925,-3.0,-0.0034999999999999476,1,1,results/pending_runs/g2_asym_tissue_aider/tissuemnist/L30_G70/tralo/seed_1,results/pending_runs/g2_asym_tissue_aider/tissuemnist/L30_G70/fioretto_ldf/seed_1
g2_asym_tissue_aider,tissuemnist,MobileNetV3,L30_G70,data/tissuemnist/slice_1,4,2,30,70,1,0.0,0.3673,0.3714,-0.0040999999999999925,-0.008999999999999952,-0.0033571428571428363,-0.0040999999999999925,-3.0,0.00990000000000002,1,1,results/pending_runs/g2_asym_tissue_aider/tissuemnist/L30_G70/tralo/seed_2,results/pending_runs/g2_asym_tissue_aider/tissuemnist/L30_G70/fioretto_ldf/seed_2
g2_asym_tissue_aider,tissuemnist,MobileNetV3,L70_G50,data/tissuemnist/slice_1,4,4,70,50,1,0.0,0.3771,0.3712,0.005900000000000016,-0.00020000000000003348,0.006799999999999973,0.0029000000000000137,0.0,-0.0050000000000000044,1,1,results/pending_runs/g2_asym_tissue_aider/tissuemnist/L70_G50/tralo/seed_4,results/pending_runs/g2_asym_tissue_aider/tissuemnist/L70_G50/fioretto_ldf/seed_4
g2_asym_tissue_aider,tissuemnist,MobileNetV3,L70_G50,data/tissuemnist/slice_1,4,3,70,50,1,0.0,0.3561,0.3522,0.0039000000000000146,0.009699999999999986,0.0031285714285714805,0.004599999999999993,0.0,-0.0039000000000000146,1,1,results/pending_runs/g2_asym_tissue_aider/tissuemnist/L70_G50/tralo/seed_3,results/pending_runs/g2_asym_tissue_aider/tissuemnist/L70_G50/fioretto_ldf/seed_3
g2_asym_tissue_aider,tissuemnist,MobileNetV3,L70_G50,data/tissuemnist/slice_1,4,1,70,50,1,0.0,0.3651,0.3683,-0.003200000000000036,0.010499999999999954,-0.005157142857142971,-0.005400000000000071,0.0,0.005099999999999993,1,1,results/pending_runs/g2_asym_tissue_aider/tissuemnist/L70_G50/tralo/seed_1,results/pending_runs/g2_asym_tissue_aider/tissuemnist/L70_G50/fioretto_ldf/seed_1
g2_asym_tissue_aider,tissuemnist,MobileNetV3,L70_G50,data/tissuemnist/slice_1,4,2,70,50,1,0.0,0.3892,0.3851,0.0040999999999999925,-0.006799999999999973,0.005685714285714238,0.0041999999999999815,0.0,-0.0021000000000000463,1,1,results/pending_runs/g2_asym_tissue_aider/tissuemnist/L70_G50/tralo/seed_2,results/pending_runs/g2_asym_tissue_aider/tissuemnist/L70_G50/fioretto_ldf/seed_2
g2_asym_tissue_aider,tissuemnist,MobileNetV3,L70_G80,data/tissuemnist/slice_1,4,4,70,80,1,0.0,0.3876,0.3771,0.01050000000000001,0.02059999999999995,0.00904285714285713,0.005800000000000027,-19.0,-0.006500000000000006,1,1,results/pending_runs/g2_asym_tissue_aider/tissuemnist/L70_G80/tralo/seed_4,results/pending_runs/g2_asym_tissue_aider/tissuemnist/L70_G80/fioretto_ldf/seed_4
g2_asym_tissue_aider,tissuemnist,MobileNetV3,L70_G80,data/tissuemnist/slice_1,4,3,70,80,1,0.0,0.355,0.356,-0.0010000000000000009,-0.006900000000000017,-0.00012857142857142234,-0.0050000000000000044,-21.0,0.0012999999999999678,1,1,results/pending_runs/g2_asym_tissue_aider/tissuemnist/L70_G80/tralo/seed_3,results/pending_runs/g2_asym_tissue_aider/tissuemnist/L70_G80/fioretto_ldf/seed_3
g2_asym_tissue_aider,tissuemnist,MobileNetV3,L70_G80,data/tissuemnist/slice_1,4,1,70,80,1,0.0,0.3764,0.3763,9.999999999998899e-05,0.0,9.999999999993348e-05,-0.0009000000000000119,-7.0,0.00029999999999996696,1,1,results/pending_runs/g2_asym_tissue_aider/tissuemnist/L70_G80/tralo/seed_1,results/pending_runs/g2_asym_tissue_aider/tissuemnist/L70_G80/fioretto_ldf/seed_1
g2_asym_tissue_aider,tissuemnist,MobileNetV3,L70_G80,data/tissuemnist/slice_1,4,2,70,80,1,0.0,0.3951,0.3917,0.003400000000000014,0.006899999999999962,0.0028714285714284693,0.011199999999999988,-5.0,-0.005799999999999972,1,1,results/pending_runs/g2_asym_tissue_aider/tissuemnist/L70_G80/tralo/seed_2,results/pending_runs/g2_asym_tissue_aider/tissuemnist/L70_G80/fioretto_ldf/seed_2
g2_asym_tissue_aider,tissuemnist,MobileNetV3,L50_G80,data/tissuemnist/slice_1,4,4,50,80,1,0.0,0.3721,0.3739,-0.0018000000000000238,0.007800000000000029,-0.0032571428571428473,0.00039999999999995595,-5.0,0.0039000000000000146,1,1,results/pending_runs/g2_asym_tissue_aider/tissuemnist/L50_G80/tralo/seed_4,results/pending_runs/g2_asym_tissue_aider/tissuemnist/L50_G80/fioretto_ldf/seed_4
g2_asym_tissue_aider,tissuemnist,MobileNetV3,L50_G80,data/tissuemnist/slice_1,4,3,50,80,1,0.0,0.3592,0.3529,0.006300000000000028,0.015600000000000003,0.00507142857142856,0.007099999999999995,-10.0,-0.006300000000000028,1,1,results/pending_runs/g2_asym_tissue_aider/tissuemnist/L50_G80/tralo/seed_3,results/pending_runs/g2_asym_tissue_aider/tissuemnist/L50_G80/fioretto_ldf/seed_3
g2_asym_tissue_aider,tissuemnist,MobileNetV3,L50_G80,data/tissuemnist/slice_1,4,1,50,80,1,0.0,0.3673,0.366,0.0013000000000000234,0.038900000000000046,-0.004128571428571537,-0.0029000000000000137,-2.0,0.0039000000000000146,1,1,results/pending_runs/g2_asym_tissue_aider/tissuemnist/L50_G80/tralo/seed_1,results/pending_runs/g2_asym_tissue_aider/tissuemnist/L50_G80/fioretto_ldf/seed_1
g2_asym_tissue_aider,tissuemnist,MobileNetV3,L50_G80,data/tissuemnist/slice_1,4,2,50,80,1,0.0,0.391,0.3846,0.006400000000000017,0.015499999999999958,0.005028571428571382,0.0046000000000000485,-4.0,-0.0011999999999999789,1,1,results/pending_runs/g2_asym_tissue_aider/tissuemnist/L50_G80/tralo/seed_2,results/pending_runs/g2_asym_tissue_aider/tissuemnist/L50_G80/fioretto_ldf/seed_2
g2_asym_tissue_aider,tissuemnist,MobileNetV3,L80_G70,data/tissuemnist/slice_1,4,4,80,70,1,0.0,0.3722,0.3721,9.999999999998899e-05,0.0015000000000000013,-9.999999999998899e-05,-0.0008000000000000229,0.0,-0.0020000000000000018,1,1,results/pending_runs/g2_asym_tissue_aider/tissuemnist/L80_G70/tralo/seed_4,results/pending_runs/g2_asym_tissue_aider/tissuemnist/L80_G70/fioretto_ldf/seed_4
g2_asym_tissue_aider,tissuemnist,MobileNetV3,L80_G70,data/tissuemnist/slice_1,4,3,80,70,1,0.0,0.3532,0.3536,-0.00040000000000001146,-0.003699999999999981,0.00015714285714280019,-0.0016999999999999793,0.0,0.00029999999999996696,1,1,results/pending_runs/g2_asym_tissue_aider/tissuemnist/L80_G70/tralo/seed_3,results/pending_runs/g2_asym_tissue_aider/tissuemnist/L80_G70/fioretto_ldf/seed_3
g2_asym_tissue_aider,tissuemnist,MobileNetV3,L80_G70,data/tissuemnist/slice_1,4,1,80,70,1,0.0,0.3737,0.3762,-0.0025000000000000022,-0.0011999999999999789,-0.002657142857142858,0.0017000000000000348,0.0,0.00269999999999998,1,1,results/pending_runs/g2_asym_tissue_aider/tissuemnist/L80_G70/tralo/seed_1,results/pending_runs/g2_asym_tissue_aider/tissuemnist/L80_G70/fioretto_ldf/seed_1
g2_asym_tissue_aider,tissuemnist,MobileNetV3,L80_G70,data/tissuemnist/slice_1,4,2,80,70,1,0.0,0.4042,0.3923,0.011900000000000022,0.022799999999999987,0.010328571428571465,0.015000000000000013,0.0,-0.008299999999999974,1,1,results/pending_runs/g2_asym_tissue_aider/tissuemnist/L80_G70/tralo/seed_2,results/pending_runs/g2_asym_tissue_aider/tissuemnist/L80_G70/fioretto_ldf/seed_2
g2_asym_tissue_aider,tissuemnist,MobileNetV3,L80_G50,data/tissuemnist/slice_1,4,4,80,50,1,0.0,0.3719,0.3712,0.0007000000000000339,-0.006700000000000039,0.0016857142857142904,-0.0008000000000000229,0.0,-0.0007000000000000339,1,1,results/pending_runs/g2_asym_tissue_aider/tissuemnist/L80_G50/tralo/seed_4,results/pending_runs/g2_asym_tissue_aider/tissuemnist/L80_G50/fioretto_ldf/seed_4
g2_asym_tissue_aider,tissuemnist,MobileNetV3,L80_G50,data/tissuemnist/slice_1,4,3,80,50,1,0.0,0.3567,0.3522,0.004500000000000004,0.007599999999999996,0.004100000000000048,0.003699999999999981,0.0,-0.0040000000000000036,1,1,results/pending_runs/g2_asym_tissue_aider/tissuemnist/L80_G50/tralo/seed_3,results/pending_runs/g2_asym_tissue_aider/tissuemnist/L80_G50/fioretto_ldf/seed_3
g2_asym_tissue_aider,tissuemnist,MobileNetV3,L80_G50,data/tissuemnist/slice_1,4,1,80,50,1,0.0,0.3652,0.3694,-0.0041999999999999815,0.010499999999999954,-0.006271428571428539,-0.0020999999999999908,0.0,0.006700000000000039,1,1,results/pending_runs/g2_asym_tissue_aider/tissuemnist/L80_G50/tralo/seed_1,results/pending_runs/g2_asym_tissue_aider/tissuemnist/L80_G50/fioretto_ldf/seed_1
g2_asym_tissue_aider,tissuemnist,MobileNetV3,L80_G50,data/tissuemnist/slice_1,4,2,80,50,1,0.0,0.3805,0.3849,-0.004400000000000015,-0.019299999999999984,-0.0022714285714285354,-0.0007999999999999119,0.0,0.0050000000000000044,1,1,results/pending_runs/g2_asym_tissue_aider/tissuemnist/L80_G50/tralo/seed_2,results/pending_runs/g2_asym_tissue_aider/tissuemnist/L80_G50/fioretto_ldf/seed_2
g2_asym_tissue_aider,tissuemnist,MobileNetV3,L50_G70,data/tissuemnist/slice_1,4,4,50,70,1,0.0,0.3735,0.3739,-0.00040000000000001146,0.015600000000000003,-0.0027142857142857246,0.00039999999999995595,-6.0,0.005600000000000049,1,1,results/pending_runs/g2_asym_tissue_aider/tissuemnist/L50_G70/tralo/seed_4,results/pending_runs/g2_asym_tissue_aider/tissuemnist/L50_G70/fioretto_ldf/seed_4
g2_asym_tissue_aider,tissuemnist,MobileNetV3,L50_G70,data/tissuemnist/slice_1,4,3,50,70,1,0.0,0.3614,0.3529,0.008500000000000008,0.015600000000000003,0.00752857142857144,0.007900000000000018,-11.0,-0.005800000000000027,1,1,results/pending_runs/g2_asym_tissue_aider/tissuemnist/L50_G70/tralo/seed_3,results/pending_runs/g2_asym_tissue_aider/tissuemnist/L50_G70/fioretto_ldf/seed_3
g2_asym_tissue_aider,tissuemnist,MobileNetV3,L50_G70,data/tissuemnist/slice_1,4,1,50,70,1,0.0,0.374,0.3678,0.006199999999999983,0.03889999999999999,0.0015714285714286125,-0.0011999999999999789,-5.0,0.0029000000000000137,1,1,results/pending_runs/g2_asym_tissue_aider/tissuemnist/L50_G70/tralo/seed_1,results/pending_runs/g2_asym_tissue_aider/tissuemnist/L50_G70/fioretto_ldf/seed_1
g2_asym_tissue_aider,tissuemnist,MobileNetV3,L50_G70,data/tissuemnist/slice_1,4,2,50,70,1,0.0,0.3914,0.3867,0.0047000000000000375,0.0,0.0053857142857142715,0.0045999999999999375,0.0,-0.0021999999999999797,1,1,results/pending_runs/g2_asym_tissue_aider/tissuemnist/L50_G70/tralo/seed_2,results/pending_runs/g2_asym_tissue_aider/tissuemnist/L50_G70/fioretto_ldf/seed_2
g2_asym_tissue_aider,tissuemnist,MobileNetV3,L20_G70,data/tissuemnist/slice_1,4,4,20,70,1,0.0,0.3522,0.3619,-0.009699999999999986,0.009799999999999975,-0.012471428571428522,-0.007099999999999995,-2.0,0.016400000000000026,1,1,results/pending_runs/g2_asym_tissue_aider/tissuemnist/L20_G70/tralo/seed_4,results/pending_runs/g2_asym_tissue_aider/tissuemnist/L20_G70/fioretto_ldf/seed_4
g2_asym_tissue_aider,tissuemnist,MobileNetV3,L20_G70,data/tissuemnist/slice_1,4,3,20,70,1,0.0,0.3395,0.3429,-0.0033999999999999586,-0.009800000000000003,-0.00244285714285708,-0.0012999999999999678,2.0,0.0031999999999999806,1,1,results/pending_runs/g2_asym_tissue_aider/tissuemnist/L20_G70/tralo/seed_3,results/pending_runs/g2_asym_tissue_aider/tissuemnist/L20_G70/fioretto_ldf/seed_3
g2_asym_tissue_aider,tissuemnist,MobileNetV3,L20_G70,data/tissuemnist/slice_1,4,1,20,70,1,0.0,0.3506,0.3514,-0.0007999999999999674,-0.009700000000000014,0.0004285714285714448,0.0,3.0,0.00040000000000001146,1,1,results/pending_runs/g2_asym_tissue_aider/tissuemnist/L20_G70/tralo/seed_1,results/pending_runs/g2_asym_tissue_aider/tissuemnist/L20_G70/fioretto_ldf/seed_1
g2_asym_tissue_aider,tissuemnist,MobileNetV3,L20_G70,data/tissuemnist/slice_1,4,2,20,70,1,0.0,0.3594,0.3584,0.0010000000000000009,0.009699999999999986,-0.00017142857142865564,-0.006300000000000028,-1.0,0.00649999999999995,1,1,results/pending_runs/g2_asym_tissue_aider/tissuemnist/L20_G70/tralo/seed_2,results/pending_runs/g2_asym_tissue_aider/tissuemnist/L20_G70/fioretto_ldf/seed_2
g2_asym_tissue_aider,tissuemnist,MobileNetV3,L70_G20,data/tissuemnist/slice_1,4,4,70,20,1,0.0,0.3567,0.3539,0.0028000000000000247,0.008899999999999991,0.0019000000000000683,0.0029000000000000137,0.0,-0.00269999999999998,1,1,results/pending_runs/g2_asym_tissue_aider/tissuemnist/L70_G20/tralo/seed_4,results/pending_runs/g2_asym_tissue_aider/tissuemnist/L70_G20/fioretto_ldf/seed_4
g2_asym_tissue_aider,tissuemnist,MobileNetV3,L70_G20,data/tissuemnist/slice_1,4,3,70,20,1,0.0,0.3381,0.3426,-0.004500000000000004,-0.010099999999999998,-0.00372857142857147,-0.0038000000000000256,0.0,0.0020000000000000018,1,1,results/pending_runs/g2_asym_tissue_aider/tissuemnist/L70_G20/tralo/seed_3,results/pending_runs/g2_asym_tissue_aider/tissuemnist/L70_G20/fioretto_ldf/seed_3
g2_asym_tissue_aider,tissuemnist,MobileNetV3,L70_G20,data/tissuemnist/slice_1,4,1,70,20,1,0.0,0.3537,0.3443,0.00940000000000002,0.0257,0.006957142857142884,0.0011999999999999789,0.0,-0.0037000000000000366,1,1,results/pending_runs/g2_asym_tissue_aider/tissuemnist/L70_G20/tralo/seed_1,results/pending_runs/g2_asym_tissue_aider/tissuemnist/L70_G20/fioretto_ldf/seed_1
g2_asym_tissue_aider,tissuemnist,MobileNetV3,L70_G20,data/tissuemnist/slice_1,4,2,70,20,1,0.0,0.3612,0.354,0.00720000000000004,-0.001600000000000018,0.008500000000000008,0.0013000000000000234,0.0,-0.0040999999999999925,1,1,results/pending_runs/g2_asym_tissue_aider/tissuemnist/L70_G20/tralo/seed_2,results/pending_runs/g2_asym_tissue_aider/tissuemnist/L70_G20/fioretto_ldf/seed_2
g2_asym_tissue_aider,tissuemnist,MobileNetV3,L50_G30,data/tissuemnist/slice_1,4,4,50,30,1,0.0,0.3659,0.3609,0.0050000000000000044,0.031200000000000006,0.0013000000000000234,0.0032999999999999696,0.0,-0.0038000000000000256,1,1,results/pending_runs/g2_asym_tissue_aider/tissuemnist/L50_G30/tralo/seed_4,results/pending_runs/g2_asym_tissue_aider/tissuemnist/L50_G30/fioretto_ldf/seed_4
g2_asym_tissue_aider,tissuemnist,MobileNetV3,L50_G30,data/tissuemnist/slice_1,4,3,50,30,1,0.0,0.3441,0.3424,0.0017000000000000348,0.0131,4.285714285717779e-05,-0.0005000000000000004,0.0,-0.0019999999999999463,1,1,results/pending_runs/g2_asym_tissue_aider/tissuemnist/L50_G30/tralo/seed_3,results/pending_runs/g2_asym_tissue_aider/tissuemnist/L50_G30/fioretto_ldf/seed_3
g2_asym_tissue_aider,tissuemnist,MobileNetV3,L50_G30,data/tissuemnist/slice_1,4,1,50,30,1,0.0,0.3628,0.3561,0.006699999999999984,0.027100000000000013,0.0038000000000000256,0.0036999999999999256,0.0,-0.0005999999999999894,1,1,results/pending_runs/g2_asym_tissue_aider/tissuemnist/L50_G30/tralo/seed_1,results/pending_runs/g2_asym_tissue_aider/tissuemnist/L50_G30/fioretto_ldf/seed_1
g2_asym_tissue_aider,tissuemnist,MobileNetV3,L50_G30,data/tissuemnist/slice_1,4,2,50,30,1,0.0,0.3712,0.3712,0.0,0.017000000000000015,-0.0024571428571428244,-0.0020999999999999908,0.0,0.0039000000000000146,1,1,results/pending_runs/g2_asym_tissue_aider/tissuemnist/L50_G30/tralo/seed_2,results/pending_runs/g2_asym_tissue_aider/tissuemnist/L50_G30/fioretto_ldf/seed_2
g2_asym_tissue_aider,tissuemnist,MobileNetV3,L30_G80,data/tissuemnist/slice_1,4,4,30,80,1,0.0,0.3624,0.3636,-0.0011999999999999789,-0.009000000000000008,-0.0001000000000000445,-0.0012999999999999678,-4.0,0.00030000000000002247,1,1,results/pending_runs/g2_asym_tissue_aider/tissuemnist/L30_G80/tralo/seed_4,results/pending_runs/g2_asym_tissue_aider/tissuemnist/L30_G80/fioretto_ldf/seed_4
g2_asym_tissue_aider,tissuemnist,MobileNetV3,L30_G80,data/tissuemnist/slice_1,4,3,30,80,1,0.0,0.3522,0.3449,0.007300000000000029,0.0,0.00835714285714284,0.012899999999999967,-3.0,-0.006500000000000006,1,1,results/pending_runs/g2_asym_tissue_aider/tissuemnist/L30_G80/tralo/seed_3,results/pending_runs/g2_asym_tissue_aider/tissuemnist/L30_G80/fioretto_ldf/seed_3
g2_asym_tissue_aider,tissuemnist,MobileNetV3,L30_G80,data/tissuemnist/slice_1,4,1,30,80,1,0.0,0.3702,0.3589,0.011299999999999977,0.017999999999999988,0.010271428571428598,0.0040999999999999925,-3.0,-0.004999999999999949,1,1,results/pending_runs/g2_asym_tissue_aider/tissuemnist/L30_G80/tralo/seed_1,results/pending_runs/g2_asym_tissue_aider/tissuemnist/L30_G80/fioretto_ldf/seed_1
g2_asym_tissue_aider,tissuemnist,MobileNetV3,L30_G80,data/tissuemnist/slice_1,4,2,30,80,1,0.0,0.3661,0.3716,-0.005500000000000005,-0.008999999999999952,-0.005042857142857182,-0.005900000000000016,-2.0,0.010200000000000042,1,1,results/pending_runs/g2_asym_tissue_aider/tissuemnist/L30_G80/tralo/seed_2,results/pending_runs/g2_asym_tissue_aider/tissuemnist/L30_G80/fioretto_ldf/seed_2
g2_asym_tissue_aider,tissuemnist,MobileNetV3,L20_G30,data/tissuemnist/slice_1,4,4,20,30,1,0.0,0.3503,0.3595,-0.009199999999999986,0.009799999999999975,-0.0118571428571429,-0.006299999999999972,-4.0,0.011400000000000021,1,1,results/pending_runs/g2_asym_tissue_aider/tissuemnist/L20_G30/tralo/seed_4,results/pending_runs/g2_asym_tissue_aider/tissuemnist/L20_G30/fioretto_ldf/seed_4
g2_asym_tissue_aider,tissuemnist,MobileNetV3,L20_G30,data/tissuemnist/slice_1,4,3,20,30,1,0.0,0.3374,0.3427,-0.005300000000000027,-0.009800000000000003,-0.004699999999999982,-0.0013000000000000234,-3.0,0.00269999999999998,1,1,results/pending_runs/g2_asym_tissue_aider/tissuemnist/L20_G30/tralo/seed_3,results/pending_runs/g2_asym_tissue_aider/tissuemnist/L20_G30/fioretto_ldf/seed_3
g2_asym_tissue_aider,tissuemnist,MobileNetV3,L20_G30,data/tissuemnist/slice_1,4,1,20,30,1,0.0,0.3537,0.3515,0.0022000000000000353,0.0,0.00254285714285718,-0.0009000000000000119,0.0,0.00039999999999995595,1,1,results/pending_runs/g2_asym_tissue_aider/tissuemnist/L20_G30/tralo/seed_1,results/pending_runs/g2_asym_tissue_aider/tissuemnist/L20_G30/fioretto_ldf/seed_1
g2_asym_tissue_aider,tissuemnist,MobileNetV3,L20_G30,data/tissuemnist/slice_1,4,2,20,30,1,0.0,0.358,0.3593,-0.0013000000000000234,0.0,-0.0015285714285714347,-0.0041999999999999815,-2.0,0.0047000000000000375,1,1,results/pending_runs/g2_asym_tissue_aider/tissuemnist/L20_G30/tralo/seed_2,results/pending_runs/g2_asym_tissue_aider/tissuemnist/L20_G30/fioretto_ldf/seed_2
g2_asym_tissue_aider,tissuemnist,MobileNetV3,L20_G50,data/tissuemnist/slice_1,4,4,20,50,1,0.0,0.3515,0.3599,-0.008400000000000019,-0.009700000000000014,-0.008142857142857118,-0.0045999999999999375,-7.0,0.008900000000000019,1,1,results/pending_runs/g2_asym_tissue_aider/tissuemnist/L20_G50/tralo/seed_4,results/pending_runs/g2_asym_tissue_aider/tissuemnist/L20_G50/fioretto_ldf/seed_4
g2_asym_tissue_aider,tissuemnist,MobileNetV3,L20_G50,data/tissuemnist/slice_1,4,3,20,50,1,0.0,0.3421,0.3429,-0.0007999999999999674,0.0,-0.0008999999999999009,0.0025000000000000022,0.0,0.0008000000000000229,1,1,results/pending_runs/g2_asym_tissue_aider/tissuemnist/L20_G50/tralo/seed_3,results/pending_runs/g2_asym_tissue_aider/tissuemnist/L20_G50/fioretto_ldf/seed_3
g2_asym_tissue_aider,tissuemnist,MobileNetV3,L20_G50,data/tissuemnist/slice_1,4,1,20,50,1,0.0,0.3307,0.3509,-0.020199999999999996,-0.009700000000000014,-0.021628571428571497,-0.014100000000000001,-7.0,0.02560000000000001,1,1,results/pending_runs/g2_asym_tissue_aider/tissuemnist/L20_G50/tralo/seed_1,results/pending_runs/g2_asym_tissue_aider/tissuemnist/L20_G50/fioretto_ldf/seed_1
g2_asym_tissue_aider,tissuemnist,MobileNetV3,L20_G50,data/tissuemnist/slice_1,4,2,20,50,1,0.0,0.3572,0.3587,-0.0015000000000000013,-0.009800000000000003,-0.00024285714285710025,-0.005899999999999961,-3.0,0.004500000000000004,1,1,results/pending_runs/g2_asym_tissue_aider/tissuemnist/L20_G50/tralo/seed_2,results/pending_runs/g2_asym_tissue_aider/tissuemnist/L20_G50/fioretto_ldf/seed_2
g2_asym_tissue_aider,tissuemnist,MobileNetV3,L70_G30,data/tissuemnist/slice_1,4,4,70,30,1,0.0,0.3575,0.361,-0.003500000000000003,-0.021999999999999992,-0.0008857142857142675,-0.0009000000000000119,0.0,0.0007000000000000339,1,1,results/pending_runs/g2_asym_tissue_aider/tissuemnist/L70_G30/tralo/seed_4,results/pending_runs/g2_asym_tissue_aider/tissuemnist/L70_G30/fioretto_ldf/seed_4
g2_asym_tissue_aider,tissuemnist,MobileNetV3,L70_G30,data/tissuemnist/slice_1,4,3,70,30,1,0.0,0.3474,0.3422,0.005199999999999982,0.011300000000000004,0.004300000000000026,-0.00040000000000001146,0.0,-0.00269999999999998,1,1,results/pending_runs/g2_asym_tissue_aider/tissuemnist/L70_G30/tralo/seed_3,results/pending_runs/g2_asym_tissue_aider/tissuemnist/L70_G30/fioretto_ldf/seed_3
g2_asym_tissue_aider,tissuemnist,MobileNetV3,L70_G30,data/tissuemnist/slice_1,4,1,70,30,1,0.0,0.3535,0.3561,-0.0026000000000000467,-0.0338,0.0018285714285714572,-0.0015999999999999348,0.0,0.0010999999999999899,1,1,results/pending_runs/g2_asym_tissue_aider/tissuemnist/L70_G30/tralo/seed_1,results/pending_runs/g2_asym_tissue_aider/tissuemnist/L70_G30/fioretto_ldf/seed_1
g2_asym_tissue_aider,tissuemnist,MobileNetV3,L70_G30,data/tissuemnist/slice_1,4,2,70,30,1,0.0,0.3668,0.3711,-0.0042999999999999705,0.0,-0.0049000000000000155,-0.0017000000000000348,0.0,0.0019000000000000128,1,1,results/pending_runs/g2_asym_tissue_aider/tissuemnist/L70_G30/tralo/seed_2,results/pending_runs/g2_asym_tissue_aider/tissuemnist/L70_G30/fioretto_ldf/seed_2
g3_multiclass_tissue,tissuemnist,MobileNetV3,L20_G20,data/tissuemnist/slice_1,5,4,20,20,0,0.0,0.3599,0.3565,0.003400000000000014,-0.0005000000000000004,0.003928571428571448,-0.0026000000000000467,0.0,-0.00030000000000002247,1,1,results/pending_runs/g3_multiclass_tissue/cls_5/L20_G20/tralo/seed_4,results/pending_runs/g3_multiclass_tissue/cls_5/L20_G20/fioretto_ldf/seed_4
g3_multiclass_tissue,tissuemnist,MobileNetV3,L20_G20,data/tissuemnist/slice_1,5,3,20,20,0,0.0,0.359,0.3515,0.007500000000000007,-0.0011000000000000038,0.008785714285714286,0.009500000000000008,-2.0,-0.005500000000000005,1,0,results/pending_runs/g3_multiclass_tissue/cls_5/L20_G20/tralo/seed_3,results/pending_runs/g3_multiclass_tissue/cls_5/L20_G20/fioretto_ldf/seed_3
g3_multiclass_tissue,tissuemnist,MobileNetV3,L20_G20,data/tissuemnist/slice_1,5,1,20,20,0,0.0,0.3465,0.3529,-0.006400000000000017,0.013399999999999995,-0.009257142857142853,-0.01090000000000002,0.0,0.007199999999999984,1,1,results/pending_runs/g3_multiclass_tissue/cls_5/L20_G20/tralo/seed_1,results/pending_runs/g3_multiclass_tissue/cls_5/L20_G20/fioretto_ldf/seed_1
g3_multiclass_tissue,tissuemnist,MobileNetV3,L20_G20,data/tissuemnist/slice_1,5,2,20,20,0,0.0,0.3781,0.3774,0.0006999999999999784,0.013800000000000007,-0.001085714285714301,0.0025000000000000577,0.0,0.0015000000000000013,1,1,results/pending_runs/g3_multiclass_tissue/cls_5/L20_G20/tralo/seed_2,results/pending_runs/g3_multiclass_tissue/cls_5/L20_G20/fioretto_ldf/seed_2
g3_multiclass_tissue,tissuemnist,MobileNetV3,L70_G70,data/tissuemnist/slice_1,5,4,70,70,0,0.0,0.3739,0.3705,0.003400000000000014,-0.01050000000000001,0.005328571428571349,0.0037000000000000366,-11.0,-0.002799999999999969,1,1,results/pending_runs/g3_multiclass_tissue/cls_5/L70_G70/tralo/seed_4,results/pending_runs/g3_multiclass_tissue/cls_5/L70_G70/fioretto_ldf/seed_4
g3_multiclass_tissue,tissuemnist,MobileNetV3,L70_G70,data/tissuemnist/slice_1,5,3,70,70,0,0.0,0.3637,0.3615,0.0022000000000000353,0.010499999999999982,0.0009571428571429341,0.0,-2.0,-0.0005000000000000004,1,1,results/pending_runs/g3_multiclass_tissue/cls_5/L70_G70/tralo/seed_3,results/pending_runs/g3_multiclass_tissue/cls_5/L70_G70/fioretto_ldf/seed_3
g3_multiclass_tissue,tissuemnist,MobileNetV3,L70_G70,data/tissuemnist/slice_1,5,1,70,70,0,0.0,0.3702,0.3723,-0.0021000000000000463,0.010599999999999998,-0.0039142857142857035,-0.0020999999999999908,-18.0,0.0008000000000000229,1,1,results/pending_runs/g3_multiclass_tissue/cls_5/L70_G70/tralo/seed_1,results/pending_runs/g3_multiclass_tissue/cls_5/L70_G70/fioretto_ldf/seed_1
g3_multiclass_tissue,tissuemnist,MobileNetV3,L70_G70,data/tissuemnist/slice_1,5,2,70,70,0,0.0,0.3967,0.3924,0.0042999999999999705,0.021100000000000008,0.0019285714285713351,-0.0036999999999999256,-14.0,0.002599999999999991,1,1,results/pending_runs/g3_multiclass_tissue/cls_5/L70_G70/tralo/seed_2,results/pending_runs/g3_multiclass_tissue/cls_5/L70_G70/fioretto_ldf/seed_2
g3_multiclass_tissue,tissuemnist,MobileNetV3,L30_G30,data/tissuemnist/slice_1,5,4,30,30,0,0.0,0.3581,0.3573,0.0007999999999999674,0.027400000000000008,-0.003057142857142814,0.0017000000000000348,-1.0,0.0014000000000000123,1,1,results/pending_runs/g3_multiclass_tissue/cls_5/L30_G30/tralo/seed_4,results/pending_runs/g3_multiclass_tissue/cls_5/L30_G30/fioretto_ldf/seed_4
g3_multiclass_tissue,tissuemnist,MobileNetV3,L30_G30,data/tissuemnist/slice_1,5,3,30,30,0,0.0,0.3567,0.3546,0.0020999999999999908,0.013700000000000004,0.00035714285714277816,0.0044999999999999485,-3.0,-0.004200000000000037,1,1,results/pending_runs/g3_multiclass_tissue/cls_5/L30_G30/tralo/seed_3,results/pending_runs/g3_multiclass_tissue/cls_5/L30_G30/fioretto_ldf/seed_3
g3_multiclass_tissue,tissuemnist,MobileNetV3,L30_G30,data/tissuemnist/slice_1,5,1,30,30,0,0.0,0.3547,0.3565,-0.0017999999999999683,0.0,-0.001971428571428513,-0.010799999999999976,-6.0,0.007699999999999985,1,1,results/pending_runs/g3_multiclass_tissue/cls_5/L30_G30/tralo/seed_1,results/pending_runs/g3_multiclass_tissue/cls_5/L30_G30/fioretto_ldf/seed_1
g3_multiclass_tissue,tissuemnist,MobileNetV3,L30_G30,data/tissuemnist/slice_1,5,2,30,30,0,0.0,0.3866,0.3866,0.0,-0.013700000000000004,0.0019857142857142573,0.0025000000000000577,-1.0,-0.0015000000000000013,1,1,results/pending_runs/g3_multiclass_tissue/cls_5/L30_G30/tralo/seed_2,results/pending_runs/g3_multiclass_tissue/cls_5/L30_G30/fioretto_ldf/seed_2
g3_multiclass_tissue,tissuemnist,MobileNetV3,L50_G50,data/tissuemnist/slice_1,5,4,50,50,0,0.0,0.3633,0.3637,-0.00040000000000001146,0.011899999999999994,-0.002157142857142913,-0.00040000000000006697,-8.0,0.0010000000000000009,1,1,results/pending_runs/g3_multiclass_tissue/cls_5/L50_G50/tralo/seed_4,results/pending_runs/g3_multiclass_tissue/cls_5/L50_G50/fioretto_ldf/seed_4
g3_multiclass_tissue,tissuemnist,MobileNetV3,L50_G50,data/tissuemnist/slice_1,5,3,50,50,0,0.0,0.3609,0.3573,0.003599999999999992,0.023799999999999988,0.0007428571428571007,0.008399999999999963,-7.0,-0.005299999999999971,1,1,results/pending_runs/g3_multiclass_tissue/cls_5/L50_G50/tralo/seed_3,results/pending_runs/g3_multiclass_tissue/cls_5/L50_G50/fioretto_ldf/seed_3
g3_multiclass_tissue,tissuemnist,MobileNetV3,L50_G50,data/tissuemnist/slice_1,5,1,50,50,0,0.0,0.365,0.3626,0.0024000000000000132,0.011899999999999994,0.0010000000000000009,-0.0017000000000000348,-11.0,0.00030000000000002247,1,1,results/pending_runs/g3_multiclass_tissue/cls_5/L50_G50/tralo/seed_1,results/pending_runs/g3_multiclass_tissue/cls_5/L50_G50/fioretto_ldf/seed_1
g3_multiclass_tissue,tissuemnist,MobileNetV3,L50_G50,data/tissuemnist/slice_1,5,2,50,50,0,0.0,0.3928,0.3934,-0.0006000000000000449,0.011899999999999994,-0.0023428571428571465,-0.00539999999999996,-9.0,0.0039000000000000146,1,1,results/pending_runs/g3_multiclass_tissue/cls_5/L50_G50/tralo/seed_2,results/pending_runs/g3_multiclass_tissue/cls_5/L50_G50/fioretto_ldf/seed_2
g3_multiclass_tissue,tissuemnist,MobileNetV3,L80_G80,data/tissuemnist/slice_1,5,4,80,80,0,0.0,0.3726,0.3682,0.0043999999999999595,-0.009999999999999981,0.006428571428571395,0.0029000000000000137,-3.0,-0.004699999999999982,1,1,results/pending_runs/g3_multiclass_tissue/cls_5/L80_G80/tralo/seed_4,results/pending_runs/g3_multiclass_tissue/cls_5/L80_G80/fioretto_ldf/seed_4
g3_multiclass_tissue,tissuemnist,MobileNetV3,L80_G80,data/tissuemnist/slice_1,5,3,80,80,0,0.0,0.3564,0.3586,-0.0021999999999999797,0.00990000000000002,-0.0038571428571428368,0.00039999999999995595,-13.0,0.0008000000000000229,1,1,results/pending_runs/g3_multiclass_tissue/cls_5/L80_G80/tralo/seed_3,results/pending_runs/g3_multiclass_tissue/cls_5/L80_G80/fioretto_ldf/seed_3
g3_multiclass_tissue,tissuemnist,MobileNetV3,L80_G80,data/tissuemnist/slice_1,5,1,80,80,0,0.0,0.3684,0.3743,-0.005900000000000016,-0.029900000000000038,-0.00254285714285718,-0.0011999999999999789,-13.0,-0.0007999999999999674,1,1,results/pending_runs/g3_multiclass_tissue/cls_5/L80_G80/tralo/seed_1,results/pending_runs/g3_multiclass_tissue/cls_5/L80_G80/fioretto_ldf/seed_1
g3_multiclass_tissue,tissuemnist,MobileNetV3,L80_G80,data/tissuemnist/slice_1,5,2,80,80,0,0.0,0.398,0.3968,0.0012000000000000344,-0.0199,0.004185714285714293,-0.012899999999999912,-10.0,0.006900000000000017,1,1,results/pending_runs/g3_multiclass_tissue/cls_5/L80_G80/tralo/seed_2,results/pending_runs/g3_multiclass_tissue/cls_5/L80_G80/fioretto_ldf/seed_2
g3_multiclass_tissue,tissuemnist,MobileNetV3,L20_G20,data/tissuemnist/slice_1,7,4,20,20,0,0.0,0.3785,0.3724,0.006099999999999994,0.013999999999999985,0.004914285714285815,0.0,-2.0,0.0025000000000000022,1,1,results/pending_runs/g3_multiclass_tissue/cls_7/L20_G20/tralo/seed_4,results/pending_runs/g3_multiclass_tissue/cls_7/L20_G20/fioretto_ldf/seed_4
g3_multiclass_tissue,tissuemnist,MobileNetV3,L20_G20,data/tissuemnist/slice_1,7,3,20,20,0,0.0,0.3406,0.3406,0.0,-0.004699999999999982,0.0006714285714285451,0.0020000000000000018,-5.0,-0.0040999999999999925,1,1,results/pending_runs/g3_multiclass_tissue/cls_7/L20_G20/tralo/seed_3,results/pending_runs/g3_multiclass_tissue/cls_7/L20_G20/fioretto_ldf/seed_3
g3_multiclass_tissue,tissuemnist,MobileNetV3,L20_G20,data/tissuemnist/slice_1,7,1,20,20,0,0.0,0.3725,0.3708,0.0016999999999999793,0.013999999999999985,-2.8571428571433355e-05,-0.0020999999999999908,2.0,0.00379999999999997,1,1,results/pending_runs/g3_multiclass_tissue/cls_7/L20_G20/tralo/seed_1,results/pending_runs/g3_multiclass_tissue/cls_7/L20_G20/fioretto_ldf/seed_1
g3_multiclass_tissue,tissuemnist,MobileNetV3,L20_G20,data/tissuemnist/slice_1,7,2,20,20,0,0.0,0.3867,0.3802,0.006500000000000006,0.0,0.007428571428571451,0.0024999999999999467,-2.0,-0.002599999999999991,1,1,results/pending_runs/g3_multiclass_tissue/cls_7/L20_G20/tralo/seed_2,results/pending_runs/g3_multiclass_tissue/cls_7/L20_G20/fioretto_ldf/seed_2
g3_multiclass_tissue,tissuemnist,MobileNetV3,L70_G70,data/tissuemnist/slice_1,7,4,70,70,0,0.0,0.3867,0.388,-0.0013000000000000234,-0.0032999999999999696,-0.0010142857142856898,-0.0038000000000000256,-30.0,-0.005200000000000038,1,1,results/pending_runs/g3_multiclass_tissue/cls_7/L70_G70/tralo/seed_4,results/pending_runs/g3_multiclass_tissue/cls_7/L70_G70/fioretto_ldf/seed_4
g3_multiclass_tissue,tissuemnist,MobileNetV3,L70_G70,data/tissuemnist/slice_1,7,3,70,70,0,0.0,0.3534,0.3545,-0.0010999999999999899,-0.003300000000000025,-0.0008285714285714563,-0.0021000000000000463,-34.0,0.002899999999999958,1,1,results/pending_runs/g3_multiclass_tissue/cls_7/L70_G70/tralo/seed_3,results/pending_runs/g3_multiclass_tissue/cls_7/L70_G70/fioretto_ldf/seed_3
g3_multiclass_tissue,tissuemnist,MobileNetV3,L70_G70,data/tissuemnist/slice_1,7,1,70,70,0,0.0,0.3758,0.3829,-0.007099999999999995,-0.0032999999999999696,-0.007699999999999929,-0.006200000000000039,-28.0,0.0041999999999999815,1,1,results/pending_runs/g3_multiclass_tissue/cls_7/L70_G70/tralo/seed_1,results/pending_runs/g3_multiclass_tissue/cls_7/L70_G70/fioretto_ldf/seed_1
g3_multiclass_tissue,tissuemnist,MobileNetV3,L70_G70,data/tissuemnist/slice_1,7,2,70,70,0,0.0,0.397,0.4048,-0.007799999999999974,-0.01319999999999999,-0.006957142857142773,-0.007899999999999963,-9.0,0.0022000000000000353,1,1,results/pending_runs/g3_multiclass_tissue/cls_7/L70_G70/tralo/seed_2,results/pending_runs/g3_multiclass_tissue/cls_7/L70_G70/fioretto_ldf/seed_2
g3_multiclass_tissue,tissuemnist,MobileNetV3,L30_G30,data/tissuemnist/slice_1,7,4,30,30,0,0.0,0.3787,0.3757,0.0030000000000000027,0.012899999999999995,0.0015857142857143014,0.0012999999999999678,5.0,0.0017999999999999683,1,1,results/pending_runs/g3_multiclass_tissue/cls_7/L30_G30/tralo/seed_4,results/pending_runs/g3_multiclass_tissue/cls_7/L30_G30/fioretto_ldf/seed_4
g3_multiclass_tissue,tissuemnist,MobileNetV3,L30_G30,data/tissuemnist/slice_1,7,3,30,30,0,0.0,0.3703,0.3539,0.016400000000000026,-0.012900000000000023,0.020600000000000007,0.0008000000000000229,-9.0,0.0039000000000000146,1,1,results/pending_runs/g3_multiclass_tissue/cls_7/L30_G30/tralo/seed_3,results/pending_runs/g3_multiclass_tissue/cls_7/L30_G30/fioretto_ldf/seed_3
g3_multiclass_tissue,tissuemnist,MobileNetV3,L30_G30,data/tissuemnist/slice_1,7,1,30,30,0,0.0,0.3728,0.3768,-0.0040000000000000036,0.004299999999999998,-0.005128571428571427,-0.005800000000000027,-11.0,0.004500000000000004,1,1,results/pending_runs/g3_multiclass_tissue/cls_7/L30_G30/tralo/seed_1,results/pending_runs/g3_multiclass_tissue/cls_7/L30_G30/fioretto_ldf/seed_1
g3_multiclass_tissue,tissuemnist,MobileNetV3,L30_G30,data/tissuemnist/slice_1,7,2,30,30,0,0.0,0.3871,0.3897,-0.002599999999999991,0.004299999999999998,-0.0036142857142857365,-0.0020999999999999908,-6.0,0.003599999999999992,1,1,results/pending_runs/g3_multiclass_tissue/cls_7/L30_G30/tralo/seed_2,results/pending_runs/g3_multiclass_tissue/cls_7/L30_G30/fioretto_ldf/seed_2
g3_multiclass_tissue,tissuemnist,MobileNetV3,L50_G50,data/tissuemnist/slice_1,7,4,50,50,0,0.0,0.3789,0.3721,0.006800000000000028,0.052899999999999975,0.0002714285714285891,0.0020999999999999908,0.0,-0.006700000000000039,1,1,results/pending_runs/g3_multiclass_tissue/cls_7/L50_G50/tralo/seed_4,results/pending_runs/g3_multiclass_tissue/cls_7/L50_G50/fioretto_ldf/seed_4
g3_multiclass_tissue,tissuemnist,MobileNetV3,L50_G50,data/tissuemnist/slice_1,7,3,50,50,0,0.0,0.3624,0.3505,0.011900000000000022,0.010200000000000042,0.012114285714285633,0.0032999999999999696,0.0,-0.009099999999999997,1,1,results/pending_runs/g3_multiclass_tissue/cls_7/L50_G50/tralo/seed_3,results/pending_runs/g3_multiclass_tissue/cls_7/L50_G50/fioretto_ldf/seed_3
g3_multiclass_tissue,tissuemnist,MobileNetV3,L50_G50,data/tissuemnist/slice_1,7,1,50,50,0,0.0,0.376,0.3753,0.0006999999999999784,0.01050000000000001,-0.0006571428571429117,0.0012999999999999678,0.0,-0.0010999999999999899,1,1,results/pending_runs/g3_multiclass_tissue/cls_7/L50_G50/tralo/seed_1,results/pending_runs/g3_multiclass_tissue/cls_7/L50_G50/fioretto_ldf/seed_1
g3_multiclass_tissue,tissuemnist,MobileNetV3,L50_G50,data/tissuemnist/slice_1,7,2,50,50,0,0.0,0.3949,0.3969,-0.0020000000000000018,-0.0008000000000000229,-0.0021999999999999797,-0.0012999999999999678,0.0,0.0007999999999999674,1,1,results/pending_runs/g3_multiclass_tissue/cls_7/L50_G50/tralo/seed_2,results/pending_runs/g3_multiclass_tissue/cls_7/L50_G50/fioretto_ldf/seed_2
g3_multiclass_tissue,tissuemnist,MobileNetV3,L80_G80,data/tissuemnist/slice_1,7,4,80,80,0,0.0,0.3829,0.3866,-0.003699999999999981,-0.0030999999999999917,-0.003785714285714281,-0.005400000000000071,-22.0,-0.0038000000000000256,1,1,results/pending_runs/g3_multiclass_tissue/cls_7/L80_G80/tralo/seed_4,results/pending_runs/g3_multiclass_tissue/cls_7/L80_G80/fioretto_ldf/seed_4
g3_multiclass_tissue,tissuemnist,MobileNetV3,L80_G80,data/tissuemnist/slice_1,7,3,80,80,0,0.0,0.3551,0.3551,0.0,-0.015500000000000014,0.002257142857142791,-0.004200000000000037,-46.0,0.0012999999999999678,1,1,results/pending_runs/g3_multiclass_tissue/cls_7/L80_G80/tralo/seed_3,results/pending_runs/g3_multiclass_tissue/cls_7/L80_G80/fioretto_ldf/seed_3
g3_multiclass_tissue,tissuemnist,MobileNetV3,L80_G80,data/tissuemnist/slice_1,7,1,80,80,0,0.0,0.3791,0.3853,-0.006199999999999983,0.0,-0.0070428571428571285,-0.006699999999999928,-43.0,0.0016999999999999793,1,1,results/pending_runs/g3_multiclass_tissue/cls_7/L80_G80/tralo/seed_1,results/pending_runs/g3_multiclass_tissue/cls_7/L80_G80/fioretto_ldf/seed_1
g3_multiclass_tissue,tissuemnist,MobileNetV3,L80_G80,data/tissuemnist/slice_1,7,2,80,80,0,0.0,0.3948,0.4063,-0.01150000000000001,-0.006200000000000039,-0.012285714285714233,-0.006200000000000039,-26.0,0.005700000000000038,1,1,results/pending_runs/g3_multiclass_tissue/cls_7/L80_G80/tralo/seed_2,results/pending_runs/g3_multiclass_tissue/cls_7/L80_G80/fioretto_ldf/seed_2
g3_multiclass_tissue,tissuemnist,MobileNetV3,L20_G20,data/tissuemnist/slice_1,2,4,20,20,0,0.0,0.3389,0.339,-0.0001000000000000445,0.0,-5.714285714292222e-05,0.0024999999999999467,0.0,-0.0031999999999999806,1,1,results/pending_runs/g3_multiclass_tissue/cls_2/L20_G20/tralo/seed_4,results/pending_runs/g3_multiclass_tissue/cls_2/L20_G20/fioretto_ldf/seed_4
g3_multiclass_tissue,tissuemnist,MobileNetV3,L20_G20,data/tissuemnist/slice_1,2,3,20,20,0,0.0,0.3213,0.324,-0.0027000000000000357,-0.019599999999999992,-0.00017142857142860013,0.0041999999999999815,-3.0,-0.0050000000000000044,1,1,results/pending_runs/g3_multiclass_tissue/cls_2/L20_G20/tralo/seed_3,results/pending_runs/g3_multiclass_tissue/cls_2/L20_G20/fioretto_ldf/seed_3
g3_multiclass_tissue,tissuemnist,MobileNetV3,L20_G20,data/tissuemnist/slice_1,2,1,20,20,0,0.0,0.3496,0.3523,-0.00269999999999998,-0.019599999999999992,-0.0002571428571428447,-0.0011999999999999789,1.0,-9.999999999998899e-05,1,1,results/pending_runs/g3_multiclass_tissue/cls_2/L20_G20/tralo/seed_1,results/pending_runs/g3_multiclass_tissue/cls_2/L20_G20/fioretto_ldf/seed_1
g3_multiclass_tissue,tissuemnist,MobileNetV3,L20_G20,data/tissuemnist/slice_1,2,2,20,20,0,0.0,0.3579,0.3622,-0.004300000000000026,0.0,-0.004885714285714271,-0.0025000000000000022,2.0,0.005200000000000038,1,1,results/pending_runs/g3_multiclass_tissue/cls_2/L20_G20/tralo/seed_2,results/pending_runs/g3_multiclass_tissue/cls_2/L20_G20/fioretto_ldf/seed_2
g3_multiclass_tissue,tissuemnist,MobileNetV3,L70_G70,data/tissuemnist/slice_1,2,4,70,70,0,0.0,0.3786,0.372,0.006599999999999995,-0.01319999999999999,0.00938571428571422,0.0,0.0,-0.0040000000000000036,1,1,results/pending_runs/g3_multiclass_tissue/cls_2/L70_G70/tralo/seed_4,results/pending_runs/g3_multiclass_tissue/cls_2/L70_G70/fioretto_ldf/seed_4
g3_multiclass_tissue,tissuemnist,MobileNetV3,L70_G70,data/tissuemnist/slice_1,2,3,70,70,0,0.0,0.3713,0.3633,0.008000000000000007,0.00770000000000004,0.008057142857142874,0.006199999999999983,-2.0,-0.008399999999999963,1,0,results/pending_runs/g3_multiclass_tissue/cls_2/L70_G70/tralo/seed_3,results/pending_runs/g3_multiclass_tissue/cls_2/L70_G70/fioretto_ldf/seed_3
g3_multiclass_tissue,tissuemnist,MobileNetV3,L70_G70,data/tissuemnist/slice_1,2,1,70,70,0,0.0,0.3693,0.3738,-0.004500000000000004,0.007000000000000006,-0.006199999999999928,-0.004999999999999893,0.0,0.0020000000000000018,1,1,results/pending_runs/g3_multiclass_tissue/cls_2/L70_G70/tralo/seed_1,results/pending_runs/g3_multiclass_tissue/cls_2/L70_G70/fioretto_ldf/seed_1
g3_multiclass_tissue,tissuemnist,MobileNetV3,L70_G70,data/tissuemnist/slice_1,2,2,70,70,0,0.0,0.3881,0.3871,0.0010000000000000009,0.024500000000000022,-0.0023142857142857687,-0.006700000000000039,0.0,0.009299999999999975,1,1,results/pending_runs/g3_multiclass_tissue/cls_2/L70_G70/tralo/seed_2,results/pending_runs/g3_multiclass_tissue/cls_2/L70_G70/fioretto_ldf/seed_2
g3_multiclass_tissue,tissuemnist,MobileNetV3,L30_G30,data/tissuemnist/slice_1,2,4,30,30,0,0.0,0.3595,0.3511,0.008399999999999963,0.018199999999999994,0.006985714285714317,0.007499999999999951,-4.0,-0.008499999999999952,1,1,results/pending_runs/g3_multiclass_tissue/cls_2/L30_G30/tralo/seed_4,results/pending_runs/g3_multiclass_tissue/cls_2/L30_G30/fioretto_ldf/seed_4
g3_multiclass_tissue,tissuemnist,MobileNetV3,L30_G30,data/tissuemnist/slice_1,2,3,30,30,0,0.0,0.3335,0.3307,0.0028000000000000247,0.0,0.003142857142857003,0.0050000000000000044,1.0,-0.003699999999999981,1,1,results/pending_runs/g3_multiclass_tissue/cls_2/L30_G30/tralo/seed_3,results/pending_runs/g3_multiclass_tissue/cls_2/L30_G30/fioretto_ldf/seed_3
g3_multiclass_tissue,tissuemnist,MobileNetV3,L30_G30,data/tissuemnist/slice_1,2,1,30,30,0,0.0,0.3586,0.3579,0.0006999999999999784,0.018199999999999994,-0.001771428571428535,0.0,-7.0,-0.00269999999999998,1,1,results/pending_runs/g3_multiclass_tissue/cls_2/L30_G30/tralo/seed_1,results/pending_runs/g3_multiclass_tissue/cls_2/L30_G30/fioretto_ldf/seed_1
g3_multiclass_tissue,tissuemnist,MobileNetV3,L30_G30,data/tissuemnist/slice_1,2,2,30,30,0,0.0,0.3681,0.3722,-0.0040999999999999925,-0.03639999999999999,0.000485714285714256,0.006999999999999951,-1.0,-0.006799999999999973,1,1,results/pending_runs/g3_multiclass_tissue/cls_2/L30_G30/tralo/seed_2,results/pending_runs/g3_multiclass_tissue/cls_2/L30_G30/fioretto_ldf/seed_2
g3_multiclass_tissue,tissuemnist,MobileNetV3,L50_G50,data/tissuemnist/slice_1,2,4,50,50,0,0.0,0.3746,0.3687,0.005899999999999961,-0.00930000000000003,0.008114285714285574,0.0020999999999999908,0.0,-0.0049000000000000155,1,1,results/pending_runs/g3_multiclass_tissue/cls_2/L50_G50/tralo/seed_4,results/pending_runs/g3_multiclass_tissue/cls_2/L50_G50/fioretto_ldf/seed_4
g3_multiclass_tissue,tissuemnist,MobileNetV3,L50_G50,data/tissuemnist/slice_1,2,3,50,50,0,0.0,0.3459,0.3419,0.0040000000000000036,0.008000000000000007,0.0033428571428571474,0.007600000000000051,0.0,-0.008400000000000019,1,1,results/pending_runs/g3_multiclass_tissue/cls_2/L50_G50/tralo/seed_3,results/pending_runs/g3_multiclass_tissue/cls_2/L50_G50/fioretto_ldf/seed_3
g3_multiclass_tissue,tissuemnist,MobileNetV3,L50_G50,data/tissuemnist/slice_1,2,1,50,50,0,0.0,0.3662,0.3628,0.003400000000000014,0.028200000000000003,-0.0001571428571428557,0.00039999999999995595,0.0,0.0005999999999999894,1,1,results/pending_runs/g3_multiclass_tissue/cls_2/L50_G50/tralo/seed_1,results/pending_runs/g3_multiclass_tissue/cls_2/L50_G50/fioretto_ldf/seed_1
g3_multiclass_tissue,tissuemnist,MobileNetV3,L50_G50,data/tissuemnist/slice_1,2,2,50,50,0,0.0,0.3775,0.3789,-0.0014000000000000123,0.006099999999999994,-0.002514285714285691,-0.010399999999999965,0.0,0.009999999999999953,1,1,results/pending_runs/g3_multiclass_tissue/cls_2/L50_G50/tralo/seed_2,results/pending_runs/g3_multiclass_tissue/cls_2/L50_G50/fioretto_ldf/seed_2
g3_multiclass_tissue,tissuemnist,MobileNetV3,L80_G80,data/tissuemnist/slice_1,2,4,80,80,0,0.0,0.3726,0.3705,0.0020999999999999908,0.0131,0.00045714285714287817,-0.0017000000000000348,-10.0,-0.0005000000000000004,1,1,results/pending_runs/g3_multiclass_tissue/cls_2/L80_G80/tralo/seed_4,results/pending_runs/g3_multiclass_tissue/cls_2/L80_G80/fioretto_ldf/seed_4
g3_multiclass_tissue,tissuemnist,MobileNetV3,L80_G80,data/tissuemnist/slice_1,2,3,80,80,0,0.0,0.3712,0.3673,0.003899999999999959,-0.03920000000000001,0.01005714285714282,0.0020999999999999908,-13.0,-0.005800000000000027,1,1,results/pending_runs/g3_multiclass_tissue/cls_2/L80_G80/tralo/seed_3,results/pending_runs/g3_multiclass_tissue/cls_2/L80_G80/fioretto_ldf/seed_3
g3_multiclass_tissue,tissuemnist,MobileNetV3,L80_G80,data/tissuemnist/slice_1,2,1,80,80,0,0.0,0.3774,0.3767,0.0007000000000000339,-0.013000000000000012,0.002642857142857169,-0.0025000000000000577,-10.0,-0.0005000000000000004,1,1,results/pending_runs/g3_multiclass_tissue/cls_2/L80_G80/tralo/seed_1,results/pending_runs/g3_multiclass_tissue/cls_2/L80_G80/fioretto_ldf/seed_1
g3_multiclass_tissue,tissuemnist,MobileNetV3,L80_G80,data/tissuemnist/slice_1,2,2,80,80,0,0.0,0.3916,0.3913,0.00030000000000002247,0.0,0.0003714285714286336,0.0023999999999999577,-3.0,-0.0024999999999999467,1,1,results/pending_runs/g3_multiclass_tissue/cls_2/L80_G80/tralo/seed_2,results/pending_runs/g3_multiclass_tissue/cls_2/L80_G80/fioretto_ldf/seed_2
aider_asym,aider,MobileNetV3,L20_G80,data/aider/slice_1,0,4,20,80,1,0.0,0.8065,0.8034,0.0030999999999999917,0.0,0.004166666666666763,0.0024999999999999467,-7.0,-0.0031000000000000055,1,1,results/pending_runs/aider_asym/L20_G80/tralo/seed_4,results/pending_runs/aider_asym/L20_G80/fioretto_ldf/seed_4
aider_asym,aider,MobileNetV3,L20_G80,data/aider/slice_1,0,3,20,80,1,0.0,0.801,0.7982,0.0028000000000000247,0.0,0.0038000000000000256,0.0017000000000000348,-3.0,-0.004500000000000004,1,1,results/pending_runs/aider_asym/L20_G80/tralo/seed_3,results/pending_runs/aider_asym/L20_G80/fioretto_ldf/seed_3
aider_asym,aider,MobileNetV3,L20_G80,data/aider/slice_1,0,1,20,80,1,0.0,0.7789,0.7789,0.0,0.0,0.0,0.0,-1.0,-0.0015000000000000013,1,1,results/pending_runs/aider_asym/L20_G80/tralo/seed_1,results/pending_runs/aider_asym/L20_G80/fioretto_ldf/seed_1
aider_asym,aider,MobileNetV3,L20_G80,data/aider/slice_1,0,2,20,80,1,0.0,0.7864,0.7834,0.0030000000000000027,0.0,0.003933333333333344,0.0017000000000000348,-6.0,-0.006100000000000008,1,1,results/pending_runs/aider_asym/L20_G80/tralo/seed_2,results/pending_runs/aider_asym/L20_G80/fioretto_ldf/seed_2
aider_asym,aider,MobileNetV3,L80_G20,data/aider/slice_1,0,4,80,20,1,0.0,0.8012,0.7771,0.02410000000000001,0.0879,0.0029000000000001247,0.005900000000000016,0.0,-0.003600000000000006,1,1,results/pending_runs/aider_asym/L80_G20/tralo/seed_4,results/pending_runs/aider_asym/L80_G20/fioretto_ldf/seed_4
aider_asym,aider,MobileNetV3,L80_G20,data/aider/slice_1,0,3,80,20,1,0.0,0.7974,0.7835,0.013900000000000023,0.042800000000000005,0.004266666666666641,0.0041999999999999815,0.0,-0.004600000000000007,1,1,results/pending_runs/aider_asym/L80_G20/tralo/seed_3,results/pending_runs/aider_asym/L80_G20/fioretto_ldf/seed_3
aider_asym,aider,MobileNetV3,L80_G20,data/aider/slice_1,0,1,80,20,1,0.0,0.768,0.7724,-0.0043999999999999595,0.0,-0.005933333333333457,-0.0024999999999999467,0.0,0.0039000000000000007,1,1,results/pending_runs/aider_asym/L80_G20/tralo/seed_1,results/pending_runs/aider_asym/L80_G20/fioretto_ldf/seed_1
aider_asym,aider,MobileNetV3,L80_G20,data/aider/slice_1,0,2,80,20,1,0.0,0.7893,0.7531,0.03620000000000001,0.11740000000000003,0.009166666666666545,0.010099999999999998,0.0,-0.007000000000000006,1,1,results/pending_runs/aider_asym/L80_G20/tralo/seed_2,results/pending_runs/aider_asym/L80_G20/fioretto_ldf/seed_2
aider_asym,aider,MobileNetV3,L30_G70,data/aider/slice_1,0,4,30,70,1,0.0,0.8381,0.8408,-0.0027000000000000357,0.0,-0.0036333333333332662,-0.0017000000000000348,-9.0,-0.004799999999999999,1,1,results/pending_runs/aider_asym/L30_G70/tralo/seed_4,results/pending_runs/aider_asym/L30_G70/fioretto_ldf/seed_4
aider_asym,aider,MobileNetV3,L30_G70,data/aider/slice_1,0,3,30,70,1,0.0,0.8373,0.8355,0.0018000000000000238,0.0,0.0023999999999999577,0.0017000000000000348,-3.0,-0.0034000000000000002,1,1,results/pending_runs/aider_asym/L30_G70/tralo/seed_3,results/pending_runs/aider_asym/L30_G70/fioretto_ldf/seed_3
aider_asym,aider,MobileNetV3,L30_G70,data/aider/slice_1,0,1,30,70,1,0.0,0.8212,0.8182,0.0030000000000000027,0.0,0.003933333333333344,0.0017000000000000348,-8.0,-0.007599999999999996,1,1,results/pending_runs/aider_asym/L30_G70/tralo/seed_1,results/pending_runs/aider_asym/L30_G70/fioretto_ldf/seed_1
aider_asym,aider,MobileNetV3,L30_G70,data/aider/slice_1,0,2,30,70,1,0.0,0.8285,0.8242,0.0042999999999999705,0.0,0.00576666666666692,0.0026000000000000467,-5.0,-0.006599999999999995,1,1,results/pending_runs/aider_asym/L30_G70/tralo/seed_2,results/pending_runs/aider_asym/L30_G70/fioretto_ldf/seed_2
aider_asym,aider,MobileNetV3,L70_G30,data/aider/slice_1,0,4,70,30,1,0.0,0.8378,0.8408,-0.0030000000000000027,-0.011699999999999988,-0.00019999999999997797,-0.0008000000000000229,0.0,0.0020000000000000018,1,1,results/pending_runs/aider_asym/L70_G30/tralo/seed_4,results/pending_runs/aider_asym/L70_G30/fioretto_ldf/seed_4
aider_asym,aider,MobileNetV3,L70_G30,data/aider/slice_1,0,3,70,30,1,0.0,0.837,0.8263,0.010699999999999932,0.03539999999999999,0.0023999999999999577,0.0032999999999999696,0.0,-0.0003999999999999976,1,1,results/pending_runs/aider_asym/L70_G30/tralo/seed_3,results/pending_runs/aider_asym/L70_G30/fioretto_ldf/seed_3
aider_asym,aider,MobileNetV3,L70_G30,data/aider/slice_1,0,1,70,30,1,0.0,0.8197,0.8105,0.009199999999999986,0.0237,0.004233333333333422,0.0034000000000000696,0.0,-0.0032999999999999974,1,1,results/pending_runs/aider_asym/L70_G30/tralo/seed_1,results/pending_runs/aider_asym/L70_G30/fioretto_ldf/seed_1
aider_asym,aider,MobileNetV3,L70_G30,data/aider/slice_1,0,2,70,30,1,0.0,0.8285,0.8068,0.021700000000000053,0.07250000000000001,0.004866666666666797,0.006800000000000028,0.0,-0.009900000000000006,1,1,results/pending_runs/aider_asym/L70_G30/tralo/seed_2,results/pending_runs/aider_asym/L70_G30/fioretto_ldf/seed_2
blackwell_validation,aider,MobileNetV3,L50_G50,data/aider/slice_1,0,8,50,50,0,0.0,0.8759,0.8734,0.0025000000000000577,0.0,0.003366666666666629,0.0025999999999999357,-3.0,-0.004900000000000002,1,1,results/pending_runs/blackwell_validation/MobileNetV3/smoke/aider/tralo/seed_8,results/pending_runs/blackwell_validation/MobileNetV3/smoke/aider/fioretto_ldf/seed_8
blackwell_validation,aider,MobileNetV3,L50_G50,data/aider/slice_1,0,6,50,50,0,0.0,0.8818,0.876,0.005800000000000027,0.0,0.00783333333333347,0.0032999999999999696,-5.0,-0.010000000000000002,1,1,results/pending_runs/blackwell_validation/MobileNetV3/smoke/aider/tralo/seed_6,results/pending_runs/blackwell_validation/MobileNetV3/smoke/aider/fioretto_ldf/seed_6
blackwell_validation,aider,MobileNetV3,L50_G50,data/aider/slice_1,0,4,50,50,0,0.0,0.8749,0.8749,0.0,0.0,0.0,0.0,-2.0,-0.0019000000000000059,1,1,results/pending_runs/blackwell_validation/MobileNetV3/smoke/aider/tralo/seed_4,results/pending_runs/blackwell_validation/MobileNetV3/smoke/aider/fioretto_ldf/seed_4
blackwell_validation,aider,MobileNetV3,L50_G50,data/aider/slice_1,0,7,50,50,0,0.0,0.8681,0.8657,0.0023999999999999577,0.0,0.003266666666666529,0.0024999999999999467,-8.0,-0.004699999999999996,1,1,results/pending_runs/blackwell_validation/MobileNetV3/smoke/aider/tralo/seed_7,results/pending_runs/blackwell_validation/MobileNetV3/smoke/aider/fioretto_ldf/seed_7
blackwell_validation,aider,MobileNetV3,L50_G50,data/aider/slice_1,0,3,50,50,0,0.0,0.8704,0.8704,0.0,0.0,0.0,0.0,-8.0,-0.0075,1,1,results/pending_runs/blackwell_validation/MobileNetV3/smoke/aider/tralo/seed_3,results/pending_runs/blackwell_validation/MobileNetV3/smoke/aider/fioretto_ldf/seed_3
blackwell_validation,aider,MobileNetV3,L50_G50,data/aider/slice_1,0,1,50,50,0,0.0,0.869,0.87,-0.0010000000000000009,0.0,-0.0013999999999998458,0.0,-6.0,-0.0011999999999999997,1,1,results/pending_runs/blackwell_validation/MobileNetV3/smoke/aider/tralo/seed_1,results/pending_runs/blackwell_validation/MobileNetV3/smoke/aider/fioretto_ldf/seed_1
blackwell_validation,aider,MobileNetV3,L50_G50,data/aider/slice_1,0,2,50,50,0,0.0,0.8734,0.8705,0.0028999999999999027,0.0,0.0040000000000000036,0.0016000000000000458,-2.0,-0.0022000000000000006,1,0,results/pending_runs/blackwell_validation/MobileNetV3/smoke/aider/tralo/seed_2,results/pending_runs/blackwell_validation/MobileNetV3/smoke/aider/fioretto_ldf/seed_2
blackwell_validation,aider,MobileNetV3,L50_G50,data/aider/slice_1,0,5,50,50,0,0.0,0.879,0.876,0.0030000000000000027,0.0,0.0041000000000001036,0.0016999999999999238,-10.0,-0.010999999999999996,1,1,results/pending_runs/blackwell_validation/MobileNetV3/smoke/aider/tralo/seed_5,results/pending_runs/blackwell_validation/MobileNetV3/smoke/aider/fioretto_ldf/seed_5
blackwell_validation,dermmnist,MobileNetV3,L50_G50,data/dermmnist/slice_1,4,8,50,50,0,0.0,0.6992,0.6948,0.0044000000000000705,-0.011899999999999966,0.0071666666666666545,0.000500000000000056,-19.0,-0.0012000000000000066,1,1,results/pending_runs/blackwell_validation/MobileNetV3/smoke/dermmnist/tralo/seed_8,results/pending_runs/blackwell_validation/MobileNetV3/smoke/dermmnist/fioretto_ldf/seed_8
blackwell_validation,dermmnist,MobileNetV3,L50_G50,data/dermmnist/slice_1,4,6,50,50,0,0.0,0.7246,0.7168,0.007800000000000029,0.011900000000000022,0.007099999999999995,0.0,-26.0,-0.008099999999999996,1,1,results/pending_runs/blackwell_validation/MobileNetV3/smoke/dermmnist/tralo/seed_6,results/pending_runs/blackwell_validation/MobileNetV3/smoke/dermmnist/fioretto_ldf/seed_6
blackwell_validation,dermmnist,MobileNetV3,L50_G50,data/dermmnist/slice_1,4,4,50,50,0,0.0,0.7162,0.7231,-0.006900000000000017,0.018000000000000016,-0.011066666666666558,0.0,-13.0,0.0063,1,1,results/pending_runs/blackwell_validation/MobileNetV3/smoke/dermmnist/tralo/seed_4,results/pending_runs/blackwell_validation/MobileNetV3/smoke/dermmnist/fioretto_ldf/seed_4
blackwell_validation,dermmnist,MobileNetV3,L50_G50,data/dermmnist/slice_1,4,7,50,50,0,0.0,0.699,0.6948,0.0041999999999999815,0.006000000000000005,0.003933333333333233,0.0004999999999999449,-4.0,0.0002999999999999947,1,1,results/pending_runs/blackwell_validation/MobileNetV3/smoke/dermmnist/tralo/seed_7,results/pending_runs/blackwell_validation/MobileNetV3/smoke/dermmnist/fioretto_ldf/seed_7
blackwell_validation,dermmnist,MobileNetV3,L50_G50,data/dermmnist/slice_1,4,3,50,50,0,0.0,0.7022,0.7064,-0.0041999999999999815,0.01200000000000001,-0.006916666666666682,0.0010000000000000009,-11.0,0.0006000000000000033,1,0,results/pending_runs/blackwell_validation/MobileNetV3/smoke/dermmnist/tralo/seed_3,results/pending_runs/blackwell_validation/MobileNetV3/smoke/dermmnist/fioretto_ldf/seed_3
blackwell_validation,dermmnist,MobileNetV3,L50_G50,data/dermmnist/slice_1,4,1,50,50,0,0.0,0.7325,0.7214,0.011099999999999999,0.01200000000000001,0.011016666666666675,0.00649999999999995,-14.0,-0.003500000000000003,1,0,results/pending_runs/blackwell_validation/MobileNetV3/smoke/dermmnist/tralo/seed_1,results/pending_runs/blackwell_validation/MobileNetV3/smoke/dermmnist/fioretto_ldf/seed_1
blackwell_validation,dermmnist,MobileNetV3,L50_G50,data/dermmnist/slice_1,4,2,50,50,0,0.0,0.7039,0.7019,0.0020000000000000018,0.005899999999999961,0.0012500000000000844,0.0004999999999999449,-7.0,-0.0040000000000000036,1,1,results/pending_runs/blackwell_validation/MobileNetV3/smoke/dermmnist/tralo/seed_2,results/pending_runs/blackwell_validation/MobileNetV3/smoke/dermmnist/fioretto_ldf/seed_2
blackwell_validation,dermmnist,MobileNetV3,L50_G50,data/dermmnist/slice_1,4,5,50,50,0,0.0,0.7089,0.7059,0.0030000000000000027,0.006000000000000005,0.002466666666666839,0.0013999999999999568,-14.0,-0.0010000000000000009,1,1,results/pending_runs/blackwell_validation/MobileNetV3/smoke/dermmnist/tralo/seed_5,results/pending_runs/blackwell_validation/MobileNetV3/smoke/dermmnist/fioretto_ldf/seed_5
blackwell_validation,aider,MobileNetV2,L50_G50,data/aider/slice_1,0,8,50,50,0,0.0,0.8618,0.8618,0.0,0.0,0.0,0.0,-1.0,0.005299999999999999,1,0,results/pending_runs/blackwell_validation/MobileNetV2/smoke/aider/tralo/seed_8,results/pending_runs/blackwell_validation/MobileNetV2/smoke/aider/fioretto_ldf/seed_8
blackwell_validation,aider,MobileNetV2,L50_G50,data/aider/slice_1,0,6,50,50,0,0.0,0.8598,0.8515,0.008299999999999974,0.0,0.011199999999999988,0.005099999999999993,-14.0,-0.012499999999999997,1,1,results/pending_runs/blackwell_validation/MobileNetV2/smoke/aider/tralo/seed_6,results/pending_runs/blackwell_validation/MobileNetV2/smoke/aider/fioretto_ldf/seed_6
blackwell_validation,aider,MobileNetV2,L50_G50,data/aider/slice_1,0,4,50,50,0,0.0,0.8715,0.8685,0.0030000000000000027,0.0,0.003966666666666563,0.0016000000000000458,-11.0,-0.0114,1,1,results/pending_runs/blackwell_validation/MobileNetV2/smoke/aider/tralo/seed_4,results/pending_runs/blackwell_validation/MobileNetV2/smoke/aider/fioretto_ldf/seed_4
blackwell_validation,aider,MobileNetV2,L50_G50,data/aider/slice_1,0,7,50,50,0,0.0,0.8774,0.87,0.007399999999999962,0.0,0.00976666666666659,0.0041999999999999815,-13.0,-0.013700000000000004,1,1,results/pending_runs/blackwell_validation/MobileNetV2/smoke/aider/tralo/seed_7,results/pending_runs/blackwell_validation/MobileNetV2/smoke/aider/fioretto_ldf/seed_7
blackwell_validation,aider,MobileNetV2,L50_G50,data/aider/slice_1,0,3,50,50,0,0.0,0.8685,0.8565,0.01200000000000001,0.0131,0.011633333333333273,0.006800000000000028,-11.0,-0.010700000000000001,1,1,results/pending_runs/blackwell_validation/MobileNetV2/smoke/aider/tralo/seed_3,results/pending_runs/blackwell_validation/MobileNetV2/smoke/aider/fioretto_ldf/seed_3
blackwell_validation,aider,MobileNetV2,L50_G50,data/aider/slice_1,0,1,50,50,0,0.0,0.8615,0.8531,0.008400000000000074,0.0,0.011233333333333206,0.005099999999999993,-9.0,-0.014100000000000001,1,1,results/pending_runs/blackwell_validation/MobileNetV2/smoke/aider/tralo/seed_1,results/pending_runs/blackwell_validation/MobileNetV2/smoke/aider/fioretto_ldf/seed_1
blackwell_validation,aider,MobileNetV2,L50_G50,data/aider/slice_1,0,2,50,50,0,0.0,0.871,0.8589,0.0121,0.0,0.016199999999999992,0.006700000000000039,-14.0,-0.012400000000000001,1,1,results/pending_runs/blackwell_validation/MobileNetV2/smoke/aider/tralo/seed_2,results/pending_runs/blackwell_validation/MobileNetV2/smoke/aider/fioretto_ldf/seed_2
blackwell_validation,aider,MobileNetV2,L50_G50,data/aider/slice_1,0,5,50,50,0,0.0,0.8634,0.8648,-0.0014000000000000679,0.0,-0.0018999999999999018,-0.0007999999999999119,-1.0,0.003599999999999999,1,1,results/pending_runs/blackwell_validation/MobileNetV2/smoke/aider/tralo/seed_5,results/pending_runs/blackwell_validation/MobileNetV2/smoke/aider/fioretto_ldf/seed_5
blackwell_validation,dermmnist,MobileNetV2,L50_G50,data/dermmnist/slice_1,4,8,50,50,0,0.0,0.6503,0.6512,-0.0009000000000000119,0.006000000000000005,-0.0019500000000000073,0.006000000000000005,-11.0,-0.006900000000000003,1,1,results/pending_runs/blackwell_validation/MobileNetV2/smoke/dermmnist/tralo/seed_8,results/pending_runs/blackwell_validation/MobileNetV2/smoke/dermmnist/fioretto_ldf/seed_8
blackwell_validation,dermmnist,MobileNetV2,L50_G50,data/dermmnist/slice_1,4,6,50,50,0,0.0,0.6624,0.6609,0.0014999999999999458,0.01200000000000001,-0.0002500000000000835,0.0033999999999999586,0.0,0.001899999999999999,1,1,results/pending_runs/blackwell_validation/MobileNetV2/smoke/dermmnist/tralo/seed_6,results/pending_runs/blackwell_validation/MobileNetV2/smoke/dermmnist/fioretto_ldf/seed_6
blackwell_validation,dermmnist,MobileNetV2,L50_G50,data/dermmnist/slice_1,4,4,50,50,0,0.0,0.6419,0.6428,-0.0009000000000000119,-0.018000000000000016,0.0019499999999998963,-0.0020000000000000018,23.0,0.005099999999999993,1,0,results/pending_runs/blackwell_validation/MobileNetV2/smoke/dermmnist/tralo/seed_4,results/pending_runs/blackwell_validation/MobileNetV2/smoke/dermmnist/fioretto_ldf/seed_4
blackwell_validation,dermmnist,MobileNetV2,L50_G50,data/dermmnist/slice_1,4,7,50,50,0,0.0,0.651,0.6473,0.0037000000000000366,0.0,0.0043000000000000815,0.0015000000000000568,-5.0,-0.004199999999999995,1,1,results/pending_runs/blackwell_validation/MobileNetV2/smoke/dermmnist/tralo/seed_7,results/pending_runs/blackwell_validation/MobileNetV2/smoke/dermmnist/fioretto_ldf/seed_7
blackwell_validation,dermmnist,MobileNetV2,L50_G50,data/dermmnist/slice_1,4,3,50,50,0,0.0,0.6587,0.6544,0.0042999999999999705,0.0,0.00501666666666678,0.0010000000000000009,-8.0,-0.005099999999999993,1,1,results/pending_runs/blackwell_validation/MobileNetV2/smoke/dermmnist/tralo/seed_3,results/pending_runs/blackwell_validation/MobileNetV2/smoke/dermmnist/fioretto_ldf/seed_3
blackwell_validation,dermmnist,MobileNetV2,L50_G50,data/dermmnist/slice_1,4,1,50,50,0,0.0,0.6646,0.6474,0.017199999999999993,-0.01200000000000001,0.022016666666666573,0.0050000000000000044,-1.0,-0.0006000000000000033,1,1,results/pending_runs/blackwell_validation/MobileNetV2/smoke/dermmnist/tralo/seed_1,results/pending_runs/blackwell_validation/MobileNetV2/smoke/dermmnist/fioretto_ldf/seed_1
blackwell_validation,dermmnist,MobileNetV2,L50_G50,data/dermmnist/slice_1,4,2,50,50,0,0.0,0.6449,0.6333,0.011600000000000055,0.01789999999999997,0.01055000000000006,-0.0010000000000000009,-8.0,-0.0002999999999999947,1,1,results/pending_runs/blackwell_validation/MobileNetV2/smoke/dermmnist/tralo/seed_2,results/pending_runs/blackwell_validation/MobileNetV2/smoke/dermmnist/fioretto_ldf/seed_2
blackwell_validation,dermmnist,MobileNetV2,L50_G50,data/dermmnist/slice_1,4,5,50,50,0,0.0,0.6155,0.6304,-0.014899999999999913,-0.023899999999999977,-0.013399999999999967,-0.007000000000000006,-6.0,0.009499999999999995,1,1,results/pending_runs/blackwell_validation/MobileNetV2/smoke/dermmnist/tralo/seed_5,results/pending_runs/blackwell_validation/MobileNetV2/smoke/dermmnist/fioretto_ldf/seed_5
blackwell_validation,aider,ShuffleNetV2,L50_G50,data/aider/slice_1,0,4,50,50,0,0.0,0.8787,0.8773,0.0014000000000000679,0.0,0.0019000000000000128,0.0007999999999999119,0.0,0.000499999999999997,0,0,results/pending_runs/blackwell_validation/ShuffleNetV2/smoke/aider/tralo/seed_4,results/pending_runs/blackwell_validation/ShuffleNetV2/smoke/aider/fioretto_ldf/seed_4
blackwell_validation,aider,ShuffleNetV2,L50_G50,data/aider/slice_1,0,3,50,50,0,0.0,0.8415,0.8415,0.0,0.0,0.0,0.0,0.0,-0.00020000000000000573,0,0,results/pending_runs/blackwell_validation/ShuffleNetV2/smoke/aider/tralo/seed_3,results/pending_runs/blackwell_validation/ShuffleNetV2/smoke/aider/fioretto_ldf/seed_3
blackwell_validation,aider,ShuffleNetV2,L50_G50,data/aider/slice_1,0,1,50,50,0,0.0,0.8687,0.8621,0.00660000000000005,0.0,0.008899999999999797,0.0041999999999999815,15.0,-0.0127,0,0,results/pending_runs/blackwell_validation/ShuffleNetV2/smoke/aider/tralo/seed_1,results/pending_runs/blackwell_validation/ShuffleNetV2/smoke/aider/fioretto_ldf/seed_1
blackwell_validation,aider,ShuffleNetV2,L50_G50,data/aider/slice_1,0,2,50,50,0,0.0,0.8325,0.8325,0.0,0.0,0.0,0.0,0.0,0.0,0,0,results/pending_runs/blackwell_validation/ShuffleNetV2/smoke/aider/tralo/seed_2,results/pending_runs/blackwell_validation/ShuffleNetV2/smoke/aider/fioretto_ldf/seed_2
blackwell_validation,dermmnist,ShuffleNetV2,L50_G50,data/dermmnist/slice_1,4,4,50,50,0,0.0,0.2515,0.2515,0.0,0.0,0.0,0.0,0.0,-0.0007000000000000062,0,0,results/pending_runs/blackwell_validation/ShuffleNetV2/smoke/dermmnist/tralo/seed_4,results/pending_runs/blackwell_validation/ShuffleNetV2/smoke/dermmnist/fioretto_ldf/seed_4
blackwell_validation,dermmnist,ShuffleNetV2,L50_G50,data/dermmnist/slice_1,4,3,50,50,0,0.0,0.2572,0.2572,0.0,0.0,0.0,0.0,0.0,-0.0017000000000000001,0,0,results/pending_runs/blackwell_validation/ShuffleNetV2/smoke/dermmnist/tralo/seed_3,results/pending_runs/blackwell_validation/ShuffleNetV2/smoke/dermmnist/fioretto_ldf/seed_3
blackwell_validation,dermmnist,ShuffleNetV2,L50_G50,data/dermmnist/slice_1,4,1,50,50,0,0.0,0.3124,0.3137,-0.0012999999999999678,-0.006000000000000005,-0.0005833333333332691,-0.0010000000000000009,-2.0,0.0013999999999999985,0,0,results/pending_runs/blackwell_validation/ShuffleNetV2/smoke/dermmnist/tralo/seed_1,results/pending_runs/blackwell_validation/ShuffleNetV2/smoke/dermmnist/fioretto_ldf/seed_1
blackwell_validation,dermmnist,ShuffleNetV2,L50_G50,data/dermmnist/slice_1,4,2,50,50,0,0.0,0.3586,0.3586,0.0,0.0,0.0,0.0,0.0,0.0003000000000000086,0,0,results/pending_runs/blackwell_validation/ShuffleNetV2/smoke/dermmnist/tralo/seed_2,results/pending_runs/blackwell_validation/ShuffleNetV2/smoke/dermmnist/fioretto_ldf/seed_2
blackwell_validation,aider,RegNetY400MF,L50_G50,data/aider/slice_1,0,4,50,50,0,0.0,0.8691,0.8692,-9.999999999998899e-05,0.0,-3.333333333332966e-05,0.0,-5.0,-0.0008000000000000021,1,1,results/pending_runs/blackwell_validation/RegNetY400MF/smoke/aider/tralo/seed_4,results/pending_runs/blackwell_validation/RegNetY400MF/smoke/aider/fioretto_ldf/seed_4
blackwell_validation,aider,RegNetY400MF,L50_G50,data/aider/slice_1,0,3,50,50,0,0.0,0.8729,0.867,0.005900000000000016,0.0,0.00783333333333347,0.0041999999999999815,-3.0,0.0010000000000000009,1,0,results/pending_runs/blackwell_validation/RegNetY400MF/smoke/aider/tralo/seed_3,results/pending_runs/blackwell_validation/RegNetY400MF/smoke/aider/fioretto_ldf/seed_3
blackwell_validation,aider,RegNetY400MF,L50_G50,data/aider/slice_1,0,1,50,50,0,0.0,0.8703,0.8639,0.006399999999999961,0.0,0.008466666666666844,0.0032999999999999696,-8.0,-0.0051,1,1,results/pending_runs/blackwell_validation/RegNetY400MF/smoke/aider/tralo/seed_1,results/pending_runs/blackwell_validation/RegNetY400MF/smoke/aider/fioretto_ldf/seed_1
blackwell_validation,aider,RegNetY400MF,L50_G50,data/aider/slice_1,0,2,50,50,0,0.0,0.8685,0.8641,0.0044000000000000705,0.0,0.005833333333333357,0.0025999999999999357,-1.0,-0.0028000000000000004,1,1,results/pending_runs/blackwell_validation/RegNetY400MF/smoke/aider/tralo/seed_2,results/pending_runs/blackwell_validation/RegNetY400MF/smoke/aider/fioretto_ldf/seed_2
blackwell_validation,dermmnist,RegNetY400MF,L50_G50,data/dermmnist/slice_1,4,4,50,50,0,0.0,0.6857,0.6799,0.005800000000000027,0.0,0.006816666666666582,-0.0010000000000000009,-19.0,-0.008099999999999996,1,1,results/pending_runs/blackwell_validation/RegNetY400MF/smoke/dermmnist/tralo/seed_4,results/pending_runs/blackwell_validation/RegNetY400MF/smoke/dermmnist/fioretto_ldf/seed_4
blackwell_validation,dermmnist,RegNetY400MF,L50_G50,data/dermmnist/slice_1,4,3,50,50,0,0.0,0.636,0.6396,-0.0035999999999999366,0.0,-0.004216666666666757,0.0020000000000000018,-6.0,0.003699999999999995,1,1,results/pending_runs/blackwell_validation/RegNetY400MF/smoke/dermmnist/tralo/seed_3,results/pending_runs/blackwell_validation/RegNetY400MF/smoke/dermmnist/fioretto_ldf/seed_3
blackwell_validation,dermmnist,RegNetY400MF,L50_G50,data/dermmnist/slice_1,4,1,50,50,0,0.0,0.6659,0.6691,-0.0031999999999999806,-0.006000000000000005,-0.0026999999999999247,-0.000500000000000056,-4.0,0.0030999999999999917,1,1,results/pending_runs/blackwell_validation/RegNetY400MF/smoke/dermmnist/tralo/seed_1,results/pending_runs/blackwell_validation/RegNetY400MF/smoke/dermmnist/fioretto_ldf/seed_1
blackwell_validation,dermmnist,RegNetY400MF,L50_G50,data/dermmnist/slice_1,4,2,50,50,0,0.0,0.67,0.6704,-0.00039999999999995595,-0.006000000000000005,0.0004999999999999449,-0.0004999999999999449,-7.0,0.0013999999999999985,1,1,results/pending_runs/blackwell_validation/RegNetY400MF/smoke/dermmnist/tralo/seed_2,results/pending_runs/blackwell_validation/RegNetY400MF/smoke/dermmnist/fioretto_ldf/seed_2
arch_validation,tissuemnist,MobileNetV3,L30_G30,data/tissuemnist/slice_1,4,1,30,30,0,0.0,0.3669,0.3598,0.007099999999999995,0.0,0.008171428571428552,0.005800000000000027,-5.0,-0.0005999999999999894,1,1,results/pending_runs/arch_validation/tissuemnist/L30_G30/tralo/seed_1,results/pending_runs/arch_validation/tissuemnist/L30_G30/fioretto_ldf/seed_1
arch_validation,tissuemnist,MobileNetV3,L30_G30,data/tissuemnist/slice_1,4,2,30,30,0,0.0,0.3703,0.3697,0.0006000000000000449,-0.008999999999999952,0.0020714285714285574,-0.0008000000000000229,-2.0,0.003599999999999992,1,1,results/pending_runs/arch_validation/tissuemnist/L30_G30/tralo/seed_2,results/pending_runs/arch_validation/tissuemnist/L30_G30/fioretto_ldf/seed_2
arch_validation,tissuemnist,MobileNetV3,L50_G50,data/tissuemnist/slice_1,4,1,50,50,0,0.0,0.3724,0.369,0.003400000000000014,0.04670000000000002,-0.00280000000000008,0.002100000000000102,-4.0,0.0014000000000000123,1,1,results/pending_runs/arch_validation/tissuemnist/L50_G50/tralo/seed_1,results/pending_runs/arch_validation/tissuemnist/L50_G50/fioretto_ldf/seed_1
arch_validation,tissuemnist,MobileNetV3,L50_G50,data/tissuemnist/slice_1,4,2,50,50,0,0.0,0.3853,0.3842,0.0010999999999999899,0.0,0.0011714285714285455,0.0008000000000000229,-4.0,0.0017000000000000348,1,1,results/pending_runs/arch_validation/tissuemnist/L50_G50/tralo/seed_2,results/pending_runs/arch_validation/tissuemnist/L50_G50/fioretto_ldf/seed_2
derm_cripple,dermmnist,MobileNetV3,L20_G20,data/dermmnist_jpeg/slice_1,4,1,20,20,0,0.0,0.5824,0.5726,0.009800000000000031,0.0,0.011416666666666742,0.0024999999999999467,-7.0,-0.0030999999999999917,1,1,results/pending_runs/derm_cripple/jpeg/L20_G20/tralo/seed_1,results/pending_runs/derm_cripple/jpeg/L20_G20/fioretto_ldf/seed_1
derm_cripple,dermmnist,MobileNetV3,L20_G20,data/dermmnist_jpeg/slice_1,4,2,20,20,0,0.0,0.5805,0.5843,-0.0038000000000000256,0.007500000000000007,-0.005733333333333368,0.0015000000000000568,-1.0,-0.0007999999999999952,1,1,results/pending_runs/derm_cripple/jpeg/L20_G20/tralo/seed_2,results/pending_runs/derm_cripple/jpeg/L20_G20/fioretto_ldf/seed_2
derm_cripple,dermmnist,MobileNetV3,L30_G30,data/dermmnist_jpeg/slice_1,4,1,30,30,0,0.0,0.5981,0.599,-0.0009000000000000119,0.0,-0.0009999999999998899,-0.0014999999999999458,-6.0,-0.003400000000000014,1,1,results/pending_runs/derm_cripple/jpeg/L30_G30/tralo/seed_1,results/pending_runs/derm_cripple/jpeg/L30_G30/fioretto_ldf/seed_1
derm_cripple,dermmnist,MobileNetV3,L30_G30,data/dermmnist_jpeg/slice_1,4,2,30,30,0,0.0,0.5856,0.5927,-0.007099999999999995,0.027600000000000013,-0.012916666666666798,0.0004999999999999449,-8.0,0.004299999999999998,1,1,results/pending_runs/derm_cripple/jpeg/L30_G30/tralo/seed_2,results/pending_runs/derm_cripple/jpeg/L30_G30/fioretto_ldf/seed_2
derm_cripple,dermmnist,MobileNetV3,L50_G50,data/dermmnist_jpeg/slice_1,4,1,50,50,0,0.0,0.5972,0.6032,-0.006000000000000005,-0.006000000000000005,-0.00605,-0.0014999999999999458,-4.0,0.0030000000000000027,1,1,results/pending_runs/derm_cripple/jpeg/L50_G50/tralo/seed_1,results/pending_runs/derm_cripple/jpeg/L50_G50/fioretto_ldf/seed_1
derm_cripple,dermmnist,MobileNetV3,L50_G50,data/dermmnist_jpeg/slice_1,4,2,50,50,0,0.0,0.5875,0.6088,-0.021299999999999986,0.01200000000000001,-0.02678333333333327,-0.00649999999999995,-23.0,0.012899999999999995,1,1,results/pending_runs/derm_cripple/jpeg/L50_G50/tralo/seed_2,results/pending_runs/derm_cripple/jpeg/L50_G50/fioretto_ldf/seed_2
derm_cripple,dermmnist,MobileNetV3,L20_G20,data/dermmnist_noise/slice_1,4,1,20,20,0,0.0,0.512,0.5246,-0.012599999999999945,0.007500000000000007,-0.015866666666666696,0.0010000000000000009,-8.0,0.0030000000000000027,1,1,results/pending_runs/derm_cripple/noise/L20_G20/tralo/seed_1,results/pending_runs/derm_cripple/noise/L20_G20/fioretto_ldf/seed_1
derm_cripple,dermmnist,MobileNetV3,L20_G20,data/dermmnist_noise/slice_1,4,2,20,20,0,0.0,0.5064,0.5155,-0.009099999999999997,0.007499999999999979,-0.011866666666666692,0.000500000000000056,-13.0,-0.004299999999999998,1,1,results/pending_runs/derm_cripple/noise/L20_G20/tralo/seed_2,results/pending_runs/derm_cripple/noise/L20_G20/fioretto_ldf/seed_2
derm_cripple,dermmnist,MobileNetV3,L30_G30,data/dermmnist_noise/slice_1,4,1,30,30,0,0.0,0.5343,0.5318,0.0024999999999999467,-0.006900000000000017,0.004133333333333322,0.0010000000000000009,-5.0,0.001700000000000007,1,1,results/pending_runs/derm_cripple/noise/L30_G30/tralo/seed_1,results/pending_runs/derm_cripple/noise/L30_G30/fioretto_ldf/seed_1
derm_cripple,dermmnist,MobileNetV3,L30_G30,data/dermmnist_noise/slice_1,4,2,30,30,0,0.0,0.5211,0.5367,-0.015599999999999947,-0.006900000000000017,-0.01698333333333335,-0.0040000000000000036,-11.0,-0.0022000000000000075,1,1,results/pending_runs/derm_cripple/noise/L30_G30/tralo/seed_2,results/pending_runs/derm_cripple/noise/L30_G30/fioretto_ldf/seed_2
derm_cripple,dermmnist,MobileNetV3,L50_G50,data/dermmnist_noise/slice_1,4,1,50,50,0,0.0,0.5631,0.556,0.007099999999999995,0.0,0.008333333333333304,0.0019000000000000128,-20.0,-0.004200000000000009,1,1,results/pending_runs/derm_cripple/noise/L50_G50/tralo/seed_1,results/pending_runs/derm_cripple/noise/L50_G50/fioretto_ldf/seed_1
derm_cripple,dermmnist,MobileNetV3,L50_G50,data/dermmnist_noise/slice_1,4,2,50,50,0,0.0,0.5338,0.5476,-0.013799999999999923,-0.006000000000000005,-0.015050000000000008,-0.0040000000000000036,-33.0,-0.0015999999999999903,1,1,results/pending_runs/derm_cripple/noise/L50_G50/tralo/seed_2,results/pending_runs/derm_cripple/noise/L50_G50/fioretto_ldf/seed_2
derm_cripple,dermmnist,MobileNetV3,L20_G20,data/dermmnist_defocus/slice_1,4,1,20,20,0,0.0,0.6515,0.6419,0.009599999999999942,0.014900000000000024,0.0086666666666666,0.0015000000000000568,-9.0,-0.006200000000000011,1,1,results/pending_runs/derm_cripple/defocus/L20_G20/tralo/seed_1,results/pending_runs/derm_cripple/defocus/L20_G20/fioretto_ldf/seed_1
derm_cripple,dermmnist,MobileNetV3,L20_G20,data/dermmnist_defocus/slice_1,4,2,20,20,0,0.0,0.6481,0.6464,0.0017000000000000348,-0.007500000000000007,0.0032999999999999696,0.0044999999999999485,-11.0,-0.006099999999999994,1,1,results/pending_runs/derm_cripple/defocus/L20_G20/tralo/seed_2,results/pending_runs/derm_cripple/defocus/L20_G20/fioretto_ldf/seed_2
derm_cripple,dermmnist,MobileNetV3,L30_G30,data/dermmnist_defocus/slice_1,4,1,30,30,0,0.0,0.6772,0.6693,0.007900000000000018,0.006900000000000017,0.00814999999999988,0.0030000000000000027,-8.0,-0.005500000000000005,1,1,results/pending_runs/derm_cripple/defocus/L30_G30/tralo/seed_1,results/pending_runs/derm_cripple/defocus/L30_G30/fioretto_ldf/seed_1
derm_cripple,dermmnist,MobileNetV3,L30_G30,data/dermmnist_defocus/slice_1,4,2,30,30,0,0.0,0.6561,0.6604,-0.0042999999999999705,-0.013800000000000034,-0.00264999999999993,-0.0044999999999999485,-4.0,0.00010000000000001674,1,1,results/pending_runs/derm_cripple/defocus/L30_G30/tralo/seed_2,results/pending_runs/derm_cripple/defocus/L30_G30/fioretto_ldf/seed_2
derm_cripple,dermmnist,MobileNetV3,L50_G50,data/dermmnist_defocus/slice_1,4,1,50,50,0,0.0,0.6792,0.6835,-0.0042999999999999705,0.0,-0.005016666666666669,-0.000500000000000056,-12.0,0.0020000000000000018,1,1,results/pending_runs/derm_cripple/defocus/L50_G50/tralo/seed_1,results/pending_runs/derm_cripple/defocus/L50_G50/fioretto_ldf/seed_1
derm_cripple,dermmnist,MobileNetV3,L50_G50,data/dermmnist_defocus/slice_1,4,2,50,50,0,0.0,0.6807,0.6787,0.0020000000000000018,-0.006000000000000005,0.003283333333333416,0.0015000000000000568,-2.0,0.0002999999999999947,1,1,results/pending_runs/derm_cripple/defocus/L50_G50/tralo/seed_2,results/pending_runs/derm_cripple/defocus/L50_G50/fioretto_ldf/seed_2
derm_cripple,dermmnist,MobileNetV3,L20_G20,data/dermmnist_color/slice_1,4,1,20,20,0,0.0,0.633,0.632,0.0010000000000000009,-0.007500000000000007,0.002383333333333182,0.000500000000000056,0.0,-0.0005000000000000004,1,1,results/pending_runs/derm_cripple/color/L20_G20/tralo/seed_1,results/pending_runs/derm_cripple/color/L20_G20/fioretto_ldf/seed_1
derm_cripple,dermmnist,MobileNetV3,L20_G20,data/dermmnist_color/slice_1,4,2,20,20,0,0.0,0.5872,0.5945,-0.007299999999999973,-0.007500000000000007,-0.007349999999999968,0.000500000000000056,-6.0,-0.0033999999999999864,1,1,results/pending_runs/derm_cripple/color/L20_G20/tralo/seed_2,results/pending_runs/derm_cripple/color/L20_G20/fioretto_ldf/seed_2
derm_cripple,dermmnist,MobileNetV3,L30_G30,data/dermmnist_color/slice_1,4,1,30,30,0,0.0,0.6423,0.6373,0.0050000000000000044,0.006899999999999962,0.004616666666666491,0.000500000000000056,0.0,0.0010000000000000009,1,1,results/pending_runs/derm_cripple/color/L30_G30/tralo/seed_1,results/pending_runs/derm_cripple/color/L30_G30/fioretto_ldf/seed_1
derm_cripple,dermmnist,MobileNetV3,L30_G30,data/dermmnist_color/slice_1,4,2,30,30,0,0.0,0.6243,0.6318,-0.007500000000000062,-0.006900000000000017,-0.007533333333333392,0.0045000000000000595,-15.0,-0.013600000000000001,1,1,results/pending_runs/derm_cripple/color/L30_G30/tralo/seed_2,results/pending_runs/derm_cripple/color/L30_G30/fioretto_ldf/seed_2
derm_cripple,dermmnist,MobileNetV3,L50_G50,data/dermmnist_color/slice_1,4,1,50,50,0,0.0,0.6736,0.6741,-0.000500000000000056,-0.006000000000000005,0.00039999999999995595,-0.0015000000000000568,-11.0,0.006099999999999994,1,1,results/pending_runs/derm_cripple/color/L50_G50/tralo/seed_1,results/pending_runs/derm_cripple/color/L50_G50/fioretto_ldf/seed_1
derm_cripple,dermmnist,MobileNetV3,L50_G50,data/dermmnist_color/slice_1,4,2,50,50,0,0.0,0.6464,0.6542,-0.007800000000000029,-0.006000000000000005,-0.008050000000000113,-0.0004999999999999449,-3.0,0.0005999999999999894,1,1,results/pending_runs/derm_cripple/color/L50_G50/tralo/seed_2,results/pending_runs/derm_cripple/color/L50_G50/fioretto_ldf/seed_2
derm_cripple,dermmnist,MobileNetV3,L20_G20,data/dermmnist_blur/slice_1,4,1,20,20,0,0.0,0.6517,0.6525,-0.0008000000000000229,0.007500000000000007,-0.0022333333333333094,0.0020000000000000018,-3.0,-0.002599999999999991,1,1,results/pending_runs/derm_cripple/blur/L20_G20/tralo/seed_1,results/pending_runs/derm_cripple/blur/L20_G20/fioretto_ldf/seed_1
derm_cripple,dermmnist,MobileNetV3,L20_G20,data/dermmnist_blur/slice_1,4,2,20,20,0,0.0,0.652,0.6492,0.0028000000000000247,0.0,0.0032000000000000917,-0.0004999999999999449,-10.0,-0.0040000000000000036,1,1,results/pending_runs/derm_cripple/blur/L20_G20/tralo/seed_2,results/pending_runs/derm_cripple/blur/L20_G20/fioretto_ldf/seed_2
derm_cripple,dermmnist,MobileNetV3,L30_G30,data/dermmnist_blur/slice_1,4,1,30,30,0,0.0,0.6642,0.6816,-0.01739999999999997,-0.013799999999999979,-0.01801666666666668,-0.006000000000000005,-13.0,0.0039000000000000146,1,1,results/pending_runs/derm_cripple/blur/L30_G30/tralo/seed_1,results/pending_runs/derm_cripple/blur/L30_G30/fioretto_ldf/seed_1
derm_cripple,dermmnist,MobileNetV3,L30_G30,data/dermmnist_blur/slice_1,4,2,30,30,0,0.0,0.673,0.6724,0.0006000000000000449,0.0,0.0006999999999999229,0.0010000000000000009,-7.0,0.0,1,1,results/pending_runs/derm_cripple/blur/L30_G30/tralo/seed_2,results/pending_runs/derm_cripple/blur/L30_G30/fioretto_ldf/seed_2
derm_cripple,dermmnist,MobileNetV3,L50_G50,data/dermmnist_blur/slice_1,4,1,50,50,0,0.0,0.6919,0.6976,-0.005700000000000038,0.02400000000000002,-0.010666666666666602,0.0,-19.0,0.0020000000000000018,1,1,results/pending_runs/derm_cripple/blur/L50_G50/tralo/seed_1,results/pending_runs/derm_cripple/blur/L50_G50/fioretto_ldf/seed_1
derm_cripple,dermmnist,MobileNetV3,L50_G50,data/dermmnist_blur/slice_1,4,2,50,50,0,0.0,0.7042,0.7042,0.0,0.0,-3.333333333355171e-05,0.0004999999999999449,-2.0,-0.0008999999999999841,1,1,results/pending_runs/derm_cripple/blur/L50_G50/tralo/seed_2,results/pending_runs/derm_cripple/blur/L50_G50/fioretto_ldf/seed_2
aider_cripple,aider,MobileNetV3,L30_G30,data/aider/slice_1,0,1,30,30,0,0.0,0.651,0.6418,0.009199999999999986,0.015000000000000013,0.007233333333333203,0.0041999999999999815,-1.0,-0.002799999999999997,1,1,results/pending_runs/aider_cripple/C2_no_pre/tralo/seed_1,results/pending_runs/aider_cripple/C2_no_pre/fioretto_ldf/seed_1
aider_cripple,aider,MobileNetV3,L30_G30,data/aider/slice_1,0,2,30,30,0,0.0,0.6018,0.6053,-0.0034999999999999476,0.015100000000000002,-0.00973333333333326,-0.0033999999999999586,-4.0,0.0012999999999999956,1,1,results/pending_runs/aider_cripple/C2_no_pre/tralo/seed_2,results/pending_runs/aider_cripple/C2_no_pre/fioretto_ldf/seed_2
aider_cripple,aider,MobileNetV3,L30_G30,data/aider_noisy15/slice_1,0,1,30,30,0,0.0,0.8008,0.7941,0.006699999999999928,0.0,0.00886666666666669,0.0051000000000001044,-6.0,-0.0102,1,1,results/pending_runs/aider_cripple/C1_noisy15/tralo/seed_1,results/pending_runs/aider_cripple/C1_noisy15/fioretto_ldf/seed_1
aider_cripple,aider,MobileNetV3,L30_G30,data/aider_noisy15/slice_1,0,2,30,30,0,0.0,0.7988,0.8004,-0.0016000000000000458,0.0,-0.0020999999999999908,0.0009000000000000119,-9.0,-0.01200000000000001,1,1,results/pending_runs/aider_cripple/C1_noisy15/tralo/seed_2,results/pending_runs/aider_cripple/C1_noisy15/fioretto_ldf/seed_2
aider_cripple,aider,MobileNetV3,L30_G30,data/aider_noisy30/slice_1,0,1,30,30,0,0.0,0.7411,0.7438,-0.0027000000000000357,-0.015100000000000002,0.0012999999999999678,0.0017000000000000348,-5.0,0.0013999999999999985,1,1,results/pending_runs/aider_cripple/C3_noisy30/tralo/seed_1,results/pending_runs/aider_cripple/C3_noisy30/fioretto_ldf/seed_1
aider_cripple,aider,MobileNetV3,L30_G30,data/aider_noisy30/slice_1,0,2,30,30,0,0.0,0.716,0.7178,-0.0018000000000000238,0.0,-0.0024333333333332874,-0.0017000000000000348,-5.0,-0.003799999999999998,1,1,results/pending_runs/aider_cripple/C3_noisy30/tralo/seed_2,results/pending_runs/aider_cripple/C3_noisy30/fioretto_ldf/seed_2
derm_backbone_weak,dermmnist,ShuffleNetV2,L20_G20,data/dermmnist/slice_1,4,1,20,20,0,0.0,0.6412,0.6342,0.007000000000000006,0.0,0.00818333333333332,0.0030000000000000027,-5.0,-0.004599999999999993,1,1,results/pending_runs/derm_backbone_weak/shuffle/L20_G20/tralo/seed_1,results/pending_runs/derm_backbone_weak/shuffle/L20_G20/fioretto_ldf/seed_1
derm_backbone_weak,dermmnist,ShuffleNetV2,L20_G20,data/dermmnist/slice_1,4,2,20,20,0,0.0,0.6347,0.6308,0.0039000000000000146,0.0,0.0045999999999999375,-0.0010000000000000009,-2.0,0.0020000000000000018,1,1,results/pending_runs/derm_backbone_weak/shuffle/L20_G20/tralo/seed_2,results/pending_runs/derm_backbone_weak/shuffle/L20_G20/fioretto_ldf/seed_2
derm_backbone_weak,dermmnist,ShuffleNetV2,L30_G30,data/dermmnist/slice_1,4,1,30,30,0,0.0,0.6642,0.6632,0.0010000000000000009,0.0,0.0010999999999998789,-0.0010000000000000009,-7.0,-0.0024000000000000132,1,1,results/pending_runs/derm_backbone_weak/shuffle/L30_G30/tralo/seed_1,results/pending_runs/derm_backbone_weak/shuffle/L30_G30/fioretto_ldf/seed_1
derm_backbone_weak,dermmnist,ShuffleNetV2,L30_G30,data/dermmnist/slice_1,4,2,30,30,0,0.0,0.6506,0.65,0.0005999999999999339,0.0,0.0006333333333331526,-0.0010000000000000009,-6.0,-0.001899999999999985,1,1,results/pending_runs/derm_backbone_weak/shuffle/L30_G30/tralo/seed_2,results/pending_runs/derm_backbone_weak/shuffle/L30_G30/fioretto_ldf/seed_2
derm_backbone_weak,dermmnist,ShuffleNetV2,L50_G50,data/dermmnist/slice_1,4,1,50,50,0,0.0,0.6754,0.6892,-0.013800000000000034,0.006000000000000005,-0.017100000000000004,-0.0030000000000000027,-4.0,0.006099999999999994,1,1,results/pending_runs/derm_backbone_weak/shuffle/L50_G50/tralo/seed_1,results/pending_runs/derm_backbone_weak/shuffle/L50_G50/fioretto_ldf/seed_1
derm_backbone_weak,dermmnist,ShuffleNetV2,L50_G50,data/dermmnist/slice_1,4,2,50,50,0,0.0,0.6664,0.6686,-0.0021999999999999797,-0.006000000000000005,-0.0016333333333332645,-0.0050000000000000044,-15.0,0.0029000000000000137,1,1,results/pending_runs/derm_backbone_weak/shuffle/L50_G50/tralo/seed_2,results/pending_runs/derm_backbone_weak/shuffle/L50_G50/fioretto_ldf/seed_2
derm_backbone_weak,dermmnist,MobileNetV3,L20_G20,data/dermmnist/slice_1,4,1,20,20,0,0.0,0.3783,0.3959,-0.01759999999999995,0.007500000000000007,-0.021733333333333216,-0.0010000000000000009,-8.0,0.0025000000000000022,1,1,results/pending_runs/derm_backbone_weak/mnv3_cold/L20_G20/tralo/seed_1,results/pending_runs/derm_backbone_weak/mnv3_cold/L20_G20/fioretto_ldf/seed_1
derm_backbone_weak,dermmnist,MobileNetV3,L20_G20,data/dermmnist/slice_1,4,2,20,20,0,0.0,0.3645,0.352,0.012500000000000011,0.0,0.014566666666666617,0.0050000000000000044,-3.0,-0.008099999999999996,1,1,results/pending_runs/derm_backbone_weak/mnv3_cold/L20_G20/tralo/seed_2,results/pending_runs/derm_backbone_weak/mnv3_cold/L20_G20/fioretto_ldf/seed_2
derm_backbone_weak,dermmnist,MobileNetV3,L30_G30,data/dermmnist/slice_1,4,1,30,30,0,0.0,0.4117,0.4106,0.0010999999999999899,0.0,0.0013166666666666327,-0.0010000000000000009,-10.0,0.002600000000000019,1,1,results/pending_runs/derm_backbone_weak/mnv3_cold/L30_G30/tralo/seed_1,results/pending_runs/derm_backbone_weak/mnv3_cold/L30_G30/fioretto_ldf/seed_1
derm_backbone_weak,dermmnist,MobileNetV3,L30_G30,data/dermmnist/slice_1,4,2,30,30,0,0.0,0.3654,0.3638,0.0015999999999999903,-0.020699999999999996,0.00539999999999996,-0.0010000000000000009,-10.0,-0.004200000000000009,1,1,results/pending_runs/derm_backbone_weak/mnv3_cold/L30_G30/tralo/seed_2,results/pending_runs/derm_backbone_weak/mnv3_cold/L30_G30/fioretto_ldf/seed_2
derm_backbone_weak,dermmnist,MobileNetV3,L50_G50,data/dermmnist/slice_1,4,1,50,50,0,0.0,0.4169,0.4315,-0.014600000000000002,-0.01789999999999997,-0.013983333333333292,-0.008399999999999963,-25.0,0.006599999999999995,1,1,results/pending_runs/derm_backbone_weak/mnv3_cold/L50_G50/tralo/seed_1,results/pending_runs/derm_backbone_weak/mnv3_cold/L50_G50/fioretto_ldf/seed_1
derm_backbone_weak,dermmnist,MobileNetV3,L50_G50,data/dermmnist/slice_1,4,2,50,50,0,0.0,0.3806,0.367,0.013600000000000001,-0.006000000000000005,0.016849999999999976,0.0010000000000000009,-14.0,-0.005500000000000005,1,1,results/pending_runs/derm_backbone_weak/mnv3_cold/L50_G50/tralo/seed_2,results/pending_runs/derm_backbone_weak/mnv3_cold/L50_G50/fioretto_ldf/seed_2
warmup_confirm,dermmnist,MobileNetV3,L50_G50,data/dermmnist/slice_1,4,4,50,50,0,0.0,0.7083,0.695,0.01330000000000009,0.0,0.015550000000000064,0.005499999999999949,-3.0,-0.00789999999999999,1,1,results/pending_runs/warmup_confirm/MobileNetV3/w3/tralo/seed_4,results/pending_runs/warmup_confirm/MobileNetV3/w3/fioretto_ldf/seed_4
warmup_confirm,dermmnist,MobileNetV3,L50_G50,data/dermmnist/slice_1,4,3,50,50,0,0.0,0.6913,0.6967,-0.00539999999999996,0.017900000000000027,-0.009266666666666645,-0.0030000000000000027,-16.0,0.0016000000000000042,1,1,results/pending_runs/warmup_confirm/MobileNetV3/w3/tralo/seed_3,results/pending_runs/warmup_confirm/MobileNetV3/w3/fioretto_ldf/seed_3
warmup_probe,dermmnist,MobileNetV3,L50_G50,data/dermmnist/slice_1,4,1,50,50,0,0.0,0.1637,0.1629,0.0008000000000000229,0.006000000000000005,-6.666666666665932e-05,0.0,0.0,0.0046,1,1,results/pending_runs/warmup_probe/dermmnist/MobileNetV3/w0/tralo/seed_1,results/pending_runs/warmup_probe/dermmnist/MobileNetV3/w0/fioretto_ldf/seed_1
warmup_probe,dermmnist,MobileNetV3,L50_G50,data/dermmnist/slice_1,4,2,50,50,0,0.0,0.1821,0.1789,0.0032000000000000084,0.0,0.0037500000000000033,0.0010000000000000009,1.0,0.0034000000000000002,1,1,results/pending_runs/warmup_probe/dermmnist/MobileNetV3/w0/tralo/seed_2,results/pending_runs/warmup_probe/dermmnist/MobileNetV3/w0/fioretto_ldf/seed_2
lr_hp_smoke,dermmnist,MobileNetV3,L30_G30,data/dermmnist_sigma20/slice_1,4,1,30,30,0,0.2,0.4756,0.4755,0.0001000000000000445,0.006900000000000017,-0.0010000000000000009,0.0024999999999999467,-6.0,-0.004200000000000009,1,1,results/pending_runs/lr_hp_smoke/lr_sweep/dermmnist/lr0050/tralo/seed_1,results/pending_runs/lr_hp_smoke/lr_sweep/dermmnist/lr0050/fioretto_ldf/seed_1
lr_hp_smoke,dermmnist,MobileNetV3,L30_G30,data/dermmnist_sigma20/slice_1,4,2,30,30,0,0.2,0.5005,0.4842,0.016299999999999926,0.027599999999999986,0.014416666666666744,0.00649999999999995,-17.0,-0.005699999999999983,1,1,results/pending_runs/lr_hp_smoke/lr_sweep/dermmnist/lr0050/tralo/seed_2,results/pending_runs/lr_hp_smoke/lr_sweep/dermmnist/lr0050/fioretto_ldf/seed_2
lr_hp_smoke,aider,MobileNetV3,L30_G30,data/aider_sigma20/slice_1,0,1,30,30,0,0.2,0.7752,0.7717,0.0034999999999999476,0.0,0.004566666666666608,0.0016999999999999238,-3.0,-0.0039000000000000007,1,1,results/pending_runs/lr_hp_smoke/lr_sweep/aider/lr0050/tralo/seed_1,results/pending_runs/lr_hp_smoke/lr_sweep/aider/lr0050/fioretto_ldf/seed_1
lr_hp_smoke,aider,MobileNetV3,L30_G30,data/aider_sigma20/slice_1,0,2,30,30,0,0.2,0.7618,0.7619,-9.999999999998899e-05,0.0,-3.3333333333440684e-05,0.0024999999999999467,-4.0,-0.004299999999999998,1,1,results/pending_runs/lr_hp_smoke/lr_sweep/aider/lr0050/tralo/seed_2,results/pending_runs/lr_hp_smoke/lr_sweep/aider/lr0050/fioretto_ldf/seed_2
lr_hp_smoke,tissuemnist,MobileNetV3,L30_G30,data/tissuemnist_sigma20/slice_1,4,1,30,30,0,0.2,0.307,0.3173,-0.010300000000000031,0.0,-0.011771428571428488,-0.021600000000000008,-5.0,0.02689999999999998,1,1,results/pending_runs/lr_hp_smoke/lr_sweep/tissuemnist/lr0050/tralo/seed_1,results/pending_runs/lr_hp_smoke/lr_sweep/tissuemnist/lr0050/fioretto_ldf/seed_1
lr_hp_smoke,tissuemnist,MobileNetV3,L30_G30,data/tissuemnist_sigma20/slice_1,4,2,30,30,0,0.2,0.3463,0.345,0.0013000000000000234,0.0,0.0015000000000000568,0.009200000000000041,-2.0,-0.0019000000000000128,1,1,results/pending_runs/lr_hp_smoke/lr_sweep/tissuemnist/lr0050/tralo/seed_2,results/pending_runs/lr_hp_smoke/lr_sweep/tissuemnist/lr0050/fioretto_ldf/seed_2
model_search,aider,MobileNetV3,L50_G50,data/aider/slice_1,0,1,50,50,0,0.0,0.876,0.87,0.006000000000000005,0.0,0.007966666666666788,0.0034000000000000696,-3.0,-0.006199999999999997,1,1,results/pending_runs/model_search/MobileNetV3/smoke/aider/tralo/seed_1,results/pending_runs/model_search/MobileNetV3/smoke/aider/fioretto_ldf/seed_1
model_search,dermmnist,MobileNetV3,L50_G50,data/dermmnist/slice_1,4,1,50,50,0,0.0,0.7374,0.7246,0.012800000000000034,0.018000000000000016,0.011950000000000016,0.006500000000000061,-10.0,-0.0030000000000000027,1,0,results/pending_runs/model_search/MobileNetV3/smoke/dermmnist/tralo/seed_1,results/pending_runs/model_search/MobileNetV3/smoke/dermmnist/fioretto_ldf/seed_1
model_search,aider,MobileNetV2,L50_G50,data/aider/slice_1,0,1,50,50,0,0.0,0.8709,0.8646,0.006299999999999972,0.0,0.008366666666666633,0.0034000000000000696,-5.0,-0.006900000000000003,1,1,results/pending_runs/model_search/MobileNetV2/smoke/aider/tralo/seed_1,results/pending_runs/model_search/MobileNetV2/smoke/aider/fioretto_ldf/seed_1
model_search,dermmnist,MobileNetV2,L50_G50,data/dermmnist/slice_1,4,1,50,50,0,0.0,0.6845,0.638,0.046499999999999986,0.023899999999999977,0.05023333333333335,0.013399999999999967,41.0,-0.024800000000000003,0,1,results/pending_runs/model_search/MobileNetV2/probe,results/pending_runs/model_search/MobileNetV2/smoke/dermmnist/fioretto_ldf/seed_1
model_search,tissuemnist,MobileNetV2,L50_G50,data/tissuemnist/slice_1,4,1,50,50,0,0.0,0.2915,0.2915,0.0,0.0,0.0,0.0,0.0,0.0,0,0,results/pending_runs/model_search/MobileNetV2/smoke/tissuemnist/tralo/seed_1,results/pending_runs/model_search/MobileNetV2/smoke/tissuemnist/fioretto_ldf/seed_1
model_search,aider,ShuffleNetV2,L50_G50,data/aider/slice_1,0,1,50,50,0,0.0,0.8628,0.8621,0.0007000000000000339,0.0,0.0010666666666665492,0.0008000000000000229,4.0,-0.0045000000000000005,0,0,results/pending_runs/model_search/ShuffleNetV2/smoke/aider/tralo/seed_1,results/pending_runs/model_search/ShuffleNetV2/smoke/aider/fioretto_ldf/seed_1
model_search,dermmnist,ShuffleNetV2,L50_G50,data/dermmnist/slice_1,4,1,50,50,0,0.0,0.3737,0.3121,0.06159999999999999,0.029899999999999982,0.06688333333333335,0.03200000000000003,-6.0,-0.004299999999999998,0,0,results/pending_runs/model_search/ShuffleNetV2/probe,results/pending_runs/model_search/ShuffleNetV2/smoke/dermmnist/fioretto_ldf/seed_1
model_search,tissuemnist,ShuffleNetV2,L50_G50,data/tissuemnist/slice_1,4,1,50,50,0,0.0,0.2859,0.2893,-0.003400000000000014,-0.007800000000000001,-0.0027714285714285913,-0.0020999999999999908,0.0,-0.0010999999999999968,1,1,results/pending_runs/model_search/ShuffleNetV2/smoke/tissuemnist/tralo/seed_1,results/pending_runs/model_search/ShuffleNetV2/smoke/tissuemnist/fioretto_ldf/seed_1
model_search,aider,RegNetY400MF,L50_G50,data/aider/slice_1,0,1,50,50,0,0.0,0.865,0.8606,0.0043999999999999595,0.0,0.005800000000000138,0.0034000000000000696,-10.0,-0.0098,1,1,results/pending_runs/model_search/RegNetY400MF/smoke/aider/tralo/seed_1,results/pending_runs/model_search/RegNetY400MF/smoke/aider/fioretto_ldf/seed_1
model_search,dermmnist,RegNetY400MF,L50_G50,data/dermmnist/slice_1,4,1,50,50,0,0.0,0.7091,0.6719,0.0371999999999999,0.03590000000000004,0.03746666666666665,0.01539999999999997,66.0,-0.011700000000000002,0,1,results/pending_runs/model_search/RegNetY400MF/probe/dermmnist,results/pending_runs/model_search/RegNetY400MF/smoke/dermmnist/fioretto_ldf/seed_1
paperv2_phase1,aider,MobileNetV3,L20_G20,data/aider/slice_1,0,4,20,20,0,0.0,0.8052,0.8034,0.0018000000000000238,0.0,0.0023333333333335204,0.0016999999999999238,-7.0,-0.005099999999999993,1,1,results/pending_runs/paperv2_phase1/aider/L20_G20/tralo/seed_4,results/pending_runs/paperv2_phase1/aider/L20_G20/fioretto_ldf/seed_4
paperv2_phase1,aider,MobileNetV3,L20_G20,data/aider/slice_1,0,3,20,20,0,0.0,0.7995,0.7982,0.0012999999999999678,0.0,0.0018666666666667941,0.0008000000000000229,-3.0,-0.003700000000000009,1,1,results/pending_runs/paperv2_phase1/aider/L20_G20/tralo/seed_3,results/pending_runs/paperv2_phase1/aider/L20_G20/fioretto_ldf/seed_3
paperv2_phase1,aider,MobileNetV3,L20_G20,data/aider/slice_1,0,1,20,20,0,0.0,0.7818,0.7789,0.0029000000000000137,0.0,0.003866666666666685,0.0017000000000000348,-3.0,-0.004699999999999996,1,1,results/pending_runs/paperv2_phase1/aider/L20_G20/tralo/seed_1,results/pending_runs/paperv2_phase1/aider/L20_G20/fioretto_ldf/seed_1
paperv2_phase1,aider,MobileNetV3,L20_G20,data/aider/slice_1,0,2,20,20,0,0.0,0.7849,0.7834,0.0015000000000000568,0.0,0.001966666666666672,0.0009000000000000119,-8.0,-0.00520000000000001,1,1,results/pending_runs/paperv2_phase1/aider/L20_G20/tralo/seed_2,results/pending_runs/paperv2_phase1/aider/L20_G20/fioretto_ldf/seed_2
paperv2_phase1,aider,MobileNetV3,L70_G70,data/aider/slice_1,0,4,70,70,0,0.0,0.9363,0.9349,0.0014000000000000679,0.0,0.0018333333333333535,0.0008000000000000229,-2.0,0.0003999999999999976,1,1,results/pending_runs/paperv2_phase1/aider/L70_G70/tralo/seed_4,results/pending_runs/paperv2_phase1/aider/L70_G70/fioretto_ldf/seed_4
paperv2_phase1,aider,MobileNetV3,L70_G70,data/aider/slice_1,0,3,70,70,0,0.0,0.9362,0.9348,0.0014000000000000679,0.0,0.0018666666666667941,0.0008000000000000229,-1.0,-0.0028000000000000004,1,1,results/pending_runs/paperv2_phase1/aider/L70_G70/tralo/seed_3,results/pending_runs/paperv2_phase1/aider/L70_G70/fioretto_ldf/seed_3
paperv2_phase1,aider,MobileNetV3,L70_G70,data/aider/slice_1,0,1,70,70,0,0.0,0.9292,0.9249,0.0042999999999999705,0.0,0.005799999999999916,0.0025000000000000577,-3.0,0.000900000000000005,1,1,results/pending_runs/paperv2_phase1/aider/L70_G70/tralo/seed_1,results/pending_runs/paperv2_phase1/aider/L70_G70/fioretto_ldf/seed_1
paperv2_phase1,aider,MobileNetV3,L70_G70,data/aider/slice_1,0,2,70,70,0,0.0,0.9261,0.9261,0.0,0.0,0.0,0.0,-1.0,-0.0017000000000000001,1,1,results/pending_runs/paperv2_phase1/aider/L70_G70/tralo/seed_2,results/pending_runs/paperv2_phase1/aider/L70_G70/fioretto_ldf/seed_2
paperv2_phase1,aider,MobileNetV3,L30_G30,data/aider/slice_1,0,4,30,30,0,0.0,0.8395,0.8408,-0.0012999999999999678,0.0,-0.0017666666666666941,-0.0008000000000000229,-8.0,-0.002799999999999997,1,1,results/pending_runs/paperv2_phase1/aider/L30_G30/tralo/seed_4,results/pending_runs/paperv2_phase1/aider/L30_G30/fioretto_ldf/seed_4
paperv2_phase1,aider,MobileNetV3,L30_G30,data/aider/slice_1,0,3,30,30,0,0.0,0.8373,0.8355,0.0018000000000000238,0.0,0.0023999999999999577,0.0017000000000000348,-3.0,-0.003500000000000003,1,1,results/pending_runs/paperv2_phase1/aider/L30_G30/tralo/seed_3,results/pending_runs/paperv2_phase1/aider/L30_G30/fioretto_ldf/seed_3
paperv2_phase1,aider,MobileNetV3,L30_G30,data/aider/slice_1,0,2,30,30,0,0.0,0.8271,0.8257,0.0013999999999999568,0.0,0.00196666666666645,0.0008000000000000229,-4.0,-0.0034000000000000002,1,1,results/pending_runs/paperv2_phase1/aider/L30_G30/tralo/seed_2,results/pending_runs/paperv2_phase1/aider/L30_G30/fioretto_ldf/seed_2
paperv2_phase1,aider,MobileNetV3,L50_G50,data/aider/slice_1,0,4,50,50,0,0.0,0.8915,0.8925,-0.0010000000000000009,0.0,-0.0012666666666665272,0.0,-12.0,-0.007100000000000002,1,1,results/pending_runs/paperv2_phase1/aider/L50_G50/tralo/seed_4,results/pending_runs/paperv2_phase1/aider/L50_G50/fioretto_ldf/seed_4
paperv2_phase1,aider,MobileNetV3,L50_G50,data/aider/slice_1,0,3,50,50,0,0.0,0.8887,0.8887,0.0,0.0,0.0,0.0,-12.0,-0.005600000000000001,1,1,results/pending_runs/paperv2_phase1/aider/L50_G50/tralo/seed_3,results/pending_runs/paperv2_phase1/aider/L50_G50/fioretto_ldf/seed_3
paperv2_phase1,aider,MobileNetV3,L50_G50,data/aider/slice_1,0,1,50,50,0,0.0,0.8811,0.8797,0.0013999999999999568,0.0,0.0018666666666666831,0.0009000000000000119,-5.0,-0.004400000000000001,1,1,results/pending_runs/paperv2_phase1/aider/L50_G50/tralo/seed_1,results/pending_runs/paperv2_phase1/aider/L50_G50/fioretto_ldf/seed_1
paperv2_phase1,aider,MobileNetV3,L50_G50,data/aider/slice_1,0,2,50,50,0,0.0,0.8855,0.8813,0.0041999999999999815,0.0,0.005700000000000038,0.0024999999999999467,-6.0,-0.0051,1,1,results/pending_runs/paperv2_phase1/aider/L50_G50/tralo/seed_2,results/pending_runs/paperv2_phase1/aider/L50_G50/fioretto_ldf/seed_2
paperv2_phase1,aider,MobileNetV3,L80_G80,data/aider/slice_1,0,4,80,80,0,0.0,0.9568,0.9564,0.00039999999999995595,0.0,0.00039999999999995595,0.0008000000000000229,-4.0,-0.0010000000000000009,1,1,results/pending_runs/paperv2_phase1/aider/L80_G80/tralo/seed_4,results/pending_runs/paperv2_phase1/aider/L80_G80/fioretto_ldf/seed_4
paperv2_phase1,aider,MobileNetV3,L80_G80,data/aider/slice_1,0,3,80,80,0,0.0,0.957,0.9567,0.00029999999999996696,0.0,0.0004333333333332856,0.0009000000000000119,-3.0,-0.0011000000000000003,1,1,results/pending_runs/paperv2_phase1/aider/L80_G80/tralo/seed_3,results/pending_runs/paperv2_phase1/aider/L80_G80/fioretto_ldf/seed_3
paperv2_phase1,aider,MobileNetV3,L80_G80,data/aider/slice_1,0,1,80,80,0,0.0,0.9498,0.9494,0.00039999999999995595,0.0,0.0005333333333334966,0.0008000000000000229,-5.0,-0.0015000000000000013,1,1,results/pending_runs/paperv2_phase1/aider/L80_G80/tralo/seed_1,results/pending_runs/paperv2_phase1/aider/L80_G80/fioretto_ldf/seed_1
paperv2_phase1,aider,MobileNetV3,L80_G80,data/aider/slice_1,0,2,80,80,0,0.0,0.9497,0.9497,0.0,0.0,0.0,0.0,-7.0,-0.0026000000000000016,1,1,results/pending_runs/paperv2_phase1/aider/L80_G80/tralo/seed_2,results/pending_runs/paperv2_phase1/aider/L80_G80/fioretto_ldf/seed_2
paperv2_phase1,dermmnist,MobileNetV3,L20_G20,data/dermmnist/slice_1,4,4,20,20,0,0.0,0.708,0.6974,0.010599999999999943,0.007500000000000007,0.011183333333333212,0.013499999999999956,-15.0,-0.0262,1,1,results/pending_runs/paperv2_phase1/dermmnist/L20_G20/tralo/seed_4,results/pending_runs/paperv2_phase1/dermmnist/L20_G20/fioretto_ldf/seed_4
paperv2_phase1,dermmnist,MobileNetV3,L20_G20,data/dermmnist/slice_1,4,3,20,20,0,0.0,0.7218,0.7216,0.00019999999999997797,-0.007400000000000018,0.0014666666666667272,-0.0010000000000000009,-17.0,-0.0040999999999999925,1,1,results/pending_runs/paperv2_phase1/dermmnist/L20_G20/tralo/seed_3,results/pending_runs/paperv2_phase1/dermmnist/L20_G20/fioretto_ldf/seed_3
paperv2_phase1,dermmnist,MobileNetV3,L20_G20,data/dermmnist/slice_1,4,1,20,20,0,0.0,0.6905,0.6899,0.0006000000000000449,0.0,0.0006499999999998174,0.0030000000000000027,-3.0,-0.002599999999999991,1,1,results/pending_runs/paperv2_phase1/dermmnist/L20_G20/tralo/seed_1,results/pending_runs/paperv2_phase1/dermmnist/L20_G20/fioretto_ldf/seed_1
paperv2_phase1,dermmnist,MobileNetV3,L20_G20,data/dermmnist/slice_1,4,2,20,20,0,0.0,0.7105,0.7107,-0.00019999999999997797,0.0,-0.0002666666666666373,-0.000500000000000056,-6.0,-0.001799999999999996,1,1,results/pending_runs/paperv2_phase1/dermmnist/L20_G20/tralo/seed_2,results/pending_runs/paperv2_phase1/dermmnist/L20_G20/fioretto_ldf/seed_2
paperv2_phase1,dermmnist,MobileNetV3,L70_G70,data/dermmnist/slice_1,4,4,70,70,0,0.0,0.7938,0.791,0.0027999999999999137,0.010499999999999954,0.0015166666666667217,0.0024999999999999467,-7.0,-0.0023999999999999994,1,1,results/pending_runs/paperv2_phase1/dermmnist/L70_G70/tralo/seed_4,results/pending_runs/paperv2_phase1/dermmnist/L70_G70/fioretto_ldf/seed_4
paperv2_phase1,dermmnist,MobileNetV3,L70_G70,data/dermmnist/slice_1,4,3,70,70,0,0.0,0.7916,0.7921,-0.000500000000000056,0.0,-0.0005500000000000504,-0.000500000000000056,-2.0,-0.001799999999999996,1,1,results/pending_runs/paperv2_phase1/dermmnist/L70_G70/tralo/seed_3,results/pending_runs/paperv2_phase1/dermmnist/L70_G70/fioretto_ldf/seed_3
paperv2_phase1,dermmnist,MobileNetV3,L70_G70,data/dermmnist/slice_1,4,1,70,70,0,0.0,0.7854,0.7826,0.0028000000000000247,0.010499999999999954,0.00158333333333327,0.0014999999999999458,-5.0,0.0009000000000000119,1,1,results/pending_runs/paperv2_phase1/dermmnist/L70_G70/tralo/seed_1,results/pending_runs/paperv2_phase1/dermmnist/L70_G70/fioretto_ldf/seed_1
paperv2_phase1,dermmnist,MobileNetV3,L70_G70,data/dermmnist/slice_1,4,2,70,70,0,0.0,0.7829,0.7837,-0.0007999999999999119,0.0,-0.001000000000000112,0.0004999999999999449,-17.0,-0.0016000000000000042,1,1,results/pending_runs/paperv2_phase1/dermmnist/L70_G70/tralo/seed_2,results/pending_runs/paperv2_phase1/dermmnist/L70_G70/fioretto_ldf/seed_2
paperv2_phase1,dermmnist,MobileNetV3,L30_G30,data/dermmnist/slice_1,4,4,30,30,0,0.0,0.7281,0.7409,-0.012800000000000034,0.0,-0.015000000000000013,-0.0010000000000000009,-11.0,-0.002899999999999986,1,1,results/pending_runs/paperv2_phase1/dermmnist/L30_G30/tralo/seed_4,results/pending_runs/paperv2_phase1/dermmnist/L30_G30/fioretto_ldf/seed_4
paperv2_phase1,dermmnist,MobileNetV3,L30_G30,data/dermmnist/slice_1,4,3,30,30,0,0.0,0.7333,0.7374,-0.0041000000000001036,-0.006900000000000017,-0.0036333333333332662,-0.0030000000000000027,1.0,0.004100000000000006,1,0,results/pending_runs/paperv2_phase1/dermmnist/L30_G30/tralo/seed_3,results/pending_runs/paperv2_phase1/dermmnist/L30_G30/fioretto_ldf/seed_3
paperv2_phase1,dermmnist,MobileNetV3,L30_G30,data/dermmnist/slice_1,4,1,30,30,0,0.0,0.7217,0.7152,0.006500000000000061,0.0,0.007633333333333492,0.00550000000000006,-12.0,-0.008300000000000002,1,1,results/pending_runs/paperv2_phase1/dermmnist/L30_G30/tralo/seed_1,results/pending_runs/paperv2_phase1/dermmnist/L30_G30/fioretto_ldf/seed_1
paperv2_phase1,dermmnist,MobileNetV3,L30_G30,data/dermmnist/slice_1,4,2,30,30,0,0.0,0.7372,0.7285,0.00869999999999993,0.006900000000000017,0.009033333333333449,0.0030000000000000027,10.0,0.0030000000000000027,1,0,results/pending_runs/paperv2_phase1/dermmnist/L30_G30/tralo/seed_2,results/pending_runs/paperv2_phase1/dermmnist/L30_G30/fioretto_ldf/seed_2
paperv2_phase1,dermmnist,MobileNetV3,L50_G50,data/dermmnist/slice_1,4,4,50,50,0,0.0,0.7628,0.7652,-0.0023999999999999577,0.0,-0.00278333333333336,-0.0004999999999999449,-3.0,0.0010000000000000009,1,1,results/pending_runs/paperv2_phase1/dermmnist/L50_G50/tralo/seed_4,results/pending_runs/paperv2_phase1/dermmnist/L50_G50/fioretto_ldf/seed_4
paperv2_phase1,dermmnist,MobileNetV3,L50_G50,data/dermmnist/slice_1,4,3,50,50,0,0.0,0.7707,0.7776,-0.006899999999999906,-0.006000000000000005,-0.007050000000000112,-0.0024999999999999467,-4.0,0.0005000000000000004,1,1,results/pending_runs/paperv2_phase1/dermmnist/L50_G50/tralo/seed_3,results/pending_runs/paperv2_phase1/dermmnist/L50_G50/fioretto_ldf/seed_3
paperv2_phase1,dermmnist,MobileNetV3,L50_G50,data/dermmnist/slice_1,4,1,50,50,0,0.0,0.7649,0.7586,0.006299999999999972,0.0,0.007383333333333519,0.0030000000000000027,-5.0,-0.0013999999999999985,1,1,results/pending_runs/paperv2_phase1/dermmnist/L50_G50/tralo/seed_1,results/pending_runs/paperv2_phase1/dermmnist/L50_G50/fioretto_ldf/seed_1
paperv2_phase1,dermmnist,MobileNetV3,L50_G50,data/dermmnist/slice_1,4,2,50,50,0,0.0,0.7598,0.7562,0.0036000000000000476,-0.006000000000000005,0.005199999999999982,0.0,-11.0,0.0021000000000000046,1,0,results/pending_runs/paperv2_phase1/dermmnist/L50_G50/tralo/seed_2,results/pending_runs/paperv2_phase1/dermmnist/L50_G50/fioretto_ldf/seed_2
paperv2_phase1,dermmnist,MobileNetV3,L80_G80,data/dermmnist/slice_1,4,4,80,80,0,0.0,0.8015,0.7915,0.010000000000000009,0.015000000000000013,0.009183333333333321,0.0040000000000000036,-6.0,-0.0011000000000000038,1,1,results/pending_runs/paperv2_phase1/dermmnist/L80_G80/tralo/seed_4,results/pending_runs/paperv2_phase1/dermmnist/L80_G80/fioretto_ldf/seed_4
paperv2_phase1,dermmnist,MobileNetV3,L80_G80,data/dermmnist/slice_1,4,3,80,80,0,0.0,0.7908,0.7916,-0.0008000000000000229,0.0,-0.0009666666666666712,-0.0014999999999999458,-9.0,0.0,1,1,results/pending_runs/paperv2_phase1/dermmnist/L80_G80/tralo/seed_3,results/pending_runs/paperv2_phase1/dermmnist/L80_G80/fioretto_ldf/seed_3
paperv2_phase1,dermmnist,MobileNetV3,L80_G80,data/dermmnist/slice_1,4,1,80,80,0,0.0,0.7814,0.7877,-0.006299999999999972,-0.0050000000000000044,-0.006549999999999945,-0.0015000000000000568,-14.0,0.003600000000000006,1,1,results/pending_runs/paperv2_phase1/dermmnist/L80_G80/tralo/seed_1,results/pending_runs/paperv2_phase1/dermmnist/L80_G80/fioretto_ldf/seed_1
paperv2_phase1,dermmnist,MobileNetV3,L80_G80,data/dermmnist/slice_1,4,2,80,80,0,0.0,0.7829,0.7845,-0.0015999999999999348,0.0050000000000000044,-0.0027333333333333654,-0.0004999999999999449,-13.0,0.0029,1,1,results/pending_runs/paperv2_phase1/dermmnist/L80_G80/tralo/seed_2,results/pending_runs/paperv2_phase1/dermmnist/L80_G80/fioretto_ldf/seed_2
paperv2_phase1,tissuemnist,MobileNetV3,L70_G70,data/tissuemnist/slice_1,4,4,70,70,0,0.0,0.3868,0.3771,0.009699999999999986,0.02749999999999997,0.007185714285714295,0.00539999999999996,-20.0,-0.006700000000000039,1,1,results/pending_runs/paperv2_phase1/tissuemnist/L70_G70/tralo/seed_4,results/pending_runs/paperv2_phase1/tissuemnist/L70_G70/fioretto_ldf/seed_4
paperv2_phase1,tissuemnist,MobileNetV3,L70_G70,data/tissuemnist/slice_1,4,3,70,70,0,0.0,0.3565,0.356,0.0005000000000000004,0.0,0.0004999999999999449,-0.003300000000000025,-20.0,-0.0001000000000000445,1,1,results/pending_runs/paperv2_phase1/tissuemnist/L70_G70/tralo/seed_3,results/pending_runs/paperv2_phase1/tissuemnist/L70_G70/fioretto_ldf/seed_3
paperv2_phase1,tissuemnist,MobileNetV3,L70_G70,data/tissuemnist/slice_1,4,1,70,70,0,0.0,0.3734,0.375,-0.0015999999999999903,-0.006900000000000017,-0.0008571428571428896,0.0,-10.0,0.0,1,1,results/pending_runs/paperv2_phase1/tissuemnist/L70_G70/tralo/seed_1,results/pending_runs/paperv2_phase1/tissuemnist/L70_G70/fioretto_ldf/seed_1
paperv2_phase1,tissuemnist,MobileNetV3,L70_G70,data/tissuemnist/slice_1,4,2,70,70,0,0.0,0.4032,0.3907,0.012500000000000011,0.013799999999999979,0.012285714285714344,0.015000000000000013,-7.0,-0.01200000000000001,1,1,results/pending_runs/paperv2_phase1/tissuemnist/L70_G70/tralo/seed_2,results/pending_runs/paperv2_phase1/tissuemnist/L70_G70/fioretto_ldf/seed_2
paperv2_phase1,tissuemnist,MobileNetV3,L80_G80,data/tissuemnist/slice_1,4,4,80,80,0,0.0,0.3813,0.3787,0.002599999999999991,-0.006500000000000006,0.0038000000000000256,0.0020999999999999908,-14.0,-0.0050000000000000044,1,1,results/pending_runs/paperv2_phase1/tissuemnist/L80_G80/tralo/seed_4,results/pending_runs/paperv2_phase1/tissuemnist/L80_G80/fioretto_ldf/seed_4
paperv2_phase1,tissuemnist,MobileNetV3,L80_G80,data/tissuemnist/slice_1,4,3,80,80,0,0.0,0.3551,0.3568,-0.0016999999999999793,0.0,-0.0019428571428570796,-0.005799999999999972,-25.0,0.0030999999999999917,1,1,results/pending_runs/paperv2_phase1/tissuemnist/L80_G80/tralo/seed_3,results/pending_runs/paperv2_phase1/tissuemnist/L80_G80/fioretto_ldf/seed_3
paperv2_phase1,tissuemnist,MobileNetV3,L80_G80,data/tissuemnist/slice_1,4,1,80,80,0,0.0,0.377,0.3772,-0.00019999999999997797,-0.013000000000000012,0.001585714285714357,-0.0009000000000000119,-4.0,0.0,1,1,results/pending_runs/paperv2_phase1/tissuemnist/L80_G80/tralo/seed_1,results/pending_runs/paperv2_phase1/tissuemnist/L80_G80/fioretto_ldf/seed_1
paperv2_phase1,tissuemnist,MobileNetV3,L80_G80,data/tissuemnist/slice_1,4,2,80,80,0,0.0,0.3937,0.3955,-0.0018000000000000238,0.013000000000000012,-0.003928571428571337,0.011199999999999988,0.0,-0.0005999999999999894,1,1,results/pending_runs/paperv2_phase1/tissuemnist/L80_G80/tralo/seed_2,results/pending_runs/paperv2_phase1/tissuemnist/L80_G80/fioretto_ldf/seed_2
paperv2_phase2,dermmnist,MobileNetV3,L50_G20,data/dermmnist/slice_1,4,4,50,20,1,0.0,0.7158,0.7155,0.00029999999999996696,0.0126,-0.0018166666666665776,0.0014999999999999458,0.0,-0.0012999999999999956,1,1,results/pending_runs/paperv2_phase2/L50_G20/tralo/seed_4,results/pending_runs/paperv2_phase2/L50_G20/fioretto_ldf/seed_4
paperv2_phase2,dermmnist,MobileNetV3,L50_G20,data/dermmnist/slice_1,4,3,50,20,1,0.0,0.7164,0.717,-0.0005999999999999339,0.04459999999999997,-0.00821666666666665,0.0004999999999999449,0.0,0.0012000000000000066,1,1,results/pending_runs/paperv2_phase2/L50_G20/tralo/seed_3,results/pending_runs/paperv2_phase2/L50_G20/fioretto_ldf/seed_3
paperv2_phase2,dermmnist,MobileNetV3,L50_G20,data/dermmnist/slice_1,4,1,50,20,1,0.0,0.6878,0.697,-0.009199999999999986,0.0,-0.010816666666666697,0.0,0.0,0.001700000000000007,1,1,results/pending_runs/paperv2_phase2/L50_G20/tralo/seed_1,results/pending_runs/paperv2_phase2/L50_G20/fioretto_ldf/seed_1
paperv2_phase2,dermmnist,MobileNetV3,L50_G20,data/dermmnist/slice_1,4,2,50,20,1,0.0,0.6991,0.7081,-0.008999999999999897,0.0257,-0.01474999999999993,-0.0020000000000000018,0.0,0.005400000000000016,1,1,results/pending_runs/paperv2_phase2/L50_G20/tralo/seed_2,results/pending_runs/paperv2_phase2/L50_G20/fioretto_ldf/seed_2
paperv2_phase2,dermmnist,MobileNetV3,L80_G30,data/dermmnist/slice_1,4,4,80,30,1,0.0,0.7383,0.7377,0.0005999999999999339,0.0,0.0006499999999999284,0.0010000000000000009,-3.0,0.001600000000000018,1,0,results/pending_runs/paperv2_phase2/L80_G30/tralo/seed_4,results/pending_runs/paperv2_phase2/L80_G30/fioretto_ldf/seed_4
paperv2_phase2,dermmnist,MobileNetV3,L80_G30,data/dermmnist/slice_1,4,3,80,30,1,0.0,0.7361,0.7405,-0.0044000000000000705,-0.01100000000000001,-0.003266666666666751,-0.0030000000000000027,0.0,0.004400000000000015,1,1,results/pending_runs/paperv2_phase2/L80_G30/tralo/seed_3,results/pending_runs/paperv2_phase2/L80_G30/fioretto_ldf/seed_3
paperv2_phase2,dermmnist,MobileNetV3,L80_G30,data/dermmnist/slice_1,4,1,80,30,1,0.0,0.7051,0.7184,-0.01330000000000009,-0.015300000000000036,-0.012950000000000017,-0.0034999999999999476,0.0,0.007800000000000001,1,1,results/pending_runs/paperv2_phase2/L80_G30/tralo/seed_1,results/pending_runs/paperv2_phase2/L80_G30/fioretto_ldf/seed_1
paperv2_phase2,dermmnist,MobileNetV3,L80_G30,data/dermmnist/slice_1,4,2,80,30,1,0.0,0.7296,0.7304,-0.0008000000000000229,0.02100000000000002,-0.004483333333333395,0.0024999999999999467,0.0,-0.0012999999999999956,1,1,results/pending_runs/paperv2_phase2/L80_G30/tralo/seed_2,results/pending_runs/paperv2_phase2/L80_G30/fioretto_ldf/seed_2
paperv2_phase2,dermmnist,MobileNetV3,L20_G80,data/dermmnist/slice_1,4,4,20,80,1,0.0,0.7006,0.6971,0.0034999999999999476,0.0,0.0041000000000001036,0.013500000000000068,-18.0,-0.02310000000000001,1,1,results/pending_runs/paperv2_phase2/L20_G80/tralo/seed_4,results/pending_runs/paperv2_phase2/L20_G80/fioretto_ldf/seed_4
paperv2_phase2,dermmnist,MobileNetV3,L20_G80,data/dermmnist/slice_1,4,3,20,80,1,0.0,0.7195,0.7182,0.0013000000000000789,-0.007400000000000018,0.0027333333333333654,0.0030000000000000027,-17.0,-0.004599999999999993,1,1,results/pending_runs/paperv2_phase2/L20_G80/tralo/seed_3,results/pending_runs/paperv2_phase2/L20_G80/fioretto_ldf/seed_3
paperv2_phase2,dermmnist,MobileNetV3,L20_G80,data/dermmnist/slice_1,4,1,20,80,1,0.0,0.696,0.6876,0.008399999999999963,0.0,0.009816666666666696,0.0045000000000000595,-3.0,-0.0063,1,1,results/pending_runs/paperv2_phase2/L20_G80/tralo/seed_1,results/pending_runs/paperv2_phase2/L20_G80/fioretto_ldf/seed_1
paperv2_phase2,dermmnist,MobileNetV3,L20_G80,data/dermmnist/slice_1,4,2,20,80,1,0.0,0.7069,0.7077,-0.0008000000000000229,0.0,-0.0008333333333332416,-0.0010000000000000009,-11.0,-0.0025000000000000022,1,1,results/pending_runs/paperv2_phase2/L20_G80/tralo/seed_2,results/pending_runs/paperv2_phase2/L20_G80/fioretto_ldf/seed_2
paperv2_phase2,dermmnist,MobileNetV3,L30_G50,data/dermmnist/slice_1,4,4,30,50,1,0.0,0.731,0.7409,-0.00990000000000002,-0.006899999999999962,-0.010499999999999954,0.0020000000000000018,-12.0,-0.0040000000000000036,1,1,results/pending_runs/paperv2_phase2/L30_G50/tralo/seed_4,results/pending_runs/paperv2_phase2/L30_G50/fioretto_ldf/seed_4
paperv2_phase2,dermmnist,MobileNetV3,L30_G50,data/dermmnist/slice_1,4,3,30,50,1,0.0,0.7427,0.7362,0.006500000000000061,0.006900000000000017,0.006483333333333174,0.0035000000000000586,-7.0,0.0012000000000000066,1,0,results/pending_runs/paperv2_phase2/L30_G50/tralo/seed_3,results/pending_runs/paperv2_phase2/L30_G50/fioretto_ldf/seed_3
paperv2_phase2,dermmnist,MobileNetV3,L30_G50,data/dermmnist/slice_1,4,1,30,50,1,0.0,0.7269,0.7152,0.011700000000000044,0.0,0.013716666666666821,0.006500000000000061,-11.0,-0.0067000000000000115,1,1,results/pending_runs/paperv2_phase2/L30_G50/tralo/seed_1,results/pending_runs/paperv2_phase2/L30_G50/fioretto_ldf/seed_1
paperv2_phase2,dermmnist,MobileNetV3,L30_G50,data/dermmnist/slice_1,4,2,30,50,1,0.0,0.738,0.7286,0.009399999999999964,0.006900000000000017,0.009749999999999925,0.0035000000000000586,10.0,0.003500000000000003,1,0,results/pending_runs/paperv2_phase2/L30_G50/tralo/seed_2,results/pending_runs/paperv2_phase2/L30_G50/fioretto_ldf/seed_2
paperv2_phase2,dermmnist,MobileNetV3,L30_G20,data/dermmnist/slice_1,4,4,30,20,1,0.0,0.7088,0.7153,-0.006500000000000061,0.0126,-0.009649999999999936,-0.0010000000000000009,0.0,0.0041999999999999815,1,1,results/pending_runs/paperv2_phase2/L30_G20/tralo/seed_4,results/pending_runs/paperv2_phase2/L30_G20/fioretto_ldf/seed_4
paperv2_phase2,dermmnist,MobileNetV3,L30_G20,data/dermmnist/slice_1,4,3,30,20,1,0.0,0.7141,0.7193,-0.0052000000000000934,0.04420000000000002,-0.013349999999999973,-0.0019999999999998908,0.0,0.004299999999999998,1,1,results/pending_runs/paperv2_phase2/L30_G20/tralo/seed_3,results/pending_runs/paperv2_phase2/L30_G20/fioretto_ldf/seed_3
paperv2_phase2,dermmnist,MobileNetV3,L30_G20,data/dermmnist/slice_1,4,1,30,20,1,0.0,0.6895,0.6934,-0.0039000000000000146,-0.007500000000000007,-0.0033000000000000806,0.0,0.0,0.0015999999999999903,1,1,results/pending_runs/paperv2_phase2/L30_G20/tralo/seed_1,results/pending_runs/paperv2_phase2/L30_G20/fioretto_ldf/seed_1
paperv2_phase2,dermmnist,MobileNetV3,L30_G20,data/dermmnist/slice_1,4,2,30,20,1,0.0,0.6961,0.7063,-0.010199999999999987,0.019199999999999995,-0.015000000000000013,-0.0010000000000000009,0.0,0.003300000000000025,1,1,results/pending_runs/paperv2_phase2/L30_G20/tralo/seed_2,results/pending_runs/paperv2_phase2/L30_G20/fioretto_ldf/seed_2
paperv2_phase2,dermmnist,MobileNetV3,L80_G20,data/dermmnist/slice_1,4,4,80,20,1,0.0,0.7121,0.7158,-0.0037000000000000366,-0.01930000000000004,-0.001100000000000101,-0.00649999999999995,0.0,0.008700000000000013,1,1,results/pending_runs/paperv2_phase2/L80_G20/tralo/seed_4,results/pending_runs/paperv2_phase2/L80_G20/fioretto_ldf/seed_4
paperv2_phase2,dermmnist,MobileNetV3,L80_G20,data/dermmnist/slice_1,4,3,80,20,1,0.0,0.7218,0.7178,0.0040000000000000036,0.021799999999999986,0.0010333333333334416,-0.006400000000000072,0.0,0.012299999999999978,1,1,results/pending_runs/paperv2_phase2/L80_G20/tralo/seed_3,results/pending_runs/paperv2_phase2/L80_G20/fioretto_ldf/seed_3
paperv2_phase2,dermmnist,MobileNetV3,L80_G20,data/dermmnist/slice_1,4,1,80,20,1,0.0,0.6871,0.6967,-0.009599999999999942,-0.0126,-0.009133333333333327,-0.005499999999999949,0.0,0.0067000000000000115,1,1,results/pending_runs/paperv2_phase2/L80_G20/tralo/seed_1,results/pending_runs/paperv2_phase2/L80_G20/fioretto_ldf/seed_1
paperv2_phase2,dermmnist,MobileNetV3,L80_G20,data/dermmnist/slice_1,4,2,80,20,1,0.0,0.7032,0.7069,-0.0036999999999999256,-0.019799999999999984,-0.0010499999999999954,-0.0030000000000000027,0.0,0.004599999999999993,1,1,results/pending_runs/paperv2_phase2/L80_G20/tralo/seed_2,results/pending_runs/paperv2_phase2/L80_G20/fioretto_ldf/seed_2
paperv2_phase2,dermmnist,MobileNetV3,L30_G70,data/dermmnist/slice_1,4,4,30,70,1,0.0,0.7288,0.7418,-0.013000000000000012,-0.006899999999999962,-0.014100000000000001,0.0004999999999999449,-11.0,-0.003500000000000003,1,1,results/pending_runs/paperv2_phase2/L30_G70/tralo/seed_4,results/pending_runs/paperv2_phase2/L30_G70/fioretto_ldf/seed_4
paperv2_phase2,dermmnist,MobileNetV3,L30_G70,data/dermmnist/slice_1,4,3,30,70,1,0.0,0.7408,0.7382,0.0026000000000000467,-0.006900000000000017,0.004266666666666641,0.0,-5.0,0.0040000000000000036,1,0,results/pending_runs/paperv2_phase2/L30_G70/tralo/seed_3,results/pending_runs/paperv2_phase2/L30_G70/fioretto_ldf/seed_3
paperv2_phase2,dermmnist,MobileNetV3,L30_G70,data/dermmnist/slice_1,4,1,30,70,1,0.0,0.719,0.7118,0.007199999999999984,0.0,0.008366666666666633,0.006000000000000005,-8.0,-0.009599999999999997,1,1,results/pending_runs/paperv2_phase2/L30_G70/tralo/seed_1,results/pending_runs/paperv2_phase2/L30_G70/fioretto_ldf/seed_1
paperv2_phase2,dermmnist,MobileNetV3,L30_G70,data/dermmnist/slice_1,4,2,30,70,1,0.0,0.7405,0.723,0.01750000000000007,0.006900000000000017,0.01921666666666666,0.0050000000000000044,7.0,0.0010000000000000009,1,0,results/pending_runs/paperv2_phase2/L30_G70/tralo/seed_2,results/pending_runs/paperv2_phase2/L30_G70/fioretto_ldf/seed_2
paperv2_phase2,dermmnist,MobileNetV3,L70_G50,data/dermmnist/slice_1,4,4,70,50,1,0.0,0.7773,0.7611,0.016199999999999992,0.03369999999999995,0.013249999999999873,0.0030000000000000027,0.0,0.0005000000000000004,1,1,results/pending_runs/paperv2_phase2/L70_G50/tralo/seed_4,results/pending_runs/paperv2_phase2/L70_G50/fioretto_ldf/seed_4
paperv2_phase2,dermmnist,MobileNetV3,L70_G50,data/dermmnist/slice_1,4,3,70,50,1,0.0,0.773,0.7747,-0.0017000000000000348,0.0044000000000000705,-0.002749999999999919,0.000500000000000056,0.0,0.0005000000000000004,1,1,results/pending_runs/paperv2_phase2/L70_G50/tralo/seed_3,results/pending_runs/paperv2_phase2/L70_G50/fioretto_ldf/seed_3
paperv2_phase2,dermmnist,MobileNetV3,L70_G50,data/dermmnist/slice_1,4,1,70,50,1,0.0,0.7599,0.7626,-0.0026999999999999247,0.008499999999999952,-0.004566666666666719,0.0010000000000000009,0.0,0.00180000000000001,1,1,results/pending_runs/paperv2_phase2/L70_G50/tralo/seed_1,results/pending_runs/paperv2_phase2/L70_G50/fioretto_ldf/seed_1
paperv2_phase2,dermmnist,MobileNetV3,L70_G50,data/dermmnist/slice_1,4,2,70,50,1,0.0,0.7532,0.7553,-0.0020999999999999908,0.007099999999999995,-0.0036833333333332607,-0.0010000000000000009,0.0,0.0007000000000000062,1,1,results/pending_runs/paperv2_phase2/L70_G50/tralo/seed_2,results/pending_runs/paperv2_phase2/L70_G50/fioretto_ldf/seed_2
paperv2_phase2,dermmnist,MobileNetV3,L70_G80,data/dermmnist/slice_1,4,4,70,80,1,0.0,0.7935,0.792,0.0014999999999999458,0.005299999999999971,0.0008999999999999009,0.0015000000000000568,-10.0,-0.004599999999999993,1,1,results/pending_runs/paperv2_phase2/L70_G80/tralo/seed_4,results/pending_runs/paperv2_phase2/L70_G80/fioretto_ldf/seed_4
paperv2_phase2,dermmnist,MobileNetV3,L70_G80,data/dermmnist/slice_1,4,3,70,80,1,0.0,0.7931,0.7916,0.0015000000000000568,0.005299999999999971,0.0008666666666667933,0.0010000000000000009,-4.0,-0.0003999999999999976,1,1,results/pending_runs/paperv2_phase2/L70_G80/tralo/seed_3,results/pending_runs/paperv2_phase2/L70_G80/fioretto_ldf/seed_3
paperv2_phase2,dermmnist,MobileNetV3,L70_G80,data/dermmnist/slice_1,4,1,70,80,1,0.0,0.7876,0.7836,0.0040000000000000036,0.010499999999999954,0.002850000000000019,0.0025000000000000577,-4.0,0.0005999999999999894,1,1,results/pending_runs/paperv2_phase2/L70_G80/tralo/seed_1,results/pending_runs/paperv2_phase2/L70_G80/fioretto_ldf/seed_1
paperv2_phase2,dermmnist,MobileNetV3,L70_G80,data/dermmnist/slice_1,4,2,70,80,1,0.0,0.7833,0.7852,-0.0019000000000000128,-0.010599999999999943,-0.0005500000000000504,-0.000500000000000056,-13.0,0.003500000000000003,1,1,results/pending_runs/paperv2_phase2/L70_G80/tralo/seed_2,results/pending_runs/paperv2_phase2/L70_G80/fioretto_ldf/seed_2
paperv2_phase2,dermmnist,MobileNetV3,L50_G80,data/dermmnist/slice_1,4,4,50,80,1,0.0,0.7592,0.7659,-0.006700000000000039,-0.006000000000000005,-0.006800000000000028,-0.0015000000000000568,-5.0,0.0003999999999999976,1,1,results/pending_runs/paperv2_phase2/L50_G80/tralo/seed_4,results/pending_runs/paperv2_phase2/L50_G80/fioretto_ldf/seed_4
paperv2_phase2,dermmnist,MobileNetV3,L50_G80,data/dermmnist/slice_1,4,3,50,80,1,0.0,0.7708,0.7782,-0.007399999999999962,-0.006000000000000005,-0.007616666666666716,-0.0025000000000000577,-3.0,0.0016000000000000042,1,1,results/pending_runs/paperv2_phase2/L50_G80/tralo/seed_3,results/pending_runs/paperv2_phase2/L50_G80/fioretto_ldf/seed_3
paperv2_phase2,dermmnist,MobileNetV3,L50_G80,data/dermmnist/slice_1,4,1,50,80,1,0.0,0.7712,0.7547,0.01649999999999996,0.005900000000000016,0.01815000000000011,0.006000000000000005,-10.0,-0.0034000000000000002,1,1,results/pending_runs/paperv2_phase2/L50_G80/tralo/seed_1,results/pending_runs/paperv2_phase2/L50_G80/fioretto_ldf/seed_1
paperv2_phase2,dermmnist,MobileNetV3,L50_G80,data/dermmnist/slice_1,4,2,50,80,1,0.0,0.76,0.7541,0.005900000000000016,-0.0119999999999999,0.008816666666666695,-0.0014999999999999458,4.0,0.0031999999999999945,1,1,results/pending_runs/paperv2_phase2/L50_G80/tralo/seed_2,results/pending_runs/paperv2_phase2/L50_G80/fioretto_ldf/seed_2
paperv2_phase2,dermmnist,MobileNetV3,L80_G70,data/dermmnist/slice_1,4,4,80,70,1,0.0,0.7922,0.7856,0.00660000000000005,0.017899999999999916,0.004833333333333356,0.00550000000000006,0.0,-0.0021000000000000046,1,1,results/pending_runs/paperv2_phase2/L80_G70/tralo/seed_4,results/pending_runs/paperv2_phase2/L80_G70/fioretto_ldf/seed_4
paperv2_phase2,dermmnist,MobileNetV3,L80_G70,data/dermmnist/slice_1,4,3,80,70,1,0.0,0.7855,0.7927,-0.007199999999999984,0.006399999999999961,-0.009433333333333405,-0.0025000000000000577,0.0,0.001700000000000007,1,1,results/pending_runs/paperv2_phase2/L80_G70/tralo/seed_3,results/pending_runs/paperv2_phase2/L80_G70/fioretto_ldf/seed_3
paperv2_phase2,dermmnist,MobileNetV3,L80_G70,data/dermmnist/slice_1,4,1,80,70,1,0.0,0.783,0.7804,0.0026000000000000467,0.01090000000000002,0.0012666666666666382,0.0010000000000000009,0.0,0.0025000000000000022,1,1,results/pending_runs/paperv2_phase2/L80_G70/tralo/seed_1,results/pending_runs/paperv2_phase2/L80_G70/fioretto_ldf/seed_1
paperv2_phase2,dermmnist,MobileNetV3,L80_G70,data/dermmnist/slice_1,4,2,80,70,1,0.0,0.7946,0.7762,0.018399999999999972,0.023399999999999976,0.017550000000000066,0.007000000000000006,0.0,-0.0021000000000000046,1,1,results/pending_runs/paperv2_phase2/L80_G70/tralo/seed_2,results/pending_runs/paperv2_phase2/L80_G70/fioretto_ldf/seed_2
paperv2_phase2,dermmnist,MobileNetV3,L80_G50,data/dermmnist/slice_1,4,4,80,50,1,0.0,0.7663,0.7611,0.005199999999999982,0.026000000000000023,0.0017333333333332535,0.0030000000000000027,0.0,-0.0011000000000000038,1,1,results/pending_runs/paperv2_phase2/L80_G50/tralo/seed_4,results/pending_runs/paperv2_phase2/L80_G50/fioretto_ldf/seed_4
paperv2_phase2,dermmnist,MobileNetV3,L80_G50,data/dermmnist/slice_1,4,3,80,50,1,0.0,0.7729,0.7747,-0.0018000000000000238,0.0044000000000000705,-0.0029333333333332323,0.000500000000000056,0.0,0.00040000000000001146,1,1,results/pending_runs/paperv2_phase2/L80_G50/tralo/seed_3,results/pending_runs/paperv2_phase2/L80_G50/fioretto_ldf/seed_3
paperv2_phase2,dermmnist,MobileNetV3,L80_G50,data/dermmnist/slice_1,4,1,80,50,1,0.0,0.7594,0.7645,-0.005099999999999993,0.008499999999999952,-0.007316666666666638,0.0,0.0,0.000800000000000009,1,1,results/pending_runs/paperv2_phase2/L80_G50/tralo/seed_1,results/pending_runs/paperv2_phase2/L80_G50/fioretto_ldf/seed_1
paperv2_phase2,dermmnist,MobileNetV3,L80_G50,data/dermmnist/slice_1,4,2,80,50,1,0.0,0.756,0.7553,0.0007000000000000339,0.00539999999999996,-8.333333333310211e-05,0.000500000000000056,0.0,0.001899999999999999,1,1,results/pending_runs/paperv2_phase2/L80_G50/tralo/seed_2,results/pending_runs/paperv2_phase2/L80_G50/fioretto_ldf/seed_2
paperv2_phase2,dermmnist,MobileNetV3,L50_G70,data/dermmnist/slice_1,4,4,50,70,1,0.0,0.7613,0.7676,-0.006299999999999972,0.0,-0.007350000000000079,-0.0010000000000000009,-4.0,0.0006000000000000033,1,1,results/pending_runs/paperv2_phase2/L50_G70/tralo/seed_4,results/pending_runs/paperv2_phase2/L50_G70/fioretto_ldf/seed_4
paperv2_phase2,dermmnist,MobileNetV3,L50_G70,data/dermmnist/slice_1,4,3,50,70,1,0.0,0.7707,0.7776,-0.006899999999999906,0.0,-0.008050000000000224,-0.0020000000000000018,-4.0,0.0002999999999999947,1,1,results/pending_runs/paperv2_phase2/L50_G70/tralo/seed_3,results/pending_runs/paperv2_phase2/L50_G70/fioretto_ldf/seed_3
paperv2_phase2,dermmnist,MobileNetV3,L50_G70,data/dermmnist/slice_1,4,1,50,70,1,0.0,0.7664,0.7566,0.00979999999999992,0.0,0.011450000000000071,0.0040000000000000036,-6.0,-0.0032999999999999974,1,1,results/pending_runs/paperv2_phase2/L50_G70/tralo/seed_1,results/pending_runs/paperv2_phase2/L50_G70/fioretto_ldf/seed_1
paperv2_phase2,dermmnist,MobileNetV3,L50_G70,data/dermmnist/slice_1,4,2,50,70,1,0.0,0.7557,0.7586,-0.0029000000000000137,-0.01200000000000001,-0.0013333333333332975,-0.0020000000000000018,-9.0,0.0015000000000000013,1,1,results/pending_runs/paperv2_phase2/L50_G70/tralo/seed_2,results/pending_runs/paperv2_phase2/L50_G70/fioretto_ldf/seed_2
paperv2_phase2,dermmnist,MobileNetV3,L20_G70,data/dermmnist/slice_1,4,4,20,70,1,0.0,0.6976,0.6971,0.0004999999999999449,0.0,0.0005666666666667153,0.01200000000000001,-17.0,-0.02099999999999999,1,1,results/pending_runs/paperv2_phase2/L20_G70/tralo/seed_4,results/pending_runs/paperv2_phase2/L20_G70/fioretto_ldf/seed_4
paperv2_phase2,dermmnist,MobileNetV3,L20_G70,data/dermmnist/slice_1,4,3,20,70,1,0.0,0.719,0.7192,-0.00019999999999997797,-0.007400000000000018,0.0010333333333334416,0.000500000000000056,-16.0,-0.004399999999999987,1,1,results/pending_runs/paperv2_phase2/L20_G70/tralo/seed_3,results/pending_runs/paperv2_phase2/L20_G70/fioretto_ldf/seed_3
paperv2_phase2,dermmnist,MobileNetV3,L20_G70,data/dermmnist/slice_1,4,1,20,70,1,0.0,0.6907,0.6863,0.0043999999999999595,0.0,0.005099999999999993,0.0030000000000000027,-3.0,-0.0030000000000000027,1,1,results/pending_runs/paperv2_phase2/L20_G70/tralo/seed_1,results/pending_runs/paperv2_phase2/L20_G70/fioretto_ldf/seed_1
paperv2_phase2,dermmnist,MobileNetV3,L20_G70,data/dermmnist/slice_1,4,2,20,70,1,0.0,0.7067,0.7091,-0.0023999999999999577,0.0,-0.00278333333333336,-0.0020000000000000018,-11.0,-0.0012999999999999956,1,1,results/pending_runs/paperv2_phase2/L20_G70/tralo/seed_2,results/pending_runs/paperv2_phase2/L20_G70/fioretto_ldf/seed_2
paperv2_phase2,dermmnist,MobileNetV3,L70_G20,data/dermmnist/slice_1,4,4,70,20,1,0.0,0.7159,0.7158,9.999999999998899e-05,0.020100000000000007,-0.003283333333333416,0.0010000000000000009,0.0,0.003500000000000003,1,1,results/pending_runs/paperv2_phase2/L70_G20/tralo/seed_4,results/pending_runs/paperv2_phase2/L70_G20/fioretto_ldf/seed_4
paperv2_phase2,dermmnist,MobileNetV3,L70_G20,data/dermmnist/slice_1,4,3,70,20,1,0.0,0.7223,0.7178,0.0045000000000000595,0.04420000000000002,-0.0020166666666665556,0.0029999999999998916,0.0,-0.0025000000000000022,1,1,results/pending_runs/paperv2_phase2/L70_G20/tralo/seed_3,results/pending_runs/paperv2_phase2/L70_G20/fioretto_ldf/seed_3
paperv2_phase2,dermmnist,MobileNetV3,L70_G20,data/dermmnist/slice_1,4,1,70,20,1,0.0,0.6987,0.6934,0.005299999999999971,0.0,0.0060833333333333295,0.0010000000000000009,0.0,-0.00020000000000000573,1,1,results/pending_runs/paperv2_phase2/L70_G20/tralo/seed_1,results/pending_runs/paperv2_phase2/L70_G20/fioretto_ldf/seed_1
paperv2_phase2,dermmnist,MobileNetV3,L70_G20,data/dermmnist/slice_1,4,2,70,20,1,0.0,0.7011,0.7068,-0.005700000000000038,-0.019799999999999984,-0.0034000000000000696,-0.0025000000000000577,0.0,0.0040000000000000036,1,1,results/pending_runs/paperv2_phase2/L70_G20/tralo/seed_2,results/pending_runs/paperv2_phase2/L70_G20/fioretto_ldf/seed_2
paperv2_phase2,dermmnist,MobileNetV3,L50_G30,data/dermmnist/slice_1,4,4,50,30,1,0.0,0.7312,0.7389,-0.00770000000000004,0.0,-0.009016666666666784,0.0,-2.0,0.001600000000000018,1,0,results/pending_runs/paperv2_phase2/L50_G30/tralo/seed_4,results/pending_runs/paperv2_phase2/L50_G30/fioretto_ldf/seed_4
paperv2_phase2,dermmnist,MobileNetV3,L50_G30,data/dermmnist/slice_1,4,3,50,30,1,0.0,0.7383,0.74,-0.0017000000000000348,0.006900000000000017,-0.003083333333333438,-0.0014999999999999458,0.0,0.0034000000000000002,1,1,results/pending_runs/paperv2_phase2/L50_G30/tralo/seed_3,results/pending_runs/paperv2_phase2/L50_G30/fioretto_ldf/seed_3
paperv2_phase2,dermmnist,MobileNetV3,L50_G30,data/dermmnist/slice_1,4,1,50,30,1,0.0,0.7092,0.7184,-0.009199999999999986,-0.0029000000000000137,-0.010283333333333311,0.0,0.0,0.0040999999999999925,1,1,results/pending_runs/paperv2_phase2/L50_G30/tralo/seed_1,results/pending_runs/paperv2_phase2/L50_G30/fioretto_ldf/seed_1
paperv2_phase2,dermmnist,MobileNetV3,L50_G30,data/dermmnist/slice_1,4,2,50,30,1,0.0,0.7195,0.7291,-0.009599999999999942,0.020899999999999974,-0.014699999999999935,0.0004999999999999449,0.0,0.0012999999999999956,1,1,results/pending_runs/paperv2_phase2/L50_G30/tralo/seed_2,results/pending_runs/paperv2_phase2/L50_G30/fioretto_ldf/seed_2
paperv2_phase2,dermmnist,MobileNetV3,L30_G80,data/dermmnist/slice_1,4,4,30,80,1,0.0,0.7241,0.7418,-0.01770000000000005,-0.006899999999999962,-0.019583333333333286,-0.0020000000000000018,-10.0,-0.003799999999999998,1,1,results/pending_runs/paperv2_phase2/L30_G80/tralo/seed_4,results/pending_runs/paperv2_phase2/L30_G80/fioretto_ldf/seed_4
paperv2_phase2,dermmnist,MobileNetV3,L30_G80,data/dermmnist/slice_1,4,3,30,80,1,0.0,0.7413,0.7381,0.0031999999999999806,-0.006900000000000017,0.004816666666666691,-0.0004999999999999449,-4.0,0.002599999999999991,1,0,results/pending_runs/paperv2_phase2/L30_G80/tralo/seed_3,results/pending_runs/paperv2_phase2/L30_G80/fioretto_ldf/seed_3
paperv2_phase2,dermmnist,MobileNetV3,L30_G80,data/dermmnist/slice_1,4,1,30,80,1,0.0,0.7216,0.7125,0.009099999999999997,0.0,0.010600000000000054,0.006000000000000005,-9.0,-0.010700000000000015,1,1,results/pending_runs/paperv2_phase2/L30_G80/tralo/seed_1,results/pending_runs/paperv2_phase2/L30_G80/fioretto_ldf/seed_1
paperv2_phase2,dermmnist,MobileNetV3,L30_G80,data/dermmnist/slice_1,4,2,30,80,1,0.0,0.7352,0.7221,0.0131,0.013800000000000034,0.012983333333333236,0.0044999999999999485,-11.0,-0.0031999999999999806,1,0,results/pending_runs/paperv2_phase2/L30_G80/tralo/seed_2,results/pending_runs/paperv2_phase2/L30_G80/fioretto_ldf/seed_2
paperv2_phase2,dermmnist,MobileNetV3,L20_G30,data/dermmnist/slice_1,4,4,20,30,1,0.0,0.7072,0.6974,0.009800000000000031,0.007500000000000007,0.010149999999999881,0.014499999999999957,-15.0,-0.025999999999999995,1,1,results/pending_runs/paperv2_phase2/L20_G30/tralo/seed_4,results/pending_runs/paperv2_phase2/L20_G30/fioretto_ldf/seed_4
paperv2_phase2,dermmnist,MobileNetV3,L20_G30,data/dermmnist/slice_1,4,3,20,30,1,0.0,0.7158,0.7202,-0.0043999999999999595,-0.007400000000000018,-0.003950000000000009,-0.0044999999999999485,4.0,0.004799999999999999,1,1,results/pending_runs/paperv2_phase2/L20_G30/tralo/seed_3,results/pending_runs/paperv2_phase2/L20_G30/fioretto_ldf/seed_3
paperv2_phase2,dermmnist,MobileNetV3,L20_G30,data/dermmnist/slice_1,4,1,20,30,1,0.0,0.6906,0.6902,0.00039999999999995595,0.0,0.00039999999999995595,0.0025000000000000577,-3.0,-0.001799999999999996,1,1,results/pending_runs/paperv2_phase2/L20_G30/tralo/seed_1,results/pending_runs/paperv2_phase2/L20_G30/fioretto_ldf/seed_1
paperv2_phase2,dermmnist,MobileNetV3,L20_G30,data/dermmnist/slice_1,4,2,20,30,1,0.0,0.7107,0.7107,0.0,0.0,-3.3333333333440684e-05,-0.0010000000000000009,-11.0,-0.0005000000000000004,1,1,results/pending_runs/paperv2_phase2/L20_G30/tralo/seed_2,results/pending_runs/paperv2_phase2/L20_G30/fioretto_ldf/seed_2
paperv2_phase2,dermmnist,MobileNetV3,L20_G50,data/dermmnist/slice_1,4,4,20,50,1,0.0,0.7162,0.6974,0.018799999999999928,0.007500000000000007,0.020666666666666722,0.015900000000000025,-15.0,-0.026300000000000018,1,1,results/pending_runs/paperv2_phase2/L20_G50/tralo/seed_4,results/pending_runs/paperv2_phase2/L20_G50/fioretto_ldf/seed_4
paperv2_phase2,dermmnist,MobileNetV3,L20_G50,data/dermmnist/slice_1,4,3,20,50,1,0.0,0.7166,0.72,-0.0033999999999999586,-0.014900000000000024,-0.0014499999999999513,-0.004999999999999893,-4.0,9.999999999998899e-05,1,1,results/pending_runs/paperv2_phase2/L20_G50/tralo/seed_3,results/pending_runs/paperv2_phase2/L20_G50/fioretto_ldf/seed_3
paperv2_phase2,dermmnist,MobileNetV3,L20_G50,data/dermmnist/slice_1,4,1,20,50,1,0.0,0.6903,0.6883,0.0020000000000000018,0.0,0.002283333333333304,0.0030000000000000027,-4.0,-0.0032999999999999974,1,1,results/pending_runs/paperv2_phase2/L20_G50/tralo/seed_1,results/pending_runs/paperv2_phase2/L20_G50/fioretto_ldf/seed_1
paperv2_phase2,dermmnist,MobileNetV3,L20_G50,data/dermmnist/slice_1,4,2,20,50,1,0.0,0.7056,0.7092,-0.0036000000000000476,0.0,-0.004266666666666641,-0.0030000000000000027,-10.0,0.0012000000000000066,1,1,results/pending_runs/paperv2_phase2/L20_G50/tralo/seed_2,results/pending_runs/paperv2_phase2/L20_G50/fioretto_ldf/seed_2
paperv2_phase2,dermmnist,MobileNetV3,L70_G30,data/dermmnist/slice_1,4,4,70,30,1,0.0,0.7333,0.7388,-0.00550000000000006,0.0,-0.006416666666666515,0.0004999999999999449,-3.0,0.0002999999999999947,1,0,results/pending_runs/paperv2_phase2/L70_G30/tralo/seed_4,results/pending_runs/paperv2_phase2/L70_G30/fioretto_ldf/seed_4
paperv2_phase2,dermmnist,MobileNetV3,L70_G30,data/dermmnist/slice_1,4,3,70,30,1,0.0,0.7428,0.74,0.0028000000000000247,0.006900000000000017,0.002083333333333326,0.0004999999999999449,0.0,0.0032999999999999974,1,1,results/pending_runs/paperv2_phase2/L70_G30/tralo/seed_3,results/pending_runs/paperv2_phase2/L70_G30/fioretto_ldf/seed_3
paperv2_phase2,dermmnist,MobileNetV3,L70_G30,data/dermmnist/slice_1,4,1,70,30,1,0.0,0.7128,0.7184,-0.005600000000000049,-0.0040999999999999925,-0.0058833333333332405,-0.0010000000000000009,0.0,0.0029000000000000137,1,1,results/pending_runs/paperv2_phase2/L70_G30/tralo/seed_1,results/pending_runs/paperv2_phase2/L70_G30/fioretto_ldf/seed_1
paperv2_phase2,dermmnist,MobileNetV3,L70_G30,data/dermmnist/slice_1,4,2,70,30,1,0.0,0.7268,0.7303,-0.0034999999999999476,0.02100000000000002,-0.007550000000000057,0.0020000000000000018,0.0,-0.0008999999999999841,1,1,results/pending_runs/paperv2_phase2/L70_G30/tralo/seed_2,results/pending_runs/paperv2_phase2/L70_G30/fioretto_ldf/seed_2
paperv2_phase3_v3,tissuemnist,MobileNetV2,L50_G50,data/tissuemnist/slice_1,4,4,50,50,0,0.0,0.3029,0.2981,0.0048000000000000265,0.0,0.0054714285714285715,0.007900000000000018,3.0,-0.0019000000000000128,1,1,results/pending_runs/paperv2_phase3_v3/MobileNetV2/tissuemnist/tralo/seed_4,results/pending_runs/paperv2_phase3_v3/MobileNetV2/tissuemnist/fioretto_ldf/seed_4
paperv2_phase3_v3,tissuemnist,MobileNetV2,L50_G50,data/tissuemnist/slice_1,4,3,50,50,0,0.0,0.2874,0.2989,-0.01150000000000001,0.007800000000000029,-0.014342857142857213,-0.0126,-22.0,0.005200000000000038,1,1,results/pending_runs/paperv2_phase3_v3/MobileNetV2/tissuemnist/tralo/seed_3,results/pending_runs/paperv2_phase3_v3/MobileNetV2/tissuemnist/fioretto_ldf/seed_3
paperv2_phase3_v3,tissuemnist,MobileNetV2,L50_G50,data/tissuemnist/slice_1,4,2,50,50,0,0.0,0.3748,0.3723,0.0025000000000000022,0.0,0.00280000000000008,-0.0009000000000000119,-13.0,0.0005999999999999894,1,1,results/pending_runs/paperv2_phase3_v3/MobileNetV2/tissuemnist/tralo/seed_2,results/pending_runs/paperv2_phase3_v3/MobileNetV2/tissuemnist/fioretto_ldf/seed_2
paperv2_phase3_v3,tissuemnist,RegNetY400MF,L50_G50,data/tissuemnist/slice_1,4,4,50,50,0,0.0,0.352,0.3383,0.01369999999999999,0.007800000000000029,0.014471428571428469,0.013299999999999979,6.0,-0.009199999999999986,1,1,results/pending_runs/paperv2_phase3_v3/RegNetY400MF/tissuemnist/tralo/seed_4,results/pending_runs/paperv2_phase3_v3/RegNetY400MF/tissuemnist/fioretto_ldf/seed_4
paperv2_phase3_v3,tissuemnist,RegNetY400MF,L50_G50,data/tissuemnist/slice_1,4,3,50,50,0,0.0,0.3357,0.3413,-0.005599999999999994,0.015600000000000003,-0.008571428571428619,-0.02250000000000002,5.0,0.019299999999999984,1,1,results/pending_runs/paperv2_phase3_v3/RegNetY400MF/tissuemnist/tralo/seed_3,results/pending_runs/paperv2_phase3_v3/RegNetY400MF/tissuemnist/fioretto_ldf/seed_3
paperv2_phase3_v3,tissuemnist,RegNetY400MF,L50_G50,data/tissuemnist/slice_1,4,1,50,50,0,0.0,0.3693,0.3637,0.005599999999999994,0.007800000000000029,0.005242857142857105,0.006599999999999995,-4.0,-0.007099999999999995,1,1,results/pending_runs/paperv2_phase3_v3/RegNetY400MF/tissuemnist/tralo/seed_1,results/pending_runs/paperv2_phase3_v3/RegNetY400MF/tissuemnist/fioretto_ldf/seed_1
paperv2_phase3_v3,tissuemnist,RegNetY400MF,L50_G50,data/tissuemnist/slice_1,4,2,50,50,0,0.0,0.3622,0.3609,0.0013000000000000234,0.031100000000000017,-0.0029857142857143137,0.0,0.0,0.005600000000000049,1,1,results/pending_runs/paperv2_phase3_v3/RegNetY400MF/tissuemnist/tralo/seed_2,results/pending_runs/paperv2_phase3_v3/RegNetY400MF/tissuemnist/fioretto_ldf/seed_2
paperv2_phase4,dermmnist,MobileNetV3,L20_G20,data/dermmnist/slice_1,1,4,20,20,0,0.0,0.656,0.6701,-0.014100000000000001,0.0,-0.016483333333333405,-0.0014999999999999458,-1.0,-0.0015000000000000013,1,1,results/pending_runs/paperv2_phase4/cls_1/L20_G20/tralo/seed_4,results/pending_runs/paperv2_phase4/cls_1/L20_G20/fioretto_ldf/seed_4
paperv2_phase4,dermmnist,MobileNetV3,L20_G20,data/dermmnist/slice_1,1,3,20,20,0,0.0,0.6327,0.6289,0.0038000000000000256,0.0,0.004416666666666735,0.0010000000000000009,-4.0,-0.0008000000000000229,1,1,results/pending_runs/paperv2_phase4/cls_1/L20_G20/tralo/seed_3,results/pending_runs/paperv2_phase4/cls_1/L20_G20/fioretto_ldf/seed_3
paperv2_phase4,dermmnist,MobileNetV3,L20_G20,data/dermmnist/slice_1,1,1,20,20,0,0.0,0.6527,0.6471,0.005599999999999938,0.0,0.006516666666666726,0.0014999999999999458,-5.0,-0.0031999999999999806,1,1,results/pending_runs/paperv2_phase4/cls_1/L20_G20/tralo/seed_1,results/pending_runs/paperv2_phase4/cls_1/L20_G20/fioretto_ldf/seed_1
paperv2_phase4,dermmnist,MobileNetV3,L20_G20,data/dermmnist/slice_1,1,2,20,20,0,0.0,0.6573,0.6574,-9.999999999998899e-05,0.0,-0.00023333333333341866,0.0004999999999999449,-4.0,0.0003999999999999837,1,1,results/pending_runs/paperv2_phase4/cls_1/L20_G20/tralo/seed_2,results/pending_runs/paperv2_phase4/cls_1/L20_G20/fioretto_ldf/seed_2
paperv2_phase4,dermmnist,MobileNetV3,L70_G70,data/dermmnist/slice_1,1,4,70,70,0,0.0,0.7578,0.7512,0.00660000000000005,0.024899999999999922,0.0035833333333332718,-0.0020000000000000018,-1.0,0.006699999999999998,1,0,results/pending_runs/paperv2_phase4/cls_1/L70_G70/tralo/seed_4,results/pending_runs/paperv2_phase4/cls_1/L70_G70/fioretto_ldf/seed_4
paperv2_phase4,dermmnist,MobileNetV3,L70_G70,data/dermmnist/slice_1,1,3,70,70,0,0.0,0.7715,0.7628,0.00869999999999993,0.04049999999999998,0.0034333333333332883,0.0030000000000000027,0.0,-0.0023000000000000104,1,1,results/pending_runs/paperv2_phase4/cls_1/L70_G70/tralo/seed_3,results/pending_runs/paperv2_phase4/cls_1/L70_G70/fioretto_ldf/seed_3
paperv2_phase4,dermmnist,MobileNetV3,L70_G70,data/dermmnist/slice_1,1,1,70,70,0,0.0,0.7538,0.7631,-0.009299999999999975,-0.0040999999999999925,-0.010149999999999992,-0.0015000000000000568,0.0,0.0023000000000000104,1,1,results/pending_runs/paperv2_phase4/cls_1/L70_G70/tralo/seed_1,results/pending_runs/paperv2_phase4/cls_1/L70_G70/fioretto_ldf/seed_1
paperv2_phase4,dermmnist,MobileNetV3,L70_G70,data/dermmnist/slice_1,1,2,70,70,0,0.0,0.7694,0.761,0.008399999999999963,0.02180000000000004,0.0060833333333333295,0.0010000000000000009,0.0,-0.000899999999999998,1,1,results/pending_runs/paperv2_phase4/cls_1/L70_G70/tralo/seed_2,results/pending_runs/paperv2_phase4/cls_1/L70_G70/fioretto_ldf/seed_2
paperv2_phase4,dermmnist,MobileNetV3,L30_G30,data/dermmnist/slice_1,1,4,30,30,0,0.0,0.6862,0.6918,-0.005599999999999938,0.0,-0.006483333333333285,-0.0020000000000000018,-4.0,0.002599999999999991,1,1,results/pending_runs/paperv2_phase4/cls_1/L30_G30/tralo/seed_4,results/pending_runs/paperv2_phase4/cls_1/L30_G30/fioretto_ldf/seed_4
paperv2_phase4,dermmnist,MobileNetV3,L30_G30,data/dermmnist/slice_1,1,3,30,30,0,0.0,0.6648,0.6578,0.006999999999999895,0.0,0.008166666666666655,0.0004999999999999449,-6.0,0.0,1,0,results/pending_runs/paperv2_phase4/cls_1/L30_G30/tralo/seed_3,results/pending_runs/paperv2_phase4/cls_1/L30_G30/fioretto_ldf/seed_3
paperv2_phase4,dermmnist,MobileNetV3,L30_G30,data/dermmnist/slice_1,1,1,30,30,0,0.0,0.6842,0.6761,0.008099999999999996,0.0,0.009449999999999847,-0.0010000000000000009,-6.0,0.0010999999999999899,1,1,results/pending_runs/paperv2_phase4/cls_1/L30_G30/tralo/seed_1,results/pending_runs/paperv2_phase4/cls_1/L30_G30/fioretto_ldf/seed_1
paperv2_phase4,dermmnist,MobileNetV3,L30_G30,data/dermmnist/slice_1,1,2,30,30,0,0.0,0.6749,0.6834,-0.008499999999999952,0.0,-0.00990000000000002,0.0010000000000000009,-6.0,-0.0023999999999999994,1,1,results/pending_runs/paperv2_phase4/cls_1/L30_G30/tralo/seed_2,results/pending_runs/paperv2_phase4/cls_1/L30_G30/fioretto_ldf/seed_2
paperv2_phase4,dermmnist,MobileNetV3,L50_G50,data/dermmnist/slice_1,1,4,50,50,0,0.0,0.7254,0.724,0.0014000000000000679,0.0,0.00158333333333327,0.0,-2.0,-0.00010000000000000286,1,0,results/pending_runs/paperv2_phase4/cls_1/L50_G50/tralo/seed_4,results/pending_runs/paperv2_phase4/cls_1/L50_G50/fioretto_ldf/seed_4
paperv2_phase4,dermmnist,MobileNetV3,L50_G50,data/dermmnist/slice_1,1,3,50,50,0,0.0,0.727,0.7277,-0.0007000000000000339,-0.012900000000000023,0.0012333333333331975,0.0010000000000000009,-5.0,0.0039000000000000007,1,1,results/pending_runs/paperv2_phase4/cls_1/L50_G50/tralo/seed_3,results/pending_runs/paperv2_phase4/cls_1/L50_G50/fioretto_ldf/seed_3
paperv2_phase4,dermmnist,MobileNetV3,L50_G50,data/dermmnist/slice_1,1,1,50,50,0,0.0,0.7468,0.7207,0.026100000000000012,0.025799999999999934,0.026250000000000107,0.0040000000000000036,-8.0,-0.003600000000000006,1,1,results/pending_runs/paperv2_phase4/cls_1/L50_G50/tralo/seed_1,results/pending_runs/paperv2_phase4/cls_1/L50_G50/fioretto_ldf/seed_1
paperv2_phase4,dermmnist,MobileNetV3,L50_G50,data/dermmnist/slice_1,1,2,50,50,0,0.0,0.7313,0.7312,9.999999999998899e-05,0.0,0.00013333333333320763,-0.0030000000000000027,3.0,0.0040999999999999925,1,1,results/pending_runs/paperv2_phase4/cls_1/L50_G50/tralo/seed_2,results/pending_runs/paperv2_phase4/cls_1/L50_G50/fioretto_ldf/seed_2
paperv2_phase4,dermmnist,MobileNetV3,L80_G80,data/dermmnist/slice_1,1,4,80,80,0,0.0,0.7711,0.7734,-0.0022999999999999687,0.0,-0.002683333333333371,0.0,-1.0,-0.0010000000000000009,1,1,results/pending_runs/paperv2_phase4/cls_1/L80_G80/tralo/seed_4,results/pending_runs/paperv2_phase4/cls_1/L80_G80/fioretto_ldf/seed_4
paperv2_phase4,dermmnist,MobileNetV3,L80_G80,data/dermmnist/slice_1,1,3,80,80,0,0.0,0.7742,0.7753,-0.0010999999999999899,0.0,-0.0011999999999999789,-0.0010000000000000009,-7.0,0.003600000000000006,1,1,results/pending_runs/paperv2_phase4/cls_1/L80_G80/tralo/seed_3,results/pending_runs/paperv2_phase4/cls_1/L80_G80/fioretto_ldf/seed_3
paperv2_phase4,dermmnist,MobileNetV3,L80_G80,data/dermmnist/slice_1,1,1,80,80,0,0.0,0.7777,0.7708,0.006899999999999906,0.0,0.008066666666666666,0.0015000000000000568,-4.0,0.0030000000000000027,1,0,results/pending_runs/paperv2_phase4/cls_1/L80_G80/tralo/seed_1,results/pending_runs/paperv2_phase4/cls_1/L80_G80/fioretto_ldf/seed_1
paperv2_phase4,dermmnist,MobileNetV3,L80_G80,data/dermmnist/slice_1,1,2,80,80,0,0.0,0.776,0.7754,0.0006000000000000449,0.0,0.0007833333333333581,-0.0004999999999999449,-8.0,0.00040000000000001146,1,0,results/pending_runs/paperv2_phase4/cls_1/L80_G80/tralo/seed_2,results/pending_runs/paperv2_phase4/cls_1/L80_G80/fioretto_ldf/seed_2
paperv2_phase4,dermmnist,MobileNetV3,L20_G20,data/dermmnist/slice_1,0,4,20,20,0,0.0,0.7009,0.6965,0.0043999999999999595,0.0,0.0051833333333332066,0.00649999999999995,-3.0,-0.005299999999999999,1,1,results/pending_runs/paperv2_phase4/cls_0/L20_G20/tralo/seed_4,results/pending_runs/paperv2_phase4/cls_0/L20_G20/fioretto_ldf/seed_4
paperv2_phase4,dermmnist,MobileNetV3,L20_G20,data/dermmnist/slice_1,0,3,20,20,0,0.0,0.6904,0.6878,0.0026000000000000467,0.0,0.003083333333333216,0.0015000000000000568,-1.0,0.001700000000000007,1,1,results/pending_runs/paperv2_phase4/cls_0/L20_G20/tralo/seed_3,results/pending_runs/paperv2_phase4/cls_0/L20_G20/fioretto_ldf/seed_3
paperv2_phase4,dermmnist,MobileNetV3,L20_G20,data/dermmnist/slice_1,0,1,20,20,0,0.0,0.698,0.6867,0.011299999999999977,0.0,0.01319999999999999,0.0004999999999999449,-4.0,-0.001899999999999999,1,1,results/pending_runs/paperv2_phase4/cls_0/L20_G20/tralo/seed_1,results/pending_runs/paperv2_phase4/cls_0/L20_G20/fioretto_ldf/seed_1
paperv2_phase4,dermmnist,MobileNetV3,L20_G20,data/dermmnist/slice_1,0,2,20,20,0,0.0,0.6872,0.6894,-0.0021999999999999797,0.0,-0.002549999999999941,0.0,-4.0,0.0,1,1,results/pending_runs/paperv2_phase4/cls_0/L20_G20/tralo/seed_2,results/pending_runs/paperv2_phase4/cls_0/L20_G20/fioretto_ldf/seed_2
paperv2_phase4,dermmnist,MobileNetV3,L70_G70,data/dermmnist/slice_1,0,4,70,70,0,0.0,0.7912,0.7782,0.013000000000000012,0.018199999999999994,0.012199999999999989,0.0010000000000000009,-5.0,-0.00040000000000001146,1,1,results/pending_runs/paperv2_phase4/cls_0/L70_G70/tralo/seed_4,results/pending_runs/paperv2_phase4/cls_0/L70_G70/fioretto_ldf/seed_4
paperv2_phase4,dermmnist,MobileNetV3,L70_G70,data/dermmnist/slice_1,0,3,70,70,0,0.0,0.7726,0.7666,0.006000000000000005,0.03639999999999999,0.0009999999999998899,0.0,-6.0,0.0010000000000000009,1,0,results/pending_runs/paperv2_phase4/cls_0/L70_G70/tralo/seed_3,results/pending_runs/paperv2_phase4/cls_0/L70_G70/fioretto_ldf/seed_3
paperv2_phase4,dermmnist,MobileNetV3,L70_G70,data/dermmnist/slice_1,0,1,70,70,0,0.0,0.7587,0.7746,-0.015899999999999914,-0.018100000000000005,-0.015483333333333404,-0.0045000000000000595,-4.0,0.006199999999999997,1,1,results/pending_runs/paperv2_phase4/cls_0/L70_G70/tralo/seed_1,results/pending_runs/paperv2_phase4/cls_0/L70_G70/fioretto_ldf/seed_1
paperv2_phase4,dermmnist,MobileNetV3,L70_G70,data/dermmnist/slice_1,0,2,70,70,0,0.0,0.7633,0.76,0.0032999999999999696,-0.018100000000000005,0.006850000000000023,-0.0040000000000000036,-15.0,0.0039000000000000007,1,1,results/pending_runs/paperv2_phase4/cls_0/L70_G70/tralo/seed_2,results/pending_runs/paperv2_phase4/cls_0/L70_G70/fioretto_ldf/seed_2
paperv2_phase4,dermmnist,MobileNetV3,L30_G30,data/dermmnist/slice_1,0,4,30,30,0,0.0,0.7426,0.7275,0.015100000000000002,0.04710000000000003,0.009716666666666818,0.0030000000000000027,-5.0,-0.00010000000000000286,1,1,results/pending_runs/paperv2_phase4/cls_0/L30_G30/tralo/seed_4,results/pending_runs/paperv2_phase4/cls_0/L30_G30/fioretto_ldf/seed_4
paperv2_phase4,dermmnist,MobileNetV3,L30_G30,data/dermmnist/slice_1,0,3,30,30,0,0.0,0.7129,0.7316,-0.01870000000000005,0.0,-0.021850000000000147,-0.006000000000000005,-2.0,0.0063,1,1,results/pending_runs/paperv2_phase4/cls_0/L30_G30/tralo/seed_3,results/pending_runs/paperv2_phase4/cls_0/L30_G30/fioretto_ldf/seed_3
paperv2_phase4,dermmnist,MobileNetV3,L30_G30,data/dermmnist/slice_1,0,1,30,30,0,0.0,0.7143,0.7203,-0.006000000000000005,0.02360000000000001,-0.011016666666666786,-0.0010000000000000009,-3.0,0.0025000000000000022,1,1,results/pending_runs/paperv2_phase4/cls_0/L30_G30/tralo/seed_1,results/pending_runs/paperv2_phase4/cls_0/L30_G30/fioretto_ldf/seed_1
paperv2_phase4,dermmnist,MobileNetV3,L30_G30,data/dermmnist/slice_1,0,2,30,30,0,0.0,0.7157,0.7135,0.0021999999999999797,0.02360000000000001,-0.0013333333333332975,0.0010000000000000009,-4.0,0.0016000000000000042,1,1,results/pending_runs/paperv2_phase4/cls_0/L30_G30/tralo/seed_2,results/pending_runs/paperv2_phase4/cls_0/L30_G30/fioretto_ldf/seed_2
paperv2_phase4,dermmnist,MobileNetV3,L50_G50,data/dermmnist/slice_1,0,4,50,50,0,0.0,0.7667,0.761,0.005700000000000038,0.018199999999999994,0.0036333333333331552,0.0010000000000000009,0.0,-0.0006000000000000033,1,1,results/pending_runs/paperv2_phase4/cls_0/L50_G50/tralo/seed_4,results/pending_runs/paperv2_phase4/cls_0/L50_G50/fioretto_ldf/seed_4
paperv2_phase4,dermmnist,MobileNetV3,L50_G50,data/dermmnist/slice_1,0,3,50,50,0,0.0,0.7459,0.7268,0.019100000000000006,0.13689999999999997,-0.00046666666666661527,0.0050000000000000044,0.0,-0.003699999999999995,1,1,results/pending_runs/paperv2_phase4/cls_0/L50_G50/tralo/seed_3,results/pending_runs/paperv2_phase4/cls_0/L50_G50/fioretto_ldf/seed_3
paperv2_phase4,dermmnist,MobileNetV3,L50_G50,data/dermmnist/slice_1,0,1,50,50,0,0.0,0.741,0.742,-0.0010000000000000009,-0.005900000000000016,-0.00014999999999998348,-0.0010000000000000009,0.0,0.0005000000000000004,1,1,results/pending_runs/paperv2_phase4/cls_0/L50_G50/tralo/seed_1,results/pending_runs/paperv2_phase4/cls_0/L50_G50/fioretto_ldf/seed_1
paperv2_phase4,dermmnist,MobileNetV3,L50_G50,data/dermmnist/slice_1,0,2,50,50,0,0.0,0.7515,0.7141,0.03739999999999999,0.16710000000000003,0.015799999999999814,0.00649999999999995,0.0,-0.0049999999999999906,1,1,results/pending_runs/paperv2_phase4/cls_0/L50_G50/tralo/seed_2,results/pending_runs/paperv2_phase4/cls_0/L50_G50/fioretto_ldf/seed_2
paperv2_phase4,dermmnist,MobileNetV3,L80_G80,data/dermmnist/slice_1,0,4,80,80,0,0.0,0.7868,0.7924,-0.005599999999999938,-0.006000000000000005,-0.0055833333333333846,0.0004999999999999449,0.0,-0.0021999999999999936,1,1,results/pending_runs/paperv2_phase4/cls_0/L80_G80/tralo/seed_4,results/pending_runs/paperv2_phase4/cls_0/L80_G80/fioretto_ldf/seed_4
paperv2_phase4,dermmnist,MobileNetV3,L80_G80,data/dermmnist/slice_1,0,3,80,80,0,0.0,0.7781,0.7778,0.00029999999999996696,0.0515000000000001,-0.00818333333333321,-0.0010000000000000009,0.0,-0.0007000000000000062,1,1,results/pending_runs/paperv2_phase4/cls_0/L80_G80/tralo/seed_3,results/pending_runs/paperv2_phase4/cls_0/L80_G80/fioretto_ldf/seed_3
paperv2_phase4,dermmnist,MobileNetV3,L80_G80,data/dermmnist/slice_1,0,1,80,80,0,0.0,0.7488,0.7795,-0.03069999999999995,-0.01100000000000001,-0.03400000000000003,-0.010500000000000065,0.0,0.012800000000000006,1,1,results/pending_runs/paperv2_phase4/cls_0/L80_G80/tralo/seed_1,results/pending_runs/paperv2_phase4/cls_0/L80_G80/fioretto_ldf/seed_1
paperv2_phase4,dermmnist,MobileNetV3,L80_G80,data/dermmnist/slice_1,0,2,80,80,0,0.0,0.7581,0.7625,-0.0043999999999999595,-0.010399999999999965,-0.003366666666666518,-0.0045000000000000595,0.0,0.005299999999999999,1,1,results/pending_runs/paperv2_phase4/cls_0/L80_G80/tralo/seed_2,results/pending_runs/paperv2_phase4/cls_0/L80_G80/fioretto_ldf/seed_2
paperv2_phase4,dermmnist,MobileNetV3,L20_G20,data/dermmnist/slice_1,2,4,20,20,0,0.0,0.6854,0.6792,0.006199999999999983,0.04819999999999999,-0.0007166666666666988,0.0034999999999999476,0.0,-0.0030000000000000027,1,1,results/pending_runs/paperv2_phase4/cls_2/L20_G20/tralo/seed_4,results/pending_runs/paperv2_phase4/cls_2/L20_G20/fioretto_ldf/seed_4
paperv2_phase4,dermmnist,MobileNetV3,L20_G20,data/dermmnist/slice_1,2,3,20,20,0,0.0,0.6842,0.6733,0.01090000000000002,0.10329999999999998,-0.004466666666666619,0.00550000000000006,0.0,-0.003699999999999981,1,1,results/pending_runs/paperv2_phase4/cls_2/L20_G20/tralo/seed_3,results/pending_runs/paperv2_phase4/cls_2/L20_G20/fioretto_ldf/seed_3
paperv2_phase4,dermmnist,MobileNetV3,L20_G20,data/dermmnist/slice_1,2,1,20,20,0,0.0,0.6792,0.6572,0.02200000000000002,0.09499999999999997,0.00990000000000002,0.011499999999999955,-1.0,-0.0116,1,0,results/pending_runs/paperv2_phase4/cls_2/L20_G20/tralo/seed_1,results/pending_runs/paperv2_phase4/cls_2/L20_G20/fioretto_ldf/seed_1
paperv2_phase4,dermmnist,MobileNetV3,L20_G20,data/dermmnist/slice_1,2,2,20,20,0,0.0,0.6671,0.6362,0.03090000000000004,0.0625,0.025599999999999956,0.01100000000000001,0.0,-0.008599999999999997,1,1,results/pending_runs/paperv2_phase4/cls_2/L20_G20/tralo/seed_2,results/pending_runs/paperv2_phase4/cls_2/L20_G20/fioretto_ldf/seed_2
paperv2_phase4,dermmnist,MobileNetV3,L70_G70,data/dermmnist/slice_1,2,4,70,70,0,0.0,0.7699,0.7696,0.000300000000000078,0.010699999999999932,-0.0014166666666668437,0.000500000000000056,-9.0,-0.0029,1,1,results/pending_runs/paperv2_phase4/cls_2/L70_G70/tralo/seed_4,results/pending_runs/paperv2_phase4/cls_2/L70_G70/fioretto_ldf/seed_4
paperv2_phase4,dermmnist,MobileNetV3,L70_G70,data/dermmnist/slice_1,2,3,70,70,0,0.0,0.7772,0.7759,0.0012999999999999678,0.0,0.0014333333333333975,0.0,-13.0,0.0023999999999999994,1,1,results/pending_runs/paperv2_phase4/cls_2/L70_G70/tralo/seed_3,results/pending_runs/paperv2_phase4/cls_2/L70_G70/fioretto_ldf/seed_3
paperv2_phase4,dermmnist,MobileNetV3,L70_G70,data/dermmnist/slice_1,2,1,70,70,0,0.0,0.7783,0.7828,-0.0045000000000000595,-0.005300000000000082,-0.00436666666666663,-0.0020000000000000018,-7.0,0.0023999999999999994,1,1,results/pending_runs/paperv2_phase4/cls_2/L70_G70/tralo/seed_1,results/pending_runs/paperv2_phase4/cls_2/L70_G70/fioretto_ldf/seed_1
paperv2_phase4,dermmnist,MobileNetV3,L70_G70,data/dermmnist/slice_1,2,2,70,70,0,0.0,0.7664,0.7671,-0.0007000000000000339,0.005400000000000071,-0.0017500000000001403,0.0004999999999999449,-18.0,-0.004799999999999999,1,1,results/pending_runs/paperv2_phase4/cls_2/L70_G70/tralo/seed_2,results/pending_runs/paperv2_phase4/cls_2/L70_G70/fioretto_ldf/seed_2
paperv2_phase4,dermmnist,MobileNetV3,L30_G30,data/dermmnist/slice_1,2,4,30,30,0,0.0,0.7004,0.7097,-0.009299999999999975,0.006999999999999951,-0.0121,-0.0010000000000000009,-13.0,-0.0022000000000000075,1,1,results/pending_runs/paperv2_phase4/cls_2/L30_G30/tralo/seed_4,results/pending_runs/paperv2_phase4/cls_2/L30_G30/fioretto_ldf/seed_4
paperv2_phase4,dermmnist,MobileNetV3,L30_G30,data/dermmnist/slice_1,2,3,30,30,0,0.0,0.7187,0.7204,-0.0017000000000000348,0.0,-0.0019333333333333425,0.0020000000000000018,-7.0,-0.005299999999999999,1,1,results/pending_runs/paperv2_phase4/cls_2/L30_G30/tralo/seed_3,results/pending_runs/paperv2_phase4/cls_2/L30_G30/fioretto_ldf/seed_3
paperv2_phase4,dermmnist,MobileNetV3,L30_G30,data/dermmnist/slice_1,2,1,30,30,0,0.0,0.6912,0.7166,-0.025399999999999978,-0.006999999999999951,-0.028583333333333183,-0.007499999999999951,-14.0,0.0012000000000000066,1,1,results/pending_runs/paperv2_phase4/cls_2/L30_G30/tralo/seed_1,results/pending_runs/paperv2_phase4/cls_2/L30_G30/fioretto_ldf/seed_1
paperv2_phase4,dermmnist,MobileNetV3,L30_G30,data/dermmnist/slice_1,2,2,30,30,0,0.0,0.7025,0.7005,0.0020000000000000018,0.0,0.0023166666666667446,0.0019000000000000128,-10.0,-0.004799999999999999,1,1,results/pending_runs/paperv2_phase4/cls_2/L30_G30/tralo/seed_2,results/pending_runs/paperv2_phase4/cls_2/L30_G30/fioretto_ldf/seed_2
paperv2_phase4,dermmnist,MobileNetV3,L50_G50,data/dermmnist/slice_1,2,4,50,50,0,0.0,0.7448,0.7456,-0.0008000000000000229,0.030299999999999994,-0.0059833333333333405,0.0024999999999999467,-19.0,-0.004199999999999995,1,1,results/pending_runs/paperv2_phase4/cls_2/L50_G50/tralo/seed_4,results/pending_runs/paperv2_phase4/cls_2/L50_G50/fioretto_ldf/seed_4
paperv2_phase4,dermmnist,MobileNetV3,L50_G50,data/dermmnist/slice_1,2,3,50,50,0,0.0,0.7504,0.7494,0.0010000000000000009,-0.006099999999999994,0.0022166666666666446,0.0010000000000000009,-23.0,-0.004799999999999999,0,1,results/pending_runs/paperv2_phase4/cls_2/L50_G50/tralo/seed_3,results/pending_runs/paperv2_phase4/cls_2/L50_G50/fioretto_ldf/seed_3
paperv2_phase4,dermmnist,MobileNetV3,L50_G50,data/dermmnist/slice_1,2,1,50,50,0,0.0,0.7613,0.7633,-0.0020000000000000018,0.0,-0.0023500000000000743,0.0,1.0,0.0011999999999999927,1,1,results/pending_runs/paperv2_phase4/cls_2/L50_G50/tralo/seed_1,results/pending_runs/paperv2_phase4/cls_2/L50_G50/fioretto_ldf/seed_1
paperv2_phase4,dermmnist,MobileNetV3,L50_G50,data/dermmnist/slice_1,2,2,50,50,0,0.0,0.7469,0.746,0.0009000000000000119,0.018199999999999994,-0.0019333333333333425,0.0,-18.0,-0.0003999999999999976,1,1,results/pending_runs/paperv2_phase4/cls_2/L50_G50/tralo/seed_2,results/pending_runs/paperv2_phase4/cls_2/L50_G50/fioretto_ldf/seed_2
paperv2_phase4,dermmnist,MobileNetV3,L80_G80,data/dermmnist/slice_1,2,4,80,80,0,0.0,0.7784,0.7815,-0.0030999999999999917,-0.005099999999999993,-0.002766666666666695,-0.0010000000000000009,-12.0,-0.0030000000000000027,1,1,results/pending_runs/paperv2_phase4/cls_2/L80_G80/tralo/seed_4,results/pending_runs/paperv2_phase4/cls_2/L80_G80/fioretto_ldf/seed_4
paperv2_phase4,dermmnist,MobileNetV3,L80_G80,data/dermmnist/slice_1,2,3,80,80,0,0.0,0.7887,0.7887,0.0,0.0,6.666666666665932e-05,-0.0004999999999999449,-7.0,0.00010000000000000286,1,1,results/pending_runs/paperv2_phase4/cls_2/L80_G80/tralo/seed_3,results/pending_runs/paperv2_phase4/cls_2/L80_G80/fioretto_ldf/seed_3
paperv2_phase4,dermmnist,MobileNetV3,L80_G80,data/dermmnist/slice_1,2,1,80,80,0,0.0,0.7836,0.7857,-0.0020999999999999908,-0.005099999999999993,-0.0017000000000000348,-0.0010000000000000009,-12.0,-0.0013999999999999985,1,0,results/pending_runs/paperv2_phase4/cls_2/L80_G80/tralo/seed_1,results/pending_runs/paperv2_phase4/cls_2/L80_G80/fioretto_ldf/seed_1
paperv2_phase4,dermmnist,MobileNetV3,L80_G80,data/dermmnist/slice_1,2,2,80,80,0,0.0,0.7749,0.7779,-0.0030000000000000027,0.0050000000000000044,-0.004333333333333411,0.0004999999999999449,-12.0,-0.001700000000000007,1,1,results/pending_runs/paperv2_phase4/cls_2/L80_G80/tralo/seed_2,results/pending_runs/paperv2_phase4/cls_2/L80_G80/fioretto_ldf/seed_2
paperv2_phase5,dermmnist,MobileNetV3,L20_G20,data/dermmnist/slice_1,4,4,20,20,0,0.0,0.7108,0.7172,-0.006399999999999961,0.007500000000000007,-0.008716666666666595,0.0034999999999999476,-11.0,-0.011400000000000021,1,1,results/pending_runs/paperv2_phase5/L20_G20/tralo/seed_4,results/pending_runs/paperv2_phase5/L20_G20/fioretto_ldf/seed_4
paperv2_phase5,dermmnist,MobileNetV3,L20_G20,data/dermmnist/slice_1,4,3,20,20,0,0.0,0.7211,0.7179,0.0031999999999999806,0.0,0.0036999999999999256,0.0020000000000000018,-12.0,-0.0068000000000000005,1,1,results/pending_runs/paperv2_phase5/L20_G20/tralo/seed_3,results/pending_runs/paperv2_phase5/L20_G20/fioretto_ldf/seed_3
paperv2_phase5,dermmnist,MobileNetV3,L20_G20,data/dermmnist/slice_1,4,1,20,20,0,0.0,0.6897,0.6856,0.0040999999999999925,0.007500000000000007,0.0036166666666668235,0.005499999999999949,-5.0,-0.006199999999999983,1,1,results/pending_runs/paperv2_phase5/L20_G20/tralo/seed_1,results/pending_runs/paperv2_phase5/L20_G20/fioretto_ldf/seed_1
paperv2_phase5,dermmnist,MobileNetV3,L20_G20,data/dermmnist/slice_1,4,2,20,20,0,0.0,0.7093,0.7084,0.0009000000000000119,0.0,0.0010499999999998844,0.000500000000000056,-11.0,-0.006599999999999995,1,1,results/pending_runs/paperv2_phase5/L20_G20/tralo/seed_2,results/pending_runs/paperv2_phase5/L20_G20/fioretto_ldf/seed_2
paperv2_phase5,dermmnist,MobileNetV3,L70_G70,data/dermmnist/slice_1,4,4,70,70,0,0.0,0.7823,0.7877,-0.00539999999999996,-0.005299999999999971,-0.005433333333333401,-0.0015000000000000568,-2.0,0.0024999999999999883,1,1,results/pending_runs/paperv2_phase5/L70_G70/tralo/seed_4,results/pending_runs/paperv2_phase5/L70_G70/fioretto_ldf/seed_4
paperv2_phase5,dermmnist,MobileNetV3,L70_G70,data/dermmnist/slice_1,4,3,70,70,0,0.0,0.7918,0.7899,0.0018999999999999018,0.0,0.0022333333333333094,0.0,-3.0,0.00020000000000000573,1,1,results/pending_runs/paperv2_phase5/L70_G70/tralo/seed_3,results/pending_runs/paperv2_phase5/L70_G70/fioretto_ldf/seed_3
paperv2_phase5,dermmnist,MobileNetV3,L70_G70,data/dermmnist/slice_1,4,1,70,70,0,0.0,0.7848,0.7868,-0.0020000000000000018,0.0,-0.0022999999999999687,-0.0010000000000000009,-13.0,-0.001700000000000007,1,1,results/pending_runs/paperv2_phase5/L70_G70/tralo/seed_1,results/pending_runs/paperv2_phase5/L70_G70/fioretto_ldf/seed_1
paperv2_phase5,dermmnist,MobileNetV3,L70_G70,data/dermmnist/slice_1,4,2,70,70,0,0.0,0.7761,0.7763,-0.00019999999999997797,0.010600000000000054,-0.0020166666666666666,0.0020000000000000018,-15.0,-0.004500000000000004,1,1,results/pending_runs/paperv2_phase5/L70_G70/tralo/seed_2,results/pending_runs/paperv2_phase5/L70_G70/fioretto_ldf/seed_2
paperv2_phase5,dermmnist,MobileNetV3,L30_G30,data/dermmnist/slice_1,4,4,30,30,0,0.0,0.7318,0.7393,-0.007499999999999951,0.0,-0.008816666666666695,-0.000500000000000056,-8.0,-0.0019000000000000128,1,1,results/pending_runs/paperv2_phase5/L30_G30/tralo/seed_4,results/pending_runs/paperv2_phase5/L30_G30/fioretto_ldf/seed_4
paperv2_phase5,dermmnist,MobileNetV3,L30_G30,data/dermmnist/slice_1,4,3,30,30,0,0.0,0.7401,0.7367,0.0033999999999999586,0.006900000000000017,0.002766666666666695,-0.0004999999999999449,-11.0,0.0015000000000000013,1,0,results/pending_runs/paperv2_phase5/L30_G30/tralo/seed_3,results/pending_runs/paperv2_phase5/L30_G30/fioretto_ldf/seed_3
paperv2_phase5,dermmnist,MobileNetV3,L30_G30,data/dermmnist/slice_1,4,1,30,30,0,0.0,0.7181,0.7149,0.0031999999999999806,0.0,0.0037333333333333663,0.0010000000000000009,-6.0,-0.001700000000000007,1,1,results/pending_runs/paperv2_phase5/L30_G30/tralo/seed_1,results/pending_runs/paperv2_phase5/L30_G30/fioretto_ldf/seed_1
paperv2_phase5,dermmnist,MobileNetV3,L30_G30,data/dermmnist/slice_1,4,2,30,30,0,0.0,0.7373,0.734,0.0032999999999999696,0.0,0.003766666666666585,0.0,6.0,0.002799999999999997,1,1,results/pending_runs/paperv2_phase5/L30_G30/tralo/seed_2,results/pending_runs/paperv2_phase5/L30_G30/fioretto_ldf/seed_2
paperv2_phase5,dermmnist,MobileNetV3,L50_G50,data/dermmnist/slice_1,4,4,50,50,0,0.0,0.7614,0.7605,0.0009000000000000119,0.006000000000000005,4.999999999999449e-05,0.0004999999999999449,-9.0,-0.0013999999999999985,1,1,results/pending_runs/paperv2_phase5/L50_G50/tralo/seed_4,results/pending_runs/paperv2_phase5/L50_G50/fioretto_ldf/seed_4
paperv2_phase5,dermmnist,MobileNetV3,L50_G50,data/dermmnist/slice_1,4,3,50,50,0,0.0,0.7767,0.7782,-0.0015000000000000568,0.0,-0.0017166666666664776,-0.0014999999999999458,-4.0,-0.00010000000000000286,1,1,results/pending_runs/paperv2_phase5/L50_G50/tralo/seed_3,results/pending_runs/paperv2_phase5/L50_G50/fioretto_ldf/seed_3
paperv2_phase5,dermmnist,MobileNetV3,L50_G50,data/dermmnist/slice_1,4,1,50,50,0,0.0,0.7611,0.7572,0.0039000000000000146,-0.005900000000000016,0.005616666666666603,0.0030000000000000027,-17.0,-0.007900000000000004,1,1,results/pending_runs/paperv2_phase5/L50_G50/tralo/seed_1,results/pending_runs/paperv2_phase5/L50_G50/fioretto_ldf/seed_1
paperv2_phase5,dermmnist,MobileNetV3,L50_G50,data/dermmnist/slice_1,4,2,50,50,0,0.0,0.7504,0.7555,-0.005099999999999993,0.0,-0.005933333333333235,-0.0020000000000000018,-3.0,0.0010000000000000009,1,1,results/pending_runs/paperv2_phase5/L50_G50/tralo/seed_2,results/pending_runs/paperv2_phase5/L50_G50/fioretto_ldf/seed_2
paperv2_phase5,dermmnist,MobileNetV3,L80_G80,data/dermmnist/slice_1,4,4,80,80,0,0.0,0.7914,0.7935,-0.0020999999999999908,0.0050000000000000044,-0.003283333333333305,-0.0010000000000000009,0.0,0.002800000000000011,1,1,results/pending_runs/paperv2_phase5/L80_G80/tralo/seed_4,results/pending_runs/paperv2_phase5/L80_G80/fioretto_ldf/seed_4
paperv2_phase5,dermmnist,MobileNetV3,L80_G80,data/dermmnist/slice_1,4,3,80,80,0,0.0,0.792,0.7898,0.0022000000000000908,0.0011999999999999789,0.0023333333333334094,0.0,0.0,0.0010000000000000009,1,1,results/pending_runs/paperv2_phase5/L80_G80/tralo/seed_3,results/pending_runs/paperv2_phase5/L80_G80/fioretto_ldf/seed_3
paperv2_phase5,dermmnist,MobileNetV3,L80_G80,data/dermmnist/slice_1,4,1,80,80,0,0.0,0.7742,0.7862,-0.01200000000000001,0.006800000000000028,-0.015200000000000102,-0.0034999999999999476,0.0,0.009900000000000006,1,1,results/pending_runs/paperv2_phase5/L80_G80/tralo/seed_1,results/pending_runs/paperv2_phase5/L80_G80/fioretto_ldf/seed_1
paperv2_phase5,dermmnist,MobileNetV3,L80_G80,data/dermmnist/slice_1,4,2,80,80,0,0.0,0.7849,0.779,0.005900000000000016,-0.0013999999999999568,0.007133333333333325,0.0,-1.0,-0.00020000000000000573,1,0,results/pending_runs/paperv2_phase5/L80_G80/tralo/seed_2,results/pending_runs/paperv2_phase5/L80_G80/fioretto_ldf/seed_2
aider_seed_ext,aider,MobileNetV3,L20_G20,data/aider/slice_1,0,8,20,20,0,0.0,0.8073,0.8083,-0.0010000000000000009,0.0,-0.0013666666666667382,0.0,-4.0,-0.004600000000000007,1,1,results/pending_runs/aider_seed_ext/L20_G20/tralo/seed_8,results/pending_runs/aider_seed_ext/L20_G20/fioretto_ldf/seed_8
aider_seed_ext,aider,MobileNetV3,L20_G20,data/aider/slice_1,0,6,20,20,0,0.0,0.7879,0.7865,0.0014000000000000679,0.0,0.0018333333333333535,0.0009000000000000119,-3.0,-0.002799999999999997,1,1,results/pending_runs/aider_seed_ext/L20_G20/tralo/seed_6,results/pending_runs/aider_seed_ext/L20_G20/fioretto_ldf/seed_6
aider_seed_ext,aider,MobileNetV3,L20_G20,data/aider/slice_1,0,7,20,20,0,0.0,0.7852,0.7852,0.0,0.0,0.0,0.0,-7.0,-0.008099999999999996,1,1,results/pending_runs/aider_seed_ext/L20_G20/tralo/seed_7,results/pending_runs/aider_seed_ext/L20_G20/fioretto_ldf/seed_7
aider_seed_ext,aider,MobileNetV3,L20_G20,data/aider/slice_1,0,5,20,20,0,0.0,0.7951,0.7958,-0.0006999999999999229,0.0,-0.0009000000000000119,0.0009000000000000119,-5.0,-0.004899999999999988,1,1,results/pending_runs/aider_seed_ext/L20_G20/tralo/seed_5,results/pending_runs/aider_seed_ext/L20_G20/fioretto_ldf/seed_5
aider_seed_ext,aider,MobileNetV3,L70_G70,data/aider/slice_1,0,8,70,70,0,0.0,0.9377,0.9377,0.0,0.0,0.0,0.0,-3.0,-0.0007999999999999986,1,1,results/pending_runs/aider_seed_ext/L70_G70/tralo/seed_8,results/pending_runs/aider_seed_ext/L70_G70/fioretto_ldf/seed_8
aider_seed_ext,aider,MobileNetV3,L70_G70,data/aider/slice_1,0,6,70,70,0,0.0,0.9304,0.9304,0.0,0.0,0.0,0.0,-1.0,-0.0029,1,1,results/pending_runs/aider_seed_ext/L70_G70/tralo/seed_6,results/pending_runs/aider_seed_ext/L70_G70/fioretto_ldf/seed_6
aider_seed_ext,aider,MobileNetV3,L70_G70,data/aider/slice_1,0,7,70,70,0,0.0,0.9296,0.9296,0.0,0.0,0.0,0.0,-2.0,-0.0003999999999999976,1,1,results/pending_runs/aider_seed_ext/L70_G70/tralo/seed_7,results/pending_runs/aider_seed_ext/L70_G70/fioretto_ldf/seed_7
aider_seed_ext,aider,MobileNetV3,L70_G70,data/aider/slice_1,0,5,70,70,0,0.0,0.9328,0.9339,-0.0010999999999999899,0.0,-0.0014000000000001789,0.0,-9.0,-0.006199999999999997,1,1,results/pending_runs/aider_seed_ext/L70_G70/tralo/seed_5,results/pending_runs/aider_seed_ext/L70_G70/fioretto_ldf/seed_5
aider_seed_ext,aider,MobileNetV3,L30_G30,data/aider/slice_1,0,8,30,30,0,0.0,0.8426,0.8433,-0.0007000000000000339,0.0,-0.0009333333333333416,0.0008000000000000229,-11.0,-0.010499999999999995,1,1,results/pending_runs/aider_seed_ext/L30_G30/tralo/seed_8,results/pending_runs/aider_seed_ext/L30_G30/fioretto_ldf/seed_8
aider_seed_ext,aider,MobileNetV3,L30_G30,data/aider/slice_1,0,6,30,30,0,0.0,0.8239,0.8256,-0.0017000000000000348,0.0,-0.00236666666666685,-0.0007999999999999119,-2.0,-0.00010000000000000286,1,1,results/pending_runs/aider_seed_ext/L30_G30/tralo/seed_6,results/pending_runs/aider_seed_ext/L30_G30/fioretto_ldf/seed_6
aider_seed_ext,aider,MobileNetV3,L30_G30,data/aider/slice_1,0,7,30,30,0,0.0,0.827,0.8256,0.0013999999999999568,0.0,0.0019333333333332314,0.0008000000000000229,-9.0,-0.004500000000000004,1,1,results/pending_runs/aider_seed_ext/L30_G30/tralo/seed_7,results/pending_runs/aider_seed_ext/L30_G30/fioretto_ldf/seed_7
aider_seed_ext,aider,MobileNetV3,L30_G30,data/aider/slice_1,0,5,30,30,0,0.0,0.8336,0.8318,0.0018000000000000238,0.0,0.0025000000000000577,0.0017000000000000348,-11.0,-0.009899999999999992,1,1,results/pending_runs/aider_seed_ext/L30_G30/tralo/seed_5,results/pending_runs/aider_seed_ext/L30_G30/fioretto_ldf/seed_5
aider_seed_ext,aider,MobileNetV3,L80_G80,data/aider/slice_1,0,8,80,80,0,0.0,0.962,0.962,0.0,0.0,0.0,0.0,-1.0,0.0034999999999999996,1,1,results/pending_runs/aider_seed_ext/L80_G80/tralo/seed_8,results/pending_runs/aider_seed_ext/L80_G80/fioretto_ldf/seed_8
aider_seed_ext,aider,MobileNetV3,L80_G80,data/aider/slice_1,0,6,80,80,0,0.0,0.9525,0.9536,-0.0010999999999999899,0.0,-0.0015333333333332755,0.0,-1.0,0.0022000000000000006,1,0,results/pending_runs/aider_seed_ext/L80_G80/tralo/seed_6,results/pending_runs/aider_seed_ext/L80_G80/fioretto_ldf/seed_6
aider_seed_ext,aider,MobileNetV3,L80_G80,data/aider/slice_1,0,7,80,80,0,0.0,0.9497,0.9511,-0.0013999999999999568,0.0,-0.0018666666666666831,-0.0009000000000000119,-5.0,-0.003199999999999998,1,1,results/pending_runs/aider_seed_ext/L80_G80/tralo/seed_7,results/pending_runs/aider_seed_ext/L80_G80/fioretto_ldf/seed_7
aider_seed_ext,aider,MobileNetV3,L80_G80,data/aider/slice_1,0,5,80,80,0,0.0,0.9548,0.9565,-0.0017000000000000348,0.0,-0.00226666666666675,0.0008000000000000229,-11.0,-0.009600000000000001,1,1,results/pending_runs/aider_seed_ext/L80_G80/tralo/seed_5,results/pending_runs/aider_seed_ext/L80_G80/fioretto_ldf/seed_5
class_rotation,aider,MobileNetV3,L50_G50,data/aider/slice_1,3,1,50,50,0,0.0,0.6906,0.6965,-0.005900000000000016,0.0,-0.007799999999999918,0.0,-22.0,-0.014900000000000024,1,1,results/pending_runs/class_rotation/aider/MobileNetV3/constrained3_majority_73.9pct_L50_G50/tralo/seed_1,results/pending_runs/class_rotation/aider/MobileNetV3/constrained3_majority_73.9pct_L50_G50/fioretto_ldf/seed_1
class_rotation,aider,MobileNetV3,L50_G50,data/aider/slice_1,3,2,50,50,0,0.0,0.6367,0.6404,-0.0036999999999999256,0.0,-0.004966666666666786,-0.0008999999999999009,-9.0,0.003500000000000003,1,1,results/pending_runs/class_rotation/aider/MobileNetV3/constrained3_majority_73.9pct_L50_G50/tralo/seed_2,results/pending_runs/class_rotation/aider/MobileNetV3/constrained3_majority_73.9pct_L50_G50/fioretto_ldf/seed_2
class_rotation,aider,MobileNetV3,L50_G50,data/aider/slice_1,2,1,50,50,0,0.0,0.8649,0.8645,0.00039999999999995595,0.0,0.0005666666666666043,0.0007999999999999119,-8.0,-0.007999999999999993,1,1,results/pending_runs/class_rotation/aider/MobileNetV3/constrained2_alt_smallB_8.8pct_L50_G50/tralo/seed_1,results/pending_runs/class_rotation/aider/MobileNetV3/constrained2_alt_smallB_8.8pct_L50_G50/fioretto_ldf/seed_1
class_rotation,aider,MobileNetV3,L50_G50,data/aider/slice_1,2,2,50,50,0,0.0,0.8838,0.879,0.0048000000000000265,0.0,0.006366666666666632,0.0032999999999999696,-3.0,-0.006400000000000003,1,1,results/pending_runs/class_rotation/aider/MobileNetV3/constrained2_alt_smallB_8.8pct_L50_G50/tralo/seed_2,results/pending_runs/class_rotation/aider/MobileNetV3/constrained2_alt_smallB_8.8pct_L50_G50/fioretto_ldf/seed_2
class_rotation,aider,MobileNetV3,L50_G50,data/aider/slice_1,1,1,50,50,0,0.0,0.8732,0.8737,-0.000500000000000056,0.0,-0.0005999999999999339,0.0,-7.0,-0.008300000000000002,1,1,results/pending_runs/class_rotation/aider/MobileNetV3/constrained1_alt_smallA_8.7pct_L50_G50/tralo/seed_1,results/pending_runs/class_rotation/aider/MobileNetV3/constrained1_alt_smallA_8.7pct_L50_G50/fioretto_ldf/seed_1
class_rotation,aider,MobileNetV3,L50_G50,data/aider/slice_1,1,2,50,50,0,0.0,0.8789,0.8764,0.0025000000000000577,0.0,0.0033999999999999586,0.0009000000000000119,-4.0,-0.007099999999999995,1,1,results/pending_runs/class_rotation/aider/MobileNetV3/constrained1_alt_smallA_8.7pct_L50_G50/tralo/seed_2,results/pending_runs/class_rotation/aider/MobileNetV3/constrained1_alt_smallA_8.7pct_L50_G50/fioretto_ldf/seed_2
class_rotation,dermmnist,MobileNetV3,L50_G50,data/dermmnist/slice_1,0,1,50,50,0,0.0,0.7332,0.7404,-0.007199999999999984,-0.007399999999999962,-0.007099999999999884,0.0,-1.0,0.00839999999999999,1,0,results/pending_runs/class_rotation/dermmnist/MobileNetV3/constrained0_small_3.2pct_L50_G50/tralo/seed_1,results/pending_runs/class_rotation/dermmnist/MobileNetV3/constrained0_small_3.2pct_L50_G50/fioretto_ldf/seed_1
class_rotation,dermmnist,MobileNetV3,L50_G50,data/dermmnist/slice_1,0,2,50,50,0,0.0,0.7442,0.716,0.028200000000000003,0.17559999999999998,0.0036166666666667124,0.0044999999999999485,0.0,-0.006200000000000011,1,1,results/pending_runs/class_rotation/dermmnist/MobileNetV3/constrained0_small_3.2pct_L50_G50/tralo/seed_2,results/pending_runs/class_rotation/dermmnist/MobileNetV3/constrained0_small_3.2pct_L50_G50/fioretto_ldf/seed_2
class_rotation,dermmnist,MobileNetV3,L50_G50,data/dermmnist/slice_1,2,1,50,50,0,0.0,0.7597,0.7591,0.0006000000000000449,0.0,0.000700000000000145,0.0015000000000000568,-17.0,-0.004199999999999995,1,1,results/pending_runs/class_rotation/dermmnist/MobileNetV3/constrained2_midsize_11.0pct_L50_G50/tralo/seed_1,results/pending_runs/class_rotation/dermmnist/MobileNetV3/constrained2_midsize_11.0pct_L50_G50/fioretto_ldf/seed_1
class_rotation,dermmnist,MobileNetV3,L50_G50,data/dermmnist/slice_1,2,2,50,50,0,0.0,0.7387,0.7454,-0.006699999999999928,0.018199999999999994,-0.010883333333333245,0.0,-19.0,-0.0006000000000000033,1,1,results/pending_runs/class_rotation/dermmnist/MobileNetV3/constrained2_midsize_11.0pct_L50_G50/tralo/seed_2,results/pending_runs/class_rotation/dermmnist/MobileNetV3/constrained2_midsize_11.0pct_L50_G50/fioretto_ldf/seed_2
class_rotation,tissuemnist,MobileNetV3,L50_G50,data/tissuemnist/slice_1,2,1,50,50,0,0.0,0.4062,0.4044,0.0018000000000000238,0.02360000000000001,-0.0013285714285714567,-0.0025000000000000577,0.0,0.0015999999999999903,1,1,results/pending_runs/class_rotation/tissuemnist/MobileNetV3/constrained2_smallest_3.5pct_L50_G50/tralo/seed_1,results/pending_runs/class_rotation/tissuemnist/MobileNetV3/constrained2_smallest_3.5pct_L50_G50/fioretto_ldf/seed_1
class_rotation,tissuemnist,MobileNetV3,L50_G50,data/tissuemnist/slice_1,2,2,50,50,0,0.0,0.4228,0.4205,0.0023000000000000242,0.010599999999999998,0.00118571428571429,-0.005800000000000027,-1.0,0.0,1,0,results/pending_runs/class_rotation/tissuemnist/MobileNetV3/constrained2_smallest_3.5pct_L50_G50/tralo/seed_2,results/pending_runs/class_rotation/tissuemnist/MobileNetV3/constrained2_smallest_3.5pct_L50_G50/fioretto_ldf/seed_2
class_rotation,tissuemnist,MobileNetV3,L50_G50,data/tissuemnist/slice_1,0,1,50,50,0,0.0,0.4039,0.3899,0.013999999999999957,0.010399999999999965,0.01454285714285719,0.016199999999999992,-14.0,-0.017100000000000004,1,1,results/pending_runs/class_rotation/tissuemnist/MobileNetV3/constrained0_largest_32.1pct_L50_G50/tralo/seed_1,results/pending_runs/class_rotation/tissuemnist/MobileNetV3/constrained0_largest_32.1pct_L50_G50/fioretto_ldf/seed_1
class_rotation,tissuemnist,MobileNetV3,L50_G50,data/tissuemnist/slice_1,0,2,50,50,0,0.0,0.4046,0.4093,-0.004699999999999982,-0.0052000000000000934,-0.0046857142857142375,-0.0007999999999999674,-14.0,-0.006899999999999962,1,1,results/pending_runs/class_rotation/tissuemnist/MobileNetV3/constrained0_largest_32.1pct_L50_G50/tralo/seed_2,results/pending_runs/class_rotation/tissuemnist/MobileNetV3/constrained0_largest_32.1pct_L50_G50/fioretto_ldf/seed_2
class_rotation,tissuemnist,MobileNetV3,L50_G50,data/tissuemnist/slice_1,7,1,50,50,0,0.0,0.4185,0.4101,0.008399999999999963,0.03720000000000001,0.004228571428571415,0.0041999999999999815,0.0,-0.0121,1,1,results/pending_runs/class_rotation/tissuemnist/MobileNetV3/constrained7_mid_14.9pct_L50_G50/tralo/seed_1,results/pending_runs/class_rotation/tissuemnist/MobileNetV3/constrained7_mid_14.9pct_L50_G50/fioretto_ldf/seed_1
class_rotation,tissuemnist,MobileNetV3,L50_G50,data/tissuemnist/slice_1,7,2,50,50,0,0.0,0.4259,0.4224,0.003500000000000003,0.008700000000000041,0.002728571428571358,0.008000000000000007,0.0,-0.008199999999999985,1,1,results/pending_runs/class_rotation/tissuemnist/MobileNetV3/constrained7_mid_14.9pct_L50_G50/tralo/seed_2,results/pending_runs/class_rotation/tissuemnist/MobileNetV3/constrained7_mid_14.9pct_L50_G50/fioretto_ldf/seed_2
octmnist_smoke,octmnist,MobileNetV3,L30_G30,data/octmnist/slice_1,2,1,30,30,0,0.0,0.6358,0.6303,0.00550000000000006,0.018600000000000005,0.0010666666666668823,0.0040000000000000036,-1.0,-0.005299999999999971,1,0,results/pending_runs/octmnist_smoke/MobileNetV3/L30_G30/tralo/seed_1,results/pending_runs/octmnist_smoke/MobileNetV3/L30_G30/fioretto_ldf/seed_1
octmnist_smoke,octmnist,MobileNetV3,L30_G30,data/octmnist/slice_1,2,2,30,30,0,0.0,0.6397,0.6318,0.007900000000000018,0.044300000000000006,-0.004266666666666641,0.0050000000000000044,0.0,-0.014200000000000018,1,1,results/pending_runs/octmnist_smoke/MobileNetV3/L30_G30/tralo/seed_2,results/pending_runs/octmnist_smoke/MobileNetV3/L30_G30/fioretto_ldf/seed_2
octmnist_smoke,octmnist,MobileNetV3,L50_G50,data/octmnist/slice_1,2,1,50,50,0,0.0,0.7062,0.7028,0.0034000000000000696,0.010699999999999932,0.0009666666666667822,0.0020000000000000018,-5.0,-0.0022000000000000075,1,1,results/pending_runs/octmnist_smoke/MobileNetV3/L50_G50/tralo/seed_1,results/pending_runs/octmnist_smoke/MobileNetV3/L50_G50/fioretto_ldf/seed_1
octmnist_smoke,octmnist,MobileNetV3,L50_G50,data/octmnist/slice_1,2,2,50,50,0,0.0,0.7177,0.7204,-0.0027000000000000357,0.005299999999999971,-0.00529999999999986,-0.006000000000000005,-5.0,0.0020000000000000018,1,1,results/pending_runs/octmnist_smoke/MobileNetV3/L50_G50/tralo/seed_2,results/pending_runs/octmnist_smoke/MobileNetV3/L50_G50/fioretto_ldf/seed_2
octmnist_expansion,octmnist,MobileNetV3,L30_G50,data/octmnist/slice_1,2,4,30,50,1,0.0,0.695,0.7072,-0.0122000000000001,0.0,-0.01629999999999987,-0.016000000000000014,-10.0,0.0058,1,1,results/pending_runs/octmnist_expansion/MobileNetV3/L30_G50/tralo/seed_4,results/pending_runs/octmnist_expansion/MobileNetV3/L30_G50/fioretto_ldf/seed_4
octmnist_expansion,octmnist,MobileNetV3,L30_G50,data/octmnist/slice_1,2,3,30,50,1,0.0,0.6126,0.6218,-0.009199999999999986,0.024500000000000022,-0.020433333333333303,-0.010000000000000009,-11.0,0.022599999999999953,1,1,results/pending_runs/octmnist_expansion/MobileNetV3/L30_G50/tralo/seed_3,results/pending_runs/octmnist_expansion/MobileNetV3/L30_G50/fioretto_ldf/seed_3
octmnist_expansion,octmnist,MobileNetV3,L30_G50,data/octmnist/slice_1,2,1,30,50,1,0.0,0.6591,0.6512,0.007900000000000018,0.0,0.010599999999999943,0.008000000000000007,-11.0,-0.017199999999999965,1,0,results/pending_runs/octmnist_expansion/MobileNetV3/L30_G50/tralo/seed_1,results/pending_runs/octmnist_expansion/MobileNetV3/L30_G50/fioretto_ldf/seed_1
octmnist_expansion,octmnist,MobileNetV3,L30_G50,data/octmnist/slice_1,2,2,30,50,1,0.0,0.656,0.6611,-0.005099999999999993,-0.018400000000000027,-0.0005666666666667153,-0.0010000000000000009,-9.0,-0.013900000000000023,1,1,results/pending_runs/octmnist_expansion/MobileNetV3/L30_G50/tralo/seed_2,results/pending_runs/octmnist_expansion/MobileNetV3/L30_G50/fioretto_ldf/seed_2
octmnist_expansion,octmnist,MobileNetV3,L30_G30,data/octmnist/slice_1,2,4,30,30,0,0.0,0.6997,0.6962,0.0034999999999999476,0.028799999999999992,-0.004833333333333245,-0.0020000000000000018,0.0,0.0015000000000000013,1,1,results/pending_runs/octmnist_expansion/MobileNetV3/L30_G30/tralo/seed_4,results/pending_runs/octmnist_expansion/MobileNetV3/L30_G30/fioretto_ldf/seed_4
octmnist_expansion,octmnist,MobileNetV3,L30_G30,data/octmnist/slice_1,2,3,30,30,0,0.0,0.6216,0.6117,0.00990000000000002,0.03589999999999999,0.0012333333333331975,0.006000000000000005,0.0,-0.0010000000000000009,1,1,results/pending_runs/octmnist_expansion/MobileNetV3/L30_G30/tralo/seed_3,results/pending_runs/octmnist_expansion/MobileNetV3/L30_G30/fioretto_ldf/seed_3
octmnist_expansion,octmnist,MobileNetV3,L30_G30,data/octmnist/slice_1,2,1,30,30,0,0.0,0.6358,0.6303,0.00550000000000006,0.018600000000000005,0.0010666666666668823,0.0040000000000000036,-1.0,-0.005299999999999971,1,0,results/pending_runs/octmnist_expansion/MobileNetV3/L30_G30/tralo/seed_1,results/pending_runs/octmnist_expansion/MobileNetV3/L30_G30/fioretto_ldf/seed_1
octmnist_expansion,octmnist,MobileNetV3,L30_G30,data/octmnist/slice_1,2,2,30,30,0,0.0,0.6397,0.6318,0.007900000000000018,0.044300000000000006,-0.004266666666666641,0.0050000000000000044,0.0,-0.014200000000000018,1,1,results/pending_runs/octmnist_expansion/MobileNetV3/L30_G30/tralo/seed_2,results/pending_runs/octmnist_expansion/MobileNetV3/L30_G30/fioretto_ldf/seed_2
octmnist_expansion,octmnist,MobileNetV3,L50_G50,data/octmnist/slice_1,2,4,50,50,0,0.0,0.7079,0.7616,-0.05370000000000008,-0.058699999999999974,-0.052033333333333376,-0.05300000000000005,0.0,0.04379999999999998,1,1,results/pending_runs/octmnist_expansion/MobileNetV3/L50_G50/tralo/seed_4,results/pending_runs/octmnist_expansion/MobileNetV3/L50_G50/fioretto_ldf/seed_4
octmnist_expansion,octmnist,MobileNetV3,L50_G50,data/octmnist/slice_1,2,3,50,50,0,0.0,0.6829,0.6724,0.010499999999999954,0.0,0.013933333333333242,0.010000000000000009,-7.0,-0.010599999999999998,1,1,results/pending_runs/octmnist_expansion/MobileNetV3/L50_G50/tralo/seed_3,results/pending_runs/octmnist_expansion/MobileNetV3/L50_G50/fioretto_ldf/seed_3
octmnist_expansion,octmnist,MobileNetV3,L50_G50,data/octmnist/slice_1,2,1,50,50,0,0.0,0.7062,0.7028,0.0034000000000000696,0.010699999999999932,0.0009666666666667822,0.0020000000000000018,-5.0,-0.0022000000000000075,1,1,results/pending_runs/octmnist_expansion/MobileNetV3/L50_G50/tralo/seed_1,results/pending_runs/octmnist_expansion/MobileNetV3/L50_G50/fioretto_ldf/seed_1
octmnist_expansion,octmnist,MobileNetV3,L50_G50,data/octmnist/slice_1,2,2,50,50,0,0.0,0.7177,0.7204,-0.0027000000000000357,0.005299999999999971,-0.00529999999999986,-0.006000000000000005,-5.0,0.0020000000000000018,1,1,results/pending_runs/octmnist_expansion/MobileNetV3/L50_G50/tralo/seed_2,results/pending_runs/octmnist_expansion/MobileNetV3/L50_G50/fioretto_ldf/seed_2
cifar100_smalltrain,cifar100,MobileNetV3,L30_G30,data/cifar100_subset5/slice_1,0,1,30,30,0,0.0,0.3329,0.332,0.0008999999999999564,0.0,0.0008545454545454412,0.00040000000000001146,0.0,0.0002999999999999947,1,1,results/pending_runs/cifar100_smalltrain/subset5/MobileNetV3/L30_G30/tralo/seed_1,results/pending_runs/cifar100_smalltrain/subset5/MobileNetV3/L30_G30/fioretto_ldf/seed_1
cifar100_smalltrain,cifar100,MobileNetV3,L30_G30,data/cifar100_subset5/slice_1,0,2,30,30,0,0.0,0.3375,0.3378,-0.00029999999999996696,0.0,-0.00026565656565658013,-0.0007000000000000339,3.0,0.002700000000000008,1,1,results/pending_runs/cifar100_smalltrain/subset5/MobileNetV3/L30_G30/tralo/seed_2,results/pending_runs/cifar100_smalltrain/subset5/MobileNetV3/L30_G30/fioretto_ldf/seed_2
cifar100_smalltrain,cifar100,MobileNetV3,L50_G50,data/cifar100_subset5/slice_1,0,1,50,50,0,0.0,0.3372,0.3359,0.0013000000000000234,0.1432,-0.0001393939393939947,-0.0022000000000000353,0.0,0.003999999999999976,1,1,results/pending_runs/cifar100_smalltrain/subset5/MobileNetV3/L50_G50/tralo/seed_1,results/pending_runs/cifar100_smalltrain/subset5/MobileNetV3/L50_G50/fioretto_ldf/seed_1
cifar100_smalltrain,cifar100,MobileNetV3,L50_G50,data/cifar100_subset5/slice_1,0,2,50,50,0,0.0,0.3402,0.3392,0.0010000000000000009,0.01419999999999999,0.0008999999999999009,0.0006999999999999784,0.0,-0.0010999999999999899,1,1,results/pending_runs/cifar100_smalltrain/subset5/MobileNetV3/L50_G50/tralo/seed_2,results/pending_runs/cifar100_smalltrain/subset5/MobileNetV3/L50_G50/fioretto_ldf/seed_2
cifar100_smalltrain,cifar100,MobileNetV3,L30_G30,data/cifar100_subset50/slice_1,0,1,30,30,0,0.0,0.6076,0.6044,0.0031999999999999806,0.0,0.0032595959595957957,0.0029000000000000137,-4.0,-0.002799999999999997,1,1,results/pending_runs/cifar100_smalltrain/subset50/MobileNetV3/L30_G30/tralo/seed_1,results/pending_runs/cifar100_smalltrain/subset50/MobileNetV3/L30_G30/fioretto_ldf/seed_1
cifar100_smalltrain,cifar100,MobileNetV3,L30_G30,data/cifar100_subset50/slice_1,0,2,30,30,0,0.0,0.6173,0.6127,0.0045999999999999375,0.0,0.004698989898989869,0.0046000000000000485,-3.0,-0.004699999999999982,1,1,results/pending_runs/cifar100_smalltrain/subset50/MobileNetV3/L30_G30/tralo/seed_2,results/pending_runs/cifar100_smalltrain/subset50/MobileNetV3/L30_G30/fioretto_ldf/seed_2
cifar100_smalltrain,cifar100,MobileNetV3,L50_G50,data/cifar100_subset50/slice_1,0,1,50,50,0,0.0,0.6284,0.6268,0.0015999999999999348,0.03739999999999999,0.001259595959596016,0.0016999999999999238,0.0,-0.0019000000000000128,1,1,results/pending_runs/cifar100_smalltrain/subset50/MobileNetV3/L50_G50/tralo/seed_1,results/pending_runs/cifar100_smalltrain/subset50/MobileNetV3/L50_G50/fioretto_ldf/seed_1
cifar100_smalltrain,cifar100,MobileNetV3,L50_G50,data/cifar100_subset50/slice_1,0,2,50,50,0,0.0,0.6272,0.6233,0.0039000000000000146,0.04349999999999998,0.0034767676767676337,0.0040999999999999925,0.0,-0.004399999999999987,1,1,results/pending_runs/cifar100_smalltrain/subset50/MobileNetV3/L50_G50/tralo/seed_2,results/pending_runs/cifar100_smalltrain/subset50/MobileNetV3/L50_G50/fioretto_ldf/seed_2
cifar100_smalltrain,cifar100,MobileNetV3,L30_G30,data/cifar100_subset10/slice_1,0,1,30,30,0,0.0,0.4383,0.4379,0.00040000000000001146,0.0,0.00047272727272740234,0.0007000000000000339,-3.0,-0.00040000000000001146,1,1,results/pending_runs/cifar100_smalltrain/subset10/MobileNetV3/L30_G30/tralo/seed_1,results/pending_runs/cifar100_smalltrain/subset10/MobileNetV3/L30_G30/fioretto_ldf/seed_1
cifar100_smalltrain,cifar100,MobileNetV3,L30_G30,data/cifar100_subset10/slice_1,0,2,30,30,0,0.0,0.4322,0.4309,0.0012999999999999678,0.0,0.0013363636363636355,0.0009000000000000119,-5.0,-0.00030000000000002247,1,1,results/pending_runs/cifar100_smalltrain/subset10/MobileNetV3/L30_G30/tralo/seed_2,results/pending_runs/cifar100_smalltrain/subset10/MobileNetV3/L30_G30/fioretto_ldf/seed_2
cifar100_smalltrain,cifar100,MobileNetV3,L50_G50,data/cifar100_subset10/slice_1,0,1,50,50,0,0.0,0.443,0.4427,0.00030000000000002247,0.08440000000000003,-0.0006181818181819065,-0.00029999999999996696,0.0,0.0015000000000000013,1,1,results/pending_runs/cifar100_smalltrain/subset10/MobileNetV3/L50_G50/tralo/seed_1,results/pending_runs/cifar100_smalltrain/subset10/MobileNetV3/L50_G50/fioretto_ldf/seed_1
cifar100_smalltrain,cifar100,MobileNetV3,L50_G50,data/cifar100_subset10/slice_1,0,2,50,50,0,0.0,0.4375,0.4381,-0.0005999999999999894,0.01040000000000002,-0.0007050505050505973,-0.0008999999999999564,-1.0,0.0020000000000000018,1,0,results/pending_runs/cifar100_smalltrain/subset10/MobileNetV3/L50_G50/tralo/seed_2,results/pending_runs/cifar100_smalltrain/subset10/MobileNetV3/L50_G50/fioretto_ldf/seed_2
new_dataset_probes,retinamnist,MobileNetV3,L30_G30,data/retinamnist/slice_1,4,1,30,30,0,0.0,0.3611,0.3479,0.01319999999999999,0.07700000000000001,-0.0027499999999999747,-0.0050000000000000044,-3.0,0.0039000000000000146,1,1,results/pending_runs/new_dataset_probes/retinamnist/MobileNetV3/L30_G30/tralo/seed_1,results/pending_runs/new_dataset_probes/retinamnist/MobileNetV3/L30_G30/fioretto_ldf/seed_1
new_dataset_probes,retinamnist,MobileNetV3,L30_G30,data/retinamnist/slice_1,4,2,30,30,0,0.0,0.2845,0.2968,-0.012300000000000033,-0.0769,0.00379999999999997,0.0,0.0,-0.007000000000000006,1,1,results/pending_runs/new_dataset_probes/retinamnist/MobileNetV3/L30_G30/tralo/seed_2,results/pending_runs/new_dataset_probes/retinamnist/MobileNetV3/L30_G30/fioretto_ldf/seed_2
new_dataset_probes,retinamnist,MobileNetV3,L50_G50,data/retinamnist/slice_1,4,1,50,50,0,0.0,0.3677,0.3668,0.0009000000000000119,0.0,0.0011000000000000454,-0.0025000000000000577,-1.0,0.0050000000000000044,1,1,results/pending_runs/new_dataset_probes/retinamnist/MobileNetV3/L50_G50/tralo/seed_1,results/pending_runs/new_dataset_probes/retinamnist/MobileNetV3/L50_G50/fioretto_ldf/seed_1
new_dataset_probes,retinamnist,MobileNetV3,L50_G50,data/retinamnist/slice_1,4,2,50,50,0,0.0,0.2888,0.2898,-0.0010000000000000009,0.0,-0.0012750000000000261,-0.0025000000000000022,0.0,0.0029000000000000137,1,1,results/pending_runs/new_dataset_probes/retinamnist/MobileNetV3/L50_G50/tralo/seed_2,results/pending_runs/new_dataset_probes/retinamnist/MobileNetV3/L50_G50/fioretto_ldf/seed_2
new_dataset_probes,cifar100,MobileNetV3,L30_G30,data/cifar100/slice_1,0,1,30,30,0,0.0,0.7857,0.7876,-0.0019000000000000128,0.0,-0.001907070707070524,-0.0020999999999999908,1.0,0.0013999999999999846,1,1,results/pending_runs/new_dataset_probes/cifar100/MobileNetV3/L30_G30/tralo/seed_1,results/pending_runs/new_dataset_probes/cifar100/MobileNetV3/L30_G30/fioretto_ldf/seed_1
new_dataset_probes,cifar100,MobileNetV3,L30_G30,data/cifar100/slice_1,0,2,30,30,0,0.0,0.7776,0.7798,-0.0022000000000000908,0.0,-0.002190909090909021,-0.0022999999999999687,-5.0,0.0024000000000000132,1,0,results/pending_runs/new_dataset_probes/cifar100/MobileNetV3/L30_G30/tralo/seed_2,results/pending_runs/new_dataset_probes/cifar100/MobileNetV3/L30_G30/fioretto_ldf/seed_2
new_dataset_probes,cifar100,MobileNetV3,L50_G50,data/cifar100/slice_1,0,1,50,50,0,0.0,0.7976,0.7967,0.0009000000000000119,0.02400000000000002,0.0006323232323232064,0.0008999999999999009,0.0,-0.0012000000000000066,1,1,results/pending_runs/new_dataset_probes/cifar100/MobileNetV3/L50_G50/tralo/seed_1,results/pending_runs/new_dataset_probes/cifar100/MobileNetV3/L50_G50/fioretto_ldf/seed_1
new_dataset_probes,cifar100,MobileNetV3,L50_G50,data/cifar100/slice_1,0,2,50,50,0,0.0,0.7903,0.788,0.0022999999999999687,0.0897,0.0013707070707070779,0.0017000000000000348,0.0,-0.0008999999999999841,1,1,results/pending_runs/new_dataset_probes/cifar100/MobileNetV3/L50_G50/tralo/seed_2,results/pending_runs/new_dataset_probes/cifar100/MobileNetV3/L50_G50/fioretto_ldf/seed_2
