dataset,cap,model,seed,method,ep_max,K,taken,n_pos,N,count_raw,AP,ccF1adj,ccF1eq,macroEq,macroOffRaw,accOffRaw,path
dermmnist,L20_G20,MobileNetV3,4,hounie_rcl,68.0,45,45,223,2003,25,0.5521051625423758,0.31343283582089554,0.31343283582089554,0.7008094775465479,0.7625402509622113,0.897191011235955,results/pending_runs/paper_final/lane1/MobileNetV3/dermmnist/L20_G20/hounie_rcl/seed_4
dermmnist,L20_G20,MobileNetV3,3,hounie_rcl,54.0,45,45,223,2003,26,0.6207728334537665,0.29850746268656714,0.29850746268656714,0.7149109837669986,0.7811915154096485,0.9202247191011236,results/pending_runs/paper_final/lane1/MobileNetV3/dermmnist/L20_G20/hounie_rcl/seed_3
dermmnist,L20_G20,MobileNetV3,1,hounie_rcl,64.0,45,45,223,2003,29,0.5946224405992215,0.31343283582089554,0.31343283582089554,0.6837355722904295,0.7422023542063519,0.9028089887640449,results/pending_runs/paper_final/lane1/MobileNetV3/dermmnist/L20_G20/hounie_rcl/seed_1
dermmnist,L20_G20,MobileNetV3,2,hounie_rcl,53.0,45,45,223,2003,21,0.6257599407514949,0.29850746268656714,0.29850746268656714,0.7092442065215414,0.7741144691545032,0.9157303370786517,results/pending_runs/paper_final/lane1/MobileNetV3/dermmnist/L20_G20/hounie_rcl/seed_2
dermmnist,L20_G20,MobileNetV3,4,tralo,263.0,45,45,223,2003,45,0.6159801153727561,0.3208955223880597,0.3208955223880597,0.70160120820516,0.7650521558413436,0.9089887640449438,results/pending_runs/paper_final/lane1/MobileNetV3/dermmnist/L20_G20/tralo/seed_4
dermmnist,L20_G20,MobileNetV3,3,tralo,185.0,45,45,223,2003,45,0.6315501131198151,0.30597014925373134,0.30597014925373134,0.7186102317402542,0.7873835788213412,0.9213483146067416,results/pending_runs/paper_final/lane1/MobileNetV3/dermmnist/L20_G20/tralo/seed_3
dermmnist,L20_G20,MobileNetV3,1,tralo,80.0,45,45,223,2003,43,0.6256865237047761,0.31343283582089554,0.31343283582089554,0.682944491466042,0.744425382481972,0.9028089887640449,results/pending_runs/paper_final/lane1/MobileNetV3/dermmnist/L20_G20/tralo/seed_1
dermmnist,L20_G20,MobileNetV3,2,tralo,85.0,45,45,223,2003,42,0.6240320430804793,0.30597014925373134,0.30597014925373134,0.7028674615623709,0.768861369081922,0.9073033707865169,results/pending_runs/paper_final/lane1/MobileNetV3/dermmnist/L20_G20/tralo/seed_2
dermmnist,L20_G20,MobileNetV3,4,danits_lp,0.0,45,45,223,2003,212,0.7127348346679947,0.29850746268656714,0.29850746268656714,0.6864967978043637,0.7716163713047287,0.8893258426966292,results/pending_runs/paper_final/lane1/MobileNetV3/dermmnist/L20_G20/danits_lp/seed_4
dermmnist,L20_G20,MobileNetV3,3,danits_lp,0.0,45,45,223,2003,209,0.7139584333260884,0.30597014925373134,0.30597014925373134,0.7221542185427765,0.8015523709522144,0.901685393258427,results/pending_runs/paper_final/lane1/MobileNetV3/dermmnist/L20_G20/danits_lp/seed_3
dermmnist,L20_G20,MobileNetV3,1,danits_lp,0.0,45,45,223,2003,195,0.7063806810584813,0.31343283582089554,0.31343283582089554,0.7136931126709979,0.7991420811486302,0.8943820224719101,results/pending_runs/paper_final/lane1/MobileNetV3/dermmnist/L20_G20/danits_lp/seed_1
dermmnist,L20_G20,MobileNetV3,2,danits_lp,0.0,45,45,223,2003,198,0.6871747460319677,0.291044776119403,0.291044776119403,0.6867110757562817,0.7736550002452791,0.8910112359550562,results/pending_runs/paper_final/lane1/MobileNetV3/dermmnist/L20_G20/danits_lp/seed_2
dermmnist,L20_G20,MobileNetV3,4,fioretto_ldf,35.0,45,45,223,2003,27,0.5712072298010494,0.31343283582089554,0.31343283582089554,0.701351974708536,0.7608975369798908,0.900561797752809,results/pending_runs/paper_final/lane1/MobileNetV3/dermmnist/L20_G20/fioretto_ldf/seed_4
dermmnist,L20_G20,MobileNetV3,3,fioretto_ldf,36.0,45,45,223,2003,31,0.6285864041043938,0.30597014925373134,0.30597014925373134,0.7226510765425386,0.7913288113918169,0.9224719101123595,results/pending_runs/paper_final/lane1/MobileNetV3/dermmnist/L20_G20/fioretto_ldf/seed_3
dermmnist,L20_G20,MobileNetV3,1,fioretto_ldf,36.0,45,45,223,2003,40,0.6141955398718905,0.31343283582089554,0.31343283582089554,0.683435418866753,0.7440135714901617,0.9011235955056179,results/pending_runs/paper_final/lane1/MobileNetV3/dermmnist/L20_G20/fioretto_ldf/seed_1
dermmnist,L20_G20,MobileNetV3,2,fioretto_ldf,32.0,45,45,223,2003,30,0.6355591927464086,0.30597014925373134,0.30597014925373134,0.7033497177120165,0.767147138378784,0.9095505617977528,results/pending_runs/paper_final/lane1/MobileNetV3/dermmnist/L20_G20/fioretto_ldf/seed_2
dermmnist,L20_G20,MobileNetV3,4,tralo_bounded,74.0,45,45,223,2003,27,0.5754416649165179,0.31343283582089554,0.31343283582089554,0.7108460669781973,0.7726468426503685,0.9044943820224719,results/pending_runs/paper_final/lane1/MobileNetV3/dermmnist/L20_G20/tralo_bounded/seed_4
dermmnist,L20_G20,MobileNetV3,3,tralo_bounded,73.0,45,45,223,2003,32,0.6322668751625763,0.29850746268656714,0.29850746268656714,0.7137350029464999,0.78300803463021,0.9196629213483146,results/pending_runs/paper_final/lane1/MobileNetV3/dermmnist/L20_G20/tralo_bounded/seed_3
dermmnist,L20_G20,MobileNetV3,1,tralo_bounded,74.0,45,45,223,2003,37,0.6154265470619513,0.31343283582089554,0.31343283582089554,0.6879671911563875,0.7488607085138707,0.9056179775280899,results/pending_runs/paper_final/lane1/MobileNetV3/dermmnist/L20_G20/tralo_bounded/seed_1
dermmnist,L20_G20,MobileNetV3,2,tralo_bounded,71.0,45,45,223,2003,29,0.6382837090011543,0.31343283582089554,0.31343283582089554,0.7097489844570074,0.7733332456336229,0.9146067415730337,results/pending_runs/paper_final/lane1/MobileNetV3/dermmnist/L20_G20/tralo_bounded/seed_2
dermmnist,L20_G20,MobileNetV3,4,heuristic,0.0,45,45,223,2003,212,0.7127348346679947,0.29850746268656714,0.29850746268656714,0.6864967978043637,0.7716163713047287,0.8893258426966292,results/pending_runs/paper_final/lane1/MobileNetV3/dermmnist/L20_G20/heuristic/seed_4
dermmnist,L20_G20,MobileNetV3,3,heuristic,0.0,45,45,223,2003,209,0.7139584333260884,0.30597014925373134,0.30597014925373134,0.7221542185427765,0.8015523709522144,0.901685393258427,results/pending_runs/paper_final/lane1/MobileNetV3/dermmnist/L20_G20/heuristic/seed_3
dermmnist,L20_G20,MobileNetV3,1,heuristic,0.0,45,45,223,2003,195,0.7063806810584813,0.31343283582089554,0.31343283582089554,0.7136931126709979,0.7991420811486302,0.8943820224719101,results/pending_runs/paper_final/lane1/MobileNetV3/dermmnist/L20_G20/heuristic/seed_1
dermmnist,L20_G20,MobileNetV3,2,heuristic,0.0,45,45,223,2003,198,0.6871747460319677,0.291044776119403,0.291044776119403,0.6867110757562817,0.7736550002452791,0.8910112359550562,results/pending_runs/paper_final/lane1/MobileNetV3/dermmnist/L20_G20/heuristic/seed_2
dermmnist,L50_G50,MobileNetV3,4,hounie_rcl,43.0,112,111,223,2003,102,0.698186124422722,0.562874251497006,0.562874251497006,0.7596717784748835,0.7905100452690755,0.9191011235955057,results/pending_runs/paper_final/lane1/MobileNetV3/dermmnist/L50_G50/hounie_rcl/seed_4
dermmnist,L50_G50,MobileNetV3,3,hounie_rcl,41.0,112,111,223,2003,91,0.6870978987536019,0.562874251497006,0.562874251497006,0.7814129266605719,0.8170606400800077,0.9247191011235955,results/pending_runs/paper_final/lane1/MobileNetV3/dermmnist/L50_G50/hounie_rcl/seed_3
dermmnist,L50_G50,MobileNetV3,1,hounie_rcl,50.0,112,111,223,2003,89,0.67982659586919,0.5688622754491018,0.5688622754491018,0.7497624885814478,0.7737590261468447,0.9157303370786517,results/pending_runs/paper_final/lane1/MobileNetV3/dermmnist/L50_G50/hounie_rcl/seed_1
dermmnist,L50_G50,MobileNetV3,2,hounie_rcl,45.0,112,111,223,2003,88,0.688789278541308,0.5449101796407185,0.5449101796407185,0.7512828807632854,0.7794628675125964,0.9146067415730337,results/pending_runs/paper_final/lane1/MobileNetV3/dermmnist/L50_G50/hounie_rcl/seed_2
dermmnist,L50_G50,MobileNetV3,4,tralo,63.0,112,111,223,2003,106,0.7040165117844862,0.562874251497006,0.562874251497006,0.756608931783748,0.7871391902445181,0.9185393258426966,results/pending_runs/paper_final/lane1/MobileNetV3/dermmnist/L50_G50/tralo/seed_4
dermmnist,L50_G50,MobileNetV3,3,tralo,69.0,112,111,223,2003,107,0.6953532469557967,0.562874251497006,0.562874251497006,0.7726856665091039,0.8076712182197338,0.9196629213483146,results/pending_runs/paper_final/lane1/MobileNetV3/dermmnist/L50_G50/tralo/seed_3
dermmnist,L50_G50,MobileNetV3,1,tralo,350.0,112,111,223,2003,111,0.6853223501570094,0.5748502994011976,0.5808383233532934,0.7656328658890849,0.7951603348851584,0.9174157303370787,results/pending_runs/paper_final/lane1/MobileNetV3/dermmnist/L50_G50/tralo/seed_1
dermmnist,L50_G50,MobileNetV3,2,tralo,314.0,112,111,223,2003,111,0.6981765617753886,0.5568862275449101,0.5568862275449101,0.7510497447405423,0.7834103309398143,0.9151685393258427,results/pending_runs/paper_final/lane1/MobileNetV3/dermmnist/L50_G50/tralo/seed_2
dermmnist,L50_G50,MobileNetV3,4,danits_lp,0.0,112,111,223,2003,212,0.7127348346679947,0.5389221556886228,0.5389221556886228,0.7278408009091173,0.7716163713047287,0.8893258426966292,results/pending_runs/paper_final/lane1/MobileNetV3/dermmnist/L50_G50/danits_lp/seed_4
dermmnist,L50_G50,MobileNetV3,3,danits_lp,0.0,112,111,223,2003,209,0.7139584333260884,0.5748502994011976,0.5748502994011976,0.7683635888637121,0.8015523709522144,0.901685393258427,results/pending_runs/paper_final/lane1/MobileNetV3/dermmnist/L50_G50/danits_lp/seed_3
dermmnist,L50_G50,MobileNetV3,1,danits_lp,0.0,112,111,223,2003,195,0.7063806810584813,0.5808383233532934,0.5748502994011976,0.7571406018292814,0.7991420811486302,0.8943820224719101,results/pending_runs/paper_final/lane1/MobileNetV3/dermmnist/L50_G50/danits_lp/seed_1
dermmnist,L50_G50,MobileNetV3,2,danits_lp,0.0,112,111,223,2003,198,0.6871747460319677,0.5329341317365269,0.5389221556886228,0.7347483566859562,0.7736550002452791,0.8910112359550562,results/pending_runs/paper_final/lane1/MobileNetV3/dermmnist/L50_G50/danits_lp/seed_2
dermmnist,L50_G50,MobileNetV3,4,fioretto_ldf,24.0,112,111,223,2003,103,0.7006032761743525,0.562874251497006,0.562874251497006,0.7607669430613248,0.7908274348045077,0.9191011235955057,results/pending_runs/paper_final/lane1/MobileNetV3/dermmnist/L50_G50/fioretto_ldf/seed_4
dermmnist,L50_G50,MobileNetV3,3,fioretto_ldf,28.0,112,111,223,2003,94,0.6916383549416414,0.5568862275449101,0.5568862275449101,0.7781840738501496,0.8137685642330367,0.9235955056179775,results/pending_runs/paper_final/lane1/MobileNetV3/dermmnist/L50_G50/fioretto_ldf/seed_3
dermmnist,L50_G50,MobileNetV3,1,fioretto_ldf,299.0,112,111,223,2003,108,0.6908182049885324,0.5748502994011976,0.5748502994011976,0.7464340261669035,0.7760250492366288,0.9146067415730337,results/pending_runs/paper_final/lane1/MobileNetV3/dermmnist/L50_G50/fioretto_ldf/seed_1
dermmnist,L50_G50,MobileNetV3,2,fioretto_ldf,299.0,112,111,223,2003,105,0.6944689532284267,0.5508982035928144,0.5508982035928144,0.7545189424643347,0.7898450276611467,0.9162921348314607,results/pending_runs/paper_final/lane1/MobileNetV3/dermmnist/L50_G50/fioretto_ldf/seed_2
dermmnist,L50_G50,MobileNetV3,4,tralo_bounded,63.0,112,111,223,2003,104,0.7040233374052699,0.562874251497006,0.562874251497006,0.7576131688055054,0.7874676576403359,0.9191011235955057,results/pending_runs/paper_final/lane1/MobileNetV3/dermmnist/L50_G50/tralo_bounded/seed_4
dermmnist,L50_G50,MobileNetV3,3,tralo_bounded,64.0,112,111,223,2003,94,0.6910722531345279,0.5568862275449101,0.5568862275449101,0.7799423018679371,0.8162883106374745,0.9241573033707865,results/pending_runs/paper_final/lane1/MobileNetV3/dermmnist/L50_G50/tralo_bounded/seed_3
dermmnist,L50_G50,MobileNetV3,1,tralo_bounded,65.0,112,111,223,2003,106,0.6877709067832525,0.5748502994011976,0.5748502994011976,0.7472217738790918,0.7768331363075557,0.9151685393258427,results/pending_runs/paper_final/lane1/MobileNetV3/dermmnist/L50_G50/tralo_bounded/seed_1
dermmnist,L50_G50,MobileNetV3,2,tralo_bounded,64.0,112,111,223,2003,101,0.6953348348932488,0.5508982035928144,0.5508982035928144,0.7508627613307938,0.7848202819071651,0.9146067415730337,results/pending_runs/paper_final/lane1/MobileNetV3/dermmnist/L50_G50/tralo_bounded/seed_2
dermmnist,L50_G50,MobileNetV3,4,heuristic,0.0,112,111,223,2003,212,0.7127348346679947,0.5389221556886228,0.5389221556886228,0.7278408009091173,0.7716163713047287,0.8893258426966292,results/pending_runs/paper_final/lane1/MobileNetV3/dermmnist/L50_G50/heuristic/seed_4
dermmnist,L50_G50,MobileNetV3,3,heuristic,0.0,112,111,223,2003,209,0.7139584333260884,0.5748502994011976,0.5748502994011976,0.7683635888637121,0.8015523709522144,0.901685393258427,results/pending_runs/paper_final/lane1/MobileNetV3/dermmnist/L50_G50/heuristic/seed_3
dermmnist,L50_G50,MobileNetV3,1,heuristic,0.0,112,111,223,2003,195,0.7063806810584813,0.5748502994011976,0.5748502994011976,0.7571406018292814,0.7991420811486302,0.8943820224719101,results/pending_runs/paper_final/lane1/MobileNetV3/dermmnist/L50_G50/heuristic/seed_1
dermmnist,L50_G50,MobileNetV3,2,heuristic,0.0,112,111,223,2003,198,0.6871747460319677,0.5389221556886228,0.5389221556886228,0.7347483566859562,0.7736550002452791,0.8910112359550562,results/pending_runs/paper_final/lane1/MobileNetV3/dermmnist/L50_G50/heuristic/seed_2
dermmnist,L80_G80,MobileNetV3,4,hounie_rcl,25.0,178,178,223,2003,170,0.727523588320401,0.6733167082294265,0.6783042394014963,0.7923464880529165,0.8124921196168647,0.9134831460674158,results/pending_runs/paper_final/lane1/MobileNetV3/dermmnist/L80_G80/hounie_rcl/seed_4
dermmnist,L80_G80,MobileNetV3,3,hounie_rcl,30.0,178,178,223,2003,169,0.7191970313872674,0.6184538653366584,0.6184538653366584,0.7946932623180726,0.8260389851472726,0.9123595505617977,results/pending_runs/paper_final/lane1/MobileNetV3/dermmnist/L80_G80/hounie_rcl/seed_3
dermmnist,L80_G80,MobileNetV3,1,hounie_rcl,63.0,178,178,223,2003,167,0.7070169690945081,0.6733167082294265,0.6733167082294265,0.7865236017189864,0.8053943742405169,0.9089887640449438,results/pending_runs/paper_final/lane1/MobileNetV3/dermmnist/L80_G80/hounie_rcl/seed_1
dermmnist,L80_G80,MobileNetV3,2,hounie_rcl,38.0,178,178,223,2003,157,0.7043375982455273,0.6533665835411472,0.6533665835411472,0.7805308122862611,0.7935464509440937,0.9112359550561798,results/pending_runs/paper_final/lane1/MobileNetV3/dermmnist/L80_G80/hounie_rcl/seed_2
dermmnist,L80_G80,MobileNetV3,4,tralo,59.0,178,178,223,2003,173,0.7297259648760575,0.683291770573566,0.683291770573566,0.7941598721189713,0.81227793012575,0.9123595505617977,results/pending_runs/paper_final/lane1/MobileNetV3/dermmnist/L80_G80/tralo/seed_4
dermmnist,L80_G80,MobileNetV3,3,tralo,350.0,178,178,223,2003,172,0.717159427419895,0.628428927680798,0.628428927680798,0.7926138712752423,0.8196370250144415,0.9112359550561798,results/pending_runs/paper_final/lane1/MobileNetV3/dermmnist/L80_G80/tralo/seed_3
dermmnist,L80_G80,MobileNetV3,1,tralo,76.0,178,178,223,2003,178,0.710358087645609,0.6733167082294265,0.6733167082294265,0.7888885849436676,0.8085076482266357,0.9089887640449438,results/pending_runs/paper_final/lane1/MobileNetV3/dermmnist/L80_G80/tralo/seed_1
dermmnist,L80_G80,MobileNetV3,2,tralo,62.0,178,178,223,2003,173,0.7053716195093848,0.6533665835411472,0.6533665835411472,0.7794229831040153,0.7973755145579103,0.9073033707865169,results/pending_runs/paper_final/lane1/MobileNetV3/dermmnist/L80_G80/tralo/seed_2
dermmnist,L80_G80,MobileNetV3,4,danits_lp,0.0,178,178,223,2003,212,0.7127348346679947,0.6516290726817042,0.6633416458852868,0.7571104712341828,0.7716163713047287,0.8893258426966292,results/pending_runs/paper_final/lane1/MobileNetV3/dermmnist/L80_G80/danits_lp/seed_4
dermmnist,L80_G80,MobileNetV3,3,danits_lp,0.0,178,178,223,2003,209,0.7139584333260884,0.6334164588528678,0.6384039900249376,0.7793418816813317,0.8015523709522144,0.901685393258427,results/pending_runs/paper_final/lane1/MobileNetV3/dermmnist/L80_G80/danits_lp/seed_3
dermmnist,L80_G80,MobileNetV3,1,danits_lp,0.0,178,178,223,2003,195,0.7063806810584813,0.6633416458852868,0.6633416458852868,0.7777757001501492,0.7991420811486302,0.8943820224719101,results/pending_runs/paper_final/lane1/MobileNetV3/dermmnist/L80_G80/danits_lp/seed_1
dermmnist,L80_G80,MobileNetV3,2,danits_lp,0.0,178,178,223,2003,198,0.6871747460319677,0.6334164588528678,0.6334164588528678,0.7533086325582735,0.7736550002452791,0.8910112359550562,results/pending_runs/paper_final/lane1/MobileNetV3/dermmnist/L80_G80/danits_lp/seed_2
dermmnist,L80_G80,MobileNetV3,4,fioretto_ldf,12.0,178,178,223,2003,166,0.727540689323863,0.6733167082294265,0.6733167082294265,0.7902612568042022,0.8113132075596589,0.9129213483146067,results/pending_runs/paper_final/lane1/MobileNetV3/dermmnist/L80_G80/fioretto_ldf/seed_4
dermmnist,L80_G80,MobileNetV3,3,fioretto_ldf,16.0,178,178,223,2003,157,0.7171217774347568,0.6184538653366584,0.6184538653366584,0.7890977945471228,0.8198158573983524,0.9134831460674158,results/pending_runs/paper_final/lane1/MobileNetV3/dermmnist/L80_G80/fioretto_ldf/seed_3
dermmnist,L80_G80,MobileNetV3,1,fioretto_ldf,16.0,178,178,223,2003,165,0.7059393093350759,0.6733167082294265,0.6733167082294265,0.7880092501384193,0.8065258810588894,0.9101123595505618,results/pending_runs/paper_final/lane1/MobileNetV3/dermmnist/L80_G80/fioretto_ldf/seed_1
dermmnist,L80_G80,MobileNetV3,2,fioretto_ldf,14.0,178,178,223,2003,162,0.704001123307996,0.6533665835411472,0.6533665835411472,0.7853383368526641,0.8031446114525652,0.9095505617977528,results/pending_runs/paper_final/lane1/MobileNetV3/dermmnist/L80_G80/fioretto_ldf/seed_2
dermmnist,L80_G80,MobileNetV3,4,tralo_bounded,55.0,178,178,223,2003,166,0.7270116714583639,0.6733167082294265,0.6733167082294265,0.7894921028193931,0.8104276125102542,0.9123595505617977,results/pending_runs/paper_final/lane1/MobileNetV3/dermmnist/L80_G80/tralo_bounded/seed_4
dermmnist,L80_G80,MobileNetV3,3,tralo_bounded,56.0,178,178,223,2003,162,0.7185500119639122,0.6134663341645885,0.6134663341645885,0.7890054856725878,0.8212700468587529,0.9140449438202247,results/pending_runs/paper_final/lane1/MobileNetV3/dermmnist/L80_G80/tralo_bounded/seed_3
dermmnist,L80_G80,MobileNetV3,1,tralo_bounded,59.0,178,178,223,2003,169,0.7076295491610349,0.6733167082294265,0.6733167082294265,0.788262096906932,0.8083508680840211,0.9095505617977528,results/pending_runs/paper_final/lane1/MobileNetV3/dermmnist/L80_G80/tralo_bounded/seed_1
dermmnist,L80_G80,MobileNetV3,2,tralo_bounded,57.0,178,178,223,2003,159,0.7033710193865855,0.6483790523690773,0.6483790523690773,0.7795627403036836,0.7964931290673665,0.9117977528089888,results/pending_runs/paper_final/lane1/MobileNetV3/dermmnist/L80_G80/tralo_bounded/seed_2
dermmnist,L80_G80,MobileNetV3,4,heuristic,0.0,178,178,223,2003,212,0.7127348346679947,0.6633416458852868,0.6633416458852868,0.7571104712341828,0.7716163713047287,0.8893258426966292,results/pending_runs/paper_final/lane1/MobileNetV3/dermmnist/L80_G80/heuristic/seed_4
dermmnist,L80_G80,MobileNetV3,3,heuristic,0.0,178,178,223,2003,209,0.7139584333260884,0.6384039900249376,0.6384039900249376,0.7793418816813317,0.8015523709522144,0.901685393258427,results/pending_runs/paper_final/lane1/MobileNetV3/dermmnist/L80_G80/heuristic/seed_3
dermmnist,L80_G80,MobileNetV3,1,heuristic,0.0,178,178,223,2003,195,0.7063806810584813,0.6633416458852868,0.6633416458852868,0.7777757001501492,0.7991420811486302,0.8943820224719101,results/pending_runs/paper_final/lane1/MobileNetV3/dermmnist/L80_G80/heuristic/seed_1
dermmnist,L80_G80,MobileNetV3,2,heuristic,0.0,178,178,223,2003,198,0.6871747460319677,0.6334164588528678,0.6334164588528678,0.7533086325582735,0.7736550002452791,0.8910112359550562,results/pending_runs/paper_final/lane1/MobileNetV3/dermmnist/L80_G80/heuristic/seed_2
tissuemnist,L20_G20,MobileNetV3,4,hounie_rcl,120.0,34,34,171,2400,24,0.3393573418917473,0.1951219512195122,0.1951219512195122,0.38826388516802657,0.41510969085304744,0.5634813817855541,results/pending_runs/paper_final/lane1/MobileNetV3/tissuemnist/L20_G20/hounie_rcl/seed_4
tissuemnist,L20_G20,MobileNetV3,3,hounie_rcl,106.0,34,34,171,2400,28,0.3133861812787616,0.2146341463414634,0.2146341463414634,0.3894216598871456,0.41463331175246304,0.5576491700314042,results/pending_runs/paper_final/lane1/MobileNetV3/tissuemnist/L20_G20/hounie_rcl/seed_3
tissuemnist,L20_G20,MobileNetV3,1,hounie_rcl,106.0,34,34,171,2400,28,0.29438885140890636,0.2146341463414634,0.2146341463414634,0.3960123253563317,0.4214435127450567,0.5693135935397039,results/pending_runs/paper_final/lane1/MobileNetV3/tissuemnist/L20_G20/hounie_rcl/seed_1
tissuemnist,L20_G20,MobileNetV3,2,hounie_rcl,106.0,34,34,171,2400,28,0.3260921852180416,0.18536585365853658,0.18536585365853658,0.39060636054033643,0.420471938981537,0.5693135935397039,results/pending_runs/paper_final/lane1/MobileNetV3/tissuemnist/L20_G20/hounie_rcl/seed_2
tissuemnist,L20_G20,MobileNetV3,4,tralo,132.0,34,34,171,2400,21,0.32793533511313566,0.2048780487804878,0.2048780487804878,0.38995903501443874,0.41592474454579514,0.5670704351727232,results/pending_runs/paper_final/lane1/MobileNetV3/tissuemnist/L20_G20/tralo/seed_4
tissuemnist,L20_G20,MobileNetV3,3,tralo,135.0,34,34,171,2400,34,0.311219236193296,0.2048780487804878,0.2048780487804878,0.39854120895898537,0.42620737469877074,0.5536114849708389,results/pending_runs/paper_final/lane1/MobileNetV3/tissuemnist/L20_G20/tralo/seed_3
tissuemnist,L20_G20,MobileNetV3,1,tralo,111.0,34,34,171,2400,24,0.2947583075128031,0.1951219512195122,0.1951219512195122,0.3893525332797362,0.41677938137146814,0.5711081202332885,results/pending_runs/paper_final/lane1/MobileNetV3/tissuemnist/L20_G20/tralo/seed_1
tissuemnist,L20_G20,MobileNetV3,2,tralo,143.0,34,34,171,2400,33,0.3434815148628396,0.2146341463414634,0.2146341463414634,0.3940238363707275,0.4194565913176497,0.5670704351727232,results/pending_runs/paper_final/lane1/MobileNetV3/tissuemnist/L20_G20/tralo/seed_2
tissuemnist,L20_G20,MobileNetV3,4,danits_lp,0.0,34,34,171,2400,80,0.34340311918459765,0.17560975609756097,0.17560975609756097,0.3276360960082939,0.34963443006893113,0.5015702108568865,results/pending_runs/paper_final/lane1/MobileNetV3/tissuemnist/L20_G20/danits_lp/seed_4
tissuemnist,L20_G20,MobileNetV3,3,danits_lp,0.0,34,34,171,2400,124,0.2672387550762193,0.13658536585365855,0.13658536585365855,0.32387176534787243,0.34858493676262103,0.48362494392104083,results/pending_runs/paper_final/lane1/MobileNetV3/tissuemnist/L20_G20/danits_lp/seed_3
tissuemnist,L20_G20,MobileNetV3,1,danits_lp,0.0,34,34,171,2400,204,0.2838922384793287,0.16585365853658537,0.16585365853658537,0.3360102343356163,0.35715102175554975,0.49663526244952894,results/pending_runs/paper_final/lane1/MobileNetV3/tissuemnist/L20_G20/danits_lp/seed_1
tissuemnist,L20_G20,MobileNetV3,2,danits_lp,0.0,34,34,171,2400,194,0.3515264880471548,0.18536585365853658,0.18536585365853658,0.36873777935663943,0.39716814721164656,0.48945715567519066,results/pending_runs/paper_final/lane1/MobileNetV3/tissuemnist/L20_G20/danits_lp/seed_2
tissuemnist,L20_G20,MobileNetV3,4,fioretto_ldf,71.0,34,34,171,2400,22,0.33366949395403567,0.2048780487804878,0.2048780487804878,0.38903725504068265,0.4148735633388488,0.5652759084791387,results/pending_runs/paper_final/lane1/MobileNetV3/tissuemnist/L20_G20/fioretto_ldf/seed_4
tissuemnist,L20_G20,MobileNetV3,3,fioretto_ldf,76.0,34,34,171,2400,30,0.314938631948844,0.2146341463414634,0.2146341463414634,0.3877838831737304,0.4125032757132811,0.5531628532974427,results/pending_runs/paper_final/lane1/MobileNetV3/tissuemnist/L20_G20/fioretto_ldf/seed_3
tissuemnist,L20_G20,MobileNetV3,1,fioretto_ldf,60.0,34,34,171,2400,24,0.29637918231242916,0.2048780487804878,0.2048780487804878,0.39340054962811255,0.4200981850272334,0.5697622252131,results/pending_runs/paper_final/lane1/MobileNetV3/tissuemnist/L20_G20/fioretto_ldf/seed_1
tissuemnist,L20_G20,MobileNetV3,2,fioretto_ldf,87.0,34,34,171,2400,28,0.3294188729703873,0.18536585365853658,0.18536585365853658,0.3907717154484186,0.4207140786093101,0.5693135935397039,results/pending_runs/paper_final/lane1/MobileNetV3/tissuemnist/L20_G20/fioretto_ldf/seed_2
tissuemnist,L20_G20,MobileNetV3,4,tralo_bounded,127.0,34,34,171,2400,19,0.3307246151484395,0.1951219512195122,0.1951219512195122,0.3883850140986498,0.41515467330702965,0.5648272768057425,results/pending_runs/paper_final/lane1/MobileNetV3/tissuemnist/L20_G20/tralo_bounded/seed_4
tissuemnist,L20_G20,MobileNetV3,3,tralo_bounded,122.0,34,34,171,2400,31,0.31783533031252936,0.2146341463414634,0.2146341463414634,0.39794400993440066,0.42385574820885835,0.5621354867653656,results/pending_runs/paper_final/lane1/MobileNetV3/tissuemnist/L20_G20/tralo_bounded/seed_3
tissuemnist,L20_G20,MobileNetV3,1,tralo_bounded,111.0,34,34,171,2400,22,0.29659909397780176,0.2048780487804878,0.2048780487804878,0.3937926688300333,0.42030270589009444,0.5702108568864962,results/pending_runs/paper_final/lane1/MobileNetV3/tissuemnist/L20_G20/tralo_bounded/seed_1
tissuemnist,L20_G20,MobileNetV3,2,tralo_bounded,134.0,34,34,171,2400,28,0.33022967802155734,0.1951219512195122,0.1951219512195122,0.39313631213966255,0.4207265808407758,0.5711081202332885,results/pending_runs/paper_final/lane1/MobileNetV3/tissuemnist/L20_G20/tralo_bounded/seed_2
tissuemnist,L20_G20,MobileNetV3,4,heuristic,0.0,34,34,171,2400,80,0.34340311918459765,0.17560975609756097,0.17560975609756097,0.3276360960082939,0.34963443006893113,0.5015702108568865,results/pending_runs/paper_final/lane1/MobileNetV3/tissuemnist/L20_G20/heuristic/seed_4
tissuemnist,L20_G20,MobileNetV3,3,heuristic,0.0,34,34,171,2400,124,0.2672387550762193,0.13658536585365855,0.13658536585365855,0.32387176534787243,0.34858493676262103,0.48362494392104083,results/pending_runs/paper_final/lane1/MobileNetV3/tissuemnist/L20_G20/heuristic/seed_3
tissuemnist,L20_G20,MobileNetV3,1,heuristic,0.0,34,34,171,2400,204,0.2838922384793287,0.16585365853658537,0.16585365853658537,0.3360102343356163,0.35715102175554975,0.49663526244952894,results/pending_runs/paper_final/lane1/MobileNetV3/tissuemnist/L20_G20/heuristic/seed_1
tissuemnist,L20_G20,MobileNetV3,2,heuristic,0.0,34,34,171,2400,194,0.3515264880471548,0.18536585365853658,0.18536585365853658,0.36873777935663943,0.39716814721164656,0.48945715567519066,results/pending_runs/paper_final/lane1/MobileNetV3/tissuemnist/L20_G20/heuristic/seed_2
tissuemnist,L50_G50,MobileNetV3,4,hounie_rcl,85.0,86,86,171,2400,69,0.3863658850903387,0.35797665369649806,0.35797665369649806,0.41729113923256045,0.4258922505885732,0.5572005383580081,results/pending_runs/paper_final/lane1/MobileNetV3/tissuemnist/L50_G50/hounie_rcl/seed_4
tissuemnist,L50_G50,MobileNetV3,3,hounie_rcl,86.0,86,86,171,2400,77,0.36868821912405636,0.35019455252918286,0.35019455252918286,0.4199754767563436,0.42924819366385447,0.5549573799910273,results/pending_runs/paper_final/lane1/MobileNetV3/tissuemnist/L50_G50/hounie_rcl/seed_3
tissuemnist,L50_G50,MobileNetV3,1,hounie_rcl,85.0,86,86,171,2400,70,0.3242510565131427,0.35019455252918286,0.35797665369649806,0.42418679194117126,0.43364389727369324,0.5711081202332885,results/pending_runs/paper_final/lane1/MobileNetV3/tissuemnist/L50_G50/hounie_rcl/seed_1
tissuemnist,L50_G50,MobileNetV3,2,hounie_rcl,69.0,86,86,171,2400,78,0.3630949417291548,0.3346303501945525,0.3346303501945525,0.4185811001608827,0.43151568981605193,0.5630327501121579,results/pending_runs/paper_final/lane1/MobileNetV3/tissuemnist/L50_G50/hounie_rcl/seed_2
tissuemnist,L50_G50,MobileNetV3,4,tralo,105.0,86,86,171,2400,73,0.38839484533315727,0.3657587548638132,0.3657587548638132,0.41439492647955656,0.42258525584071494,0.5509196949304621,results/pending_runs/paper_final/lane1/MobileNetV3/tissuemnist/L50_G50/tralo/seed_4
tissuemnist,L50_G50,MobileNetV3,3,tralo,117.0,86,86,171,2400,85,0.40011696804752983,0.3735408560311284,0.3735408560311284,0.4178749350168265,0.42277289892748093,0.5572005383580081,results/pending_runs/paper_final/lane1/MobileNetV3/tissuemnist/L50_G50/tralo/seed_3
tissuemnist,L50_G50,MobileNetV3,1,tralo,121.0,86,86,171,2400,76,0.33919442376682923,0.3424124513618677,0.3424124513618677,0.4129038452486233,0.4218588734833371,0.5598923283983849,results/pending_runs/paper_final/lane1/MobileNetV3/tissuemnist/L50_G50/tralo/seed_1
tissuemnist,L50_G50,MobileNetV3,2,tralo,111.0,86,86,171,2400,74,0.36143652332286114,0.3346303501945525,0.3346303501945525,0.4237831562063979,0.4366818475091011,0.5652759084791387,results/pending_runs/paper_final/lane1/MobileNetV3/tissuemnist/L50_G50/tralo/seed_2
tissuemnist,L50_G50,MobileNetV3,4,danits_lp,0.0,86,86,171,2400,80,0.34340311918459765,0.3426294820717131,0.3424124513618677,0.3483305087136171,0.34963443006893113,0.5015702108568865,results/pending_runs/paper_final/lane1/MobileNetV3/tissuemnist/L50_G50/danits_lp/seed_4
tissuemnist,L50_G50,MobileNetV3,3,danits_lp,0.0,86,86,171,2400,124,0.2672387550762193,0.24124513618677043,0.24124513618677043,0.3353822219702397,0.34858493676262103,0.48362494392104083,results/pending_runs/paper_final/lane1/MobileNetV3/tissuemnist/L50_G50/danits_lp/seed_3
tissuemnist,L50_G50,MobileNetV3,1,danits_lp,0.0,86,86,171,2400,204,0.2838922384793287,0.2723735408560311,0.2801556420233463,0.35058397532900976,0.35715102175554975,0.49663526244952894,results/pending_runs/paper_final/lane1/MobileNetV3/tissuemnist/L50_G50/danits_lp/seed_1
tissuemnist,L50_G50,MobileNetV3,2,danits_lp,0.0,86,86,171,2400,194,0.3515264880471548,0.3424124513618677,0.35019455252918286,0.39315282323536627,0.39716814721164656,0.48945715567519066,results/pending_runs/paper_final/lane1/MobileNetV3/tissuemnist/L50_G50/danits_lp/seed_2
tissuemnist,L50_G50,MobileNetV3,4,fioretto_ldf,51.0,86,86,171,2400,67,0.3854606853565384,0.35797665369649806,0.35797665369649806,0.41537406829493634,0.4233381333667281,0.5554060116644235,results/pending_runs/paper_final/lane1/MobileNetV3/tissuemnist/L50_G50/fioretto_ldf/seed_4
tissuemnist,L50_G50,MobileNetV3,3,fioretto_ldf,52.0,86,86,171,2400,84,0.37810856149172367,0.35797665369649806,0.35797665369649806,0.424759580610477,0.4352113966234374,0.5563032750112158,results/pending_runs/paper_final/lane1/MobileNetV3/tissuemnist/L50_G50/fioretto_ldf/seed_3
tissuemnist,L50_G50,MobileNetV3,1,fioretto_ldf,299.0,86,86,171,2400,71,0.32863327575650036,0.35797665369649806,0.35797665369649806,0.4261262847847262,0.43473758264211826,0.5715567519066846,results/pending_runs/paper_final/lane1/MobileNetV3/tissuemnist/L50_G50/fioretto_ldf/seed_1
tissuemnist,L50_G50,MobileNetV3,2,fioretto_ldf,61.0,86,86,171,2400,80,0.36355168278823713,0.3346303501945525,0.3346303501945525,0.4183113115623211,0.43224880516342656,0.560340960071781,results/pending_runs/paper_final/lane1/MobileNetV3/tissuemnist/L50_G50/fioretto_ldf/seed_2
tissuemnist,L50_G50,MobileNetV3,4,tralo_bounded,101.0,86,86,171,2400,65,0.3883379937888662,0.3735408560311284,0.3735408560311284,0.4137149399648961,0.4191325492445713,0.5522655899506506,results/pending_runs/paper_final/lane1/MobileNetV3/tissuemnist/L50_G50/tralo_bounded/seed_4
tissuemnist,L50_G50,MobileNetV3,3,tralo_bounded,103.0,86,86,171,2400,83,0.3811778504701844,0.35797665369649806,0.35797665369649806,0.4232485827283542,0.43323296448582743,0.5549573799910273,results/pending_runs/paper_final/lane1/MobileNetV3/tissuemnist/L50_G50/tralo_bounded/seed_3
tissuemnist,L50_G50,MobileNetV3,1,tralo_bounded,350.0,86,86,171,2400,75,0.3318837946516469,0.35797665369649806,0.35797665369649806,0.42484817588185797,0.4351448881523779,0.5684163301929116,results/pending_runs/paper_final/lane1/MobileNetV3/tissuemnist/L50_G50/tralo_bounded/seed_1
tissuemnist,L50_G50,MobileNetV3,2,tralo_bounded,111.0,86,86,171,2400,76,0.364634698087696,0.31906614785992216,0.31906614785992216,0.41945966939379387,0.435117623184348,0.5621354867653656,results/pending_runs/paper_final/lane1/MobileNetV3/tissuemnist/L50_G50/tralo_bounded/seed_2
tissuemnist,L50_G50,MobileNetV3,4,heuristic,0.0,86,86,171,2400,80,0.34340311918459765,0.3424124513618677,0.3424124513618677,0.3483305087136171,0.34963443006893113,0.5015702108568865,results/pending_runs/paper_final/lane1/MobileNetV3/tissuemnist/L50_G50/heuristic/seed_4
tissuemnist,L50_G50,MobileNetV3,3,heuristic,0.0,86,86,171,2400,124,0.2672387550762193,0.24124513618677043,0.24124513618677043,0.3353822219702397,0.34858493676262103,0.48362494392104083,results/pending_runs/paper_final/lane1/MobileNetV3/tissuemnist/L50_G50/heuristic/seed_3
tissuemnist,L50_G50,MobileNetV3,1,heuristic,0.0,86,86,171,2400,204,0.2838922384793287,0.2801556420233463,0.2801556420233463,0.35058397532900976,0.35715102175554975,0.49663526244952894,results/pending_runs/paper_final/lane1/MobileNetV3/tissuemnist/L50_G50/heuristic/seed_1
tissuemnist,L50_G50,MobileNetV3,2,heuristic,0.0,86,86,171,2400,194,0.3515264880471548,0.35019455252918286,0.35019455252918286,0.39315282323536627,0.39716814721164656,0.48945715567519066,results/pending_runs/paper_final/lane1/MobileNetV3/tissuemnist/L50_G50/heuristic/seed_2
tissuemnist,L80_G80,MobileNetV3,4,hounie_rcl,82.0,137,137,171,2400,114,0.40465295907611026,0.43506493506493504,0.43506493506493504,0.43207113904162986,0.43263325195178665,0.5527142216240467,results/pending_runs/paper_final/lane1/MobileNetV3/tissuemnist/L80_G80/hounie_rcl/seed_4
tissuemnist,L80_G80,MobileNetV3,3,hounie_rcl,18.0,137,137,171,2400,136,0.39175783357381755,0.43506493506493504,0.42207792207792205,0.4277905164259381,0.42864524595470554,0.5383580080753702,results/pending_runs/paper_final/lane1/MobileNetV3/tissuemnist/L80_G80/hounie_rcl/seed_3
tissuemnist,L80_G80,MobileNetV3,1,hounie_rcl,71.0,137,137,171,2400,117,0.347390562066552,0.38311688311688313,0.38311688311688313,0.4271287135636064,0.43428362663452597,0.5625841184387618,results/pending_runs/paper_final/lane1/MobileNetV3/tissuemnist/L80_G80/hounie_rcl/seed_1
tissuemnist,L80_G80,MobileNetV3,2,hounie_rcl,66.0,137,137,171,2400,113,0.37532764196212043,0.38961038961038963,0.38961038961038963,0.42803413059505624,0.4345891641689494,0.5545087483176312,results/pending_runs/paper_final/lane1/MobileNetV3/tissuemnist/L80_G80/hounie_rcl/seed_2
tissuemnist,L80_G80,MobileNetV3,4,tralo,94.0,137,137,171,2400,105,0.40174233465723214,0.42207792207792205,0.42207792207792205,0.427503511287242,0.4277712873875203,0.5495737999102737,results/pending_runs/paper_final/lane1/MobileNetV3/tissuemnist/L80_G80/tralo/seed_4
tissuemnist,L80_G80,MobileNetV3,3,tralo,57.0,137,137,171,2400,136,0.3772931861949627,0.3961038961038961,0.3961038961038961,0.4197726731848834,0.42354040524739356,0.5320771646478242,results/pending_runs/paper_final/lane1/MobileNetV3/tissuemnist/L80_G80/tralo/seed_3
tissuemnist,L80_G80,MobileNetV3,1,tralo,112.0,137,137,171,2400,132,0.349236225642763,0.4090909090909091,0.4025974025974026,0.425401696415732,0.42849045784320244,0.5554060116644235,results/pending_runs/paper_final/lane1/MobileNetV3/tissuemnist/L80_G80/tralo/seed_1
tissuemnist,L80_G80,MobileNetV3,2,tralo,108.0,137,137,171,2400,124,0.3850472748330235,0.4025974025974026,0.4090909090909091,0.4353148464958684,0.43853863153166783,0.5522655899506506,results/pending_runs/paper_final/lane1/MobileNetV3/tissuemnist/L80_G80/tralo/seed_2
tissuemnist,L80_G80,MobileNetV3,4,danits_lp,0.0,137,137,171,2400,80,0.34340311918459765,0.3426294820717131,0.3961038961038961,0.3551505656209567,0.34963443006893113,0.5015702108568865,results/pending_runs/paper_final/lane1/MobileNetV3/tissuemnist/L80_G80/danits_lp/seed_4
tissuemnist,L80_G80,MobileNetV3,3,danits_lp,0.0,137,137,171,2400,124,0.2672387550762193,0.3050847457627119,0.2987012987012987,0.3424427252530292,0.34858493676262103,0.48362494392104083,results/pending_runs/paper_final/lane1/MobileNetV3/tissuemnist/L80_G80/danits_lp/seed_3
tissuemnist,L80_G80,MobileNetV3,1,danits_lp,0.0,137,137,171,2400,204,0.2838922384793287,0.33116883116883117,0.3246753246753247,0.35574800966681874,0.35715102175554975,0.49663526244952894,results/pending_runs/paper_final/lane1/MobileNetV3/tissuemnist/L80_G80/danits_lp/seed_1
tissuemnist,L80_G80,MobileNetV3,2,danits_lp,0.0,137,137,171,2400,194,0.3515264880471548,0.37012987012987014,0.37662337662337664,0.3940449658192928,0.39716814721164656,0.48945715567519066,results/pending_runs/paper_final/lane1/MobileNetV3/tissuemnist/L80_G80/danits_lp/seed_2
tissuemnist,L80_G80,MobileNetV3,4,fioretto_ldf,44.0,137,137,171,2400,115,0.4035960281621139,0.42857142857142855,0.42857142857142855,0.4279647292608366,0.4278829654764903,0.5500224315836698,results/pending_runs/paper_final/lane1/MobileNetV3/tissuemnist/L80_G80/fioretto_ldf/seed_4
tissuemnist,L80_G80,MobileNetV3,3,fioretto_ldf,18.0,137,137,171,2400,133,0.393495191353447,0.42207792207792205,0.4155844155844156,0.42550730073841264,0.4285723759977317,0.5388066397487663,results/pending_runs/paper_final/lane1/MobileNetV3/tissuemnist/L80_G80/fioretto_ldf/seed_3
tissuemnist,L80_G80,MobileNetV3,1,fioretto_ldf,41.0,137,137,171,2400,122,0.3509278768708064,0.38311688311688313,0.38311688311688313,0.42563811237057025,0.43276083237868257,0.5607895917451772,results/pending_runs/paper_final/lane1/MobileNetV3/tissuemnist/L80_G80/fioretto_ldf/seed_1
tissuemnist,L80_G80,MobileNetV3,2,fioretto_ldf,50.0,137,137,171,2400,121,0.37640817122107056,0.4025974025974026,0.4025974025974026,0.43120373836868003,0.4345935407403581,0.5513683266038583,results/pending_runs/paper_final/lane1/MobileNetV3/tissuemnist/L80_G80/fioretto_ldf/seed_2
tissuemnist,L80_G80,MobileNetV3,4,tralo_bounded,90.0,137,137,171,2400,117,0.40723382836295857,0.42857142857142855,0.42857142857142855,0.42768767526661944,0.42700088801049996,0.5437415881561238,results/pending_runs/paper_final/lane1/MobileNetV3/tissuemnist/L80_G80/tralo_bounded/seed_4
tissuemnist,L80_G80,MobileNetV3,3,tralo_bounded,57.0,137,137,171,2400,135,0.3713348564535025,0.3961038961038961,0.3961038961038961,0.4147121151060215,0.41699364378186754,0.5275908479138627,results/pending_runs/paper_final/lane1/MobileNetV3/tissuemnist/L80_G80/tralo_bounded/seed_3
tissuemnist,L80_G80,MobileNetV3,1,tralo_bounded,91.0,137,137,171,2400,121,0.34876424560278163,0.38961038961038963,0.38961038961038963,0.4285723086273129,0.4341774877239636,0.5567519066846119,results/pending_runs/paper_final/lane1/MobileNetV3/tissuemnist/L80_G80/tralo_bounded/seed_1
tissuemnist,L80_G80,MobileNetV3,2,tralo_bounded,98.0,137,137,171,2400,119,0.378274838302629,0.4025974025974026,0.4025974025974026,0.4263466076134897,0.4288407970153539,0.5500224315836698,results/pending_runs/paper_final/lane1/MobileNetV3/tissuemnist/L80_G80/tralo_bounded/seed_2
tissuemnist,L80_G80,MobileNetV3,4,heuristic,0.0,137,137,171,2400,80,0.34340311918459765,0.3961038961038961,0.3961038961038961,0.3551505656209567,0.34963443006893113,0.5015702108568865,results/pending_runs/paper_final/lane1/MobileNetV3/tissuemnist/L80_G80/heuristic/seed_4
tissuemnist,L80_G80,MobileNetV3,3,heuristic,0.0,137,137,171,2400,124,0.2672387550762193,0.2987012987012987,0.2987012987012987,0.3424427252530292,0.34858493676262103,0.48362494392104083,results/pending_runs/paper_final/lane1/MobileNetV3/tissuemnist/L80_G80/heuristic/seed_3
tissuemnist,L80_G80,MobileNetV3,1,heuristic,0.0,137,137,171,2400,204,0.2838922384793287,0.3246753246753247,0.3246753246753247,0.35574800966681874,0.35715102175554975,0.49663526244952894,results/pending_runs/paper_final/lane1/MobileNetV3/tissuemnist/L80_G80/heuristic/seed_1
tissuemnist,L80_G80,MobileNetV3,2,heuristic,0.0,137,137,171,2400,194,0.3515264880471548,0.37662337662337664,0.37662337662337664,0.3940449658192928,0.39716814721164656,0.48945715567519066,results/pending_runs/paper_final/lane1/MobileNetV3/tissuemnist/L80_G80/heuristic/seed_2
octmnist,L20_G20,MobileNetV3,4,hounie_rcl,45.0,50,50,250,1000,36,0.7160274451897174,0.3,0.3,0.675478332086022,0.7980986980416293,0.9106666666666666,results/pending_runs/paper_final/lane1/MobileNetV3/octmnist/L20_G20/hounie_rcl/seed_4
octmnist,L20_G20,MobileNetV3,3,hounie_rcl,49.0,50,50,250,1000,37,0.7307925062652992,0.31333333333333335,0.31333333333333335,0.6748353760200901,0.7897046106098468,0.9,results/pending_runs/paper_final/lane1/MobileNetV3/octmnist/L20_G20/hounie_rcl/seed_3
octmnist,L20_G20,MobileNetV3,1,hounie_rcl,48.0,50,50,250,1000,32,0.7331711458397006,0.30666666666666664,0.30666666666666664,0.6664889531303433,0.7809609984602371,0.892,results/pending_runs/paper_final/lane1/MobileNetV3/octmnist/L20_G20/hounie_rcl/seed_1
octmnist,L20_G20,MobileNetV3,2,hounie_rcl,43.0,50,50,250,1000,27,0.7653620108746353,0.31333333333333335,0.31333333333333335,0.6584671361219903,0.7649913760779903,0.876,results/pending_runs/paper_final/lane1/MobileNetV3/octmnist/L20_G20/hounie_rcl/seed_2
octmnist,L20_G20,MobileNetV3,4,tralo,94.0,50,50,250,1000,43,0.7142837502284927,0.30666666666666664,0.30666666666666664,0.6751294498381877,0.7949113117700657,0.9026666666666666,results/pending_runs/paper_final/lane1/MobileNetV3/octmnist/L20_G20/tralo/seed_4
octmnist,L20_G20,MobileNetV3,3,tralo,99.0,50,50,250,1000,49,0.7407595458321403,0.30666666666666664,0.30666666666666664,0.6800636016776679,0.8040082469962,0.9093333333333333,results/pending_runs/paper_final/lane1/MobileNetV3/octmnist/L20_G20/tralo/seed_3
octmnist,L20_G20,MobileNetV3,1,tralo,94.0,50,50,250,1000,48,0.7422593474143342,0.31333333333333335,0.31333333333333335,0.6712828609079964,0.7895912070409535,0.8933333333333333,results/pending_runs/paper_final/lane1/MobileNetV3/octmnist/L20_G20/tralo/seed_1
octmnist,L20_G20,MobileNetV3,2,tralo,136.0,50,50,250,1000,47,0.7929884872597527,0.32,0.32,0.6707153165578604,0.7863060389728647,0.8906666666666667,results/pending_runs/paper_final/lane1/MobileNetV3/octmnist/L20_G20/tralo/seed_2
octmnist,L20_G20,MobileNetV3,4,danits_lp,0.0,50,50,250,1000,167,0.7775062340284874,0.31333333333333335,0.31333333333333335,0.6705482996713756,0.8256530621193572,0.872,results/pending_runs/paper_final/lane1/MobileNetV3/octmnist/L20_G20/danits_lp/seed_4
octmnist,L20_G20,MobileNetV3,3,danits_lp,0.0,50,50,250,1000,152,0.7205322351981209,0.29333333333333333,0.29333333333333333,0.6188797868773113,0.7542621436894668,0.8066666666666666,results/pending_runs/paper_final/lane1/MobileNetV3/octmnist/L20_G20/danits_lp/seed_3
octmnist,L20_G20,MobileNetV3,1,danits_lp,0.0,50,50,250,1000,260,0.8136593427460524,0.30666666666666664,0.30666666666666664,0.6251726707604398,0.7680973207081933,0.7666666666666667,results/pending_runs/paper_final/lane1/MobileNetV3/octmnist/L20_G20/danits_lp/seed_1
octmnist,L20_G20,MobileNetV3,2,danits_lp,0.0,50,50,250,1000,159,0.7517566084997516,0.32,0.32,0.6083747697947377,0.7327390747336309,0.784,results/pending_runs/paper_final/lane1/MobileNetV3/octmnist/L20_G20/danits_lp/seed_2
octmnist,L20_G20,MobileNetV3,4,fioretto_ldf,46.0,50,50,250,1000,39,0.7236853312843882,0.30666666666666664,0.30666666666666664,0.6799763442499284,0.8019277702440845,0.9133333333333333,results/pending_runs/paper_final/lane1/MobileNetV3/octmnist/L20_G20/fioretto_ldf/seed_4
octmnist,L20_G20,MobileNetV3,3,fioretto_ldf,44.0,50,50,250,1000,48,0.7425272209240418,0.31333333333333335,0.31333333333333335,0.6803496704054843,0.8017810625428367,0.908,results/pending_runs/paper_final/lane1/MobileNetV3/octmnist/L20_G20/fioretto_ldf/seed_3
octmnist,L20_G20,MobileNetV3,1,fioretto_ldf,47.0,50,50,250,1000,44,0.7442055071286003,0.30666666666666664,0.30666666666666664,0.6675003377942847,0.7864410411440289,0.892,results/pending_runs/paper_final/lane1/MobileNetV3/octmnist/L20_G20/fioretto_ldf/seed_1
octmnist,L20_G20,MobileNetV3,2,fioretto_ldf,43.0,50,50,250,1000,43,0.7847834635212914,0.32,0.32,0.6659027205084138,0.778379511854015,0.884,results/pending_runs/paper_final/lane1/MobileNetV3/octmnist/L20_G20/fioretto_ldf/seed_2
octmnist,L20_G20,MobileNetV3,4,tralo_bounded,90.0,50,50,250,1000,43,0.7254178570538911,0.3,0.3,0.6783616442334354,0.8037612894873742,0.9133333333333333,results/pending_runs/paper_final/lane1/MobileNetV3/octmnist/L20_G20/tralo_bounded/seed_4
octmnist,L20_G20,MobileNetV3,3,tralo_bounded,90.0,50,50,250,1000,48,0.7414702332745567,0.31333333333333335,0.31333333333333335,0.6775860824033941,0.7980962260808998,0.904,results/pending_runs/paper_final/lane1/MobileNetV3/octmnist/L20_G20/tralo_bounded/seed_3
octmnist,L20_G20,MobileNetV3,1,tralo_bounded,90.0,50,50,250,1000,42,0.7431836493497475,0.30666666666666664,0.30666666666666664,0.6675003377942847,0.7867131962149455,0.8933333333333333,results/pending_runs/paper_final/lane1/MobileNetV3/octmnist/L20_G20/tralo_bounded/seed_1
octmnist,L20_G20,MobileNetV3,2,tralo_bounded,90.0,50,50,250,1000,42,0.7836425829775414,0.32,0.32,0.6651599871038848,0.7769551292603332,0.8826666666666667,results/pending_runs/paper_final/lane1/MobileNetV3/octmnist/L20_G20/tralo_bounded/seed_2
octmnist,L20_G20,MobileNetV3,4,heuristic,0.0,50,50,250,1000,167,0.7775062340284874,0.31333333333333335,0.31333333333333335,0.6705482996713756,0.8256530621193572,0.872,results/pending_runs/paper_final/lane1/MobileNetV3/octmnist/L20_G20/heuristic/seed_4
octmnist,L20_G20,MobileNetV3,3,heuristic,0.0,50,50,250,1000,152,0.7205322351981209,0.29333333333333333,0.29333333333333333,0.6188797868773113,0.7542621436894668,0.8066666666666666,results/pending_runs/paper_final/lane1/MobileNetV3/octmnist/L20_G20/heuristic/seed_3
octmnist,L20_G20,MobileNetV3,1,heuristic,0.0,50,50,250,1000,260,0.8136593427460524,0.30666666666666664,0.30666666666666664,0.6251726707604398,0.7680973207081933,0.7666666666666667,results/pending_runs/paper_final/lane1/MobileNetV3/octmnist/L20_G20/heuristic/seed_1
octmnist,L20_G20,MobileNetV3,2,heuristic,0.0,50,50,250,1000,159,0.7517566084997516,0.32,0.32,0.6083747697947377,0.7327390747336309,0.784,results/pending_runs/paper_final/lane1/MobileNetV3/octmnist/L20_G20/heuristic/seed_2
octmnist,L50_G50,MobileNetV3,4,hounie_rcl,36.0,125,125,250,1000,116,0.7552785599636633,0.576,0.576,0.7664186041936687,0.8267355341135829,0.9,results/pending_runs/paper_final/lane1/MobileNetV3/octmnist/L50_G50/hounie_rcl/seed_4
octmnist,L50_G50,MobileNetV3,3,hounie_rcl,46.0,125,125,250,1000,101,0.759315541727221,0.5813333333333334,0.5813333333333334,0.7652282200411972,0.8211723239413203,0.9013333333333333,results/pending_runs/paper_final/lane1/MobileNetV3/octmnist/L50_G50/hounie_rcl/seed_3
octmnist,L50_G50,MobileNetV3,1,hounie_rcl,47.0,125,125,250,1000,97,0.766811723671765,0.5653333333333334,0.5653333333333334,0.7522134353741496,0.8097562563127517,0.8906666666666667,results/pending_runs/paper_final/lane1/MobileNetV3/octmnist/L50_G50/hounie_rcl/seed_1
octmnist,L50_G50,MobileNetV3,2,hounie_rcl,35.0,125,125,250,1000,118,0.8004747730344717,0.5973333333333334,0.5973333333333334,0.7632279184083,0.8150394047699895,0.8866666666666667,results/pending_runs/paper_final/lane1/MobileNetV3/octmnist/L50_G50/hounie_rcl/seed_2
octmnist,L50_G50,MobileNetV3,4,tralo,350.0,125,125,250,1000,125,0.7420575361386155,0.5546666666666666,0.5546666666666666,0.7593150073456503,0.8275311209053114,0.896,results/pending_runs/paper_final/lane1/MobileNetV3/octmnist/L50_G50/tralo/seed_4
octmnist,L50_G50,MobileNetV3,3,tralo,107.0,125,125,250,1000,123,0.7874124887994548,0.6026666666666667,0.6026666666666667,0.7768314501590363,0.8339060120459566,0.904,results/pending_runs/paper_final/lane1/MobileNetV3/octmnist/L50_G50/tralo/seed_3
octmnist,L50_G50,MobileNetV3,1,tralo,329.0,125,125,250,1000,122,0.7732804699646161,0.5706666666666667,0.5706666666666667,0.7515884682367837,0.810477781637753,0.8786666666666667,results/pending_runs/paper_final/lane1/MobileNetV3/octmnist/L50_G50/tralo/seed_1
octmnist,L50_G50,MobileNetV3,2,tralo,98.0,125,125,250,1000,124,0.795640610608999,0.6026666666666667,0.6026666666666667,0.7637781358170888,0.8171498275864386,0.8853333333333333,results/pending_runs/paper_final/lane1/MobileNetV3/octmnist/L50_G50/tralo/seed_2
octmnist,L50_G50,MobileNetV3,4,danits_lp,0.0,125,125,250,1000,167,0.7775062340284874,0.576,0.576,0.7539762501349424,0.8256530621193572,0.872,results/pending_runs/paper_final/lane1/MobileNetV3/octmnist/L50_G50/danits_lp/seed_4
octmnist,L50_G50,MobileNetV3,3,danits_lp,0.0,125,125,250,1000,152,0.7205322351981209,0.544,0.5386666666666666,0.6971351482878154,0.7542621436894668,0.8066666666666666,results/pending_runs/paper_final/lane1/MobileNetV3/octmnist/L50_G50/danits_lp/seed_3
octmnist,L50_G50,MobileNetV3,1,danits_lp,0.0,125,125,250,1000,260,0.8136593427460524,0.6026666666666667,0.6026666666666667,0.7204779025813047,0.7680973207081933,0.7666666666666667,results/pending_runs/paper_final/lane1/MobileNetV3/octmnist/L50_G50/danits_lp/seed_1
octmnist,L50_G50,MobileNetV3,2,danits_lp,0.0,125,125,250,1000,159,0.7517566084997516,0.5386666666666666,0.5386666666666666,0.6766473553083228,0.7327390747336309,0.784,results/pending_runs/paper_final/lane1/MobileNetV3/octmnist/L50_G50/danits_lp/seed_2
octmnist,L50_G50,MobileNetV3,4,fioretto_ldf,27.0,125,125,250,1000,118,0.7581260497295583,0.5706666666666667,0.5706666666666667,0.7642154053531679,0.8277741525396024,0.9,results/pending_runs/paper_final/lane1/MobileNetV3/octmnist/L50_G50/fioretto_ldf/seed_4
octmnist,L50_G50,MobileNetV3,3,fioretto_ldf,299.0,125,125,250,1000,121,0.7643479026771828,0.5813333333333334,0.5813333333333334,0.7644588152294927,0.8247263416754205,0.8946666666666667,results/pending_runs/paper_final/lane1/MobileNetV3/octmnist/L50_G50/fioretto_ldf/seed_3
octmnist,L50_G50,MobileNetV3,1,fioretto_ldf,31.0,125,125,250,1000,101,0.767258196276429,0.5653333333333334,0.5653333333333334,0.7512323218364902,0.8079942346848893,0.8866666666666667,results/pending_runs/paper_final/lane1/MobileNetV3/octmnist/L50_G50/fioretto_ldf/seed_1
octmnist,L50_G50,MobileNetV3,2,fioretto_ldf,299.0,125,125,250,1000,117,0.8038076934108712,0.6026666666666667,0.6026666666666667,0.7662873667716379,0.8181597796867407,0.8906666666666667,results/pending_runs/paper_final/lane1/MobileNetV3/octmnist/L50_G50/fioretto_ldf/seed_2
octmnist,L50_G50,MobileNetV3,4,tralo_bounded,72.0,125,125,250,1000,116,0.7563093651664647,0.576,0.576,0.7673736423972655,0.8292411388655391,0.9026666666666666,results/pending_runs/paper_final/lane1/MobileNetV3/octmnist/L50_G50/tralo_bounded/seed_4
octmnist,L50_G50,MobileNetV3,3,tralo_bounded,350.0,125,125,250,1000,120,0.7642827421129357,0.5813333333333334,0.5813333333333334,0.7653874527551554,0.825502147915941,0.896,results/pending_runs/paper_final/lane1/MobileNetV3/octmnist/L50_G50/tralo_bounded/seed_3
octmnist,L50_G50,MobileNetV3,1,tralo_bounded,75.0,125,125,250,1000,102,0.767913674766959,0.5706666666666667,0.5706666666666667,0.7535441287510368,0.8072338626193348,0.8853333333333333,results/pending_runs/paper_final/lane1/MobileNetV3/octmnist/L50_G50/tralo_bounded/seed_1
octmnist,L50_G50,MobileNetV3,2,tralo_bounded,70.0,125,125,250,1000,121,0.8003288409658099,0.5973333333333334,0.5973333333333334,0.7631985582209038,0.8164718902169102,0.8866666666666667,results/pending_runs/paper_final/lane1/MobileNetV3/octmnist/L50_G50/tralo_bounded/seed_2
octmnist,L50_G50,MobileNetV3,4,heuristic,0.0,125,125,250,1000,167,0.7775062340284874,0.576,0.576,0.7539762501349424,0.8256530621193572,0.872,results/pending_runs/paper_final/lane1/MobileNetV3/octmnist/L50_G50/heuristic/seed_4
octmnist,L50_G50,MobileNetV3,3,heuristic,0.0,125,125,250,1000,152,0.7205322351981209,0.5386666666666666,0.5386666666666666,0.6971351482878154,0.7542621436894668,0.8066666666666666,results/pending_runs/paper_final/lane1/MobileNetV3/octmnist/L50_G50/heuristic/seed_3
octmnist,L50_G50,MobileNetV3,1,heuristic,0.0,125,125,250,1000,260,0.8136593427460524,0.6026666666666667,0.6026666666666667,0.7204779025813047,0.7680973207081933,0.7666666666666667,results/pending_runs/paper_final/lane1/MobileNetV3/octmnist/L50_G50/heuristic/seed_1
octmnist,L50_G50,MobileNetV3,2,heuristic,0.0,125,125,250,1000,159,0.7517566084997516,0.5386666666666666,0.5386666666666666,0.6766473553083228,0.7327390747336309,0.784,results/pending_runs/paper_final/lane1/MobileNetV3/octmnist/L50_G50/heuristic/seed_2
octmnist,L80_G80,MobileNetV3,4,hounie_rcl,4.0,200,200,250,1000,159,0.7520353364466932,0.6666666666666666,0.6666666666666666,0.791128747626741,0.834702621981684,0.8853333333333333,results/pending_runs/paper_final/lane1/MobileNetV3/octmnist/L80_G80/hounie_rcl/seed_4
octmnist,L80_G80,MobileNetV3,3,hounie_rcl,4.0,200,200,250,1000,171,0.75916917819504,0.6488888888888888,0.6488888888888888,0.7793829703304918,0.830295209972125,0.8733333333333333,results/pending_runs/paper_final/lane1/MobileNetV3/octmnist/L80_G80/hounie_rcl/seed_3
octmnist,L80_G80,MobileNetV3,1,hounie_rcl,4.0,200,200,250,1000,161,0.7783454382386967,0.6755555555555556,0.6755555555555556,0.7787452584528142,0.8105581951480444,0.8586666666666667,results/pending_runs/paper_final/lane1/MobileNetV3/octmnist/L80_G80/hounie_rcl/seed_1
octmnist,L80_G80,MobileNetV3,2,hounie_rcl,4.0,200,200,250,1000,153,0.7978519752731716,0.7111111111111111,0.7111111111111111,0.8000072215164181,0.8289570173661529,0.8826666666666667,results/pending_runs/paper_final/lane1/MobileNetV3/octmnist/L80_G80/hounie_rcl/seed_2
octmnist,L80_G80,MobileNetV3,4,tralo,54.0,200,200,250,1000,162,0.7534362381785742,0.6755555555555556,0.6755555555555556,0.7964641547534289,0.8349734399419205,0.884,results/pending_runs/paper_final/lane1/MobileNetV3/octmnist/L80_G80/tralo/seed_4
octmnist,L80_G80,MobileNetV3,3,tralo,54.0,200,200,250,1000,175,0.7585649382261423,0.6444444444444445,0.6444444444444445,0.7762896825396826,0.8259556709105865,0.8666666666666667,results/pending_runs/paper_final/lane1/MobileNetV3/octmnist/L80_G80/tralo/seed_3
octmnist,L80_G80,MobileNetV3,1,tralo,54.0,200,200,250,1000,161,0.779379498914371,0.6755555555555556,0.6755555555555556,0.7766540603149836,0.8104857026925029,0.8586666666666667,results/pending_runs/paper_final/lane1/MobileNetV3/octmnist/L80_G80/tralo/seed_1
octmnist,L80_G80,MobileNetV3,2,tralo,54.0,200,200,250,1000,155,0.7975747952805284,0.7111111111111111,0.7111111111111111,0.8009193218805861,0.8299592220497862,0.8826666666666667,results/pending_runs/paper_final/lane1/MobileNetV3/octmnist/L80_G80/tralo/seed_2
octmnist,L80_G80,MobileNetV3,4,danits_lp,0.0,200,200,250,1000,167,0.7775062340284874,0.6618705035971223,0.7022222222222222,0.7982276929883937,0.8256530621193572,0.872,results/pending_runs/paper_final/lane1/MobileNetV3/octmnist/L80_G80/danits_lp/seed_4
octmnist,L80_G80,MobileNetV3,3,danits_lp,0.0,200,200,250,1000,152,0.7205322351981209,0.5970149253731343,0.6266666666666667,0.7158244197542369,0.7542621436894668,0.8066666666666666,results/pending_runs/paper_final/lane1/MobileNetV3/octmnist/L80_G80/danits_lp/seed_3
octmnist,L80_G80,MobileNetV3,1,danits_lp,0.0,200,200,250,1000,260,0.8136593427460524,0.7155555555555555,0.7111111111111111,0.7542669671097858,0.7680973207081933,0.7666666666666667,results/pending_runs/paper_final/lane1/MobileNetV3/octmnist/L80_G80/danits_lp/seed_1
octmnist,L80_G80,MobileNetV3,2,danits_lp,0.0,200,200,250,1000,159,0.7517566084997516,0.5965770171149144,0.64,0.7113504405338976,0.7327390747336309,0.784,results/pending_runs/paper_final/lane1/MobileNetV3/octmnist/L80_G80/danits_lp/seed_2
octmnist,L80_G80,MobileNetV3,4,fioretto_ldf,4.0,200,200,250,1000,159,0.7520353364466932,0.6666666666666666,0.6666666666666666,0.791128747626741,0.834702621981684,0.8853333333333333,results/pending_runs/paper_final/lane1/MobileNetV3/octmnist/L80_G80/fioretto_ldf/seed_4
octmnist,L80_G80,MobileNetV3,3,fioretto_ldf,4.0,200,200,250,1000,171,0.75916917819504,0.6488888888888888,0.6488888888888888,0.7793829703304918,0.830295209972125,0.8733333333333333,results/pending_runs/paper_final/lane1/MobileNetV3/octmnist/L80_G80/fioretto_ldf/seed_3
octmnist,L80_G80,MobileNetV3,1,fioretto_ldf,4.0,200,200,250,1000,161,0.7783454382386967,0.6755555555555556,0.6755555555555556,0.7787452584528142,0.8105581951480444,0.8586666666666667,results/pending_runs/paper_final/lane1/MobileNetV3/octmnist/L80_G80/fioretto_ldf/seed_1
octmnist,L80_G80,MobileNetV3,2,fioretto_ldf,4.0,200,200,250,1000,153,0.7978519752731716,0.7111111111111111,0.7111111111111111,0.8000072215164181,0.8289570173661529,0.8826666666666667,results/pending_runs/paper_final/lane1/MobileNetV3/octmnist/L80_G80/fioretto_ldf/seed_2
octmnist,L80_G80,MobileNetV3,4,tralo_bounded,54.0,200,200,250,1000,159,0.7520353364466932,0.6666666666666666,0.6666666666666666,0.791128747626741,0.834702621981684,0.8853333333333333,results/pending_runs/paper_final/lane1/MobileNetV3/octmnist/L80_G80/tralo_bounded/seed_4
octmnist,L80_G80,MobileNetV3,3,tralo_bounded,54.0,200,200,250,1000,171,0.75916917819504,0.6488888888888888,0.6488888888888888,0.7793829703304918,0.830295209972125,0.8733333333333333,results/pending_runs/paper_final/lane1/MobileNetV3/octmnist/L80_G80/tralo_bounded/seed_3
octmnist,L80_G80,MobileNetV3,1,tralo_bounded,54.0,200,200,250,1000,161,0.7783454382386967,0.6755555555555556,0.6755555555555556,0.7787452584528142,0.8105581951480444,0.8586666666666667,results/pending_runs/paper_final/lane1/MobileNetV3/octmnist/L80_G80/tralo_bounded/seed_1
octmnist,L80_G80,MobileNetV3,2,tralo_bounded,54.0,200,200,250,1000,153,0.7978519752731716,0.7111111111111111,0.7111111111111111,0.8000072215164181,0.8289570173661529,0.8826666666666667,results/pending_runs/paper_final/lane1/MobileNetV3/octmnist/L80_G80/tralo_bounded/seed_2
octmnist,L80_G80,MobileNetV3,4,heuristic,0.0,200,200,250,1000,167,0.7775062340284874,0.7022222222222222,0.7022222222222222,0.7982276929883937,0.8256530621193572,0.872,results/pending_runs/paper_final/lane1/MobileNetV3/octmnist/L80_G80/heuristic/seed_4
octmnist,L80_G80,MobileNetV3,3,heuristic,0.0,200,200,250,1000,152,0.7205322351981209,0.6266666666666667,0.6266666666666667,0.7158244197542369,0.7542621436894668,0.8066666666666666,results/pending_runs/paper_final/lane1/MobileNetV3/octmnist/L80_G80/heuristic/seed_3
octmnist,L80_G80,MobileNetV3,1,heuristic,0.0,200,200,250,1000,260,0.8136593427460524,0.7111111111111111,0.7111111111111111,0.7542669671097858,0.7680973207081933,0.7666666666666667,results/pending_runs/paper_final/lane1/MobileNetV3/octmnist/L80_G80/heuristic/seed_1
octmnist,L80_G80,MobileNetV3,2,heuristic,0.0,200,200,250,1000,159,0.7517566084997516,0.64,0.64,0.7113504405338976,0.7327390747336309,0.784,results/pending_runs/paper_final/lane1/MobileNetV3/octmnist/L80_G80/heuristic/seed_2
dermmnist,L20_G20,ViTB16,4,hounie_rcl,103.0,45,45,223,2003,38,0.5987509157514703,0.2835820895522388,0.2835820895522388,0.6569649824338814,0.7178637642540647,0.8943820224719101,results/pending_runs/paper_final/lane1/ViTB16/dermmnist/L20_G20/hounie_rcl/seed_4
dermmnist,L20_G20,ViTB16,3,hounie_rcl,120.0,45,45,223,2003,41,0.5898372801737779,0.30597014925373134,0.30597014925373134,0.68908177564761,0.7525352000741924,0.9028089887640449,results/pending_runs/paper_final/lane1/ViTB16/dermmnist/L20_G20/hounie_rcl/seed_3
dermmnist,L20_G20,ViTB16,1,hounie_rcl,100.0,45,45,223,2003,35,0.5756711652590407,0.27611940298507465,0.27611940298507465,0.6566727008086916,0.7162546465977094,0.8932584269662921,results/pending_runs/paper_final/lane1/ViTB16/dermmnist/L20_G20/hounie_rcl/seed_1
dermmnist,L20_G20,ViTB16,2,hounie_rcl,115.0,45,45,223,2003,36,0.622188826182388,0.31343283582089554,0.31343283582089554,0.6731014180342508,0.7280288491399327,0.902247191011236,results/pending_runs/paper_final/lane1/ViTB16/dermmnist/L20_G20/hounie_rcl/seed_2
dermmnist,L20_G20,ViTB16,4,tralo,96.0,45,45,223,2003,45,0.5807297324035755,0.29850746268656714,0.29850746268656714,0.66714692426335,0.7285868345261471,0.897191011235955,results/pending_runs/paper_final/lane1/ViTB16/dermmnist/L20_G20/tralo/seed_4
dermmnist,L20_G20,ViTB16,3,tralo,82.0,45,45,223,2003,44,0.5789705942370861,0.2835820895522388,0.2835820895522388,0.6498175254369546,0.7106275586655753,0.8910112359550562,results/pending_runs/paper_final/lane1/ViTB16/dermmnist/L20_G20/tralo/seed_3
dermmnist,L20_G20,ViTB16,1,tralo,70.0,45,45,223,2003,43,0.5831713700388923,0.26865671641791045,0.26865671641791045,0.656175109578199,0.7206548306909126,0.8943820224719101,results/pending_runs/paper_final/lane1/ViTB16/dermmnist/L20_G20/tralo/seed_1
dermmnist,L20_G20,ViTB16,2,tralo,90.0,45,45,223,2003,45,0.6489644751351358,0.3208955223880597,0.3208955223880597,0.6608457639286228,0.7175041375187168,0.8926966292134831,results/pending_runs/paper_final/lane1/ViTB16/dermmnist/L20_G20/tralo/seed_2
dermmnist,L20_G20,ViTB16,4,danits_lp,0.0,45,45,223,2003,140,0.5464360682055407,0.26865671641791045,0.26865671641791045,0.6154397995901887,0.669144739138868,0.8578651685393258,results/pending_runs/paper_final/lane1/ViTB16/dermmnist/L20_G20/danits_lp/seed_4
dermmnist,L20_G20,ViTB16,3,danits_lp,0.0,45,45,223,2003,183,0.6176809458391277,0.2835820895522388,0.27611940298507465,0.6115764857554211,0.6706820907238012,0.8488764044943821,results/pending_runs/paper_final/lane1/ViTB16/dermmnist/L20_G20/danits_lp/seed_3
dermmnist,L20_G20,ViTB16,1,danits_lp,0.0,45,45,223,2003,174,0.6023818119998875,0.2835820895522388,0.2835820895522388,0.6404884317676077,0.7086945113670241,0.852808988764045,results/pending_runs/paper_final/lane1/ViTB16/dermmnist/L20_G20/danits_lp/seed_1
dermmnist,L20_G20,ViTB16,2,danits_lp,0.0,45,45,223,2003,144,0.6809264909107381,0.31343283582089554,0.31343283582089554,0.6507782108986454,0.7252443860185916,0.8758426966292134,results/pending_runs/paper_final/lane1/ViTB16/dermmnist/L20_G20/danits_lp/seed_2
dermmnist,L20_G20,ViTB16,4,fioretto_ldf,299.0,45,45,223,2003,43,0.5852524756916876,0.29850746268656714,0.29850746268656714,0.6693212795853798,0.7284952114462593,0.898876404494382,results/pending_runs/paper_final/lane1/ViTB16/dermmnist/L20_G20/fioretto_ldf/seed_4
dermmnist,L20_G20,ViTB16,3,fioretto_ldf,32.0,45,45,223,2003,41,0.578159471711383,0.2835820895522388,0.2835820895522388,0.6506199349354441,0.7123749859510088,0.8904494382022472,results/pending_runs/paper_final/lane1/ViTB16/dermmnist/L20_G20/fioretto_ldf/seed_3
dermmnist,L20_G20,ViTB16,1,fioretto_ldf,26.0,45,45,223,2003,38,0.5805207958560704,0.26865671641791045,0.26865671641791045,0.656658628369841,0.7208978863430809,0.895505617977528,results/pending_runs/paper_final/lane1/ViTB16/dermmnist/L20_G20/fioretto_ldf/seed_1
dermmnist,L20_G20,ViTB16,2,fioretto_ldf,28.0,45,45,223,2003,29,0.6294671006647662,0.3208955223880597,0.3208955223880597,0.6682228350186856,0.7207361686982741,0.8943820224719101,results/pending_runs/paper_final/lane1/ViTB16/dermmnist/L20_G20/fioretto_ldf/seed_2
dermmnist,L20_G20,ViTB16,4,tralo_bounded,76.0,45,45,223,2003,39,0.5806268395962325,0.29850746268656714,0.29850746268656714,0.6693674129909112,0.7279727397698795,0.898876404494382,results/pending_runs/paper_final/lane1/ViTB16/dermmnist/L20_G20/tralo_bounded/seed_4
dermmnist,L20_G20,ViTB16,3,tralo_bounded,350.0,45,45,223,2003,43,0.5830942802944687,0.291044776119403,0.291044776119403,0.6455024342942602,0.7042789878550568,0.8910112359550562,results/pending_runs/paper_final/lane1/ViTB16/dermmnist/L20_G20/tralo_bounded/seed_3
dermmnist,L20_G20,ViTB16,1,tralo_bounded,70.0,45,45,223,2003,35,0.574200305191037,0.26865671641791045,0.26865671641791045,0.6534019580261763,0.718340364365082,0.8938202247191012,results/pending_runs/paper_final/lane1/ViTB16/dermmnist/L20_G20/tralo_bounded/seed_1
dermmnist,L20_G20,ViTB16,2,tralo_bounded,72.0,45,45,223,2003,29,0.6307882552541973,0.3208955223880597,0.3208955223880597,0.6583049023942323,0.7089523969624797,0.8915730337078651,results/pending_runs/paper_final/lane1/ViTB16/dermmnist/L20_G20/tralo_bounded/seed_2
dermmnist,L20_G20,ViTB16,4,heuristic,0.0,45,45,223,2003,140,0.5464360682055407,0.26865671641791045,0.26865671641791045,0.6154397995901887,0.669144739138868,0.8578651685393258,results/pending_runs/paper_final/lane1/ViTB16/dermmnist/L20_G20/heuristic/seed_4
dermmnist,L20_G20,ViTB16,3,heuristic,0.0,45,45,223,2003,183,0.6176809458391277,0.27611940298507465,0.27611940298507465,0.6115764857554211,0.6706820907238012,0.8488764044943821,results/pending_runs/paper_final/lane1/ViTB16/dermmnist/L20_G20/heuristic/seed_3
dermmnist,L20_G20,ViTB16,1,heuristic,0.0,45,45,223,2003,174,0.6023818119998875,0.2835820895522388,0.2835820895522388,0.6404884317676077,0.7086945113670241,0.852808988764045,results/pending_runs/paper_final/lane1/ViTB16/dermmnist/L20_G20/heuristic/seed_1
dermmnist,L20_G20,ViTB16,2,heuristic,0.0,45,45,223,2003,144,0.6809264909107381,0.31343283582089554,0.31343283582089554,0.6507782108986454,0.7252443860185916,0.8758426966292134,results/pending_runs/paper_final/lane1/ViTB16/dermmnist/L20_G20/heuristic/seed_2
dermmnist,L50_G50,ViTB16,4,hounie_rcl,96.0,112,111,223,2003,103,0.618376837268193,0.47904191616766467,0.47904191616766467,0.6884390500080281,0.7221301796301797,0.8865168539325843,results/pending_runs/paper_final/lane1/ViTB16/dermmnist/L50_G50/hounie_rcl/seed_4
dermmnist,L50_G50,ViTB16,3,hounie_rcl,105.0,112,111,223,2003,100,0.6227857755425422,0.5089820359281437,0.5089820359281437,0.6953254383505652,0.7208199774313195,0.8853932584269663,results/pending_runs/paper_final/lane1/ViTB16/dermmnist/L50_G50/hounie_rcl/seed_3
dermmnist,L50_G50,ViTB16,1,hounie_rcl,71.0,112,111,223,2003,107,0.6227714584825156,0.5029940119760479,0.5029940119760479,0.706341703006202,0.7413288796690432,0.8915730337078651,results/pending_runs/paper_final/lane1/ViTB16/dermmnist/L50_G50/hounie_rcl/seed_1
dermmnist,L50_G50,ViTB16,2,hounie_rcl,79.0,112,111,223,2003,95,0.6770166896953645,0.5389221556886228,0.5389221556886228,0.7006759263677828,0.7231579378450003,0.8882022471910113,results/pending_runs/paper_final/lane1/ViTB16/dermmnist/L50_G50/hounie_rcl/seed_2
dermmnist,L50_G50,ViTB16,4,tralo,101.0,112,111,223,2003,109,0.6148589113244531,0.47904191616766467,0.47904191616766467,0.6907035128916214,0.725990294308945,0.8853932584269663,results/pending_runs/paper_final/lane1/ViTB16/dermmnist/L50_G50/tralo/seed_4
dermmnist,L50_G50,ViTB16,3,tralo,350.0,112,111,223,2003,99,0.6218854372284223,0.5089820359281437,0.5089820359281437,0.6954457228277872,0.7213340548340548,0.8865168539325843,results/pending_runs/paper_final/lane1/ViTB16/dermmnist/L50_G50/tralo/seed_3
dermmnist,L50_G50,ViTB16,1,tralo,67.0,112,111,223,2003,106,0.6178676382516554,0.5029940119760479,0.5029940119760479,0.7063975315901468,0.7395829244047252,0.8898876404494382,results/pending_runs/paper_final/lane1/ViTB16/dermmnist/L50_G50/tralo/seed_1
dermmnist,L50_G50,ViTB16,2,tralo,71.0,112,111,223,2003,110,0.6794711305987268,0.5389221556886228,0.5389221556886228,0.7086801416983951,0.7363553435969658,0.8887640449438202,results/pending_runs/paper_final/lane1/ViTB16/dermmnist/L50_G50/tralo/seed_2
dermmnist,L50_G50,ViTB16,4,danits_lp,0.0,112,111,223,2003,140,0.5464360682055407,0.4311377245508982,0.4311377245508982,0.6383387854014287,0.669144739138868,0.8578651685393258,results/pending_runs/paper_final/lane1/ViTB16/dermmnist/L50_G50/danits_lp/seed_4
dermmnist,L50_G50,ViTB16,3,danits_lp,0.0,112,111,223,2003,183,0.6176809458391277,0.5209580838323353,0.5209580838323353,0.654584754602939,0.6706820907238012,0.8488764044943821,results/pending_runs/paper_final/lane1/ViTB16/dermmnist/L50_G50/danits_lp/seed_3
dermmnist,L50_G50,ViTB16,1,danits_lp,0.0,112,111,223,2003,174,0.6023818119998875,0.47305389221556887,0.47305389221556887,0.6742051397960979,0.7086945113670241,0.852808988764045,results/pending_runs/paper_final/lane1/ViTB16/dermmnist/L50_G50/danits_lp/seed_1
dermmnist,L50_G50,ViTB16,2,danits_lp,0.0,112,111,223,2003,144,0.6809264909107381,0.5269461077844312,0.5209580838323353,0.6884404014441613,0.7252443860185916,0.8758426966292134,results/pending_runs/paper_final/lane1/ViTB16/dermmnist/L50_G50/danits_lp/seed_2
dermmnist,L50_G50,ViTB16,4,fioretto_ldf,22.0,112,111,223,2003,97,0.6169787739485066,0.46706586826347307,0.46706586826347307,0.6882376786988453,0.7238709584943533,0.8859550561797753,results/pending_runs/paper_final/lane1/ViTB16/dermmnist/L50_G50/fioretto_ldf/seed_4
dermmnist,L50_G50,ViTB16,3,fioretto_ldf,21.0,112,111,223,2003,103,0.6232614998477739,0.5149700598802395,0.5149700598802395,0.695937383912721,0.7203244830732678,0.8842696629213483,results/pending_runs/paper_final/lane1/ViTB16/dermmnist/L50_G50/fioretto_ldf/seed_3
dermmnist,L50_G50,ViTB16,1,fioretto_ldf,18.0,112,111,223,2003,103,0.6227044425060653,0.5089820359281437,0.5089820359281437,0.7080834659634506,0.7416085042337812,0.8926966292134831,results/pending_runs/paper_final/lane1/ViTB16/dermmnist/L50_G50/fioretto_ldf/seed_1
dermmnist,L50_G50,ViTB16,2,fioretto_ldf,20.0,112,111,223,2003,103,0.6797072853192702,0.5389221556886228,0.5389221556886228,0.7084253131447145,0.7333667441433568,0.8887640449438202,results/pending_runs/paper_final/lane1/ViTB16/dermmnist/L50_G50/fioretto_ldf/seed_2
dermmnist,L50_G50,ViTB16,4,tralo_bounded,65.0,112,111,223,2003,101,0.6185664269423777,0.47904191616766467,0.47904191616766467,0.6904415783124893,0.7239885667279324,0.8859550561797753,results/pending_runs/paper_final/lane1/ViTB16/dermmnist/L50_G50/tralo_bounded/seed_4
dermmnist,L50_G50,ViTB16,3,tralo_bounded,65.0,112,111,223,2003,102,0.6237505099383089,0.5149700598802395,0.5149700598802395,0.6945908358022306,0.7211408631490862,0.8848314606741573,results/pending_runs/paper_final/lane1/ViTB16/dermmnist/L50_G50/tralo_bounded/seed_3
dermmnist,L50_G50,ViTB16,1,tralo_bounded,62.0,112,111,223,2003,107,0.6241032190929641,0.5089820359281437,0.5089820359281437,0.7067702677355092,0.7401777206618972,0.8910112359550562,results/pending_runs/paper_final/lane1/ViTB16/dermmnist/L50_G50/tralo_bounded/seed_1
dermmnist,L50_G50,ViTB16,2,tralo_bounded,63.0,112,111,223,2003,100,0.679403345070699,0.5389221556886228,0.5389221556886228,0.7067266011378069,0.7316958553781716,0.8893258426966292,results/pending_runs/paper_final/lane1/ViTB16/dermmnist/L50_G50/tralo_bounded/seed_2
dermmnist,L50_G50,ViTB16,4,heuristic,0.0,112,111,223,2003,140,0.5464360682055407,0.4311377245508982,0.4311377245508982,0.6383387854014287,0.669144739138868,0.8578651685393258,results/pending_runs/paper_final/lane1/ViTB16/dermmnist/L50_G50/heuristic/seed_4
dermmnist,L50_G50,ViTB16,3,heuristic,0.0,112,111,223,2003,183,0.6176809458391277,0.5209580838323353,0.5209580838323353,0.654584754602939,0.6706820907238012,0.8488764044943821,results/pending_runs/paper_final/lane1/ViTB16/dermmnist/L50_G50/heuristic/seed_3
dermmnist,L50_G50,ViTB16,1,heuristic,0.0,112,111,223,2003,174,0.6023818119998875,0.47305389221556887,0.47305389221556887,0.6742051397960979,0.7086945113670241,0.852808988764045,results/pending_runs/paper_final/lane1/ViTB16/dermmnist/L50_G50/heuristic/seed_1
dermmnist,L50_G50,ViTB16,2,heuristic,0.0,112,111,223,2003,144,0.6809264909107381,0.5209580838323353,0.5209580838323353,0.6884404014441613,0.7252443860185916,0.8758426966292134,results/pending_runs/paper_final/lane1/ViTB16/dermmnist/L50_G50/heuristic/seed_2
dermmnist,L80_G80,ViTB16,4,hounie_rcl,66.0,178,178,223,2003,164,0.6311683210835138,0.5885286783042394,0.5835411471321695,0.7178513585299917,0.740190017479776,0.8786516853932584,results/pending_runs/paper_final/lane1/ViTB16/dermmnist/L80_G80/hounie_rcl/seed_4
dermmnist,L80_G80,ViTB16,3,hounie_rcl,146.0,178,178,223,2003,156,0.6349308699283491,0.5835411471321695,0.5835411471321695,0.6861449446499633,0.7042400502031027,0.8707865168539326,results/pending_runs/paper_final/lane1/ViTB16/dermmnist/L80_G80/hounie_rcl/seed_3
dermmnist,L80_G80,ViTB16,1,hounie_rcl,58.0,178,178,223,2003,168,0.6391254659393216,0.6234413965087282,0.6234413965087282,0.7323395428218799,0.7498554405896235,0.8797752808988764,results/pending_runs/paper_final/lane1/ViTB16/dermmnist/L80_G80/hounie_rcl/seed_1
dermmnist,L80_G80,ViTB16,2,hounie_rcl,46.0,178,178,223,2003,169,0.6890326731472747,0.6384039900249376,0.6384039900249376,0.7216288552542542,0.7319780334036617,0.8752808988764045,results/pending_runs/paper_final/lane1/ViTB16/dermmnist/L80_G80/hounie_rcl/seed_2
dermmnist,L80_G80,ViTB16,4,tralo,211.0,178,178,223,2003,176,0.6291334370486389,0.5785536159600998,0.5785536159600998,0.7148167571158416,0.7375370105241214,0.8752808988764045,results/pending_runs/paper_final/lane1/ViTB16/dermmnist/L80_G80/tralo/seed_4
dermmnist,L80_G80,ViTB16,3,tralo,73.0,178,178,223,2003,166,0.63086646024254,0.5785536159600998,0.5785536159600998,0.6847416076847279,0.7004897706227519,0.8685393258426967,results/pending_runs/paper_final/lane1/ViTB16/dermmnist/L80_G80/tralo/seed_3
dermmnist,L80_G80,ViTB16,1,tralo,57.0,178,178,223,2003,168,0.635773082429029,0.6134663341645885,0.6134663341645885,0.7345744643002223,0.7541855833244662,0.8820224719101124,results/pending_runs/paper_final/lane1/ViTB16/dermmnist/L80_G80/tralo/seed_1
dermmnist,L80_G80,ViTB16,2,tralo,58.0,178,178,223,2003,173,0.6886801573973735,0.6433915211970075,0.6433915211970075,0.7247287133265023,0.7370759486175714,0.8758426966292134,results/pending_runs/paper_final/lane1/ViTB16/dermmnist/L80_G80/tralo/seed_2
dermmnist,L80_G80,ViTB16,4,danits_lp,0.0,178,178,223,2003,140,0.5464360682055407,0.48484848484848486,0.49875311720698257,0.6482500846041889,0.669144739138868,0.8578651685393258,results/pending_runs/paper_final/lane1/ViTB16/dermmnist/L80_G80/danits_lp/seed_4
dermmnist,L80_G80,ViTB16,3,danits_lp,0.0,178,178,223,2003,183,0.6176809458391277,0.5655526992287918,0.5685785536159601,0.6593285250539934,0.6706820907238012,0.8488764044943821,results/pending_runs/paper_final/lane1/ViTB16/dermmnist/L80_G80/danits_lp/seed_3
dermmnist,L80_G80,ViTB16,1,danits_lp,0.0,178,178,223,2003,174,0.6023818119998875,0.5478036175710594,0.57356608478803,0.6907526705005174,0.7086945113670241,0.852808988764045,results/pending_runs/paper_final/lane1/ViTB16/dermmnist/L80_G80/danits_lp/seed_1
dermmnist,L80_G80,ViTB16,2,danits_lp,0.0,178,178,223,2003,144,0.6809264909107381,0.5885558583106267,0.628428927680798,0.7106074536626308,0.7252443860185916,0.8758426966292134,results/pending_runs/paper_final/lane1/ViTB16/dermmnist/L80_G80/danits_lp/seed_2
dermmnist,L80_G80,ViTB16,4,fioretto_ldf,7.0,178,178,223,2003,160,0.6300283569540428,0.5885286783042394,0.5885286783042394,0.7186675328981353,0.7391344001004754,0.8786516853932584,results/pending_runs/paper_final/lane1/ViTB16/dermmnist/L80_G80/fioretto_ldf/seed_4
dermmnist,L80_G80,ViTB16,3,fioretto_ldf,10.0,178,178,223,2003,154,0.6342422926619327,0.5835411471321695,0.5835411471321695,0.6859175732150626,0.7041007948577841,0.8707865168539326,results/pending_runs/paper_final/lane1/ViTB16/dermmnist/L80_G80/fioretto_ldf/seed_3
dermmnist,L80_G80,ViTB16,1,fioretto_ldf,8.0,178,178,223,2003,160,0.6387507251161717,0.6184538653366584,0.6184538653366584,0.7313541722511606,0.7455497705097972,0.8797752808988764,results/pending_runs/paper_final/lane1/ViTB16/dermmnist/L80_G80/fioretto_ldf/seed_1
dermmnist,L80_G80,ViTB16,2,fioretto_ldf,7.0,178,178,223,2003,156,0.6894306512814253,0.6433915211970075,0.6433915211970075,0.722516838419297,0.7334849112626038,0.8780898876404495,results/pending_runs/paper_final/lane1/ViTB16/dermmnist/L80_G80/fioretto_ldf/seed_2
dermmnist,L80_G80,ViTB16,4,tralo_bounded,60.0,178,178,223,2003,162,0.6305929736472543,0.5885286783042394,0.5885286783042394,0.7186675328981353,0.7394518818664003,0.8786516853932584,results/pending_runs/paper_final/lane1/ViTB16/dermmnist/L80_G80/tralo_bounded/seed_4
dermmnist,L80_G80,ViTB16,3,tralo_bounded,65.0,178,178,223,2003,155,0.6344989498959976,0.5835411471321695,0.5835411471321695,0.6859175732150626,0.7041560847616135,0.8707865168539326,results/pending_runs/paper_final/lane1/ViTB16/dermmnist/L80_G80/tralo_bounded/seed_3
dermmnist,L80_G80,ViTB16,1,tralo_bounded,59.0,178,178,223,2003,165,0.6392573232437995,0.6234413965087282,0.6234413965087282,0.7323395428218799,0.7462189638512154,0.8797752808988764,results/pending_runs/paper_final/lane1/ViTB16/dermmnist/L80_G80/tralo_bounded/seed_1
dermmnist,L80_G80,ViTB16,2,tralo_bounded,58.0,178,178,223,2003,162,0.6891359229534623,0.6433915211970075,0.6433915211970075,0.7234017616659516,0.731590051517543,0.8758426966292134,results/pending_runs/paper_final/lane1/ViTB16/dermmnist/L80_G80/tralo_bounded/seed_2
dermmnist,L80_G80,ViTB16,4,heuristic,0.0,178,178,223,2003,140,0.5464360682055407,0.49875311720698257,0.49875311720698257,0.6482500846041889,0.669144739138868,0.8578651685393258,results/pending_runs/paper_final/lane1/ViTB16/dermmnist/L80_G80/heuristic/seed_4
dermmnist,L80_G80,ViTB16,3,heuristic,0.0,178,178,223,2003,183,0.6176809458391277,0.5685785536159601,0.5685785536159601,0.6593285250539934,0.6706820907238012,0.8488764044943821,results/pending_runs/paper_final/lane1/ViTB16/dermmnist/L80_G80/heuristic/seed_3
dermmnist,L80_G80,ViTB16,1,heuristic,0.0,178,178,223,2003,174,0.6023818119998875,0.57356608478803,0.57356608478803,0.6907526705005174,0.7086945113670241,0.852808988764045,results/pending_runs/paper_final/lane1/ViTB16/dermmnist/L80_G80/heuristic/seed_1
dermmnist,L80_G80,ViTB16,2,heuristic,0.0,178,178,223,2003,144,0.6809264909107381,0.628428927680798,0.628428927680798,0.7106074536626308,0.7252443860185916,0.8758426966292134,results/pending_runs/paper_final/lane1/ViTB16/dermmnist/L80_G80/heuristic/seed_2
tissuemnist,L20_G20,ViTB16,4,hounie_rcl,211.0,34,34,171,2400,32,0.38583325736044916,0.22439024390243903,0.22439024390243903,0.4485736714975219,0.48138300036073256,0.6128308658591296,results/pending_runs/paper_final/lane1/ViTB16/tissuemnist/L20_G20/hounie_rcl/seed_4
tissuemnist,L20_G20,ViTB16,3,hounie_rcl,185.0,34,34,171,2400,31,0.4442682986043284,0.2634146341463415,0.2634146341463415,0.44211974715577973,0.46728485582681173,0.5971287572902647,results/pending_runs/paper_final/lane1/ViTB16/tissuemnist/L20_G20/hounie_rcl/seed_3
tissuemnist,L20_G20,ViTB16,1,hounie_rcl,173.0,34,34,171,2400,29,0.42807982796967137,0.24390243902439024,0.24390243902439024,0.46201247682199525,0.49221828551077806,0.6146253925527142,results/pending_runs/paper_final/lane1/ViTB16/tissuemnist/L20_G20/hounie_rcl/seed_1
tissuemnist,L20_G20,ViTB16,2,hounie_rcl,195.0,34,34,171,2400,22,0.39019217336273315,0.22439024390243903,0.22439024390243903,0.44929127049352213,0.48178685538100136,0.598026020637057,results/pending_runs/paper_final/lane1/ViTB16/tissuemnist/L20_G20/hounie_rcl/seed_2
tissuemnist,L20_G20,ViTB16,4,tralo,78.0,34,34,171,2400,33,0.38111333066857805,0.22439024390243903,0.22439024390243903,0.45434368741952963,0.4875907609472061,0.614176760879318,results/pending_runs/paper_final/lane1/ViTB16/tissuemnist/L20_G20/tralo/seed_4
tissuemnist,L20_G20,ViTB16,3,tralo,80.0,34,34,171,2400,33,0.4410078746561596,0.2634146341463415,0.2634146341463415,0.44457599271733306,0.47030076064521487,0.5984746523104532,results/pending_runs/paper_final/lane1/ViTB16/tissuemnist/L20_G20/tralo/seed_3
tissuemnist,L20_G20,ViTB16,1,tralo,82.0,34,34,171,2400,32,0.4179760404402633,0.24390243902439024,0.24390243902439024,0.4638743434340893,0.49500342833051497,0.6159712875729026,results/pending_runs/paper_final/lane1/ViTB16/tissuemnist/L20_G20/tralo/seed_1
tissuemnist,L20_G20,ViTB16,2,tralo,140.0,34,34,171,2400,34,0.3920976662194727,0.22439024390243903,0.22439024390243903,0.44683184211843935,0.4786092132921537,0.5966801256168686,results/pending_runs/paper_final/lane1/ViTB16/tissuemnist/L20_G20/tralo/seed_2
tissuemnist,L20_G20,ViTB16,4,danits_lp,0.0,34,34,171,2400,150,0.43798497920642665,0.24390243902439024,0.24390243902439024,0.41850781562751216,0.4438178462106946,0.5563032750112158,results/pending_runs/paper_final/lane1/ViTB16/tissuemnist/L20_G20/danits_lp/seed_4
tissuemnist,L20_G20,ViTB16,3,danits_lp,0.0,34,34,171,2400,147,0.49104628797424765,0.2731707317073171,0.2731707317073171,0.43144301895881365,0.4549243145577392,0.5648272768057425,results/pending_runs/paper_final/lane1/ViTB16/tissuemnist/L20_G20/danits_lp/seed_3
tissuemnist,L20_G20,ViTB16,1,danits_lp,0.0,34,34,171,2400,212,0.4986443597802165,0.22439024390243903,0.22439024390243903,0.4540716674239539,0.48284375693905507,0.5895020188425303,results/pending_runs/paper_final/lane1/ViTB16/tissuemnist/L20_G20/danits_lp/seed_1
tissuemnist,L20_G20,ViTB16,2,danits_lp,0.0,34,34,171,2400,122,0.46898510574782415,0.24390243902439024,0.24390243902439024,0.4429216179118384,0.47520347220176806,0.5872588604755495,results/pending_runs/paper_final/lane1/ViTB16/tissuemnist/L20_G20/danits_lp/seed_2
tissuemnist,L20_G20,ViTB16,4,fioretto_ldf,27.0,34,34,171,2400,31,0.3795972412957746,0.22439024390243903,0.22439024390243903,0.4534998583725355,0.48686770295554244,0.6150740242261103,results/pending_runs/paper_final/lane1/ViTB16/tissuemnist/L20_G20/fioretto_ldf/seed_4
tissuemnist,L20_G20,ViTB16,3,fioretto_ldf,299.0,34,34,171,2400,32,0.44173287284143925,0.2634146341463415,0.2634146341463415,0.4472880295195203,0.4734877894544751,0.5998205473306415,results/pending_runs/paper_final/lane1/ViTB16/tissuemnist/L20_G20/fioretto_ldf/seed_3
tissuemnist,L20_G20,ViTB16,1,fioretto_ldf,299.0,34,34,171,2400,32,0.4169054317732893,0.24390243902439024,0.24390243902439024,0.4631788061311281,0.49421611143719185,0.6150740242261103,results/pending_runs/paper_final/lane1/ViTB16/tissuemnist/L20_G20/fioretto_ldf/seed_1
tissuemnist,L20_G20,ViTB16,2,fioretto_ldf,25.0,34,34,171,2400,22,0.38231048883213287,0.22439024390243903,0.22439024390243903,0.44727606014599375,0.4795383307500875,0.5975773889636609,results/pending_runs/paper_final/lane1/ViTB16/tissuemnist/L20_G20/fioretto_ldf/seed_2
tissuemnist,L20_G20,ViTB16,4,tralo_bounded,75.0,34,34,171,2400,31,0.3803328862063923,0.22439024390243903,0.22439024390243903,0.4516242678937292,0.48472384882758,0.6128308658591296,results/pending_runs/paper_final/lane1/ViTB16/tissuemnist/L20_G20/tralo_bounded/seed_4
tissuemnist,L20_G20,ViTB16,3,tralo_bounded,75.0,34,34,171,2400,30,0.4397808791243681,0.2634146341463415,0.2634146341463415,0.4459439828346312,0.47149878103653353,0.6002691790040376,results/pending_runs/paper_final/lane1/ViTB16/tissuemnist/L20_G20/tralo_bounded/seed_3
tissuemnist,L20_G20,ViTB16,1,tralo_bounded,77.0,34,34,171,2400,28,0.4075223636696319,0.24390243902439024,0.24390243902439024,0.4616286735217102,0.4918875378234196,0.6137281292059219,results/pending_runs/paper_final/lane1/ViTB16/tissuemnist/L20_G20/tralo_bounded/seed_1
tissuemnist,L20_G20,ViTB16,2,tralo_bounded,74.0,34,34,171,2400,23,0.38854422024602686,0.22439024390243903,0.22439024390243903,0.4467430111556754,0.4792616657699495,0.5966801256168686,results/pending_runs/paper_final/lane1/ViTB16/tissuemnist/L20_G20/tralo_bounded/seed_2
tissuemnist,L20_G20,ViTB16,4,heuristic,0.0,34,34,171,2400,150,0.43798497920642665,0.24390243902439024,0.24390243902439024,0.41850781562751216,0.4438178462106946,0.5563032750112158,results/pending_runs/paper_final/lane1/ViTB16/tissuemnist/L20_G20/heuristic/seed_4
tissuemnist,L20_G20,ViTB16,3,heuristic,0.0,34,34,171,2400,147,0.49104628797424765,0.2731707317073171,0.2731707317073171,0.43144301895881365,0.4549243145577392,0.5648272768057425,results/pending_runs/paper_final/lane1/ViTB16/tissuemnist/L20_G20/heuristic/seed_3
tissuemnist,L20_G20,ViTB16,1,heuristic,0.0,34,34,171,2400,212,0.4986443597802165,0.22439024390243903,0.22439024390243903,0.4540716674239539,0.48284375693905507,0.5895020188425303,results/pending_runs/paper_final/lane1/ViTB16/tissuemnist/L20_G20/heuristic/seed_1
tissuemnist,L20_G20,ViTB16,2,heuristic,0.0,34,34,171,2400,122,0.46898510574782415,0.24390243902439024,0.24390243902439024,0.4429216179118384,0.47520347220176806,0.5872588604755495,results/pending_runs/paper_final/lane1/ViTB16/tissuemnist/L20_G20/heuristic/seed_2
tissuemnist,L50_G50,ViTB16,4,hounie_rcl,157.0,86,86,171,2400,84,0.420027242834328,0.3968871595330739,0.3968871595330739,0.47855026582666216,0.48973980590741345,0.6096904441453567,results/pending_runs/paper_final/lane1/ViTB16/tissuemnist/L50_G50/hounie_rcl/seed_4
tissuemnist,L50_G50,ViTB16,3,hounie_rcl,122.0,86,86,171,2400,69,0.48669710463661864,0.42023346303501946,0.42023346303501946,0.4670898708932549,0.47154873926416985,0.5935397039030955,results/pending_runs/paper_final/lane1/ViTB16/tissuemnist/L50_G50/hounie_rcl/seed_3
tissuemnist,L50_G50,ViTB16,1,hounie_rcl,124.0,86,86,171,2400,78,0.48868067495953055,0.45136186770428016,0.45136186770428016,0.49555818512560246,0.5014633156332101,0.6114849708389413,results/pending_runs/paper_final/lane1/ViTB16/tissuemnist/L50_G50/hounie_rcl/seed_1
tissuemnist,L50_G50,ViTB16,2,hounie_rcl,145.0,86,86,171,2400,77,0.4464050827142836,0.42023346303501946,0.42023346303501946,0.48479787143690967,0.4933936419192416,0.5962314939434724,results/pending_runs/paper_final/lane1/ViTB16/tissuemnist/L50_G50/hounie_rcl/seed_2
tissuemnist,L50_G50,ViTB16,4,tralo,67.0,86,86,171,2400,83,0.4166211130776746,0.3968871595330739,0.3968871595330739,0.4809441590735849,0.49237729155820825,0.6114849708389413,results/pending_runs/paper_final/lane1/ViTB16/tissuemnist/L50_G50/tralo/seed_4
tissuemnist,L50_G50,ViTB16,3,tralo,70.0,86,86,171,2400,81,0.47511628652111537,0.42023346303501946,0.42023346303501946,0.4688458517720365,0.47481170341844486,0.594885598923284,results/pending_runs/paper_final/lane1/ViTB16/tissuemnist/L50_G50/tralo/seed_3
tissuemnist,L50_G50,ViTB16,1,tralo,69.0,86,86,171,2400,85,0.4865239837308548,0.4357976653696498,0.4357976653696498,0.4982602618575024,0.5071218893715072,0.6123822341857336,results/pending_runs/paper_final/lane1/ViTB16/tissuemnist/L50_G50/tralo/seed_1
tissuemnist,L50_G50,ViTB16,2,tralo,73.0,86,86,171,2400,86,0.44190191388296785,0.42023346303501946,0.42023346303501946,0.4824123741919475,0.49197427559612905,0.5939883355764917,results/pending_runs/paper_final/lane1/ViTB16/tissuemnist/L50_G50/tralo/seed_2
tissuemnist,L50_G50,ViTB16,4,danits_lp,0.0,86,86,171,2400,150,0.43798497920642665,0.4046692607003891,0.4046692607003891,0.439153809594064,0.4438178462106946,0.5563032750112158,results/pending_runs/paper_final/lane1/ViTB16/tissuemnist/L50_G50/danits_lp/seed_4
tissuemnist,L50_G50,ViTB16,3,danits_lp,0.0,86,86,171,2400,147,0.49104628797424765,0.4046692607003891,0.3968871595330739,0.44679652747918275,0.4549243145577392,0.5648272768057425,results/pending_runs/paper_final/lane1/ViTB16/tissuemnist/L50_G50/danits_lp/seed_3
tissuemnist,L50_G50,ViTB16,1,danits_lp,0.0,86,86,171,2400,212,0.4986443597802165,0.4046692607003891,0.4046692607003891,0.47722188574105845,0.48284375693905507,0.5895020188425303,results/pending_runs/paper_final/lane1/ViTB16/tissuemnist/L50_G50/danits_lp/seed_1
tissuemnist,L50_G50,ViTB16,2,danits_lp,0.0,86,86,171,2400,122,0.46898510574782415,0.44357976653696496,0.4357976653696498,0.4682216802465599,0.47520347220176806,0.5872588604755495,results/pending_runs/paper_final/lane1/ViTB16/tissuemnist/L50_G50/danits_lp/seed_2
tissuemnist,L50_G50,ViTB16,4,fioretto_ldf,18.0,86,86,171,2400,83,0.4175634509763351,0.3968871595330739,0.3968871595330739,0.4766740581052079,0.48749030353165385,0.6092418124719605,results/pending_runs/paper_final/lane1/ViTB16/tissuemnist/L50_G50/fioretto_ldf/seed_4
tissuemnist,L50_G50,ViTB16,3,fioretto_ldf,20.0,86,86,171,2400,64,0.48320172436000147,0.42023346303501946,0.42023346303501946,0.4690712647320633,0.4742928284599213,0.5975773889636609,results/pending_runs/paper_final/lane1/ViTB16/tissuemnist/L50_G50/fioretto_ldf/seed_3
tissuemnist,L50_G50,ViTB16,1,fioretto_ldf,20.0,86,86,171,2400,75,0.48256125798726635,0.44357976653696496,0.44357976653696496,0.49375477318138705,0.5001756444317238,0.6101390758187528,results/pending_runs/paper_final/lane1/ViTB16/tissuemnist/L50_G50/fioretto_ldf/seed_1
tissuemnist,L50_G50,ViTB16,2,fioretto_ldf,18.0,86,86,171,2400,76,0.44466659786457663,0.42023346303501946,0.42023346303501946,0.48302270767860733,0.4910556286300038,0.594885598923284,results/pending_runs/paper_final/lane1/ViTB16/tissuemnist/L50_G50/fioretto_ldf/seed_2
tissuemnist,L50_G50,ViTB16,4,tralo_bounded,63.0,86,86,171,2400,83,0.4189669732349519,0.3968871595330739,0.3968871595330739,0.477909770184068,0.48889310096123545,0.6087931807985644,results/pending_runs/paper_final/lane1/ViTB16/tissuemnist/L50_G50/tralo_bounded/seed_4
tissuemnist,L50_G50,ViTB16,3,tralo_bounded,64.0,86,86,171,2400,65,0.4850659570773149,0.4280155642023346,0.4280155642023346,0.4697327168418418,0.4723519477904709,0.5953342305966801,results/pending_runs/paper_final/lane1/ViTB16/tissuemnist/L50_G50/tralo_bounded/seed_3
tissuemnist,L50_G50,ViTB16,1,tralo_bounded,350.0,86,86,171,2400,81,0.4888122844773257,0.44357976653696496,0.44357976653696496,0.49796362409301687,0.5050008626361043,0.6114849708389413,results/pending_runs/paper_final/lane1/ViTB16/tissuemnist/L50_G50/tralo_bounded/seed_1
tissuemnist,L50_G50,ViTB16,2,tralo_bounded,64.0,86,86,171,2400,77,0.4454278772475101,0.42023346303501946,0.42023346303501946,0.48276804906804793,0.4910748764272562,0.5939883355764917,results/pending_runs/paper_final/lane1/ViTB16/tissuemnist/L50_G50/tralo_bounded/seed_2
tissuemnist,L50_G50,ViTB16,4,heuristic,0.0,86,86,171,2400,150,0.43798497920642665,0.4046692607003891,0.4046692607003891,0.439153809594064,0.4438178462106946,0.5563032750112158,results/pending_runs/paper_final/lane1/ViTB16/tissuemnist/L50_G50/heuristic/seed_4
tissuemnist,L50_G50,ViTB16,3,heuristic,0.0,86,86,171,2400,147,0.49104628797424765,0.3968871595330739,0.3968871595330739,0.44679652747918275,0.4549243145577392,0.5648272768057425,results/pending_runs/paper_final/lane1/ViTB16/tissuemnist/L50_G50/heuristic/seed_3
tissuemnist,L50_G50,ViTB16,1,heuristic,0.0,86,86,171,2400,212,0.4986443597802165,0.4046692607003891,0.4046692607003891,0.47722188574105845,0.48284375693905507,0.5895020188425303,results/pending_runs/paper_final/lane1/ViTB16/tissuemnist/L50_G50/heuristic/seed_1
tissuemnist,L50_G50,ViTB16,2,heuristic,0.0,86,86,171,2400,122,0.46898510574782415,0.4357976653696498,0.4357976653696498,0.4682216802465599,0.47520347220176806,0.5872588604755495,results/pending_runs/paper_final/lane1/ViTB16/tissuemnist/L50_G50/heuristic/seed_2
tissuemnist,L80_G80,ViTB16,4,hounie_rcl,4.0,137,137,171,2400,123,0.43079473101114574,0.461038961038961,0.461038961038961,0.48388170244078327,0.4896728676455958,0.6069986541049798,results/pending_runs/paper_final/lane1/ViTB16/tissuemnist/L80_G80/hounie_rcl/seed_4
tissuemnist,L80_G80,ViTB16,3,hounie_rcl,131.0,137,137,171,2400,121,0.4956222746021969,0.4935064935064935,0.4935064935064935,0.4756566529182933,0.47369958360766723,0.588604755495738,results/pending_runs/paper_final/lane1/ViTB16/tissuemnist/L80_G80/hounie_rcl/seed_3
tissuemnist,L80_G80,ViTB16,1,hounie_rcl,92.0,137,137,171,2400,131,0.5117310348429234,0.5,0.5,0.5108287636703054,0.5125073845765499,0.6092418124719605,results/pending_runs/paper_final/lane1/ViTB16/tissuemnist/L80_G80/hounie_rcl/seed_1
tissuemnist,L80_G80,ViTB16,2,hounie_rcl,97.0,137,137,171,2400,126,0.4611457196628828,0.487012987012987,0.487012987012987,0.4901046622481806,0.493119743440631,0.5895020188425303,results/pending_runs/paper_final/lane1/ViTB16/tissuemnist/L80_G80/hounie_rcl/seed_2
tissuemnist,L80_G80,ViTB16,4,tralo,54.0,137,137,171,2400,130,0.43220761728088475,0.44155844155844154,0.44805194805194803,0.4810738755357868,0.4896777007738802,0.6114849708389413,results/pending_runs/paper_final/lane1/ViTB16/tissuemnist/L80_G80/tralo/seed_4
tissuemnist,L80_G80,ViTB16,3,tralo,249.0,137,137,171,2400,136,0.49875828072270273,0.487012987012987,0.487012987012987,0.48451798578189037,0.48513185110833323,0.5935397039030955,results/pending_runs/paper_final/lane1/ViTB16/tissuemnist/L80_G80/tralo/seed_3
tissuemnist,L80_G80,ViTB16,1,tralo,65.0,137,137,171,2400,131,0.5111624153150127,0.5064935064935064,0.5064935064935064,0.5125360202118636,0.5115466740029533,0.6083445491251682,results/pending_runs/paper_final/lane1/ViTB16/tissuemnist/L80_G80/tralo/seed_1
tissuemnist,L80_G80,ViTB16,2,tralo,65.0,137,137,171,2400,133,0.4602299435918203,0.4935064935064935,0.4935064935064935,0.4913907854990165,0.4912347861549331,0.5872588604755495,results/pending_runs/paper_final/lane1/ViTB16/tissuemnist/L80_G80/tralo/seed_2
tissuemnist,L80_G80,ViTB16,4,danits_lp,0.0,137,137,171,2400,150,0.43798497920642665,0.44155844155844154,0.44155844155844154,0.44350139075215395,0.4438178462106946,0.5563032750112158,results/pending_runs/paper_final/lane1/ViTB16/tissuemnist/L80_G80/danits_lp/seed_4
tissuemnist,L80_G80,ViTB16,3,danits_lp,0.0,137,137,171,2400,147,0.49104628797424765,0.474025974025974,0.4805194805194805,0.45795241986984636,0.4549243145577392,0.5648272768057425,results/pending_runs/paper_final/lane1/ViTB16/tissuemnist/L80_G80/danits_lp/seed_3
tissuemnist,L80_G80,ViTB16,1,danits_lp,0.0,137,137,171,2400,212,0.4986443597802165,0.5,0.4935064935064935,0.48685998309668527,0.48284375693905507,0.5895020188425303,results/pending_runs/paper_final/lane1/ViTB16/tissuemnist/L80_G80/danits_lp/seed_1
tissuemnist,L80_G80,ViTB16,2,danits_lp,0.0,137,137,171,2400,122,0.46898510574782415,0.49829351535836175,0.5064935064935064,0.47656966206181406,0.47520347220176806,0.5872588604755495,results/pending_runs/paper_final/lane1/ViTB16/tissuemnist/L80_G80/danits_lp/seed_2
tissuemnist,L80_G80,ViTB16,4,fioretto_ldf,4.0,137,137,171,2400,123,0.4308879744582476,0.461038961038961,0.461038961038961,0.4840525666155412,0.4898634827857383,0.6069986541049798,results/pending_runs/paper_final/lane1/ViTB16/tissuemnist/L80_G80/fioretto_ldf/seed_4
tissuemnist,L80_G80,ViTB16,3,fioretto_ldf,14.0,137,137,171,2400,118,0.4959088122115764,0.5,0.5,0.47796955353043463,0.4742720054221044,0.5903992821893226,results/pending_runs/paper_final/lane1/ViTB16/tissuemnist/L80_G80/fioretto_ldf/seed_3
tissuemnist,L80_G80,ViTB16,1,fioretto_ldf,13.0,137,137,171,2400,129,0.5106886445892928,0.5,0.5,0.5083829651995065,0.5090636863765416,0.6087931807985644,results/pending_runs/paper_final/lane1/ViTB16/tissuemnist/L80_G80/fioretto_ldf/seed_1
tissuemnist,L80_G80,ViTB16,2,fioretto_ldf,7.0,137,137,171,2400,118,0.45999716064183604,0.487012987012987,0.487012987012987,0.49031103286985156,0.4927747360201305,0.5899506505159264,results/pending_runs/paper_final/lane1/ViTB16/tissuemnist/L80_G80/fioretto_ldf/seed_2
tissuemnist,L80_G80,ViTB16,4,tralo_bounded,54.0,137,137,171,2400,123,0.4308265159998359,0.461038961038961,0.461038961038961,0.48388170244078327,0.4896728676455958,0.6069986541049798,results/pending_runs/paper_final/lane1/ViTB16/tissuemnist/L80_G80/tralo_bounded/seed_4
tissuemnist,L80_G80,ViTB16,3,tralo_bounded,64.0,137,137,171,2400,121,0.4970636425215437,0.4935064935064935,0.4935064935064935,0.474906639186256,0.47284828034186815,0.5881561238223418,results/pending_runs/paper_final/lane1/ViTB16/tissuemnist/L80_G80/tralo_bounded/seed_3
tissuemnist,L80_G80,ViTB16,1,tralo_bounded,61.0,137,137,171,2400,131,0.5116410963344602,0.5,0.5,0.5108287636703054,0.5125073845765499,0.6092418124719605,results/pending_runs/paper_final/lane1/ViTB16/tissuemnist/L80_G80/tralo_bounded/seed_1
tissuemnist,L80_G80,ViTB16,2,tralo_bounded,59.0,137,137,171,2400,122,0.4603346429462255,0.487012987012987,0.487012987012987,0.48942340033104825,0.49279402077431217,0.5890533871691341,results/pending_runs/paper_final/lane1/ViTB16/tissuemnist/L80_G80/tralo_bounded/seed_2
tissuemnist,L80_G80,ViTB16,4,heuristic,0.0,137,137,171,2400,150,0.43798497920642665,0.44155844155844154,0.44155844155844154,0.44350139075215395,0.4438178462106946,0.5563032750112158,results/pending_runs/paper_final/lane1/ViTB16/tissuemnist/L80_G80/heuristic/seed_4
tissuemnist,L80_G80,ViTB16,3,heuristic,0.0,137,137,171,2400,147,0.49104628797424765,0.4805194805194805,0.4805194805194805,0.45795241986984636,0.4549243145577392,0.5648272768057425,results/pending_runs/paper_final/lane1/ViTB16/tissuemnist/L80_G80/heuristic/seed_3
tissuemnist,L80_G80,ViTB16,1,heuristic,0.0,137,137,171,2400,212,0.4986443597802165,0.4935064935064935,0.4935064935064935,0.48685998309668527,0.48284375693905507,0.5895020188425303,results/pending_runs/paper_final/lane1/ViTB16/tissuemnist/L80_G80/heuristic/seed_1
tissuemnist,L80_G80,ViTB16,2,heuristic,0.0,137,137,171,2400,122,0.46898510574782415,0.5064935064935064,0.5064935064935064,0.47656966206181406,0.47520347220176806,0.5872588604755495,results/pending_runs/paper_final/lane1/ViTB16/tissuemnist/L80_G80/heuristic/seed_2
octmnist,L20_G20,ViTB16,4,hounie_rcl,100.0,50,50,250,1000,38,0.6553648807527646,0.32666666666666666,0.32666666666666666,0.6925613598909234,0.8099292405534707,0.916,results/pending_runs/paper_final/lane1/ViTB16/octmnist/L20_G20/hounie_rcl/seed_4
octmnist,L20_G20,ViTB16,3,hounie_rcl,99.0,50,50,250,1000,33,0.6825134954724021,0.30666666666666664,0.30666666666666664,0.6770536303483208,0.7946064591426701,0.8986666666666666,results/pending_runs/paper_final/lane1/ViTB16/octmnist/L20_G20/hounie_rcl/seed_3
octmnist,L20_G20,ViTB16,1,hounie_rcl,103.0,50,50,250,1000,34,0.6875805419785896,0.29333333333333333,0.29333333333333333,0.6719067848233331,0.7943668132527361,0.8986666666666666,results/pending_runs/paper_final/lane1/ViTB16/octmnist/L20_G20/hounie_rcl/seed_1
octmnist,L20_G20,ViTB16,2,hounie_rcl,113.0,50,50,250,1000,28,0.7001451810862503,0.31333333333333335,0.31333333333333335,0.6709834873632954,0.782417315618146,0.888,results/pending_runs/paper_final/lane1/ViTB16/octmnist/L20_G20/hounie_rcl/seed_2
octmnist,L20_G20,ViTB16,4,tralo,73.0,50,50,250,1000,45,0.6817824931327849,0.3333333333333333,0.3333333333333333,0.7006155398080375,0.8211228008714601,0.9266666666666666,results/pending_runs/paper_final/lane1/ViTB16/octmnist/L20_G20/tralo/seed_4
octmnist,L20_G20,ViTB16,3,tralo,350.0,50,50,250,1000,37,0.6909976989166252,0.30666666666666664,0.30666666666666664,0.6784805151764863,0.797861911657952,0.9013333333333333,results/pending_runs/paper_final/lane1/ViTB16/octmnist/L20_G20/tralo/seed_3
octmnist,L20_G20,ViTB16,1,tralo,79.0,50,50,250,1000,42,0.7061822583139049,0.31333333333333335,0.31333333333333335,0.6868977831120393,0.8081353339391578,0.912,results/pending_runs/paper_final/lane1/ViTB16/octmnist/L20_G20/tralo/seed_1
octmnist,L20_G20,ViTB16,2,tralo,74.0,50,50,250,1000,41,0.722767008109112,0.32,0.32,0.6754248574740378,0.7907438530967944,0.892,results/pending_runs/paper_final/lane1/ViTB16/octmnist/L20_G20/tralo/seed_2
octmnist,L20_G20,ViTB16,4,danits_lp,0.0,50,50,250,1000,156,0.7989067120918417,0.32,0.32,0.6804872318455115,0.8365197293014602,0.8893333333333333,results/pending_runs/paper_final/lane1/ViTB16/octmnist/L20_G20/danits_lp/seed_4
octmnist,L20_G20,ViTB16,3,danits_lp,0.0,50,50,250,1000,166,0.8157757544963867,0.32666666666666666,0.32666666666666666,0.6953363090703213,0.8496371303257529,0.8973333333333333,results/pending_runs/paper_final/lane1/ViTB16/octmnist/L20_G20/danits_lp/seed_3
octmnist,L20_G20,ViTB16,1,danits_lp,0.0,50,50,250,1000,185,0.7910338626036266,0.32666666666666666,0.32666666666666666,0.6822685857026726,0.8380445745653748,0.876,results/pending_runs/paper_final/lane1/ViTB16/octmnist/L20_G20/danits_lp/seed_1
octmnist,L20_G20,ViTB16,2,danits_lp,0.0,50,50,250,1000,165,0.8128095948005685,0.3333333333333333,0.3333333333333333,0.6727930567490542,0.8193731337840223,0.864,results/pending_runs/paper_final/lane1/ViTB16/octmnist/L20_G20/danits_lp/seed_2
octmnist,L20_G20,ViTB16,4,fioretto_ldf,30.0,50,50,250,1000,36,0.6594092417355368,0.32666666666666666,0.32666666666666666,0.6931494268572843,0.8099322957927754,0.9173333333333333,results/pending_runs/paper_final/lane1/ViTB16/octmnist/L20_G20/fioretto_ldf/seed_4
octmnist,L20_G20,ViTB16,3,fioretto_ldf,299.0,50,50,250,1000,47,0.7130039108854787,0.30666666666666664,0.30666666666666664,0.6849960036636683,0.8098609710744565,0.9106666666666666,results/pending_runs/paper_final/lane1/ViTB16/octmnist/L20_G20/fioretto_ldf/seed_3
octmnist,L20_G20,ViTB16,1,fioretto_ldf,33.0,50,50,250,1000,33,0.7023962295967198,0.3,0.3,0.682745786010506,0.8047746843009332,0.912,results/pending_runs/paper_final/lane1/ViTB16/octmnist/L20_G20/fioretto_ldf/seed_1
octmnist,L20_G20,ViTB16,2,fioretto_ldf,32.0,50,50,250,1000,30,0.7136118555614428,0.32,0.32,0.6764630679851616,0.7873390605948746,0.8933333333333333,results/pending_runs/paper_final/lane1/ViTB16/octmnist/L20_G20/fioretto_ldf/seed_2
octmnist,L20_G20,ViTB16,4,tralo_bounded,73.0,50,50,250,1000,37,0.6591700525698997,0.3333333333333333,0.3333333333333333,0.6957941620789163,0.8115977845507553,0.9186666666666666,results/pending_runs/paper_final/lane1/ViTB16/octmnist/L20_G20/tralo_bounded/seed_4
octmnist,L20_G20,ViTB16,3,tralo_bounded,350.0,50,50,250,1000,50,0.7109701435172018,0.30666666666666664,0.30666666666666664,0.6842836208310134,0.810359195164826,0.9093333333333333,results/pending_runs/paper_final/lane1/ViTB16/octmnist/L20_G20/tralo_bounded/seed_3
octmnist,L20_G20,ViTB16,1,tralo_bounded,79.0,50,50,250,1000,33,0.6982942454124872,0.30666666666666664,0.30666666666666664,0.6826294471736747,0.8024241480634718,0.9093333333333333,results/pending_runs/paper_final/lane1/ViTB16/octmnist/L20_G20/tralo_bounded/seed_1
octmnist,L20_G20,ViTB16,2,tralo_bounded,74.0,50,50,250,1000,30,0.7071097724868497,0.31333333333333335,0.31333333333333335,0.6730722475158497,0.7862059475257644,0.892,results/pending_runs/paper_final/lane1/ViTB16/octmnist/L20_G20/tralo_bounded/seed_2
octmnist,L20_G20,ViTB16,4,heuristic,0.0,50,50,250,1000,156,0.7989067120918417,0.32,0.32,0.6804872318455115,0.8365197293014602,0.8893333333333333,results/pending_runs/paper_final/lane1/ViTB16/octmnist/L20_G20/heuristic/seed_4
octmnist,L20_G20,ViTB16,3,heuristic,0.0,50,50,250,1000,166,0.8157757544963867,0.32666666666666666,0.32666666666666666,0.6953363090703213,0.8496371303257529,0.8973333333333333,results/pending_runs/paper_final/lane1/ViTB16/octmnist/L20_G20/heuristic/seed_3
octmnist,L20_G20,ViTB16,1,heuristic,0.0,50,50,250,1000,185,0.7910338626036266,0.32666666666666666,0.32666666666666666,0.6822685857026726,0.8380445745653748,0.876,results/pending_runs/paper_final/lane1/ViTB16/octmnist/L20_G20/heuristic/seed_1
octmnist,L20_G20,ViTB16,2,heuristic,0.0,50,50,250,1000,165,0.8128095948005685,0.3333333333333333,0.3333333333333333,0.6727930567490542,0.8193731337840223,0.864,results/pending_runs/paper_final/lane1/ViTB16/octmnist/L20_G20/heuristic/seed_2
octmnist,L50_G50,ViTB16,4,hounie_rcl,99.0,125,125,250,1000,111,0.7683721318507087,0.5813333333333334,0.5813333333333334,0.7792926108635071,0.8408032395098096,0.916,results/pending_runs/paper_final/lane1/ViTB16/octmnist/L50_G50/hounie_rcl/seed_4
octmnist,L50_G50,ViTB16,3,hounie_rcl,86.0,125,125,250,1000,111,0.7784229785654041,0.5973333333333334,0.5973333333333334,0.7867411847396468,0.8481886298866107,0.924,results/pending_runs/paper_final/lane1/ViTB16/octmnist/L50_G50/hounie_rcl/seed_3
octmnist,L50_G50,ViTB16,1,hounie_rcl,110.0,125,125,250,1000,106,0.7779518078737164,0.5653333333333334,0.5653333333333334,0.7716096746390864,0.8372952693152392,0.9146666666666666,results/pending_runs/paper_final/lane1/ViTB16/octmnist/L50_G50/hounie_rcl/seed_1
octmnist,L50_G50,ViTB16,2,hounie_rcl,101.0,125,125,250,1000,110,0.7924970227222389,0.608,0.608,0.7679020549625042,0.8142160194448459,0.888,results/pending_runs/paper_final/lane1/ViTB16/octmnist/L50_G50/hounie_rcl/seed_2
octmnist,L50_G50,ViTB16,4,tralo,78.0,125,125,250,1000,122,0.7835398757438112,0.5866666666666667,0.5866666666666667,0.7795100413046574,0.8423563465053064,0.912,results/pending_runs/paper_final/lane1/ViTB16/octmnist/L50_G50/tralo/seed_4
octmnist,L50_G50,ViTB16,3,tralo,178.0,125,125,250,1000,125,0.7987778291167447,0.6133333333333333,0.6133333333333333,0.7961747492776187,0.8571218879257136,0.9266666666666666,results/pending_runs/paper_final/lane1/ViTB16/octmnist/L50_G50/tralo/seed_3
octmnist,L50_G50,ViTB16,1,tralo,83.0,125,125,250,1000,125,0.7900127092434546,0.576,0.576,0.7778228028667085,0.8450970704889448,0.9133333333333333,results/pending_runs/paper_final/lane1/ViTB16/octmnist/L50_G50/tralo/seed_1
octmnist,L50_G50,ViTB16,2,tralo,70.0,125,125,250,1000,121,0.8095514911451834,0.6133333333333333,0.6133333333333333,0.7710292011397053,0.8228492063504073,0.892,results/pending_runs/paper_final/lane1/ViTB16/octmnist/L50_G50/tralo/seed_2
octmnist,L50_G50,ViTB16,4,danits_lp,0.0,125,125,250,1000,156,0.7989067120918417,0.592,0.592,0.7691249410740835,0.8365197293014602,0.8893333333333333,results/pending_runs/paper_final/lane1/ViTB16/octmnist/L50_G50/danits_lp/seed_4
octmnist,L50_G50,ViTB16,3,danits_lp,0.0,125,125,250,1000,166,0.8157757544963867,0.6186666666666667,0.6186666666666667,0.7893437439402753,0.8496371303257529,0.8973333333333333,results/pending_runs/paper_final/lane1/ViTB16/octmnist/L50_G50/danits_lp/seed_3
octmnist,L50_G50,ViTB16,1,danits_lp,0.0,125,125,250,1000,185,0.7910338626036266,0.5813333333333334,0.5813333333333334,0.7664964502947104,0.8380445745653748,0.876,results/pending_runs/paper_final/lane1/ViTB16/octmnist/L50_G50/danits_lp/seed_1
octmnist,L50_G50,ViTB16,2,danits_lp,0.0,125,125,250,1000,165,0.8128095948005685,0.608,0.608,0.7604706612959977,0.8193731337840223,0.864,results/pending_runs/paper_final/lane1/ViTB16/octmnist/L50_G50/danits_lp/seed_2
octmnist,L50_G50,ViTB16,4,fioretto_ldf,18.0,125,125,250,1000,109,0.7613582215218158,0.5813333333333334,0.5813333333333334,0.7801731043680289,0.8421778228415603,0.9186666666666666,results/pending_runs/paper_final/lane1/ViTB16/octmnist/L50_G50/fioretto_ldf/seed_4
octmnist,L50_G50,ViTB16,3,fioretto_ldf,299.0,125,125,250,1000,119,0.787665781579982,0.608,0.608,0.7928398943848439,0.853055138405172,0.9253333333333333,results/pending_runs/paper_final/lane1/ViTB16/octmnist/L50_G50/fioretto_ldf/seed_3
octmnist,L50_G50,ViTB16,1,fioretto_ldf,23.0,125,125,250,1000,106,0.7766479879717396,0.5706666666666667,0.5706666666666667,0.7748849385908209,0.8385675339462826,0.916,results/pending_runs/paper_final/lane1/ViTB16/octmnist/L50_G50/fioretto_ldf/seed_1
octmnist,L50_G50,ViTB16,2,fioretto_ldf,19.0,125,125,250,1000,103,0.7890868442186991,0.608,0.608,0.7679924108421518,0.813614706236517,0.8906666666666667,results/pending_runs/paper_final/lane1/ViTB16/octmnist/L50_G50/fioretto_ldf/seed_2
octmnist,L50_G50,ViTB16,4,tralo_bounded,65.0,125,125,250,1000,109,0.7582830812017108,0.5813333333333334,0.5813333333333334,0.7782945552016344,0.8396955790943533,0.916,results/pending_runs/paper_final/lane1/ViTB16/octmnist/L50_G50/tralo_bounded/seed_4
octmnist,L50_G50,ViTB16,3,tralo_bounded,350.0,125,125,250,1000,117,0.7860088663547192,0.6133333333333333,0.6133333333333333,0.7952427645636475,0.8521580291427066,0.9253333333333333,results/pending_runs/paper_final/lane1/ViTB16/octmnist/L50_G50/tralo_bounded/seed_3
octmnist,L50_G50,ViTB16,1,tralo_bounded,70.0,125,125,250,1000,106,0.7744551269261614,0.576,0.576,0.7769380784387869,0.8384413517180321,0.916,results/pending_runs/paper_final/lane1/ViTB16/octmnist/L50_G50/tralo_bounded/seed_1
octmnist,L50_G50,ViTB16,2,tralo_bounded,65.0,125,125,250,1000,109,0.791038643876934,0.608,0.608,0.7669048930867113,0.8139360243525621,0.888,results/pending_runs/paper_final/lane1/ViTB16/octmnist/L50_G50/tralo_bounded/seed_2
octmnist,L50_G50,ViTB16,4,heuristic,0.0,125,125,250,1000,156,0.7989067120918417,0.592,0.592,0.7691249410740835,0.8365197293014602,0.8893333333333333,results/pending_runs/paper_final/lane1/ViTB16/octmnist/L50_G50/heuristic/seed_4
octmnist,L50_G50,ViTB16,3,heuristic,0.0,125,125,250,1000,166,0.8157757544963867,0.6186666666666667,0.6186666666666667,0.7893437439402753,0.8496371303257529,0.8973333333333333,results/pending_runs/paper_final/lane1/ViTB16/octmnist/L50_G50/heuristic/seed_3
octmnist,L50_G50,ViTB16,1,heuristic,0.0,125,125,250,1000,185,0.7910338626036266,0.5813333333333334,0.5813333333333334,0.7664964502947104,0.8380445745653748,0.876,results/pending_runs/paper_final/lane1/ViTB16/octmnist/L50_G50/heuristic/seed_1
octmnist,L50_G50,ViTB16,2,heuristic,0.0,125,125,250,1000,165,0.8128095948005685,0.608,0.608,0.7604706612959977,0.8193731337840223,0.864,results/pending_runs/paper_final/lane1/ViTB16/octmnist/L50_G50/heuristic/seed_2
octmnist,L80_G80,ViTB16,4,hounie_rcl,4.0,200,200,250,1000,153,0.7931772708435609,0.6933333333333334,0.6933333333333334,0.8150300452504055,0.8548085998404346,0.9093333333333333,results/pending_runs/paper_final/lane1/ViTB16/octmnist/L80_G80/hounie_rcl/seed_4
octmnist,L80_G80,ViTB16,3,hounie_rcl,4.0,200,200,250,1000,155,0.7969972163858878,0.7022222222222222,0.7022222222222222,0.822473304033122,0.8556296710229576,0.9093333333333333,results/pending_runs/paper_final/lane1/ViTB16/octmnist/L80_G80/hounie_rcl/seed_3
octmnist,L80_G80,ViTB16,1,hounie_rcl,4.0,200,200,250,1000,186,0.8078401578419493,0.7066666666666667,0.7066666666666667,0.8243980000219899,0.8626297834226831,0.8986666666666666,results/pending_runs/paper_final/lane1/ViTB16/octmnist/L80_G80/hounie_rcl/seed_1
octmnist,L80_G80,ViTB16,2,hounie_rcl,4.0,200,200,250,1000,158,0.8042787144212206,0.6844444444444444,0.6844444444444444,0.7928524653438404,0.826950073875731,0.8773333333333333,results/pending_runs/paper_final/lane1/ViTB16/octmnist/L80_G80/hounie_rcl/seed_2
octmnist,L80_G80,ViTB16,4,tralo,54.0,200,200,250,1000,162,0.7870485593458476,0.68,0.68,0.8052425452239544,0.8501096448402237,0.8986666666666666,results/pending_runs/paper_final/lane1/ViTB16/octmnist/L80_G80/tralo/seed_4
octmnist,L80_G80,ViTB16,3,tralo,54.0,200,200,250,1000,158,0.7936294066116156,0.7022222222222222,0.7022222222222222,0.8204216975494041,0.8560472117303521,0.908,results/pending_runs/paper_final/lane1/ViTB16/octmnist/L80_G80/tralo/seed_3
octmnist,L80_G80,ViTB16,1,tralo,65.0,200,200,250,1000,197,0.8146856334918062,0.7155555555555555,0.7155555555555555,0.8306874814847192,0.8687097390643861,0.8986666666666666,results/pending_runs/paper_final/lane1/ViTB16/octmnist/L80_G80/tralo/seed_1
octmnist,L80_G80,ViTB16,2,tralo,54.0,200,200,250,1000,167,0.8191079233817161,0.7066666666666667,0.7066666666666667,0.8072966408532194,0.833870534749758,0.88,results/pending_runs/paper_final/lane1/ViTB16/octmnist/L80_G80/tralo/seed_2
octmnist,L80_G80,ViTB16,4,danits_lp,0.0,200,200,250,1000,156,0.7989067120918417,0.6551724137931034,0.7066666666666667,0.8080871616250367,0.8365197293014602,0.8893333333333333,results/pending_runs/paper_final/lane1/ViTB16/octmnist/L80_G80/danits_lp/seed_4
octmnist,L80_G80,ViTB16,3,danits_lp,0.0,200,200,250,1000,166,0.8157757544963867,0.6586538461538461,0.6977777777777778,0.8134657943875222,0.8496371303257529,0.8973333333333333,results/pending_runs/paper_final/lane1/ViTB16/octmnist/L80_G80/danits_lp/seed_3
octmnist,L80_G80,ViTB16,1,danits_lp,0.0,200,200,250,1000,185,0.7910338626036266,0.6589861751152074,0.6755555555555556,0.7973028292513205,0.8380445745653748,0.876,results/pending_runs/paper_final/lane1/ViTB16/octmnist/L80_G80/danits_lp/seed_1
octmnist,L80_G80,ViTB16,2,danits_lp,0.0,200,200,250,1000,165,0.8128095948005685,0.6650602409638554,0.7022222222222222,0.7932182061579651,0.8193731337840223,0.864,results/pending_runs/paper_final/lane1/ViTB16/octmnist/L80_G80/danits_lp/seed_2
octmnist,L80_G80,ViTB16,4,fioretto_ldf,4.0,200,200,250,1000,153,0.7931490997051962,0.6933333333333334,0.6933333333333334,0.8150300452504055,0.8548085998404346,0.9093333333333333,results/pending_runs/paper_final/lane1/ViTB16/octmnist/L80_G80/fioretto_ldf/seed_4
octmnist,L80_G80,ViTB16,3,fioretto_ldf,4.0,200,200,250,1000,155,0.7969387314855857,0.7022222222222222,0.7022222222222222,0.822473304033122,0.8556296710229576,0.9093333333333333,results/pending_runs/paper_final/lane1/ViTB16/octmnist/L80_G80/fioretto_ldf/seed_3
octmnist,L80_G80,ViTB16,1,fioretto_ldf,4.0,200,200,250,1000,186,0.8079022544567407,0.7066666666666667,0.7066666666666667,0.8243980000219899,0.8626297834226831,0.8986666666666666,results/pending_runs/paper_final/lane1/ViTB16/octmnist/L80_G80/fioretto_ldf/seed_1
octmnist,L80_G80,ViTB16,2,fioretto_ldf,4.0,200,200,250,1000,158,0.804275657570937,0.6844444444444444,0.6844444444444444,0.7928524653438404,0.826950073875731,0.8773333333333333,results/pending_runs/paper_final/lane1/ViTB16/octmnist/L80_G80/fioretto_ldf/seed_2
octmnist,L80_G80,ViTB16,4,tralo_bounded,54.0,200,200,250,1000,153,0.793094815680081,0.6933333333333334,0.6933333333333334,0.8150300452504055,0.8548085998404346,0.9093333333333333,results/pending_runs/paper_final/lane1/ViTB16/octmnist/L80_G80/tralo_bounded/seed_4
octmnist,L80_G80,ViTB16,3,tralo_bounded,54.0,200,200,250,1000,155,0.7969282676401818,0.7022222222222222,0.7022222222222222,0.822473304033122,0.8556296710229576,0.9093333333333333,results/pending_runs/paper_final/lane1/ViTB16/octmnist/L80_G80/tralo_bounded/seed_3
octmnist,L80_G80,ViTB16,1,tralo_bounded,54.0,200,200,250,1000,186,0.8078589618087676,0.7066666666666667,0.7066666666666667,0.8243980000219899,0.8626297834226831,0.8986666666666666,results/pending_runs/paper_final/lane1/ViTB16/octmnist/L80_G80/tralo_bounded/seed_1
octmnist,L80_G80,ViTB16,2,tralo_bounded,54.0,200,200,250,1000,158,0.8042953392087132,0.6844444444444444,0.6844444444444444,0.7928524653438404,0.826950073875731,0.8773333333333333,results/pending_runs/paper_final/lane1/ViTB16/octmnist/L80_G80/tralo_bounded/seed_2
octmnist,L80_G80,ViTB16,4,heuristic,0.0,200,200,250,1000,156,0.7989067120918417,0.7066666666666667,0.7066666666666667,0.8080871616250367,0.8365197293014602,0.8893333333333333,results/pending_runs/paper_final/lane1/ViTB16/octmnist/L80_G80/heuristic/seed_4
octmnist,L80_G80,ViTB16,3,heuristic,0.0,200,200,250,1000,166,0.8157757544963867,0.6977777777777778,0.6977777777777778,0.8134657943875222,0.8496371303257529,0.8973333333333333,results/pending_runs/paper_final/lane1/ViTB16/octmnist/L80_G80/heuristic/seed_3
octmnist,L80_G80,ViTB16,1,heuristic,0.0,200,200,250,1000,185,0.7910338626036266,0.6755555555555556,0.6755555555555556,0.7973028292513205,0.8380445745653748,0.876,results/pending_runs/paper_final/lane1/ViTB16/octmnist/L80_G80/heuristic/seed_1
octmnist,L80_G80,ViTB16,2,heuristic,0.0,200,200,250,1000,165,0.8128095948005685,0.7022222222222222,0.7022222222222222,0.7932182061579651,0.8193731337840223,0.864,results/pending_runs/paper_final/lane1/ViTB16/octmnist/L80_G80/heuristic/seed_2
dermmnist,L50_G50,RegNetY400MF,4,hounie_rcl,42.0,112,111,223,2003,84,0.6804743708497621,0.5449101796407185,0.5449101796407185,0.7415097670463765,0.7706432895261326,0.9134831460674158,results/pending_runs/paper_final/lane1/RegNetY400MF/dermmnist/L50_G50/hounie_rcl/seed_4
dermmnist,L50_G50,RegNetY400MF,3,hounie_rcl,38.0,112,111,223,2003,79,0.6758816853511806,0.5389221556886228,0.5389221556886228,0.725318627518312,0.7563622594748166,0.9067415730337078,results/pending_runs/paper_final/lane1/RegNetY400MF/dermmnist/L50_G50/hounie_rcl/seed_3
dermmnist,L50_G50,RegNetY400MF,1,hounie_rcl,31.0,112,111,223,2003,83,0.6790568701754071,0.5389221556886228,0.5389221556886228,0.7284091424362681,0.7596324717895321,0.9106741573033708,results/pending_runs/paper_final/lane1/RegNetY400MF/dermmnist/L50_G50/hounie_rcl/seed_1
dermmnist,L50_G50,RegNetY400MF,2,hounie_rcl,42.0,112,111,223,2003,86,0.6875567039942735,0.5568862275449101,0.5568862275449101,0.7452086136433126,0.7745316960411994,0.9140449438202247,results/pending_runs/paper_final/lane1/RegNetY400MF/dermmnist/L50_G50/hounie_rcl/seed_2
dermmnist,L50_G50,RegNetY400MF,4,tralo,350.0,112,111,223,2003,110,0.6786973244975646,0.5449101796407185,0.5449101796407185,0.7368570062847548,0.7680658962937544,0.9067415730337078,results/pending_runs/paper_final/lane1/RegNetY400MF/dermmnist/L50_G50/tralo/seed_4
dermmnist,L50_G50,RegNetY400MF,3,tralo,76.0,112,111,223,2003,108,0.6667514746953996,0.5329341317365269,0.5329341317365269,0.7209784453439626,0.7522753507489174,0.8977528089887641,results/pending_runs/paper_final/lane1/RegNetY400MF/dermmnist/L50_G50/tralo/seed_3
dermmnist,L50_G50,RegNetY400MF,1,tralo,82.0,112,111,223,2003,109,0.6864396297101908,0.5449101796407185,0.5449101796407185,0.7221604647780336,0.7517110418278282,0.9039325842696629,results/pending_runs/paper_final/lane1/RegNetY400MF/dermmnist/L50_G50/tralo/seed_1
dermmnist,L50_G50,RegNetY400MF,2,tralo,79.0,112,111,223,2003,109,0.6893101008981289,0.5508982035928144,0.5508982035928144,0.7403897236142348,0.771213512715519,0.9089887640449438,results/pending_runs/paper_final/lane1/RegNetY400MF/dermmnist/L50_G50/tralo/seed_2
dermmnist,L50_G50,RegNetY400MF,4,danits_lp,0.0,112,111,223,2003,197,0.7015485772911337,0.5209580838323353,0.5269461077844312,0.7136982895824712,0.7470154358256157,0.8808988764044944,results/pending_runs/paper_final/lane1/RegNetY400MF/dermmnist/L50_G50/danits_lp/seed_4
dermmnist,L50_G50,RegNetY400MF,3,danits_lp,0.0,112,111,223,2003,174,0.6915014341813639,0.5508982035928144,0.5508982035928144,0.7290818935304967,0.7631946378560919,0.8904494382022472,results/pending_runs/paper_final/lane1/RegNetY400MF/dermmnist/L50_G50/danits_lp/seed_3
dermmnist,L50_G50,RegNetY400MF,1,danits_lp,0.0,112,111,223,2003,152,0.7057514318572579,0.5748502994011976,0.5748502994011976,0.738755538835349,0.7689584920415982,0.9028089887640449,results/pending_runs/paper_final/lane1/RegNetY400MF/dermmnist/L50_G50/danits_lp/seed_1
dermmnist,L50_G50,RegNetY400MF,2,danits_lp,0.0,112,111,223,2003,180,0.6941009292122404,0.5449101796407185,0.5449101796407185,0.7229650315742163,0.7695552929570978,0.8921348314606742,results/pending_runs/paper_final/lane1/RegNetY400MF/dermmnist/L50_G50/danits_lp/seed_2
dermmnist,L50_G50,RegNetY400MF,4,fioretto_ldf,22.0,112,111,223,2003,91,0.6853956167132533,0.5389221556886228,0.5389221556886228,0.7393076890657146,0.770565644745926,0.9101123595505618,results/pending_runs/paper_final/lane1/RegNetY400MF/dermmnist/L50_G50/fioretto_ldf/seed_4
dermmnist,L50_G50,RegNetY400MF,3,fioretto_ldf,21.0,112,111,223,2003,92,0.6785271537182394,0.5329341317365269,0.5329341317365269,0.7245710634985991,0.7546561418811818,0.9044943820224719,results/pending_runs/paper_final/lane1/RegNetY400MF/dermmnist/L50_G50/fioretto_ldf/seed_3
dermmnist,L50_G50,RegNetY400MF,1,fioretto_ldf,19.0,112,111,223,2003,87,0.683551297967579,0.5329341317365269,0.5329341317365269,0.7282303616131657,0.7608506616705074,0.9106741573033708,results/pending_runs/paper_final/lane1/RegNetY400MF/dermmnist/L50_G50/fioretto_ldf/seed_1
dermmnist,L50_G50,RegNetY400MF,2,fioretto_ldf,21.0,112,111,223,2003,95,0.6902993416376123,0.5568862275449101,0.5568862275449101,0.7476416749297828,0.777624637381158,0.9146067415730337,results/pending_runs/paper_final/lane1/RegNetY400MF/dermmnist/L50_G50/fioretto_ldf/seed_2
dermmnist,L50_G50,RegNetY400MF,4,tralo_bounded,64.0,112,111,223,2003,94,0.6862581437402029,0.5389221556886228,0.5389221556886228,0.7411126582545504,0.7725586030920706,0.9101123595505618,results/pending_runs/paper_final/lane1/RegNetY400MF/dermmnist/L50_G50/tralo_bounded/seed_4
dermmnist,L50_G50,RegNetY400MF,3,tralo_bounded,63.0,112,111,223,2003,90,0.6796795987611287,0.5329341317365269,0.5329341317365269,0.724699811604763,0.7539427065917108,0.9050561797752809,results/pending_runs/paper_final/lane1/RegNetY400MF/dermmnist/L50_G50/tralo_bounded/seed_3
dermmnist,L50_G50,RegNetY400MF,1,tralo_bounded,61.0,112,111,223,2003,88,0.6847637051421457,0.5329341317365269,0.5329341317365269,0.7273801485535635,0.7599296941206014,0.9106741573033708,results/pending_runs/paper_final/lane1/RegNetY400MF/dermmnist/L50_G50/tralo_bounded/seed_1
dermmnist,L50_G50,RegNetY400MF,2,tralo_bounded,62.0,112,111,223,2003,97,0.6916660340894327,0.5508982035928144,0.5508982035928144,0.7449795342231027,0.7761279287800793,0.9129213483146067,results/pending_runs/paper_final/lane1/RegNetY400MF/dermmnist/L50_G50/tralo_bounded/seed_2
dermmnist,L50_G50,RegNetY400MF,4,heuristic,0.0,112,111,223,2003,197,0.7015485772911337,0.5269461077844312,0.5269461077844312,0.7136982895824712,0.7470154358256157,0.8808988764044944,results/pending_runs/paper_final/lane1/RegNetY400MF/dermmnist/L50_G50/heuristic/seed_4
dermmnist,L50_G50,RegNetY400MF,3,heuristic,0.0,112,111,223,2003,174,0.6915014341813639,0.5508982035928144,0.5508982035928144,0.7290818935304967,0.7631946378560919,0.8904494382022472,results/pending_runs/paper_final/lane1/RegNetY400MF/dermmnist/L50_G50/heuristic/seed_3
dermmnist,L50_G50,RegNetY400MF,1,heuristic,0.0,112,111,223,2003,152,0.7057514318572579,0.5748502994011976,0.5748502994011976,0.738755538835349,0.7689584920415982,0.9028089887640449,results/pending_runs/paper_final/lane1/RegNetY400MF/dermmnist/L50_G50/heuristic/seed_1
dermmnist,L50_G50,RegNetY400MF,2,heuristic,0.0,112,111,223,2003,180,0.6941009292122404,0.5449101796407185,0.5449101796407185,0.7229650315742163,0.7695552929570978,0.8921348314606742,results/pending_runs/paper_final/lane1/RegNetY400MF/dermmnist/L50_G50/heuristic/seed_2
dermmnist,L80_G80,RegNetY400MF,4,hounie_rcl,59.0,178,178,223,2003,155,0.7027846154249514,0.6483790523690773,0.6483790523690773,0.7604141216576158,0.777760946809777,0.9039325842696629,results/pending_runs/paper_final/lane1/RegNetY400MF/dermmnist/L80_G80/hounie_rcl/seed_4
dermmnist,L80_G80,RegNetY400MF,3,hounie_rcl,45.0,178,178,223,2003,153,0.7016254154807884,0.6384039900249376,0.6384039900249376,0.7610162625761784,0.78337531532565,0.8994382022471911,results/pending_runs/paper_final/lane1/RegNetY400MF/dermmnist/L80_G80/hounie_rcl/seed_3
dermmnist,L80_G80,RegNetY400MF,1,hounie_rcl,37.0,178,178,223,2003,161,0.7082710730489228,0.6433915211970075,0.6433915211970075,0.7502581350929239,0.7670648293486589,0.9011235955056179,results/pending_runs/paper_final/lane1/RegNetY400MF/dermmnist/L80_G80/hounie_rcl/seed_1
dermmnist,L80_G80,RegNetY400MF,2,hounie_rcl,5.0,178,178,223,2003,169,0.705923586291506,0.628428927680798,0.628428927680798,0.7577255746492169,0.7777669605149292,0.8966292134831461,results/pending_runs/paper_final/lane1/RegNetY400MF/dermmnist/L80_G80/hounie_rcl/seed_2
dermmnist,L80_G80,RegNetY400MF,4,tralo,79.0,178,178,223,2003,177,0.702792622771496,0.6384039900249376,0.6384039900249376,0.7507746852734611,0.7731642102870024,0.8966292134831461,results/pending_runs/paper_final/lane1/RegNetY400MF/dermmnist/L80_G80/tralo/seed_4
dermmnist,L80_G80,RegNetY400MF,3,tralo,87.0,178,178,223,2003,175,0.7000062539386684,0.6433915211970075,0.6433915211970075,0.7583458024357634,0.7768996487745529,0.8938202247191012,results/pending_runs/paper_final/lane1/RegNetY400MF/dermmnist/L80_G80/tralo/seed_3
dermmnist,L80_G80,RegNetY400MF,1,tralo,66.0,178,178,223,2003,159,0.7045175509886507,0.6384039900249376,0.6384039900249376,0.7547005364436797,0.7758160608629443,0.9061797752808989,results/pending_runs/paper_final/lane1/RegNetY400MF/dermmnist/L80_G80/tralo/seed_1
dermmnist,L80_G80,RegNetY400MF,2,tralo,55.0,178,178,223,2003,160,0.7020053455902059,0.628428927680798,0.628428927680798,0.7613264523718237,0.7825800456336198,0.898876404494382,results/pending_runs/paper_final/lane1/RegNetY400MF/dermmnist/L80_G80/tralo/seed_2
dermmnist,L80_G80,RegNetY400MF,4,danits_lp,0.0,178,178,223,2003,197,0.7015485772911337,0.628428927680798,0.6234413965087282,0.732084818900951,0.7470154358256157,0.8808988764044944,results/pending_runs/paper_final/lane1/RegNetY400MF/dermmnist/L80_G80/danits_lp/seed_4
dermmnist,L80_G80,RegNetY400MF,3,danits_lp,0.0,178,178,223,2003,174,0.6915014341813639,0.6240409207161125,0.6533665835411472,0.7485941221614067,0.7631946378560919,0.8904494382022472,results/pending_runs/paper_final/lane1/RegNetY400MF/dermmnist/L80_G80/danits_lp/seed_3
dermmnist,L80_G80,RegNetY400MF,1,danits_lp,0.0,178,178,223,2003,152,0.7057514318572579,0.6346666666666667,0.6683291770573566,0.7555251729369025,0.7689584920415982,0.9028089887640449,results/pending_runs/paper_final/lane1/RegNetY400MF/dermmnist/L80_G80/danits_lp/seed_1
dermmnist,L80_G80,RegNetY400MF,2,danits_lp,0.0,178,178,223,2003,180,0.6941009292122404,0.6208651399491094,0.6184538653366584,0.7442660483156661,0.7695552929570978,0.8921348314606742,results/pending_runs/paper_final/lane1/RegNetY400MF/dermmnist/L80_G80/danits_lp/seed_2
dermmnist,L80_G80,RegNetY400MF,4,fioretto_ldf,13.0,178,178,223,2003,157,0.7029858512755381,0.6483790523690773,0.6483790523690773,0.7604141216576158,0.7777526764873303,0.903370786516854,results/pending_runs/paper_final/lane1/RegNetY400MF/dermmnist/L80_G80/fioretto_ldf/seed_4
dermmnist,L80_G80,RegNetY400MF,3,fioretto_ldf,13.0,178,178,223,2003,156,0.7015111233168565,0.6384039900249376,0.6384039900249376,0.7671284314819883,0.7906762286083827,0.9,results/pending_runs/paper_final/lane1/RegNetY400MF/dermmnist/L80_G80/fioretto_ldf/seed_3
dermmnist,L80_G80,RegNetY400MF,1,fioretto_ldf,11.0,178,178,223,2003,162,0.7079686840722567,0.6433915211970075,0.6483790523690773,0.750624809349773,0.7675524540411272,0.9011235955056179,results/pending_runs/paper_final/lane1/RegNetY400MF/dermmnist/L80_G80/fioretto_ldf/seed_1
dermmnist,L80_G80,RegNetY400MF,2,fioretto_ldf,5.0,178,178,223,2003,167,0.7064346354374661,0.628428927680798,0.628428927680798,0.7571838162584947,0.7785646971746253,0.8977528089887641,results/pending_runs/paper_final/lane1/RegNetY400MF/dermmnist/L80_G80/fioretto_ldf/seed_2
dermmnist,L80_G80,RegNetY400MF,4,tralo_bounded,59.0,178,178,223,2003,158,0.7033101170215788,0.6483790523690773,0.6483790523690773,0.7604141216576158,0.7778089670915831,0.903370786516854,results/pending_runs/paper_final/lane1/RegNetY400MF/dermmnist/L80_G80/tralo_bounded/seed_4
dermmnist,L80_G80,RegNetY400MF,3,tralo_bounded,58.0,178,178,223,2003,146,0.7003601448158767,0.6433915211970075,0.6433915211970075,0.7597077757059727,0.7810206385142043,0.8994382022471911,results/pending_runs/paper_final/lane1/RegNetY400MF/dermmnist/L80_G80/tralo_bounded/seed_3
dermmnist,L80_G80,RegNetY400MF,1,tralo_bounded,57.0,178,178,223,2003,163,0.7080150769941331,0.6433915211970075,0.6483790523690773,0.750624809349773,0.7676088903168462,0.9011235955056179,results/pending_runs/paper_final/lane1/RegNetY400MF/dermmnist/L80_G80/tralo_bounded/seed_1
dermmnist,L80_G80,RegNetY400MF,2,tralo_bounded,55.0,178,178,223,2003,167,0.7061657393928785,0.628428927680798,0.628428927680798,0.7569946413415335,0.7783433225882531,0.8977528089887641,results/pending_runs/paper_final/lane1/RegNetY400MF/dermmnist/L80_G80/tralo_bounded/seed_2
dermmnist,L80_G80,RegNetY400MF,4,heuristic,0.0,178,178,223,2003,197,0.7015485772911337,0.6234413965087282,0.6234413965087282,0.732084818900951,0.7470154358256157,0.8808988764044944,results/pending_runs/paper_final/lane1/RegNetY400MF/dermmnist/L80_G80/heuristic/seed_4
dermmnist,L80_G80,RegNetY400MF,3,heuristic,0.0,178,178,223,2003,174,0.6915014341813639,0.6533665835411472,0.6533665835411472,0.7485941221614067,0.7631946378560919,0.8904494382022472,results/pending_runs/paper_final/lane1/RegNetY400MF/dermmnist/L80_G80/heuristic/seed_3
dermmnist,L80_G80,RegNetY400MF,1,heuristic,0.0,178,178,223,2003,152,0.7057514318572579,0.6683291770573566,0.6683291770573566,0.7555251729369025,0.7689584920415982,0.9028089887640449,results/pending_runs/paper_final/lane1/RegNetY400MF/dermmnist/L80_G80/heuristic/seed_1
dermmnist,L80_G80,RegNetY400MF,2,heuristic,0.0,178,178,223,2003,180,0.6941009292122404,0.6184538653366584,0.6184538653366584,0.7442660483156661,0.7695552929570978,0.8921348314606742,results/pending_runs/paper_final/lane1/RegNetY400MF/dermmnist/L80_G80/heuristic/seed_2
tissuemnist,L50_G50,RegNetY400MF,4,hounie_rcl,67.0,86,86,171,2400,70,0.35757348875937833,0.35797665369649806,0.35797665369649806,0.4150146108583087,0.42450613739849535,0.5361148497083894,results/pending_runs/paper_final/lane1/RegNetY400MF/tissuemnist/L50_G50/hounie_rcl/seed_4
tissuemnist,L50_G50,RegNetY400MF,3,hounie_rcl,61.0,86,86,171,2400,70,0.3339890054408677,0.35797665369649806,0.35797665369649806,0.4286753876618729,0.4367200526560921,0.5558546433378196,results/pending_runs/paper_final/lane1/RegNetY400MF/tissuemnist/L50_G50/hounie_rcl/seed_3
tissuemnist,L50_G50,RegNetY400MF,1,hounie_rcl,74.0,86,86,171,2400,67,0.3536477734907791,0.31906614785992216,0.31906614785992216,0.4291774461560602,0.4463447226612557,0.5706594885598923,results/pending_runs/paper_final/lane1/RegNetY400MF/tissuemnist/L50_G50/hounie_rcl/seed_1
tissuemnist,L50_G50,RegNetY400MF,2,hounie_rcl,82.0,86,86,171,2400,69,0.37189005797472086,0.38910505836575876,0.38910505836575876,0.417027398160488,0.4247514382107399,0.5495737999102737,results/pending_runs/paper_final/lane1/RegNetY400MF/tissuemnist/L50_G50/hounie_rcl/seed_2
tissuemnist,L50_G50,RegNetY400MF,4,tralo,153.0,86,86,171,2400,81,0.36857047574777,0.38132295719844356,0.38132295719844356,0.4108796611209642,0.41491796624671584,0.5118887393449978,results/pending_runs/paper_final/lane1/RegNetY400MF/tissuemnist/L50_G50/tralo/seed_4
tissuemnist,L50_G50,RegNetY400MF,3,tralo,112.0,86,86,171,2400,76,0.3522199097323402,0.3346303501945525,0.3346303501945525,0.42538675865828035,0.4383086361219595,0.5589950650515927,results/pending_runs/paper_final/lane1/RegNetY400MF/tissuemnist/L50_G50/tralo/seed_3
tissuemnist,L50_G50,RegNetY400MF,1,tralo,133.0,86,86,171,2400,85,0.37752375503208446,0.35019455252918286,0.35019455252918286,0.42614453340228675,0.4368519895484169,0.5648272768057425,results/pending_runs/paper_final/lane1/RegNetY400MF/tissuemnist/L50_G50/tralo/seed_1
tissuemnist,L50_G50,RegNetY400MF,2,tralo,137.0,86,86,171,2400,85,0.4036482984540787,0.3968871595330739,0.4046692607003891,0.4261627370648974,0.43010089461069523,0.5545087483176312,results/pending_runs/paper_final/lane1/RegNetY400MF/tissuemnist/L50_G50/tralo/seed_2
tissuemnist,L50_G50,RegNetY400MF,4,danits_lp,0.0,86,86,171,2400,163,0.31736026819496094,0.311284046692607,0.311284046692607,0.33310956274343806,0.33440252608568566,0.3853746074472858,results/pending_runs/paper_final/lane1/RegNetY400MF/tissuemnist/L50_G50/danits_lp/seed_4
tissuemnist,L50_G50,RegNetY400MF,3,danits_lp,0.0,86,86,171,2400,163,0.2744146349684011,0.2490272373540856,0.25680933852140075,0.35285985383737895,0.3636059352113584,0.4670255720053836,results/pending_runs/paper_final/lane1/RegNetY400MF/tissuemnist/L50_G50/danits_lp/seed_3
tissuemnist,L50_G50,RegNetY400MF,1,danits_lp,0.0,86,86,171,2400,420,0.3838373474194948,0.3424124513618677,0.35019455252918286,0.34622599368815543,0.33255951488702756,0.35397039030955585,results/pending_runs/paper_final/lane1/RegNetY400MF/tissuemnist/L50_G50/danits_lp/seed_1
tissuemnist,L50_G50,RegNetY400MF,2,danits_lp,0.0,86,86,171,2400,237,0.3573569425298886,0.3346303501945525,0.31906614785992216,0.3141777814959297,0.29891265398926015,0.3261552265589951,results/pending_runs/paper_final/lane1/RegNetY400MF/tissuemnist/L50_G50/danits_lp/seed_2
tissuemnist,L50_G50,RegNetY400MF,4,fioretto_ldf,299.0,86,86,171,2400,84,0.37411146502655956,0.35797665369649806,0.35797665369649806,0.4147580581379812,0.42210425765566323,0.5311799013010319,results/pending_runs/paper_final/lane1/RegNetY400MF/tissuemnist/L50_G50/fioretto_ldf/seed_4
tissuemnist,L50_G50,RegNetY400MF,3,fioretto_ldf,55.0,86,86,171,2400,71,0.3382808948945521,0.3346303501945525,0.3346303501945525,0.42150988680650336,0.4318303749247328,0.5486765365634814,results/pending_runs/paper_final/lane1/RegNetY400MF/tissuemnist/L50_G50/fioretto_ldf/seed_3
tissuemnist,L50_G50,RegNetY400MF,1,fioretto_ldf,299.0,86,86,171,2400,81,0.36657850650061524,0.3424124513618677,0.3424124513618677,0.43282199080886713,0.44572029277755293,0.5643786451323464,results/pending_runs/paper_final/lane1/RegNetY400MF/tissuemnist/L50_G50/fioretto_ldf/seed_1
tissuemnist,L50_G50,RegNetY400MF,2,fioretto_ldf,79.0,86,86,171,2400,80,0.38574829182840326,0.38132295719844356,0.38132295719844356,0.4155281334251757,0.42318532556710353,0.550471063257066,results/pending_runs/paper_final/lane1/RegNetY400MF/tissuemnist/L50_G50/fioretto_ldf/seed_2
tissuemnist,L50_G50,RegNetY400MF,4,tralo_bounded,114.0,86,86,171,2400,85,0.3692256749224123,0.3735408560311284,0.3735408560311284,0.42085004914356583,0.42918089264668485,0.537909376401974,results/pending_runs/paper_final/lane1/RegNetY400MF/tissuemnist/L50_G50/tralo_bounded/seed_4
tissuemnist,L50_G50,RegNetY400MF,3,tralo_bounded,107.0,86,86,171,2400,72,0.33477611845748434,0.3424124513618677,0.3424124513618677,0.4316593887700944,0.4422655583597068,0.5612382234185733,results/pending_runs/paper_final/lane1/RegNetY400MF/tissuemnist/L50_G50/tralo_bounded/seed_3
tissuemnist,L50_G50,RegNetY400MF,1,tralo_bounded,111.0,86,86,171,2400,78,0.36479336805398505,0.35019455252918286,0.35797665369649806,0.4399191652635872,0.4505345938703927,0.5706594885598923,results/pending_runs/paper_final/lane1/RegNetY400MF/tissuemnist/L50_G50/tralo_bounded/seed_1
tissuemnist,L50_G50,RegNetY400MF,2,tralo_bounded,350.0,86,86,171,2400,81,0.3856828907649395,0.3735408560311284,0.3735408560311284,0.4202180293929345,0.42962590434807885,0.5518169582772544,results/pending_runs/paper_final/lane1/RegNetY400MF/tissuemnist/L50_G50/tralo_bounded/seed_2
tissuemnist,L50_G50,RegNetY400MF,4,heuristic,0.0,86,86,171,2400,163,0.31736026819496094,0.311284046692607,0.311284046692607,0.33310956274343806,0.33440252608568566,0.3853746074472858,results/pending_runs/paper_final/lane1/RegNetY400MF/tissuemnist/L50_G50/heuristic/seed_4
tissuemnist,L50_G50,RegNetY400MF,3,heuristic,0.0,86,86,171,2400,163,0.2744146349684011,0.25680933852140075,0.25680933852140075,0.35285985383737895,0.3636059352113584,0.4670255720053836,results/pending_runs/paper_final/lane1/RegNetY400MF/tissuemnist/L50_G50/heuristic/seed_3
tissuemnist,L50_G50,RegNetY400MF,1,heuristic,0.0,86,86,171,2400,420,0.3838373474194948,0.35019455252918286,0.35019455252918286,0.34622599368815543,0.33255951488702756,0.35397039030955585,results/pending_runs/paper_final/lane1/RegNetY400MF/tissuemnist/L50_G50/heuristic/seed_1
tissuemnist,L50_G50,RegNetY400MF,2,heuristic,0.0,86,86,171,2400,237,0.3573569425298886,0.31906614785992216,0.31906614785992216,0.3141777814959297,0.29891265398926015,0.3261552265589951,results/pending_runs/paper_final/lane1/RegNetY400MF/tissuemnist/L50_G50/heuristic/seed_2
tissuemnist,L80_G80,RegNetY400MF,4,hounie_rcl,60.0,137,137,171,2400,119,0.3959798202858106,0.45454545454545453,0.45454545454545453,0.42508784680040934,0.4208936947460237,0.5226558995065052,results/pending_runs/paper_final/lane1/RegNetY400MF/tissuemnist/L80_G80/hounie_rcl/seed_4
tissuemnist,L80_G80,RegNetY400MF,3,hounie_rcl,54.0,137,137,171,2400,127,0.3509650557421609,0.38311688311688313,0.38311688311688313,0.4301384148033179,0.4382421094107777,0.5388066397487663,results/pending_runs/paper_final/lane1/RegNetY400MF/tissuemnist/L80_G80/hounie_rcl/seed_3
tissuemnist,L80_G80,RegNetY400MF,1,hounie_rcl,66.0,137,137,171,2400,119,0.38052122015846446,0.42857142857142855,0.42857142857142855,0.4503510270041854,0.4506055368928236,0.5621354867653656,results/pending_runs/paper_final/lane1/RegNetY400MF/tissuemnist/L80_G80/hounie_rcl/seed_1
tissuemnist,L80_G80,RegNetY400MF,2,hounie_rcl,60.0,137,137,171,2400,113,0.39859495411967494,0.43506493506493504,0.43506493506493504,0.42938661550599766,0.4309021060911046,0.5486765365634814,results/pending_runs/paper_final/lane1/RegNetY400MF/tissuemnist/L80_G80/hounie_rcl/seed_2
tissuemnist,L80_G80,RegNetY400MF,4,tralo,102.0,137,137,171,2400,111,0.409403322903021,0.474025974025974,0.474025974025974,0.41688153904772157,0.40700400258349273,0.5065051592642441,results/pending_runs/paper_final/lane1/RegNetY400MF/tissuemnist/L80_G80/tralo/seed_4
tissuemnist,L80_G80,RegNetY400MF,3,tralo,92.0,137,137,171,2400,118,0.35724893032071015,0.4090909090909091,0.4090909090909091,0.4342904584966617,0.4387894759707553,0.5455361148497084,results/pending_runs/paper_final/lane1/RegNetY400MF/tissuemnist/L80_G80/tralo/seed_3
tissuemnist,L80_G80,RegNetY400MF,1,tralo,108.0,137,137,171,2400,123,0.39618775606758466,0.4090909090909091,0.4090909090909091,0.4487301539310146,0.45528394821483464,0.5675190668461193,results/pending_runs/paper_final/lane1/RegNetY400MF/tissuemnist/L80_G80/tralo/seed_1
tissuemnist,L80_G80,RegNetY400MF,2,tralo,114.0,137,137,171,2400,132,0.42495374036800443,0.43506493506493504,0.43506493506493504,0.4280410616073618,0.42694062443605313,0.5473306415432929,results/pending_runs/paper_final/lane1/RegNetY400MF/tissuemnist/L80_G80/tralo/seed_2
tissuemnist,L80_G80,RegNetY400MF,4,danits_lp,0.0,137,137,171,2400,163,0.31736026819496094,0.38961038961038963,0.3961038961038961,0.3434224761577339,0.33440252608568566,0.3853746074472858,results/pending_runs/paper_final/lane1/RegNetY400MF/tissuemnist/L80_G80/danits_lp/seed_4
tissuemnist,L80_G80,RegNetY400MF,3,danits_lp,0.0,137,137,171,2400,163,0.2744146349684011,0.3181818181818182,0.3116883116883117,0.3582868312600875,0.3636059352113584,0.4670255720053836,results/pending_runs/paper_final/lane1/RegNetY400MF/tissuemnist/L80_G80/danits_lp/seed_3
tissuemnist,L80_G80,RegNetY400MF,1,danits_lp,0.0,137,137,171,2400,420,0.3838373474194948,0.38961038961038963,0.38961038961038963,0.3514691509551822,0.33255951488702756,0.35397039030955585,results/pending_runs/paper_final/lane1/RegNetY400MF/tissuemnist/L80_G80/danits_lp/seed_1
tissuemnist,L80_G80,RegNetY400MF,2,danits_lp,0.0,137,137,171,2400,237,0.3573569425298886,0.35714285714285715,0.36363636363636365,0.3160110139682102,0.29891265398926015,0.3261552265589951,results/pending_runs/paper_final/lane1/RegNetY400MF/tissuemnist/L80_G80/danits_lp/seed_2
tissuemnist,L80_G80,RegNetY400MF,4,fioretto_ldf,48.0,137,137,171,2400,133,0.3980761918530653,0.44805194805194803,0.44155844155844154,0.4214601402474829,0.41865063736242675,0.5145805293853746,results/pending_runs/paper_final/lane1/RegNetY400MF/tissuemnist/L80_G80/fioretto_ldf/seed_4
tissuemnist,L80_G80,RegNetY400MF,3,fioretto_ldf,43.0,137,137,171,2400,123,0.35157449505142413,0.38961038961038963,0.38961038961038963,0.43179781937974315,0.43667696537452994,0.5356662180349933,results/pending_runs/paper_final/lane1/RegNetY400MF/tissuemnist/L80_G80/fioretto_ldf/seed_3
tissuemnist,L80_G80,RegNetY400MF,1,fioretto_ldf,50.0,137,137,171,2400,129,0.3970190469196075,0.43506493506493504,0.43506493506493504,0.45196932989505556,0.4555445213830156,0.5630327501121579,results/pending_runs/paper_final/lane1/RegNetY400MF/tissuemnist/L80_G80/fioretto_ldf/seed_1
tissuemnist,L80_G80,RegNetY400MF,2,fioretto_ldf,63.0,137,137,171,2400,127,0.4016113082876569,0.4155844155844156,0.42207792207792205,0.42681711927256677,0.4265293054701154,0.5392552714221625,results/pending_runs/paper_final/lane1/RegNetY400MF/tissuemnist/L80_G80/fioretto_ldf/seed_2
tissuemnist,L80_G80,RegNetY400MF,4,tralo_bounded,97.0,137,137,171,2400,131,0.3951556755744264,0.44805194805194803,0.44155844155844154,0.41882085201465735,0.4177187379040722,0.5136832660385823,results/pending_runs/paper_final/lane1/RegNetY400MF/tissuemnist/L80_G80/tralo_bounded/seed_4
tissuemnist,L80_G80,RegNetY400MF,3,tralo_bounded,92.0,137,137,171,2400,123,0.3507099511915458,0.38311688311688313,0.38311688311688313,0.43756352323976294,0.44444486157355606,0.5423956931359354,results/pending_runs/paper_final/lane1/RegNetY400MF/tissuemnist/L80_G80/tralo_bounded/seed_3
tissuemnist,L80_G80,RegNetY400MF,1,tralo_bounded,96.0,137,137,171,2400,121,0.3814352718094041,0.42207792207792205,0.42207792207792205,0.44817148036642684,0.45001702504343316,0.560340960071781,results/pending_runs/paper_final/lane1/RegNetY400MF/tissuemnist/L80_G80/tralo_bounded/seed_1
tissuemnist,L80_G80,RegNetY400MF,2,tralo_bounded,109.0,137,137,171,2400,130,0.4033984304653422,0.42857142857142855,0.44155844155844154,0.42798907733226477,0.42548965548186873,0.5406011664423508,results/pending_runs/paper_final/lane1/RegNetY400MF/tissuemnist/L80_G80/tralo_bounded/seed_2
tissuemnist,L80_G80,RegNetY400MF,4,heuristic,0.0,137,137,171,2400,163,0.31736026819496094,0.3961038961038961,0.3961038961038961,0.3434224761577339,0.33440252608568566,0.3853746074472858,results/pending_runs/paper_final/lane1/RegNetY400MF/tissuemnist/L80_G80/heuristic/seed_4
tissuemnist,L80_G80,RegNetY400MF,3,heuristic,0.0,137,137,171,2400,163,0.2744146349684011,0.3116883116883117,0.3116883116883117,0.3582868312600875,0.3636059352113584,0.4670255720053836,results/pending_runs/paper_final/lane1/RegNetY400MF/tissuemnist/L80_G80/heuristic/seed_3
tissuemnist,L80_G80,RegNetY400MF,1,heuristic,0.0,137,137,171,2400,420,0.3838373474194948,0.38961038961038963,0.38961038961038963,0.3514691509551822,0.33255951488702756,0.35397039030955585,results/pending_runs/paper_final/lane1/RegNetY400MF/tissuemnist/L80_G80/heuristic/seed_1
tissuemnist,L80_G80,RegNetY400MF,2,heuristic,0.0,137,137,171,2400,237,0.3573569425298886,0.36363636363636365,0.36363636363636365,0.3160110139682102,0.29891265398926015,0.3261552265589951,results/pending_runs/paper_final/lane1/RegNetY400MF/tissuemnist/L80_G80/heuristic/seed_2
octmnist,L50_G50,RegNetY400MF,4,hounie_rcl,22.0,125,125,250,1000,107,0.7530291677980432,0.528,0.528,0.7453800393688773,0.8167826913063658,0.892,results/pending_runs/paper_final/lane1/RegNetY400MF/octmnist/L50_G50/hounie_rcl/seed_4
octmnist,L50_G50,RegNetY400MF,3,hounie_rcl,32.0,125,125,250,1000,99,0.7056109292048277,0.5066666666666667,0.5066666666666667,0.7197902754778196,0.7827080737791604,0.8613333333333333,results/pending_runs/paper_final/lane1/RegNetY400MF/octmnist/L50_G50/hounie_rcl/seed_3
octmnist,L50_G50,RegNetY400MF,1,hounie_rcl,36.0,125,125,250,1000,95,0.7563570934040617,0.592,0.592,0.7696949527833783,0.8181470566154072,0.9013333333333333,results/pending_runs/paper_final/lane1/RegNetY400MF/octmnist/L50_G50/hounie_rcl/seed_1
octmnist,L50_G50,RegNetY400MF,2,hounie_rcl,39.0,125,125,250,1000,97,0.7231624064385321,0.5386666666666666,0.5386666666666666,0.7323148926237162,0.7890220460760129,0.8693333333333333,results/pending_runs/paper_final/lane1/RegNetY400MF/octmnist/L50_G50/hounie_rcl/seed_2
octmnist,L50_G50,RegNetY400MF,4,tralo,69.0,125,125,250,1000,120,0.7333308425243182,0.5066666666666667,0.5066666666666667,0.7306391204261724,0.8053333909533893,0.872,results/pending_runs/paper_final/lane1/RegNetY400MF/octmnist/L50_G50/tralo/seed_4
octmnist,L50_G50,RegNetY400MF,3,tralo,153.0,125,125,250,1000,124,0.7414553460160161,0.5493333333333333,0.5493333333333333,0.739852579972218,0.8028608125519222,0.8706666666666667,results/pending_runs/paper_final/lane1/RegNetY400MF/octmnist/L50_G50/tralo/seed_3
octmnist,L50_G50,RegNetY400MF,1,tralo,285.0,125,125,250,1000,125,0.7761530885436543,0.592,0.592,0.7728522107012673,0.833136280935023,0.9026666666666666,results/pending_runs/paper_final/lane1/RegNetY400MF/octmnist/L50_G50/tralo/seed_1
octmnist,L50_G50,RegNetY400MF,2,tralo,86.0,125,125,250,1000,123,0.7391706442673377,0.528,0.5333333333333333,0.7381651028031485,0.8054268605335633,0.8746666666666667,results/pending_runs/paper_final/lane1/RegNetY400MF/octmnist/L50_G50/tralo/seed_2
octmnist,L50_G50,RegNetY400MF,4,danits_lp,0.0,125,125,250,1000,123,0.7179991408387577,0.5361930294906166,0.5333333333333333,0.7415241860197457,0.8120998719160003,0.876,results/pending_runs/paper_final/lane1/RegNetY400MF/octmnist/L50_G50/danits_lp/seed_4
octmnist,L50_G50,RegNetY400MF,3,danits_lp,0.0,125,125,250,1000,147,0.7384960036124681,0.5546666666666666,0.5546666666666666,0.7598709775093366,0.8328682348235609,0.8866666666666667,results/pending_runs/paper_final/lane1/RegNetY400MF/octmnist/L50_G50/danits_lp/seed_3
octmnist,L50_G50,RegNetY400MF,1,danits_lp,0.0,125,125,250,1000,186,0.6568783659678977,0.4693333333333333,0.4693333333333333,0.6861618568624259,0.759440889117465,0.7906666666666666,results/pending_runs/paper_final/lane1/RegNetY400MF/octmnist/L50_G50/danits_lp/seed_1
octmnist,L50_G50,RegNetY400MF,2,danits_lp,0.0,125,125,250,1000,142,0.7767504441652759,0.5813333333333334,0.5866666666666667,0.7482421727397108,0.8065459410913901,0.864,results/pending_runs/paper_final/lane1/RegNetY400MF/octmnist/L50_G50/danits_lp/seed_2
octmnist,L50_G50,RegNetY400MF,4,fioretto_ldf,17.0,125,125,250,1000,113,0.7569246368239804,0.5333333333333333,0.5333333333333333,0.7457454003501014,0.8145274296885257,0.8866666666666667,results/pending_runs/paper_final/lane1/RegNetY400MF/octmnist/L50_G50/fioretto_ldf/seed_4
octmnist,L50_G50,RegNetY400MF,3,fioretto_ldf,28.0,125,125,250,1000,109,0.7079308637433801,0.512,0.5173333333333333,0.7234739966331619,0.786011051274664,0.86,results/pending_runs/paper_final/lane1/RegNetY400MF/octmnist/L50_G50/fioretto_ldf/seed_3
octmnist,L50_G50,RegNetY400MF,1,fioretto_ldf,30.0,125,125,250,1000,114,0.7562010863691874,0.5973333333333334,0.5973333333333334,0.7702250033045821,0.8238205475262846,0.8973333333333333,results/pending_runs/paper_final/lane1/RegNetY400MF/octmnist/L50_G50/fioretto_ldf/seed_1
octmnist,L50_G50,RegNetY400MF,2,fioretto_ldf,299.0,125,125,250,1000,111,0.7281503790340017,0.5386666666666666,0.5386666666666666,0.7349341848414492,0.7988862151454618,0.8733333333333333,results/pending_runs/paper_final/lane1/RegNetY400MF/octmnist/L50_G50/fioretto_ldf/seed_2
octmnist,L50_G50,RegNetY400MF,4,tralo_bounded,60.0,125,125,250,1000,113,0.7554661229105692,0.528,0.528,0.7434560440722174,0.8145274296885257,0.8866666666666667,results/pending_runs/paper_final/lane1/RegNetY400MF/octmnist/L50_G50/tralo_bounded/seed_4
octmnist,L50_G50,RegNetY400MF,3,tralo_bounded,74.0,125,125,250,1000,111,0.7073889662451934,0.512,0.512,0.7231269302287978,0.7884824919395439,0.8613333333333333,results/pending_runs/paper_final/lane1/RegNetY400MF/octmnist/L50_G50/tralo_bounded/seed_3
octmnist,L50_G50,RegNetY400MF,1,tralo_bounded,350.0,125,125,250,1000,115,0.7616711000485888,0.6026666666666667,0.6026666666666667,0.7715909563855429,0.8229610232962038,0.896,results/pending_runs/paper_final/lane1/RegNetY400MF/octmnist/L50_G50/tralo_bounded/seed_1
octmnist,L50_G50,RegNetY400MF,2,tralo_bounded,350.0,125,125,250,1000,110,0.7281768309580932,0.544,0.544,0.7355300533722293,0.7962942060195015,0.8706666666666667,results/pending_runs/paper_final/lane1/RegNetY400MF/octmnist/L50_G50/tralo_bounded/seed_2
octmnist,L50_G50,RegNetY400MF,4,heuristic,0.0,125,125,250,1000,123,0.7179991408387577,0.5333333333333333,0.5333333333333333,0.7415241860197457,0.8120998719160003,0.876,results/pending_runs/paper_final/lane1/RegNetY400MF/octmnist/L50_G50/heuristic/seed_4
octmnist,L50_G50,RegNetY400MF,3,heuristic,0.0,125,125,250,1000,147,0.7384960036124681,0.5546666666666666,0.5546666666666666,0.7598709775093366,0.8328682348235609,0.8866666666666667,results/pending_runs/paper_final/lane1/RegNetY400MF/octmnist/L50_G50/heuristic/seed_3
octmnist,L50_G50,RegNetY400MF,1,heuristic,0.0,125,125,250,1000,186,0.6568783659678977,0.4693333333333333,0.4693333333333333,0.6861618568624259,0.759440889117465,0.7906666666666666,results/pending_runs/paper_final/lane1/RegNetY400MF/octmnist/L50_G50/heuristic/seed_1
octmnist,L50_G50,RegNetY400MF,2,heuristic,0.0,125,125,250,1000,142,0.7767504441652759,0.5866666666666667,0.5866666666666667,0.7482421727397108,0.8065459410913901,0.864,results/pending_runs/paper_final/lane1/RegNetY400MF/octmnist/L50_G50/heuristic/seed_2
octmnist,L80_G80,RegNetY400MF,4,hounie_rcl,4.0,200,200,250,1000,150,0.7701746855119731,0.6711111111111111,0.6711111111111111,0.7866020771828968,0.8235359521524376,0.8773333333333333,results/pending_runs/paper_final/lane1/RegNetY400MF/octmnist/L80_G80/hounie_rcl/seed_4
octmnist,L80_G80,RegNetY400MF,3,hounie_rcl,7.0,200,200,250,1000,171,0.7075726078565459,0.6311111111111111,0.6311111111111111,0.7536519769954204,0.7951780769970997,0.8386666666666667,results/pending_runs/paper_final/lane1/RegNetY400MF/octmnist/L80_G80/hounie_rcl/seed_3
octmnist,L80_G80,RegNetY400MF,1,hounie_rcl,5.0,200,200,250,1000,169,0.7534525104856565,0.6444444444444445,0.6444444444444445,0.7767910673838686,0.8233634373111823,0.868,results/pending_runs/paper_final/lane1/RegNetY400MF/octmnist/L80_G80/hounie_rcl/seed_1
octmnist,L80_G80,RegNetY400MF,2,hounie_rcl,4.0,200,200,250,1000,158,0.7330379231212593,0.64,0.64,0.7734136074422306,0.806634301584214,0.8573333333333333,results/pending_runs/paper_final/lane1/RegNetY400MF/octmnist/L80_G80/hounie_rcl/seed_2
octmnist,L80_G80,RegNetY400MF,4,tralo,54.0,200,200,250,1000,188,0.7797841131121269,0.6755555555555556,0.6755555555555556,0.7866430939903943,0.8255165172386302,0.86,results/pending_runs/paper_final/lane1/RegNetY400MF/octmnist/L80_G80/tralo/seed_4
octmnist,L80_G80,RegNetY400MF,3,tralo,57.0,200,200,250,1000,177,0.7075876858468553,0.6355555555555555,0.6355555555555555,0.7601338378231907,0.79851199873798,0.8386666666666667,results/pending_runs/paper_final/lane1/RegNetY400MF/octmnist/L80_G80/tralo/seed_3
octmnist,L80_G80,RegNetY400MF,1,tralo,61.0,200,200,250,1000,184,0.7665884330567935,0.6622222222222223,0.6622222222222223,0.7875652985585498,0.8276168344173177,0.864,results/pending_runs/paper_final/lane1/RegNetY400MF/octmnist/L80_G80/tralo/seed_1
octmnist,L80_G80,RegNetY400MF,2,tralo,54.0,200,200,250,1000,165,0.7301555701758621,0.6355555555555555,0.6355555555555555,0.7723052084382099,0.8103193267084124,0.8573333333333333,results/pending_runs/paper_final/lane1/RegNetY400MF/octmnist/L80_G80/tralo/seed_2
octmnist,L80_G80,RegNetY400MF,4,danits_lp,0.0,200,200,250,1000,123,0.7179991408387577,0.5361930294906166,0.6222222222222222,0.7614305943948627,0.8120998719160003,0.876,results/pending_runs/paper_final/lane1/RegNetY400MF/octmnist/L80_G80/danits_lp/seed_4
octmnist,L80_G80,RegNetY400MF,3,danits_lp,0.0,200,200,250,1000,147,0.7384960036124681,0.5994962216624685,0.6755555555555556,0.7965281648033001,0.8328682348235609,0.8866666666666667,results/pending_runs/paper_final/lane1/RegNetY400MF/octmnist/L80_G80/danits_lp/seed_3
octmnist,L80_G80,RegNetY400MF,1,danits_lp,0.0,200,200,250,1000,186,0.6568783659678977,0.5681293302540416,0.5777777777777777,0.7105477756868902,0.759440889117465,0.7906666666666666,results/pending_runs/paper_final/lane1/RegNetY400MF/octmnist/L80_G80/danits_lp/seed_1
octmnist,L80_G80,RegNetY400MF,2,danits_lp,0.0,200,200,250,1000,142,0.7767504441652759,0.6173469387755102,0.6933333333333334,0.7819085143186624,0.8065459410913901,0.864,results/pending_runs/paper_final/lane1/RegNetY400MF/octmnist/L80_G80/danits_lp/seed_2
octmnist,L80_G80,RegNetY400MF,4,fioretto_ldf,4.0,200,200,250,1000,150,0.7701746855119731,0.6711111111111111,0.6711111111111111,0.7866020771828968,0.8235359521524376,0.8773333333333333,results/pending_runs/paper_final/lane1/RegNetY400MF/octmnist/L80_G80/fioretto_ldf/seed_4
octmnist,L80_G80,RegNetY400MF,3,fioretto_ldf,7.0,200,200,250,1000,173,0.7078053163587866,0.6311111111111111,0.6311111111111111,0.7546839076839631,0.7950824571902327,0.8373333333333334,results/pending_runs/paper_final/lane1/RegNetY400MF/octmnist/L80_G80/fioretto_ldf/seed_3
octmnist,L80_G80,RegNetY400MF,1,fioretto_ldf,5.0,200,200,250,1000,170,0.7533519861919494,0.64,0.64,0.7745917010673169,0.8239069108837015,0.868,results/pending_runs/paper_final/lane1/RegNetY400MF/octmnist/L80_G80/fioretto_ldf/seed_1
octmnist,L80_G80,RegNetY400MF,2,fioretto_ldf,4.0,200,200,250,1000,158,0.7330379231212593,0.64,0.64,0.7734136074422306,0.806634301584214,0.8573333333333333,results/pending_runs/paper_final/lane1/RegNetY400MF/octmnist/L80_G80/fioretto_ldf/seed_2
octmnist,L80_G80,RegNetY400MF,4,tralo_bounded,54.0,200,200,250,1000,150,0.7701746855119731,0.6711111111111111,0.6711111111111111,0.7866020771828968,0.8235359521524376,0.8773333333333333,results/pending_runs/paper_final/lane1/RegNetY400MF/octmnist/L80_G80/tralo_bounded/seed_4
octmnist,L80_G80,RegNetY400MF,3,tralo_bounded,57.0,200,200,250,1000,170,0.7099248988194566,0.64,0.64,0.7601795812363187,0.7975121641128081,0.8413333333333334,results/pending_runs/paper_final/lane1/RegNetY400MF/octmnist/L80_G80/tralo_bounded/seed_3
octmnist,L80_G80,RegNetY400MF,1,tralo_bounded,55.0,200,200,250,1000,170,0.7520520776355037,0.64,0.64,0.7703748499924176,0.8183883304605892,0.8626666666666667,results/pending_runs/paper_final/lane1/RegNetY400MF/octmnist/L80_G80/tralo_bounded/seed_1
octmnist,L80_G80,RegNetY400MF,2,tralo_bounded,54.0,200,200,250,1000,158,0.7330379231212593,0.64,0.64,0.7734136074422306,0.806634301584214,0.8573333333333333,results/pending_runs/paper_final/lane1/RegNetY400MF/octmnist/L80_G80/tralo_bounded/seed_2
octmnist,L80_G80,RegNetY400MF,4,heuristic,0.0,200,200,250,1000,123,0.7179991408387577,0.6222222222222222,0.6222222222222222,0.7614305943948627,0.8120998719160003,0.876,results/pending_runs/paper_final/lane1/RegNetY400MF/octmnist/L80_G80/heuristic/seed_4
octmnist,L80_G80,RegNetY400MF,3,heuristic,0.0,200,200,250,1000,147,0.7384960036124681,0.6755555555555556,0.6755555555555556,0.7965281648033001,0.8328682348235609,0.8866666666666667,results/pending_runs/paper_final/lane1/RegNetY400MF/octmnist/L80_G80/heuristic/seed_3
octmnist,L80_G80,RegNetY400MF,1,heuristic,0.0,200,200,250,1000,186,0.6568783659678977,0.5777777777777777,0.5777777777777777,0.7105477756868902,0.759440889117465,0.7906666666666666,results/pending_runs/paper_final/lane1/RegNetY400MF/octmnist/L80_G80/heuristic/seed_1
octmnist,L80_G80,RegNetY400MF,2,heuristic,0.0,200,200,250,1000,142,0.7767504441652759,0.6933333333333334,0.6933333333333334,0.7819085143186624,0.8065459410913901,0.864,results/pending_runs/paper_final/lane1/RegNetY400MF/octmnist/L80_G80/heuristic/seed_2
dermmnist,L30_G30,MobileNetV3,4,hounie_rcl,53.0,67,67,223,2003,51,0.6309474585726085,0.42758620689655175,0.42758620689655175,0.7315892001538932,0.7731265605704722,0.9134831460674158,results/pending_runs/paper_final/lane2/MobileNetV3/dermmnist/L30_G30/hounie_rcl/seed_4
dermmnist,L30_G30,MobileNetV3,3,hounie_rcl,50.0,67,67,223,2003,47,0.6456582107421721,0.4068965517241379,0.4068965517241379,0.7323059919850593,0.7859781605532189,0.9196629213483146,results/pending_runs/paper_final/lane2/MobileNetV3/dermmnist/L30_G30/hounie_rcl/seed_3
dermmnist,L30_G30,MobileNetV3,1,hounie_rcl,53.0,67,67,223,2003,56,0.6453832974169249,0.41379310344827586,0.41379310344827586,0.7149929485710326,0.7613576218693282,0.9140449438202247,results/pending_runs/paper_final/lane2/MobileNetV3/dermmnist/L30_G30/hounie_rcl/seed_1
dermmnist,L30_G30,MobileNetV3,2,hounie_rcl,50.0,67,67,223,2003,37,0.6517354608862511,0.4,0.4,0.7311574234003352,0.7831882411720184,0.9191011235955057,results/pending_runs/paper_final/lane2/MobileNetV3/dermmnist/L30_G30/hounie_rcl/seed_2
dermmnist,L30_G30,MobileNetV3,4,tralo,82.0,67,67,223,2003,67,0.6575784415584194,0.42758620689655175,0.42758620689655175,0.7262079666048058,0.7759782598895147,0.9157303370786517,results/pending_runs/paper_final/lane2/MobileNetV3/dermmnist/L30_G30/tralo/seed_4
dermmnist,L30_G30,MobileNetV3,3,tralo,168.0,67,67,223,2003,65,0.6560782439534721,0.41379310344827586,0.41379310344827586,0.7406296549533727,0.7958956822924156,0.9202247191011236,results/pending_runs/paper_final/lane2/MobileNetV3/dermmnist/L30_G30/tralo/seed_3
dermmnist,L30_G30,MobileNetV3,1,tralo,70.0,67,67,223,2003,66,0.6606133771570158,0.41379310344827586,0.4206896551724138,0.7136574297457697,0.7626548095440414,0.9140449438202247,results/pending_runs/paper_final/lane2/MobileNetV3/dermmnist/L30_G30/tralo/seed_1
dermmnist,L30_G30,MobileNetV3,2,tralo,350.0,67,67,223,2003,66,0.6713817651135716,0.4206896551724138,0.41379310344827586,0.7225081447302542,0.7745547054340056,0.9140449438202247,results/pending_runs/paper_final/lane2/MobileNetV3/dermmnist/L30_G30/tralo/seed_2
dermmnist,L30_G30,MobileNetV3,4,danits_lp,0.0,67,67,223,2003,212,0.7127348346679947,0.4068965517241379,0.41379310344827586,0.7051286990132768,0.7716163713047287,0.8893258426966292,results/pending_runs/paper_final/lane2/MobileNetV3/dermmnist/L30_G30/danits_lp/seed_4
dermmnist,L30_G30,MobileNetV3,3,danits_lp,0.0,67,67,223,2003,209,0.7139584333260884,0.41379310344827586,0.41379310344827586,0.739640458528206,0.8015523709522144,0.901685393258427,results/pending_runs/paper_final/lane2/MobileNetV3/dermmnist/L30_G30/danits_lp/seed_3
dermmnist,L30_G30,MobileNetV3,1,danits_lp,0.0,67,67,223,2003,195,0.7063806810584813,0.42758620689655175,0.42758620689655175,0.73304285633452,0.7991420811486302,0.8943820224719101,results/pending_runs/paper_final/lane2/MobileNetV3/dermmnist/L30_G30/danits_lp/seed_1
dermmnist,L30_G30,MobileNetV3,2,danits_lp,0.0,67,67,223,2003,198,0.6871747460319677,0.4206896551724138,0.4206896551724138,0.7086833217249447,0.7736550002452791,0.8910112359550562,results/pending_runs/paper_final/lane2/MobileNetV3/dermmnist/L30_G30/danits_lp/seed_2
dermmnist,L30_G30,MobileNetV3,4,fioretto_ldf,30.0,67,67,223,2003,61,0.6440528720662756,0.42758620689655175,0.42758620689655175,0.7297478280608755,0.7797883575488375,0.9146067415730337,results/pending_runs/paper_final/lane2/MobileNetV3/dermmnist/L30_G30/fioretto_ldf/seed_4
dermmnist,L30_G30,MobileNetV3,3,fioretto_ldf,299.0,67,67,223,2003,66,0.6591365901569866,0.41379310344827586,0.41379310344827586,0.7352363209613887,0.789421527071153,0.9213483146067416,results/pending_runs/paper_final/lane2/MobileNetV3/dermmnist/L30_G30/fioretto_ldf/seed_3
dermmnist,L30_G30,MobileNetV3,1,fioretto_ldf,32.0,67,67,223,2003,56,0.6490149393125015,0.41379310344827586,0.41379310344827586,0.7041643379847387,0.7487326091596089,0.9078651685393259,results/pending_runs/paper_final/lane2/MobileNetV3/dermmnist/L30_G30/fioretto_ldf/seed_1
dermmnist,L30_G30,MobileNetV3,2,fioretto_ldf,30.0,67,67,223,2003,50,0.6577691248960592,0.41379310344827586,0.41379310344827586,0.7234651180829772,0.7734606252336821,0.9134831460674158,results/pending_runs/paper_final/lane2/MobileNetV3/dermmnist/L30_G30/fioretto_ldf/seed_2
dermmnist,L30_G30,MobileNetV3,4,tralo_bounded,69.0,67,67,223,2003,55,0.6418672422145496,0.42758620689655175,0.42758620689655175,0.7319545548393332,0.7804195944284031,0.9162921348314607,results/pending_runs/paper_final/lane2/MobileNetV3/dermmnist/L30_G30/tralo_bounded/seed_4
dermmnist,L30_G30,MobileNetV3,3,tralo_bounded,350.0,67,67,223,2003,61,0.6617121754391403,0.41379310344827586,0.41379310344827586,0.7355963595610927,0.7876211690450696,0.9185393258426966,results/pending_runs/paper_final/lane2/MobileNetV3/dermmnist/L30_G30/tralo_bounded/seed_3
dermmnist,L30_G30,MobileNetV3,1,tralo_bounded,70.0,67,67,223,2003,61,0.6560442122380176,0.41379310344827586,0.41379310344827586,0.7127760416705237,0.7597080486621838,0.9134831460674158,results/pending_runs/paper_final/lane2/MobileNetV3/dermmnist/L30_G30/tralo_bounded/seed_1
dermmnist,L30_G30,MobileNetV3,2,tralo_bounded,350.0,67,67,223,2003,58,0.6683467007519702,0.4206896551724138,0.4206896551724138,0.7287568652251597,0.7780743696443834,0.9157303370786517,results/pending_runs/paper_final/lane2/MobileNetV3/dermmnist/L30_G30/tralo_bounded/seed_2
dermmnist,L30_G30,MobileNetV3,4,heuristic,0.0,67,67,223,2003,212,0.7127348346679947,0.41379310344827586,0.41379310344827586,0.7051286990132768,0.7716163713047287,0.8893258426966292,results/pending_runs/paper_final/lane2/MobileNetV3/dermmnist/L30_G30/heuristic/seed_4
dermmnist,L30_G30,MobileNetV3,3,heuristic,0.0,67,67,223,2003,209,0.7139584333260884,0.41379310344827586,0.41379310344827586,0.739640458528206,0.8015523709522144,0.901685393258427,results/pending_runs/paper_final/lane2/MobileNetV3/dermmnist/L30_G30/heuristic/seed_3
dermmnist,L30_G30,MobileNetV3,1,heuristic,0.0,67,67,223,2003,195,0.7063806810584813,0.42758620689655175,0.42758620689655175,0.73304285633452,0.7991420811486302,0.8943820224719101,results/pending_runs/paper_final/lane2/MobileNetV3/dermmnist/L30_G30/heuristic/seed_1
dermmnist,L30_G30,MobileNetV3,2,heuristic,0.0,67,67,223,2003,198,0.6871747460319677,0.4206896551724138,0.4206896551724138,0.7086833217249447,0.7736550002452791,0.8910112359550562,results/pending_runs/paper_final/lane2/MobileNetV3/dermmnist/L30_G30/heuristic/seed_2
dermmnist,L60_G60,MobileNetV3,4,hounie_rcl,45.0,134,134,223,2003,117,0.7121029061613406,0.6106442577030813,0.6106442577030813,0.7723418218757148,0.7934916861700859,0.9185393258426966,results/pending_runs/paper_final/lane2/MobileNetV3/dermmnist/L60_G60/hounie_rcl/seed_4
dermmnist,L60_G60,MobileNetV3,3,hounie_rcl,41.0,134,134,223,2003,103,0.6981878594004245,0.6050420168067226,0.6050420168067226,0.7872727400590706,0.8148880783456868,0.9235955056179775,results/pending_runs/paper_final/lane2/MobileNetV3/dermmnist/L60_G60/hounie_rcl/seed_3
dermmnist,L60_G60,MobileNetV3,1,hounie_rcl,46.0,134,134,223,2003,119,0.6942454689322717,0.6330532212885154,0.6330532212885154,0.7680797107338034,0.7866819662641774,0.9151685393258427,results/pending_runs/paper_final/lane2/MobileNetV3/dermmnist/L60_G60/hounie_rcl/seed_1
dermmnist,L60_G60,MobileNetV3,2,hounie_rcl,35.0,134,134,223,2003,118,0.7014580225107634,0.5994397759103641,0.5994397759103641,0.7597321081793652,0.783573026365091,0.9146067415730337,results/pending_runs/paper_final/lane2/MobileNetV3/dermmnist/L60_G60/hounie_rcl/seed_2
dermmnist,L60_G60,MobileNetV3,4,tralo,350.0,134,134,223,2003,132,0.7130001154006069,0.6162464985994398,0.6218487394957983,0.7744549825584086,0.7984180042861068,0.9185393258426966,results/pending_runs/paper_final/lane2/MobileNetV3/dermmnist/L60_G60/tralo/seed_4
dermmnist,L60_G60,MobileNetV3,3,tralo,68.0,134,134,223,2003,130,0.7051969230538915,0.6050420168067226,0.6050420168067226,0.782132383650908,0.81075067175555,0.9179775280898876,results/pending_runs/paper_final/lane2/MobileNetV3/dermmnist/L60_G60/tralo/seed_3
dermmnist,L60_G60,MobileNetV3,1,tralo,263.0,134,134,223,2003,134,0.6991023096414001,0.6442577030812325,0.6442577030812325,0.7719884368743618,0.79327689250655,0.9151685393258427,results/pending_runs/paper_final/lane2/MobileNetV3/dermmnist/L60_G60/tralo/seed_1
dermmnist,L60_G60,MobileNetV3,2,tralo,79.0,134,134,223,2003,133,0.7026444351637057,0.6050420168067226,0.6050420168067226,0.7627152958410983,0.7889381340705836,0.9117977528089888,results/pending_runs/paper_final/lane2/MobileNetV3/dermmnist/L60_G60/tralo/seed_2
dermmnist,L60_G60,MobileNetV3,4,danits_lp,0.0,134,134,223,2003,212,0.7127348346679947,0.5882352941176471,0.5882352941176471,0.7385810055626881,0.7716163713047287,0.8893258426966292,results/pending_runs/paper_final/lane2/MobileNetV3/dermmnist/L60_G60/danits_lp/seed_4
dermmnist,L60_G60,MobileNetV3,3,danits_lp,0.0,134,134,223,2003,209,0.7139584333260884,0.6162464985994398,0.6218487394957983,0.7751980750591081,0.8015523709522144,0.901685393258427,results/pending_runs/paper_final/lane2/MobileNetV3/dermmnist/L60_G60/danits_lp/seed_3
dermmnist,L60_G60,MobileNetV3,1,danits_lp,0.0,134,134,223,2003,195,0.7063806810584813,0.6554621848739496,0.6498599439775911,0.7762915769401377,0.7991420811486302,0.8943820224719101,results/pending_runs/paper_final/lane2/MobileNetV3/dermmnist/L60_G60/danits_lp/seed_1
dermmnist,L60_G60,MobileNetV3,2,danits_lp,0.0,134,134,223,2003,198,0.6871747460319677,0.5938375350140056,0.5938375350140056,0.749038321585262,0.7736550002452791,0.8910112359550562,results/pending_runs/paper_final/lane2/MobileNetV3/dermmnist/L60_G60/danits_lp/seed_2
dermmnist,L60_G60,MobileNetV3,4,fioretto_ldf,21.0,134,134,223,2003,120,0.7136634326434788,0.6050420168067226,0.6050420168067226,0.7704753356475172,0.7948339991167869,0.9179775280898876,results/pending_runs/paper_final/lane2/MobileNetV3/dermmnist/L60_G60/fioretto_ldf/seed_4
dermmnist,L60_G60,MobileNetV3,3,fioretto_ldf,25.0,134,134,223,2003,117,0.7037900069465806,0.6162464985994398,0.6162464985994398,0.7891526366474376,0.8173588956987875,0.9207865168539325,results/pending_runs/paper_final/lane2/MobileNetV3/dermmnist/L60_G60/fioretto_ldf/seed_3
dermmnist,L60_G60,MobileNetV3,1,fioretto_ldf,24.0,134,134,223,2003,126,0.6974350738473848,0.6442577030812325,0.6442577030812325,0.7700988896207769,0.7874134617845319,0.9157303370786517,results/pending_runs/paper_final/lane2/MobileNetV3/dermmnist/L60_G60/fioretto_ldf/seed_1
dermmnist,L60_G60,MobileNetV3,2,fioretto_ldf,299.0,134,134,223,2003,122,0.6996290561776891,0.5994397759103641,0.5994397759103641,0.7637109602430473,0.7893675970096242,0.9157303370786517,results/pending_runs/paper_final/lane2/MobileNetV3/dermmnist/L60_G60/fioretto_ldf/seed_2
dermmnist,L60_G60,MobileNetV3,4,tralo_bounded,61.0,134,134,223,2003,121,0.7145097547637119,0.6106442577030813,0.6106442577030813,0.770925283476786,0.7950687487118838,0.9179775280898876,results/pending_runs/paper_final/lane2/MobileNetV3/dermmnist/L60_G60/tralo_bounded/seed_4
dermmnist,L60_G60,MobileNetV3,3,tralo_bounded,62.0,134,134,223,2003,124,0.7066391685097031,0.6162464985994398,0.6106442577030813,0.7879490961689196,0.820097132697034,0.9202247191011236,results/pending_runs/paper_final/lane2/MobileNetV3/dermmnist/L60_G60/tralo_bounded/seed_3
dermmnist,L60_G60,MobileNetV3,1,tralo_bounded,62.0,134,134,223,2003,131,0.6983704929458272,0.6386554621848739,0.6386554621848739,0.7675996512105494,0.7934214302313417,0.9140449438202247,results/pending_runs/paper_final/lane2/MobileNetV3/dermmnist/L60_G60/tralo_bounded/seed_1
dermmnist,L60_G60,MobileNetV3,2,tralo_bounded,62.0,134,134,223,2003,119,0.6992848429821741,0.5994397759103641,0.5994397759103641,0.7612526719562883,0.7858457450585896,0.9162921348314607,results/pending_runs/paper_final/lane2/MobileNetV3/dermmnist/L60_G60/tralo_bounded/seed_2
dermmnist,L60_G60,MobileNetV3,4,heuristic,0.0,134,134,223,2003,212,0.7127348346679947,0.5882352941176471,0.5882352941176471,0.7385810055626881,0.7716163713047287,0.8893258426966292,results/pending_runs/paper_final/lane2/MobileNetV3/dermmnist/L60_G60/heuristic/seed_4
dermmnist,L60_G60,MobileNetV3,3,heuristic,0.0,134,134,223,2003,209,0.7139584333260884,0.6218487394957983,0.6218487394957983,0.7751980750591081,0.8015523709522144,0.901685393258427,results/pending_runs/paper_final/lane2/MobileNetV3/dermmnist/L60_G60/heuristic/seed_3
dermmnist,L60_G60,MobileNetV3,1,heuristic,0.0,134,134,223,2003,195,0.7063806810584813,0.6498599439775911,0.6498599439775911,0.7762915769401377,0.7991420811486302,0.8943820224719101,results/pending_runs/paper_final/lane2/MobileNetV3/dermmnist/L60_G60/heuristic/seed_1
dermmnist,L60_G60,MobileNetV3,2,heuristic,0.0,134,134,223,2003,198,0.6871747460319677,0.5938375350140056,0.5938375350140056,0.749038321585262,0.7736550002452791,0.8910112359550562,results/pending_runs/paper_final/lane2/MobileNetV3/dermmnist/L60_G60/heuristic/seed_2
dermmnist,L90_G90,MobileNetV3,4,hounie_rcl,5.0,201,200,223,2003,176,0.7289481325185645,0.6808510638297872,0.6808510638297872,0.7920517706179132,0.8130082253142684,0.9117977528089888,results/pending_runs/paper_final/lane2/MobileNetV3/dermmnist/L90_G90/hounie_rcl/seed_4
dermmnist,L90_G90,MobileNetV3,3,hounie_rcl,5.0,201,200,223,2003,186,0.7200502339386659,0.6382978723404256,0.6382978723404256,0.7990689091132576,0.826688020753378,0.9101123595505618,results/pending_runs/paper_final/lane2/MobileNetV3/dermmnist/L90_G90/hounie_rcl/seed_3
dermmnist,L90_G90,MobileNetV3,1,hounie_rcl,4.0,201,200,223,2003,181,0.704892886395828,0.6619385342789598,0.6619385342789598,0.7892715989096606,0.8094289452901884,0.9067415730337078,results/pending_runs/paper_final/lane2/MobileNetV3/dermmnist/L90_G90/hounie_rcl/seed_1
dermmnist,L90_G90,MobileNetV3,2,hounie_rcl,4.0,201,200,223,2003,184,0.7065599088842233,0.6666666666666666,0.6666666666666666,0.7874051336266088,0.7981694201568987,0.9044943820224719,results/pending_runs/paper_final/lane2/MobileNetV3/dermmnist/L90_G90/hounie_rcl/seed_2
dermmnist,L90_G90,MobileNetV3,4,tralo,79.0,201,200,223,2003,194,0.7327205991017757,0.6855791962174941,0.6903073286052009,0.7911022907691722,0.8082769649776865,0.9073033707865169,results/pending_runs/paper_final/lane2/MobileNetV3/dermmnist/L90_G90/tralo/seed_4
dermmnist,L90_G90,MobileNetV3,3,tralo,65.0,201,200,223,2003,194,0.718403292757794,0.6382978723404256,0.6382978723404256,0.7966682817017982,0.8220523962132474,0.9067415730337078,results/pending_runs/paper_final/lane2/MobileNetV3/dermmnist/L90_G90/tralo/seed_3
dermmnist,L90_G90,MobileNetV3,1,tralo,350.0,201,200,223,2003,197,0.7071897662387029,0.6666666666666666,0.6666666666666666,0.7836561584459504,0.8079738955568061,0.902247191011236,results/pending_runs/paper_final/lane2/MobileNetV3/dermmnist/L90_G90/tralo/seed_1
dermmnist,L90_G90,MobileNetV3,2,tralo,68.0,201,200,223,2003,198,0.711944958478959,0.6808510638297872,0.6855791962174941,0.77888620973158,0.7951956980074738,0.902247191011236,results/pending_runs/paper_final/lane2/MobileNetV3/dermmnist/L90_G90/tralo/seed_2
dermmnist,L90_G90,MobileNetV3,4,danits_lp,0.0,201,200,223,2003,212,0.7127348346679947,0.657074340527578,0.6713947990543735,0.7577179261835421,0.7716163713047287,0.8893258426966292,results/pending_runs/paper_final/lane2/MobileNetV3/dermmnist/L90_G90/danits_lp/seed_4
dermmnist,L90_G90,MobileNetV3,3,danits_lp,0.0,201,200,223,2003,209,0.7139584333260884,0.6382978723404256,0.6382978723404256,0.7789142007148339,0.8015523709522144,0.901685393258427,results/pending_runs/paper_final/lane2/MobileNetV3/dermmnist/L90_G90/danits_lp/seed_3
dermmnist,L90_G90,MobileNetV3,1,danits_lp,0.0,201,200,223,2003,195,0.7063806810584813,0.6555023923444976,0.6619385342789598,0.7796800519789241,0.7991420811486302,0.8943820224719101,results/pending_runs/paper_final/lane2/MobileNetV3/dermmnist/L90_G90/danits_lp/seed_1
dermmnist,L90_G90,MobileNetV3,2,danits_lp,0.0,201,200,223,2003,198,0.6871747460319677,0.6346153846153846,0.6430260047281324,0.7579184093503016,0.7736550002452791,0.8910112359550562,results/pending_runs/paper_final/lane2/MobileNetV3/dermmnist/L90_G90/danits_lp/seed_2
dermmnist,L90_G90,MobileNetV3,4,fioretto_ldf,5.0,201,200,223,2003,178,0.7285880689768954,0.6808510638297872,0.6808510638297872,0.7897222651888159,0.8095211689011576,0.9106741573033708,results/pending_runs/paper_final/lane2/MobileNetV3/dermmnist/L90_G90/fioretto_ldf/seed_4
dermmnist,L90_G90,MobileNetV3,3,fioretto_ldf,5.0,201,200,223,2003,181,0.7197489514189088,0.6430260047281324,0.6430260047281324,0.7983231260221862,0.8256003640219546,0.9101123595505618,results/pending_runs/paper_final/lane2/MobileNetV3/dermmnist/L90_G90/fioretto_ldf/seed_3
dermmnist,L90_G90,MobileNetV3,1,fioretto_ldf,4.0,201,200,223,2003,181,0.704892886395828,0.6619385342789598,0.6619385342789598,0.7892715989096606,0.8094289452901884,0.9067415730337078,results/pending_runs/paper_final/lane2/MobileNetV3/dermmnist/L90_G90/fioretto_ldf/seed_1
dermmnist,L90_G90,MobileNetV3,2,fioretto_ldf,4.0,201,200,223,2003,184,0.7060444061741419,0.6666666666666666,0.6666666666666666,0.7867861426175687,0.7974475662993886,0.9039325842696629,results/pending_runs/paper_final/lane2/MobileNetV3/dermmnist/L90_G90/fioretto_ldf/seed_2
dermmnist,L90_G90,MobileNetV3,4,tralo_bounded,55.0,201,200,223,2003,171,0.7281127403687118,0.6903073286052009,0.6903073286052009,0.790934713792143,0.8093643370499413,0.9117977528089888,results/pending_runs/paper_final/lane2/MobileNetV3/dermmnist/L90_G90/tralo_bounded/seed_4
dermmnist,L90_G90,MobileNetV3,3,tralo_bounded,55.0,201,200,223,2003,178,0.7200273544556895,0.6430260047281324,0.6430260047281324,0.798726985060563,0.8258901340985485,0.9101123595505618,results/pending_runs/paper_final/lane2/MobileNetV3/dermmnist/L90_G90/tralo_bounded/seed_3
dermmnist,L90_G90,MobileNetV3,1,tralo_bounded,54.0,201,200,223,2003,181,0.704892886395828,0.6619385342789598,0.6619385342789598,0.7892715989096606,0.8094289452901884,0.9067415730337078,results/pending_runs/paper_final/lane2/MobileNetV3/dermmnist/L90_G90/tralo_bounded/seed_1
dermmnist,L90_G90,MobileNetV3,2,tralo_bounded,54.0,201,200,223,2003,179,0.7054940918170429,0.6666666666666666,0.6666666666666666,0.7870070864312011,0.7973138168503748,0.9050561797752809,results/pending_runs/paper_final/lane2/MobileNetV3/dermmnist/L90_G90/tralo_bounded/seed_2
dermmnist,L90_G90,MobileNetV3,4,heuristic,0.0,201,200,223,2003,212,0.7127348346679947,0.6713947990543735,0.6713947990543735,0.7577179261835421,0.7716163713047287,0.8893258426966292,results/pending_runs/paper_final/lane2/MobileNetV3/dermmnist/L90_G90/heuristic/seed_4
dermmnist,L90_G90,MobileNetV3,3,heuristic,0.0,201,200,223,2003,209,0.7139584333260884,0.6382978723404256,0.6382978723404256,0.7789142007148339,0.8015523709522144,0.901685393258427,results/pending_runs/paper_final/lane2/MobileNetV3/dermmnist/L90_G90/heuristic/seed_3
dermmnist,L90_G90,MobileNetV3,1,heuristic,0.0,201,200,223,2003,195,0.7063806810584813,0.6619385342789598,0.6619385342789598,0.7796800519789241,0.7991420811486302,0.8943820224719101,results/pending_runs/paper_final/lane2/MobileNetV3/dermmnist/L90_G90/heuristic/seed_1
dermmnist,L90_G90,MobileNetV3,2,heuristic,0.0,201,200,223,2003,198,0.6871747460319677,0.6430260047281324,0.6430260047281324,0.7579184093503016,0.7736550002452791,0.8910112359550562,results/pending_runs/paper_final/lane2/MobileNetV3/dermmnist/L90_G90/heuristic/seed_2
tissuemnist,L30_G30,MobileNetV3,4,hounie_rcl,105.0,51,51,171,2400,38,0.3565513462578162,0.3063063063063063,0.3063063063063063,0.40854202753915536,0.422130415871869,0.566173171825931,results/pending_runs/paper_final/lane2/MobileNetV3/tissuemnist/L30_G30/hounie_rcl/seed_4
tissuemnist,L30_G30,MobileNetV3,3,hounie_rcl,92.0,51,51,171,2400,45,0.3451009435212011,0.2702702702702703,0.2702702702702703,0.4089696189402784,0.42959060571497026,0.560340960071781,results/pending_runs/paper_final/lane2/MobileNetV3/tissuemnist/L30_G30/hounie_rcl/seed_3
tissuemnist,L30_G30,MobileNetV3,1,hounie_rcl,99.0,51,51,171,2400,32,0.3045416930469108,0.27927927927927926,0.27927927927927926,0.4054440132548629,0.4243512009402169,0.5706594885598923,results/pending_runs/paper_final/lane2/MobileNetV3/tissuemnist/L30_G30/hounie_rcl/seed_1
tissuemnist,L30_G30,MobileNetV3,2,hounie_rcl,84.0,51,51,171,2400,44,0.3491141769754971,0.24324324324324326,0.24324324324324326,0.40181756493797993,0.42439257363668986,0.5657245401525348,results/pending_runs/paper_final/lane2/MobileNetV3/tissuemnist/L30_G30/hounie_rcl/seed_2
tissuemnist,L30_G30,MobileNetV3,4,tralo,121.0,51,51,171,2400,44,0.366181838742548,0.2972972972972973,0.2972972972972973,0.4104827649020035,0.4275126386984819,0.5652759084791387,results/pending_runs/paper_final/lane2/MobileNetV3/tissuemnist/L30_G30/tralo/seed_4
tissuemnist,L30_G30,MobileNetV3,3,tralo,116.0,51,51,171,2400,44,0.34532059300598095,0.2882882882882883,0.2882882882882883,0.4091472425712938,0.4269137494161138,0.5625841184387618,results/pending_runs/paper_final/lane2/MobileNetV3/tissuemnist/L30_G30/tralo/seed_3
tissuemnist,L30_G30,MobileNetV3,1,tralo,109.0,51,51,171,2400,40,0.3012595562325671,0.2702702702702703,0.2702702702702703,0.4083716755557647,0.42796346422064185,0.5724540152534769,results/pending_runs/paper_final/lane2/MobileNetV3/tissuemnist/L30_G30/tralo/seed_1
tissuemnist,L30_G30,MobileNetV3,2,tralo,128.0,51,51,171,2400,48,0.351282404351141,0.24324324324324326,0.24324324324324326,0.40430010648194525,0.4284326695620953,0.5688649618663078,results/pending_runs/paper_final/lane2/MobileNetV3/tissuemnist/L30_G30/tralo/seed_2
tissuemnist,L30_G30,MobileNetV3,4,danits_lp,0.0,51,51,171,2400,80,0.34340311918459765,0.24324324324324326,0.24324324324324326,0.33674714378775183,0.34963443006893113,0.5015702108568865,results/pending_runs/paper_final/lane2/MobileNetV3/tissuemnist/L30_G30/danits_lp/seed_4
tissuemnist,L30_G30,MobileNetV3,3,danits_lp,0.0,51,51,171,2400,124,0.2672387550762193,0.18018018018018017,0.18018018018018017,0.32924758453974184,0.34858493676262103,0.48362494392104083,results/pending_runs/paper_final/lane2/MobileNetV3/tissuemnist/L30_G30/danits_lp/seed_3
tissuemnist,L30_G30,MobileNetV3,1,danits_lp,0.0,51,51,171,2400,204,0.2838922384793287,0.1981981981981982,0.2072072072072072,0.34085879302629407,0.35715102175554975,0.49663526244952894,results/pending_runs/paper_final/lane2/MobileNetV3/tissuemnist/L30_G30/danits_lp/seed_1
tissuemnist,L30_G30,MobileNetV3,2,danits_lp,0.0,51,51,171,2400,194,0.3515264880471548,0.26126126126126126,0.2702702702702703,0.3818023158343532,0.39716814721164656,0.48945715567519066,results/pending_runs/paper_final/lane2/MobileNetV3/tissuemnist/L30_G30/danits_lp/seed_2
tissuemnist,L30_G30,MobileNetV3,4,fioretto_ldf,63.0,51,51,171,2400,38,0.35914488568414643,0.2882882882882883,0.2882882882882883,0.40401570810523724,0.42090313426291337,0.5634813817855541,results/pending_runs/paper_final/lane2/MobileNetV3/tissuemnist/L30_G30/fioretto_ldf/seed_4
tissuemnist,L30_G30,MobileNetV3,3,fioretto_ldf,66.0,51,51,171,2400,46,0.3476730037556539,0.27927927927927926,0.27927927927927926,0.40602144200558876,0.4245648843071425,0.5585464333781965,results/pending_runs/paper_final/lane2/MobileNetV3/tissuemnist/L30_G30/fioretto_ldf/seed_3
tissuemnist,L30_G30,MobileNetV3,1,fioretto_ldf,57.0,51,51,171,2400,40,0.31096678406830924,0.27927927927927926,0.27927927927927926,0.4061929750468809,0.42509409347284866,0.5702108568864962,results/pending_runs/paper_final/lane2/MobileNetV3/tissuemnist/L30_G30/fioretto_ldf/seed_1
tissuemnist,L30_G30,MobileNetV3,2,fioretto_ldf,74.0,51,51,171,2400,49,0.3485365903641652,0.25225225225225223,0.25225225225225223,0.40468262360402407,0.4268463630257363,0.5670704351727232,results/pending_runs/paper_final/lane2/MobileNetV3/tissuemnist/L30_G30/fioretto_ldf/seed_2
tissuemnist,L30_G30,MobileNetV3,4,tralo_bounded,350.0,51,51,171,2400,40,0.36343928485630034,0.2882882882882883,0.2882882882882883,0.40482525304380845,0.4209051830351453,0.5621354867653656,results/pending_runs/paper_final/lane2/MobileNetV3/tissuemnist/L30_G30/tralo_bounded/seed_4
tissuemnist,L30_G30,MobileNetV3,3,tralo_bounded,116.0,51,51,171,2400,48,0.34512638174777127,0.27927927927927926,0.27927927927927926,0.40631731797606363,0.42470919796011924,0.5594436967249888,results/pending_runs/paper_final/lane2/MobileNetV3/tissuemnist/L30_G30/tralo_bounded/seed_3
tissuemnist,L30_G30,MobileNetV3,1,tralo_bounded,105.0,51,51,171,2400,33,0.31052336418444426,0.27927927927927926,0.27927927927927926,0.40666977248475455,0.42672018805674883,0.5724540152534769,results/pending_runs/paper_final/lane2/MobileNetV3/tissuemnist/L30_G30/tralo_bounded/seed_1
tissuemnist,L30_G30,MobileNetV3,2,tralo_bounded,123.0,51,51,171,2400,45,0.34802880637585426,0.23423423423423423,0.23423423423423423,0.400857249297944,0.4254760242215348,0.5648272768057425,results/pending_runs/paper_final/lane2/MobileNetV3/tissuemnist/L30_G30/tralo_bounded/seed_2
tissuemnist,L30_G30,MobileNetV3,4,heuristic,0.0,51,51,171,2400,80,0.34340311918459765,0.24324324324324326,0.24324324324324326,0.33674714378775183,0.34963443006893113,0.5015702108568865,results/pending_runs/paper_final/lane2/MobileNetV3/tissuemnist/L30_G30/heuristic/seed_4
tissuemnist,L30_G30,MobileNetV3,3,heuristic,0.0,51,51,171,2400,124,0.2672387550762193,0.18018018018018017,0.18018018018018017,0.32924758453974184,0.34858493676262103,0.48362494392104083,results/pending_runs/paper_final/lane2/MobileNetV3/tissuemnist/L30_G30/heuristic/seed_3
tissuemnist,L30_G30,MobileNetV3,1,heuristic,0.0,51,51,171,2400,204,0.2838922384793287,0.2072072072072072,0.2072072072072072,0.34085879302629407,0.35715102175554975,0.49663526244952894,results/pending_runs/paper_final/lane2/MobileNetV3/tissuemnist/L30_G30/heuristic/seed_1
tissuemnist,L30_G30,MobileNetV3,2,heuristic,0.0,51,51,171,2400,194,0.3515264880471548,0.2702702702702703,0.2702702702702703,0.3818023158343532,0.39716814721164656,0.48945715567519066,results/pending_runs/paper_final/lane2/MobileNetV3/tissuemnist/L30_G30/heuristic/seed_2
tissuemnist,L60_G60,MobileNetV3,4,hounie_rcl,86.0,103,102,171,2400,80,0.39073178610930576,0.40293040293040294,0.40293040293040294,0.42159220444852297,0.4223653960492674,0.554060116644235,results/pending_runs/paper_final/lane2/MobileNetV3/tissuemnist/L60_G60/hounie_rcl/seed_4
tissuemnist,L60_G60,MobileNetV3,3,hounie_rcl,79.0,103,102,171,2400,91,0.3837594728099304,0.3956043956043956,0.3956043956043956,0.42874250556784765,0.43391139107098986,0.5522655899506506,results/pending_runs/paper_final/lane2/MobileNetV3/tissuemnist/L60_G60/hounie_rcl/seed_3
tissuemnist,L60_G60,MobileNetV3,1,hounie_rcl,81.0,103,102,171,2400,83,0.33376790919602295,0.358974358974359,0.3663003663003663,0.42559606141860584,0.43317956755690845,0.5670704351727232,results/pending_runs/paper_final/lane2/MobileNetV3/tissuemnist/L60_G60/hounie_rcl/seed_1
tissuemnist,L60_G60,MobileNetV3,2,hounie_rcl,67.0,103,102,171,2400,88,0.3682270629565387,0.3443223443223443,0.3443223443223443,0.42320157021310567,0.43500878931179543,0.5607895917451772,results/pending_runs/paper_final/lane2/MobileNetV3/tissuemnist/L60_G60/hounie_rcl/seed_2
tissuemnist,L60_G60,MobileNetV3,4,tralo,106.0,103,102,171,2400,87,0.3938446408099753,0.3882783882783883,0.3956043956043956,0.4225976971282539,0.4250022886462787,0.5500224315836698,results/pending_runs/paper_final/lane2/MobileNetV3/tissuemnist/L60_G60/tralo/seed_4
tissuemnist,L60_G60,MobileNetV3,3,tralo,99.0,103,102,171,2400,96,0.38848342485228443,0.3956043956043956,0.3882783882783883,0.4310861741052481,0.4373052849946009,0.554060116644235,results/pending_runs/paper_final/lane2/MobileNetV3/tissuemnist/L60_G60/tralo/seed_3
tissuemnist,L60_G60,MobileNetV3,1,tralo,115.0,103,102,171,2400,99,0.343351557262267,0.37362637362637363,0.37362637362637363,0.4204862221311592,0.4262625331919265,0.5563032750112158,results/pending_runs/paper_final/lane2/MobileNetV3/tissuemnist/L60_G60/tralo/seed_1
tissuemnist,L60_G60,MobileNetV3,2,tralo,112.0,103,102,171,2400,91,0.37239692878649827,0.3443223443223443,0.3443223443223443,0.42104144957502254,0.43364981698985544,0.5563032750112158,results/pending_runs/paper_final/lane2/MobileNetV3/tissuemnist/L60_G60/tralo/seed_2
tissuemnist,L60_G60,MobileNetV3,4,danits_lp,0.0,103,102,171,2400,80,0.34340311918459765,0.3426294820717131,0.3663003663003663,0.3516010148474457,0.34963443006893113,0.5015702108568865,results/pending_runs/paper_final/lane2/MobileNetV3/tissuemnist/L60_G60/danits_lp/seed_4
tissuemnist,L60_G60,MobileNetV3,3,danits_lp,0.0,103,102,171,2400,124,0.2672387550762193,0.27106227106227104,0.2783882783882784,0.3404582725560461,0.34858493676262103,0.48362494392104083,results/pending_runs/paper_final/lane2/MobileNetV3/tissuemnist/L60_G60/danits_lp/seed_3
tissuemnist,L60_G60,MobileNetV3,1,danits_lp,0.0,103,102,171,2400,204,0.2838922384793287,0.29304029304029305,0.30036630036630035,0.3540252014346241,0.35715102175554975,0.49663526244952894,results/pending_runs/paper_final/lane2/MobileNetV3/tissuemnist/L60_G60/danits_lp/seed_1
tissuemnist,L60_G60,MobileNetV3,2,danits_lp,0.0,103,102,171,2400,194,0.3515264880471548,0.3516483516483517,0.3516483516483517,0.39228809219133587,0.39716814721164656,0.48945715567519066,results/pending_runs/paper_final/lane2/MobileNetV3/tissuemnist/L60_G60/danits_lp/seed_2
tissuemnist,L60_G60,MobileNetV3,4,fioretto_ldf,48.0,103,102,171,2400,80,0.3936759460820684,0.40293040293040294,0.40293040293040294,0.4232681614524488,0.4249917416074699,0.5527142216240467,results/pending_runs/paper_final/lane2/MobileNetV3/tissuemnist/L60_G60/fioretto_ldf/seed_4
tissuemnist,L60_G60,MobileNetV3,3,fioretto_ldf,47.0,103,102,171,2400,101,0.3849999046636488,0.3956043956043956,0.38095238095238093,0.42732064942890025,0.4354884504419965,0.550471063257066,results/pending_runs/paper_final/lane2/MobileNetV3/tissuemnist/L60_G60/fioretto_ldf/seed_3
tissuemnist,L60_G60,MobileNetV3,1,fioretto_ldf,299.0,103,102,171,2400,92,0.3412041465527307,0.38095238095238093,0.38095238095238093,0.4277081564763363,0.4342439832935991,0.5670704351727232,results/pending_runs/paper_final/lane2/MobileNetV3/tissuemnist/L60_G60/fioretto_ldf/seed_1
tissuemnist,L60_G60,MobileNetV3,2,fioretto_ldf,57.0,103,102,171,2400,92,0.3686115538210658,0.3443223443223443,0.3443223443223443,0.42237524848871355,0.43427508403164633,0.5563032750112158,results/pending_runs/paper_final/lane2/MobileNetV3/tissuemnist/L60_G60/fioretto_ldf/seed_2
tissuemnist,L60_G60,MobileNetV3,4,tralo_bounded,98.0,103,102,171,2400,83,0.3950166337858039,0.40293040293040294,0.40293040293040294,0.4233160777729099,0.42519034584890125,0.5522655899506506,results/pending_runs/paper_final/lane2/MobileNetV3/tissuemnist/L60_G60/tralo_bounded/seed_4
tissuemnist,L60_G60,MobileNetV3,3,tralo_bounded,91.0,103,102,171,2400,99,0.3825365809885295,0.3882783882783883,0.3882783882783883,0.42613581251243215,0.43171578946704015,0.5464333781965006,results/pending_runs/paper_final/lane2/MobileNetV3/tissuemnist/L60_G60/tralo_bounded/seed_3
tissuemnist,L60_G60,MobileNetV3,1,tralo_bounded,97.0,103,102,171,2400,92,0.3383725529357249,0.38095238095238093,0.38095238095238093,0.4281999794296221,0.43425983678197977,0.5675190668461193,results/pending_runs/paper_final/lane2/MobileNetV3/tissuemnist/L60_G60/tralo_bounded/seed_1
tissuemnist,L60_G60,MobileNetV3,2,tralo_bounded,107.0,103,102,171,2400,91,0.3674484235168293,0.3443223443223443,0.3443223443223443,0.4198081793742744,0.43144632074759415,0.5576491700314042,results/pending_runs/paper_final/lane2/MobileNetV3/tissuemnist/L60_G60/tralo_bounded/seed_2
tissuemnist,L60_G60,MobileNetV3,4,heuristic,0.0,103,102,171,2400,80,0.34340311918459765,0.3663003663003663,0.3663003663003663,0.3516010148474457,0.34963443006893113,0.5015702108568865,results/pending_runs/paper_final/lane2/MobileNetV3/tissuemnist/L60_G60/heuristic/seed_4
tissuemnist,L60_G60,MobileNetV3,3,heuristic,0.0,103,102,171,2400,124,0.2672387550762193,0.2783882783882784,0.2783882783882784,0.3404582725560461,0.34858493676262103,0.48362494392104083,results/pending_runs/paper_final/lane2/MobileNetV3/tissuemnist/L60_G60/heuristic/seed_3
tissuemnist,L60_G60,MobileNetV3,1,heuristic,0.0,103,102,171,2400,204,0.2838922384793287,0.30036630036630035,0.30036630036630035,0.3540252014346241,0.35715102175554975,0.49663526244952894,results/pending_runs/paper_final/lane2/MobileNetV3/tissuemnist/L60_G60/heuristic/seed_1
tissuemnist,L60_G60,MobileNetV3,2,heuristic,0.0,103,102,171,2400,194,0.3515264880471548,0.3516483516483517,0.3516483516483517,0.39228809219133587,0.39716814721164656,0.48945715567519066,results/pending_runs/paper_final/lane2/MobileNetV3/tissuemnist/L60_G60/heuristic/seed_2
tissuemnist,L90_G90,MobileNetV3,4,hounie_rcl,78.0,154,154,171,2400,128,0.4121031253427881,0.4492307692307692,0.4492307692307692,0.43335370062262685,0.43057216116826014,0.5468820098698968,results/pending_runs/paper_final/lane2/MobileNetV3/tissuemnist/L90_G90/hounie_rcl/seed_4
tissuemnist,L90_G90,MobileNetV3,3,hounie_rcl,4.0,154,154,171,2400,127,0.3576502359266394,0.37538461538461537,0.37538461538461537,0.4021976626175604,0.4074671313532808,0.5168236877523553,results/pending_runs/paper_final/lane2/MobileNetV3/tissuemnist/L90_G90/hounie_rcl/seed_3
tissuemnist,L90_G90,MobileNetV3,1,hounie_rcl,71.0,154,154,171,2400,131,0.35126676325069855,0.38153846153846155,0.38153846153846155,0.4275133311781203,0.4343633667341105,0.5558546433378196,results/pending_runs/paper_final/lane2/MobileNetV3/tissuemnist/L90_G90/hounie_rcl/seed_1
tissuemnist,L90_G90,MobileNetV3,2,hounie_rcl,63.0,154,154,171,2400,132,0.37782874061920685,0.4307692307692308,0.4307692307692308,0.4383254993309517,0.4368770308351155,0.554060116644235,results/pending_runs/paper_final/lane2/MobileNetV3/tissuemnist/L90_G90/hounie_rcl/seed_2
tissuemnist,L90_G90,MobileNetV3,4,tralo,90.0,154,154,171,2400,123,0.4095255407908795,0.4369230769230769,0.4369230769230769,0.4324688379589293,0.4312236436081191,0.5473306415432929,results/pending_runs/paper_final/lane2/MobileNetV3/tissuemnist/L90_G90/tralo/seed_4
tissuemnist,L90_G90,MobileNetV3,3,tralo,54.0,154,154,171,2400,123,0.3554997258607965,0.37538461538461537,0.37538461538461537,0.4061703039265756,0.410404413225606,0.5217586361597129,results/pending_runs/paper_final/lane2/MobileNetV3/tissuemnist/L90_G90/tralo/seed_3
tissuemnist,L90_G90,MobileNetV3,1,tralo,111.0,154,154,171,2400,147,0.3416184304496459,0.4,0.4,0.42647871961709366,0.4292109278299049,0.5437415881561238,results/pending_runs/paper_final/lane2/MobileNetV3/tissuemnist/L90_G90/tralo/seed_1
tissuemnist,L90_G90,MobileNetV3,2,tralo,107.0,154,154,171,2400,145,0.39171212903237795,0.4246153846153846,0.4246153846153846,0.4407834806933526,0.44384224911810016,0.554060116644235,results/pending_runs/paper_final/lane2/MobileNetV3/tissuemnist/L90_G90/tralo/seed_2
tissuemnist,L90_G90,MobileNetV3,4,danits_lp,0.0,154,154,171,2400,80,0.34340311918459765,0.3426294820717131,0.4,0.35555318989129886,0.34963443006893113,0.5015702108568865,results/pending_runs/paper_final/lane2/MobileNetV3/tissuemnist/L90_G90/danits_lp/seed_4
tissuemnist,L90_G90,MobileNetV3,3,danits_lp,0.0,154,154,171,2400,124,0.2672387550762193,0.3050847457627119,0.2953846153846154,0.3412627593625389,0.34858493676262103,0.48362494392104083,results/pending_runs/paper_final/lane2/MobileNetV3/tissuemnist/L90_G90/danits_lp/seed_3
tissuemnist,L90_G90,MobileNetV3,1,danits_lp,0.0,154,154,171,2400,204,0.2838922384793287,0.3261538461538461,0.32,0.3543770092323878,0.35715102175554975,0.49663526244952894,results/pending_runs/paper_final/lane2/MobileNetV3/tissuemnist/L90_G90/danits_lp/seed_1
tissuemnist,L90_G90,MobileNetV3,2,danits_lp,0.0,154,154,171,2400,194,0.3515264880471548,0.3630769230769231,0.3630769230769231,0.3908863568822332,0.39716814721164656,0.48945715567519066,results/pending_runs/paper_final/lane2/MobileNetV3/tissuemnist/L90_G90/danits_lp/seed_2
tissuemnist,L90_G90,MobileNetV3,4,fioretto_ldf,40.0,154,154,171,2400,127,0.41020379533486984,0.4307692307692308,0.4307692307692308,0.4294523187858077,0.4286382423848809,0.5455361148497084,results/pending_runs/paper_final/lane2/MobileNetV3/tissuemnist/L90_G90/fioretto_ldf/seed_4
tissuemnist,L90_G90,MobileNetV3,3,fioretto_ldf,4.0,154,154,171,2400,127,0.3576502359266394,0.37538461538461537,0.37538461538461537,0.4021976626175604,0.4074671313532808,0.5168236877523553,results/pending_runs/paper_final/lane2/MobileNetV3/tissuemnist/L90_G90/fioretto_ldf/seed_3
tissuemnist,L90_G90,MobileNetV3,1,fioretto_ldf,40.0,154,154,171,2400,140,0.34676816444425845,0.37538461538461537,0.37538461538461537,0.42291038658285984,0.4309270085289983,0.5482279048900852,results/pending_runs/paper_final/lane2/MobileNetV3/tissuemnist/L90_G90/fioretto_ldf/seed_1
tissuemnist,L90_G90,MobileNetV3,2,fioretto_ldf,43.0,154,154,171,2400,134,0.38146729061572165,0.4246153846153846,0.4246153846153846,0.4306188864832274,0.42950609717758564,0.5459847465231046,results/pending_runs/paper_final/lane2/MobileNetV3/tissuemnist/L90_G90/fioretto_ldf/seed_2
tissuemnist,L90_G90,MobileNetV3,4,tralo_bounded,89.0,154,154,171,2400,125,0.4094699970313397,0.4369230769230769,0.4369230769230769,0.43229223908605924,0.4300489446130653,0.5468820098698968,results/pending_runs/paper_final/lane2/MobileNetV3/tissuemnist/L90_G90/tralo_bounded/seed_4
tissuemnist,L90_G90,MobileNetV3,3,tralo_bounded,54.0,154,154,171,2400,127,0.3576502359266394,0.37538461538461537,0.37538461538461537,0.4021976626175604,0.4074671313532808,0.5168236877523553,results/pending_runs/paper_final/lane2/MobileNetV3/tissuemnist/L90_G90/tralo_bounded/seed_3
tissuemnist,L90_G90,MobileNetV3,1,tralo_bounded,90.0,154,154,171,2400,142,0.3516544252467636,0.38153846153846155,0.38153846153846155,0.426374819116239,0.4326165550310135,0.554060116644235,results/pending_runs/paper_final/lane2/MobileNetV3/tissuemnist/L90_G90/tralo_bounded/seed_1
tissuemnist,L90_G90,MobileNetV3,2,tralo_bounded,94.0,154,154,171,2400,138,0.3804716227582805,0.4246153846153846,0.4246153846153846,0.4344205437600682,0.43394898102886836,0.5482279048900852,results/pending_runs/paper_final/lane2/MobileNetV3/tissuemnist/L90_G90/tralo_bounded/seed_2
tissuemnist,L90_G90,MobileNetV3,4,heuristic,0.0,154,154,171,2400,80,0.34340311918459765,0.4,0.4,0.35555318989129886,0.34963443006893113,0.5015702108568865,results/pending_runs/paper_final/lane2/MobileNetV3/tissuemnist/L90_G90/heuristic/seed_4
tissuemnist,L90_G90,MobileNetV3,3,heuristic,0.0,154,154,171,2400,124,0.2672387550762193,0.2953846153846154,0.2953846153846154,0.3412627593625389,0.34858493676262103,0.48362494392104083,results/pending_runs/paper_final/lane2/MobileNetV3/tissuemnist/L90_G90/heuristic/seed_3
tissuemnist,L90_G90,MobileNetV3,1,heuristic,0.0,154,154,171,2400,204,0.2838922384793287,0.32,0.32,0.3543770092323878,0.35715102175554975,0.49663526244952894,results/pending_runs/paper_final/lane2/MobileNetV3/tissuemnist/L90_G90/heuristic/seed_1
tissuemnist,L90_G90,MobileNetV3,2,heuristic,0.0,154,154,171,2400,194,0.3515264880471548,0.3630769230769231,0.3630769230769231,0.3908863568822332,0.39716814721164656,0.48945715567519066,results/pending_runs/paper_final/lane2/MobileNetV3/tissuemnist/L90_G90/heuristic/seed_2
octmnist,L30_G30,MobileNetV3,4,hounie_rcl,43.0,75,75,250,1000,51,0.7292202622344681,0.3122923588039867,0.41846153846153844,0.7150202872872331,0.8039236910967601,0.9093333333333333,results/pending_runs/paper_final/lane2/MobileNetV3/octmnist/L30_G30/hounie_rcl/seed_4
octmnist,L30_G30,MobileNetV3,3,hounie_rcl,47.0,75,75,250,1000,57,0.7444564802171721,0.34527687296416937,0.4246153846153846,0.7132979228374334,0.801200093571893,0.9026666666666666,results/pending_runs/paper_final/lane2/MobileNetV3/octmnist/L30_G30/hounie_rcl/seed_3
octmnist,L30_G30,MobileNetV3,1,hounie_rcl,46.0,75,75,250,1000,60,0.7522890038173731,0.36129032258064514,0.4369230769230769,0.7094310467101821,0.7933976588569713,0.892,results/pending_runs/paper_final/lane2/MobileNetV3/octmnist/L30_G30/hounie_rcl/seed_1
octmnist,L30_G30,MobileNetV3,2,hounie_rcl,41.0,75,75,250,1000,44,0.7836515511331269,0.2857142857142857,0.41846153846153844,0.6964149741388994,0.7806110413734348,0.8853333333333333,results/pending_runs/paper_final/lane2/MobileNetV3/octmnist/L30_G30/hounie_rcl/seed_2
octmnist,L30_G30,MobileNetV3,4,tralo,100.0,75,75,250,1000,72,0.6963308681211153,0.39751552795031053,0.4,0.7023218094975153,0.8030498372030954,0.896,results/pending_runs/paper_final/lane2/MobileNetV3/octmnist/L30_G30/tralo/seed_4
octmnist,L30_G30,MobileNetV3,3,tralo,99.0,75,75,250,1000,75,0.7565365557346199,0.4246153846153846,0.4246153846153846,0.712067914460512,0.8078283318158709,0.9013333333333333,results/pending_runs/paper_final/lane2/MobileNetV3/octmnist/L30_G30/tralo/seed_3
octmnist,L30_G30,MobileNetV3,1,tralo,92.0,75,75,250,1000,72,0.776583762265647,0.422360248447205,0.4369230769230769,0.709110833090596,0.7984836749797766,0.892,results/pending_runs/paper_final/lane2/MobileNetV3/octmnist/L30_G30/tralo/seed_1
octmnist,L30_G30,MobileNetV3,2,tralo,95.0,75,75,250,1000,72,0.7686493294178978,0.38509316770186336,0.4,0.6957741136901602,0.7930255617934542,0.884,results/pending_runs/paper_final/lane2/MobileNetV3/octmnist/L30_G30/tralo/seed_2
octmnist,L30_G30,MobileNetV3,4,danits_lp,0.0,75,75,250,1000,167,0.7775062340284874,0.4123076923076923,0.41846153846153844,0.7031913621852801,0.8256530621193572,0.872,results/pending_runs/paper_final/lane2/MobileNetV3/octmnist/L30_G30/danits_lp/seed_4
octmnist,L30_G30,MobileNetV3,3,danits_lp,0.0,75,75,250,1000,152,0.7205322351981209,0.4,0.4,0.653053347059257,0.7542621436894668,0.8066666666666666,results/pending_runs/paper_final/lane2/MobileNetV3/octmnist/L30_G30/danits_lp/seed_3
octmnist,L30_G30,MobileNetV3,1,danits_lp,0.0,75,75,250,1000,260,0.8136593427460524,0.4307692307692308,0.4307692307692308,0.6633672278408199,0.7680973207081933,0.7666666666666667,results/pending_runs/paper_final/lane2/MobileNetV3/octmnist/L30_G30/danits_lp/seed_1
octmnist,L30_G30,MobileNetV3,2,danits_lp,0.0,75,75,250,1000,159,0.7517566084997516,0.4307692307692308,0.4307692307692308,0.6427759347570668,0.7327390747336309,0.784,results/pending_runs/paper_final/lane2/MobileNetV3/octmnist/L30_G30/danits_lp/seed_2
octmnist,L30_G30,MobileNetV3,4,fioretto_ldf,40.0,75,75,250,1000,62,0.7385629920673438,0.36538461538461536,0.4246153846153846,0.7221478135516293,0.8153616223845842,0.916,results/pending_runs/paper_final/lane2/MobileNetV3/octmnist/L30_G30/fioretto_ldf/seed_4
octmnist,L30_G30,MobileNetV3,3,fioretto_ldf,39.0,75,75,250,1000,69,0.7531435765949689,0.4012539184952978,0.4246153846153846,0.7169276679679217,0.8129384202210774,0.9093333333333333,results/pending_runs/paper_final/lane2/MobileNetV3/octmnist/L30_G30/fioretto_ldf/seed_3
octmnist,L30_G30,MobileNetV3,1,fioretto_ldf,299.0,75,75,250,1000,72,0.7591359319275769,0.4174454828660436,0.4369230769230769,0.7094310467101821,0.7987404715533301,0.892,results/pending_runs/paper_final/lane2/MobileNetV3/octmnist/L30_G30/fioretto_ldf/seed_1
octmnist,L30_G30,MobileNetV3,2,fioretto_ldf,38.0,75,75,250,1000,65,0.7944753658198035,0.38095238095238093,0.4307692307692308,0.7056644880174292,0.7928464571170014,0.8893333333333333,results/pending_runs/paper_final/lane2/MobileNetV3/octmnist/L30_G30/fioretto_ldf/seed_2
octmnist,L30_G30,MobileNetV3,4,tralo_bounded,84.0,75,75,250,1000,61,0.7373585737971475,0.36012861736334406,0.4246153846153846,0.7212038652131572,0.8136746943322564,0.9146666666666666,results/pending_runs/paper_final/lane2/MobileNetV3/octmnist/L30_G30/tralo_bounded/seed_4
octmnist,L30_G30,MobileNetV3,3,tralo_bounded,84.0,75,75,250,1000,71,0.7547236311274883,0.40498442367601245,0.4307692307692308,0.7184344580209366,0.8114222976558318,0.9066666666666666,results/pending_runs/paper_final/lane2/MobileNetV3/octmnist/L30_G30/tralo_bounded/seed_3
octmnist,L30_G30,MobileNetV3,1,tralo_bounded,85.0,75,75,250,1000,69,0.7578804702066045,0.40752351097178685,0.4369230769230769,0.7102941498746639,0.7985380775826533,0.8933333333333333,results/pending_runs/paper_final/lane2/MobileNetV3/octmnist/L30_G30/tralo_bounded/seed_1
octmnist,L30_G30,MobileNetV3,2,tralo_bounded,83.0,75,75,250,1000,65,0.7898779882125716,0.38095238095238093,0.41846153846153844,0.7019347902698754,0.7943108190721228,0.8906666666666667,results/pending_runs/paper_final/lane2/MobileNetV3/octmnist/L30_G30/tralo_bounded/seed_2
octmnist,L30_G30,MobileNetV3,4,heuristic,0.0,75,75,250,1000,167,0.7775062340284874,0.41846153846153844,0.41846153846153844,0.7031913621852801,0.8256530621193572,0.872,results/pending_runs/paper_final/lane2/MobileNetV3/octmnist/L30_G30/heuristic/seed_4
octmnist,L30_G30,MobileNetV3,3,heuristic,0.0,75,75,250,1000,152,0.7205322351981209,0.4,0.4,0.653053347059257,0.7542621436894668,0.8066666666666666,results/pending_runs/paper_final/lane2/MobileNetV3/octmnist/L30_G30/heuristic/seed_3
octmnist,L30_G30,MobileNetV3,1,heuristic,0.0,75,75,250,1000,260,0.8136593427460524,0.4307692307692308,0.4307692307692308,0.6633672278408199,0.7680973207081933,0.7666666666666667,results/pending_runs/paper_final/lane2/MobileNetV3/octmnist/L30_G30/heuristic/seed_1
octmnist,L30_G30,MobileNetV3,2,heuristic,0.0,75,75,250,1000,159,0.7517566084997516,0.4307692307692308,0.4307692307692308,0.6427759347570668,0.7327390747336309,0.784,results/pending_runs/paper_final/lane2/MobileNetV3/octmnist/L30_G30/heuristic/seed_2
octmnist,L60_G60,MobileNetV3,4,hounie_rcl,43.0,150,149,250,1000,135,0.7608277128183768,0.6215538847117794,0.6215538847117794,0.7793768032685714,0.8300396238948075,0.8933333333333333,results/pending_runs/paper_final/lane2/MobileNetV3/octmnist/L60_G60/hounie_rcl/seed_4
octmnist,L60_G60,MobileNetV3,3,hounie_rcl,39.0,150,149,250,1000,137,0.7633648672282007,0.6416040100250626,0.6416040100250626,0.7799351339192031,0.8239515661432976,0.8853333333333333,results/pending_runs/paper_final/lane2/MobileNetV3/octmnist/L60_G60/hounie_rcl/seed_3
octmnist,L60_G60,MobileNetV3,1,hounie_rcl,51.0,150,149,250,1000,131,0.7711257279688287,0.6115288220551378,0.6115288220551378,0.7640104661663374,0.8137261593951411,0.8773333333333333,results/pending_runs/paper_final/lane2/MobileNetV3/octmnist/L60_G60/hounie_rcl/seed_1
octmnist,L60_G60,MobileNetV3,2,hounie_rcl,31.0,150,149,250,1000,138,0.8029282477783323,0.656641604010025,0.656641604010025,0.7832972517281191,0.8250021185707593,0.8866666666666667,results/pending_runs/paper_final/lane2/MobileNetV3/octmnist/L60_G60/hounie_rcl/seed_2
octmnist,L60_G60,MobileNetV3,4,tralo,350.0,150,149,250,1000,146,0.7799936707722896,0.6365914786967418,0.6365914786967418,0.7885823576945225,0.8389533637860968,0.8973333333333333,results/pending_runs/paper_final/lane2/MobileNetV3/octmnist/L60_G60/tralo/seed_4
octmnist,L60_G60,MobileNetV3,3,tralo,74.0,150,149,250,1000,144,0.7681805565464891,0.6416040100250626,0.6416040100250626,0.7809292425035322,0.8285660567934171,0.8866666666666667,results/pending_runs/paper_final/lane2/MobileNetV3/octmnist/L60_G60/tralo/seed_3
octmnist,L60_G60,MobileNetV3,1,tralo,350.0,150,149,250,1000,147,0.7791434057583929,0.6115288220551378,0.6115288220551378,0.7556574674163898,0.8040658554338987,0.86,results/pending_runs/paper_final/lane2/MobileNetV3/octmnist/L60_G60/tralo/seed_1
octmnist,L60_G60,MobileNetV3,2,tralo,132.0,150,149,250,1000,146,0.8270127679764229,0.6666666666666666,0.6666666666666666,0.7875364075854567,0.827544775269106,0.8853333333333333,results/pending_runs/paper_final/lane2/MobileNetV3/octmnist/L60_G60/tralo/seed_2
octmnist,L60_G60,MobileNetV3,4,danits_lp,0.0,150,149,250,1000,167,0.7775062340284874,0.631578947368421,0.631578947368421,0.7750311959537787,0.8256530621193572,0.872,results/pending_runs/paper_final/lane2/MobileNetV3/octmnist/L60_G60/danits_lp/seed_4
octmnist,L60_G60,MobileNetV3,3,danits_lp,0.0,150,149,250,1000,152,0.7205322351981209,0.5888324873096447,0.5864661654135338,0.7092422687086712,0.7542621436894668,0.8066666666666666,results/pending_runs/paper_final/lane2/MobileNetV3/octmnist/L60_G60/danits_lp/seed_3
octmnist,L60_G60,MobileNetV3,1,danits_lp,0.0,150,149,250,1000,260,0.8136593427460524,0.6466165413533834,0.6516290726817042,0.7374008207936289,0.7680973207081933,0.7666666666666667,results/pending_runs/paper_final/lane2/MobileNetV3/octmnist/L60_G60/danits_lp/seed_1
octmnist,L60_G60,MobileNetV3,2,danits_lp,0.0,150,149,250,1000,159,0.7517566084997516,0.5685279187817259,0.581453634085213,0.6917714185941112,0.7327390747336309,0.784,results/pending_runs/paper_final/lane2/MobileNetV3/octmnist/L60_G60/danits_lp/seed_2
octmnist,L60_G60,MobileNetV3,4,fioretto_ldf,299.0,150,149,250,1000,139,0.7638486763792416,0.6265664160401002,0.6265664160401002,0.7835307399441882,0.8333661788499204,0.8946666666666667,results/pending_runs/paper_final/lane2/MobileNetV3/octmnist/L60_G60/fioretto_ldf/seed_4
octmnist,L60_G60,MobileNetV3,3,fioretto_ldf,21.0,150,149,250,1000,137,0.7645553827204314,0.6466165413533834,0.6466165413533834,0.7840969153293055,0.8265749793429333,0.888,results/pending_runs/paper_final/lane2/MobileNetV3/octmnist/L60_G60/fioretto_ldf/seed_3
octmnist,L60_G60,MobileNetV3,1,fioretto_ldf,23.0,150,149,250,1000,129,0.770801382320885,0.6115288220551378,0.6115288220551378,0.765012980473666,0.8152802989756012,0.88,results/pending_runs/paper_final/lane2/MobileNetV3/octmnist/L60_G60/fioretto_ldf/seed_1
octmnist,L60_G60,MobileNetV3,2,fioretto_ldf,16.0,150,149,250,1000,140,0.8055789008944254,0.656641604010025,0.656641604010025,0.7862029051650232,0.8285465928870184,0.8893333333333333,results/pending_runs/paper_final/lane2/MobileNetV3/octmnist/L60_G60/fioretto_ldf/seed_2
octmnist,L60_G60,MobileNetV3,4,tralo_bounded,350.0,150,149,250,1000,140,0.7628067609661369,0.6265664160401002,0.6265664160401002,0.7826078277088069,0.8313906522255693,0.892,results/pending_runs/paper_final/lane2/MobileNetV3/octmnist/L60_G60/tralo_bounded/seed_4
octmnist,L60_G60,MobileNetV3,3,tralo_bounded,69.0,150,149,250,1000,139,0.7654842702098319,0.6416040100250626,0.6416040100250626,0.7799351339192031,0.8248929353464652,0.8853333333333333,results/pending_runs/paper_final/lane2/MobileNetV3/octmnist/L60_G60/tralo_bounded/seed_3
octmnist,L60_G60,MobileNetV3,1,tralo_bounded,71.0,150,149,250,1000,130,0.7709806098200858,0.6115288220551378,0.6115288220551378,0.7640919242111281,0.8132835570064426,0.8773333333333333,results/pending_runs/paper_final/lane2/MobileNetV3/octmnist/L60_G60/tralo_bounded/seed_1
octmnist,L60_G60,MobileNetV3,2,tralo_bounded,65.0,150,149,250,1000,141,0.8025832845117739,0.6516290726817042,0.6466165413533834,0.778919213806054,0.825310422493521,0.8853333333333333,results/pending_runs/paper_final/lane2/MobileNetV3/octmnist/L60_G60/tralo_bounded/seed_2
octmnist,L60_G60,MobileNetV3,4,heuristic,0.0,150,149,250,1000,167,0.7775062340284874,0.631578947368421,0.631578947368421,0.7750311959537787,0.8256530621193572,0.872,results/pending_runs/paper_final/lane2/MobileNetV3/octmnist/L60_G60/heuristic/seed_4
octmnist,L60_G60,MobileNetV3,3,heuristic,0.0,150,149,250,1000,152,0.7205322351981209,0.5864661654135338,0.5864661654135338,0.7092422687086712,0.7542621436894668,0.8066666666666666,results/pending_runs/paper_final/lane2/MobileNetV3/octmnist/L60_G60/heuristic/seed_3
octmnist,L60_G60,MobileNetV3,1,heuristic,0.0,150,149,250,1000,260,0.8136593427460524,0.6516290726817042,0.6516290726817042,0.7374008207936289,0.7680973207081933,0.7666666666666667,results/pending_runs/paper_final/lane2/MobileNetV3/octmnist/L60_G60/heuristic/seed_1
octmnist,L60_G60,MobileNetV3,2,heuristic,0.0,150,149,250,1000,159,0.7517566084997516,0.581453634085213,0.581453634085213,0.6917714185941112,0.7327390747336309,0.784,results/pending_runs/paper_final/lane2/MobileNetV3/octmnist/L60_G60/heuristic/seed_2
octmnist,L90_G90,MobileNetV3,4,hounie_rcl,4.0,225,225,250,1000,159,0.7520353364466932,0.6736842105263158,0.6736842105263158,0.7912066204206127,0.834702621981684,0.8853333333333333,results/pending_runs/paper_final/lane2/MobileNetV3/octmnist/L90_G90/hounie_rcl/seed_4
octmnist,L90_G90,MobileNetV3,3,hounie_rcl,4.0,225,225,250,1000,171,0.75916917819504,0.6778947368421052,0.6778947368421052,0.7871729733961922,0.830295209972125,0.8733333333333333,results/pending_runs/paper_final/lane2/MobileNetV3/octmnist/L90_G90/hounie_rcl/seed_3
octmnist,L90_G90,MobileNetV3,1,hounie_rcl,4.0,225,225,250,1000,161,0.7783454382386967,0.6778947368421052,0.6778947368421052,0.7785087524698903,0.8105581951480444,0.8586666666666667,results/pending_runs/paper_final/lane2/MobileNetV3/octmnist/L90_G90/hounie_rcl/seed_1
octmnist,L90_G90,MobileNetV3,2,hounie_rcl,4.0,225,225,250,1000,153,0.7978519752731716,0.728421052631579,0.728421052631579,0.8059747144012276,0.8289570173661529,0.8826666666666667,results/pending_runs/paper_final/lane2/MobileNetV3/octmnist/L90_G90/hounie_rcl/seed_2
octmnist,L90_G90,MobileNetV3,4,tralo,54.0,225,225,250,1000,163,0.7530705447601496,0.6736842105263158,0.6736842105263158,0.7912066204206127,0.8354654294767195,0.884,results/pending_runs/paper_final/lane2/MobileNetV3/octmnist/L90_G90/tralo/seed_4
octmnist,L90_G90,MobileNetV3,3,tralo,54.0,225,225,250,1000,178,0.7573469389413453,0.6778947368421052,0.6778947368421052,0.7862962778134677,0.823595467920135,0.8626666666666667,results/pending_runs/paper_final/lane2/MobileNetV3/octmnist/L90_G90/tralo/seed_3
octmnist,L90_G90,MobileNetV3,1,tralo,54.0,225,225,250,1000,162,0.7792920864462762,0.6778947368421052,0.6778947368421052,0.7775800760537381,0.8110997545849258,0.8586666666666667,results/pending_runs/paper_final/lane2/MobileNetV3/octmnist/L90_G90/tralo/seed_1
octmnist,L90_G90,MobileNetV3,2,tralo,54.0,225,225,250,1000,154,0.798000660419362,0.7368421052631579,0.7368421052631579,0.809087961265575,0.8294734866192431,0.8826666666666667,results/pending_runs/paper_final/lane2/MobileNetV3/octmnist/L90_G90/tralo/seed_2
octmnist,L90_G90,MobileNetV3,4,danits_lp,0.0,225,225,250,1000,167,0.7775062340284874,0.6618705035971223,0.7073684210526315,0.8007230424526948,0.8256530621193572,0.872,results/pending_runs/paper_final/lane2/MobileNetV3/octmnist/L90_G90/danits_lp/seed_4
octmnist,L90_G90,MobileNetV3,3,danits_lp,0.0,225,225,250,1000,152,0.7205322351981209,0.5970149253731343,0.64,0.7159918388382616,0.7542621436894668,0.8066666666666666,results/pending_runs/paper_final/lane2/MobileNetV3/octmnist/L90_G90/danits_lp/seed_3
octmnist,L90_G90,MobileNetV3,1,danits_lp,0.0,225,225,250,1000,260,0.8136593427460524,0.728421052631579,0.7242105263157895,0.755896683308863,0.7680973207081933,0.7666666666666667,results/pending_runs/paper_final/lane2/MobileNetV3/octmnist/L90_G90/danits_lp/seed_1
octmnist,L90_G90,MobileNetV3,2,danits_lp,0.0,225,225,250,1000,159,0.7517566084997516,0.5965770171149144,0.6442105263157895,0.709668964710138,0.7327390747336309,0.784,results/pending_runs/paper_final/lane2/MobileNetV3/octmnist/L90_G90/danits_lp/seed_2
octmnist,L90_G90,MobileNetV3,4,fioretto_ldf,4.0,225,225,250,1000,159,0.7520353364466932,0.6736842105263158,0.6736842105263158,0.7912066204206127,0.834702621981684,0.8853333333333333,results/pending_runs/paper_final/lane2/MobileNetV3/octmnist/L90_G90/fioretto_ldf/seed_4
octmnist,L90_G90,MobileNetV3,3,fioretto_ldf,4.0,225,225,250,1000,171,0.75916917819504,0.6778947368421052,0.6778947368421052,0.7871729733961922,0.830295209972125,0.8733333333333333,results/pending_runs/paper_final/lane2/MobileNetV3/octmnist/L90_G90/fioretto_ldf/seed_3
octmnist,L90_G90,MobileNetV3,1,fioretto_ldf,4.0,225,225,250,1000,161,0.7783454382386967,0.6778947368421052,0.6778947368421052,0.7785087524698903,0.8105581951480444,0.8586666666666667,results/pending_runs/paper_final/lane2/MobileNetV3/octmnist/L90_G90/fioretto_ldf/seed_1
octmnist,L90_G90,MobileNetV3,2,fioretto_ldf,4.0,225,225,250,1000,153,0.7978519752731716,0.728421052631579,0.728421052631579,0.8059747144012276,0.8289570173661529,0.8826666666666667,results/pending_runs/paper_final/lane2/MobileNetV3/octmnist/L90_G90/fioretto_ldf/seed_2
octmnist,L90_G90,MobileNetV3,4,tralo_bounded,54.0,225,225,250,1000,159,0.7520353364466932,0.6736842105263158,0.6736842105263158,0.7912066204206127,0.834702621981684,0.8853333333333333,results/pending_runs/paper_final/lane2/MobileNetV3/octmnist/L90_G90/tralo_bounded/seed_4
octmnist,L90_G90,MobileNetV3,3,tralo_bounded,54.0,225,225,250,1000,171,0.75916917819504,0.6778947368421052,0.6778947368421052,0.7871729733961922,0.830295209972125,0.8733333333333333,results/pending_runs/paper_final/lane2/MobileNetV3/octmnist/L90_G90/tralo_bounded/seed_3
octmnist,L90_G90,MobileNetV3,1,tralo_bounded,54.0,225,225,250,1000,161,0.7783454382386967,0.6778947368421052,0.6778947368421052,0.7785087524698903,0.8105581951480444,0.8586666666666667,results/pending_runs/paper_final/lane2/MobileNetV3/octmnist/L90_G90/tralo_bounded/seed_1
octmnist,L90_G90,MobileNetV3,2,tralo_bounded,54.0,225,225,250,1000,153,0.7978519752731716,0.728421052631579,0.728421052631579,0.8059747144012276,0.8289570173661529,0.8826666666666667,results/pending_runs/paper_final/lane2/MobileNetV3/octmnist/L90_G90/tralo_bounded/seed_2
octmnist,L90_G90,MobileNetV3,4,heuristic,0.0,225,225,250,1000,167,0.7775062340284874,0.7073684210526315,0.7073684210526315,0.8007230424526948,0.8256530621193572,0.872,results/pending_runs/paper_final/lane2/MobileNetV3/octmnist/L90_G90/heuristic/seed_4
octmnist,L90_G90,MobileNetV3,3,heuristic,0.0,225,225,250,1000,152,0.7205322351981209,0.64,0.64,0.7159918388382616,0.7542621436894668,0.8066666666666666,results/pending_runs/paper_final/lane2/MobileNetV3/octmnist/L90_G90/heuristic/seed_3
octmnist,L90_G90,MobileNetV3,1,heuristic,0.0,225,225,250,1000,260,0.8136593427460524,0.7242105263157895,0.7242105263157895,0.755896683308863,0.7680973207081933,0.7666666666666667,results/pending_runs/paper_final/lane2/MobileNetV3/octmnist/L90_G90/heuristic/seed_1
octmnist,L90_G90,MobileNetV3,2,heuristic,0.0,225,225,250,1000,159,0.7517566084997516,0.6442105263157895,0.6442105263157895,0.709668964710138,0.7327390747336309,0.784,results/pending_runs/paper_final/lane2/MobileNetV3/octmnist/L90_G90/heuristic/seed_2
dermmnist,L30_G30,ViTB16,4,hounie_rcl,104.0,67,67,223,2003,59,0.5958258482132692,0.3931034482758621,0.3931034482758621,0.6754113668726893,0.724281029240637,0.8949438202247191,results/pending_runs/paper_final/lane2/ViTB16/dermmnist/L30_G30/hounie_rcl/seed_4
dermmnist,L30_G30,ViTB16,3,hounie_rcl,123.0,67,67,223,2003,59,0.6020302910259501,0.3724137931034483,0.3724137931034483,0.6629859540203148,0.7113710191968899,0.8904494382022472,results/pending_runs/paper_final/lane2/ViTB16/dermmnist/L30_G30/hounie_rcl/seed_3
dermmnist,L30_G30,ViTB16,1,hounie_rcl,86.0,67,67,223,2003,60,0.6001253886370348,0.36551724137931035,0.36551724137931035,0.6758054692287047,0.7262371148498307,0.8926966292134831,results/pending_runs/paper_final/lane2/ViTB16/dermmnist/L30_G30/hounie_rcl/seed_1
dermmnist,L30_G30,ViTB16,2,hounie_rcl,80.0,67,67,223,2003,59,0.6618118771388442,0.4068965517241379,0.4068965517241379,0.6821712703840678,0.7271422508231288,0.8921348314606742,results/pending_runs/paper_final/lane2/ViTB16/dermmnist/L30_G30/hounie_rcl/seed_2
dermmnist,L30_G30,ViTB16,4,tralo,69.0,67,67,223,2003,60,0.6004981966124326,0.3931034482758621,0.3931034482758621,0.6769935586774632,0.7244046110697643,0.8966292134831461,results/pending_runs/paper_final/lane2/ViTB16/dermmnist/L30_G30/tralo/seed_4
dermmnist,L30_G30,ViTB16,3,tralo,77.0,67,67,223,2003,65,0.596934519973407,0.3724137931034483,0.3724137931034483,0.6626225687004015,0.7110005622305108,0.8882022471910113,results/pending_runs/paper_final/lane2/ViTB16/dermmnist/L30_G30/tralo/seed_3
dermmnist,L30_G30,ViTB16,1,tralo,71.0,67,67,223,2003,63,0.5987645139796315,0.3724137931034483,0.3724137931034483,0.6817421221959551,0.7329014131741326,0.8949438202247191,results/pending_runs/paper_final/lane2/ViTB16/dermmnist/L30_G30/tralo/seed_1
dermmnist,L30_G30,ViTB16,2,tralo,85.0,67,67,223,2003,64,0.6501811234809207,0.4068965517241379,0.4068965517241379,0.6824117588136266,0.7276068959356717,0.8921348314606742,results/pending_runs/paper_final/lane2/ViTB16/dermmnist/L30_G30/tralo/seed_2
dermmnist,L30_G30,ViTB16,4,danits_lp,0.0,67,67,223,2003,140,0.5464360682055407,0.33793103448275863,0.33793103448275863,0.6305859114192716,0.669144739138868,0.8578651685393258,results/pending_runs/paper_final/lane2/ViTB16/dermmnist/L30_G30/danits_lp/seed_4
dermmnist,L30_G30,ViTB16,3,danits_lp,0.0,67,67,223,2003,183,0.6176809458391277,0.3931034482758621,0.3931034482758621,0.6307768182880068,0.6706820907238012,0.8488764044943821,results/pending_runs/paper_final/lane2/ViTB16/dermmnist/L30_G30/danits_lp/seed_3
dermmnist,L30_G30,ViTB16,1,danits_lp,0.0,67,67,223,2003,174,0.6023818119998875,0.3586206896551724,0.36551724137931035,0.6567065182175854,0.7086945113670241,0.852808988764045,results/pending_runs/paper_final/lane2/ViTB16/dermmnist/L30_G30/danits_lp/seed_1
dermmnist,L30_G30,ViTB16,2,danits_lp,0.0,67,67,223,2003,144,0.6809264909107381,0.38620689655172413,0.38620689655172413,0.665921643498241,0.7252443860185916,0.8758426966292134,results/pending_runs/paper_final/lane2/ViTB16/dermmnist/L30_G30/danits_lp/seed_2
dermmnist,L30_G30,ViTB16,4,fioretto_ldf,26.0,67,67,223,2003,54,0.6017588866332412,0.3931034482758621,0.3931034482758621,0.6745330656612215,0.7234578258486111,0.895505617977528,results/pending_runs/paper_final/lane2/ViTB16/dermmnist/L30_G30/fioretto_ldf/seed_4
dermmnist,L30_G30,ViTB16,3,fioretto_ldf,29.0,67,67,223,2003,60,0.5976990447088847,0.3793103448275862,0.3793103448275862,0.663862397335522,0.710381828336112,0.8882022471910113,results/pending_runs/paper_final/lane2/ViTB16/dermmnist/L30_G30/fioretto_ldf/seed_3
dermmnist,L30_G30,ViTB16,1,fioretto_ldf,24.0,67,67,223,2003,56,0.5993698524854779,0.3724137931034483,0.3724137931034483,0.6843815301553678,0.734422866829609,0.8960674157303371,results/pending_runs/paper_final/lane2/ViTB16/dermmnist/L30_G30/fioretto_ldf/seed_1
dermmnist,L30_G30,ViTB16,2,fioretto_ldf,25.0,67,67,223,2003,54,0.6597396938159755,0.4,0.4,0.6736658291529098,0.7177913945095186,0.8915730337078651,results/pending_runs/paper_final/lane2/ViTB16/dermmnist/L30_G30/fioretto_ldf/seed_2
dermmnist,L30_G30,ViTB16,4,tralo_bounded,69.0,67,67,223,2003,54,0.5992265020066717,0.3931034482758621,0.3931034482758621,0.6758667338873812,0.7250183577469705,0.8966292134831461,results/pending_runs/paper_final/lane2/ViTB16/dermmnist/L30_G30/tralo_bounded/seed_4
dermmnist,L30_G30,ViTB16,3,tralo_bounded,71.0,67,67,223,2003,60,0.6005343771648793,0.3724137931034483,0.3724137931034483,0.666952204426811,0.714943604683071,0.8910112359550562,results/pending_runs/paper_final/lane2/ViTB16/dermmnist/L30_G30/tralo_bounded/seed_3
dermmnist,L30_G30,ViTB16,1,tralo_bounded,66.0,67,67,223,2003,56,0.5963748261737837,0.3724137931034483,0.3724137931034483,0.6831197233973507,0.7331624984305619,0.8949438202247191,results/pending_runs/paper_final/lane2/ViTB16/dermmnist/L30_G30/tralo_bounded/seed_1
dermmnist,L30_G30,ViTB16,2,tralo_bounded,66.0,67,67,223,2003,62,0.6624415032137535,0.4068965517241379,0.4068965517241379,0.6822439026914686,0.7277042629304055,0.8926966292134831,results/pending_runs/paper_final/lane2/ViTB16/dermmnist/L30_G30/tralo_bounded/seed_2
dermmnist,L30_G30,ViTB16,4,heuristic,0.0,67,67,223,2003,140,0.5464360682055407,0.33793103448275863,0.33793103448275863,0.6305859114192716,0.669144739138868,0.8578651685393258,results/pending_runs/paper_final/lane2/ViTB16/dermmnist/L30_G30/heuristic/seed_4
dermmnist,L30_G30,ViTB16,3,heuristic,0.0,67,67,223,2003,183,0.6176809458391277,0.3931034482758621,0.3931034482758621,0.6307768182880068,0.6706820907238012,0.8488764044943821,results/pending_runs/paper_final/lane2/ViTB16/dermmnist/L30_G30/heuristic/seed_3
dermmnist,L30_G30,ViTB16,1,heuristic,0.0,67,67,223,2003,174,0.6023818119998875,0.36551724137931035,0.36551724137931035,0.6567065182175854,0.7086945113670241,0.852808988764045,results/pending_runs/paper_final/lane2/ViTB16/dermmnist/L30_G30/heuristic/seed_1
dermmnist,L30_G30,ViTB16,2,heuristic,0.0,67,67,223,2003,144,0.6809264909107381,0.38620689655172413,0.38620689655172413,0.665921643498241,0.7252443860185916,0.8758426966292134,results/pending_runs/paper_final/lane2/ViTB16/dermmnist/L30_G30/heuristic/seed_2
dermmnist,L60_G60,ViTB16,4,hounie_rcl,96.0,134,134,223,2003,125,0.6233602601338144,0.5042016806722689,0.5042016806722689,0.6969789059125114,0.7275482137368501,0.8820224719101124,results/pending_runs/paper_final/lane2/ViTB16/dermmnist/L60_G60/hounie_rcl/seed_4
dermmnist,L60_G60,ViTB16,3,hounie_rcl,105.0,134,134,223,2003,120,0.6290290227719885,0.5434173669467787,0.5434173669467787,0.690688477938215,0.726484053477677,0.8814606741573033,results/pending_runs/paper_final/lane2/ViTB16/dermmnist/L60_G60/hounie_rcl/seed_3
dermmnist,L60_G60,ViTB16,1,hounie_rcl,71.0,134,134,223,2003,122,0.6284996019683625,0.5546218487394958,0.5546218487394958,0.7100435810934326,0.7356223567808611,0.8882022471910113,results/pending_runs/paper_final/lane2/ViTB16/dermmnist/L60_G60/hounie_rcl/seed_1
dermmnist,L60_G60,ViTB16,2,hounie_rcl,75.0,134,134,223,2003,116,0.6830339133619683,0.5770308123249299,0.5770308123249299,0.7120506804083157,0.7354223064404878,0.8865168539325843,results/pending_runs/paper_final/lane2/ViTB16/dermmnist/L60_G60/hounie_rcl/seed_2
dermmnist,L60_G60,ViTB16,4,tralo,71.0,134,134,223,2003,132,0.6221520051432082,0.5042016806722689,0.5042016806722689,0.699381897223797,0.7316055897256795,0.8814606741573033,results/pending_runs/paper_final/lane2/ViTB16/dermmnist/L60_G60/tralo/seed_4
dermmnist,L60_G60,ViTB16,3,tralo,74.0,134,134,223,2003,132,0.6288563300574204,0.5378151260504201,0.5378151260504201,0.6871364854637126,0.7124962938466942,0.8780898876404495,results/pending_runs/paper_final/lane2/ViTB16/dermmnist/L60_G60/tralo/seed_3
dermmnist,L60_G60,ViTB16,1,tralo,66.0,134,134,223,2003,129,0.6312099352332073,0.5602240896358543,0.5602240896358543,0.7140664143624335,0.739551197652549,0.8859550561797753,results/pending_runs/paper_final/lane2/ViTB16/dermmnist/L60_G60/tralo/seed_1
dermmnist,L60_G60,ViTB16,2,tralo,67.0,134,134,223,2003,128,0.6931998034999434,0.5826330532212886,0.5826330532212886,0.7116453960494146,0.7313855799009096,0.8837078651685393,results/pending_runs/paper_final/lane2/ViTB16/dermmnist/L60_G60/tralo/seed_2
dermmnist,L60_G60,ViTB16,4,danits_lp,0.0,134,134,223,2003,140,0.5464360682055407,0.47191011235955055,0.47058823529411764,0.6421657914137134,0.669144739138868,0.8578651685393258,results/pending_runs/paper_final/lane2/ViTB16/dermmnist/L60_G60/danits_lp/seed_4
dermmnist,L60_G60,ViTB16,3,danits_lp,0.0,134,134,223,2003,183,0.6176809458391277,0.5322128851540616,0.5266106442577031,0.6479470461734648,0.6706820907238012,0.8488764044943821,results/pending_runs/paper_final/lane2/ViTB16/dermmnist/L60_G60/danits_lp/seed_3
dermmnist,L60_G60,ViTB16,1,danits_lp,0.0,134,134,223,2003,174,0.6023818119998875,0.5098039215686274,0.5098039215686274,0.6775376993064164,0.7086945113670241,0.852808988764045,results/pending_runs/paper_final/lane2/ViTB16/dermmnist/L60_G60/danits_lp/seed_1
dermmnist,L60_G60,ViTB16,2,danits_lp,0.0,134,134,223,2003,144,0.6809264909107381,0.5617977528089888,0.5658263305322129,0.7017499237571894,0.7252443860185916,0.8758426966292134,results/pending_runs/paper_final/lane2/ViTB16/dermmnist/L60_G60/danits_lp/seed_2
dermmnist,L60_G60,ViTB16,4,fioretto_ldf,18.0,134,134,223,2003,117,0.6208508396987927,0.49859943977591037,0.49859943977591037,0.693688468451566,0.7241540407468737,0.8831460674157303,results/pending_runs/paper_final/lane2/ViTB16/dermmnist/L60_G60/fioretto_ldf/seed_4
dermmnist,L60_G60,ViTB16,3,fioretto_ldf,18.0,134,134,223,2003,121,0.6288876049606663,0.5434173669467787,0.5434173669467787,0.6875470091997901,0.7235923955909397,0.8808988764044944,results/pending_runs/paper_final/lane2/ViTB16/dermmnist/L60_G60/fioretto_ldf/seed_3
dermmnist,L60_G60,ViTB16,1,fioretto_ldf,16.0,134,134,223,2003,119,0.6305266014747234,0.5434173669467787,0.5434173669467787,0.7073982475474947,0.734671782843814,0.8876404494382022,results/pending_runs/paper_final/lane2/ViTB16/dermmnist/L60_G60/fioretto_ldf/seed_1
dermmnist,L60_G60,ViTB16,2,fioretto_ldf,17.0,134,134,223,2003,113,0.6835496939608104,0.5826330532212886,0.5826330532212886,0.7136430244390185,0.732948385321222,0.8870786516853932,results/pending_runs/paper_final/lane2/ViTB16/dermmnist/L60_G60/fioretto_ldf/seed_2
dermmnist,L60_G60,ViTB16,4,tralo_bounded,63.0,134,134,223,2003,120,0.6225147107282399,0.49859943977591037,0.49859943977591037,0.6949386715610669,0.7258647436975801,0.8825842696629214,results/pending_runs/paper_final/lane2/ViTB16/dermmnist/L60_G60/tralo_bounded/seed_4
dermmnist,L60_G60,ViTB16,3,tralo_bounded,64.0,134,134,223,2003,121,0.6284915189387149,0.5434173669467787,0.5434173669467787,0.6905864073653459,0.7269386202210208,0.8814606741573033,results/pending_runs/paper_final/lane2/ViTB16/dermmnist/L60_G60/tralo_bounded/seed_3
dermmnist,L60_G60,ViTB16,1,tralo_bounded,61.0,134,134,223,2003,121,0.6294017931593148,0.5490196078431373,0.5490196078431373,0.7086704843003655,0.7350214426174037,0.8876404494382022,results/pending_runs/paper_final/lane2/ViTB16/dermmnist/L60_G60/tralo_bounded/seed_1
dermmnist,L60_G60,ViTB16,2,tralo_bounded,62.0,134,134,223,2003,119,0.684085678339919,0.5714285714285714,0.5714285714285714,0.7100643739025878,0.7338923890380403,0.8853932584269663,results/pending_runs/paper_final/lane2/ViTB16/dermmnist/L60_G60/tralo_bounded/seed_2
dermmnist,L60_G60,ViTB16,4,heuristic,0.0,134,134,223,2003,140,0.5464360682055407,0.47058823529411764,0.47058823529411764,0.6421657914137134,0.669144739138868,0.8578651685393258,results/pending_runs/paper_final/lane2/ViTB16/dermmnist/L60_G60/heuristic/seed_4
dermmnist,L60_G60,ViTB16,3,heuristic,0.0,134,134,223,2003,183,0.6176809458391277,0.5266106442577031,0.5266106442577031,0.6479470461734648,0.6706820907238012,0.8488764044943821,results/pending_runs/paper_final/lane2/ViTB16/dermmnist/L60_G60/heuristic/seed_3
dermmnist,L60_G60,ViTB16,1,heuristic,0.0,134,134,223,2003,174,0.6023818119998875,0.5098039215686274,0.5098039215686274,0.6775376993064164,0.7086945113670241,0.852808988764045,results/pending_runs/paper_final/lane2/ViTB16/dermmnist/L60_G60/heuristic/seed_1
dermmnist,L60_G60,ViTB16,2,heuristic,0.0,134,134,223,2003,144,0.6809264909107381,0.5658263305322129,0.5658263305322129,0.7017499237571894,0.7252443860185916,0.8758426966292134,results/pending_runs/paper_final/lane2/ViTB16/dermmnist/L60_G60/heuristic/seed_2
dermmnist,L90_G90,ViTB16,4,hounie_rcl,4.0,201,200,223,2003,168,0.6309488056190582,0.6004728132387707,0.6004728132387707,0.7192204143623806,0.7388773772537829,0.8769662921348315,results/pending_runs/paper_final/lane2/ViTB16/dermmnist/L90_G90/hounie_rcl/seed_4
dermmnist,L90_G90,ViTB16,3,hounie_rcl,299.0,201,200,223,2003,172,0.6332062937682699,0.5721040189125296,0.5721040189125296,0.6866972644315579,0.7086449315650095,0.8679775280898876,results/pending_runs/paper_final/lane2/ViTB16/dermmnist/L90_G90/hounie_rcl/seed_3
dermmnist,L90_G90,ViTB16,1,hounie_rcl,4.0,201,200,223,2003,171,0.6400829723361428,0.6193853427895981,0.6193853427895981,0.731006860579144,0.7482078593826568,0.8780898876404495,results/pending_runs/paper_final/lane2/ViTB16/dermmnist/L90_G90/hounie_rcl/seed_1
dermmnist,L90_G90,ViTB16,2,hounie_rcl,4.0,201,200,223,2003,174,0.6896772686522016,0.6335697399527187,0.6335697399527187,0.7157382026149764,0.7304223110807947,0.8741573033707866,results/pending_runs/paper_final/lane2/ViTB16/dermmnist/L90_G90/hounie_rcl/seed_2
dermmnist,L90_G90,ViTB16,4,tralo,54.0,201,200,223,2003,175,0.647175647792702,0.6052009456264775,0.6052009456264775,0.7302115957152818,0.7551427951757842,0.8814606741573033,results/pending_runs/paper_final/lane2/ViTB16/dermmnist/L90_G90/tralo/seed_4
dermmnist,L90_G90,ViTB16,3,tralo,59.0,201,200,223,2003,186,0.6408795075075735,0.5957446808510638,0.5957446808510638,0.6948300130630934,0.715015683399744,0.8679775280898876,results/pending_runs/paper_final/lane2/ViTB16/dermmnist/L90_G90/tralo/seed_3
dermmnist,L90_G90,ViTB16,1,tralo,63.0,201,200,223,2003,199,0.6411074267865141,0.6193853427895981,0.6193853427895981,0.7358329997377678,0.7546107601412356,0.8752808988764045,results/pending_runs/paper_final/lane2/ViTB16/dermmnist/L90_G90/tralo/seed_1
dermmnist,L90_G90,ViTB16,2,tralo,350.0,201,200,223,2003,188,0.6906694451646845,0.6288416075650118,0.6288416075650118,0.717788992658234,0.7320808070935246,0.8696629213483146,results/pending_runs/paper_final/lane2/ViTB16/dermmnist/L90_G90/tralo/seed_2
dermmnist,L90_G90,ViTB16,4,danits_lp,0.0,201,200,223,2003,140,0.5464360682055407,0.48484848484848486,0.5153664302600472,0.6503511946453345,0.669144739138868,0.8578651685393258,results/pending_runs/paper_final/lane2/ViTB16/dermmnist/L90_G90/danits_lp/seed_4
dermmnist,L90_G90,ViTB16,3,danits_lp,0.0,201,200,223,2003,183,0.6176809458391277,0.5764411027568922,0.5673758865248227,0.654292802768801,0.6706820907238012,0.8488764044943821,results/pending_runs/paper_final/lane2/ViTB16/dermmnist/L90_G90/danits_lp/seed_3
dermmnist,L90_G90,ViTB16,1,danits_lp,0.0,201,200,223,2003,174,0.6023818119998875,0.5642317380352645,0.5957446808510638,0.691191699625351,0.7086945113670241,0.852808988764045,results/pending_runs/paper_final/lane2/ViTB16/dermmnist/L90_G90/danits_lp/seed_1
dermmnist,L90_G90,ViTB16,2,danits_lp,0.0,201,200,223,2003,144,0.6809264909107381,0.5885558583106267,0.624113475177305,0.7044829126549556,0.7252443860185916,0.8758426966292134,results/pending_runs/paper_final/lane2/ViTB16/dermmnist/L90_G90/danits_lp/seed_2
dermmnist,L90_G90,ViTB16,4,fioretto_ldf,4.0,201,200,223,2003,168,0.6309576445129349,0.6004728132387707,0.6004728132387707,0.7192204143623806,0.7388773772537829,0.8769662921348315,results/pending_runs/paper_final/lane2/ViTB16/dermmnist/L90_G90/fioretto_ldf/seed_4
dermmnist,L90_G90,ViTB16,3,fioretto_ldf,299.0,201,200,223,2003,172,0.6331606759814323,0.5721040189125296,0.5721040189125296,0.6866972644315579,0.7086449315650095,0.8679775280898876,results/pending_runs/paper_final/lane2/ViTB16/dermmnist/L90_G90/fioretto_ldf/seed_3
dermmnist,L90_G90,ViTB16,1,fioretto_ldf,4.0,201,200,223,2003,171,0.6400680544447802,0.6193853427895981,0.6193853427895981,0.731006860579144,0.7482078593826568,0.8780898876404495,results/pending_runs/paper_final/lane2/ViTB16/dermmnist/L90_G90/fioretto_ldf/seed_1
dermmnist,L90_G90,ViTB16,2,fioretto_ldf,4.0,201,200,223,2003,174,0.6896742183015588,0.6335697399527187,0.6335697399527187,0.7157382026149764,0.7304223110807947,0.8741573033707866,results/pending_runs/paper_final/lane2/ViTB16/dermmnist/L90_G90/fioretto_ldf/seed_2
dermmnist,L90_G90,ViTB16,4,tralo_bounded,54.0,201,200,223,2003,168,0.6310111849386072,0.6004728132387707,0.6004728132387707,0.7189564159330628,0.7385687179501678,0.8769662921348315,results/pending_runs/paper_final/lane2/ViTB16/dermmnist/L90_G90/tralo_bounded/seed_4
dermmnist,L90_G90,ViTB16,3,tralo_bounded,350.0,201,200,223,2003,172,0.6331555753000684,0.5721040189125296,0.5721040189125296,0.6866972644315579,0.7086449315650095,0.8679775280898876,results/pending_runs/paper_final/lane2/ViTB16/dermmnist/L90_G90/tralo_bounded/seed_3
dermmnist,L90_G90,ViTB16,1,tralo_bounded,54.0,201,200,223,2003,171,0.6401117409560362,0.6193853427895981,0.6193853427895981,0.731006860579144,0.7482078593826568,0.8780898876404495,results/pending_runs/paper_final/lane2/ViTB16/dermmnist/L90_G90/tralo_bounded/seed_1
dermmnist,L90_G90,ViTB16,2,tralo_bounded,54.0,201,200,223,2003,174,0.6896422392335474,0.6335697399527187,0.6335697399527187,0.7157382026149764,0.7304223110807947,0.8741573033707866,results/pending_runs/paper_final/lane2/ViTB16/dermmnist/L90_G90/tralo_bounded/seed_2
dermmnist,L90_G90,ViTB16,4,heuristic,0.0,201,200,223,2003,140,0.5464360682055407,0.5153664302600472,0.5153664302600472,0.6503511946453345,0.669144739138868,0.8578651685393258,results/pending_runs/paper_final/lane2/ViTB16/dermmnist/L90_G90/heuristic/seed_4
dermmnist,L90_G90,ViTB16,3,heuristic,0.0,201,200,223,2003,183,0.6176809458391277,0.5673758865248227,0.5673758865248227,0.654292802768801,0.6706820907238012,0.8488764044943821,results/pending_runs/paper_final/lane2/ViTB16/dermmnist/L90_G90/heuristic/seed_3
dermmnist,L90_G90,ViTB16,1,heuristic,0.0,201,200,223,2003,174,0.6023818119998875,0.5957446808510638,0.5957446808510638,0.691191699625351,0.7086945113670241,0.852808988764045,results/pending_runs/paper_final/lane2/ViTB16/dermmnist/L90_G90/heuristic/seed_1
dermmnist,L90_G90,ViTB16,2,heuristic,0.0,201,200,223,2003,144,0.6809264909107381,0.624113475177305,0.624113475177305,0.7044829126549556,0.7252443860185916,0.8758426966292134,results/pending_runs/paper_final/lane2/ViTB16/dermmnist/L90_G90/heuristic/seed_2
tissuemnist,L30_G30,ViTB16,4,hounie_rcl,173.0,51,51,171,2400,50,0.41117835411704956,0.2882882882882883,0.2882882882882883,0.4612110285652682,0.48602698220522644,0.6159712875729026,results/pending_runs/paper_final/lane2/ViTB16/tissuemnist/L30_G30/hounie_rcl/seed_4
tissuemnist,L30_G30,ViTB16,3,hounie_rcl,143.0,51,51,171,2400,48,0.4421013038477796,0.2972972972972973,0.2972972972972973,0.4600716349225674,0.48387038141023414,0.6146253925527142,results/pending_runs/paper_final/lane2/ViTB16/tissuemnist/L30_G30/hounie_rcl/seed_3
tissuemnist,L30_G30,ViTB16,1,hounie_rcl,148.0,51,51,171,2400,50,0.4591825445277449,0.35135135135135137,0.35135135135135137,0.4779283131070643,0.4959489622573584,0.6150740242261103,results/pending_runs/paper_final/lane2/ViTB16/tissuemnist/L30_G30/hounie_rcl/seed_1
tissuemnist,L30_G30,ViTB16,2,hounie_rcl,171.0,51,51,171,2400,39,0.41628785436471305,0.3153153153153153,0.3153153153153153,0.46599310044289016,0.48731340996049,0.5989232839838493,results/pending_runs/paper_final/lane2/ViTB16/tissuemnist/L30_G30/hounie_rcl/seed_2
tissuemnist,L30_G30,ViTB16,4,tralo,73.0,51,51,171,2400,50,0.4060419798738313,0.2972972972972973,0.2972972972972973,0.45898139463379783,0.4819123579915268,0.6101390758187528,results/pending_runs/paper_final/lane2/ViTB16/tissuemnist/L30_G30/tralo/seed_4
tissuemnist,L30_G30,ViTB16,3,tralo,75.0,51,51,171,2400,50,0.4736331507702028,0.34234234234234234,0.34234234234234234,0.45755972174838877,0.4738596040321328,0.5993719156572453,results/pending_runs/paper_final/lane2/ViTB16/tissuemnist/L30_G30/tralo/seed_3
tissuemnist,L30_G30,ViTB16,1,tralo,74.0,51,51,171,2400,50,0.44111310843336915,0.35135135135135137,0.35135135135135137,0.47923903792631606,0.4973540112336969,0.614176760879318,results/pending_runs/paper_final/lane2/ViTB16/tissuemnist/L30_G30/tralo/seed_1
tissuemnist,L30_G30,ViTB16,2,tralo,83.0,51,51,171,2400,51,0.409070633284479,0.3153153153153153,0.3153153153153153,0.4642861989647038,0.48556775377175937,0.5953342305966801,results/pending_runs/paper_final/lane2/ViTB16/tissuemnist/L30_G30/tralo/seed_2
tissuemnist,L30_G30,ViTB16,4,danits_lp,0.0,51,51,171,2400,150,0.43798497920642665,0.27927927927927926,0.27927927927927926,0.4250520226284058,0.4438178462106946,0.5563032750112158,results/pending_runs/paper_final/lane2/ViTB16/tissuemnist/L30_G30/danits_lp/seed_4
tissuemnist,L30_G30,ViTB16,3,danits_lp,0.0,51,51,171,2400,147,0.49104628797424765,0.34234234234234234,0.34234234234234234,0.4397748109776942,0.4549243145577392,0.5648272768057425,results/pending_runs/paper_final/lane2/ViTB16/tissuemnist/L30_G30/danits_lp/seed_3
tissuemnist,L30_G30,ViTB16,1,danits_lp,0.0,51,51,171,2400,212,0.4986443597802165,0.32432432432432434,0.3153153153153153,0.4676516808941395,0.48284375693905507,0.5895020188425303,results/pending_runs/paper_final/lane2/ViTB16/tissuemnist/L30_G30/danits_lp/seed_1
tissuemnist,L30_G30,ViTB16,2,danits_lp,0.0,51,51,171,2400,122,0.46898510574782415,0.3333333333333333,0.3333333333333333,0.45462875580769657,0.47520347220176806,0.5872588604755495,results/pending_runs/paper_final/lane2/ViTB16/tissuemnist/L30_G30/danits_lp/seed_2
tissuemnist,L30_G30,ViTB16,4,fioretto_ldf,23.0,51,51,171,2400,43,0.39618380572772294,0.2972972972972973,0.2972972972972973,0.4592155307587202,0.48163799353236364,0.6114849708389413,results/pending_runs/paper_final/lane2/ViTB16/tissuemnist/L30_G30/fioretto_ldf/seed_4
tissuemnist,L30_G30,ViTB16,3,fioretto_ldf,24.0,51,51,171,2400,41,0.4627637381897598,0.34234234234234234,0.34234234234234234,0.45992587639561067,0.4750013291798255,0.6007178106774338,results/pending_runs/paper_final/lane2/ViTB16/tissuemnist/L30_G30/fioretto_ldf/seed_3
tissuemnist,L30_G30,ViTB16,1,fioretto_ldf,24.0,51,51,171,2400,50,0.44490801089274074,0.35135135135135137,0.35135135135135137,0.4784452369203174,0.49653991308348333,0.614176760879318,results/pending_runs/paper_final/lane2/ViTB16/tissuemnist/L30_G30/fioretto_ldf/seed_1
tissuemnist,L30_G30,ViTB16,2,fioretto_ldf,23.0,51,51,171,2400,36,0.40886956667084073,0.3153153153153153,0.3153153153153153,0.46389653706901224,0.48465702012242906,0.5984746523104532,results/pending_runs/paper_final/lane2/ViTB16/tissuemnist/L30_G30/fioretto_ldf/seed_2
tissuemnist,L30_G30,ViTB16,4,tralo_bounded,68.0,51,51,171,2400,47,0.4017949251449726,0.2972972972972973,0.2972972972972973,0.459280349659974,0.48188214759657305,0.6110363391655451,results/pending_runs/paper_final/lane2/ViTB16/tissuemnist/L30_G30/tralo_bounded/seed_4
tissuemnist,L30_G30,ViTB16,3,tralo_bounded,68.0,51,51,171,2400,44,0.46583622083203974,0.34234234234234234,0.34234234234234234,0.4581250483864352,0.4733125953836514,0.5993719156572453,results/pending_runs/paper_final/lane2/ViTB16/tissuemnist/L30_G30/tralo_bounded/seed_3
tissuemnist,L30_G30,ViTB16,1,tralo_bounded,69.0,51,51,171,2400,50,0.446193046655931,0.35135135135135137,0.35135135135135137,0.4782353498437,0.49630011697863663,0.6137281292059219,results/pending_runs/paper_final/lane2/ViTB16/tissuemnist/L30_G30/tralo_bounded/seed_1
tissuemnist,L30_G30,ViTB16,2,tralo_bounded,350.0,51,51,171,2400,42,0.41182816691657914,0.3153153153153153,0.3153153153153153,0.4633039476534977,0.4849220606216908,0.5975773889636609,results/pending_runs/paper_final/lane2/ViTB16/tissuemnist/L30_G30/tralo_bounded/seed_2
tissuemnist,L30_G30,ViTB16,4,heuristic,0.0,51,51,171,2400,150,0.43798497920642665,0.27927927927927926,0.27927927927927926,0.4250520226284058,0.4438178462106946,0.5563032750112158,results/pending_runs/paper_final/lane2/ViTB16/tissuemnist/L30_G30/heuristic/seed_4
tissuemnist,L30_G30,ViTB16,3,heuristic,0.0,51,51,171,2400,147,0.49104628797424765,0.34234234234234234,0.34234234234234234,0.4397748109776942,0.4549243145577392,0.5648272768057425,results/pending_runs/paper_final/lane2/ViTB16/tissuemnist/L30_G30/heuristic/seed_3
tissuemnist,L30_G30,ViTB16,1,heuristic,0.0,51,51,171,2400,212,0.4986443597802165,0.3153153153153153,0.3153153153153153,0.4676516808941395,0.48284375693905507,0.5895020188425303,results/pending_runs/paper_final/lane2/ViTB16/tissuemnist/L30_G30/heuristic/seed_1
tissuemnist,L30_G30,ViTB16,2,heuristic,0.0,51,51,171,2400,122,0.46898510574782415,0.3333333333333333,0.3333333333333333,0.45462875580769657,0.47520347220176806,0.5872588604755495,results/pending_runs/paper_final/lane2/ViTB16/tissuemnist/L30_G30/heuristic/seed_2
tissuemnist,L60_G60,ViTB16,4,hounie_rcl,153.0,103,102,171,2400,98,0.4244613954416496,0.4175824175824176,0.4175824175824176,0.48033816260559054,0.4888867574564227,0.6078959174517721,results/pending_runs/paper_final/lane2/ViTB16/tissuemnist/L60_G60/hounie_rcl/seed_4
tissuemnist,L60_G60,ViTB16,3,hounie_rcl,120.0,103,102,171,2400,88,0.48949227368918063,0.43956043956043955,0.43956043956043955,0.4696290030954342,0.4723673899117375,0.5935397039030955,results/pending_runs/paper_final/lane2/ViTB16/tissuemnist/L60_G60/hounie_rcl/seed_3
tissuemnist,L60_G60,ViTB16,1,hounie_rcl,108.0,103,102,171,2400,99,0.5001471507758015,0.4542124542124542,0.46153846153846156,0.50166298580648,0.5088006733182259,0.6110363391655451,results/pending_runs/paper_final/lane2/ViTB16/tissuemnist/L60_G60/hounie_rcl/seed_1
tissuemnist,L60_G60,ViTB16,2,hounie_rcl,132.0,103,102,171,2400,94,0.45334891205920247,0.46153846153846156,0.46153846153846156,0.4879590367655562,0.4931883542668007,0.5930910722296994,results/pending_runs/paper_final/lane2/ViTB16/tissuemnist/L60_G60/hounie_rcl/seed_2
tissuemnist,L60_G60,ViTB16,4,tralo,66.0,103,102,171,2400,95,0.4215269279615596,0.4175824175824176,0.4175824175824176,0.47973255957945704,0.48942587792697495,0.610587707492149,results/pending_runs/paper_final/lane2/ViTB16/tissuemnist/L60_G60/tralo/seed_4
tissuemnist,L60_G60,ViTB16,3,tralo,67.0,103,102,171,2400,98,0.4850323134094998,0.4468864468864469,0.4468864468864469,0.4724401411602245,0.4750663623311738,0.5944369672498878,results/pending_runs/paper_final/lane2/ViTB16/tissuemnist/L60_G60/tralo/seed_3
tissuemnist,L60_G60,ViTB16,1,tralo,71.0,103,102,171,2400,101,0.500547878611604,0.46153846153846156,0.46153846153846156,0.5012102174850033,0.5067100093642992,0.610587707492149,results/pending_runs/paper_final/lane2/ViTB16/tissuemnist/L60_G60/tralo/seed_1
tissuemnist,L60_G60,ViTB16,2,tralo,80.0,103,102,171,2400,101,0.44975416203267415,0.46153846153846156,0.46153846153846156,0.4894808458302735,0.4931788017012427,0.5939883355764917,results/pending_runs/paper_final/lane2/ViTB16/tissuemnist/L60_G60/tralo/seed_2
tissuemnist,L60_G60,ViTB16,4,danits_lp,0.0,103,102,171,2400,150,0.43798497920642665,0.4249084249084249,0.4249084249084249,0.44162839992480946,0.4438178462106946,0.5563032750112158,results/pending_runs/paper_final/lane2/ViTB16/tissuemnist/L60_G60/danits_lp/seed_4
tissuemnist,L60_G60,ViTB16,3,danits_lp,0.0,103,102,171,2400,147,0.49104628797424765,0.43223443223443225,0.43956043956043955,0.4525982316641177,0.4549243145577392,0.5648272768057425,results/pending_runs/paper_final/lane2/ViTB16/tissuemnist/L60_G60/danits_lp/seed_3
tissuemnist,L60_G60,ViTB16,1,danits_lp,0.0,103,102,171,2400,212,0.4986443597802165,0.46153846153846156,0.46153846153846156,0.4848504704013399,0.48284375693905507,0.5895020188425303,results/pending_runs/paper_final/lane2/ViTB16/tissuemnist/L60_G60/danits_lp/seed_1
tissuemnist,L60_G60,ViTB16,2,danits_lp,0.0,103,102,171,2400,122,0.46898510574782415,0.46153846153846156,0.46153846153846156,0.4701544458538409,0.47520347220176806,0.5872588604755495,results/pending_runs/paper_final/lane2/ViTB16/tissuemnist/L60_G60/danits_lp/seed_2
tissuemnist,L60_G60,ViTB16,4,fioretto_ldf,15.0,103,102,171,2400,96,0.42366758063824683,0.4175824175824176,0.4175824175824176,0.480406572762186,0.49016976716936755,0.6083445491251682,results/pending_runs/paper_final/lane2/ViTB16/tissuemnist/L60_G60/fioretto_ldf/seed_4
tissuemnist,L60_G60,ViTB16,3,fioretto_ldf,19.0,103,102,171,2400,80,0.48798320739878115,0.43956043956043955,0.43956043956043955,0.4707777197762849,0.47276420651788403,0.594885598923284,results/pending_runs/paper_final/lane2/ViTB16/tissuemnist/L60_G60/fioretto_ldf/seed_3
tissuemnist,L60_G60,ViTB16,1,fioretto_ldf,18.0,103,102,171,2400,98,0.4982008134078722,0.46153846153846156,0.46153846153846156,0.5011708203552877,0.508180223977711,0.6110363391655451,results/pending_runs/paper_final/lane2/ViTB16/tissuemnist/L60_G60/fioretto_ldf/seed_1
tissuemnist,L60_G60,ViTB16,2,fioretto_ldf,15.0,103,102,171,2400,84,0.44913334628636853,0.4542124542124542,0.4542124542124542,0.485802281410602,0.4924595567153039,0.5935397039030955,results/pending_runs/paper_final/lane2/ViTB16/tissuemnist/L60_G60/fioretto_ldf/seed_2
tissuemnist,L60_G60,ViTB16,4,tralo_bounded,63.0,103,102,171,2400,99,0.4250025512028575,0.4175824175824176,0.4175824175824176,0.48010654788847473,0.4887858172912761,0.6078959174517721,results/pending_runs/paper_final/lane2/ViTB16/tissuemnist/L60_G60/tralo_bounded/seed_4
tissuemnist,L60_G60,ViTB16,3,tralo_bounded,63.0,103,102,171,2400,89,0.49132603971082317,0.43956043956043955,0.43956043956043955,0.46926269805626686,0.4717769089600412,0.5921938088829072,results/pending_runs/paper_final/lane2/ViTB16/tissuemnist/L60_G60/tralo_bounded/seed_3
tissuemnist,L60_G60,ViTB16,1,tralo_bounded,62.0,103,102,171,2400,99,0.4992303214447159,0.46153846153846156,0.46153846153846156,0.5008672562940492,0.5074078006276749,0.6096904441453567,results/pending_runs/paper_final/lane2/ViTB16/tissuemnist/L60_G60/tralo_bounded/seed_1
tissuemnist,L60_G60,ViTB16,2,tralo_bounded,63.0,103,102,171,2400,90,0.4522609198072938,0.46153846153846156,0.46153846153846156,0.48808823919852484,0.4935759461130848,0.5939883355764917,results/pending_runs/paper_final/lane2/ViTB16/tissuemnist/L60_G60/tralo_bounded/seed_2
tissuemnist,L60_G60,ViTB16,4,heuristic,0.0,103,102,171,2400,150,0.43798497920642665,0.4249084249084249,0.4249084249084249,0.44162839992480946,0.4438178462106946,0.5563032750112158,results/pending_runs/paper_final/lane2/ViTB16/tissuemnist/L60_G60/heuristic/seed_4
tissuemnist,L60_G60,ViTB16,3,heuristic,0.0,103,102,171,2400,147,0.49104628797424765,0.43956043956043955,0.43956043956043955,0.4525982316641177,0.4549243145577392,0.5648272768057425,results/pending_runs/paper_final/lane2/ViTB16/tissuemnist/L60_G60/heuristic/seed_3
tissuemnist,L60_G60,ViTB16,1,heuristic,0.0,103,102,171,2400,212,0.4986443597802165,0.46153846153846156,0.46153846153846156,0.4848504704013399,0.48284375693905507,0.5895020188425303,results/pending_runs/paper_final/lane2/ViTB16/tissuemnist/L60_G60/heuristic/seed_1
tissuemnist,L60_G60,ViTB16,2,heuristic,0.0,103,102,171,2400,122,0.46898510574782415,0.46153846153846156,0.46153846153846156,0.4701544458538409,0.47520347220176806,0.5872588604755495,results/pending_runs/paper_final/lane2/ViTB16/tissuemnist/L60_G60/heuristic/seed_2
tissuemnist,L90_G90,ViTB16,4,hounie_rcl,4.0,154,154,171,2400,123,0.4308111161962631,0.4553846153846154,0.4553846153846154,0.4821396830293567,0.4898634827857383,0.6069986541049798,results/pending_runs/paper_final/lane2/ViTB16/tissuemnist/L90_G90/hounie_rcl/seed_4
tissuemnist,L90_G90,ViTB16,3,hounie_rcl,154.0,154,154,171,2400,135,0.49662666813617234,0.5107692307692308,0.5046153846153846,0.47738778338595267,0.4736438301339814,0.588604755495738,results/pending_runs/paper_final/lane2/ViTB16/tissuemnist/L90_G90/hounie_rcl/seed_3
tissuemnist,L90_G90,ViTB16,1,hounie_rcl,95.0,154,154,171,2400,145,0.5134744504515899,0.5107692307692308,0.5107692307692308,0.5125769291130317,0.5149531144953721,0.6092418124719605,results/pending_runs/paper_final/lane2/ViTB16/tissuemnist/L90_G90/hounie_rcl/seed_1
tissuemnist,L90_G90,ViTB16,2,hounie_rcl,4.0,154,154,171,2400,139,0.4627935274696725,0.5046153846153846,0.5046153846153846,0.49154347553082456,0.4909933415005376,0.5859129654553612,results/pending_runs/paper_final/lane2/ViTB16/tissuemnist/L90_G90/hounie_rcl/seed_2
tissuemnist,L90_G90,ViTB16,4,tralo,54.0,154,154,171,2400,134,0.4326918705964662,0.46153846153846156,0.46153846153846156,0.4816883720974001,0.4887259143751182,0.6110363391655451,results/pending_runs/paper_final/lane2/ViTB16/tissuemnist/L90_G90/tralo/seed_4
tissuemnist,L90_G90,ViTB16,3,tralo,341.0,154,154,171,2400,152,0.4934752206996729,0.5046153846153846,0.5046153846153846,0.4854342419281714,0.4825416878439038,0.5926424405563033,results/pending_runs/paper_final/lane2/ViTB16/tissuemnist/L90_G90/tralo/seed_3
tissuemnist,L90_G90,ViTB16,1,tralo,64.0,154,154,171,2400,141,0.5127455794234141,0.5169230769230769,0.5169230769230769,0.5123026275713913,0.5135876344892154,0.6092418124719605,results/pending_runs/paper_final/lane2/ViTB16/tissuemnist/L90_G90/tralo/seed_1
tissuemnist,L90_G90,ViTB16,2,tralo,56.0,154,154,171,2400,142,0.4665493208192506,0.5046153846153846,0.5046153846153846,0.48820408727571996,0.48625143629860906,0.5903992821893226,results/pending_runs/paper_final/lane2/ViTB16/tissuemnist/L90_G90/tralo/seed_2
tissuemnist,L90_G90,ViTB16,4,danits_lp,0.0,154,154,171,2400,150,0.43798497920642665,0.4528301886792453,0.4492307692307692,0.44239346778352595,0.4438178462106946,0.5563032750112158,results/pending_runs/paper_final/lane2/ViTB16/tissuemnist/L90_G90/danits_lp/seed_4
tissuemnist,L90_G90,ViTB16,3,danits_lp,0.0,154,154,171,2400,147,0.49104628797424765,0.4873417721518987,0.5046153846153846,0.4612165421138432,0.4549243145577392,0.5648272768057425,results/pending_runs/paper_final/lane2/ViTB16/tissuemnist/L90_G90/danits_lp/seed_3
tissuemnist,L90_G90,ViTB16,1,danits_lp,0.0,154,154,171,2400,212,0.4986443597802165,0.49230769230769234,0.49230769230769234,0.4855636843841545,0.48284375693905507,0.5895020188425303,results/pending_runs/paper_final/lane2/ViTB16/tissuemnist/L90_G90/danits_lp/seed_1
tissuemnist,L90_G90,ViTB16,2,danits_lp,0.0,154,154,171,2400,122,0.46898510574782415,0.49829351535836175,0.5046153846153846,0.47317909049028195,0.47520347220176806,0.5872588604755495,results/pending_runs/paper_final/lane2/ViTB16/tissuemnist/L90_G90/danits_lp/seed_2
tissuemnist,L90_G90,ViTB16,4,fioretto_ldf,4.0,154,154,171,2400,123,0.43078715745348767,0.4553846153846154,0.4553846153846154,0.48196678122237846,0.4896728676455958,0.6069986541049798,results/pending_runs/paper_final/lane2/ViTB16/tissuemnist/L90_G90/fioretto_ldf/seed_4
tissuemnist,L90_G90,ViTB16,3,fioretto_ldf,9.0,154,154,171,2400,126,0.4973073379869705,0.5046153846153846,0.5046153846153846,0.47626883074376675,0.4725271365652454,0.588604755495738,results/pending_runs/paper_final/lane2/ViTB16/tissuemnist/L90_G90/fioretto_ldf/seed_3
tissuemnist,L90_G90,ViTB16,1,fioretto_ldf,9.0,154,154,171,2400,139,0.5130772521859205,0.5107692307692308,0.5107692307692308,0.5120937958211335,0.5141498801569796,0.6092418124719605,results/pending_runs/paper_final/lane2/ViTB16/tissuemnist/L90_G90/fioretto_ldf/seed_1
tissuemnist,L90_G90,ViTB16,2,fioretto_ldf,4.0,154,154,171,2400,139,0.46277559074362246,0.5046153846153846,0.5046153846153846,0.49154347553082456,0.4909933415005376,0.5859129654553612,results/pending_runs/paper_final/lane2/ViTB16/tissuemnist/L90_G90/fioretto_ldf/seed_2
tissuemnist,L90_G90,ViTB16,4,tralo_bounded,54.0,154,154,171,2400,123,0.4308999099810818,0.4553846153846154,0.4553846153846154,0.48196678122237846,0.4896728676455958,0.6069986541049798,results/pending_runs/paper_final/lane2/ViTB16/tissuemnist/L90_G90/tralo_bounded/seed_4
tissuemnist,L90_G90,ViTB16,3,tralo_bounded,65.0,154,154,171,2400,136,0.4966753807700783,0.5107692307692308,0.5046153846153846,0.47708700749840416,0.4741673285483475,0.588604755495738,results/pending_runs/paper_final/lane2/ViTB16/tissuemnist/L90_G90/tralo_bounded/seed_3
tissuemnist,L90_G90,ViTB16,1,tralo_bounded,60.0,154,154,171,2400,142,0.5137263526439534,0.5107692307692308,0.5107692307692308,0.5124867689446438,0.5142901347120806,0.6092418124719605,results/pending_runs/paper_final/lane2/ViTB16/tissuemnist/L90_G90/tralo_bounded/seed_1
tissuemnist,L90_G90,ViTB16,2,tralo_bounded,54.0,154,154,171,2400,137,0.4626751259258572,0.5046153846153846,0.5046153846153846,0.49165594677428137,0.49075818169248114,0.5863615971287572,results/pending_runs/paper_final/lane2/ViTB16/tissuemnist/L90_G90/tralo_bounded/seed_2
tissuemnist,L90_G90,ViTB16,4,heuristic,0.0,154,154,171,2400,150,0.43798497920642665,0.4492307692307692,0.4492307692307692,0.44239346778352595,0.4438178462106946,0.5563032750112158,results/pending_runs/paper_final/lane2/ViTB16/tissuemnist/L90_G90/heuristic/seed_4
tissuemnist,L90_G90,ViTB16,3,heuristic,0.0,154,154,171,2400,147,0.49104628797424765,0.5046153846153846,0.5046153846153846,0.4612165421138432,0.4549243145577392,0.5648272768057425,results/pending_runs/paper_final/lane2/ViTB16/tissuemnist/L90_G90/heuristic/seed_3
tissuemnist,L90_G90,ViTB16,1,heuristic,0.0,154,154,171,2400,212,0.4986443597802165,0.49230769230769234,0.49230769230769234,0.4855636843841545,0.48284375693905507,0.5895020188425303,results/pending_runs/paper_final/lane2/ViTB16/tissuemnist/L90_G90/heuristic/seed_1
tissuemnist,L90_G90,ViTB16,2,heuristic,0.0,154,154,171,2400,122,0.46898510574782415,0.5046153846153846,0.5046153846153846,0.47317909049028195,0.47520347220176806,0.5872588604755495,results/pending_runs/paper_final/lane2/ViTB16/tissuemnist/L90_G90/heuristic/seed_2
octmnist,L30_G30,ViTB16,4,hounie_rcl,102.0,75,75,250,1000,53,0.6984509697816516,0.33663366336633666,0.4123076923076923,0.722456960977417,0.8187063358159303,0.92,results/pending_runs/paper_final/lane2/ViTB16/octmnist/L30_G30/hounie_rcl/seed_4
octmnist,L30_G30,ViTB16,3,hounie_rcl,89.0,75,75,250,1000,67,0.7311262134812171,0.3911671924290221,0.41846153846153844,0.7213463050537354,0.8192655696325422,0.912,results/pending_runs/paper_final/lane2/ViTB16/octmnist/L30_G30/hounie_rcl/seed_3
octmnist,L30_G30,ViTB16,1,hounie_rcl,105.0,75,75,250,1000,48,0.7234411184921926,0.30201342281879195,0.40615384615384614,0.7162206845635306,0.8106500155439353,0.912,results/pending_runs/paper_final/lane2/ViTB16/octmnist/L30_G30/hounie_rcl/seed_1
octmnist,L30_G30,ViTB16,2,hounie_rcl,125.0,75,75,250,1000,46,0.7264475886079125,0.2972972972972973,0.4369230769230769,0.7106879656120741,0.7924699654488224,0.892,results/pending_runs/paper_final/lane2/ViTB16/octmnist/L30_G30/hounie_rcl/seed_2
octmnist,L30_G30,ViTB16,4,tralo,83.0,75,75,250,1000,74,0.7311617293803802,0.42592592592592593,0.4246153846153846,0.7305087669485714,0.8331978001939312,0.9266666666666666,results/pending_runs/paper_final/lane2/ViTB16/octmnist/L30_G30/tralo/seed_4
octmnist,L30_G30,ViTB16,3,tralo,76.0,75,75,250,1000,74,0.7356291777619293,0.41358024691358025,0.41846153846153844,0.7236870181100952,0.82503882905899,0.916,results/pending_runs/paper_final/lane2/ViTB16/octmnist/L30_G30/tralo/seed_3
octmnist,L30_G30,ViTB16,1,tralo,78.0,75,75,250,1000,72,0.7413337130019612,0.4161490683229814,0.41846153846153844,0.7245814035869625,0.8254439645942336,0.9173333333333333,results/pending_runs/paper_final/lane2/ViTB16/octmnist/L30_G30/tralo/seed_1
octmnist,L30_G30,ViTB16,2,tralo,98.0,75,75,250,1000,74,0.7598108397694324,0.43209876543209874,0.4369230769230769,0.713887203511856,0.805819778442696,0.896,results/pending_runs/paper_final/lane2/ViTB16/octmnist/L30_G30/tralo/seed_2
octmnist,L30_G30,ViTB16,4,danits_lp,0.0,75,75,250,1000,156,0.7989067120918417,0.4369230769230769,0.4369230769230769,0.7176026895069658,0.8365197293014602,0.8893333333333333,results/pending_runs/paper_final/lane2/ViTB16/octmnist/L30_G30/danits_lp/seed_4
octmnist,L30_G30,ViTB16,3,danits_lp,0.0,75,75,250,1000,166,0.8157757544963867,0.4430769230769231,0.4430769230769231,0.7330735457001939,0.8496371303257529,0.8973333333333333,results/pending_runs/paper_final/lane2/ViTB16/octmnist/L30_G30/danits_lp/seed_3
octmnist,L30_G30,ViTB16,1,danits_lp,0.0,75,75,250,1000,185,0.7910338626036266,0.4123076923076923,0.41846153846153844,0.7091117371282605,0.8380445745653748,0.876,results/pending_runs/paper_final/lane2/ViTB16/octmnist/L30_G30/danits_lp/seed_1
octmnist,L30_G30,ViTB16,2,danits_lp,0.0,75,75,250,1000,165,0.8128095948005685,0.4553846153846154,0.46153846153846156,0.7130346676241452,0.8193731337840223,0.864,results/pending_runs/paper_final/lane2/ViTB16/octmnist/L30_G30/danits_lp/seed_2
octmnist,L30_G30,ViTB16,4,fioretto_ldf,27.0,75,75,250,1000,59,0.7015366768470118,0.3559870550161812,0.41846153846153844,0.7256569532225698,0.8238249909453753,0.9226666666666666,results/pending_runs/paper_final/lane2/ViTB16/octmnist/L30_G30/fioretto_ldf/seed_4
octmnist,L30_G30,ViTB16,3,fioretto_ldf,24.0,75,75,250,1000,65,0.7347934190904203,0.38095238095238093,0.41846153846153844,0.72011722462502,0.8168584983813773,0.9106666666666666,results/pending_runs/paper_final/lane2/ViTB16/octmnist/L30_G30/fioretto_ldf/seed_3
octmnist,L30_G30,ViTB16,1,fioretto_ldf,30.0,75,75,250,1000,46,0.7261103024966914,0.2905405405405405,0.4123076923076923,0.7194151486844456,0.8096450740316715,0.912,results/pending_runs/paper_final/lane2/ViTB16/octmnist/L30_G30/fioretto_ldf/seed_1
octmnist,L30_G30,ViTB16,2,fioretto_ldf,29.0,75,75,250,1000,49,0.7354163704920477,0.31438127090301005,0.4369230769230769,0.7098096178574267,0.7928037863666605,0.892,results/pending_runs/paper_final/lane2/ViTB16/octmnist/L30_G30/fioretto_ldf/seed_2
octmnist,L30_G30,ViTB16,4,tralo_bounded,70.0,75,75,250,1000,57,0.6975549961189748,0.3517915309446254,0.41846153846153844,0.7256569532225698,0.8229166023936685,0.9226666666666666,results/pending_runs/paper_final/lane2/ViTB16/octmnist/L30_G30/tralo_bounded/seed_4
octmnist,L30_G30,ViTB16,3,tralo_bounded,350.0,75,75,250,1000,74,0.7375068757477563,0.4086687306501548,0.41846153846153844,0.72011722462502,0.8202827324467991,0.9106666666666666,results/pending_runs/paper_final/lane2/ViTB16/octmnist/L30_G30/tralo_bounded/seed_3
octmnist,L30_G30,ViTB16,1,tralo_bounded,73.0,75,75,250,1000,56,0.7324503215748198,0.33986928104575165,0.41846153846153844,0.7207056493926242,0.8134854475344367,0.912,results/pending_runs/paper_final/lane2/ViTB16/octmnist/L30_G30/tralo_bounded/seed_1
octmnist,L30_G30,ViTB16,2,tralo_bounded,73.0,75,75,250,1000,48,0.7333109382656663,0.3087248322147651,0.4369230769230769,0.7099368558336747,0.7926326621163632,0.892,results/pending_runs/paper_final/lane2/ViTB16/octmnist/L30_G30/tralo_bounded/seed_2
octmnist,L30_G30,ViTB16,4,heuristic,0.0,75,75,250,1000,156,0.7989067120918417,0.4369230769230769,0.4369230769230769,0.7176026895069658,0.8365197293014602,0.8893333333333333,results/pending_runs/paper_final/lane2/ViTB16/octmnist/L30_G30/heuristic/seed_4
octmnist,L30_G30,ViTB16,3,heuristic,0.0,75,75,250,1000,166,0.8157757544963867,0.4430769230769231,0.4430769230769231,0.7330735457001939,0.8496371303257529,0.8973333333333333,results/pending_runs/paper_final/lane2/ViTB16/octmnist/L30_G30/heuristic/seed_3
octmnist,L30_G30,ViTB16,1,heuristic,0.0,75,75,250,1000,185,0.7910338626036266,0.41846153846153844,0.41846153846153844,0.7091117371282605,0.8380445745653748,0.876,results/pending_runs/paper_final/lane2/ViTB16/octmnist/L30_G30/heuristic/seed_1
octmnist,L30_G30,ViTB16,2,heuristic,0.0,75,75,250,1000,165,0.8128095948005685,0.46153846153846156,0.46153846153846156,0.7130346676241452,0.8193731337840223,0.864,results/pending_runs/paper_final/lane2/ViTB16/octmnist/L30_G30/heuristic/seed_2
octmnist,L60_G60,ViTB16,4,hounie_rcl,137.0,150,149,250,1000,131,0.7802487134898827,0.6265664160401002,0.6265664160401002,0.7918594947341129,0.8455516307610697,0.9106666666666666,results/pending_runs/paper_final/lane2/ViTB16/octmnist/L60_G60/hounie_rcl/seed_4
octmnist,L60_G60,ViTB16,3,hounie_rcl,99.0,150,149,250,1000,145,0.7942823492139014,0.6516290726817042,0.6516290726817042,0.8071746387042334,0.8595381288792009,0.9186666666666666,results/pending_runs/paper_final/lane2/ViTB16/octmnist/L60_G60/hounie_rcl/seed_3
octmnist,L60_G60,ViTB16,1,hounie_rcl,102.0,150,149,250,1000,138,0.7954045511210219,0.6265664160401002,0.6265664160401002,0.7948084705381441,0.8477809163131814,0.9093333333333333,results/pending_runs/paper_final/lane2/ViTB16/octmnist/L60_G60/hounie_rcl/seed_1
octmnist,L60_G60,ViTB16,2,hounie_rcl,94.0,150,149,250,1000,133,0.8040271736395563,0.6466165413533834,0.6466165413533834,0.7815991003062233,0.8215449415977742,0.884,results/pending_runs/paper_final/lane2/ViTB16/octmnist/L60_G60/hounie_rcl/seed_2
octmnist,L60_G60,ViTB16,4,tralo,81.0,150,149,250,1000,147,0.7902532365416994,0.6365914786967418,0.6365914786967418,0.795447000790184,0.8474587616997136,0.904,results/pending_runs/paper_final/lane2/ViTB16/octmnist/L60_G60/tralo/seed_4
octmnist,L60_G60,ViTB16,3,tralo,96.0,150,149,250,1000,147,0.8061176249234506,0.656641604010025,0.656641604010025,0.8095163711620128,0.8607521999268227,0.9186666666666666,results/pending_runs/paper_final/lane2/ViTB16/octmnist/L60_G60/tralo/seed_3
octmnist,L60_G60,ViTB16,1,tralo,68.0,150,149,250,1000,147,0.7994680419390584,0.6265664160401002,0.6265664160401002,0.7957456031571986,0.8511975210979358,0.908,results/pending_runs/paper_final/lane2/ViTB16/octmnist/L60_G60/tralo/seed_1
octmnist,L60_G60,ViTB16,2,tralo,72.0,150,149,250,1000,147,0.807701156259808,0.6516290726817042,0.6516290726817042,0.7837270017535936,0.8268549264999568,0.8826666666666667,results/pending_runs/paper_final/lane2/ViTB16/octmnist/L60_G60/tralo/seed_2
octmnist,L60_G60,ViTB16,4,danits_lp,0.0,150,149,250,1000,156,0.7989067120918417,0.6464646464646465,0.6516290726817042,0.7895274699256852,0.8365197293014602,0.8893333333333333,results/pending_runs/paper_final/lane2/ViTB16/octmnist/L60_G60/danits_lp/seed_4
octmnist,L60_G60,ViTB16,3,danits_lp,0.0,150,149,250,1000,166,0.8157757544963867,0.6466165413533834,0.6466165413533834,0.7987307403882166,0.8496371303257529,0.8973333333333333,results/pending_runs/paper_final/lane2/ViTB16/octmnist/L60_G60/danits_lp/seed_3
octmnist,L60_G60,ViTB16,1,danits_lp,0.0,150,149,250,1000,185,0.7910338626036266,0.6265664160401002,0.6265664160401002,0.783057165697495,0.8380445745653748,0.876,results/pending_runs/paper_final/lane2/ViTB16/octmnist/L60_G60/danits_lp/seed_1
octmnist,L60_G60,ViTB16,2,danits_lp,0.0,150,149,250,1000,165,0.8128095948005685,0.6700251889168766,0.6716791979949874,0.7841234275872497,0.8193731337840223,0.864,results/pending_runs/paper_final/lane2/ViTB16/octmnist/L60_G60/danits_lp/seed_2
octmnist,L60_G60,ViTB16,4,fioretto_ldf,13.0,150,149,250,1000,126,0.7747440819108365,0.6215538847117794,0.6215538847117794,0.7897266474409053,0.8429205288827308,0.9106666666666666,results/pending_runs/paper_final/lane2/ViTB16/octmnist/L60_G60/fioretto_ldf/seed_4
octmnist,L60_G60,ViTB16,3,fioretto_ldf,8.0,150,149,250,1000,145,0.7961252400566328,0.6516290726817042,0.6516290726817042,0.8080590257138648,0.860781607819229,0.92,results/pending_runs/paper_final/lane2/ViTB16/octmnist/L60_G60/fioretto_ldf/seed_3
octmnist,L60_G60,ViTB16,1,fioretto_ldf,18.0,150,149,250,1000,137,0.79385204242049,0.6215538847117794,0.6215538847117794,0.792662596514354,0.8473453217239744,0.9093333333333333,results/pending_runs/paper_final/lane2/ViTB16/octmnist/L60_G60/fioretto_ldf/seed_1
octmnist,L60_G60,ViTB16,2,fioretto_ldf,12.0,150,149,250,1000,127,0.8011092148181207,0.6466165413533834,0.6466165413533834,0.7816834945536812,0.8222107249394751,0.888,results/pending_runs/paper_final/lane2/ViTB16/octmnist/L60_G60/fioretto_ldf/seed_2
octmnist,L60_G60,ViTB16,4,tralo_bounded,350.0,150,149,250,1000,132,0.7776583934174762,0.6265664160401002,0.6265664160401002,0.7918594947341129,0.8434693644132238,0.908,results/pending_runs/paper_final/lane2/ViTB16/octmnist/L60_G60/tralo_bounded/seed_4
octmnist,L60_G60,ViTB16,3,tralo_bounded,61.0,150,149,250,1000,146,0.7950658142959639,0.6466165413533834,0.6516290726817042,0.8080590257138648,0.8600145745941673,0.9186666666666666,results/pending_runs/paper_final/lane2/ViTB16/octmnist/L60_G60/tralo_bounded/seed_3
octmnist,L60_G60,ViTB16,1,tralo_bounded,68.0,150,149,250,1000,137,0.7922650837805486,0.6265664160401002,0.6265664160401002,0.7948084705381441,0.8485267642158317,0.9106666666666666,results/pending_runs/paper_final/lane2/ViTB16/octmnist/L60_G60/tralo_bounded/seed_1
octmnist,L60_G60,ViTB16,2,tralo_bounded,65.0,150,149,250,1000,129,0.8022565903055272,0.6466165413533834,0.6466165413533834,0.7816834945536812,0.8220951078251063,0.8866666666666667,results/pending_runs/paper_final/lane2/ViTB16/octmnist/L60_G60/tralo_bounded/seed_2
octmnist,L60_G60,ViTB16,4,heuristic,0.0,150,149,250,1000,156,0.7989067120918417,0.6516290726817042,0.6516290726817042,0.7895274699256852,0.8365197293014602,0.8893333333333333,results/pending_runs/paper_final/lane2/ViTB16/octmnist/L60_G60/heuristic/seed_4
octmnist,L60_G60,ViTB16,3,heuristic,0.0,150,149,250,1000,166,0.8157757544963867,0.6466165413533834,0.6466165413533834,0.7987307403882166,0.8496371303257529,0.8973333333333333,results/pending_runs/paper_final/lane2/ViTB16/octmnist/L60_G60/heuristic/seed_3
octmnist,L60_G60,ViTB16,1,heuristic,0.0,150,149,250,1000,185,0.7910338626036266,0.6265664160401002,0.6265664160401002,0.783057165697495,0.8380445745653748,0.876,results/pending_runs/paper_final/lane2/ViTB16/octmnist/L60_G60/heuristic/seed_1
octmnist,L60_G60,ViTB16,2,heuristic,0.0,150,149,250,1000,165,0.8128095948005685,0.6716791979949874,0.6716791979949874,0.7841234275872497,0.8193731337840223,0.864,results/pending_runs/paper_final/lane2/ViTB16/octmnist/L60_G60/heuristic/seed_2
octmnist,L90_G90,ViTB16,4,hounie_rcl,4.0,225,225,250,1000,153,0.7931458664810722,0.6905263157894737,0.6905263157894737,0.8093066832330894,0.8548085998404346,0.9093333333333333,results/pending_runs/paper_final/lane2/ViTB16/octmnist/L90_G90/hounie_rcl/seed_4
octmnist,L90_G90,ViTB16,3,hounie_rcl,4.0,225,225,250,1000,155,0.7970047143583838,0.6905263157894737,0.6905263157894737,0.8105408423594781,0.8556296710229576,0.9093333333333333,results/pending_runs/paper_final/lane2/ViTB16/octmnist/L90_G90/hounie_rcl/seed_3
octmnist,L90_G90,ViTB16,1,hounie_rcl,4.0,225,225,250,1000,186,0.8078478508393169,0.72,0.72,0.8270123114652238,0.8626297834226831,0.8986666666666666,results/pending_runs/paper_final/lane2/ViTB16/octmnist/L90_G90/hounie_rcl/seed_1
octmnist,L90_G90,ViTB16,2,hounie_rcl,4.0,225,225,250,1000,158,0.8042989280051009,0.7031578947368421,0.7031578947368421,0.7979623688182397,0.826950073875731,0.8773333333333333,results/pending_runs/paper_final/lane2/ViTB16/octmnist/L90_G90/hounie_rcl/seed_2
octmnist,L90_G90,ViTB16,4,tralo,54.0,225,225,250,1000,161,0.7871047155497837,0.6989473684210527,0.6989473684210527,0.8107949628800476,0.8496342452638709,0.8986666666666666,results/pending_runs/paper_final/lane2/ViTB16/octmnist/L90_G90/tralo/seed_4
octmnist,L90_G90,ViTB16,3,tralo,54.0,225,225,250,1000,157,0.7935731590008807,0.6989473684210527,0.6989473684210527,0.8159066952400085,0.8567467230681612,0.9093333333333333,results/pending_runs/paper_final/lane2/ViTB16/octmnist/L90_G90/tralo/seed_3
octmnist,L90_G90,ViTB16,1,tralo,54.0,225,225,250,1000,188,0.8132486433932824,0.7326315789473684,0.7326315789473684,0.8312074126868128,0.8650987255361012,0.9,results/pending_runs/paper_final/lane2/ViTB16/octmnist/L90_G90/tralo/seed_1
octmnist,L90_G90,ViTB16,2,tralo,54.0,225,225,250,1000,169,0.819483311972074,0.7242105263157895,0.7242105263157895,0.8137300016095284,0.8347663578118355,0.88,results/pending_runs/paper_final/lane2/ViTB16/octmnist/L90_G90/tralo/seed_2
octmnist,L90_G90,ViTB16,4,danits_lp,0.0,225,225,250,1000,156,0.7989067120918417,0.6551724137931034,0.7157894736842105,0.8097174761641613,0.8365197293014602,0.8893333333333333,results/pending_runs/paper_final/lane2/ViTB16/octmnist/L90_G90/danits_lp/seed_4
octmnist,L90_G90,ViTB16,3,danits_lp,0.0,225,225,250,1000,166,0.8157757544963867,0.6586538461538461,0.7115789473684211,0.8151951722557482,0.8496371303257529,0.8973333333333333,results/pending_runs/paper_final/lane2/ViTB16/octmnist/L90_G90/danits_lp/seed_3
octmnist,L90_G90,ViTB16,1,danits_lp,0.0,225,225,250,1000,185,0.7910338626036266,0.6574712643678161,0.6989473684210527,0.8048144808711021,0.8380445745653748,0.876,results/pending_runs/paper_final/lane2/ViTB16/octmnist/L90_G90/danits_lp/seed_1
octmnist,L90_G90,ViTB16,2,danits_lp,0.0,225,225,250,1000,165,0.8128095948005685,0.6650602409638554,0.7157894736842105,0.7963548144153545,0.8193731337840223,0.864,results/pending_runs/paper_final/lane2/ViTB16/octmnist/L90_G90/danits_lp/seed_2
octmnist,L90_G90,ViTB16,4,fioretto_ldf,4.0,225,225,250,1000,153,0.7931068654497743,0.6905263157894737,0.6905263157894737,0.8093066832330894,0.8548085998404346,0.9093333333333333,results/pending_runs/paper_final/lane2/ViTB16/octmnist/L90_G90/fioretto_ldf/seed_4
octmnist,L90_G90,ViTB16,3,fioretto_ldf,4.0,225,225,250,1000,155,0.7969441107861841,0.6905263157894737,0.6905263157894737,0.8105408423594781,0.8556296710229576,0.9093333333333333,results/pending_runs/paper_final/lane2/ViTB16/octmnist/L90_G90/fioretto_ldf/seed_3
octmnist,L90_G90,ViTB16,1,fioretto_ldf,4.0,225,225,250,1000,186,0.8078514850004314,0.72,0.72,0.8270123114652238,0.8626297834226831,0.8986666666666666,results/pending_runs/paper_final/lane2/ViTB16/octmnist/L90_G90/fioretto_ldf/seed_1
octmnist,L90_G90,ViTB16,2,fioretto_ldf,4.0,225,225,250,1000,158,0.8043165412794377,0.7031578947368421,0.7031578947368421,0.7979623688182397,0.826950073875731,0.8773333333333333,results/pending_runs/paper_final/lane2/ViTB16/octmnist/L90_G90/fioretto_ldf/seed_2
octmnist,L90_G90,ViTB16,4,tralo_bounded,54.0,225,225,250,1000,153,0.7932161460682786,0.6905263157894737,0.6905263157894737,0.8093066832330894,0.8548085998404346,0.9093333333333333,results/pending_runs/paper_final/lane2/ViTB16/octmnist/L90_G90/tralo_bounded/seed_4
octmnist,L90_G90,ViTB16,3,tralo_bounded,54.0,225,225,250,1000,155,0.7970055585751145,0.6905263157894737,0.6905263157894737,0.8105408423594781,0.8556296710229576,0.9093333333333333,results/pending_runs/paper_final/lane2/ViTB16/octmnist/L90_G90/tralo_bounded/seed_3
octmnist,L90_G90,ViTB16,1,tralo_bounded,54.0,225,225,250,1000,186,0.8078479250508197,0.72,0.72,0.8270123114652238,0.8626297834226831,0.8986666666666666,results/pending_runs/paper_final/lane2/ViTB16/octmnist/L90_G90/tralo_bounded/seed_1
octmnist,L90_G90,ViTB16,2,tralo_bounded,54.0,225,225,250,1000,158,0.8043185805403992,0.7031578947368421,0.7031578947368421,0.7979623688182397,0.826950073875731,0.8773333333333333,results/pending_runs/paper_final/lane2/ViTB16/octmnist/L90_G90/tralo_bounded/seed_2
octmnist,L90_G90,ViTB16,4,heuristic,0.0,225,225,250,1000,156,0.7989067120918417,0.7157894736842105,0.7157894736842105,0.8097174761641613,0.8365197293014602,0.8893333333333333,results/pending_runs/paper_final/lane2/ViTB16/octmnist/L90_G90/heuristic/seed_4
octmnist,L90_G90,ViTB16,3,heuristic,0.0,225,225,250,1000,166,0.8157757544963867,0.7115789473684211,0.7115789473684211,0.8151951722557482,0.8496371303257529,0.8973333333333333,results/pending_runs/paper_final/lane2/ViTB16/octmnist/L90_G90/heuristic/seed_3
octmnist,L90_G90,ViTB16,1,heuristic,0.0,225,225,250,1000,185,0.7910338626036266,0.6989473684210527,0.6989473684210527,0.8048144808711021,0.8380445745653748,0.876,results/pending_runs/paper_final/lane2/ViTB16/octmnist/L90_G90/heuristic/seed_1
octmnist,L90_G90,ViTB16,2,heuristic,0.0,225,225,250,1000,165,0.8128095948005685,0.7157894736842105,0.7157894736842105,0.7963548144153545,0.8193731337840223,0.864,results/pending_runs/paper_final/lane2/ViTB16/octmnist/L90_G90/heuristic/seed_2
dermmnist,L60_G60,RegNetY400MF,4,hounie_rcl,42.0,134,134,223,2003,105,0.6910875351890117,0.5826330532212886,0.5826330532212886,0.7533683170994429,0.7763533542294665,0.9117977528089888,results/pending_runs/paper_final/lane2/RegNetY400MF/dermmnist/L60_G60/hounie_rcl/seed_4
dermmnist,L60_G60,RegNetY400MF,3,hounie_rcl,39.0,134,134,223,2003,109,0.6889843458097412,0.5994397759103641,0.5994397759103641,0.7381693593255473,0.7588438989037902,0.9028089887640449,results/pending_runs/paper_final/lane2/RegNetY400MF/dermmnist/L60_G60/hounie_rcl/seed_3
dermmnist,L60_G60,RegNetY400MF,1,hounie_rcl,31.0,134,134,223,2003,104,0.6944749717992428,0.5994397759103641,0.5994397759103641,0.746710546279511,0.7691152873176025,0.9112359550561798,results/pending_runs/paper_final/lane2/RegNetY400MF/dermmnist/L60_G60/hounie_rcl/seed_1
dermmnist,L60_G60,RegNetY400MF,2,hounie_rcl,44.0,134,134,223,2003,114,0.7014698877231238,0.5994397759103641,0.5994397759103641,0.7500980068017553,0.7741352436685558,0.9095505617977528,results/pending_runs/paper_final/lane2/RegNetY400MF/dermmnist/L60_G60/hounie_rcl/seed_2
dermmnist,L60_G60,RegNetY400MF,4,tralo,96.0,134,134,223,2003,133,0.6905158416453355,0.5826330532212886,0.5882352941176471,0.7372406596688137,0.7620196045807682,0.9011235955056179,results/pending_runs/paper_final/lane2/RegNetY400MF/dermmnist/L60_G60/tralo/seed_4
dermmnist,L60_G60,RegNetY400MF,3,tralo,82.0,134,134,223,2003,131,0.695152143989458,0.5938375350140056,0.5938375350140056,0.7474094230979433,0.7713739635015738,0.902247191011236,results/pending_runs/paper_final/lane2/RegNetY400MF/dermmnist/L60_G60/tralo/seed_3
dermmnist,L60_G60,RegNetY400MF,1,tralo,75.0,134,134,223,2003,131,0.700997176172699,0.5882352941176471,0.5826330532212886,0.7427662125524085,0.7715207583667394,0.9073033707865169,results/pending_runs/paper_final/lane2/RegNetY400MF/dermmnist/L60_G60/tralo/seed_1
dermmnist,L60_G60,RegNetY400MF,2,tralo,79.0,134,134,223,2003,131,0.6902867670120209,0.5882352941176471,0.5882352941176471,0.7480518691798261,0.7738546457954998,0.9056179775280899,results/pending_runs/paper_final/lane2/RegNetY400MF/dermmnist/L60_G60/tralo/seed_2
dermmnist,L60_G60,RegNetY400MF,4,danits_lp,0.0,134,134,223,2003,197,0.7015485772911337,0.5770308123249299,0.5770308123249299,0.7230507697990015,0.7470154358256157,0.8808988764044944,results/pending_runs/paper_final/lane2/RegNetY400MF/dermmnist/L60_G60/danits_lp/seed_4
dermmnist,L60_G60,RegNetY400MF,3,danits_lp,0.0,134,134,223,2003,174,0.6915014341813639,0.5882352941176471,0.5826330532212886,0.7347945494189111,0.7631946378560919,0.8904494382022472,results/pending_runs/paper_final/lane2/RegNetY400MF/dermmnist/L60_G60/danits_lp/seed_3
dermmnist,L60_G60,RegNetY400MF,1,danits_lp,0.0,134,134,223,2003,152,0.7057514318572579,0.5955056179775281,0.5938375350140056,0.7413681525721202,0.7689584920415982,0.9028089887640449,results/pending_runs/paper_final/lane2/RegNetY400MF/dermmnist/L60_G60/danits_lp/seed_1
dermmnist,L60_G60,RegNetY400MF,2,danits_lp,0.0,134,134,223,2003,180,0.6941009292122404,0.5882352941176471,0.5826330532212886,0.7340391127427984,0.7695552929570978,0.8921348314606742,results/pending_runs/paper_final/lane2/RegNetY400MF/dermmnist/L60_G60/danits_lp/seed_2
dermmnist,L60_G60,RegNetY400MF,4,fioretto_ldf,20.0,134,134,223,2003,121,0.6947777185043853,0.5938375350140056,0.5882352941176471,0.7460846086006155,0.7713972811435684,0.9078651685393259,results/pending_runs/paper_final/lane2/RegNetY400MF/dermmnist/L60_G60/fioretto_ldf/seed_4
dermmnist,L60_G60,RegNetY400MF,3,fioretto_ldf,18.0,134,134,223,2003,122,0.6916131973245487,0.5938375350140056,0.5938375350140056,0.7440077365700611,0.766840064157947,0.900561797752809,results/pending_runs/paper_final/lane2/RegNetY400MF/dermmnist/L60_G60/fioretto_ldf/seed_3
dermmnist,L60_G60,RegNetY400MF,1,fioretto_ldf,16.0,134,134,223,2003,127,0.7012962116499778,0.5994397759103641,0.5938375350140056,0.7455141902995222,0.7687509919452542,0.9061797752808989,results/pending_runs/paper_final/lane2/RegNetY400MF/dermmnist/L60_G60/fioretto_ldf/seed_1
dermmnist,L60_G60,RegNetY400MF,2,fioretto_ldf,18.0,134,134,223,2003,126,0.7044440368543999,0.5994397759103641,0.5938375350140056,0.7491420172986942,0.7749898326936138,0.9089887640449438,results/pending_runs/paper_final/lane2/RegNetY400MF/dermmnist/L60_G60/fioretto_ldf/seed_2
dermmnist,L60_G60,RegNetY400MF,4,tralo_bounded,63.0,134,134,223,2003,108,0.6915563181176244,0.5882352941176471,0.5882352941176471,0.7497521564898406,0.7724864272399555,0.9089887640449438,results/pending_runs/paper_final/lane2/RegNetY400MF/dermmnist/L60_G60/tralo_bounded/seed_4
dermmnist,L60_G60,RegNetY400MF,3,tralo_bounded,61.0,134,134,223,2003,122,0.6923361906239228,0.5938375350140056,0.5938375350140056,0.7434214438100578,0.7661561211601488,0.9,results/pending_runs/paper_final/lane2/RegNetY400MF/dermmnist/L60_G60/tralo_bounded/seed_3
dermmnist,L60_G60,RegNetY400MF,1,tralo_bounded,60.0,134,134,223,2003,110,0.6958752636670268,0.6050420168067226,0.6050420168067226,0.7463695552952918,0.7689035461321857,0.9095505617977528,results/pending_runs/paper_final/lane2/RegNetY400MF/dermmnist/L60_G60/tralo_bounded/seed_1
dermmnist,L60_G60,RegNetY400MF,2,tralo_bounded,350.0,134,134,223,2003,128,0.7039952971833443,0.5882352941176471,0.5882352941176471,0.7478541435153676,0.7745403217020992,0.9084269662921348,results/pending_runs/paper_final/lane2/RegNetY400MF/dermmnist/L60_G60/tralo_bounded/seed_2
dermmnist,L60_G60,RegNetY400MF,4,heuristic,0.0,134,134,223,2003,197,0.7015485772911337,0.5770308123249299,0.5770308123249299,0.7230507697990015,0.7470154358256157,0.8808988764044944,results/pending_runs/paper_final/lane2/RegNetY400MF/dermmnist/L60_G60/heuristic/seed_4
dermmnist,L60_G60,RegNetY400MF,3,heuristic,0.0,134,134,223,2003,174,0.6915014341813639,0.5826330532212886,0.5826330532212886,0.7347945494189111,0.7631946378560919,0.8904494382022472,results/pending_runs/paper_final/lane2/RegNetY400MF/dermmnist/L60_G60/heuristic/seed_3
dermmnist,L60_G60,RegNetY400MF,1,heuristic,0.0,134,134,223,2003,152,0.7057514318572579,0.5938375350140056,0.5938375350140056,0.7413681525721202,0.7689584920415982,0.9028089887640449,results/pending_runs/paper_final/lane2/RegNetY400MF/dermmnist/L60_G60/heuristic/seed_1
dermmnist,L60_G60,RegNetY400MF,2,heuristic,0.0,134,134,223,2003,180,0.6941009292122404,0.5826330532212886,0.5826330532212886,0.7340391127427984,0.7695552929570978,0.8921348314606742,results/pending_runs/paper_final/lane2/RegNetY400MF/dermmnist/L60_G60/heuristic/seed_2
dermmnist,L90_G90,RegNetY400MF,4,hounie_rcl,37.0,201,200,223,2003,183,0.7048472166862003,0.6382978723404256,0.6430260047281324,0.7633876814095361,0.7846915156920135,0.898876404494382,results/pending_runs/paper_final/lane2/RegNetY400MF/dermmnist/L90_G90/hounie_rcl/seed_4
dermmnist,L90_G90,RegNetY400MF,3,hounie_rcl,50.0,201,200,223,2003,179,0.7030277224854353,0.6572104018912529,0.6572104018912529,0.7697136674791454,0.7912947242831739,0.8966292134831461,results/pending_runs/paper_final/lane2/RegNetY400MF/dermmnist/L90_G90/hounie_rcl/seed_3
dermmnist,L90_G90,RegNetY400MF,1,hounie_rcl,4.0,201,200,223,2003,186,0.7099252308126667,0.6619385342789598,0.6572104018912529,0.7506852765837758,0.7662061285041498,0.8949438202247191,results/pending_runs/paper_final/lane2/RegNetY400MF/dermmnist/L90_G90/hounie_rcl/seed_1
dermmnist,L90_G90,RegNetY400MF,2,hounie_rcl,4.0,201,200,223,2003,169,0.7060902438519242,0.6335697399527187,0.6335697399527187,0.7581073948720124,0.7777669605149292,0.8966292134831461,results/pending_runs/paper_final/lane2/RegNetY400MF/dermmnist/L90_G90/hounie_rcl/seed_2
dermmnist,L90_G90,RegNetY400MF,4,tralo,317.0,201,200,223,2003,197,0.7036423765333468,0.6430260047281324,0.6430260047281324,0.7529680349272009,0.7710179137268328,0.8915730337078651,results/pending_runs/paper_final/lane2/RegNetY400MF/dermmnist/L90_G90/tralo/seed_4
dermmnist,L90_G90,RegNetY400MF,3,tralo,64.0,201,200,223,2003,190,0.7020750758575582,0.6477541371158393,0.6477541371158393,0.7645162379570208,0.7821003089550601,0.8926966292134831,results/pending_runs/paper_final/lane2/RegNetY400MF/dermmnist/L90_G90/tralo/seed_3
dermmnist,L90_G90,RegNetY400MF,1,tralo,74.0,201,200,223,2003,192,0.710718198298703,0.6524822695035462,0.6524822695035462,0.7497971234996179,0.7679747524152063,0.8943820224719101,results/pending_runs/paper_final/lane2/RegNetY400MF/dermmnist/L90_G90/tralo/seed_1
dermmnist,L90_G90,RegNetY400MF,2,tralo,62.0,201,200,223,2003,198,0.6956682912246444,0.6430260047281324,0.6430260047281324,0.7651450849474833,0.7862953900975849,0.8943820224719101,results/pending_runs/paper_final/lane2/RegNetY400MF/dermmnist/L90_G90/tralo/seed_2
dermmnist,L90_G90,RegNetY400MF,4,danits_lp,0.0,201,200,223,2003,197,0.7015485772911337,0.6220095693779905,0.6193853427895981,0.7270214887464902,0.7470154358256157,0.8808988764044944,results/pending_runs/paper_final/lane2/RegNetY400MF/dermmnist/L90_G90/danits_lp/seed_4
dermmnist,L90_G90,RegNetY400MF,3,danits_lp,0.0,201,200,223,2003,174,0.6915014341813639,0.6246851385390428,0.6572104018912529,0.75023281174967,0.7631946378560919,0.8904494382022472,results/pending_runs/paper_final/lane2/RegNetY400MF/dermmnist/L90_G90/danits_lp/seed_3
dermmnist,L90_G90,RegNetY400MF,1,danits_lp,0.0,201,200,223,2003,152,0.7057514318572579,0.6346666666666667,0.6619385342789598,0.7525504659347947,0.7689584920415982,0.9028089887640449,results/pending_runs/paper_final/lane2/RegNetY400MF/dermmnist/L90_G90/danits_lp/seed_1
dermmnist,L90_G90,RegNetY400MF,2,danits_lp,0.0,201,200,223,2003,180,0.6941009292122404,0.6253101736972705,0.624113475177305,0.7538380853499799,0.7695552929570978,0.8921348314606742,results/pending_runs/paper_final/lane2/RegNetY400MF/dermmnist/L90_G90/danits_lp/seed_2
dermmnist,L90_G90,RegNetY400MF,4,fioretto_ldf,8.0,201,200,223,2003,178,0.7039937468036737,0.6430260047281324,0.6430260047281324,0.7633876814095361,0.7852093765588579,0.900561797752809,results/pending_runs/paper_final/lane2/RegNetY400MF/dermmnist/L90_G90/fioretto_ldf/seed_4
dermmnist,L90_G90,RegNetY400MF,3,fioretto_ldf,299.0,201,200,223,2003,152,0.6837312307114816,0.624113475177305,0.624113475177305,0.7474825990877969,0.7697467367342913,0.9011235955056179,results/pending_runs/paper_final/lane2/RegNetY400MF/dermmnist/L90_G90/fioretto_ldf/seed_3
dermmnist,L90_G90,RegNetY400MF,1,fioretto_ldf,4.0,201,200,223,2003,186,0.7099252308126667,0.6619385342789598,0.6572104018912529,0.7506852765837758,0.7662061285041498,0.8949438202247191,results/pending_runs/paper_final/lane2/RegNetY400MF/dermmnist/L90_G90/fioretto_ldf/seed_1
dermmnist,L90_G90,RegNetY400MF,2,fioretto_ldf,4.0,201,200,223,2003,169,0.7060902438519242,0.6335697399527187,0.6335697399527187,0.7581073948720124,0.7777669605149292,0.8966292134831461,results/pending_runs/paper_final/lane2/RegNetY400MF/dermmnist/L90_G90/fioretto_ldf/seed_2
dermmnist,L90_G90,RegNetY400MF,4,tralo_bounded,57.0,201,200,223,2003,178,0.7040457767528376,0.6430260047281324,0.6430260047281324,0.7633876814095361,0.7852093765588579,0.900561797752809,results/pending_runs/paper_final/lane2/RegNetY400MF/dermmnist/L90_G90/tralo_bounded/seed_4
dermmnist,L90_G90,RegNetY400MF,3,tralo_bounded,57.0,201,200,223,2003,178,0.7027126387216089,0.6619385342789598,0.6619385342789598,0.7718883630812233,0.7925478049735503,0.8966292134831461,results/pending_runs/paper_final/lane2/RegNetY400MF/dermmnist/L90_G90/tralo_bounded/seed_3
dermmnist,L90_G90,RegNetY400MF,1,tralo_bounded,54.0,201,200,223,2003,186,0.7099252308126667,0.6619385342789598,0.6572104018912529,0.7506852765837758,0.7662061285041498,0.8949438202247191,results/pending_runs/paper_final/lane2/RegNetY400MF/dermmnist/L90_G90/tralo_bounded/seed_1
dermmnist,L90_G90,RegNetY400MF,2,tralo_bounded,54.0,201,200,223,2003,169,0.7060902438519242,0.6335697399527187,0.6335697399527187,0.7581073948720124,0.7777669605149292,0.8966292134831461,results/pending_runs/paper_final/lane2/RegNetY400MF/dermmnist/L90_G90/tralo_bounded/seed_2
dermmnist,L90_G90,RegNetY400MF,4,heuristic,0.0,201,200,223,2003,197,0.7015485772911337,0.6193853427895981,0.6193853427895981,0.7270214887464902,0.7470154358256157,0.8808988764044944,results/pending_runs/paper_final/lane2/RegNetY400MF/dermmnist/L90_G90/heuristic/seed_4
dermmnist,L90_G90,RegNetY400MF,3,heuristic,0.0,201,200,223,2003,174,0.6915014341813639,0.6572104018912529,0.6572104018912529,0.75023281174967,0.7631946378560919,0.8904494382022472,results/pending_runs/paper_final/lane2/RegNetY400MF/dermmnist/L90_G90/heuristic/seed_3
dermmnist,L90_G90,RegNetY400MF,1,heuristic,0.0,201,200,223,2003,152,0.7057514318572579,0.6619385342789598,0.6619385342789598,0.7525504659347947,0.7689584920415982,0.9028089887640449,results/pending_runs/paper_final/lane2/RegNetY400MF/dermmnist/L90_G90/heuristic/seed_1
dermmnist,L90_G90,RegNetY400MF,2,heuristic,0.0,201,200,223,2003,180,0.6941009292122404,0.624113475177305,0.624113475177305,0.7538380853499799,0.7695552929570978,0.8921348314606742,results/pending_runs/paper_final/lane2/RegNetY400MF/dermmnist/L90_G90/heuristic/seed_2
tissuemnist,L60_G60,RegNetY400MF,4,hounie_rcl,65.0,103,102,171,2400,81,0.37066275854855624,0.3882783882783883,0.3882783882783883,0.422198946939475,0.4279703471273221,0.5325257963212203,results/pending_runs/paper_final/lane2/RegNetY400MF/tissuemnist/L60_G60/hounie_rcl/seed_4
tissuemnist,L60_G60,RegNetY400MF,3,hounie_rcl,59.0,103,102,171,2400,78,0.34069256492076305,0.3516483516483517,0.3516483516483517,0.4323112977687339,0.44376900390147894,0.5589950650515927,results/pending_runs/paper_final/lane2/RegNetY400MF/tissuemnist/L60_G60/hounie_rcl/seed_3
tissuemnist,L60_G60,RegNetY400MF,1,hounie_rcl,70.0,103,102,171,2400,83,0.3652295362071806,0.358974358974359,0.358974358974359,0.43403928544021814,0.4465456104970547,0.566173171825931,results/pending_runs/paper_final/lane2/RegNetY400MF/tissuemnist/L60_G60/hounie_rcl/seed_1
tissuemnist,L60_G60,RegNetY400MF,2,hounie_rcl,69.0,103,102,171,2400,82,0.3862506679326459,0.3882783882783883,0.3882783882783883,0.41942590703996946,0.4280688121071868,0.5513683266038583,results/pending_runs/paper_final/lane2/RegNetY400MF/tissuemnist/L60_G60/hounie_rcl/seed_2
tissuemnist,L60_G60,RegNetY400MF,4,tralo,207.0,103,102,171,2400,99,0.38625322406085766,0.38095238095238093,0.37362637362637363,0.391908560843018,0.3947392333288963,0.4939434724091521,results/pending_runs/paper_final/lane2/RegNetY400MF/tissuemnist/L60_G60/tralo/seed_4
tissuemnist,L60_G60,RegNetY400MF,3,tralo,114.0,103,102,171,2400,89,0.33663594495816584,0.358974358974359,0.358974358974359,0.42911836403330056,0.44130787678534306,0.5580978017048004,results/pending_runs/paper_final/lane2/RegNetY400MF/tissuemnist/L60_G60/tralo/seed_3
tissuemnist,L60_G60,RegNetY400MF,1,tralo,110.0,103,102,171,2400,97,0.3856728952277485,0.38095238095238093,0.38095238095238093,0.4434884959225275,0.45205358604427787,0.5630327501121579,results/pending_runs/paper_final/lane2/RegNetY400MF/tissuemnist/L60_G60/tralo/seed_1
tissuemnist,L60_G60,RegNetY400MF,2,tralo,133.0,103,102,171,2400,87,0.3992484305184724,0.41025641025641024,0.41025641025641024,0.42456223445053604,0.4274271197636214,0.5477792732166891,results/pending_runs/paper_final/lane2/RegNetY400MF/tissuemnist/L60_G60/tralo/seed_2
tissuemnist,L60_G60,RegNetY400MF,4,danits_lp,0.0,103,102,171,2400,163,0.31736026819496094,0.336996336996337,0.3443223443223443,0.3370028350628045,0.33440252608568566,0.3853746074472858,results/pending_runs/paper_final/lane2/RegNetY400MF/tissuemnist/L60_G60/danits_lp/seed_4
tissuemnist,L60_G60,RegNetY400MF,3,danits_lp,0.0,103,102,171,2400,163,0.2744146349684011,0.2857142857142857,0.2783882783882784,0.3559114071391939,0.3636059352113584,0.4670255720053836,results/pending_runs/paper_final/lane2/RegNetY400MF/tissuemnist/L60_G60/danits_lp/seed_3
tissuemnist,L60_G60,RegNetY400MF,1,danits_lp,0.0,103,102,171,2400,420,0.3838373474194948,0.3516483516483517,0.3516483516483517,0.34589218317338855,0.33255951488702756,0.35397039030955585,results/pending_runs/paper_final/lane2/RegNetY400MF/tissuemnist/L60_G60/danits_lp/seed_1
tissuemnist,L60_G60,RegNetY400MF,2,danits_lp,0.0,103,102,171,2400,237,0.3573569425298886,0.32967032967032966,0.32967032967032966,0.3149653129574846,0.29891265398926015,0.3261552265589951,results/pending_runs/paper_final/lane2/RegNetY400MF/tissuemnist/L60_G60/danits_lp/seed_2
tissuemnist,L60_G60,RegNetY400MF,4,fioretto_ldf,57.0,103,102,171,2400,99,0.38147707370761114,0.40293040293040294,0.40293040293040294,0.4219967054284236,0.42527150287815374,0.5311799013010319,results/pending_runs/paper_final/lane2/RegNetY400MF/tissuemnist/L60_G60/fioretto_ldf/seed_4
tissuemnist,L60_G60,RegNetY400MF,3,fioretto_ldf,53.0,103,102,171,2400,93,0.34688006279024675,0.3663003663003663,0.3663003663003663,0.4257694140598211,0.4352262615615575,0.5450874831763123,results/pending_runs/paper_final/lane2/RegNetY400MF/tissuemnist/L60_G60/fioretto_ldf/seed_3
tissuemnist,L60_G60,RegNetY400MF,1,fioretto_ldf,299.0,103,102,171,2400,98,0.3744552321311869,0.358974358974359,0.3663003663003663,0.437446854319659,0.448363948297836,0.5630327501121579,results/pending_runs/paper_final/lane2/RegNetY400MF/tissuemnist/L60_G60/fioretto_ldf/seed_1
tissuemnist,L60_G60,RegNetY400MF,2,fioretto_ldf,299.0,103,102,171,2400,97,0.389467870447109,0.3882783882783883,0.3882783882783883,0.4231396353990231,0.42727684938111593,0.5459847465231046,results/pending_runs/paper_final/lane2/RegNetY400MF/tissuemnist/L60_G60/fioretto_ldf/seed_2
tissuemnist,L60_G60,RegNetY400MF,4,tralo_bounded,350.0,103,102,171,2400,98,0.3853753631475305,0.3956043956043956,0.3956043956043956,0.42270882385782893,0.42629281007082226,0.5293853746074473,results/pending_runs/paper_final/lane2/RegNetY400MF/tissuemnist/L60_G60/tralo_bounded/seed_4
tissuemnist,L60_G60,RegNetY400MF,3,tralo_bounded,102.0,103,102,171,2400,91,0.33836461262373346,0.3516483516483517,0.3516483516483517,0.42793628003457007,0.4383789328014548,0.5482279048900852,results/pending_runs/paper_final/lane2/RegNetY400MF/tissuemnist/L60_G60/tralo_bounded/seed_3
tissuemnist,L60_G60,RegNetY400MF,1,tralo_bounded,105.0,103,102,171,2400,93,0.3788191124081398,0.38095238095238093,0.38095238095238093,0.44416957444559313,0.45211675479000696,0.5657245401525348,results/pending_runs/paper_final/lane2/RegNetY400MF/tissuemnist/L60_G60/tralo_bounded/seed_1
tissuemnist,L60_G60,RegNetY400MF,2,tralo_bounded,121.0,103,102,171,2400,94,0.39499768257784257,0.4249084249084249,0.43956043956043955,0.42573299570527634,0.42184475104958985,0.5455361148497084,results/pending_runs/paper_final/lane2/RegNetY400MF/tissuemnist/L60_G60/tralo_bounded/seed_2
tissuemnist,L60_G60,RegNetY400MF,4,heuristic,0.0,103,102,171,2400,163,0.31736026819496094,0.3443223443223443,0.3443223443223443,0.3370028350628045,0.33440252608568566,0.3853746074472858,results/pending_runs/paper_final/lane2/RegNetY400MF/tissuemnist/L60_G60/heuristic/seed_4
tissuemnist,L60_G60,RegNetY400MF,3,heuristic,0.0,103,102,171,2400,163,0.2744146349684011,0.2783882783882784,0.2783882783882784,0.3559114071391939,0.3636059352113584,0.4670255720053836,results/pending_runs/paper_final/lane2/RegNetY400MF/tissuemnist/L60_G60/heuristic/seed_3
tissuemnist,L60_G60,RegNetY400MF,1,heuristic,0.0,103,102,171,2400,420,0.3838373474194948,0.3516483516483517,0.3516483516483517,0.34589218317338855,0.33255951488702756,0.35397039030955585,results/pending_runs/paper_final/lane2/RegNetY400MF/tissuemnist/L60_G60/heuristic/seed_1
tissuemnist,L60_G60,RegNetY400MF,2,heuristic,0.0,103,102,171,2400,237,0.3573569425298886,0.32967032967032966,0.32967032967032966,0.3149653129574846,0.29891265398926015,0.3261552265589951,results/pending_runs/paper_final/lane2/RegNetY400MF/tissuemnist/L60_G60/heuristic/seed_2
tissuemnist,L90_G90,RegNetY400MF,4,hounie_rcl,58.0,154,154,171,2400,141,0.40082086783025805,0.4492307692307692,0.4492307692307692,0.41814779623038056,0.4157025085614797,0.5123373710183939,results/pending_runs/paper_final/lane2/RegNetY400MF/tissuemnist/L90_G90/hounie_rcl/seed_4
tissuemnist,L90_G90,RegNetY400MF,3,hounie_rcl,58.0,154,154,171,2400,130,0.35538943775673126,0.39384615384615385,0.39384615384615385,0.4295382119747923,0.43609722357662534,0.5352175863615971,results/pending_runs/paper_final/lane2/RegNetY400MF/tissuemnist/L90_G90/hounie_rcl/seed_3
tissuemnist,L90_G90,RegNetY400MF,1,hounie_rcl,70.0,154,154,171,2400,131,0.38447754332310974,0.4430769230769231,0.4369230769230769,0.4464785352069006,0.4466409261872042,0.5580978017048004,results/pending_runs/paper_final/lane2/RegNetY400MF/tissuemnist/L90_G90/hounie_rcl/seed_1
tissuemnist,L90_G90,RegNetY400MF,2,hounie_rcl,54.0,154,154,171,2400,133,0.40637049010983717,0.4307692307692308,0.4307692307692308,0.4217451150146371,0.4230271753600463,0.5370121130551817,results/pending_runs/paper_final/lane2/RegNetY400MF/tissuemnist/L90_G90/hounie_rcl/seed_2
tissuemnist,L90_G90,RegNetY400MF,4,tralo,98.0,154,154,171,2400,150,0.4166122875900842,0.4492307692307692,0.4492307692307692,0.4128140324054189,0.4074725639103957,0.5051592642440557,results/pending_runs/paper_final/lane2/RegNetY400MF/tissuemnist/L90_G90/tralo/seed_4
tissuemnist,L90_G90,RegNetY400MF,3,tralo,95.0,154,154,171,2400,145,0.3588646920892654,0.4,0.4,0.4347618726102237,0.4394034307146482,0.5311799013010319,results/pending_runs/paper_final/lane2/RegNetY400MF/tissuemnist/L90_G90/tralo/seed_3
tissuemnist,L90_G90,RegNetY400MF,1,tralo,98.0,154,154,171,2400,139,0.4076034924547647,0.4430769230769231,0.4430769230769231,0.4568780579909527,0.4588555514472973,0.5679676985195155,results/pending_runs/paper_final/lane2/RegNetY400MF/tissuemnist/L90_G90/tralo/seed_1
tissuemnist,L90_G90,RegNetY400MF,2,tralo,106.0,154,154,171,2400,141,0.41323760562284434,0.4307692307692308,0.4307692307692308,0.42293188994050934,0.4249578315565688,0.5383580080753702,results/pending_runs/paper_final/lane2/RegNetY400MF/tissuemnist/L90_G90/tralo/seed_2
tissuemnist,L90_G90,RegNetY400MF,4,danits_lp,0.0,154,154,171,2400,163,0.31736026819496094,0.39384615384615385,0.38769230769230767,0.3406712327490399,0.33440252608568566,0.3853746074472858,results/pending_runs/paper_final/lane2/RegNetY400MF/tissuemnist/L90_G90/danits_lp/seed_4
tissuemnist,L90_G90,RegNetY400MF,3,danits_lp,0.0,154,154,171,2400,163,0.2744146349684011,0.3323076923076923,0.3384615384615385,0.3607357086272273,0.3636059352113584,0.4670255720053836,results/pending_runs/paper_final/lane2/RegNetY400MF/tissuemnist/L90_G90/danits_lp/seed_3
tissuemnist,L90_G90,RegNetY400MF,1,danits_lp,0.0,154,154,171,2400,420,0.3838373474194948,0.4369230769230769,0.4369230769230769,0.35862469623540205,0.33255951488702756,0.35397039030955585,results/pending_runs/paper_final/lane2/RegNetY400MF/tissuemnist/L90_G90/danits_lp/seed_1
tissuemnist,L90_G90,RegNetY400MF,2,danits_lp,0.0,154,154,171,2400,237,0.3573569425298886,0.38153846153846155,0.38153846153846155,0.3182097009060969,0.29891265398926015,0.3261552265589951,results/pending_runs/paper_final/lane2/RegNetY400MF/tissuemnist/L90_G90/danits_lp/seed_2
tissuemnist,L90_G90,RegNetY400MF,4,fioretto_ldf,42.0,154,154,171,2400,146,0.4022192738027948,0.4553846153846154,0.4553846153846154,0.4271253353735434,0.42345040575040926,0.5177209510991476,results/pending_runs/paper_final/lane2/RegNetY400MF/tissuemnist/L90_G90/fioretto_ldf/seed_4
tissuemnist,L90_G90,RegNetY400MF,3,fioretto_ldf,43.0,154,154,171,2400,137,0.35149586933495436,0.39384615384615385,0.39384615384615385,0.42943043046853163,0.43526353111204114,0.5343203230148048,results/pending_runs/paper_final/lane2/RegNetY400MF/tissuemnist/L90_G90/fioretto_ldf/seed_3
tissuemnist,L90_G90,RegNetY400MF,1,fioretto_ldf,45.0,154,154,171,2400,138,0.3914250940996498,0.4553846153846154,0.4492307692307692,0.4580072699143709,0.4585104357477987,0.5598923283983849,results/pending_runs/paper_final/lane2/RegNetY400MF/tissuemnist/L90_G90/fioretto_ldf/seed_1
tissuemnist,L90_G90,RegNetY400MF,2,fioretto_ldf,56.0,154,154,171,2400,150,0.41064542705820395,0.4369230769230769,0.4369230769230769,0.42105256864581186,0.41877478387802636,0.5298340062808434,results/pending_runs/paper_final/lane2/RegNetY400MF/tissuemnist/L90_G90/fioretto_ldf/seed_2
tissuemnist,L90_G90,RegNetY400MF,4,tralo_bounded,93.0,154,154,171,2400,149,0.40136174486317294,0.4553846153846154,0.4553846153846154,0.4178999060305498,0.4125181685631899,0.5074024226110363,results/pending_runs/paper_final/lane2/RegNetY400MF/tissuemnist/L90_G90/tralo_bounded/seed_4
tissuemnist,L90_G90,RegNetY400MF,3,tralo_bounded,90.0,154,154,171,2400,143,0.351791335304668,0.39384615384615385,0.4,0.43497004839672193,0.4411187087743894,0.534768954688201,results/pending_runs/paper_final/lane2/RegNetY400MF/tissuemnist/L90_G90/tralo_bounded/seed_3
tissuemnist,L90_G90,RegNetY400MF,1,tralo_bounded,350.0,154,154,171,2400,140,0.40564113394675977,0.4492307692307692,0.4430769230769231,0.4560390248647277,0.45827869631726664,0.5657245401525348,results/pending_runs/paper_final/lane2/RegNetY400MF/tissuemnist/L90_G90/tralo_bounded/seed_1
tissuemnist,L90_G90,RegNetY400MF,2,tralo_bounded,106.0,154,154,171,2400,144,0.4142889098899282,0.4307692307692308,0.4307692307692308,0.41546581610533195,0.41576002866920814,0.528488111260655,results/pending_runs/paper_final/lane2/RegNetY400MF/tissuemnist/L90_G90/tralo_bounded/seed_2
tissuemnist,L90_G90,RegNetY400MF,4,heuristic,0.0,154,154,171,2400,163,0.31736026819496094,0.38769230769230767,0.38769230769230767,0.3406712327490399,0.33440252608568566,0.3853746074472858,results/pending_runs/paper_final/lane2/RegNetY400MF/tissuemnist/L90_G90/heuristic/seed_4
tissuemnist,L90_G90,RegNetY400MF,3,heuristic,0.0,154,154,171,2400,163,0.2744146349684011,0.3384615384615385,0.3384615384615385,0.3607357086272273,0.3636059352113584,0.4670255720053836,results/pending_runs/paper_final/lane2/RegNetY400MF/tissuemnist/L90_G90/heuristic/seed_3
tissuemnist,L90_G90,RegNetY400MF,1,heuristic,0.0,154,154,171,2400,420,0.3838373474194948,0.4369230769230769,0.4369230769230769,0.35862469623540205,0.33255951488702756,0.35397039030955585,results/pending_runs/paper_final/lane2/RegNetY400MF/tissuemnist/L90_G90/heuristic/seed_1
tissuemnist,L90_G90,RegNetY400MF,2,heuristic,0.0,154,154,171,2400,237,0.3573569425298886,0.38153846153846155,0.38153846153846155,0.3182097009060969,0.29891265398926015,0.3261552265589951,results/pending_runs/paper_final/lane2/RegNetY400MF/tissuemnist/L90_G90/heuristic/seed_2
octmnist,L60_G60,RegNetY400MF,4,hounie_rcl,19.0,150,149,250,1000,138,0.7677077701194052,0.5964912280701754,0.5964912280701754,0.7644696614651253,0.8215061971343379,0.8813333333333333,results/pending_runs/paper_final/lane2/RegNetY400MF/octmnist/L60_G60/hounie_rcl/seed_4
octmnist,L60_G60,RegNetY400MF,3,hounie_rcl,30.0,150,149,250,1000,134,0.7083044611040606,0.5363408521303258,0.5363408521303258,0.7260153674752361,0.7913725901443782,0.8533333333333334,results/pending_runs/paper_final/lane2/RegNetY400MF/octmnist/L60_G60/hounie_rcl/seed_3
octmnist,L60_G60,RegNetY400MF,1,hounie_rcl,38.0,150,149,250,1000,115,0.7555136761819649,0.6215538847117794,0.6215538847117794,0.7766771715334406,0.8204060851798393,0.8933333333333333,results/pending_runs/paper_final/lane2/RegNetY400MF/octmnist/L60_G60/hounie_rcl/seed_1
octmnist,L60_G60,RegNetY400MF,2,hounie_rcl,43.0,150,149,250,1000,138,0.7293556350035943,0.5614035087719298,0.5614035087719298,0.7428841077635961,0.8047888131359663,0.8653333333333333,results/pending_runs/paper_final/lane2/RegNetY400MF/octmnist/L60_G60/hounie_rcl/seed_2
octmnist,L60_G60,RegNetY400MF,4,tralo,159.0,150,149,250,1000,148,0.7948682314514907,0.631578947368421,0.631578947368421,0.7859797110434912,0.8369532889293446,0.8933333333333333,results/pending_runs/paper_final/lane2/RegNetY400MF/octmnist/L60_G60/tralo/seed_4
octmnist,L60_G60,RegNetY400MF,3,tralo,90.0,150,149,250,1000,148,0.7474514122005188,0.5864661654135338,0.5864661654135338,0.7484262562065765,0.8019268555291911,0.8573333333333333,results/pending_runs/paper_final/lane2/RegNetY400MF/octmnist/L60_G60/tralo/seed_3
octmnist,L60_G60,RegNetY400MF,1,tralo,132.0,150,149,250,1000,149,0.7583638184970635,0.6215538847117794,0.6215538847117794,0.7807803207077254,0.8338557993730408,0.8893333333333333,results/pending_runs/paper_final/lane2/RegNetY400MF/octmnist/L60_G60/tralo/seed_1
octmnist,L60_G60,RegNetY400MF,2,tralo,121.0,150,149,250,1000,148,0.7443219123420886,0.5714285714285714,0.5764411027568922,0.7516977135107279,0.8094755926424249,0.8666666666666667,results/pending_runs/paper_final/lane2/RegNetY400MF/octmnist/L60_G60/tralo/seed_2
octmnist,L60_G60,RegNetY400MF,4,danits_lp,0.0,150,149,250,1000,123,0.7179991408387577,0.5361930294906166,0.581453634085213,0.7551246272983643,0.8120998719160003,0.876,results/pending_runs/paper_final/lane2/RegNetY400MF/octmnist/L60_G60/danits_lp/seed_4
octmnist,L60_G60,RegNetY400MF,3,danits_lp,0.0,150,149,250,1000,147,0.7384960036124681,0.5954198473282443,0.606516290726817,0.7778639946062814,0.8328682348235609,0.8866666666666667,results/pending_runs/paper_final/lane2/RegNetY400MF/octmnist/L60_G60/danits_lp/seed_3
octmnist,L60_G60,RegNetY400MF,1,danits_lp,0.0,150,149,250,1000,186,0.6568783659678977,0.5213032581453634,0.5263157894736842,0.7019502812540467,0.759440889117465,0.7906666666666666,results/pending_runs/paper_final/lane2/RegNetY400MF/octmnist/L60_G60/danits_lp/seed_1
octmnist,L60_G60,RegNetY400MF,2,danits_lp,0.0,150,149,250,1000,142,0.7767504441652759,0.6205128205128205,0.6416040100250626,0.7668066353893616,0.8065459410913901,0.864,results/pending_runs/paper_final/lane2/RegNetY400MF/octmnist/L60_G60/danits_lp/seed_2
octmnist,L60_G60,RegNetY400MF,4,fioretto_ldf,11.0,150,149,250,1000,132,0.7662892276949094,0.5964912280701754,0.5964912280701754,0.765387502157361,0.8211350352247613,0.884,results/pending_runs/paper_final/lane2/RegNetY400MF/octmnist/L60_G60/fioretto_ldf/seed_4
octmnist,L60_G60,RegNetY400MF,3,fioretto_ldf,20.0,150,149,250,1000,137,0.7104708192615471,0.5463659147869674,0.5463659147869674,0.7306715134335545,0.7929410585783715,0.8533333333333334,results/pending_runs/paper_final/lane2/RegNetY400MF/octmnist/L60_G60/fioretto_ldf/seed_3
octmnist,L60_G60,RegNetY400MF,1,fioretto_ldf,299.0,150,149,250,1000,138,0.7595051692814712,0.6215538847117794,0.6215538847117794,0.7777977746992435,0.8319429600372626,0.8933333333333333,results/pending_runs/paper_final/lane2/RegNetY400MF/octmnist/L60_G60/fioretto_ldf/seed_1
octmnist,L60_G60,RegNetY400MF,2,fioretto_ldf,19.0,150,149,250,1000,138,0.7317129286416989,0.5664160401002506,0.5664160401002506,0.7459983777293289,0.8045970918848635,0.8653333333333333,results/pending_runs/paper_final/lane2/RegNetY400MF/octmnist/L60_G60/fioretto_ldf/seed_2
octmnist,L60_G60,RegNetY400MF,4,tralo_bounded,57.0,150,149,250,1000,131,0.7661724440452945,0.5964912280701754,0.5964912280701754,0.765387502157361,0.820687993859523,0.884,results/pending_runs/paper_final/lane2/RegNetY400MF/octmnist/L60_G60/tralo_bounded/seed_4
octmnist,L60_G60,RegNetY400MF,3,tralo_bounded,68.0,150,149,250,1000,139,0.7100746641026369,0.5413533834586466,0.5413533834586466,0.7301451348614103,0.7962293300845075,0.856,results/pending_runs/paper_final/lane2/RegNetY400MF/octmnist/L60_G60/tralo_bounded/seed_3
octmnist,L60_G60,RegNetY400MF,1,tralo_bounded,74.0,150,149,250,1000,136,0.7669498523712895,0.6466165413533834,0.6466165413533834,0.7890117636962315,0.8336982220411159,0.896,results/pending_runs/paper_final/lane2/RegNetY400MF/octmnist/L60_G60/tralo_bounded/seed_1
octmnist,L60_G60,RegNetY400MF,2,tralo_bounded,67.0,150,149,250,1000,136,0.7301521395696525,0.556390977443609,0.556390977443609,0.7416752939607321,0.805234955349139,0.8666666666666667,results/pending_runs/paper_final/lane2/RegNetY400MF/octmnist/L60_G60/tralo_bounded/seed_2
octmnist,L60_G60,RegNetY400MF,4,heuristic,0.0,150,149,250,1000,123,0.7179991408387577,0.581453634085213,0.581453634085213,0.7551246272983643,0.8120998719160003,0.876,results/pending_runs/paper_final/lane2/RegNetY400MF/octmnist/L60_G60/heuristic/seed_4
octmnist,L60_G60,RegNetY400MF,3,heuristic,0.0,150,149,250,1000,147,0.7384960036124681,0.606516290726817,0.606516290726817,0.7778639946062814,0.8328682348235609,0.8866666666666667,results/pending_runs/paper_final/lane2/RegNetY400MF/octmnist/L60_G60/heuristic/seed_3
octmnist,L60_G60,RegNetY400MF,1,heuristic,0.0,150,149,250,1000,186,0.6568783659678977,0.5263157894736842,0.5263157894736842,0.7019502812540467,0.759440889117465,0.7906666666666666,results/pending_runs/paper_final/lane2/RegNetY400MF/octmnist/L60_G60/heuristic/seed_1
octmnist,L60_G60,RegNetY400MF,2,heuristic,0.0,150,149,250,1000,142,0.7767504441652759,0.6416040100250626,0.6416040100250626,0.7668066353893616,0.8065459410913901,0.864,results/pending_runs/paper_final/lane2/RegNetY400MF/octmnist/L60_G60/heuristic/seed_2
octmnist,L90_G90,RegNetY400MF,4,hounie_rcl,4.0,225,225,250,1000,150,0.7701746855119731,0.6947368421052632,0.6947368421052632,0.7943124901244001,0.8235359521524376,0.8773333333333333,results/pending_runs/paper_final/lane2/RegNetY400MF/octmnist/L90_G90/hounie_rcl/seed_4
octmnist,L90_G90,RegNetY400MF,3,hounie_rcl,4.0,225,225,250,1000,173,0.7120257183401463,0.6652631578947369,0.6652631578947369,0.7707832505244508,0.8008914833203787,0.844,results/pending_runs/paper_final/lane2/RegNetY400MF/octmnist/L90_G90/hounie_rcl/seed_3
octmnist,L90_G90,RegNetY400MF,1,hounie_rcl,4.0,225,225,250,1000,178,0.7586747856525078,0.6694736842105263,0.6694736842105263,0.7891219709571623,0.8329729385497721,0.872,results/pending_runs/paper_final/lane2/RegNetY400MF/octmnist/L90_G90/hounie_rcl/seed_1
octmnist,L90_G90,RegNetY400MF,2,hounie_rcl,4.0,225,225,250,1000,158,0.7330379231212593,0.6568421052631579,0.6568421052631579,0.7771022247208345,0.806634301584214,0.8573333333333333,results/pending_runs/paper_final/lane2/RegNetY400MF/octmnist/L90_G90/hounie_rcl/seed_2
octmnist,L90_G90,RegNetY400MF,4,tralo,54.0,225,225,250,1000,186,0.779943096911813,0.6989473684210527,0.6989473684210527,0.7952914866185026,0.8258003786430866,0.8613333333333333,results/pending_runs/paper_final/lane2/RegNetY400MF/octmnist/L90_G90/tralo/seed_4
octmnist,L90_G90,RegNetY400MF,3,tralo,54.0,225,225,250,1000,180,0.7142230668346894,0.6652631578947369,0.6652631578947369,0.772110758214157,0.8062404012465071,0.8453333333333334,results/pending_runs/paper_final/lane2/RegNetY400MF/octmnist/L90_G90/tralo/seed_3
octmnist,L90_G90,RegNetY400MF,1,tralo,54.0,225,225,250,1000,179,0.7566307249794757,0.6652631578947369,0.6652631578947369,0.7870445538706108,0.8319516730520409,0.8706666666666667,results/pending_runs/paper_final/lane2/RegNetY400MF/octmnist/L90_G90/tralo/seed_1
octmnist,L90_G90,RegNetY400MF,2,tralo,54.0,225,225,250,1000,162,0.7307827730611989,0.6526315789473685,0.6526315789473685,0.7730111982230992,0.8075746699077313,0.856,results/pending_runs/paper_final/lane2/RegNetY400MF/octmnist/L90_G90/tralo/seed_2
octmnist,L90_G90,RegNetY400MF,4,danits_lp,0.0,225,225,250,1000,123,0.7179991408387577,0.5361930294906166,0.6442105263157895,0.7660147242504871,0.8120998719160003,0.876,results/pending_runs/paper_final/lane2/RegNetY400MF/octmnist/L90_G90/danits_lp/seed_4
octmnist,L90_G90,RegNetY400MF,3,danits_lp,0.0,225,225,250,1000,147,0.7384960036124681,0.5994962216624685,0.6863157894736842,0.7973658485719868,0.8328682348235609,0.8866666666666667,results/pending_runs/paper_final/lane2/RegNetY400MF/octmnist/L90_G90/danits_lp/seed_3
octmnist,L90_G90,RegNetY400MF,1,danits_lp,0.0,225,225,250,1000,186,0.6568783659678977,0.5688073394495413,0.5936842105263158,0.7135706508403876,0.759440889117465,0.7906666666666666,results/pending_runs/paper_final/lane2/RegNetY400MF/octmnist/L90_G90/danits_lp/seed_1
octmnist,L90_G90,RegNetY400MF,2,danits_lp,0.0,225,225,250,1000,142,0.7767504441652759,0.6173469387755102,0.6947368421052632,0.7784316285939741,0.8065459410913901,0.864,results/pending_runs/paper_final/lane2/RegNetY400MF/octmnist/L90_G90/danits_lp/seed_2
octmnist,L90_G90,RegNetY400MF,4,fioretto_ldf,4.0,225,225,250,1000,150,0.7701746855119731,0.6947368421052632,0.6947368421052632,0.7943124901244001,0.8235359521524376,0.8773333333333333,results/pending_runs/paper_final/lane2/RegNetY400MF/octmnist/L90_G90/fioretto_ldf/seed_4
octmnist,L90_G90,RegNetY400MF,3,fioretto_ldf,4.0,225,225,250,1000,173,0.7120257183401463,0.6652631578947369,0.6652631578947369,0.7707832505244508,0.8008914833203787,0.844,results/pending_runs/paper_final/lane2/RegNetY400MF/octmnist/L90_G90/fioretto_ldf/seed_3
octmnist,L90_G90,RegNetY400MF,1,fioretto_ldf,4.0,225,225,250,1000,178,0.7586747856525078,0.6694736842105263,0.6694736842105263,0.7891219709571623,0.8329729385497721,0.872,results/pending_runs/paper_final/lane2/RegNetY400MF/octmnist/L90_G90/fioretto_ldf/seed_1
octmnist,L90_G90,RegNetY400MF,2,fioretto_ldf,4.0,225,225,250,1000,158,0.7330379231212593,0.6568421052631579,0.6568421052631579,0.7771022247208345,0.806634301584214,0.8573333333333333,results/pending_runs/paper_final/lane2/RegNetY400MF/octmnist/L90_G90/fioretto_ldf/seed_2
octmnist,L90_G90,RegNetY400MF,4,tralo_bounded,54.0,225,225,250,1000,150,0.7701746855119731,0.6947368421052632,0.6947368421052632,0.7943124901244001,0.8235359521524376,0.8773333333333333,results/pending_runs/paper_final/lane2/RegNetY400MF/octmnist/L90_G90/tralo_bounded/seed_4
octmnist,L90_G90,RegNetY400MF,3,tralo_bounded,54.0,225,225,250,1000,173,0.7120257183401463,0.6652631578947369,0.6652631578947369,0.7707832505244508,0.8008914833203787,0.844,results/pending_runs/paper_final/lane2/RegNetY400MF/octmnist/L90_G90/tralo_bounded/seed_3
octmnist,L90_G90,RegNetY400MF,1,tralo_bounded,54.0,225,225,250,1000,178,0.7586747856525078,0.6694736842105263,0.6694736842105263,0.7891219709571623,0.8329729385497721,0.872,results/pending_runs/paper_final/lane2/RegNetY400MF/octmnist/L90_G90/tralo_bounded/seed_1
octmnist,L90_G90,RegNetY400MF,2,tralo_bounded,54.0,225,225,250,1000,158,0.7330379231212593,0.6568421052631579,0.6568421052631579,0.7771022247208345,0.806634301584214,0.8573333333333333,results/pending_runs/paper_final/lane2/RegNetY400MF/octmnist/L90_G90/tralo_bounded/seed_2
octmnist,L90_G90,RegNetY400MF,4,heuristic,0.0,225,225,250,1000,123,0.7179991408387577,0.6442105263157895,0.6442105263157895,0.7660147242504871,0.8120998719160003,0.876,results/pending_runs/paper_final/lane2/RegNetY400MF/octmnist/L90_G90/heuristic/seed_4
octmnist,L90_G90,RegNetY400MF,3,heuristic,0.0,225,225,250,1000,147,0.7384960036124681,0.6863157894736842,0.6863157894736842,0.7973658485719868,0.8328682348235609,0.8866666666666667,results/pending_runs/paper_final/lane2/RegNetY400MF/octmnist/L90_G90/heuristic/seed_3
octmnist,L90_G90,RegNetY400MF,1,heuristic,0.0,225,225,250,1000,186,0.6568783659678977,0.5936842105263158,0.5936842105263158,0.7135706508403876,0.759440889117465,0.7906666666666666,results/pending_runs/paper_final/lane2/RegNetY400MF/octmnist/L90_G90/heuristic/seed_1
octmnist,L90_G90,RegNetY400MF,2,heuristic,0.0,225,225,250,1000,142,0.7767504441652759,0.6947368421052632,0.6947368421052632,0.7784316285939741,0.8065459410913901,0.864,results/pending_runs/paper_final/lane2/RegNetY400MF/octmnist/L90_G90/heuristic/seed_2
dermmnist,L20_G20,RegNetY400MF,4,hounie_rcl,55.0,45,45,223,2003,33,0.6050278124910166,0.31343283582089554,0.31343283582089554,0.6704497058215654,0.728744649856042,0.9073033707865169,results/pending_runs/paper_final/lane3/RegNetY400MF/dermmnist/L20_G20/hounie_rcl/seed_4
dermmnist,L20_G20,RegNetY400MF,3,hounie_rcl,44.0,45,45,223,2003,34,0.5878306227107477,0.30597014925373134,0.30597014925373134,0.6725350014954973,0.7328201072332479,0.9039325842696629,results/pending_runs/paper_final/lane3/RegNetY400MF/dermmnist/L20_G20/hounie_rcl/seed_3
dermmnist,L20_G20,RegNetY400MF,1,hounie_rcl,41.0,45,45,223,2003,25,0.5491768773933908,0.3208955223880597,0.3208955223880597,0.6924137677450872,0.7512145252583123,0.9106741573033708,results/pending_runs/paper_final/lane3/RegNetY400MF/dermmnist/L20_G20/hounie_rcl/seed_1
dermmnist,L20_G20,RegNetY400MF,2,hounie_rcl,42.0,45,45,223,2003,24,0.6052078528657366,0.3208955223880597,0.3208955223880597,0.6887551418857275,0.7459307458560965,0.9123595505617977,results/pending_runs/paper_final/lane3/RegNetY400MF/dermmnist/L20_G20/hounie_rcl/seed_2
dermmnist,L20_G20,RegNetY400MF,4,tralo,75.0,45,45,223,2003,43,0.6222980478693342,0.3208955223880597,0.3208955223880597,0.6885229938957712,0.7496899473420573,0.9089887640449438,results/pending_runs/paper_final/lane3/RegNetY400MF/dermmnist/L20_G20/tralo/seed_4
dermmnist,L20_G20,RegNetY400MF,3,tralo,71.0,45,45,223,2003,41,0.6245354756521015,0.31343283582089554,0.31343283582089554,0.6785172985717353,0.7389568206880557,0.9061797752808989,results/pending_runs/paper_final/lane3/RegNetY400MF/dermmnist/L20_G20/tralo/seed_3
dermmnist,L20_G20,RegNetY400MF,1,tralo,73.0,45,45,223,2003,43,0.614661199238358,0.31343283582089554,0.31343283582089554,0.6843040288524459,0.7460093345627149,0.9112359550561798,results/pending_runs/paper_final/lane3/RegNetY400MF/dermmnist/L20_G20/tralo/seed_1
dermmnist,L20_G20,RegNetY400MF,2,tralo,73.0,45,45,223,2003,43,0.6434434595264998,0.3208955223880597,0.3208955223880597,0.7028977666707003,0.766456261461578,0.9185393258426966,results/pending_runs/paper_final/lane3/RegNetY400MF/dermmnist/L20_G20/tralo/seed_2
dermmnist,L20_G20,RegNetY400MF,4,danits_lp,0.0,45,45,223,2003,197,0.7015485772911337,0.3208955223880597,0.3208955223880597,0.6810748338728768,0.7470154358256157,0.8808988764044944,results/pending_runs/paper_final/lane3/RegNetY400MF/dermmnist/L20_G20/danits_lp/seed_4
dermmnist,L20_G20,RegNetY400MF,3,danits_lp,0.0,45,45,223,2003,174,0.6915014341813639,0.31343283582089554,0.31343283582089554,0.6825280360340569,0.7631946378560919,0.8904494382022472,results/pending_runs/paper_final/lane3/RegNetY400MF/dermmnist/L20_G20/danits_lp/seed_3
dermmnist,L20_G20,RegNetY400MF,1,danits_lp,0.0,45,45,223,2003,152,0.7057514318572579,0.30597014925373134,0.30597014925373134,0.6926914303327625,0.7689584920415982,0.9028089887640449,results/pending_runs/paper_final/lane3/RegNetY400MF/dermmnist/L20_G20/danits_lp/seed_1
dermmnist,L20_G20,RegNetY400MF,2,danits_lp,0.0,45,45,223,2003,180,0.6941009292122404,0.3208955223880597,0.3208955223880597,0.6808913573456131,0.7695552929570978,0.8921348314606742,results/pending_runs/paper_final/lane3/RegNetY400MF/dermmnist/L20_G20/danits_lp/seed_2
dermmnist,L20_G20,RegNetY400MF,4,fioretto_ldf,30.0,45,45,223,2003,37,0.6012362856072048,0.31343283582089554,0.31343283582089554,0.674318104305353,0.7332009665849425,0.9073033707865169,results/pending_runs/paper_final/lane3/RegNetY400MF/dermmnist/L20_G20/fioretto_ldf/seed_4
dermmnist,L20_G20,RegNetY400MF,3,fioretto_ldf,27.0,45,45,223,2003,37,0.5887990665135762,0.31343283582089554,0.31343283582089554,0.6694177018624147,0.7281223933137052,0.902247191011236,results/pending_runs/paper_final/lane3/RegNetY400MF/dermmnist/L20_G20/fioretto_ldf/seed_3
dermmnist,L20_G20,RegNetY400MF,1,fioretto_ldf,24.0,45,45,223,2003,35,0.5887800904002647,0.31343283582089554,0.31343283582089554,0.6882208952616102,0.7489561086802244,0.9078651685393259,results/pending_runs/paper_final/lane3/RegNetY400MF/dermmnist/L20_G20/fioretto_ldf/seed_1
dermmnist,L20_G20,RegNetY400MF,2,fioretto_ldf,27.0,45,45,223,2003,33,0.6183467395336307,0.3208955223880597,0.3208955223880597,0.6951257511285877,0.7525462647838981,0.9095505617977528,results/pending_runs/paper_final/lane3/RegNetY400MF/dermmnist/L20_G20/fioretto_ldf/seed_2
dermmnist,L20_G20,RegNetY400MF,4,tralo_bounded,71.0,45,45,223,2003,36,0.6097217125041989,0.3208955223880597,0.3208955223880597,0.6757836352452642,0.7327219545087648,0.9084269662921348,results/pending_runs/paper_final/lane3/RegNetY400MF/dermmnist/L20_G20/tralo_bounded/seed_4
dermmnist,L20_G20,RegNetY400MF,3,tralo_bounded,68.0,45,45,223,2003,38,0.6009721077144347,0.30597014925373134,0.30597014925373134,0.6700204200143034,0.7299429749166245,0.9044943820224719,results/pending_runs/paper_final/lane3/RegNetY400MF/dermmnist/L20_G20/tralo_bounded/seed_3
dermmnist,L20_G20,RegNetY400MF,1,tralo_bounded,350.0,45,45,223,2003,40,0.6008548078527284,0.31343283582089554,0.31343283582089554,0.68802010121399,0.749769970398801,0.9106741573033708,results/pending_runs/paper_final/lane3/RegNetY400MF/dermmnist/L20_G20/tralo_bounded/seed_1
dermmnist,L20_G20,RegNetY400MF,2,tralo_bounded,66.0,45,45,223,2003,35,0.6369890033890999,0.3283582089552239,0.3283582089552239,0.6975818006716573,0.7572476033811624,0.9151685393258427,results/pending_runs/paper_final/lane3/RegNetY400MF/dermmnist/L20_G20/tralo_bounded/seed_2
dermmnist,L20_G20,RegNetY400MF,4,heuristic,0.0,45,45,223,2003,197,0.7015485772911337,0.3208955223880597,0.3208955223880597,0.6810748338728768,0.7470154358256157,0.8808988764044944,results/pending_runs/paper_final/lane3/RegNetY400MF/dermmnist/L20_G20/heuristic/seed_4
dermmnist,L20_G20,RegNetY400MF,3,heuristic,0.0,45,45,223,2003,174,0.6915014341813639,0.31343283582089554,0.31343283582089554,0.6825280360340569,0.7631946378560919,0.8904494382022472,results/pending_runs/paper_final/lane3/RegNetY400MF/dermmnist/L20_G20/heuristic/seed_3
dermmnist,L20_G20,RegNetY400MF,1,heuristic,0.0,45,45,223,2003,152,0.7057514318572579,0.30597014925373134,0.30597014925373134,0.6926914303327625,0.7689584920415982,0.9028089887640449,results/pending_runs/paper_final/lane3/RegNetY400MF/dermmnist/L20_G20/heuristic/seed_1
dermmnist,L20_G20,RegNetY400MF,2,heuristic,0.0,45,45,223,2003,180,0.6941009292122404,0.3208955223880597,0.3208955223880597,0.6808913573456131,0.7695552929570978,0.8921348314606742,results/pending_runs/paper_final/lane3/RegNetY400MF/dermmnist/L20_G20/heuristic/seed_2
dermmnist,L30_G30,RegNetY400MF,4,hounie_rcl,49.0,67,67,223,2003,56,0.64316850528261,0.43448275862068964,0.43448275862068964,0.7040364084714464,0.7479794855747413,0.9117977528089888,results/pending_runs/paper_final/lane3/RegNetY400MF/dermmnist/L30_G30/hounie_rcl/seed_4
dermmnist,L30_G30,RegNetY400MF,3,hounie_rcl,41.0,67,67,223,2003,45,0.627227234840922,0.3931034482758621,0.3931034482758621,0.6865076806954146,0.73431129334597,0.9061797752808989,results/pending_runs/paper_final/lane3/RegNetY400MF/dermmnist/L30_G30/hounie_rcl/seed_3
dermmnist,L30_G30,RegNetY400MF,1,hounie_rcl,37.0,67,67,223,2003,42,0.6099693923583306,0.4,0.4,0.7062046435661384,0.7539686084258218,0.9117977528089888,results/pending_runs/paper_final/lane3/RegNetY400MF/dermmnist/L30_G30/hounie_rcl/seed_1
dermmnist,L30_G30,RegNetY400MF,2,hounie_rcl,42.0,67,67,223,2003,36,0.6355844909243821,0.4413793103448276,0.4413793103448276,0.7165273188527378,0.7551179212442012,0.9134831460674158,results/pending_runs/paper_final/lane3/RegNetY400MF/dermmnist/L30_G30/hounie_rcl/seed_2
dermmnist,L30_G30,RegNetY400MF,4,tralo,82.0,67,67,223,2003,66,0.6555187061354367,0.4413793103448276,0.4413793103448276,0.7098556941239751,0.7545479218679091,0.9101123595505618,results/pending_runs/paper_final/lane3/RegNetY400MF/dermmnist/L30_G30/tralo/seed_4
dermmnist,L30_G30,RegNetY400MF,3,tralo,74.0,67,67,223,2003,61,0.6343121413772788,0.4,0.4,0.6892103440368781,0.7387456847709362,0.900561797752809,results/pending_runs/paper_final/lane3/RegNetY400MF/dermmnist/L30_G30/tralo/seed_3
dermmnist,L30_G30,RegNetY400MF,1,tralo,71.0,67,67,223,2003,66,0.646035314363848,0.4206896551724138,0.4206896551724138,0.712230264438862,0.7613261052718254,0.9123595505617977,results/pending_runs/paper_final/lane3/RegNetY400MF/dermmnist/L30_G30/tralo/seed_1
dermmnist,L30_G30,RegNetY400MF,2,tralo,73.0,67,67,223,2003,61,0.65101739923904,0.43448275862068964,0.43448275862068964,0.7202804994755008,0.7668859154863252,0.9134831460674158,results/pending_runs/paper_final/lane3/RegNetY400MF/dermmnist/L30_G30/tralo/seed_2
dermmnist,L30_G30,RegNetY400MF,4,danits_lp,0.0,67,67,223,2003,197,0.7015485772911337,0.43448275862068964,0.43448275862068964,0.6991251656470279,0.7470154358256157,0.8808988764044944,results/pending_runs/paper_final/lane3/RegNetY400MF/dermmnist/L30_G30/danits_lp/seed_4
dermmnist,L30_G30,RegNetY400MF,3,danits_lp,0.0,67,67,223,2003,174,0.6915014341813639,0.4,0.4,0.6968797427775589,0.7631946378560919,0.8904494382022472,results/pending_runs/paper_final/lane3/RegNetY400MF/dermmnist/L30_G30/danits_lp/seed_3
dermmnist,L30_G30,RegNetY400MF,1,danits_lp,0.0,67,67,223,2003,152,0.7057514318572579,0.42758620689655175,0.42758620689655175,0.7131164019156297,0.7689584920415982,0.9028089887640449,results/pending_runs/paper_final/lane3/RegNetY400MF/dermmnist/L30_G30/danits_lp/seed_1
dermmnist,L30_G30,RegNetY400MF,2,danits_lp,0.0,67,67,223,2003,180,0.6941009292122404,0.42758620689655175,0.42758620689655175,0.7022958091809205,0.7695552929570978,0.8921348314606742,results/pending_runs/paper_final/lane3/RegNetY400MF/dermmnist/L30_G30/danits_lp/seed_2
dermmnist,L30_G30,RegNetY400MF,4,fioretto_ldf,27.0,67,67,223,2003,60,0.6483856065840746,0.43448275862068964,0.43448275862068964,0.6927003672310619,0.7357108354160201,0.9061797752808989,results/pending_runs/paper_final/lane3/RegNetY400MF/dermmnist/L30_G30/fioretto_ldf/seed_4
dermmnist,L30_G30,RegNetY400MF,3,fioretto_ldf,25.0,67,67,223,2003,54,0.6357583207810183,0.3931034482758621,0.3931034482758621,0.6911034500888407,0.7395754689043875,0.9028089887640449,results/pending_runs/paper_final/lane3/RegNetY400MF/dermmnist/L30_G30/fioretto_ldf/seed_3
dermmnist,L30_G30,RegNetY400MF,1,fioretto_ldf,23.0,67,67,223,2003,48,0.622305080444438,0.41379310344827586,0.41379310344827586,0.7093354864132996,0.7560055137725041,0.9106741573033708,results/pending_runs/paper_final/lane3/RegNetY400MF/dermmnist/L30_G30/fioretto_ldf/seed_1
dermmnist,L30_G30,RegNetY400MF,2,fioretto_ldf,299.0,67,67,223,2003,57,0.6609176822559765,0.43448275862068964,0.43448275862068964,0.7257466181939377,0.7735790829596566,0.9157303370786517,results/pending_runs/paper_final/lane3/RegNetY400MF/dermmnist/L30_G30/fioretto_ldf/seed_2
dermmnist,L30_G30,RegNetY400MF,4,tralo_bounded,68.0,67,67,223,2003,63,0.6521116865391969,0.43448275862068964,0.43448275862068964,0.7004767261554345,0.7449273452745007,0.9095505617977528,results/pending_runs/paper_final/lane3/RegNetY400MF/dermmnist/L30_G30/tralo_bounded/seed_4
dermmnist,L30_G30,RegNetY400MF,3,tralo_bounded,66.0,67,67,223,2003,54,0.6423223945034684,0.4,0.4,0.6953626329792534,0.7434093866675995,0.9056179775280899,results/pending_runs/paper_final/lane3/RegNetY400MF/dermmnist/L30_G30/tralo_bounded/seed_3
dermmnist,L30_G30,RegNetY400MF,1,tralo_bounded,64.0,67,67,223,2003,47,0.6291980255838614,0.4206896551724138,0.4206896551724138,0.7103733656567293,0.7544526416955876,0.9112359550561798,results/pending_runs/paper_final/lane3/RegNetY400MF/dermmnist/L30_G30/tralo_bounded/seed_1
dermmnist,L30_G30,RegNetY400MF,2,tralo_bounded,65.0,67,67,223,2003,48,0.6541203561327424,0.43448275862068964,0.43448275862068964,0.7166679879143897,0.7599397722546164,0.9146067415730337,results/pending_runs/paper_final/lane3/RegNetY400MF/dermmnist/L30_G30/tralo_bounded/seed_2
dermmnist,L30_G30,RegNetY400MF,4,heuristic,0.0,67,67,223,2003,197,0.7015485772911337,0.43448275862068964,0.43448275862068964,0.6991251656470279,0.7470154358256157,0.8808988764044944,results/pending_runs/paper_final/lane3/RegNetY400MF/dermmnist/L30_G30/heuristic/seed_4
dermmnist,L30_G30,RegNetY400MF,3,heuristic,0.0,67,67,223,2003,174,0.6915014341813639,0.4,0.4,0.6968797427775589,0.7631946378560919,0.8904494382022472,results/pending_runs/paper_final/lane3/RegNetY400MF/dermmnist/L30_G30/heuristic/seed_3
dermmnist,L30_G30,RegNetY400MF,1,heuristic,0.0,67,67,223,2003,152,0.7057514318572579,0.42758620689655175,0.42758620689655175,0.7131164019156297,0.7689584920415982,0.9028089887640449,results/pending_runs/paper_final/lane3/RegNetY400MF/dermmnist/L30_G30/heuristic/seed_1
dermmnist,L30_G30,RegNetY400MF,2,heuristic,0.0,67,67,223,2003,180,0.6941009292122404,0.42758620689655175,0.42758620689655175,0.7022958091809205,0.7695552929570978,0.8921348314606742,results/pending_runs/paper_final/lane3/RegNetY400MF/dermmnist/L30_G30/heuristic/seed_2
dermmnist,L10_G10,RegNetY400MF,4,hounie_rcl,71.0,22,22,223,2003,14,0.5215524172452791,0.17142857142857143,0.17142857142857143,0.642185321371245,0.7194882303729416,0.9050561797752809,results/pending_runs/paper_final/lane3/RegNetY400MF/dermmnist/L10_G10/hounie_rcl/seed_4
dermmnist,L10_G10,RegNetY400MF,3,hounie_rcl,52.0,22,22,223,2003,13,0.5102695671482964,0.17142857142857143,0.17142857142857143,0.6425722695590439,0.7199228469673044,0.8994382022471911,results/pending_runs/paper_final/lane3/RegNetY400MF/dermmnist/L10_G10/hounie_rcl/seed_3
dermmnist,L10_G10,RegNetY400MF,1,hounie_rcl,44.0,22,22,223,2003,16,0.4845774245191628,0.17959183673469387,0.17959183673469387,0.6637900846524927,0.7441817140677625,0.9044943820224719,results/pending_runs/paper_final/lane3/RegNetY400MF/dermmnist/L10_G10/hounie_rcl/seed_1
dermmnist,L10_G10,RegNetY400MF,2,hounie_rcl,45.0,22,22,223,2003,14,0.5503929062606506,0.17959183673469387,0.17959183673469387,0.6653515582725804,0.7443927041376982,0.9117977528089888,results/pending_runs/paper_final/lane3/RegNetY400MF/dermmnist/L10_G10/hounie_rcl/seed_2
dermmnist,L10_G10,RegNetY400MF,4,tralo,84.0,22,22,223,2003,21,0.534187805388034,0.17959183673469387,0.17959183673469387,0.6355652062613828,0.7115086470663575,0.9050561797752809,results/pending_runs/paper_final/lane3/RegNetY400MF/dermmnist/L10_G10/tralo/seed_4
dermmnist,L10_G10,RegNetY400MF,3,tralo,81.0,22,22,223,2003,20,0.5426055628788972,0.17142857142857143,0.17142857142857143,0.6405005115200996,0.7183940591947424,0.901685393258427,results/pending_runs/paper_final/lane3/RegNetY400MF/dermmnist/L10_G10/tralo/seed_3
dermmnist,L10_G10,RegNetY400MF,1,tralo,74.0,22,22,223,2003,22,0.5035595167566789,0.17959183673469387,0.17959183673469387,0.6590695696962898,0.7389825251898893,0.9078651685393259,results/pending_runs/paper_final/lane3/RegNetY400MF/dermmnist/L10_G10/tralo/seed_1
dermmnist,L10_G10,RegNetY400MF,2,tralo,69.0,22,22,223,2003,19,0.5909991056608492,0.17959183673469387,0.17959183673469387,0.661627327320323,0.7386869880912069,0.9112359550561798,results/pending_runs/paper_final/lane3/RegNetY400MF/dermmnist/L10_G10/tralo/seed_2
dermmnist,L10_G10,RegNetY400MF,4,danits_lp,0.0,22,22,223,2003,197,0.7015485772911337,0.17959183673469387,0.17959183673469387,0.6573840107289589,0.7470154358256157,0.8808988764044944,results/pending_runs/paper_final/lane3/RegNetY400MF/dermmnist/L10_G10/danits_lp/seed_4
dermmnist,L10_G10,RegNetY400MF,3,danits_lp,0.0,22,22,223,2003,174,0.6915014341813639,0.17142857142857143,0.17142857142857143,0.660309280743992,0.7631946378560919,0.8904494382022472,results/pending_runs/paper_final/lane3/RegNetY400MF/dermmnist/L10_G10/danits_lp/seed_3
dermmnist,L10_G10,RegNetY400MF,1,danits_lp,0.0,22,22,223,2003,152,0.7057514318572579,0.17959183673469387,0.17959183673469387,0.6733982915202829,0.7689584920415982,0.9028089887640449,results/pending_runs/paper_final/lane3/RegNetY400MF/dermmnist/L10_G10/danits_lp/seed_1
dermmnist,L10_G10,RegNetY400MF,2,danits_lp,0.0,22,22,223,2003,180,0.6941009292122404,0.17142857142857143,0.17142857142857143,0.6553510559488477,0.7695552929570978,0.8921348314606742,results/pending_runs/paper_final/lane3/RegNetY400MF/dermmnist/L10_G10/danits_lp/seed_2
dermmnist,L10_G10,RegNetY400MF,4,fioretto_ldf,34.0,22,22,223,2003,15,0.5013385417280403,0.17959183673469387,0.17959183673469387,0.6388566936852482,0.7148293091253773,0.9011235955056179,results/pending_runs/paper_final/lane3/RegNetY400MF/dermmnist/L10_G10/fioretto_ldf/seed_4
dermmnist,L10_G10,RegNetY400MF,3,fioretto_ldf,30.0,22,22,223,2003,11,0.4946148666943394,0.17142857142857143,0.17142857142857143,0.6464754226180275,0.7246835060893481,0.898876404494382,results/pending_runs/paper_final/lane3/RegNetY400MF/dermmnist/L10_G10/fioretto_ldf/seed_3
dermmnist,L10_G10,RegNetY400MF,1,fioretto_ldf,26.0,22,22,223,2003,16,0.5030210782213935,0.17959183673469387,0.17959183673469387,0.6626051756594394,0.7425783329175508,0.9039325842696629,results/pending_runs/paper_final/lane3/RegNetY400MF/dermmnist/L10_G10/fioretto_ldf/seed_1
dermmnist,L10_G10,RegNetY400MF,2,fioretto_ldf,29.0,22,22,223,2003,18,0.5536696233771211,0.17959183673469387,0.17959183673469387,0.6600785463255648,0.7384789385288829,0.9084269662921348,results/pending_runs/paper_final/lane3/RegNetY400MF/dermmnist/L10_G10/fioretto_ldf/seed_2
dermmnist,L10_G10,RegNetY400MF,4,tralo_bounded,76.0,22,22,223,2003,14,0.501676709828194,0.17959183673469387,0.17959183673469387,0.6387589121789082,0.7133664983501427,0.9056179775280899,results/pending_runs/paper_final/lane3/RegNetY400MF/dermmnist/L10_G10/tralo_bounded/seed_4
dermmnist,L10_G10,RegNetY400MF,3,tralo_bounded,71.0,22,22,223,2003,13,0.5083217451487154,0.17142857142857143,0.17142857142857143,0.6403281157032714,0.7173119795920382,0.8977528089887641,results/pending_runs/paper_final/lane3/RegNetY400MF/dermmnist/L10_G10/tralo_bounded/seed_3
dermmnist,L10_G10,RegNetY400MF,1,tralo_bounded,68.0,22,22,223,2003,13,0.47359898278824886,0.17959183673469387,0.17959183673469387,0.6644900402401827,0.7448469640978725,0.903370786516854,results/pending_runs/paper_final/lane3/RegNetY400MF/dermmnist/L10_G10/tralo_bounded/seed_1
dermmnist,L10_G10,RegNetY400MF,2,tralo_bounded,69.0,22,22,223,2003,12,0.5462994959134942,0.17959183673469387,0.17959183673469387,0.6653943270723043,0.7416270278017452,0.9123595505617977,results/pending_runs/paper_final/lane3/RegNetY400MF/dermmnist/L10_G10/tralo_bounded/seed_2
dermmnist,L10_G10,RegNetY400MF,4,heuristic,0.0,22,22,223,2003,197,0.7015485772911337,0.17959183673469387,0.17959183673469387,0.6573840107289589,0.7470154358256157,0.8808988764044944,results/pending_runs/paper_final/lane3/RegNetY400MF/dermmnist/L10_G10/heuristic/seed_4
dermmnist,L10_G10,RegNetY400MF,3,heuristic,0.0,22,22,223,2003,174,0.6915014341813639,0.17142857142857143,0.17142857142857143,0.660309280743992,0.7631946378560919,0.8904494382022472,results/pending_runs/paper_final/lane3/RegNetY400MF/dermmnist/L10_G10/heuristic/seed_3
dermmnist,L10_G10,RegNetY400MF,1,heuristic,0.0,22,22,223,2003,152,0.7057514318572579,0.17959183673469387,0.17959183673469387,0.6733982915202829,0.7689584920415982,0.9028089887640449,results/pending_runs/paper_final/lane3/RegNetY400MF/dermmnist/L10_G10/heuristic/seed_1
dermmnist,L10_G10,RegNetY400MF,2,heuristic,0.0,22,22,223,2003,180,0.6941009292122404,0.17142857142857143,0.17142857142857143,0.6553510559488477,0.7695552929570978,0.8921348314606742,results/pending_runs/paper_final/lane3/RegNetY400MF/dermmnist/L10_G10/heuristic/seed_2
tissuemnist,L20_G20,RegNetY400MF,4,hounie_rcl,95.0,34,34,171,2400,21,0.2865682110669791,0.1951219512195122,0.1951219512195122,0.38516550676759786,0.4121877684773873,0.5401525347689546,results/pending_runs/paper_final/lane3/RegNetY400MF/tissuemnist/L20_G20/hounie_rcl/seed_4
tissuemnist,L20_G20,RegNetY400MF,3,hounie_rcl,99.0,34,34,171,2400,26,0.2913094040439023,0.1951219512195122,0.1951219512195122,0.39634795973103754,0.42483317490554573,0.5625841184387618,results/pending_runs/paper_final/lane3/RegNetY400MF/tissuemnist/L20_G20/hounie_rcl/seed_3
tissuemnist,L20_G20,RegNetY400MF,1,hounie_rcl,79.0,34,34,171,2400,28,0.3442584477133582,0.23414634146341465,0.23414634146341465,0.41940057807403885,0.44497770607913667,0.5769403319874383,results/pending_runs/paper_final/lane3/RegNetY400MF/tissuemnist/L20_G20/hounie_rcl/seed_1
tissuemnist,L20_G20,RegNetY400MF,2,hounie_rcl,109.0,34,34,171,2400,20,0.3021050735395781,0.22439024390243903,0.22439024390243903,0.3856837528710256,0.40739022265139585,0.5482279048900852,results/pending_runs/paper_final/lane3/RegNetY400MF/tissuemnist/L20_G20/hounie_rcl/seed_2
tissuemnist,L20_G20,RegNetY400MF,4,tralo,138.0,34,34,171,2400,16,0.2749434251412276,0.17560975609756097,0.17560975609756097,0.37837639700602105,0.4064592334426057,0.5320771646478242,results/pending_runs/paper_final/lane3/RegNetY400MF/tissuemnist/L20_G20/tralo/seed_4
tissuemnist,L20_G20,RegNetY400MF,3,tralo,128.0,34,34,171,2400,30,0.29826629453989706,0.1951219512195122,0.1951219512195122,0.3981631674830094,0.42724621626111636,0.5675190668461193,results/pending_runs/paper_final/lane3/RegNetY400MF/tissuemnist/L20_G20/tralo/seed_3
tissuemnist,L20_G20,RegNetY400MF,1,tralo,122.0,34,34,171,2400,28,0.3455578604445769,0.2146341463414634,0.2146341463414634,0.42172196117092103,0.4504295686308652,0.5841184387617766,results/pending_runs/paper_final/lane3/RegNetY400MF/tissuemnist/L20_G20/tralo/seed_1
tissuemnist,L20_G20,RegNetY400MF,2,tralo,166.0,34,34,171,2400,23,0.30267430204411444,0.1951219512195122,0.1951219512195122,0.38891503691342655,0.4146672255636656,0.5468820098698968,results/pending_runs/paper_final/lane3/RegNetY400MF/tissuemnist/L20_G20/tralo/seed_2
tissuemnist,L20_G20,RegNetY400MF,4,danits_lp,0.0,34,34,171,2400,163,0.31736026819496094,0.17560975609756097,0.17560975609756097,0.3148779794471015,0.33440252608568566,0.3853746074472858,results/pending_runs/paper_final/lane3/RegNetY400MF/tissuemnist/L20_G20/danits_lp/seed_4
tissuemnist,L20_G20,RegNetY400MF,3,danits_lp,0.0,34,34,171,2400,163,0.2744146349684011,0.15609756097560976,0.16585365853658537,0.34305060795795295,0.3636059352113584,0.4670255720053836,results/pending_runs/paper_final/lane3/RegNetY400MF/tissuemnist/L20_G20/danits_lp/seed_3
tissuemnist,L20_G20,RegNetY400MF,1,danits_lp,0.0,34,34,171,2400,420,0.3838373474194948,0.2048780487804878,0.2048780487804878,0.3267272460166567,0.33255951488702756,0.35397039030955585,results/pending_runs/paper_final/lane3/RegNetY400MF/tissuemnist/L20_G20/danits_lp/seed_1
tissuemnist,L20_G20,RegNetY400MF,2,danits_lp,0.0,34,34,171,2400,237,0.3573569425298886,0.24390243902439024,0.23414634146341465,0.30847154283190326,0.29891265398926015,0.3261552265589951,results/pending_runs/paper_final/lane3/RegNetY400MF/tissuemnist/L20_G20/danits_lp/seed_2
tissuemnist,L20_G20,RegNetY400MF,4,fioretto_ldf,94.0,34,34,171,2400,21,0.28771276552445674,0.1951219512195122,0.1951219512195122,0.38234885591087175,0.40857173886580483,0.5392552714221625,results/pending_runs/paper_final/lane3/RegNetY400MF/tissuemnist/L20_G20/fioretto_ldf/seed_4
tissuemnist,L20_G20,RegNetY400MF,3,fioretto_ldf,84.0,34,34,171,2400,28,0.2856656872539105,0.1951219512195122,0.1951219512195122,0.39979072792073533,0.42891663084410137,0.5670704351727232,results/pending_runs/paper_final/lane3/RegNetY400MF/tissuemnist/L20_G20/fioretto_ldf/seed_3
tissuemnist,L20_G20,RegNetY400MF,1,fioretto_ldf,81.0,34,34,171,2400,24,0.3221096452612105,0.2146341463414634,0.2146341463414634,0.40351831449993153,0.42994625079651483,0.5648272768057425,results/pending_runs/paper_final/lane3/RegNetY400MF/tissuemnist/L20_G20/fioretto_ldf/seed_1
tissuemnist,L20_G20,RegNetY400MF,2,fioretto_ldf,299.0,34,34,171,2400,32,0.31245737009169766,0.2146341463414634,0.2146341463414634,0.38754245836883516,0.4122677338597561,0.5495737999102737,results/pending_runs/paper_final/lane3/RegNetY400MF/tissuemnist/L20_G20/fioretto_ldf/seed_2
tissuemnist,L20_G20,RegNetY400MF,4,tralo_bounded,138.0,34,34,171,2400,19,0.28824656638086216,0.18536585365853658,0.18536585365853658,0.38492019240466485,0.4125223106885013,0.5388066397487663,results/pending_runs/paper_final/lane3/RegNetY400MF/tissuemnist/L20_G20/tralo_bounded/seed_4
tissuemnist,L20_G20,RegNetY400MF,3,tralo_bounded,128.0,34,34,171,2400,25,0.28473452473237165,0.18536585365853658,0.18536585365853658,0.3977647153113645,0.42823329269801585,0.5657245401525348,results/pending_runs/paper_final/lane3/RegNetY400MF/tissuemnist/L20_G20/tralo_bounded/seed_3
tissuemnist,L20_G20,RegNetY400MF,1,tralo_bounded,122.0,34,34,171,2400,26,0.33711053953535963,0.1951219512195122,0.1951219512195122,0.4154576036559775,0.4460280271530266,0.5791834903544191,results/pending_runs/paper_final/lane3/RegNetY400MF/tissuemnist/L20_G20/tralo_bounded/seed_1
tissuemnist,L20_G20,RegNetY400MF,2,tralo_bounded,350.0,34,34,171,2400,29,0.32440111937257293,0.22439024390243903,0.22439024390243903,0.3900095811871993,0.4133637153764221,0.554060116644235,results/pending_runs/paper_final/lane3/RegNetY400MF/tissuemnist/L20_G20/tralo_bounded/seed_2
tissuemnist,L20_G20,RegNetY400MF,4,heuristic,0.0,34,34,171,2400,163,0.31736026819496094,0.17560975609756097,0.17560975609756097,0.3148779794471015,0.33440252608568566,0.3853746074472858,results/pending_runs/paper_final/lane3/RegNetY400MF/tissuemnist/L20_G20/heuristic/seed_4
tissuemnist,L20_G20,RegNetY400MF,3,heuristic,0.0,34,34,171,2400,163,0.2744146349684011,0.16585365853658537,0.16585365853658537,0.34305060795795295,0.3636059352113584,0.4670255720053836,results/pending_runs/paper_final/lane3/RegNetY400MF/tissuemnist/L20_G20/heuristic/seed_3
tissuemnist,L20_G20,RegNetY400MF,1,heuristic,0.0,34,34,171,2400,420,0.3838373474194948,0.2048780487804878,0.2048780487804878,0.3267272460166567,0.33255951488702756,0.35397039030955585,results/pending_runs/paper_final/lane3/RegNetY400MF/tissuemnist/L20_G20/heuristic/seed_1
tissuemnist,L20_G20,RegNetY400MF,2,heuristic,0.0,34,34,171,2400,237,0.3573569425298886,0.23414634146341465,0.23414634146341465,0.30847154283190326,0.29891265398926015,0.3261552265589951,results/pending_runs/paper_final/lane3/RegNetY400MF/tissuemnist/L20_G20/heuristic/seed_2
tissuemnist,L30_G30,RegNetY400MF,4,hounie_rcl,84.0,51,51,171,2400,35,0.31018078626211326,0.27927927927927926,0.27927927927927926,0.4016631347263736,0.41901567770770765,0.5428443248093315,results/pending_runs/paper_final/lane3/RegNetY400MF/tissuemnist/L30_G30/hounie_rcl/seed_4
tissuemnist,L30_G30,RegNetY400MF,3,hounie_rcl,75.0,51,51,171,2400,45,0.31386987853407594,0.27927927927927926,0.27927927927927926,0.4148143954306124,0.43383279185692764,0.5612382234185733,results/pending_runs/paper_final/lane3/RegNetY400MF/tissuemnist/L30_G30/hounie_rcl/seed_3
tissuemnist,L30_G30,RegNetY400MF,1,hounie_rcl,79.0,51,51,171,2400,39,0.3471717086598837,0.27927927927927926,0.27927927927927926,0.41506166566930325,0.43294464733662474,0.5643786451323464,results/pending_runs/paper_final/lane3/RegNetY400MF/tissuemnist/L30_G30/hounie_rcl/seed_1
tissuemnist,L30_G30,RegNetY400MF,2,hounie_rcl,92.0,51,51,171,2400,44,0.34723035917807943,0.32432432432432434,0.32432432432432434,0.40835995897911975,0.4200572941322291,0.5549573799910273,results/pending_runs/paper_final/lane3/RegNetY400MF/tissuemnist/L30_G30/hounie_rcl/seed_2
tissuemnist,L30_G30,RegNetY400MF,4,tralo,128.0,51,51,171,2400,42,0.32210995062632164,0.2702702702702703,0.2702702702702703,0.3982792664324011,0.41642898862006483,0.5293853746074473,results/pending_runs/paper_final/lane3/RegNetY400MF/tissuemnist/L30_G30/tralo/seed_4
tissuemnist,L30_G30,RegNetY400MF,3,tralo,126.0,51,51,171,2400,49,0.30813277758233115,0.26126126126126126,0.26126126126126126,0.406164378825423,0.42668567347078984,0.5589950650515927,results/pending_runs/paper_final/lane3/RegNetY400MF/tissuemnist/L30_G30/tralo/seed_3
tissuemnist,L30_G30,RegNetY400MF,1,tralo,128.0,51,51,171,2400,47,0.34941063348587414,0.25225225225225223,0.25225225225225223,0.4185123443886406,0.44221328253366604,0.5706594885598923,results/pending_runs/paper_final/lane3/RegNetY400MF/tissuemnist/L30_G30/tralo/seed_1
tissuemnist,L30_G30,RegNetY400MF,2,tralo,145.0,51,51,171,2400,43,0.35066567467950455,0.3063063063063063,0.3063063063063063,0.41141884901065934,0.4259395807307604,0.554060116644235,results/pending_runs/paper_final/lane3/RegNetY400MF/tissuemnist/L30_G30/tralo/seed_2
tissuemnist,L30_G30,RegNetY400MF,4,danits_lp,0.0,51,51,171,2400,163,0.31736026819496094,0.21621621621621623,0.21621621621621623,0.3209510226144071,0.33440252608568566,0.3853746074472858,results/pending_runs/paper_final/lane3/RegNetY400MF/tissuemnist/L30_G30/danits_lp/seed_4
tissuemnist,L30_G30,RegNetY400MF,3,danits_lp,0.0,51,51,171,2400,163,0.2744146349684011,0.1981981981981982,0.2072072072072072,0.34817098113611183,0.3636059352113584,0.4670255720053836,results/pending_runs/paper_final/lane3/RegNetY400MF/tissuemnist/L30_G30/danits_lp/seed_3
tissuemnist,L30_G30,RegNetY400MF,1,danits_lp,0.0,51,51,171,2400,420,0.3838373474194948,0.24324324324324326,0.24324324324324326,0.332607610244826,0.33255951488702756,0.35397039030955585,results/pending_runs/paper_final/lane3/RegNetY400MF/tissuemnist/L30_G30/danits_lp/seed_1
tissuemnist,L30_G30,RegNetY400MF,2,danits_lp,0.0,51,51,171,2400,237,0.3573569425298886,0.2972972972972973,0.2972972972972973,0.3135953877886335,0.29891265398926015,0.3261552265589951,results/pending_runs/paper_final/lane3/RegNetY400MF/tissuemnist/L30_G30/danits_lp/seed_2
tissuemnist,L30_G30,RegNetY400MF,4,fioretto_ldf,78.0,51,51,171,2400,39,0.3241461348845807,0.27927927927927926,0.2882882882882883,0.41144720014312924,0.4286905796362696,0.5464333781965006,results/pending_runs/paper_final/lane3/RegNetY400MF/tissuemnist/L30_G30/fioretto_ldf/seed_4
tissuemnist,L30_G30,RegNetY400MF,3,fioretto_ldf,71.0,51,51,171,2400,44,0.3094930587471966,0.27927927927927926,0.27927927927927926,0.4103079724098446,0.42878335156555086,0.5585464333781965,results/pending_runs/paper_final/lane3/RegNetY400MF/tissuemnist/L30_G30/fioretto_ldf/seed_3
tissuemnist,L30_G30,RegNetY400MF,1,fioretto_ldf,75.0,51,51,171,2400,46,0.3452120461155651,0.27927927927927926,0.27927927927927926,0.4230287308737982,0.4440520714534248,0.5715567519066846,results/pending_runs/paper_final/lane3/RegNetY400MF/tissuemnist/L30_G30/fioretto_ldf/seed_1
tissuemnist,L30_G30,RegNetY400MF,2,fioretto_ldf,94.0,51,51,171,2400,48,0.3550989918757647,0.3063063063063063,0.3063063063063063,0.40445029276208877,0.41800380631545325,0.5545087483176312,results/pending_runs/paper_final/lane3/RegNetY400MF/tissuemnist/L30_G30/fioretto_ldf/seed_2
tissuemnist,L30_G30,RegNetY400MF,4,tralo_bounded,128.0,51,51,171,2400,37,0.3226003198791184,0.27927927927927926,0.27927927927927926,0.4036465059069112,0.42106780226723595,0.5410497981157469,results/pending_runs/paper_final/lane3/RegNetY400MF/tissuemnist/L30_G30/tralo_bounded/seed_4
tissuemnist,L30_G30,RegNetY400MF,3,tralo_bounded,118.0,51,51,171,2400,43,0.30904790422141376,0.27927927927927926,0.27927927927927926,0.41175328263423955,0.4307982591915116,0.5612382234185733,results/pending_runs/paper_final/lane3/RegNetY400MF/tissuemnist/L30_G30/tralo_bounded/seed_3
tissuemnist,L30_G30,RegNetY400MF,1,tralo_bounded,123.0,51,51,171,2400,45,0.34336591374929015,0.2702702702702703,0.2702702702702703,0.4210104696674368,0.4430625822241732,0.5684163301929116,results/pending_runs/paper_final/lane3/RegNetY400MF/tissuemnist/L30_G30/tralo_bounded/seed_1
tissuemnist,L30_G30,RegNetY400MF,2,tralo_bounded,145.0,51,51,171,2400,45,0.3526800797886509,0.3153153153153153,0.3153153153153153,0.4073585056746183,0.42027795402935453,0.5545087483176312,results/pending_runs/paper_final/lane3/RegNetY400MF/tissuemnist/L30_G30/tralo_bounded/seed_2
tissuemnist,L30_G30,RegNetY400MF,4,heuristic,0.0,51,51,171,2400,163,0.31736026819496094,0.21621621621621623,0.21621621621621623,0.3209510226144071,0.33440252608568566,0.3853746074472858,results/pending_runs/paper_final/lane3/RegNetY400MF/tissuemnist/L30_G30/heuristic/seed_4
tissuemnist,L30_G30,RegNetY400MF,3,heuristic,0.0,51,51,171,2400,163,0.2744146349684011,0.2072072072072072,0.2072072072072072,0.34817098113611183,0.3636059352113584,0.4670255720053836,results/pending_runs/paper_final/lane3/RegNetY400MF/tissuemnist/L30_G30/heuristic/seed_3
tissuemnist,L30_G30,RegNetY400MF,1,heuristic,0.0,51,51,171,2400,420,0.3838373474194948,0.24324324324324326,0.24324324324324326,0.332607610244826,0.33255951488702756,0.35397039030955585,results/pending_runs/paper_final/lane3/RegNetY400MF/tissuemnist/L30_G30/heuristic/seed_1
tissuemnist,L30_G30,RegNetY400MF,2,heuristic,0.0,51,51,171,2400,237,0.3573569425298886,0.2972972972972973,0.2972972972972973,0.3135953877886335,0.29891265398926015,0.3261552265589951,results/pending_runs/paper_final/lane3/RegNetY400MF/tissuemnist/L30_G30/heuristic/seed_2
tissuemnist,L10_G10,RegNetY400MF,4,hounie_rcl,142.0,17,17,171,2400,11,0.2219449139702767,0.07446808510638298,0.07446808510638298,0.35241024358114903,0.3916019376681125,0.534768954688201,results/pending_runs/paper_final/lane3/RegNetY400MF/tissuemnist/L10_G10/hounie_rcl/seed_4
tissuemnist,L10_G10,RegNetY400MF,3,hounie_rcl,128.0,17,17,171,2400,12,0.24756279716951637,0.10638297872340426,0.10638297872340426,0.38066767687790604,0.42087524477614,0.5652759084791387,results/pending_runs/paper_final/lane3/RegNetY400MF/tissuemnist/L10_G10/hounie_rcl/seed_3
tissuemnist,L10_G10,RegNetY400MF,1,hounie_rcl,135.0,17,17,171,2400,13,0.2555196089339294,0.11702127659574468,0.1276595744680851,0.39028872701221384,0.42740454592516797,0.566621803499327,results/pending_runs/paper_final/lane3/RegNetY400MF/tissuemnist/L10_G10/hounie_rcl/seed_1
tissuemnist,L10_G10,RegNetY400MF,2,hounie_rcl,126.0,17,17,171,2400,14,0.2760874068804159,0.11702127659574468,0.11702127659574468,0.36184493522480526,0.39692488989398517,0.5437415881561238,results/pending_runs/paper_final/lane3/RegNetY400MF/tissuemnist/L10_G10/hounie_rcl/seed_2
tissuemnist,L10_G10,RegNetY400MF,4,tralo,159.0,17,17,171,2400,9,0.2123026979211759,0.09574468085106383,0.09574468085106383,0.35681994364895464,0.3939060461974659,0.5320771646478242,results/pending_runs/paper_final/lane3/RegNetY400MF/tissuemnist/L10_G10/tralo/seed_4
tissuemnist,L10_G10,RegNetY400MF,3,tralo,144.0,17,17,171,2400,13,0.2751627809586473,0.13829787234042554,0.13829787234042554,0.37523524415196735,0.4091813035203454,0.5711081202332885,results/pending_runs/paper_final/lane3/RegNetY400MF/tissuemnist/L10_G10/tralo/seed_3
tissuemnist,L10_G10,RegNetY400MF,1,tralo,148.0,17,17,171,2400,15,0.266080544770703,0.10638297872340426,0.10638297872340426,0.39782206649350876,0.4392004285149777,0.5746971736204576,results/pending_runs/paper_final/lane3/RegNetY400MF/tissuemnist/L10_G10/tralo/seed_1
tissuemnist,L10_G10,RegNetY400MF,2,tralo,167.0,17,17,171,2400,16,0.24508762699544823,0.10638297872340426,0.10638297872340426,0.3596048421192886,0.3955855011352308,0.5437415881561238,results/pending_runs/paper_final/lane3/RegNetY400MF/tissuemnist/L10_G10/tralo/seed_2
tissuemnist,L10_G10,RegNetY400MF,4,danits_lp,0.0,17,17,171,2400,163,0.31736026819496094,0.09574468085106383,0.09574468085106383,0.30555120384791534,0.33440252608568566,0.3853746074472858,results/pending_runs/paper_final/lane3/RegNetY400MF/tissuemnist/L10_G10/danits_lp/seed_4
tissuemnist,L10_G10,RegNetY400MF,3,danits_lp,0.0,17,17,171,2400,163,0.2744146349684011,0.0851063829787234,0.0851063829787234,0.33124621502332596,0.3636059352113584,0.4670255720053836,results/pending_runs/paper_final/lane3/RegNetY400MF/tissuemnist/L10_G10/danits_lp/seed_3
tissuemnist,L10_G10,RegNetY400MF,1,danits_lp,0.0,17,17,171,2400,420,0.3838373474194948,0.1276595744680851,0.1276595744680851,0.3157491535550146,0.33255951488702756,0.35397039030955585,results/pending_runs/paper_final/lane3/RegNetY400MF/tissuemnist/L10_G10/danits_lp/seed_1
tissuemnist,L10_G10,RegNetY400MF,2,danits_lp,0.0,17,17,171,2400,237,0.3573569425298886,0.11702127659574468,0.11702127659574468,0.292266596620795,0.29891265398926015,0.3261552265589951,results/pending_runs/paper_final/lane3/RegNetY400MF/tissuemnist/L10_G10/danits_lp/seed_2
tissuemnist,L10_G10,RegNetY400MF,4,fioretto_ldf,299.0,17,17,171,2400,12,0.2155464943391691,0.09574468085106383,0.09574468085106383,0.35538700041808624,0.39219761883498433,0.5370121130551817,results/pending_runs/paper_final/lane3/RegNetY400MF/tissuemnist/L10_G10/fioretto_ldf/seed_4
tissuemnist,L10_G10,RegNetY400MF,3,fioretto_ldf,89.0,17,17,171,2400,11,0.2488482924616795,0.10638297872340426,0.10638297872340426,0.3793446026363418,0.4197398360725119,0.566621803499327,results/pending_runs/paper_final/lane3/RegNetY400MF/tissuemnist/L10_G10/fioretto_ldf/seed_3
tissuemnist,L10_G10,RegNetY400MF,1,fioretto_ldf,95.0,17,17,171,2400,13,0.26833123246306856,0.10638297872340426,0.10638297872340426,0.3899464116300263,0.43049524089351215,0.5675190668461193,results/pending_runs/paper_final/lane3/RegNetY400MF/tissuemnist/L10_G10/fioretto_ldf/seed_1
tissuemnist,L10_G10,RegNetY400MF,2,fioretto_ldf,121.0,17,17,171,2400,14,0.2649938104088656,0.11702127659574468,0.11702127659574468,0.36006858947665354,0.3946962887491369,0.5410497981157469,results/pending_runs/paper_final/lane3/RegNetY400MF/tissuemnist/L10_G10/fioretto_ldf/seed_2
tissuemnist,L10_G10,RegNetY400MF,4,tralo_bounded,155.0,17,17,171,2400,10,0.2212731658372211,0.0851063829787234,0.0851063829787234,0.35221481841148705,0.38976394529931996,0.5311799013010319,results/pending_runs/paper_final/lane3/RegNetY400MF/tissuemnist/L10_G10/tralo_bounded/seed_4
tissuemnist,L10_G10,RegNetY400MF,3,tralo_bounded,140.0,17,17,171,2400,12,0.25623011946025087,0.10638297872340426,0.10638297872340426,0.37718181804895184,0.4162391496059263,0.5634813817855541,results/pending_runs/paper_final/lane3/RegNetY400MF/tissuemnist/L10_G10/tralo_bounded/seed_3
tissuemnist,L10_G10,RegNetY400MF,1,tralo_bounded,148.0,17,17,171,2400,13,0.27001465212929515,0.11702127659574468,0.11702127659574468,0.39583400564366145,0.4351371355903713,0.5724540152534769,results/pending_runs/paper_final/lane3/RegNetY400MF/tissuemnist/L10_G10/tralo_bounded/seed_1
tissuemnist,L10_G10,RegNetY400MF,2,tralo_bounded,167.0,17,17,171,2400,14,0.26314084284567807,0.11702127659574468,0.11702127659574468,0.36745131405328146,0.40252514988705757,0.5536114849708389,results/pending_runs/paper_final/lane3/RegNetY400MF/tissuemnist/L10_G10/tralo_bounded/seed_2
tissuemnist,L10_G10,RegNetY400MF,4,heuristic,0.0,17,17,171,2400,163,0.31736026819496094,0.09574468085106383,0.09574468085106383,0.30555120384791534,0.33440252608568566,0.3853746074472858,results/pending_runs/paper_final/lane3/RegNetY400MF/tissuemnist/L10_G10/heuristic/seed_4
tissuemnist,L10_G10,RegNetY400MF,3,heuristic,0.0,17,17,171,2400,163,0.2744146349684011,0.0851063829787234,0.0851063829787234,0.33124621502332596,0.3636059352113584,0.4670255720053836,results/pending_runs/paper_final/lane3/RegNetY400MF/tissuemnist/L10_G10/heuristic/seed_3
tissuemnist,L10_G10,RegNetY400MF,1,heuristic,0.0,17,17,171,2400,420,0.3838373474194948,0.1276595744680851,0.1276595744680851,0.3157491535550146,0.33255951488702756,0.35397039030955585,results/pending_runs/paper_final/lane3/RegNetY400MF/tissuemnist/L10_G10/heuristic/seed_1
tissuemnist,L10_G10,RegNetY400MF,2,heuristic,0.0,17,17,171,2400,237,0.3573569425298886,0.11702127659574468,0.11702127659574468,0.292266596620795,0.29891265398926015,0.3261552265589951,results/pending_runs/paper_final/lane3/RegNetY400MF/tissuemnist/L10_G10/heuristic/seed_2
octmnist,L20_G20,RegNetY400MF,4,hounie_rcl,34.0,50,50,250,1000,27,0.6482783514978926,0.32,0.32,0.6839567868504772,0.7966213247869484,0.908,results/pending_runs/paper_final/lane3/RegNetY400MF/octmnist/L20_G20/hounie_rcl/seed_4
octmnist,L20_G20,RegNetY400MF,3,hounie_rcl,40.0,50,50,250,1000,26,0.6714453863260818,0.2733333333333333,0.2733333333333333,0.6526348304511715,0.7723260061654242,0.8853333333333333,results/pending_runs/paper_final/lane3/RegNetY400MF/octmnist/L20_G20/hounie_rcl/seed_3
octmnist,L20_G20,RegNetY400MF,1,hounie_rcl,48.0,50,50,250,1000,29,0.6960508950326283,0.31333333333333335,0.31333333333333335,0.6737403241412676,0.7846601293806262,0.8986666666666666,results/pending_runs/paper_final/lane3/RegNetY400MF/octmnist/L20_G20/hounie_rcl/seed_1
octmnist,L20_G20,RegNetY400MF,2,hounie_rcl,39.0,50,50,250,1000,35,0.7021689142740434,0.31333333333333335,0.31333333333333335,0.6547608577004734,0.7644096719572939,0.872,results/pending_runs/paper_final/lane3/RegNetY400MF/octmnist/L20_G20/hounie_rcl/seed_2
octmnist,L20_G20,RegNetY400MF,4,tralo,92.0,50,50,250,1000,49,0.705293089913785,0.31333333333333335,0.31333333333333335,0.6839245129229724,0.8070677226814879,0.9093333333333333,results/pending_runs/paper_final/lane3/RegNetY400MF/octmnist/L20_G20/tralo/seed_4
octmnist,L20_G20,RegNetY400MF,3,tralo,126.0,50,50,250,1000,50,0.6885198872746016,0.2866666666666667,0.2866666666666667,0.662810795536152,0.7881921718259804,0.8893333333333333,results/pending_runs/paper_final/lane3/RegNetY400MF/octmnist/L20_G20/tralo/seed_3
octmnist,L20_G20,RegNetY400MF,1,tralo,101.0,50,50,250,1000,45,0.7234967372159535,0.32,0.32,0.6767885647026698,0.7933870346632061,0.9,results/pending_runs/paper_final/lane3/RegNetY400MF/octmnist/L20_G20/tralo/seed_1
octmnist,L20_G20,RegNetY400MF,2,tralo,107.0,50,50,250,1000,49,0.7041779706212451,0.31333333333333335,0.31333333333333335,0.6610828271789582,0.7776521199051416,0.8786666666666667,results/pending_runs/paper_final/lane3/RegNetY400MF/octmnist/L20_G20/tralo/seed_2
octmnist,L20_G20,RegNetY400MF,4,danits_lp,0.0,50,50,250,1000,123,0.7179991408387577,0.30666666666666664,0.30666666666666664,0.6713399960871267,0.8120998719160003,0.876,results/pending_runs/paper_final/lane3/RegNetY400MF/octmnist/L20_G20/danits_lp/seed_4
octmnist,L20_G20,RegNetY400MF,3,danits_lp,0.0,50,50,250,1000,147,0.7384960036124681,0.31333333333333335,0.31333333333333335,0.6870278503186685,0.8328682348235609,0.8866666666666667,results/pending_runs/paper_final/lane3/RegNetY400MF/octmnist/L20_G20/danits_lp/seed_3
octmnist,L20_G20,RegNetY400MF,1,danits_lp,0.0,50,50,250,1000,186,0.6568783659678977,0.26666666666666666,0.26666666666666666,0.6336359100960105,0.759440889117465,0.7906666666666666,results/pending_runs/paper_final/lane3/RegNetY400MF/octmnist/L20_G20/danits_lp/seed_1
octmnist,L20_G20,RegNetY400MF,2,danits_lp,0.0,50,50,250,1000,142,0.7767504441652759,0.32,0.32,0.666076809848789,0.8065459410913901,0.864,results/pending_runs/paper_final/lane3/RegNetY400MF/octmnist/L20_G20/danits_lp/seed_2
octmnist,L20_G20,RegNetY400MF,4,fioretto_ldf,34.0,50,50,250,1000,36,0.6798596001737497,0.32,0.32,0.6861213079743724,0.8022328702184298,0.9106666666666666,results/pending_runs/paper_final/lane3/RegNetY400MF/octmnist/L20_G20/fioretto_ldf/seed_4
octmnist,L20_G20,RegNetY400MF,3,fioretto_ldf,41.0,50,50,250,1000,50,0.6875381951001159,0.2866666666666667,0.2866666666666667,0.6562799118944371,0.7794843269703605,0.8813333333333333,results/pending_runs/paper_final/lane3/RegNetY400MF/octmnist/L20_G20/fioretto_ldf/seed_3
octmnist,L20_G20,RegNetY400MF,1,fioretto_ldf,299.0,50,50,250,1000,41,0.71733081784454,0.31333333333333335,0.31333333333333335,0.6766571927063985,0.7936215590812593,0.9026666666666666,results/pending_runs/paper_final/lane3/RegNetY400MF/octmnist/L20_G20/fioretto_ldf/seed_1
octmnist,L20_G20,RegNetY400MF,2,fioretto_ldf,41.0,50,50,250,1000,41,0.7095694783369164,0.31333333333333335,0.31333333333333335,0.6557641312633694,0.7670710558671963,0.872,results/pending_runs/paper_final/lane3/RegNetY400MF/octmnist/L20_G20/fioretto_ldf/seed_2
octmnist,L20_G20,RegNetY400MF,4,tralo_bounded,74.0,50,50,250,1000,37,0.685735223833049,0.32,0.32,0.6843261694454402,0.8003459489229968,0.908,results/pending_runs/paper_final/lane3/RegNetY400MF/octmnist/L20_G20/tralo_bounded/seed_4
octmnist,L20_G20,RegNetY400MF,3,tralo_bounded,87.0,50,50,250,1000,47,0.6829011554895295,0.2866666666666667,0.2866666666666667,0.6571462981038816,0.7794522474364562,0.8826666666666667,results/pending_runs/paper_final/lane3/RegNetY400MF/octmnist/L20_G20/tralo_bounded/seed_3
octmnist,L20_G20,RegNetY400MF,1,tralo_bounded,96.0,50,50,250,1000,40,0.7246592716325455,0.32666666666666666,0.32666666666666666,0.6831077318307495,0.7974111912008098,0.9066666666666666,results/pending_runs/paper_final/lane3/RegNetY400MF/octmnist/L20_G20/tralo_bounded/seed_1
octmnist,L20_G20,RegNetY400MF,2,tralo_bounded,84.0,50,50,250,1000,43,0.7097098408479672,0.31333333333333335,0.31333333333333335,0.656818218887047,0.768189594356261,0.872,results/pending_runs/paper_final/lane3/RegNetY400MF/octmnist/L20_G20/tralo_bounded/seed_2
octmnist,L20_G20,RegNetY400MF,4,heuristic,0.0,50,50,250,1000,123,0.7179991408387577,0.30666666666666664,0.30666666666666664,0.6713399960871267,0.8120998719160003,0.876,results/pending_runs/paper_final/lane3/RegNetY400MF/octmnist/L20_G20/heuristic/seed_4
octmnist,L20_G20,RegNetY400MF,3,heuristic,0.0,50,50,250,1000,147,0.7384960036124681,0.31333333333333335,0.31333333333333335,0.6870278503186685,0.8328682348235609,0.8866666666666667,results/pending_runs/paper_final/lane3/RegNetY400MF/octmnist/L20_G20/heuristic/seed_3
octmnist,L20_G20,RegNetY400MF,1,heuristic,0.0,50,50,250,1000,186,0.6568783659678977,0.26666666666666666,0.26666666666666666,0.6336359100960105,0.759440889117465,0.7906666666666666,results/pending_runs/paper_final/lane3/RegNetY400MF/octmnist/L20_G20/heuristic/seed_1
octmnist,L20_G20,RegNetY400MF,2,heuristic,0.0,50,50,250,1000,142,0.7767504441652759,0.32,0.32,0.666076809848789,0.8065459410913901,0.864,results/pending_runs/paper_final/lane3/RegNetY400MF/octmnist/L20_G20/heuristic/seed_2
octmnist,L30_G30,RegNetY400MF,4,hounie_rcl,32.0,75,75,250,1000,44,0.6951079530076845,0.2925170068027211,0.40615384615384614,0.707099232229119,0.8008251848362681,0.9053333333333333,results/pending_runs/paper_final/lane3/RegNetY400MF/octmnist/L30_G30/hounie_rcl/seed_4
octmnist,L30_G30,RegNetY400MF,3,hounie_rcl,37.0,75,75,250,1000,50,0.6883827836696668,0.2866666666666667,0.37538461538461537,0.6821950949386559,0.7806357487210333,0.8826666666666667,results/pending_runs/paper_final/lane3/RegNetY400MF/octmnist/L30_G30/hounie_rcl/seed_3
octmnist,L30_G30,RegNetY400MF,1,hounie_rcl,38.0,75,75,250,1000,53,0.7303087791104,0.33663366336633666,0.4246153846153846,0.713186473183011,0.7992399687635253,0.9026666666666666,results/pending_runs/paper_final/lane3/RegNetY400MF/octmnist/L30_G30/hounie_rcl/seed_1
octmnist,L30_G30,RegNetY400MF,2,hounie_rcl,39.0,75,75,250,1000,44,0.7105641897821386,0.2789115646258503,0.40615384615384614,0.6831248149456843,0.7684571163644526,0.872,results/pending_runs/paper_final/lane3/RegNetY400MF/octmnist/L30_G30/hounie_rcl/seed_2
octmnist,L30_G30,RegNetY400MF,4,tralo,79.0,75,75,250,1000,72,0.7077888833743038,0.391304347826087,0.4,0.7055110288456224,0.8072741614042981,0.8986666666666666,results/pending_runs/paper_final/lane3/RegNetY400MF/octmnist/L30_G30/tralo/seed_4
octmnist,L30_G30,RegNetY400MF,3,tralo,142.0,75,75,250,1000,74,0.7238952268016872,0.3888888888888889,0.39384615384615385,0.6948532866508881,0.7947615077801417,0.8866666666666667,results/pending_runs/paper_final/lane3/RegNetY400MF/octmnist/L30_G30/tralo/seed_3
octmnist,L30_G30,RegNetY400MF,1,tralo,89.0,75,75,250,1000,75,0.7498004482042866,0.4307692307692308,0.4307692307692308,0.709812904339317,0.8028274621960123,0.896,results/pending_runs/paper_final/lane3/RegNetY400MF/octmnist/L30_G30/tralo/seed_1
octmnist,L30_G30,RegNetY400MF,2,tralo,115.0,75,75,250,1000,75,0.728432772461171,0.41846153846153844,0.41846153846153844,0.694095090548926,0.7859729412447218,0.8773333333333333,results/pending_runs/paper_final/lane3/RegNetY400MF/octmnist/L30_G30/tralo/seed_2
octmnist,L30_G30,RegNetY400MF,4,danits_lp,0.0,75,75,250,1000,123,0.7179991408387577,0.4,0.4,0.6980376268489797,0.8120998719160003,0.876,results/pending_runs/paper_final/lane3/RegNetY400MF/octmnist/L30_G30/danits_lp/seed_4
octmnist,L30_G30,RegNetY400MF,3,danits_lp,0.0,75,75,250,1000,147,0.7384960036124681,0.4,0.4,0.71190864585069,0.8328682348235609,0.8866666666666667,results/pending_runs/paper_final/lane3/RegNetY400MF/octmnist/L30_G30/danits_lp/seed_3
octmnist,L30_G30,RegNetY400MF,1,danits_lp,0.0,75,75,250,1000,186,0.6568783659678977,0.3630769230769231,0.3630769230769231,0.6608038501642615,0.759440889117465,0.7906666666666666,results/pending_runs/paper_final/lane3/RegNetY400MF/octmnist/L30_G30/danits_lp/seed_1
octmnist,L30_G30,RegNetY400MF,2,danits_lp,0.0,75,75,250,1000,142,0.7767504441652759,0.4369230769230769,0.4430769230769231,0.7039098080844838,0.8065459410913901,0.864,results/pending_runs/paper_final/lane3/RegNetY400MF/octmnist/L30_G30/danits_lp/seed_2
octmnist,L30_G30,RegNetY400MF,4,fioretto_ldf,299.0,75,75,250,1000,61,0.7153962224751066,0.36129032258064514,0.4123076923076923,0.7093438546255685,0.8044875279579927,0.9013333333333333,results/pending_runs/paper_final/lane3/RegNetY400MF/octmnist/L30_G30/fioretto_ldf/seed_4
octmnist,L30_G30,RegNetY400MF,3,fioretto_ldf,299.0,75,75,250,1000,68,0.6971324918841283,0.3470031545741325,0.37538461538461537,0.6811777865492258,0.7824744344207435,0.876,results/pending_runs/paper_final/lane3/RegNetY400MF/octmnist/L30_G30/fioretto_ldf/seed_3
octmnist,L30_G30,RegNetY400MF,1,fioretto_ldf,38.0,75,75,250,1000,67,0.7426631135780528,0.3911671924290221,0.4246153846153846,0.712458549950739,0.8047671593417322,0.9013333333333333,results/pending_runs/paper_final/lane3/RegNetY400MF/octmnist/L30_G30/fioretto_ldf/seed_1
octmnist,L30_G30,RegNetY400MF,2,fioretto_ldf,299.0,75,75,250,1000,71,0.7185020346111278,0.3887147335423197,0.4123076923076923,0.6882973015492058,0.7785219381768519,0.8706666666666667,results/pending_runs/paper_final/lane3/RegNetY400MF/octmnist/L30_G30/fioretto_ldf/seed_2
octmnist,L30_G30,RegNetY400MF,4,tralo_bounded,70.0,75,75,250,1000,53,0.7117498003447886,0.33663366336633666,0.4123076923076923,0.70939230172834,0.8045101578436148,0.9053333333333333,results/pending_runs/paper_final/lane3/RegNetY400MF/octmnist/L30_G30/tralo_bounded/seed_4
octmnist,L30_G30,RegNetY400MF,3,tralo_bounded,350.0,75,75,250,1000,68,0.6954760430325422,0.3470031545741325,0.38153846153846155,0.6827162480876874,0.7811939838430577,0.8746666666666667,results/pending_runs/paper_final/lane3/RegNetY400MF/octmnist/L30_G30/tralo_bounded/seed_3
octmnist,L30_G30,RegNetY400MF,1,tralo_bounded,84.0,75,75,250,1000,68,0.7460076141293982,0.4025157232704403,0.4246153846153846,0.7123758188655189,0.8050068746149864,0.9013333333333333,results/pending_runs/paper_final/lane3/RegNetY400MF/octmnist/L30_G30/tralo_bounded/seed_1
octmnist,L30_G30,RegNetY400MF,2,tralo_bounded,350.0,75,75,250,1000,71,0.7185641088717741,0.3887147335423197,0.41846153846153844,0.6897634620278217,0.7783614055791596,0.8706666666666667,results/pending_runs/paper_final/lane3/RegNetY400MF/octmnist/L30_G30/tralo_bounded/seed_2
octmnist,L30_G30,RegNetY400MF,4,heuristic,0.0,75,75,250,1000,123,0.7179991408387577,0.4,0.4,0.6980376268489797,0.8120998719160003,0.876,results/pending_runs/paper_final/lane3/RegNetY400MF/octmnist/L30_G30/heuristic/seed_4
octmnist,L30_G30,RegNetY400MF,3,heuristic,0.0,75,75,250,1000,147,0.7384960036124681,0.4,0.4,0.71190864585069,0.8328682348235609,0.8866666666666667,results/pending_runs/paper_final/lane3/RegNetY400MF/octmnist/L30_G30/heuristic/seed_3
octmnist,L30_G30,RegNetY400MF,1,heuristic,0.0,75,75,250,1000,186,0.6568783659678977,0.3630769230769231,0.3630769230769231,0.6608038501642615,0.759440889117465,0.7906666666666666,results/pending_runs/paper_final/lane3/RegNetY400MF/octmnist/L30_G30/heuristic/seed_1
octmnist,L30_G30,RegNetY400MF,2,heuristic,0.0,75,75,250,1000,142,0.7767504441652759,0.4430769230769231,0.4430769230769231,0.7039098080844838,0.8065459410913901,0.864,results/pending_runs/paper_final/lane3/RegNetY400MF/octmnist/L30_G30/heuristic/seed_2
octmnist,L10_G10,RegNetY400MF,4,hounie_rcl,40.0,25,25,250,1000,11,0.5763628175311925,0.17454545454545456,0.17454545454545456,0.6368354627729154,0.7852445308166834,0.9013333333333333,results/pending_runs/paper_final/lane3/RegNetY400MF/octmnist/L10_G10/hounie_rcl/seed_4
octmnist,L10_G10,RegNetY400MF,3,hounie_rcl,48.0,25,25,250,1000,13,0.6381458570480801,0.14545454545454545,0.14545454545454545,0.6133908745283153,0.7662273314957163,0.8853333333333333,results/pending_runs/paper_final/lane3/RegNetY400MF/octmnist/L10_G10/hounie_rcl/seed_3
octmnist,L10_G10,RegNetY400MF,1,hounie_rcl,60.0,25,25,250,1000,16,0.667390960094008,0.17454545454545456,0.17454545454545456,0.6323634776658664,0.7813354758333412,0.9,results/pending_runs/paper_final/lane3/RegNetY400MF/octmnist/L10_G10/hounie_rcl/seed_1
octmnist,L10_G10,RegNetY400MF,2,hounie_rcl,48.0,25,25,250,1000,12,0.6698387726657339,0.18181818181818182,0.18181818181818182,0.6078970294861314,0.7450072391517842,0.8613333333333333,results/pending_runs/paper_final/lane3/RegNetY400MF/octmnist/L10_G10/hounie_rcl/seed_2
octmnist,L10_G10,RegNetY400MF,4,tralo,85.0,25,25,250,1000,20,0.628713013814418,0.17454545454545456,0.17454545454545456,0.6399141481993575,0.7928087844611483,0.9066666666666666,results/pending_runs/paper_final/lane3/RegNetY400MF/octmnist/L10_G10/tralo/seed_4
octmnist,L10_G10,RegNetY400MF,3,tralo,350.0,25,25,250,1000,25,0.6111239711555357,0.16,0.16,0.6194550733764914,0.7726067645019885,0.884,results/pending_runs/paper_final/lane3/RegNetY400MF/octmnist/L10_G10/tralo/seed_3
octmnist,L10_G10,RegNetY400MF,1,tralo,120.0,25,25,250,1000,25,0.686898263777126,0.17454545454545456,0.17454545454545456,0.6261056555438781,0.7766257225433527,0.892,results/pending_runs/paper_final/lane3/RegNetY400MF/octmnist/L10_G10/tralo/seed_1
octmnist,L10_G10,RegNetY400MF,2,tralo,100.0,25,25,250,1000,24,0.708452308369509,0.18181818181818182,0.18181818181818182,0.6161847187598988,0.7605802861327629,0.8746666666666667,results/pending_runs/paper_final/lane3/RegNetY400MF/octmnist/L10_G10/tralo/seed_2
octmnist,L10_G10,RegNetY400MF,4,danits_lp,0.0,25,25,250,1000,123,0.7179991408387577,0.16727272727272727,0.16727272727272727,0.6310380159646874,0.8120998719160003,0.876,results/pending_runs/paper_final/lane3/RegNetY400MF/octmnist/L10_G10/danits_lp/seed_4
octmnist,L10_G10,RegNetY400MF,3,danits_lp,0.0,25,25,250,1000,147,0.7384960036124681,0.17454545454545456,0.17454545454545456,0.6462091947631163,0.8328682348235609,0.8866666666666667,results/pending_runs/paper_final/lane3/RegNetY400MF/octmnist/L10_G10/danits_lp/seed_3
octmnist,L10_G10,RegNetY400MF,1,danits_lp,0.0,25,25,250,1000,186,0.6568783659678977,0.16727272727272727,0.16727272727272727,0.6067398212406422,0.759440889117465,0.7906666666666666,results/pending_runs/paper_final/lane3/RegNetY400MF/octmnist/L10_G10/danits_lp/seed_1
octmnist,L10_G10,RegNetY400MF,2,danits_lp,0.0,25,25,250,1000,142,0.7767504441652759,0.17454545454545456,0.17454545454545456,0.6212441134322799,0.8065459410913901,0.864,results/pending_runs/paper_final/lane3/RegNetY400MF/octmnist/L10_G10/danits_lp/seed_2
octmnist,L10_G10,RegNetY400MF,4,fioretto_ldf,40.0,25,25,250,1000,17,0.6094621847789405,0.17454545454545456,0.17454545454545456,0.6383979746145486,0.789742694255709,0.904,results/pending_runs/paper_final/lane3/RegNetY400MF/octmnist/L10_G10/fioretto_ldf/seed_4
octmnist,L10_G10,RegNetY400MF,3,fioretto_ldf,51.0,25,25,250,1000,19,0.6517639321553581,0.15272727272727274,0.15272727272727274,0.6170405787536184,0.7702977474497974,0.8866666666666667,results/pending_runs/paper_final/lane3/RegNetY400MF/octmnist/L10_G10/fioretto_ldf/seed_3
octmnist,L10_G10,RegNetY400MF,1,fioretto_ldf,64.0,25,25,250,1000,18,0.6702735972074254,0.17454545454545456,0.17454545454545456,0.6289009242814332,0.777532932184095,0.896,results/pending_runs/paper_final/lane3/RegNetY400MF/octmnist/L10_G10/fioretto_ldf/seed_1
octmnist,L10_G10,RegNetY400MF,2,fioretto_ldf,51.0,25,25,250,1000,22,0.6866380782744526,0.18181818181818182,0.18181818181818182,0.6153045653768754,0.7586716580512256,0.872,results/pending_runs/paper_final/lane3/RegNetY400MF/octmnist/L10_G10/fioretto_ldf/seed_2
octmnist,L10_G10,RegNetY400MF,4,tralo_bounded,81.0,25,25,250,1000,15,0.6084459303979466,0.17454545454545456,0.17454545454545456,0.6393504461190068,0.7900885813765007,0.9053333333333333,results/pending_runs/paper_final/lane3/RegNetY400MF/octmnist/L10_G10/tralo_bounded/seed_4
octmnist,L10_G10,RegNetY400MF,3,tralo_bounded,350.0,25,25,250,1000,20,0.648010233972478,0.15272727272727274,0.15272727272727274,0.610847728355407,0.7625887500588062,0.8773333333333333,results/pending_runs/paper_final/lane3/RegNetY400MF/octmnist/L10_G10/tralo_bounded/seed_3
octmnist,L10_G10,RegNetY400MF,1,tralo_bounded,110.0,25,25,250,1000,19,0.6781308322869929,0.17454545454545456,0.17454545454545456,0.6341212744789886,0.7847798490889061,0.9026666666666666,results/pending_runs/paper_final/lane3/RegNetY400MF/octmnist/L10_G10/tralo_bounded/seed_1
octmnist,L10_G10,RegNetY400MF,2,tralo_bounded,96.0,25,25,250,1000,22,0.6843745648782577,0.18181818181818182,0.18181818181818182,0.6118764910290295,0.754114663285531,0.8666666666666667,results/pending_runs/paper_final/lane3/RegNetY400MF/octmnist/L10_G10/tralo_bounded/seed_2
octmnist,L10_G10,RegNetY400MF,4,heuristic,0.0,25,25,250,1000,123,0.7179991408387577,0.16727272727272727,0.16727272727272727,0.6310380159646874,0.8120998719160003,0.876,results/pending_runs/paper_final/lane3/RegNetY400MF/octmnist/L10_G10/heuristic/seed_4
octmnist,L10_G10,RegNetY400MF,3,heuristic,0.0,25,25,250,1000,147,0.7384960036124681,0.17454545454545456,0.17454545454545456,0.6462091947631163,0.8328682348235609,0.8866666666666667,results/pending_runs/paper_final/lane3/RegNetY400MF/octmnist/L10_G10/heuristic/seed_3
octmnist,L10_G10,RegNetY400MF,1,heuristic,0.0,25,25,250,1000,186,0.6568783659678977,0.16727272727272727,0.16727272727272727,0.6067398212406422,0.759440889117465,0.7906666666666666,results/pending_runs/paper_final/lane3/RegNetY400MF/octmnist/L10_G10/heuristic/seed_1
octmnist,L10_G10,RegNetY400MF,2,heuristic,0.0,25,25,250,1000,142,0.7767504441652759,0.17454545454545456,0.17454545454545456,0.6212441134322799,0.8065459410913901,0.864,results/pending_runs/paper_final/lane3/RegNetY400MF/octmnist/L10_G10/heuristic/seed_2
dermmnist,L70_G70,MobileNetV3,4,hounie_rcl,50.0,156,156,223,2003,140,0.720177403285017,0.6437994722955145,0.6437994722955145,0.779271971521459,0.800671441792978,0.9151685393258427,results/pending_runs/paper_final/lane0/MobileNetV3/dermmnist/L70_G70/hounie_rcl/seed_4
dermmnist,L70_G70,MobileNetV3,3,hounie_rcl,40.0,156,156,223,2003,135,0.7100656672533107,0.6226912928759895,0.6226912928759895,0.7924387140257361,0.8215924397023446,0.9185393258426966,results/pending_runs/paper_final/lane0/MobileNetV3/dermmnist/L70_G70/hounie_rcl/seed_3
dermmnist,L70_G70,MobileNetV3,1,hounie_rcl,47.0,156,156,223,2003,145,0.7010621395028731,0.6596306068601583,0.6596306068601583,0.7906355688096652,0.8085296068421589,0.9140449438202247,results/pending_runs/paper_final/lane0/MobileNetV3/dermmnist/L70_G70/hounie_rcl/seed_1
dermmnist,L70_G70,MobileNetV3,2,hounie_rcl,35.0,156,156,223,2003,132,0.7042640331435182,0.6385224274406333,0.6385224274406333,0.7734758831403503,0.7946823053034048,0.9157303370786517,results/pending_runs/paper_final/lane0/MobileNetV3/dermmnist/L70_G70/hounie_rcl/seed_2
dermmnist,L70_G70,MobileNetV3,4,tralo,68.0,156,156,223,2003,152,0.7206194683790654,0.6596306068601583,0.6596306068601583,0.7845715985519502,0.8049250814816009,0.9174157303370787,results/pending_runs/paper_final/lane0/MobileNetV3/dermmnist/L70_G70/tralo/seed_4
dermmnist,L70_G70,MobileNetV3,3,tralo,64.0,156,156,223,2003,149,0.7146193745627926,0.6174142480211082,0.6174142480211082,0.7884175599616255,0.8180887720728348,0.9151685393258427,results/pending_runs/paper_final/lane0/MobileNetV3/dermmnist/L70_G70/tralo/seed_3
dermmnist,L70_G70,MobileNetV3,1,tralo,74.0,156,156,223,2003,153,0.7056453741669243,0.6701846965699209,0.6701846965699209,0.7802750773474125,0.79857461379703,0.9117977528089888,results/pending_runs/paper_final/lane0/MobileNetV3/dermmnist/L70_G70/tralo/seed_1
dermmnist,L70_G70,MobileNetV3,2,tralo,165.0,156,156,223,2003,154,0.6996701065708198,0.6437994722955145,0.6437994722955145,0.7690539923977003,0.7899374034540337,0.9112359550561798,results/pending_runs/paper_final/lane0/MobileNetV3/dermmnist/L70_G70/tralo/seed_2
dermmnist,L70_G70,MobileNetV3,4,danits_lp,0.0,156,156,223,2003,212,0.7127348346679947,0.633245382585752,0.633245382585752,0.7511071823908362,0.7716163713047287,0.8893258426966292,results/pending_runs/paper_final/lane0/MobileNetV3/dermmnist/L70_G70/danits_lp/seed_4
dermmnist,L70_G70,MobileNetV3,3,danits_lp,0.0,156,156,223,2003,209,0.7139584333260884,0.6279683377308707,0.6279683377308707,0.7776999069330996,0.8015523709522144,0.901685393258427,results/pending_runs/paper_final/lane0/MobileNetV3/dermmnist/L70_G70/danits_lp/seed_3
dermmnist,L70_G70,MobileNetV3,1,danits_lp,0.0,156,156,223,2003,195,0.7063806810584813,0.6596306068601583,0.6596306068601583,0.7757083102846891,0.7991420811486302,0.8943820224719101,results/pending_runs/paper_final/lane0/MobileNetV3/dermmnist/L70_G70/danits_lp/seed_1
dermmnist,L70_G70,MobileNetV3,2,danits_lp,0.0,156,156,223,2003,198,0.6871747460319677,0.6121372031662269,0.6121372031662269,0.7502157347636409,0.7736550002452791,0.8910112359550562,results/pending_runs/paper_final/lane0/MobileNetV3/dermmnist/L70_G70/danits_lp/seed_2
dermmnist,L70_G70,MobileNetV3,4,fioretto_ldf,299.0,156,156,223,2003,144,0.7217527478840265,0.6543535620052771,0.6543535620052771,0.781402062828338,0.8007764845441541,0.9146067415730337,results/pending_runs/paper_final/lane0/MobileNetV3/dermmnist/L70_G70/fioretto_ldf/seed_4
dermmnist,L70_G70,MobileNetV3,3,fioretto_ldf,22.0,156,156,223,2003,143,0.7127497226678929,0.6226912928759895,0.6226912928759895,0.7910209043995112,0.8201401398722209,0.9162921348314607,results/pending_runs/paper_final/lane0/MobileNetV3/dermmnist/L70_G70/fioretto_ldf/seed_3
dermmnist,L70_G70,MobileNetV3,1,fioretto_ldf,20.0,156,156,223,2003,145,0.7028180165834778,0.6649076517150396,0.6649076517150396,0.7883248408493805,0.8055677135243006,0.9129213483146067,results/pending_runs/paper_final/lane0/MobileNetV3/dermmnist/L70_G70/fioretto_ldf/seed_1
dermmnist,L70_G70,MobileNetV3,2,fioretto_ldf,18.0,156,156,223,2003,144,0.7015542494547039,0.6385224274406333,0.6385224274406333,0.7764806075471961,0.7879295972455617,0.9123595505617977,results/pending_runs/paper_final/lane0/MobileNetV3/dermmnist/L70_G70/fioretto_ldf/seed_2
dermmnist,L70_G70,MobileNetV3,4,tralo_bounded,350.0,156,156,223,2003,146,0.7224053299184804,0.6596306068601583,0.6596306068601583,0.7825714813413589,0.8017077789483867,0.9146067415730337,results/pending_runs/paper_final/lane0/MobileNetV3/dermmnist/L70_G70/tralo_bounded/seed_4
dermmnist,L70_G70,MobileNetV3,3,tralo_bounded,60.0,156,156,223,2003,146,0.7148773525607997,0.6226912928759895,0.6226912928759895,0.7919570476205948,0.8180942291082931,0.9157303370786517,results/pending_runs/paper_final/lane0/MobileNetV3/dermmnist/L70_G70/tralo_bounded/seed_3
dermmnist,L70_G70,MobileNetV3,1,tralo_bounded,60.0,156,156,223,2003,147,0.7039480837718585,0.6543535620052771,0.6543535620052771,0.7868742288683802,0.8059905018764134,0.9134831460674158,results/pending_runs/paper_final/lane0/MobileNetV3/dermmnist/L70_G70/tralo_bounded/seed_1
dermmnist,L70_G70,MobileNetV3,2,tralo_bounded,59.0,156,156,223,2003,135,0.6997099174494188,0.6437994722955145,0.6437994722955145,0.7780991034464767,0.7890860804206055,0.9146067415730337,results/pending_runs/paper_final/lane0/MobileNetV3/dermmnist/L70_G70/tralo_bounded/seed_2
dermmnist,L70_G70,MobileNetV3,4,heuristic,0.0,156,156,223,2003,212,0.7127348346679947,0.633245382585752,0.633245382585752,0.7511071823908362,0.7716163713047287,0.8893258426966292,results/pending_runs/paper_final/lane0/MobileNetV3/dermmnist/L70_G70/heuristic/seed_4
dermmnist,L70_G70,MobileNetV3,3,heuristic,0.0,156,156,223,2003,209,0.7139584333260884,0.6279683377308707,0.6279683377308707,0.7776999069330996,0.8015523709522144,0.901685393258427,results/pending_runs/paper_final/lane0/MobileNetV3/dermmnist/L70_G70/heuristic/seed_3
dermmnist,L70_G70,MobileNetV3,1,heuristic,0.0,156,156,223,2003,195,0.7063806810584813,0.6596306068601583,0.6596306068601583,0.7757083102846891,0.7991420811486302,0.8943820224719101,results/pending_runs/paper_final/lane0/MobileNetV3/dermmnist/L70_G70/heuristic/seed_1
dermmnist,L70_G70,MobileNetV3,2,heuristic,0.0,156,156,223,2003,198,0.6871747460319677,0.6121372031662269,0.6121372031662269,0.7502157347636409,0.7736550002452791,0.8910112359550562,results/pending_runs/paper_final/lane0/MobileNetV3/dermmnist/L70_G70/heuristic/seed_2
dermmnist,L40_G40,MobileNetV3,4,hounie_rcl,48.0,89,89,223,2003,77,0.6688491466103945,0.5064102564102564,0.5064102564102564,0.7438174669741906,0.7796055708046025,0.9151685393258427,results/pending_runs/paper_final/lane0/MobileNetV3/dermmnist/L40_G40/hounie_rcl/seed_4
dermmnist,L40_G40,MobileNetV3,3,hounie_rcl,45.0,89,89,223,2003,66,0.6692769569570625,0.4935897435897436,0.4935897435897436,0.7566559769099088,0.7960758882053948,0.9224719101123595,results/pending_runs/paper_final/lane0/MobileNetV3/dermmnist/L40_G40/hounie_rcl/seed_3
dermmnist,L40_G40,MobileNetV3,1,hounie_rcl,49.0,89,89,223,2003,78,0.6694294423290449,0.5128205128205128,0.5128205128205128,0.7385037626562353,0.7725399386633898,0.9157303370786517,results/pending_runs/paper_final/lane0/MobileNetV3/dermmnist/L40_G40/hounie_rcl/seed_1
dermmnist,L40_G40,MobileNetV3,2,hounie_rcl,46.0,89,89,223,2003,66,0.6753088926311083,0.4807692307692308,0.4807692307692308,0.7417494620659502,0.7816371414316557,0.9168539325842696,results/pending_runs/paper_final/lane0/MobileNetV3/dermmnist/L40_G40/hounie_rcl/seed_2
dermmnist,L40_G40,MobileNetV3,4,tralo,71.0,89,89,223,2003,87,0.6838586126902025,0.5064102564102564,0.5064102564102564,0.742667886471648,0.7820530004037155,0.9179775280898876,results/pending_runs/paper_final/lane0/MobileNetV3/dermmnist/L40_G40/tralo/seed_4
dermmnist,L40_G40,MobileNetV3,3,tralo,74.0,89,89,223,2003,87,0.6783392815564888,0.5128205128205128,0.5128205128205128,0.7681235935529249,0.8105646874939086,0.9235955056179775,results/pending_runs/paper_final/lane0/MobileNetV3/dermmnist/L40_G40/tralo/seed_3
dermmnist,L40_G40,MobileNetV3,1,tralo,72.0,89,89,223,2003,87,0.6773633844387843,0.5128205128205128,0.5128205128205128,0.7414844655567275,0.7773240598259604,0.9146067415730337,results/pending_runs/paper_final/lane0/MobileNetV3/dermmnist/L40_G40/tralo/seed_1
dermmnist,L40_G40,MobileNetV3,2,tralo,79.0,89,89,223,2003,89,0.6962869039470113,0.5064102564102564,0.5,0.7407427545855635,0.7809864942397126,0.9168539325842696,results/pending_runs/paper_final/lane0/MobileNetV3/dermmnist/L40_G40/tralo/seed_2
dermmnist,L40_G40,MobileNetV3,4,danits_lp,0.0,89,89,223,2003,212,0.7127348346679947,0.47435897435897434,0.47435897435897434,0.7176669394028251,0.7716163713047287,0.8893258426966292,results/pending_runs/paper_final/lane0/MobileNetV3/dermmnist/L40_G40/danits_lp/seed_4
dermmnist,L40_G40,MobileNetV3,3,danits_lp,0.0,89,89,223,2003,209,0.7139584333260884,0.5,0.5064102564102564,0.7559384354506965,0.8015523709522144,0.901685393258427,results/pending_runs/paper_final/lane0/MobileNetV3/dermmnist/L40_G40/danits_lp/seed_3
dermmnist,L40_G40,MobileNetV3,1,danits_lp,0.0,89,89,223,2003,195,0.7063806810584813,0.5192307692307693,0.5192307692307693,0.7475064492343426,0.7991420811486302,0.8943820224719101,results/pending_runs/paper_final/lane0/MobileNetV3/dermmnist/L40_G40/danits_lp/seed_1
dermmnist,L40_G40,MobileNetV3,2,danits_lp,0.0,89,89,223,2003,198,0.6871747460319677,0.4807692307692308,0.4807692307692308,0.726019519995017,0.7736550002452791,0.8910112359550562,results/pending_runs/paper_final/lane0/MobileNetV3/dermmnist/L40_G40/danits_lp/seed_2
dermmnist,L40_G40,MobileNetV3,4,fioretto_ldf,26.0,89,89,223,2003,84,0.6828554957769842,0.5064102564102564,0.5064102564102564,0.7431861705082314,0.7822586777804035,0.9174157303370787,results/pending_runs/paper_final/lane0/MobileNetV3/dermmnist/L40_G40/fioretto_ldf/seed_4
dermmnist,L40_G40,MobileNetV3,3,fioretto_ldf,30.0,89,89,223,2003,78,0.6774764469145231,0.5064102564102564,0.5064102564102564,0.769508230563107,0.8128639831312747,0.9241573033707865,results/pending_runs/paper_final/lane0/MobileNetV3/dermmnist/L40_G40/fioretto_ldf/seed_3
dermmnist,L40_G40,MobileNetV3,1,fioretto_ldf,30.0,89,89,223,2003,77,0.6727146655539428,0.5,0.5,0.7298035076461663,0.765993478394336,0.9134831460674158,results/pending_runs/paper_final/lane0/MobileNetV3/dermmnist/L40_G40/fioretto_ldf/seed_1
dermmnist,L40_G40,MobileNetV3,2,fioretto_ldf,26.0,89,89,223,2003,83,0.6809045947890756,0.5,0.5,0.7475391940316485,0.7885848251416294,0.9162921348314607,results/pending_runs/paper_final/lane0/MobileNetV3/dermmnist/L40_G40/fioretto_ldf/seed_2
dermmnist,L40_G40,MobileNetV3,4,tralo_bounded,66.0,89,89,223,2003,81,0.6771366664927115,0.5064102564102564,0.5064102564102564,0.7447018584994165,0.7834007683899422,0.9168539325842696,results/pending_runs/paper_final/lane0/MobileNetV3/dermmnist/L40_G40/tralo_bounded/seed_4
dermmnist,L40_G40,MobileNetV3,3,tralo_bounded,67.0,89,89,223,2003,75,0.6777992208874115,0.5064102564102564,0.5064102564102564,0.7690122960718887,0.8114353651545994,0.9241573033707865,results/pending_runs/paper_final/lane0/MobileNetV3/dermmnist/L40_G40/tralo_bounded/seed_3
dermmnist,L40_G40,MobileNetV3,1,tralo_bounded,67.0,89,89,223,2003,76,0.6714538700165908,0.5064102564102564,0.5064102564102564,0.7352679751096469,0.7703750874580656,0.9151685393258427,results/pending_runs/paper_final/lane0/MobileNetV3/dermmnist/L40_G40/tralo_bounded/seed_1
dermmnist,L40_G40,MobileNetV3,2,tralo_bounded,66.0,89,89,223,2003,81,0.6816850609387856,0.5,0.5,0.7426715645002716,0.7825942975216931,0.9151685393258427,results/pending_runs/paper_final/lane0/MobileNetV3/dermmnist/L40_G40/tralo_bounded/seed_2
dermmnist,L40_G40,MobileNetV3,4,heuristic,0.0,89,89,223,2003,212,0.7127348346679947,0.47435897435897434,0.47435897435897434,0.7176669394028251,0.7716163713047287,0.8893258426966292,results/pending_runs/paper_final/lane0/MobileNetV3/dermmnist/L40_G40/heuristic/seed_4
dermmnist,L40_G40,MobileNetV3,3,heuristic,0.0,89,89,223,2003,209,0.7139584333260884,0.5064102564102564,0.5064102564102564,0.7559384354506965,0.8015523709522144,0.901685393258427,results/pending_runs/paper_final/lane0/MobileNetV3/dermmnist/L40_G40/heuristic/seed_3
dermmnist,L40_G40,MobileNetV3,1,heuristic,0.0,89,89,223,2003,195,0.7063806810584813,0.5192307692307693,0.5192307692307693,0.7475064492343426,0.7991420811486302,0.8943820224719101,results/pending_runs/paper_final/lane0/MobileNetV3/dermmnist/L40_G40/heuristic/seed_1
dermmnist,L40_G40,MobileNetV3,2,heuristic,0.0,89,89,223,2003,198,0.6871747460319677,0.4807692307692308,0.4807692307692308,0.726019519995017,0.7736550002452791,0.8910112359550562,results/pending_runs/paper_final/lane0/MobileNetV3/dermmnist/L40_G40/heuristic/seed_2
dermmnist,L10_G10,MobileNetV3,4,hounie_rcl,86.0,22,22,223,2003,8,0.4538505928711529,0.15510204081632653,0.15510204081632653,0.617553144632349,0.6931955898370324,0.8730337078651685,results/pending_runs/paper_final/lane0/MobileNetV3/dermmnist/L10_G10/hounie_rcl/seed_4
dermmnist,L10_G10,MobileNetV3,3,hounie_rcl,60.0,22,22,223,2003,13,0.585586043682733,0.16326530612244897,0.16326530612244897,0.6932946140082095,0.7812835403769735,0.9185393258426966,results/pending_runs/paper_final/lane0/MobileNetV3/dermmnist/L10_G10/hounie_rcl/seed_3
dermmnist,L10_G10,MobileNetV3,1,hounie_rcl,71.0,22,22,223,2003,10,0.5498849369886392,0.17142857142857143,0.17142857142857143,0.6323365894661813,0.7068773339992857,0.8910112359550562,results/pending_runs/paper_final/lane0/MobileNetV3/dermmnist/L10_G10/hounie_rcl/seed_1
dermmnist,L10_G10,MobileNetV3,2,hounie_rcl,60.0,22,22,223,2003,10,0.5900762028588381,0.17142857142857143,0.17142857142857143,0.6421509188920627,0.7160652723312277,0.9067415730337078,results/pending_runs/paper_final/lane0/MobileNetV3/dermmnist/L10_G10/hounie_rcl/seed_2
dermmnist,L10_G10,MobileNetV3,4,tralo,80.0,22,22,223,2003,18,0.5179542542221675,0.16326530612244897,0.16326530612244897,0.6555194025422776,0.7371451482748252,0.8921348314606742,results/pending_runs/paper_final/lane0/MobileNetV3/dermmnist/L10_G10/tralo/seed_4
dermmnist,L10_G10,MobileNetV3,3,tralo,79.0,22,22,223,2003,17,0.6041130043071665,0.17142857142857143,0.17142857142857143,0.6948382634326339,0.7818085528605402,0.9196629213483146,results/pending_runs/paper_final/lane0/MobileNetV3/dermmnist/L10_G10/tralo/seed_3
dermmnist,L10_G10,MobileNetV3,1,tralo,89.0,22,22,223,2003,21,0.563338023682475,0.17142857142857143,0.17142857142857143,0.6302193215111035,0.7064018275893903,0.8921348314606742,results/pending_runs/paper_final/lane0/MobileNetV3/dermmnist/L10_G10/tralo/seed_1
dermmnist,L10_G10,MobileNetV3,2,tralo,77.0,22,22,223,2003,15,0.6017023784325853,0.17142857142857143,0.17142857142857143,0.6701626829355025,0.7516797231796256,0.9078651685393259,results/pending_runs/paper_final/lane0/MobileNetV3/dermmnist/L10_G10/tralo/seed_2
dermmnist,L10_G10,MobileNetV3,4,danits_lp,0.0,22,22,223,2003,212,0.7127348346679947,0.17142857142857143,0.17142857142857143,0.6662703884728892,0.7716163713047287,0.8893258426966292,results/pending_runs/paper_final/lane0/MobileNetV3/dermmnist/L10_G10/danits_lp/seed_4
dermmnist,L10_G10,MobileNetV3,3,danits_lp,0.0,22,22,223,2003,209,0.7139584333260884,0.17959183673469387,0.17959183673469387,0.7034971890487006,0.8015523709522144,0.901685393258427,results/pending_runs/paper_final/lane0/MobileNetV3/dermmnist/L10_G10/danits_lp/seed_3
dermmnist,L10_G10,MobileNetV3,1,danits_lp,0.0,22,22,223,2003,195,0.7063806810584813,0.16326530612244897,0.16326530612244897,0.6872957998996617,0.7991420811486302,0.8943820224719101,results/pending_runs/paper_final/lane0/MobileNetV3/dermmnist/L10_G10/danits_lp/seed_1
dermmnist,L10_G10,MobileNetV3,2,danits_lp,0.0,22,22,223,2003,198,0.6871747460319677,0.16326530612244897,0.15510204081632653,0.6640995635942323,0.7736550002452791,0.8910112359550562,results/pending_runs/paper_final/lane0/MobileNetV3/dermmnist/L10_G10/danits_lp/seed_2
dermmnist,L10_G10,MobileNetV3,4,fioretto_ldf,42.0,22,22,223,2003,9,0.45054316002885986,0.16326530612244897,0.16326530612244897,0.6271255972500714,0.700753782437383,0.8747191011235955,results/pending_runs/paper_final/lane0/MobileNetV3/dermmnist/L10_G10/fioretto_ldf/seed_4
dermmnist,L10_G10,MobileNetV3,3,fioretto_ldf,39.0,22,22,223,2003,9,0.572369553789458,0.16326530612244897,0.16326530612244897,0.6957066340528038,0.7834370161445428,0.9157303370786517,results/pending_runs/paper_final/lane0/MobileNetV3/dermmnist/L10_G10/fioretto_ldf/seed_3
dermmnist,L10_G10,MobileNetV3,1,fioretto_ldf,41.0,22,22,223,2003,20,0.5619963083882411,0.17142857142857143,0.17142857142857143,0.6257756646629852,0.7014000230186764,0.8893258426966292,results/pending_runs/paper_final/lane0/MobileNetV3/dermmnist/L10_G10/fioretto_ldf/seed_1
dermmnist,L10_G10,MobileNetV3,2,fioretto_ldf,35.0,22,22,223,2003,10,0.5795672054132728,0.17959183673469387,0.17959183673469387,0.6666450710416931,0.7422473422337984,0.9044943820224719,results/pending_runs/paper_final/lane0/MobileNetV3/dermmnist/L10_G10/fioretto_ldf/seed_2
dermmnist,L10_G10,MobileNetV3,4,tralo_bounded,80.0,22,22,223,2003,12,0.48310384004733414,0.16326530612244897,0.16326530612244897,0.642715555014378,0.7190469436137984,0.8848314606741573,results/pending_runs/paper_final/lane0/MobileNetV3/dermmnist/L10_G10/tralo_bounded/seed_4
dermmnist,L10_G10,MobileNetV3,3,tralo_bounded,79.0,22,22,223,2003,13,0.5941644608831191,0.16326530612244897,0.16326530612244897,0.6930719367672202,0.7812305941234614,0.9185393258426966,results/pending_runs/paper_final/lane0/MobileNetV3/dermmnist/L10_G10/tralo_bounded/seed_3
dermmnist,L10_G10,MobileNetV3,1,tralo_bounded,82.0,22,22,223,2003,15,0.560723527068311,0.17142857142857143,0.17142857142857143,0.6317960631444928,0.7066908495931675,0.8915730337078651,results/pending_runs/paper_final/lane0/MobileNetV3/dermmnist/L10_G10/tralo_bounded/seed_1
dermmnist,L10_G10,MobileNetV3,2,tralo_bounded,77.0,22,22,223,2003,11,0.5930249890341194,0.17142857142857143,0.17142857142857143,0.6642347673774154,0.7420499038257429,0.9061797752808989,results/pending_runs/paper_final/lane0/MobileNetV3/dermmnist/L10_G10/tralo_bounded/seed_2
dermmnist,L10_G10,MobileNetV3,4,heuristic,0.0,22,22,223,2003,212,0.7127348346679947,0.17142857142857143,0.17142857142857143,0.6662703884728892,0.7716163713047287,0.8893258426966292,results/pending_runs/paper_final/lane0/MobileNetV3/dermmnist/L10_G10/heuristic/seed_4
dermmnist,L10_G10,MobileNetV3,3,heuristic,0.0,22,22,223,2003,209,0.7139584333260884,0.17959183673469387,0.17959183673469387,0.7034971890487006,0.8015523709522144,0.901685393258427,results/pending_runs/paper_final/lane0/MobileNetV3/dermmnist/L10_G10/heuristic/seed_3
dermmnist,L10_G10,MobileNetV3,1,heuristic,0.0,22,22,223,2003,195,0.7063806810584813,0.16326530612244897,0.16326530612244897,0.6872957998996617,0.7991420811486302,0.8943820224719101,results/pending_runs/paper_final/lane0/MobileNetV3/dermmnist/L10_G10/heuristic/seed_1
dermmnist,L10_G10,MobileNetV3,2,heuristic,0.0,22,22,223,2003,198,0.6871747460319677,0.15510204081632653,0.15510204081632653,0.6640995635942323,0.7736550002452791,0.8910112359550562,results/pending_runs/paper_final/lane0/MobileNetV3/dermmnist/L10_G10/heuristic/seed_2
tissuemnist,L70_G70,MobileNetV3,4,hounie_rcl,86.0,120,120,171,2400,96,0.398408463296102,0.4054982817869416,0.4054982817869416,0.4239230748909698,0.4254656103814471,0.5531628532974427,results/pending_runs/paper_final/lane0/MobileNetV3/tissuemnist/L70_G70/hounie_rcl/seed_4
tissuemnist,L70_G70,MobileNetV3,3,hounie_rcl,70.0,120,120,171,2400,113,0.3928089319207573,0.41924398625429554,0.41924398625429554,0.4325703469919032,0.43450598273277247,0.5513683266038583,results/pending_runs/paper_final/lane0/MobileNetV3/tissuemnist/L70_G70/hounie_rcl/seed_3
tissuemnist,L70_G70,MobileNetV3,1,hounie_rcl,77.0,120,120,171,2400,103,0.34628285670106546,0.3711340206185567,0.3711340206185567,0.42663991265028495,0.4336011194210671,0.5630327501121579,results/pending_runs/paper_final/lane0/MobileNetV3/tissuemnist/L70_G70/hounie_rcl/seed_1
tissuemnist,L70_G70,MobileNetV3,2,hounie_rcl,62.0,120,120,171,2400,106,0.37569114284103355,0.3711340206185567,0.3711340206185567,0.4249517774962742,0.4323205025680926,0.5531628532974427,results/pending_runs/paper_final/lane0/MobileNetV3/tissuemnist/L70_G70/hounie_rcl/seed_2
tissuemnist,L70_G70,MobileNetV3,4,tralo,102.0,120,120,171,2400,108,0.4012576308144133,0.41237113402061853,0.41237113402061853,0.4286797631934851,0.429127333837385,0.5464333781965006,results/pending_runs/paper_final/lane0/MobileNetV3/tissuemnist/L70_G70/tralo/seed_4
tissuemnist,L70_G70,MobileNetV3,3,tralo,84.0,120,120,171,2400,113,0.3904397890796846,0.41924398625429554,0.41924398625429554,0.4286567833050408,0.4291094952981607,0.54419021982952,results/pending_runs/paper_final/lane0/MobileNetV3/tissuemnist/L70_G70/tralo/seed_3
tissuemnist,L70_G70,MobileNetV3,1,tralo,112.0,120,120,171,2400,120,0.3333553262759597,0.3848797250859107,0.3848797250859107,0.4252481837805737,0.43127915973173836,0.5522655899506506,results/pending_runs/paper_final/lane0/MobileNetV3/tissuemnist/L70_G70/tralo/seed_1
tissuemnist,L70_G70,MobileNetV3,2,tralo,107.0,120,120,171,2400,112,0.3781283903686914,0.37800687285223367,0.37800687285223367,0.421194216893947,0.42786740345512697,0.5486765365634814,results/pending_runs/paper_final/lane0/MobileNetV3/tissuemnist/L70_G70/tralo/seed_2
tissuemnist,L70_G70,MobileNetV3,4,danits_lp,0.0,120,120,171,2400,80,0.34340311918459765,0.3426294820717131,0.3848797250859107,0.35381399744912245,0.34963443006893113,0.5015702108568865,results/pending_runs/paper_final/lane0/MobileNetV3/tissuemnist/L70_G70/danits_lp/seed_4
tissuemnist,L70_G70,MobileNetV3,3,danits_lp,0.0,120,120,171,2400,124,0.2672387550762193,0.30344827586206896,0.3161512027491409,0.3448857985784033,0.34858493676262103,0.48362494392104083,results/pending_runs/paper_final/lane0/MobileNetV3/tissuemnist/L70_G70/danits_lp/seed_3
tissuemnist,L70_G70,MobileNetV3,1,danits_lp,0.0,120,120,171,2400,204,0.2838922384793287,0.3161512027491409,0.3161512027491409,0.35513547365821285,0.35715102175554975,0.49663526244952894,results/pending_runs/paper_final/lane0/MobileNetV3/tissuemnist/L70_G70/danits_lp/seed_1
tissuemnist,L70_G70,MobileNetV3,2,danits_lp,0.0,120,120,171,2400,194,0.3515264880471548,0.3436426116838488,0.35738831615120276,0.39270682846083615,0.39716814721164656,0.48945715567519066,results/pending_runs/paper_final/lane0/MobileNetV3/tissuemnist/L70_G70/danits_lp/seed_2
tissuemnist,L70_G70,MobileNetV3,4,fioretto_ldf,299.0,120,120,171,2400,103,0.4001514186863951,0.41924398625429554,0.41924398625429554,0.4249545513839993,0.4247299292891354,0.550471063257066,results/pending_runs/paper_final/lane0/MobileNetV3/tissuemnist/L70_G70/fioretto_ldf/seed_4
tissuemnist,L70_G70,MobileNetV3,3,fioretto_ldf,35.0,120,120,171,2400,112,0.3891579607280756,0.4054982817869416,0.41237113402061853,0.42753672788800096,0.42966634143310195,0.5459847465231046,results/pending_runs/paper_final/lane0/MobileNetV3/tissuemnist/L70_G70/fioretto_ldf/seed_3
tissuemnist,L70_G70,MobileNetV3,1,fioretto_ldf,46.0,120,120,171,2400,103,0.3461517674438632,0.37800687285223367,0.3848797250859107,0.42819320629445823,0.4329511797855884,0.5634813817855541,results/pending_runs/paper_final/lane0/MobileNetV3/tissuemnist/L70_G70/fioretto_ldf/seed_1
tissuemnist,L70_G70,MobileNetV3,2,fioretto_ldf,53.0,120,120,171,2400,102,0.3746608391301189,0.3711340206185567,0.3711340206185567,0.425221225429178,0.43249128621277483,0.5554060116644235,results/pending_runs/paper_final/lane0/MobileNetV3/tissuemnist/L70_G70/fioretto_ldf/seed_2
tissuemnist,L70_G70,MobileNetV3,4,tralo_bounded,350.0,120,120,171,2400,101,0.39838929017952096,0.41924398625429554,0.4261168384879725,0.42782742319850164,0.42685195174362306,0.554060116644235,results/pending_runs/paper_final/lane0/MobileNetV3/tissuemnist/L70_G70/tralo_bounded/seed_4
tissuemnist,L70_G70,MobileNetV3,3,tralo_bounded,90.0,120,120,171,2400,114,0.39096530134943114,0.41924398625429554,0.41237113402061853,0.42892762617819413,0.431520613754063,0.5486765365634814,results/pending_runs/paper_final/lane0/MobileNetV3/tissuemnist/L70_G70/tralo_bounded/seed_3
tissuemnist,L70_G70,MobileNetV3,1,tralo_bounded,94.0,120,120,171,2400,108,0.34494630472246157,0.3917525773195876,0.3917525773195876,0.431676509748661,0.4367325378791868,0.5616868550919695,results/pending_runs/paper_final/lane0/MobileNetV3/tissuemnist/L70_G70/tralo_bounded/seed_1
tissuemnist,L70_G70,MobileNetV3,2,tralo_bounded,102.0,120,120,171,2400,104,0.3709242830436337,0.3848797250859107,0.3848797250859107,0.42641391560614117,0.43146951512323134,0.5545087483176312,results/pending_runs/paper_final/lane0/MobileNetV3/tissuemnist/L70_G70/tralo_bounded/seed_2
tissuemnist,L70_G70,MobileNetV3,4,heuristic,0.0,120,120,171,2400,80,0.34340311918459765,0.3848797250859107,0.3848797250859107,0.35381399744912245,0.34963443006893113,0.5015702108568865,results/pending_runs/paper_final/lane0/MobileNetV3/tissuemnist/L70_G70/heuristic/seed_4
tissuemnist,L70_G70,MobileNetV3,3,heuristic,0.0,120,120,171,2400,124,0.2672387550762193,0.3161512027491409,0.3161512027491409,0.3448857985784033,0.34858493676262103,0.48362494392104083,results/pending_runs/paper_final/lane0/MobileNetV3/tissuemnist/L70_G70/heuristic/seed_3
tissuemnist,L70_G70,MobileNetV3,1,heuristic,0.0,120,120,171,2400,204,0.2838922384793287,0.3161512027491409,0.3161512027491409,0.35513547365821285,0.35715102175554975,0.49663526244952894,results/pending_runs/paper_final/lane0/MobileNetV3/tissuemnist/L70_G70/heuristic/seed_1
tissuemnist,L70_G70,MobileNetV3,2,heuristic,0.0,120,120,171,2400,194,0.3515264880471548,0.35738831615120276,0.35738831615120276,0.39270682846083615,0.39716814721164656,0.48945715567519066,results/pending_runs/paper_final/lane0/MobileNetV3/tissuemnist/L70_G70/heuristic/seed_2
tissuemnist,L40_G40,MobileNetV3,4,hounie_rcl,90.0,68,68,171,2400,53,0.37661291842349204,0.29464285714285715,0.33472803347280333,0.41310865202462677,0.4227179383658935,0.5598923283983849,results/pending_runs/paper_final/lane0/MobileNetV3/tissuemnist/L40_G40/hounie_rcl/seed_4
tissuemnist,L40_G40,MobileNetV3,3,hounie_rcl,86.0,68,68,171,2400,61,0.36366217063791884,0.31896551724137934,0.3263598326359833,0.4185361469254724,0.43211534538849256,0.5572005383580081,results/pending_runs/paper_final/lane0/MobileNetV3/tissuemnist/L40_G40/hounie_rcl/seed_3
tissuemnist,L40_G40,MobileNetV3,1,hounie_rcl,93.0,68,68,171,2400,48,0.3209807592125709,0.2465753424657534,0.3179916317991632,0.40798947494065263,0.4222342092140252,0.5684163301929116,results/pending_runs/paper_final/lane0/MobileNetV3/tissuemnist/L40_G40/hounie_rcl/seed_1
tissuemnist,L40_G40,MobileNetV3,2,hounie_rcl,75.0,68,68,171,2400,60,0.3589089596151862,0.27705627705627706,0.301255230125523,0.41274701091384813,0.4292762713641775,0.5639300134589502,results/pending_runs/paper_final/lane0/MobileNetV3/tissuemnist/L40_G40/hounie_rcl/seed_2
tissuemnist,L40_G40,MobileNetV3,4,tralo,113.0,68,68,171,2400,55,0.38097556808764443,0.3185840707964602,0.34309623430962344,0.41864801174562216,0.43165276849739137,0.5652759084791387,results/pending_runs/paper_final/lane0/MobileNetV3/tissuemnist/L40_G40/tralo/seed_4
tissuemnist,L40_G40,MobileNetV3,3,tralo,116.0,68,68,171,2400,61,0.36316523202308165,0.3103448275862069,0.33472803347280333,0.41824115449072846,0.4298436600094916,0.5580978017048004,results/pending_runs/paper_final/lane0/MobileNetV3/tissuemnist/L40_G40/tralo/seed_3
tissuemnist,L40_G40,MobileNetV3,1,tralo,108.0,68,68,171,2400,59,0.32755186553086874,0.28695652173913044,0.3179916317991632,0.4162231154472348,0.42988141253560647,0.5706594885598923,results/pending_runs/paper_final/lane0/MobileNetV3/tissuemnist/L40_G40/tralo/seed_1
tissuemnist,L40_G40,MobileNetV3,2,tralo,131.0,68,68,171,2400,62,0.3721353318739942,0.2832618025751073,0.3263598326359833,0.41625173521163317,0.4280413004799482,0.5652759084791387,results/pending_runs/paper_final/lane0/MobileNetV3/tissuemnist/L40_G40/tralo/seed_2
tissuemnist,L40_G40,MobileNetV3,4,danits_lp,0.0,68,68,171,2400,80,0.34340311918459765,0.301255230125523,0.3179916317991632,0.3453189323833036,0.34963443006893113,0.5015702108568865,results/pending_runs/paper_final/lane0/MobileNetV3/tissuemnist/L40_G40/danits_lp/seed_4
tissuemnist,L40_G40,MobileNetV3,3,danits_lp,0.0,68,68,171,2400,124,0.2672387550762193,0.22594142259414227,0.22594142259414227,0.33540798734474353,0.34858493676262103,0.48362494392104083,results/pending_runs/paper_final/lane0/MobileNetV3/tissuemnist/L40_G40/danits_lp/seed_3
tissuemnist,L40_G40,MobileNetV3,1,danits_lp,0.0,68,68,171,2400,204,0.2838922384793287,0.26778242677824265,0.2594142259414226,0.3478136014099711,0.35715102175554975,0.49663526244952894,results/pending_runs/paper_final/lane0/MobileNetV3/tissuemnist/L40_G40/danits_lp/seed_1
tissuemnist,L40_G40,MobileNetV3,2,danits_lp,0.0,68,68,171,2400,194,0.3515264880471548,0.2928870292887029,0.301255230125523,0.3852369203345618,0.39716814721164656,0.48945715567519066,results/pending_runs/paper_final/lane0/MobileNetV3/tissuemnist/L40_G40/danits_lp/seed_2
tissuemnist,L40_G40,MobileNetV3,4,fioretto_ldf,57.0,68,68,171,2400,55,0.37632848165565097,0.30973451327433627,0.33472803347280333,0.41817334079489354,0.43136609428959705,0.5688649618663078,results/pending_runs/paper_final/lane0/MobileNetV3/tissuemnist/L40_G40/fioretto_ldf/seed_4
tissuemnist,L40_G40,MobileNetV3,3,fioretto_ldf,61.0,68,68,171,2400,67,0.3667353069653644,0.31932773109243695,0.30962343096234307,0.4151281901526582,0.43159302499802676,0.5563032750112158,results/pending_runs/paper_final/lane0/MobileNetV3/tissuemnist/L40_G40/fioretto_ldf/seed_3
tissuemnist,L40_G40,MobileNetV3,1,fioretto_ldf,299.0,68,68,171,2400,59,0.32332637989439694,0.29694323144104806,0.34309623430962344,0.4204967546128118,0.4322174369501292,0.5737999102736653,results/pending_runs/paper_final/lane0/MobileNetV3/tissuemnist/L40_G40/fioretto_ldf/seed_1
tissuemnist,L40_G40,MobileNetV3,2,fioretto_ldf,68.0,68,68,171,2400,60,0.3588782945176978,0.2683982683982684,0.30962343096234307,0.4129901579437528,0.42847535627878136,0.5616868550919695,results/pending_runs/paper_final/lane0/MobileNetV3/tissuemnist/L40_G40/fioretto_ldf/seed_2
tissuemnist,L40_G40,MobileNetV3,4,tralo_bounded,109.0,68,68,171,2400,58,0.3772690552640618,0.3231441048034934,0.3263598326359833,0.41268684886137813,0.4254767220565347,0.5657245401525348,results/pending_runs/paper_final/lane0/MobileNetV3/tissuemnist/L40_G40/tralo_bounded/seed_4
tissuemnist,L40_G40,MobileNetV3,3,tralo_bounded,111.0,68,68,171,2400,63,0.3633205291454325,0.3162393162393162,0.30962343096234307,0.4121477471930792,0.42916524670091766,0.5580978017048004,results/pending_runs/paper_final/lane0/MobileNetV3/tissuemnist/L40_G40/tralo_bounded/seed_3
tissuemnist,L40_G40,MobileNetV3,1,tralo_bounded,103.0,68,68,171,2400,57,0.3200704487051555,0.2807017543859649,0.33472803347280333,0.41700374696715387,0.4290766533505492,0.5702108568864962,results/pending_runs/paper_final/lane0/MobileNetV3/tissuemnist/L40_G40/tralo_bounded/seed_1
tissuemnist,L40_G40,MobileNetV3,2,tralo_bounded,115.0,68,68,171,2400,62,0.3600649304240782,0.27467811158798283,0.2928870292887029,0.41219549762921304,0.43051472420424913,0.5639300134589502,results/pending_runs/paper_final/lane0/MobileNetV3/tissuemnist/L40_G40/tralo_bounded/seed_2
tissuemnist,L40_G40,MobileNetV3,4,heuristic,0.0,68,68,171,2400,80,0.34340311918459765,0.3179916317991632,0.3179916317991632,0.3453189323833036,0.34963443006893113,0.5015702108568865,results/pending_runs/paper_final/lane0/MobileNetV3/tissuemnist/L40_G40/heuristic/seed_4
tissuemnist,L40_G40,MobileNetV3,3,heuristic,0.0,68,68,171,2400,124,0.2672387550762193,0.22594142259414227,0.22594142259414227,0.33540798734474353,0.34858493676262103,0.48362494392104083,results/pending_runs/paper_final/lane0/MobileNetV3/tissuemnist/L40_G40/heuristic/seed_3
tissuemnist,L40_G40,MobileNetV3,1,heuristic,0.0,68,68,171,2400,204,0.2838922384793287,0.2594142259414226,0.2594142259414226,0.3478136014099711,0.35715102175554975,0.49663526244952894,results/pending_runs/paper_final/lane0/MobileNetV3/tissuemnist/L40_G40/heuristic/seed_1
tissuemnist,L40_G40,MobileNetV3,2,heuristic,0.0,68,68,171,2400,194,0.3515264880471548,0.301255230125523,0.301255230125523,0.3852369203345618,0.39716814721164656,0.48945715567519066,results/pending_runs/paper_final/lane0/MobileNetV3/tissuemnist/L40_G40/heuristic/seed_2
tissuemnist,L10_G10,MobileNetV3,4,hounie_rcl,190.0,17,17,171,2400,14,0.29273427821845466,0.09574468085106383,0.09574468085106383,0.3659366316586439,0.40434987251002613,0.5630327501121579,results/pending_runs/paper_final/lane0/MobileNetV3/tissuemnist/L10_G10/hounie_rcl/seed_4
tissuemnist,L10_G10,MobileNetV3,3,hounie_rcl,123.0,17,17,171,2400,15,0.28173337859204967,0.11702127659574468,0.11702127659574468,0.373006718921191,0.4091279155909597,0.5545087483176312,results/pending_runs/paper_final/lane0/MobileNetV3/tissuemnist/L10_G10/hounie_rcl/seed_3
tissuemnist,L10_G10,MobileNetV3,1,hounie_rcl,141.0,17,17,171,2400,11,0.27428703780336344,0.10638297872340426,0.10638297872340426,0.3730483781000995,0.4113074061331988,0.5675190668461193,results/pending_runs/paper_final/lane0/MobileNetV3/tissuemnist/L10_G10/hounie_rcl/seed_1
tissuemnist,L10_G10,MobileNetV3,2,hounie_rcl,185.0,17,17,171,2400,12,0.2942321269959504,0.10638297872340426,0.11702127659574468,0.36673776879421577,0.40212959681769267,0.5670704351727232,results/pending_runs/paper_final/lane0/MobileNetV3/tissuemnist/L10_G10/hounie_rcl/seed_2
tissuemnist,L10_G10,MobileNetV3,4,tralo,145.0,17,17,171,2400,14,0.27724604283848814,0.0851063829787234,0.0851063829787234,0.3471624161166842,0.38501753216432155,0.5527142216240467,results/pending_runs/paper_final/lane0/MobileNetV3/tissuemnist/L10_G10/tralo/seed_4
tissuemnist,L10_G10,MobileNetV3,3,tralo,148.0,17,17,171,2400,14,0.251983361660514,0.10638297872340426,0.10638297872340426,0.3548851557301724,0.39005030164655485,0.5419470614625392,results/pending_runs/paper_final/lane0/MobileNetV3/tissuemnist/L10_G10/tralo/seed_3
tissuemnist,L10_G10,MobileNetV3,1,tralo,125.0,17,17,171,2400,8,0.2521082225366849,0.11702127659574468,0.11702127659574468,0.36875644364635557,0.40425030998336103,0.5693135935397039,results/pending_runs/paper_final/lane0/MobileNetV3/tissuemnist/L10_G10/tralo/seed_1
tissuemnist,L10_G10,MobileNetV3,2,tralo,165.0,17,17,171,2400,16,0.29705049791874555,0.09574468085106383,0.09574468085106383,0.36342056484906404,0.4020871168430526,0.566621803499327,results/pending_runs/paper_final/lane0/MobileNetV3/tissuemnist/L10_G10/tralo/seed_2
tissuemnist,L10_G10,MobileNetV3,4,danits_lp,0.0,17,17,171,2400,80,0.34340311918459765,0.0851063829787234,0.0851063829787234,0.31597549138998093,0.34963443006893113,0.5015702108568865,results/pending_runs/paper_final/lane0/MobileNetV3/tissuemnist/L10_G10/danits_lp/seed_4
tissuemnist,L10_G10,MobileNetV3,3,danits_lp,0.0,17,17,171,2400,124,0.2672387550762193,0.11702127659574468,0.11702127659574468,0.3218281517566407,0.34858493676262103,0.48362494392104083,results/pending_runs/paper_final/lane0/MobileNetV3/tissuemnist/L10_G10/danits_lp/seed_3
tissuemnist,L10_G10,MobileNetV3,1,danits_lp,0.0,17,17,171,2400,204,0.2838922384793287,0.06382978723404255,0.06382978723404255,0.32173916479145975,0.35715102175554975,0.49663526244952894,results/pending_runs/paper_final/lane0/MobileNetV3/tissuemnist/L10_G10/danits_lp/seed_1
tissuemnist,L10_G10,MobileNetV3,2,danits_lp,0.0,17,17,171,2400,194,0.3515264880471548,0.1276595744680851,0.1276595744680851,0.36149880497934556,0.39716814721164656,0.48945715567519066,results/pending_runs/paper_final/lane0/MobileNetV3/tissuemnist/L10_G10/danits_lp/seed_2
tissuemnist,L10_G10,MobileNetV3,4,fioretto_ldf,81.0,17,17,171,2400,12,0.28806666823659605,0.0851063829787234,0.0851063829787234,0.36002764337868526,0.39954974285520084,0.5598923283983849,results/pending_runs/paper_final/lane0/MobileNetV3/tissuemnist/L10_G10/fioretto_ldf/seed_4
tissuemnist,L10_G10,MobileNetV3,3,fioretto_ldf,82.0,17,17,171,2400,13,0.2725551609810204,0.10638297872340426,0.10638297872340426,0.3677868849316923,0.40485910149032484,0.5522655899506506,results/pending_runs/paper_final/lane0/MobileNetV3/tissuemnist/L10_G10/fioretto_ldf/seed_3
tissuemnist,L10_G10,MobileNetV3,1,fioretto_ldf,65.0,17,17,171,2400,11,0.27043181400212585,0.10638297872340426,0.10638297872340426,0.37258653180689855,0.41062178788422504,0.5693135935397039,results/pending_runs/paper_final/lane0/MobileNetV3/tissuemnist/L10_G10/fioretto_ldf/seed_1
tissuemnist,L10_G10,MobileNetV3,2,fioretto_ldf,299.0,17,17,171,2400,14,0.30170114127478864,0.10638297872340426,0.10638297872340426,0.3651034788086473,0.4025027069523025,0.5616868550919695,results/pending_runs/paper_final/lane0/MobileNetV3/tissuemnist/L10_G10/fioretto_ldf/seed_2
tissuemnist,L10_G10,MobileNetV3,4,tralo_bounded,140.0,17,17,171,2400,13,0.2869945998115905,0.09574468085106383,0.09574468085106383,0.35686958306410055,0.39405805712598807,0.5563032750112158,results/pending_runs/paper_final/lane0/MobileNetV3/tissuemnist/L10_G10/tralo_bounded/seed_4
tissuemnist,L10_G10,MobileNetV3,3,tralo_bounded,141.0,17,17,171,2400,13,0.27426123967683363,0.10638297872340426,0.10638297872340426,0.36231119129045597,0.39871021874817103,0.5486765365634814,results/pending_runs/paper_final/lane0/MobileNetV3/tissuemnist/L10_G10/tralo_bounded/seed_3
tissuemnist,L10_G10,MobileNetV3,1,tralo_bounded,120.0,17,17,171,2400,12,0.26815005167985384,0.11702127659574468,0.11702127659574468,0.3782182331112408,0.4154721345423183,0.5711081202332885,results/pending_runs/paper_final/lane0/MobileNetV3/tissuemnist/L10_G10/tralo_bounded/seed_1
tissuemnist,L10_G10,MobileNetV3,2,tralo_bounded,350.0,17,17,171,2400,14,0.2982060203684528,0.10638297872340426,0.10638297872340426,0.3648384474369692,0.4022020094549669,0.5652759084791387,results/pending_runs/paper_final/lane0/MobileNetV3/tissuemnist/L10_G10/tralo_bounded/seed_2
tissuemnist,L10_G10,MobileNetV3,4,heuristic,0.0,17,17,171,2400,80,0.34340311918459765,0.0851063829787234,0.0851063829787234,0.31597549138998093,0.34963443006893113,0.5015702108568865,results/pending_runs/paper_final/lane0/MobileNetV3/tissuemnist/L10_G10/heuristic/seed_4
tissuemnist,L10_G10,MobileNetV3,3,heuristic,0.0,17,17,171,2400,124,0.2672387550762193,0.11702127659574468,0.11702127659574468,0.3218281517566407,0.34858493676262103,0.48362494392104083,results/pending_runs/paper_final/lane0/MobileNetV3/tissuemnist/L10_G10/heuristic/seed_3
tissuemnist,L10_G10,MobileNetV3,1,heuristic,0.0,17,17,171,2400,204,0.2838922384793287,0.06382978723404255,0.06382978723404255,0.32173916479145975,0.35715102175554975,0.49663526244952894,results/pending_runs/paper_final/lane0/MobileNetV3/tissuemnist/L10_G10/heuristic/seed_1
tissuemnist,L10_G10,MobileNetV3,2,heuristic,0.0,17,17,171,2400,194,0.3515264880471548,0.1276595744680851,0.1276595744680851,0.36149880497934556,0.39716814721164656,0.48945715567519066,results/pending_runs/paper_final/lane0/MobileNetV3/tissuemnist/L10_G10/heuristic/seed_2
octmnist,L70_G70,MobileNetV3,4,hounie_rcl,5.0,175,174,250,1000,157,0.7611330125255021,0.660377358490566,0.660377358490566,0.7931262854628065,0.8348788017006785,0.8866666666666667,results/pending_runs/paper_final/lane0/MobileNetV3/octmnist/L70_G70/hounie_rcl/seed_4
octmnist,L70_G70,MobileNetV3,3,hounie_rcl,30.0,175,174,250,1000,159,0.7621110914652276,0.6509433962264151,0.6509433962264151,0.7844475300432889,0.8303170522586726,0.88,results/pending_runs/paper_final/lane0/MobileNetV3/octmnist/L70_G70/hounie_rcl/seed_3
octmnist,L70_G70,MobileNetV3,1,hounie_rcl,44.0,175,174,250,1000,155,0.7721964108490332,0.6320754716981132,0.6320754716981132,0.7678353303496864,0.8166516311886527,0.868,results/pending_runs/paper_final/lane0/MobileNetV3/octmnist/L70_G70/hounie_rcl/seed_1
octmnist,L70_G70,MobileNetV3,2,hounie_rcl,4.0,175,174,250,1000,153,0.7978519752731716,0.6839622641509434,0.6839622641509434,0.793074861329012,0.8289570173661529,0.8826666666666667,results/pending_runs/paper_final/lane0/MobileNetV3/octmnist/L70_G70/hounie_rcl/seed_2
octmnist,L70_G70,MobileNetV3,4,tralo,55.0,175,174,250,1000,159,0.7622580471862204,0.660377358490566,0.660377358490566,0.7941392934057097,0.8371833854595595,0.888,results/pending_runs/paper_final/lane0/MobileNetV3/octmnist/L70_G70/tralo/seed_4
octmnist,L70_G70,MobileNetV3,3,tralo,350.0,175,174,250,1000,166,0.7298007813515235,0.6132075471698113,0.6179245283018868,0.7665895537321481,0.8148073124462344,0.8586666666666667,results/pending_runs/paper_final/lane0/MobileNetV3/octmnist/L70_G70/tralo/seed_3
octmnist,L70_G70,MobileNetV3,1,tralo,105.0,175,174,250,1000,174,0.7890547900627354,0.6509433962264151,0.6509433962264151,0.7769929693045075,0.8203691465709498,0.8626666666666667,results/pending_runs/paper_final/lane0/MobileNetV3/octmnist/L70_G70/tralo/seed_1
octmnist,L70_G70,MobileNetV3,2,tralo,54.0,175,174,250,1000,154,0.7971715620038169,0.6745283018867925,0.6745283018867925,0.7887309628561061,0.8294734866192431,0.8826666666666667,results/pending_runs/paper_final/lane0/MobileNetV3/octmnist/L70_G70/tralo/seed_2
octmnist,L70_G70,MobileNetV3,4,danits_lp,0.0,175,174,250,1000,167,0.7775062340284874,0.6618705035971223,0.6650943396226415,0.7845221532775593,0.8256530621193572,0.872,results/pending_runs/paper_final/lane0/MobileNetV3/octmnist/L70_G70/danits_lp/seed_4
octmnist,L70_G70,MobileNetV3,3,danits_lp,0.0,175,174,250,1000,152,0.7205322351981209,0.5970149253731343,0.6132075471698113,0.7162628019806982,0.7542621436894668,0.8066666666666666,results/pending_runs/paper_final/lane0/MobileNetV3/octmnist/L70_G70/danits_lp/seed_3
octmnist,L70_G70,MobileNetV3,1,danits_lp,0.0,175,174,250,1000,260,0.8136593427460524,0.6933962264150944,0.6933962264150944,0.7517328400242349,0.7680973207081933,0.7666666666666667,results/pending_runs/paper_final/lane0/MobileNetV3/octmnist/L70_G70/danits_lp/seed_1
octmnist,L70_G70,MobileNetV3,2,danits_lp,0.0,175,174,250,1000,159,0.7517566084997516,0.5911330049261084,0.6320754716981132,0.7102562807235585,0.7327390747336309,0.784,results/pending_runs/paper_final/lane0/MobileNetV3/octmnist/L70_G70/danits_lp/seed_2
octmnist,L70_G70,MobileNetV3,4,fioretto_ldf,5.0,175,174,250,1000,157,0.7615457777621764,0.660377358490566,0.660377358490566,0.7930825503627137,0.8348559166644881,0.8866666666666667,results/pending_runs/paper_final/lane0/MobileNetV3/octmnist/L70_G70/fioretto_ldf/seed_4
octmnist,L70_G70,MobileNetV3,3,fioretto_ldf,11.0,175,174,250,1000,157,0.7613517769723338,0.6556603773584906,0.6556603773584906,0.782625469300907,0.8252913966907357,0.876,results/pending_runs/paper_final/lane0/MobileNetV3/octmnist/L70_G70/fioretto_ldf/seed_3
octmnist,L70_G70,MobileNetV3,1,fioretto_ldf,299.0,175,174,250,1000,157,0.7718513076827858,0.6273584905660378,0.6273584905660378,0.7636547369241145,0.8164692664201114,0.8666666666666667,results/pending_runs/paper_final/lane0/MobileNetV3/octmnist/L70_G70/fioretto_ldf/seed_1
octmnist,L70_G70,MobileNetV3,2,fioretto_ldf,4.0,175,174,250,1000,153,0.7978519752731716,0.6839622641509434,0.6839622641509434,0.793074861329012,0.8289570173661529,0.8826666666666667,results/pending_runs/paper_final/lane0/MobileNetV3/octmnist/L70_G70/fioretto_ldf/seed_2
octmnist,L70_G70,MobileNetV3,4,tralo_bounded,55.0,175,174,250,1000,154,0.761113221580628,0.660377358490566,0.660377358490566,0.7931262854628065,0.8333254268444404,0.8866666666666667,results/pending_runs/paper_final/lane0/MobileNetV3/octmnist/L70_G70/tralo_bounded/seed_4
octmnist,L70_G70,MobileNetV3,3,tralo_bounded,61.0,175,174,250,1000,156,0.7619404107015707,0.6556603773584906,0.6556603773584906,0.7847071596602788,0.8288227962754888,0.88,results/pending_runs/paper_final/lane0/MobileNetV3/octmnist/L70_G70/tralo_bounded/seed_3
octmnist,L70_G70,MobileNetV3,1,tralo_bounded,350.0,175,174,250,1000,157,0.7705936152105776,0.6320754716981132,0.6320754716981132,0.7668558094896856,0.8151141623758257,0.8653333333333333,results/pending_runs/paper_final/lane0/MobileNetV3/octmnist/L70_G70/tralo_bounded/seed_1
octmnist,L70_G70,MobileNetV3,2,tralo_bounded,54.0,175,174,250,1000,153,0.7978519752731716,0.6839622641509434,0.6839622641509434,0.793074861329012,0.8289570173661529,0.8826666666666667,results/pending_runs/paper_final/lane0/MobileNetV3/octmnist/L70_G70/tralo_bounded/seed_2
octmnist,L70_G70,MobileNetV3,4,heuristic,0.0,175,174,250,1000,167,0.7775062340284874,0.6650943396226415,0.6650943396226415,0.7845221532775593,0.8256530621193572,0.872,results/pending_runs/paper_final/lane0/MobileNetV3/octmnist/L70_G70/heuristic/seed_4
octmnist,L70_G70,MobileNetV3,3,heuristic,0.0,175,174,250,1000,152,0.7205322351981209,0.6132075471698113,0.6132075471698113,0.7162628019806982,0.7542621436894668,0.8066666666666666,results/pending_runs/paper_final/lane0/MobileNetV3/octmnist/L70_G70/heuristic/seed_3
octmnist,L70_G70,MobileNetV3,1,heuristic,0.0,175,174,250,1000,260,0.8136593427460524,0.6933962264150944,0.6933962264150944,0.7517328400242349,0.7680973207081933,0.7666666666666667,results/pending_runs/paper_final/lane0/MobileNetV3/octmnist/L70_G70/heuristic/seed_1
octmnist,L70_G70,MobileNetV3,2,heuristic,0.0,175,174,250,1000,159,0.7517566084997516,0.6320754716981132,0.6320754716981132,0.7102562807235585,0.7327390747336309,0.784,results/pending_runs/paper_final/lane0/MobileNetV3/octmnist/L70_G70/heuristic/seed_2
octmnist,L40_G40,MobileNetV3,4,hounie_rcl,40.0,100,100,250,1000,83,0.7455977613883187,0.45045045045045046,0.5028571428571429,0.7451581371817075,0.822668934941602,0.9133333333333333,results/pending_runs/paper_final/lane0/MobileNetV3/octmnist/L40_G40/hounie_rcl/seed_4
octmnist,L40_G40,MobileNetV3,3,hounie_rcl,42.0,100,100,250,1000,87,0.7583678115334097,0.47477744807121663,0.52,0.7462062119217291,0.8176814474614812,0.9053333333333333,results/pending_runs/paper_final/lane0/MobileNetV3/octmnist/L40_G40/hounie_rcl/seed_3
octmnist,L40_G40,MobileNetV3,1,hounie_rcl,45.0,100,100,250,1000,78,0.7620896502515371,0.45121951219512196,0.52,0.7334242619669098,0.8005228203570076,0.8906666666666667,results/pending_runs/paper_final/lane0/MobileNetV3/octmnist/L40_G40/hounie_rcl/seed_1
octmnist,L40_G40,MobileNetV3,2,hounie_rcl,41.0,100,100,250,1000,80,0.7952340192953226,0.4484848484848485,0.5028571428571429,0.727787603874966,0.7998747470578458,0.8893333333333333,results/pending_runs/paper_final/lane0/MobileNetV3/octmnist/L40_G40/hounie_rcl/seed_2
octmnist,L40_G40,MobileNetV3,4,tralo,100.0,100,100,250,1000,100,0.7543993047349805,0.49714285714285716,0.49714285714285716,0.7429833353085391,0.8249699972546193,0.9066666666666666,results/pending_runs/paper_final/lane0/MobileNetV3/octmnist/L40_G40/tralo/seed_4
octmnist,L40_G40,MobileNetV3,3,tralo,83.0,100,100,250,1000,96,0.7704429782863597,0.5028901734104047,0.52,0.7479428210678212,0.8232754202799523,0.9066666666666666,results/pending_runs/paper_final/lane0/MobileNetV3/octmnist/L40_G40/tralo/seed_3
octmnist,L40_G40,MobileNetV3,1,tralo,212.0,100,100,250,1000,100,0.7849749668107573,0.5257142857142857,0.5257142857142857,0.7467886804355576,0.8204801453426481,0.9013333333333333,results/pending_runs/paper_final/lane0/MobileNetV3/octmnist/L40_G40/tralo/seed_1
octmnist,L40_G40,MobileNetV3,2,tralo,218.0,100,100,250,1000,98,0.7970599700969818,0.5114942528735632,0.52,0.7351350786295188,0.8058650262183389,0.8866666666666667,results/pending_runs/paper_final/lane0/MobileNetV3/octmnist/L40_G40/tralo/seed_2
octmnist,L40_G40,MobileNetV3,4,danits_lp,0.0,100,100,250,1000,167,0.7775062340284874,0.49714285714285716,0.49714285714285716,0.7270295517078588,0.8256530621193572,0.872,results/pending_runs/paper_final/lane0/MobileNetV3/octmnist/L40_G40/danits_lp/seed_4
octmnist,L40_G40,MobileNetV3,3,danits_lp,0.0,100,100,250,1000,152,0.7205322351981209,0.4685714285714286,0.4685714285714286,0.6740315798936141,0.7542621436894668,0.8066666666666666,results/pending_runs/paper_final/lane0/MobileNetV3/octmnist/L40_G40/danits_lp/seed_3
octmnist,L40_G40,MobileNetV3,1,danits_lp,0.0,100,100,250,1000,260,0.8136593427460524,0.52,0.52,0.692310754184845,0.7680973207081933,0.7666666666666667,results/pending_runs/paper_final/lane0/MobileNetV3/octmnist/L40_G40/danits_lp/seed_1
octmnist,L40_G40,MobileNetV3,2,danits_lp,0.0,100,100,250,1000,159,0.7517566084997516,0.49142857142857144,0.49142857142857144,0.6613586296346752,0.7327390747336309,0.784,results/pending_runs/paper_final/lane0/MobileNetV3/octmnist/L40_G40/danits_lp/seed_2
octmnist,L40_G40,MobileNetV3,4,fioretto_ldf,33.0,100,100,250,1000,95,0.7521287312355903,0.4927536231884058,0.5028571428571429,0.7443044396481205,0.8247370081273963,0.9093333333333333,results/pending_runs/paper_final/lane0/MobileNetV3/octmnist/L40_G40/fioretto_ldf/seed_4
octmnist,L40_G40,MobileNetV3,3,fioretto_ldf,31.0,100,100,250,1000,95,0.7612840603159556,0.4985507246376812,0.52,0.749161441112758,0.823080689819076,0.9066666666666666,results/pending_runs/paper_final/lane0/MobileNetV3/octmnist/L40_G40/fioretto_ldf/seed_3
octmnist,L40_G40,MobileNetV3,1,fioretto_ldf,36.0,100,100,250,1000,84,0.7628781188676899,0.46107784431137727,0.5142857142857142,0.7351497655277537,0.8050236807328585,0.892,results/pending_runs/paper_final/lane0/MobileNetV3/octmnist/L40_G40/fioretto_ldf/seed_1
octmnist,L40_G40,MobileNetV3,2,fioretto_ldf,299.0,100,100,250,1000,99,0.8005374617416535,0.49710982658959535,0.5142857142857142,0.7360987028076539,0.8094608249011875,0.8906666666666667,results/pending_runs/paper_final/lane0/MobileNetV3/octmnist/L40_G40/fioretto_ldf/seed_2
octmnist,L40_G40,MobileNetV3,4,tralo_bounded,78.0,100,100,250,1000,95,0.7510467556436732,0.4927536231884058,0.5028571428571429,0.7451581371817075,0.8259130332637845,0.9106666666666666,results/pending_runs/paper_final/lane0/MobileNetV3/octmnist/L40_G40/tralo_bounded/seed_4
octmnist,L40_G40,MobileNetV3,3,tralo_bounded,78.0,100,100,250,1000,94,0.7605482471438302,0.4941860465116279,0.52,0.7452452800045817,0.8188026252187314,0.9026666666666666,results/pending_runs/paper_final/lane0/MobileNetV3/octmnist/L40_G40/tralo_bounded/seed_3
octmnist,L40_G40,MobileNetV3,1,tralo_bounded,80.0,100,100,250,1000,84,0.7640526627945764,0.46107784431137727,0.5142857142857142,0.7341900190729405,0.8037513323538731,0.8906666666666667,results/pending_runs/paper_final/lane0/MobileNetV3/octmnist/L40_G40/tralo_bounded/seed_1
octmnist,L40_G40,MobileNetV3,2,tralo_bounded,350.0,100,100,250,1000,100,0.8005459171403769,0.49710982658959535,0.5085714285714286,0.7358121029097826,0.8114981889583598,0.892,results/pending_runs/paper_final/lane0/MobileNetV3/octmnist/L40_G40/tralo_bounded/seed_2
octmnist,L40_G40,MobileNetV3,4,heuristic,0.0,100,100,250,1000,167,0.7775062340284874,0.49714285714285716,0.49714285714285716,0.7270295517078588,0.8256530621193572,0.872,results/pending_runs/paper_final/lane0/MobileNetV3/octmnist/L40_G40/heuristic/seed_4
octmnist,L40_G40,MobileNetV3,3,heuristic,0.0,100,100,250,1000,152,0.7205322351981209,0.4685714285714286,0.4685714285714286,0.6740315798936141,0.7542621436894668,0.8066666666666666,results/pending_runs/paper_final/lane0/MobileNetV3/octmnist/L40_G40/heuristic/seed_3
octmnist,L40_G40,MobileNetV3,1,heuristic,0.0,100,100,250,1000,260,0.8136593427460524,0.52,0.52,0.692310754184845,0.7680973207081933,0.7666666666666667,results/pending_runs/paper_final/lane0/MobileNetV3/octmnist/L40_G40/heuristic/seed_1
octmnist,L40_G40,MobileNetV3,2,heuristic,0.0,100,100,250,1000,159,0.7517566084997516,0.49142857142857144,0.49142857142857144,0.6613586296346752,0.7327390747336309,0.784,results/pending_runs/paper_final/lane0/MobileNetV3/octmnist/L40_G40/heuristic/seed_2
octmnist,L10_G10,MobileNetV3,4,hounie_rcl,56.0,25,25,250,1000,14,0.6858796006213642,0.18181818181818182,0.18181818181818182,0.6345783078542881,0.7809289827255279,0.9026666666666666,results/pending_runs/paper_final/lane0/MobileNetV3/octmnist/L10_G10/hounie_rcl/seed_4
octmnist,L10_G10,MobileNetV3,3,hounie_rcl,56.0,25,25,250,1000,19,0.7065173625581217,0.16727272727272727,0.16727272727272727,0.6280548842285059,0.7789918479507466,0.8973333333333333,results/pending_runs/paper_final/lane0/MobileNetV3/octmnist/L10_G10/hounie_rcl/seed_3
octmnist,L10_G10,MobileNetV3,1,hounie_rcl,60.0,25,25,250,1000,15,0.693463080861092,0.17454545454545456,0.17454545454545456,0.6192580189805812,0.764817614892037,0.8813333333333333,results/pending_runs/paper_final/lane0/MobileNetV3/octmnist/L10_G10/hounie_rcl/seed_1
octmnist,L10_G10,MobileNetV3,2,hounie_rcl,49.0,25,25,250,1000,10,0.7410764023905804,0.16727272727272727,0.16727272727272727,0.6028945886306312,0.7434402814048925,0.86,results/pending_runs/paper_final/lane0/MobileNetV3/octmnist/L10_G10/hounie_rcl/seed_2
octmnist,L10_G10,MobileNetV3,4,tralo,112.0,25,25,250,1000,24,0.7151326541387754,0.18181818181818182,0.18181818181818182,0.6397686174651717,0.7919955054243447,0.9106666666666666,results/pending_runs/paper_final/lane0/MobileNetV3/octmnist/L10_G10/tralo/seed_4
octmnist,L10_G10,MobileNetV3,3,tralo,99.0,25,25,250,1000,23,0.7147785577407418,0.16727272727272727,0.16727272727272727,0.6258118915780286,0.7777658161755795,0.8933333333333333,results/pending_runs/paper_final/lane0/MobileNetV3/octmnist/L10_G10/tralo/seed_3
octmnist,L10_G10,MobileNetV3,1,tralo,135.0,25,25,250,1000,24,0.6999155239227846,0.18181818181818182,0.18181818181818182,0.619909697101402,0.7655708463650592,0.8773333333333333,results/pending_runs/paper_final/lane0/MobileNetV3/octmnist/L10_G10/tralo/seed_1
octmnist,L10_G10,MobileNetV3,2,tralo,122.0,25,25,250,1000,25,0.7935269521855504,0.18181818181818182,0.18181818181818182,0.6197268704196291,0.7656964332867782,0.88,results/pending_runs/paper_final/lane0/MobileNetV3/octmnist/L10_G10/tralo/seed_2
octmnist,L10_G10,MobileNetV3,4,danits_lp,0.0,25,25,250,1000,167,0.7775062340284874,0.18181818181818182,0.18181818181818182,0.6315200452158367,0.8256530621193572,0.872,results/pending_runs/paper_final/lane0/MobileNetV3/octmnist/L10_G10/danits_lp/seed_4
octmnist,L10_G10,MobileNetV3,3,danits_lp,0.0,25,25,250,1000,152,0.7205322351981209,0.16,0.16,0.5780049810972416,0.7542621436894668,0.8066666666666666,results/pending_runs/paper_final/lane0/MobileNetV3/octmnist/L10_G10/danits_lp/seed_3
octmnist,L10_G10,MobileNetV3,1,danits_lp,0.0,25,25,250,1000,260,0.8136593427460524,0.16727272727272727,0.16727272727272727,0.5839925866935753,0.7680973207081933,0.7666666666666667,results/pending_runs/paper_final/lane0/MobileNetV3/octmnist/L10_G10/danits_lp/seed_1
octmnist,L10_G10,MobileNetV3,2,danits_lp,0.0,25,25,250,1000,159,0.7517566084997516,0.17454545454545456,0.17454545454545456,0.5650875528778203,0.7327390747336309,0.784,results/pending_runs/paper_final/lane0/MobileNetV3/octmnist/L10_G10/danits_lp/seed_2
octmnist,L10_G10,MobileNetV3,4,fioretto_ldf,56.0,25,25,250,1000,21,0.698655641611512,0.18181818181818182,0.18181818181818182,0.6372961820205071,0.7874254222565887,0.9066666666666666,results/pending_runs/paper_final/lane0/MobileNetV3/octmnist/L10_G10/fioretto_ldf/seed_4
octmnist,L10_G10,MobileNetV3,3,fioretto_ldf,52.0,25,25,250,1000,20,0.7117991394020404,0.16727272727272727,0.16727272727272727,0.6290818588968399,0.7808657663991014,0.8986666666666666,results/pending_runs/paper_final/lane0/MobileNetV3/octmnist/L10_G10/fioretto_ldf/seed_3
octmnist,L10_G10,MobileNetV3,1,fioretto_ldf,60.0,25,25,250,1000,18,0.7052009633425158,0.18181818181818182,0.18181818181818182,0.6238651411058547,0.7684722293521151,0.884,results/pending_runs/paper_final/lane0/MobileNetV3/octmnist/L10_G10/fioretto_ldf/seed_1
octmnist,L10_G10,MobileNetV3,2,fioretto_ldf,49.0,25,25,250,1000,17,0.7614319399479564,0.17454545454545456,0.17454545454545456,0.6146098362527144,0.7580790694741334,0.8733333333333333,results/pending_runs/paper_final/lane0/MobileNetV3/octmnist/L10_G10/fioretto_ldf/seed_2
octmnist,L10_G10,MobileNetV3,4,tralo_bounded,101.0,25,25,250,1000,21,0.7001560523899786,0.18181818181818182,0.18181818181818182,0.6390424549857431,0.7897486439749145,0.9093333333333333,results/pending_runs/paper_final/lane0/MobileNetV3/octmnist/L10_G10/tralo_bounded/seed_4
octmnist,L10_G10,MobileNetV3,3,tralo_bounded,99.0,25,25,250,1000,20,0.7120778112601679,0.16727272727272727,0.16727272727272727,0.6298719615522204,0.7819478299182636,0.9,results/pending_runs/paper_final/lane0/MobileNetV3/octmnist/L10_G10/tralo_bounded/seed_3
octmnist,L10_G10,MobileNetV3,1,tralo_bounded,105.0,25,25,250,1000,19,0.7027858522393311,0.18181818181818182,0.18181818181818182,0.6230493474307097,0.7678972739241366,0.8826666666666667,results/pending_runs/paper_final/lane0/MobileNetV3/octmnist/L10_G10/tralo_bounded/seed_1
octmnist,L10_G10,MobileNetV3,2,tralo_bounded,97.0,25,25,250,1000,17,0.7620396314725482,0.17454545454545456,0.17454545454545456,0.6145644597767137,0.7580129187272044,0.8733333333333333,results/pending_runs/paper_final/lane0/MobileNetV3/octmnist/L10_G10/tralo_bounded/seed_2
octmnist,L10_G10,MobileNetV3,4,heuristic,0.0,25,25,250,1000,167,0.7775062340284874,0.18181818181818182,0.18181818181818182,0.6315200452158367,0.8256530621193572,0.872,results/pending_runs/paper_final/lane0/MobileNetV3/octmnist/L10_G10/heuristic/seed_4
octmnist,L10_G10,MobileNetV3,3,heuristic,0.0,25,25,250,1000,152,0.7205322351981209,0.16,0.16,0.5780049810972416,0.7542621436894668,0.8066666666666666,results/pending_runs/paper_final/lane0/MobileNetV3/octmnist/L10_G10/heuristic/seed_3
octmnist,L10_G10,MobileNetV3,1,heuristic,0.0,25,25,250,1000,260,0.8136593427460524,0.16727272727272727,0.16727272727272727,0.5839925866935753,0.7680973207081933,0.7666666666666667,results/pending_runs/paper_final/lane0/MobileNetV3/octmnist/L10_G10/heuristic/seed_1
octmnist,L10_G10,MobileNetV3,2,heuristic,0.0,25,25,250,1000,159,0.7517566084997516,0.17454545454545456,0.17454545454545456,0.5650875528778203,0.7327390747336309,0.784,results/pending_runs/paper_final/lane0/MobileNetV3/octmnist/L10_G10/heuristic/seed_2
dermmnist,L70_G70,ViTB16,4,hounie_rcl,72.0,156,156,223,2003,147,0.629270590784649,0.5488126649076517,0.554089709762533,0.712591258772463,0.7378072569719789,0.8797752808988764,results/pending_runs/paper_final/lane0/ViTB16/dermmnist/L70_G70/hounie_rcl/seed_4
dermmnist,L70_G70,ViTB16,3,hounie_rcl,54.0,156,156,223,2003,151,0.6424962097215005,0.5488126649076517,0.5488126649076517,0.7361382298461517,0.7695112651437839,0.8904494382022472,results/pending_runs/paper_final/lane0/ViTB16/dermmnist/L70_G70/hounie_rcl/seed_3
dermmnist,L70_G70,ViTB16,1,hounie_rcl,63.0,156,156,223,2003,148,0.6353970606893602,0.5857519788918206,0.5857519788918206,0.7187991665254476,0.7378182747291997,0.8814606741573033,results/pending_runs/paper_final/lane0/ViTB16/dermmnist/L70_G70/hounie_rcl/seed_1
dermmnist,L70_G70,ViTB16,2,hounie_rcl,59.0,156,156,223,2003,141,0.6603947945328968,0.6015831134564644,0.6015831134564644,0.7298346769736997,0.7513246574111238,0.8921348314606742,results/pending_runs/paper_final/lane0/ViTB16/dermmnist/L70_G70/hounie_rcl/seed_2
dermmnist,L70_G70,ViTB16,4,tralo,71.0,156,156,223,2003,152,0.6269935675978139,0.554089709762533,0.5593667546174143,0.7073855124563001,0.7340372759646412,0.8780898876404495,results/pending_runs/paper_final/lane0/ViTB16/dermmnist/L70_G70/tralo/seed_4
dermmnist,L70_G70,ViTB16,3,tralo,68.0,156,156,223,2003,154,0.6291852282918433,0.554089709762533,0.554089709762533,0.6797696260905332,0.7011922307541306,0.8707865168539326,results/pending_runs/paper_final/lane0/ViTB16/dermmnist/L70_G70/tralo/seed_3
dermmnist,L70_G70,ViTB16,1,tralo,350.0,156,156,223,2003,156,0.6298114161514435,0.5804749340369393,0.5804749340369393,0.7118543225674242,0.7337508873225049,0.8786516853932584,results/pending_runs/paper_final/lane0/ViTB16/dermmnist/L70_G70/tralo/seed_1
dermmnist,L70_G70,ViTB16,2,tralo,153.0,156,156,223,2003,155,0.6829085602666797,0.6121372031662269,0.6121372031662269,0.7100841561377927,0.726170315414261,0.8780898876404495,results/pending_runs/paper_final/lane0/ViTB16/dermmnist/L70_G70/tralo/seed_2
dermmnist,L70_G70,ViTB16,4,danits_lp,0.0,156,156,223,2003,140,0.5464360682055407,0.4777777777777778,0.47493403693931396,0.6430263456567469,0.669144739138868,0.8578651685393258,results/pending_runs/paper_final/lane0/ViTB16/dermmnist/L70_G70/danits_lp/seed_4
dermmnist,L70_G70,ViTB16,3,danits_lp,0.0,156,156,223,2003,183,0.6176809458391277,0.5585106382978723,0.5646437994722955,0.6585993700786988,0.6706820907238012,0.8488764044943821,results/pending_runs/paper_final/lane0/ViTB16/dermmnist/L70_G70/danits_lp/seed_3
dermmnist,L70_G70,ViTB16,1,danits_lp,0.0,156,156,223,2003,174,0.6023818119998875,0.544973544973545,0.554089709762533,0.6849383974440064,0.7086945113670241,0.852808988764045,results/pending_runs/paper_final/lane0/ViTB16/dermmnist/L70_G70/danits_lp/seed_1
dermmnist,L70_G70,ViTB16,2,danits_lp,0.0,156,156,223,2003,144,0.6809264909107381,0.5846994535519126,0.6068601583113457,0.7076257461536215,0.7252443860185916,0.8758426966292134,results/pending_runs/paper_final/lane0/ViTB16/dermmnist/L70_G70/danits_lp/seed_2
dermmnist,L70_G70,ViTB16,4,fioretto_ldf,12.0,156,156,223,2003,139,0.6268804310014611,0.5488126649076517,0.5488126649076517,0.7030253056743864,0.7284114044893354,0.8803370786516854,results/pending_runs/paper_final/lane0/ViTB16/dermmnist/L70_G70/fioretto_ldf/seed_4
dermmnist,L70_G70,ViTB16,3,fioretto_ldf,15.0,156,156,223,2003,138,0.6323649799113122,0.554089709762533,0.554089709762533,0.6816445753297445,0.7205215656622004,0.8764044943820225,results/pending_runs/paper_final/lane0/ViTB16/dermmnist/L70_G70/fioretto_ldf/seed_3
dermmnist,L70_G70,ViTB16,1,fioretto_ldf,11.0,156,156,223,2003,143,0.6366456775844922,0.5910290237467019,0.5910290237467019,0.7199222811754017,0.7380911584129688,0.8831460674157303,results/pending_runs/paper_final/lane0/ViTB16/dermmnist/L70_G70/fioretto_ldf/seed_1
dermmnist,L70_G70,ViTB16,2,fioretto_ldf,15.0,156,156,223,2003,137,0.6870354150895173,0.6068601583113457,0.6068601583113457,0.7152920703087181,0.7338815964914617,0.8814606741573033,results/pending_runs/paper_final/lane0/ViTB16/dermmnist/L70_G70/fioretto_ldf/seed_2
dermmnist,L70_G70,ViTB16,4,tralo_bounded,61.0,156,156,223,2003,145,0.6280292148556724,0.554089709762533,0.554089709762533,0.7091355228021199,0.7334632094999615,0.8786516853932584,results/pending_runs/paper_final/lane0/ViTB16/dermmnist/L70_G70/tralo_bounded/seed_4
dermmnist,L70_G70,ViTB16,3,tralo_bounded,64.0,156,156,223,2003,138,0.6322989237966792,0.554089709762533,0.554089709762533,0.6829886879898138,0.7218182063877888,0.8769662921348315,results/pending_runs/paper_final/lane0/ViTB16/dermmnist/L70_G70/tralo_bounded/seed_3
dermmnist,L70_G70,ViTB16,1,tralo_bounded,59.0,156,156,223,2003,146,0.6351061044768853,0.5910290237467019,0.5910290237467019,0.7196563625483744,0.7378278617710589,0.8820224719101124,results/pending_runs/paper_final/lane0/ViTB16/dermmnist/L70_G70/tralo_bounded/seed_1
dermmnist,L70_G70,ViTB16,2,tralo_bounded,60.0,156,156,223,2003,142,0.6884413791541562,0.6121372031662269,0.6121372031662269,0.7165092595953064,0.7342123762505383,0.8808988764044944,results/pending_runs/paper_final/lane0/ViTB16/dermmnist/L70_G70/tralo_bounded/seed_2
dermmnist,L70_G70,ViTB16,4,heuristic,0.0,156,156,223,2003,140,0.5464360682055407,0.47493403693931396,0.47493403693931396,0.6430263456567469,0.669144739138868,0.8578651685393258,results/pending_runs/paper_final/lane0/ViTB16/dermmnist/L70_G70/heuristic/seed_4
dermmnist,L70_G70,ViTB16,3,heuristic,0.0,156,156,223,2003,183,0.6176809458391277,0.5646437994722955,0.5646437994722955,0.6585993700786988,0.6706820907238012,0.8488764044943821,results/pending_runs/paper_final/lane0/ViTB16/dermmnist/L70_G70/heuristic/seed_3
dermmnist,L70_G70,ViTB16,1,heuristic,0.0,156,156,223,2003,174,0.6023818119998875,0.554089709762533,0.554089709762533,0.6849383974440064,0.7086945113670241,0.852808988764045,results/pending_runs/paper_final/lane0/ViTB16/dermmnist/L70_G70/heuristic/seed_1
dermmnist,L70_G70,ViTB16,2,heuristic,0.0,156,156,223,2003,144,0.6809264909107381,0.6068601583113457,0.6068601583113457,0.7076257461536215,0.7252443860185916,0.8758426966292134,results/pending_runs/paper_final/lane0/ViTB16/dermmnist/L70_G70/heuristic/seed_2
dermmnist,L40_G40,ViTB16,4,hounie_rcl,102.0,89,89,223,2003,78,0.6112891891366194,0.4423076923076923,0.4423076923076923,0.6822564651983776,0.7232478287604235,0.8921348314606742,results/pending_runs/paper_final/lane0/ViTB16/dermmnist/L40_G40/hounie_rcl/seed_4
dermmnist,L40_G40,ViTB16,3,hounie_rcl,107.0,89,89,223,2003,83,0.6168058097650841,0.44871794871794873,0.44871794871794873,0.6791056108301341,0.7168943366960988,0.8876404494382022,results/pending_runs/paper_final/lane0/ViTB16/dermmnist/L40_G40/hounie_rcl/seed_3
dermmnist,L40_G40,ViTB16,1,hounie_rcl,79.0,89,89,223,2003,79,0.6129689501848721,0.44871794871794873,0.44871794871794873,0.6973816645549292,0.737144456331089,0.8926966292134831,results/pending_runs/paper_final/lane0/ViTB16/dermmnist/L40_G40/hounie_rcl/seed_1
dermmnist,L40_G40,ViTB16,2,hounie_rcl,84.0,89,89,223,2003,78,0.6709203444596175,0.4807692307692308,0.4807692307692308,0.6871336289988614,0.721541042028838,0.8915730337078651,results/pending_runs/paper_final/lane0/ViTB16/dermmnist/L40_G40/hounie_rcl/seed_2
dermmnist,L40_G40,ViTB16,4,tralo,80.0,89,89,223,2003,89,0.6130797961040337,0.44871794871794873,0.44871794871794873,0.6885241631044163,0.7284918655021609,0.8904494382022472,results/pending_runs/paper_final/lane0/ViTB16/dermmnist/L40_G40/tralo/seed_4
dermmnist,L40_G40,ViTB16,3,tralo,123.0,89,89,223,2003,89,0.6115586133627814,0.4551282051282051,0.4551282051282051,0.6790566079306011,0.7163780083976671,0.8882022471910113,results/pending_runs/paper_final/lane0/ViTB16/dermmnist/L40_G40/tralo/seed_3
dermmnist,L40_G40,ViTB16,1,tralo,69.0,89,89,223,2003,84,0.6134162580403976,0.44871794871794873,0.44871794871794873,0.6984590654690827,0.7420964971726044,0.8943820224719101,results/pending_runs/paper_final/lane0/ViTB16/dermmnist/L40_G40/tralo/seed_1
dermmnist,L40_G40,ViTB16,2,tralo,89.0,89,89,223,2003,89,0.6658700910779879,0.48717948717948717,0.48717948717948717,0.7008082741946003,0.7364130720304525,0.8910112359550562,results/pending_runs/paper_final/lane0/ViTB16/dermmnist/L40_G40/tralo/seed_2
dermmnist,L40_G40,ViTB16,4,danits_lp,0.0,89,89,223,2003,140,0.5464360682055407,0.38461538461538464,0.391025641025641,0.6366201542245158,0.669144739138868,0.8578651685393258,results/pending_runs/paper_final/lane0/ViTB16/dermmnist/L40_G40/danits_lp/seed_4
dermmnist,L40_G40,ViTB16,3,danits_lp,0.0,89,89,223,2003,183,0.6176809458391277,0.4551282051282051,0.46153846153846156,0.6428785828406746,0.6706820907238012,0.8488764044943821,results/pending_runs/paper_final/lane0/ViTB16/dermmnist/L40_G40/danits_lp/seed_3
dermmnist,L40_G40,ViTB16,1,danits_lp,0.0,89,89,223,2003,174,0.6023818119998875,0.4423076923076923,0.4423076923076923,0.6697474741303102,0.7086945113670241,0.852808988764045,results/pending_runs/paper_final/lane0/ViTB16/dermmnist/L40_G40/danits_lp/seed_1
dermmnist,L40_G40,ViTB16,2,danits_lp,0.0,89,89,223,2003,144,0.6809264909107381,0.47435897435897434,0.47435897435897434,0.6805673439504244,0.7252443860185916,0.8758426966292134,results/pending_runs/paper_final/lane0/ViTB16/dermmnist/L40_G40/danits_lp/seed_2
dermmnist,L40_G40,ViTB16,4,fioretto_ldf,25.0,89,89,223,2003,69,0.610361239084455,0.44871794871794873,0.44871794871794873,0.6850197018203854,0.7244099445246065,0.8926966292134831,results/pending_runs/paper_final/lane0/ViTB16/dermmnist/L40_G40/fioretto_ldf/seed_4
dermmnist,L40_G40,ViTB16,3,fioretto_ldf,25.0,89,89,223,2003,83,0.6128049554345486,0.46153846153846156,0.46153846153846156,0.6796867500226237,0.7150069195656825,0.8865168539325843,results/pending_runs/paper_final/lane0/ViTB16/dermmnist/L40_G40/fioretto_ldf/seed_3
dermmnist,L40_G40,ViTB16,1,fioretto_ldf,21.0,89,89,223,2003,75,0.6127270803123241,0.44871794871794873,0.44871794871794873,0.6981971085852009,0.7409846585724454,0.8949438202247191,results/pending_runs/paper_final/lane0/ViTB16/dermmnist/L40_G40/fioretto_ldf/seed_1
dermmnist,L40_G40,ViTB16,2,fioretto_ldf,22.0,89,89,223,2003,76,0.6716161713266283,0.4807692307692308,0.4807692307692308,0.6941408989089661,0.7282224713162354,0.8904494382022472,results/pending_runs/paper_final/lane0/ViTB16/dermmnist/L40_G40/fioretto_ldf/seed_2
dermmnist,L40_G40,ViTB16,4,tralo_bounded,67.0,89,89,223,2003,81,0.6119975105523605,0.4551282051282051,0.4551282051282051,0.6847041778531985,0.7220229147873511,0.8904494382022472,results/pending_runs/paper_final/lane0/ViTB16/dermmnist/L40_G40/tralo_bounded/seed_4
dermmnist,L40_G40,ViTB16,3,tralo_bounded,68.0,89,89,223,2003,82,0.6138425392545162,0.44871794871794873,0.44871794871794873,0.6796462167334064,0.7181618181428676,0.8893258426966292,results/pending_runs/paper_final/lane0/ViTB16/dermmnist/L40_G40/tralo_bounded/seed_3
dermmnist,L40_G40,ViTB16,1,tralo_bounded,64.0,89,89,223,2003,85,0.6130144710083536,0.44871794871794873,0.44871794871794873,0.6955000630220631,0.7383949372436237,0.8921348314606742,results/pending_runs/paper_final/lane0/ViTB16/dermmnist/L40_G40/tralo_bounded/seed_1
dermmnist,L40_G40,ViTB16,2,tralo_bounded,65.0,89,89,223,2003,75,0.6695686380418203,0.4807692307692308,0.4807692307692308,0.6929333409958599,0.7262157028140566,0.8898876404494382,results/pending_runs/paper_final/lane0/ViTB16/dermmnist/L40_G40/tralo_bounded/seed_2
dermmnist,L40_G40,ViTB16,4,heuristic,0.0,89,89,223,2003,140,0.5464360682055407,0.391025641025641,0.391025641025641,0.6366201542245158,0.669144739138868,0.8578651685393258,results/pending_runs/paper_final/lane0/ViTB16/dermmnist/L40_G40/heuristic/seed_4
dermmnist,L40_G40,ViTB16,3,heuristic,0.0,89,89,223,2003,183,0.6176809458391277,0.46153846153846156,0.46153846153846156,0.6428785828406746,0.6706820907238012,0.8488764044943821,results/pending_runs/paper_final/lane0/ViTB16/dermmnist/L40_G40/heuristic/seed_3
dermmnist,L40_G40,ViTB16,1,heuristic,0.0,89,89,223,2003,174,0.6023818119998875,0.4423076923076923,0.4423076923076923,0.6697474741303102,0.7086945113670241,0.852808988764045,results/pending_runs/paper_final/lane0/ViTB16/dermmnist/L40_G40/heuristic/seed_1
dermmnist,L40_G40,ViTB16,2,heuristic,0.0,89,89,223,2003,144,0.6809264909107381,0.47435897435897434,0.47435897435897434,0.6805673439504244,0.7252443860185916,0.8758426966292134,results/pending_runs/paper_final/lane0/ViTB16/dermmnist/L40_G40/heuristic/seed_2
dermmnist,L10_G10,ViTB16,4,hounie_rcl,164.0,22,22,223,2003,16,0.5474604594197683,0.17142857142857143,0.17142857142857143,0.6353238601198442,0.7120018626653737,0.8943820224719101,results/pending_runs/paper_final/lane0/ViTB16/dermmnist/L10_G10/hounie_rcl/seed_4
dermmnist,L10_G10,ViTB16,3,hounie_rcl,169.0,22,22,223,2003,19,0.5595886105358042,0.17142857142857143,0.17142857142857143,0.6241370735399095,0.6990878046829767,0.8943820224719101,results/pending_runs/paper_final/lane0/ViTB16/dermmnist/L10_G10/hounie_rcl/seed_3
dermmnist,L10_G10,ViTB16,1,hounie_rcl,152.0,22,22,223,2003,15,0.526435932023727,0.15510204081632653,0.15510204081632653,0.6277671732462141,0.7063803742994903,0.8921348314606742,results/pending_runs/paper_final/lane0/ViTB16/dermmnist/L10_G10/hounie_rcl/seed_1
dermmnist,L10_G10,ViTB16,2,hounie_rcl,142.0,22,22,223,2003,13,0.6054170858976236,0.17142857142857143,0.17142857142857143,0.6224844832848495,0.6961012795481579,0.8910112359550562,results/pending_runs/paper_final/lane0/ViTB16/dermmnist/L10_G10/hounie_rcl/seed_2
dermmnist,L10_G10,ViTB16,4,tralo,97.0,22,22,223,2003,20,0.5536649090705972,0.15510204081632653,0.15510204081632653,0.6414139067108563,0.7218459368764364,0.8977528089887641,results/pending_runs/paper_final/lane0/ViTB16/dermmnist/L10_G10/tralo/seed_4
dermmnist,L10_G10,ViTB16,3,tralo,96.0,22,22,223,2003,21,0.5402189580580431,0.17142857142857143,0.17142857142857143,0.625574254854423,0.7010372059413505,0.8938202247191012,results/pending_runs/paper_final/lane0/ViTB16/dermmnist/L10_G10/tralo/seed_3
dermmnist,L10_G10,ViTB16,1,tralo,91.0,22,22,223,2003,20,0.5234824937608199,0.15510204081632653,0.15510204081632653,0.6312562152727745,0.709991093442878,0.8949438202247191,results/pending_runs/paper_final/lane0/ViTB16/dermmnist/L10_G10/tralo/seed_1
dermmnist,L10_G10,ViTB16,2,tralo,95.0,22,22,223,2003,18,0.5961508667880459,0.17959183673469387,0.17959183673469387,0.6218354217556801,0.6941548962312719,0.8887640449438202,results/pending_runs/paper_final/lane0/ViTB16/dermmnist/L10_G10/tralo/seed_2
dermmnist,L10_G10,ViTB16,4,danits_lp,0.0,22,22,223,2003,140,0.5464360682055407,0.15510204081632653,0.15510204081632653,0.5954205719313368,0.669144739138868,0.8578651685393258,results/pending_runs/paper_final/lane0/ViTB16/dermmnist/L10_G10/danits_lp/seed_4
dermmnist,L10_G10,ViTB16,3,danits_lp,0.0,22,22,223,2003,183,0.6176809458391277,0.16326530612244897,0.16326530612244897,0.5942600990877195,0.6706820907238012,0.8488764044943821,results/pending_runs/paper_final/lane0/ViTB16/dermmnist/L10_G10/danits_lp/seed_3
dermmnist,L10_G10,ViTB16,1,danits_lp,0.0,22,22,223,2003,174,0.6023818119998875,0.15510204081632653,0.1469387755102041,0.6145708832912662,0.7086945113670241,0.852808988764045,results/pending_runs/paper_final/lane0/ViTB16/dermmnist/L10_G10/danits_lp/seed_1
dermmnist,L10_G10,ViTB16,2,danits_lp,0.0,22,22,223,2003,144,0.6809264909107381,0.17142857142857143,0.17142857142857143,0.6268993801686042,0.7252443860185916,0.8758426966292134,results/pending_runs/paper_final/lane0/ViTB16/dermmnist/L10_G10/danits_lp/seed_2
dermmnist,L10_G10,ViTB16,4,fioretto_ldf,36.0,22,22,223,2003,17,0.5344588599587068,0.15510204081632653,0.15510204081632653,0.6428927646797702,0.723238188692417,0.898876404494382,results/pending_runs/paper_final/lane0/ViTB16/dermmnist/L10_G10/fioretto_ldf/seed_4
dermmnist,L10_G10,ViTB16,3,fioretto_ldf,37.0,22,22,223,2003,17,0.5416850839126212,0.17142857142857143,0.17142857142857143,0.6260757203215123,0.701228807721309,0.8915730337078651,results/pending_runs/paper_final/lane0/ViTB16/dermmnist/L10_G10/fioretto_ldf/seed_3
dermmnist,L10_G10,ViTB16,1,fioretto_ldf,299.0,22,22,223,2003,19,0.5289248613369701,0.15510204081632653,0.15510204081632653,0.6319454853558538,0.7104495230686165,0.895505617977528,results/pending_runs/paper_final/lane0/ViTB16/dermmnist/L10_G10/fioretto_ldf/seed_1
dermmnist,L10_G10,ViTB16,2,fioretto_ldf,31.0,22,22,223,2003,10,0.5699388076565262,0.17959183673469387,0.17959183673469387,0.6320944383711663,0.7049523897741539,0.8915730337078651,results/pending_runs/paper_final/lane0/ViTB16/dermmnist/L10_G10/fioretto_ldf/seed_2
dermmnist,L10_G10,ViTB16,4,tralo_bounded,93.0,22,22,223,2003,16,0.5288114968146947,0.15510204081632653,0.15510204081632653,0.6354691343148585,0.7141882029277479,0.897191011235955,results/pending_runs/paper_final/lane0/ViTB16/dermmnist/L10_G10/tralo_bounded/seed_4
dermmnist,L10_G10,ViTB16,3,tralo_bounded,93.0,22,22,223,2003,17,0.5436720649743769,0.17142857142857143,0.17142857142857143,0.625490936729488,0.7005570106775787,0.8932584269662921,results/pending_runs/paper_final/lane0/ViTB16/dermmnist/L10_G10/tralo_bounded/seed_3
dermmnist,L10_G10,ViTB16,1,tralo_bounded,85.0,22,22,223,2003,16,0.522036720407764,0.15510204081632653,0.15510204081632653,0.6260025723989767,0.703595015423777,0.8949438202247191,results/pending_runs/paper_final/lane0/ViTB16/dermmnist/L10_G10/tralo_bounded/seed_1
dermmnist,L10_G10,ViTB16,2,tralo_bounded,86.0,22,22,223,2003,13,0.5849798372187621,0.17142857142857143,0.17959183673469387,0.6226166131313912,0.6948990928658546,0.8887640449438202,results/pending_runs/paper_final/lane0/ViTB16/dermmnist/L10_G10/tralo_bounded/seed_2
dermmnist,L10_G10,ViTB16,4,heuristic,0.0,22,22,223,2003,140,0.5464360682055407,0.15510204081632653,0.15510204081632653,0.5954205719313368,0.669144739138868,0.8578651685393258,results/pending_runs/paper_final/lane0/ViTB16/dermmnist/L10_G10/heuristic/seed_4
dermmnist,L10_G10,ViTB16,3,heuristic,0.0,22,22,223,2003,183,0.6176809458391277,0.16326530612244897,0.16326530612244897,0.5942600990877195,0.6706820907238012,0.8488764044943821,results/pending_runs/paper_final/lane0/ViTB16/dermmnist/L10_G10/heuristic/seed_3
dermmnist,L10_G10,ViTB16,1,heuristic,0.0,22,22,223,2003,174,0.6023818119998875,0.1469387755102041,0.1469387755102041,0.6145708832912662,0.7086945113670241,0.852808988764045,results/pending_runs/paper_final/lane0/ViTB16/dermmnist/L10_G10/heuristic/seed_1
dermmnist,L10_G10,ViTB16,2,heuristic,0.0,22,22,223,2003,144,0.6809264909107381,0.17142857142857143,0.17142857142857143,0.6268993801686042,0.7252443860185916,0.8758426966292134,results/pending_runs/paper_final/lane0/ViTB16/dermmnist/L10_G10/heuristic/seed_2
tissuemnist,L70_G70,ViTB16,4,hounie_rcl,161.0,120,120,171,2400,114,0.427675915884287,0.4329896907216495,0.43986254295532645,0.4830072309915961,0.4901408018304328,0.6061013907581875,results/pending_runs/paper_final/lane0/ViTB16/tissuemnist/L70_G70/hounie_rcl/seed_4
tissuemnist,L70_G70,ViTB16,3,hounie_rcl,100.0,120,120,171,2400,116,0.48079685881351103,0.4536082474226804,0.46048109965635736,0.4842365267233699,0.4880615581723852,0.6087931807985644,results/pending_runs/paper_final/lane0/ViTB16/tissuemnist/L70_G70/hounie_rcl/seed_3
tissuemnist,L70_G70,ViTB16,1,hounie_rcl,94.0,120,120,171,2400,117,0.5080657307687978,0.46048109965635736,0.46048109965635736,0.5018557920015255,0.5080372837673185,0.6092418124719605,results/pending_runs/paper_final/lane0/ViTB16/tissuemnist/L70_G70/hounie_rcl/seed_1
tissuemnist,L70_G70,ViTB16,2,hounie_rcl,122.0,120,120,171,2400,112,0.45271597238791683,0.4879725085910653,0.4879725085910653,0.48833241056941956,0.48892925685919764,0.5935397039030955,results/pending_runs/paper_final/lane0/ViTB16/tissuemnist/L70_G70/hounie_rcl/seed_2
tissuemnist,L70_G70,ViTB16,4,tralo,67.0,120,120,171,2400,103,0.42408919409203405,0.4329896907216495,0.4329896907216495,0.4810738098576961,0.49072122296258236,0.6101390758187528,results/pending_runs/paper_final/lane0/ViTB16/tissuemnist/L70_G70/tralo/seed_4
tissuemnist,L70_G70,ViTB16,3,tralo,75.0,120,120,171,2400,115,0.4941124447667358,0.46048109965635736,0.46048109965635736,0.4756275090702954,0.47909257448472803,0.591745177209511,results/pending_runs/paper_final/lane0/ViTB16/tissuemnist/L70_G70/tralo/seed_3
tissuemnist,L70_G70,ViTB16,1,tralo,64.0,120,120,171,2400,118,0.5018858980338713,0.46735395189003437,0.46735395189003437,0.5026612569420008,0.5079615068387974,0.6083445491251682,results/pending_runs/paper_final/lane0/ViTB16/tissuemnist/L70_G70/tralo/seed_1
tissuemnist,L70_G70,ViTB16,2,tralo,61.0,120,120,171,2400,112,0.458801226045607,0.4879725085910653,0.4879725085910653,0.4888757511842716,0.4885521417413975,0.5890533871691341,results/pending_runs/paper_final/lane0/ViTB16/tissuemnist/L70_G70/tralo/seed_2
tissuemnist,L70_G70,ViTB16,4,danits_lp,0.0,120,120,171,2400,150,0.43798497920642665,0.43986254295532645,0.44673539518900346,0.44381326358387974,0.4438178462106946,0.5563032750112158,results/pending_runs/paper_final/lane0/ViTB16/tissuemnist/L70_G70/danits_lp/seed_4
tissuemnist,L70_G70,ViTB16,3,danits_lp,0.0,120,120,171,2400,147,0.49104628797424765,0.46048109965635736,0.46048109965635736,0.4556924385921153,0.4549243145577392,0.5648272768057425,results/pending_runs/paper_final/lane0/ViTB16/tissuemnist/L70_G70/danits_lp/seed_3
tissuemnist,L70_G70,ViTB16,1,danits_lp,0.0,120,120,171,2400,212,0.4986443597802165,0.4879725085910653,0.4879725085910653,0.4885086824996433,0.48284375693905507,0.5895020188425303,results/pending_runs/paper_final/lane0/ViTB16/tissuemnist/L70_G70/danits_lp/seed_1
tissuemnist,L70_G70,ViTB16,2,danits_lp,0.0,120,120,171,2400,122,0.46898510574782415,0.48951048951048953,0.4948453608247423,0.477537641843489,0.47520347220176806,0.5872588604755495,results/pending_runs/paper_final/lane0/ViTB16/tissuemnist/L70_G70/danits_lp/seed_2
tissuemnist,L70_G70,ViTB16,4,fioretto_ldf,9.0,120,120,171,2400,111,0.42719451295510386,0.43986254295532645,0.43986254295532645,0.48314706109527067,0.48926712132340794,0.6065500224315836,results/pending_runs/paper_final/lane0/ViTB16/tissuemnist/L70_G70/fioretto_ldf/seed_4
tissuemnist,L70_G70,ViTB16,3,fioretto_ldf,299.0,120,120,171,2400,103,0.49460346356739177,0.4742268041237113,0.4742268041237113,0.47555290201987477,0.47426215908902364,0.5921938088829072,results/pending_runs/paper_final/lane0/ViTB16/tissuemnist/L70_G70/fioretto_ldf/seed_3
tissuemnist,L70_G70,ViTB16,1,fioretto_ldf,15.0,120,120,171,2400,107,0.5033122993809471,0.46048109965635736,0.46048109965635736,0.5007828478671624,0.5051283312257276,0.6083445491251682,results/pending_runs/paper_final/lane0/ViTB16/tissuemnist/L70_G70/fioretto_ldf/seed_1
tissuemnist,L70_G70,ViTB16,2,fioretto_ldf,12.0,120,120,171,2400,102,0.4554030162321519,0.4879725085910653,0.4879725085910653,0.48975317904523186,0.49057069757452254,0.5908479138627187,results/pending_runs/paper_final/lane0/ViTB16/tissuemnist/L70_G70/fioretto_ldf/seed_2
tissuemnist,L70_G70,ViTB16,4,tralo_bounded,63.0,120,120,171,2400,112,0.4273650679981059,0.43986254295532645,0.43986254295532645,0.48349548454108127,0.48991691221782946,0.6069986541049798,results/pending_runs/paper_final/lane0/ViTB16/tissuemnist/L70_G70/tralo_bounded/seed_4
tissuemnist,L70_G70,ViTB16,3,tralo_bounded,64.0,120,120,171,2400,100,0.49434308881217814,0.4742268041237113,0.4742268041237113,0.4750635043558056,0.4731210357132386,0.591745177209511,results/pending_runs/paper_final/lane0/ViTB16/tissuemnist/L70_G70/tralo_bounded/seed_3
tissuemnist,L70_G70,ViTB16,1,tralo_bounded,61.0,120,120,171,2400,112,0.5060464187580385,0.46048109965635736,0.46048109965635736,0.5012264338401771,0.5070578273236775,0.6087931807985644,results/pending_runs/paper_final/lane0/ViTB16/tissuemnist/L70_G70/tralo_bounded/seed_1
tissuemnist,L70_G70,ViTB16,2,tralo_bounded,61.0,120,120,171,2400,107,0.45705963576802083,0.48109965635738833,0.48109965635738833,0.48889407251602224,0.491761265072952,0.5908479138627187,results/pending_runs/paper_final/lane0/ViTB16/tissuemnist/L70_G70/tralo_bounded/seed_2
tissuemnist,L70_G70,ViTB16,4,heuristic,0.0,120,120,171,2400,150,0.43798497920642665,0.44673539518900346,0.44673539518900346,0.44381326358387974,0.4438178462106946,0.5563032750112158,results/pending_runs/paper_final/lane0/ViTB16/tissuemnist/L70_G70/heuristic/seed_4
tissuemnist,L70_G70,ViTB16,3,heuristic,0.0,120,120,171,2400,147,0.49104628797424765,0.46048109965635736,0.46048109965635736,0.4556924385921153,0.4549243145577392,0.5648272768057425,results/pending_runs/paper_final/lane0/ViTB16/tissuemnist/L70_G70/heuristic/seed_3
tissuemnist,L70_G70,ViTB16,1,heuristic,0.0,120,120,171,2400,212,0.4986443597802165,0.4879725085910653,0.4879725085910653,0.4885086824996433,0.48284375693905507,0.5895020188425303,results/pending_runs/paper_final/lane0/ViTB16/tissuemnist/L70_G70/heuristic/seed_1
tissuemnist,L70_G70,ViTB16,2,heuristic,0.0,120,120,171,2400,122,0.46898510574782415,0.4948453608247423,0.4948453608247423,0.477537641843489,0.47520347220176806,0.5872588604755495,results/pending_runs/paper_final/lane0/ViTB16/tissuemnist/L70_G70/heuristic/seed_2
tissuemnist,L40_G40,ViTB16,4,hounie_rcl,179.0,68,68,171,2400,63,0.4117507622216239,0.3247863247863248,0.34309623430962344,0.46535216111456795,0.4818556439002992,0.6092418124719605,results/pending_runs/paper_final/lane0/ViTB16/tissuemnist/L40_G40/hounie_rcl/seed_4
tissuemnist,L40_G40,ViTB16,3,hounie_rcl,120.0,68,68,171,2400,61,0.4824177809894357,0.3620689655172414,0.37656903765690375,0.45973580351998655,0.4705881118257126,0.5944369672498878,results/pending_runs/paper_final/lane0/ViTB16/tissuemnist/L40_G40/hounie_rcl/seed_3
tissuemnist,L40_G40,ViTB16,1,hounie_rcl,135.0,68,68,171,2400,64,0.4755615545389775,0.3829787234042553,0.4100418410041841,0.4870977522877499,0.4978301453507884,0.6119336025123374,results/pending_runs/paper_final/lane0/ViTB16/tissuemnist/L40_G40/hounie_rcl/seed_1
tissuemnist,L40_G40,ViTB16,2,hounie_rcl,153.0,68,68,171,2400,62,0.43598384362983855,0.34334763948497854,0.37656903765690375,0.47829490510533057,0.49164427054052495,0.5971287572902647,results/pending_runs/paper_final/lane0/ViTB16/tissuemnist/L40_G40/hounie_rcl/seed_2
tissuemnist,L40_G40,ViTB16,4,tralo,71.0,68,68,171,2400,65,0.4083746237457092,0.3305084745762712,0.34309623430962344,0.47141407503122146,0.4892581623512087,0.6114849708389413,results/pending_runs/paper_final/lane0/ViTB16/tissuemnist/L40_G40/tralo/seed_4
tissuemnist,L40_G40,ViTB16,3,tralo,65.0,68,68,171,2400,64,0.48202809046460415,0.3829787234042553,0.38493723849372385,0.4612929399467987,0.4715550660150597,0.5953342305966801,results/pending_runs/paper_final/lane0/ViTB16/tissuemnist/L40_G40/tralo/seed_3
tissuemnist,L40_G40,ViTB16,1,tralo,71.0,68,68,171,2400,68,0.47027006943317473,0.4100418410041841,0.4100418410041841,0.4911302214846043,0.50271427583895,0.6119336025123374,results/pending_runs/paper_final/lane0/ViTB16/tissuemnist/L40_G40/tralo/seed_1
tissuemnist,L40_G40,ViTB16,2,tralo,70.0,68,68,171,2400,67,0.42969050239783024,0.3697478991596639,0.37656903765690375,0.476509120700218,0.49106243385185383,0.5971287572902647,results/pending_runs/paper_final/lane0/ViTB16/tissuemnist/L40_G40/tralo/seed_2
tissuemnist,L40_G40,ViTB16,4,danits_lp,0.0,68,68,171,2400,150,0.43798497920642665,0.33472803347280333,0.34309623430962344,0.4327843940692637,0.4438178462106946,0.5563032750112158,results/pending_runs/paper_final/lane0/ViTB16/tissuemnist/L40_G40/danits_lp/seed_4
tissuemnist,L40_G40,ViTB16,3,danits_lp,0.0,68,68,171,2400,147,0.49104628797424765,0.38493723849372385,0.38493723849372385,0.4467277968504584,0.4549243145577392,0.5648272768057425,results/pending_runs/paper_final/lane0/ViTB16/tissuemnist/L40_G40/danits_lp/seed_3
tissuemnist,L40_G40,ViTB16,1,danits_lp,0.0,68,68,171,2400,212,0.4986443597802165,0.37656903765690375,0.37656903765690375,0.4748691031858241,0.48284375693905507,0.5895020188425303,results/pending_runs/paper_final/lane0/ViTB16/tissuemnist/L40_G40/danits_lp/seed_1
tissuemnist,L40_G40,ViTB16,2,danits_lp,0.0,68,68,171,2400,122,0.46898510574782415,0.401673640167364,0.401673640167364,0.46428546883518473,0.47520347220176806,0.5872588604755495,results/pending_runs/paper_final/lane0/ViTB16/tissuemnist/L40_G40/danits_lp/seed_2
tissuemnist,L40_G40,ViTB16,4,fioretto_ldf,299.0,68,68,171,2400,67,0.4117944490953374,0.3291139240506329,0.3514644351464435,0.4685665365058892,0.4839466076812946,0.6092418124719605,results/pending_runs/paper_final/lane0/ViTB16/tissuemnist/L40_G40/fioretto_ldf/seed_4
tissuemnist,L40_G40,ViTB16,3,fioretto_ldf,21.0,68,68,171,2400,59,0.47772913141780865,0.3652173913043478,0.37656903765690375,0.46415949385105804,0.4756257775771046,0.598026020637057,results/pending_runs/paper_final/lane0/ViTB16/tissuemnist/L40_G40/fioretto_ldf/seed_3
tissuemnist,L40_G40,ViTB16,1,fioretto_ldf,22.0,68,68,171,2400,67,0.47381498783905807,0.40336134453781514,0.4100418410041841,0.4885168154988942,0.49997494203308684,0.6137281292059219,results/pending_runs/paper_final/lane0/ViTB16/tissuemnist/L40_G40/fioretto_ldf/seed_1
tissuemnist,L40_G40,ViTB16,2,fioretto_ldf,21.0,68,68,171,2400,56,0.43021464763543427,0.32599118942731276,0.37656903765690375,0.479473686216333,0.49241856115732047,0.6002691790040376,results/pending_runs/paper_final/lane0/ViTB16/tissuemnist/L40_G40/fioretto_ldf/seed_2
tissuemnist,L40_G40,ViTB16,4,tralo_bounded,350.0,68,68,171,2400,67,0.4118217595440737,0.3291139240506329,0.3514644351464435,0.4677374233397126,0.4829753832340325,0.6087931807985644,results/pending_runs/paper_final/lane0/ViTB16/tissuemnist/L40_G40/tralo_bounded/seed_4
tissuemnist,L40_G40,ViTB16,3,tralo_bounded,65.0,68,68,171,2400,59,0.4779922158255031,0.3652173913043478,0.37656903765690375,0.4616346981464954,0.4727022715041841,0.5971287572902647,results/pending_runs/paper_final/lane0/ViTB16/tissuemnist/L40_G40/tralo_bounded/seed_3
tissuemnist,L40_G40,ViTB16,1,tralo_bounded,350.0,68,68,171,2400,68,0.474425144991828,0.40336134453781514,0.4100418410041841,0.48850782383364943,0.4998034607453423,0.6114849708389413,results/pending_runs/paper_final/lane0/ViTB16/tissuemnist/L40_G40/tralo_bounded/seed_1
tissuemnist,L40_G40,ViTB16,2,tralo_bounded,65.0,68,68,171,2400,60,0.4315233403227224,0.3463203463203463,0.37656903765690375,0.476268990642567,0.48946572839331737,0.598026020637057,results/pending_runs/paper_final/lane0/ViTB16/tissuemnist/L40_G40/tralo_bounded/seed_2
tissuemnist,L40_G40,ViTB16,4,heuristic,0.0,68,68,171,2400,150,0.43798497920642665,0.34309623430962344,0.34309623430962344,0.4327843940692637,0.4438178462106946,0.5563032750112158,results/pending_runs/paper_final/lane0/ViTB16/tissuemnist/L40_G40/heuristic/seed_4
tissuemnist,L40_G40,ViTB16,3,heuristic,0.0,68,68,171,2400,147,0.49104628797424765,0.38493723849372385,0.38493723849372385,0.4467277968504584,0.4549243145577392,0.5648272768057425,results/pending_runs/paper_final/lane0/ViTB16/tissuemnist/L40_G40/heuristic/seed_3
tissuemnist,L40_G40,ViTB16,1,heuristic,0.0,68,68,171,2400,212,0.4986443597802165,0.37656903765690375,0.37656903765690375,0.4748691031858241,0.48284375693905507,0.5895020188425303,results/pending_runs/paper_final/lane0/ViTB16/tissuemnist/L40_G40/heuristic/seed_1
tissuemnist,L40_G40,ViTB16,2,heuristic,0.0,68,68,171,2400,122,0.46898510574782415,0.401673640167364,0.401673640167364,0.46428546883518473,0.47520347220176806,0.5872588604755495,results/pending_runs/paper_final/lane0/ViTB16/tissuemnist/L40_G40/heuristic/seed_2
tissuemnist,L10_G10,ViTB16,4,hounie_rcl,270.0,17,17,171,2400,14,0.34910042100389044,0.1276595744680851,0.1276595744680851,0.44020672111933234,0.4848397780459666,0.6173171825930911,results/pending_runs/paper_final/lane0/ViTB16/tissuemnist/L10_G10/hounie_rcl/seed_4
tissuemnist,L10_G10,ViTB16,3,hounie_rcl,210.0,17,17,171,2400,16,0.4190447116224061,0.14893617021276595,0.14893617021276595,0.4315519265500979,0.47177512267639937,0.6029609690444145,results/pending_runs/paper_final/lane0/ViTB16/tissuemnist/L10_G10/hounie_rcl/seed_3
tissuemnist,L10_G10,ViTB16,1,hounie_rcl,195.0,17,17,171,2400,16,0.3925538247925854,0.1276595744680851,0.1276595744680851,0.4424405496322039,0.4870244887746294,0.6132794975325258,results/pending_runs/paper_final/lane0/ViTB16/tissuemnist/L10_G10/hounie_rcl/seed_1
tissuemnist,L10_G10,ViTB16,2,hounie_rcl,207.0,17,17,171,2400,15,0.37151080507432105,0.1276595744680851,0.1276595744680851,0.43497511102767505,0.47864044933304706,0.5984746523104532,results/pending_runs/paper_final/lane0/ViTB16/tissuemnist/L10_G10/hounie_rcl/seed_2
tissuemnist,L10_G10,ViTB16,4,tralo,98.0,17,17,171,2400,15,0.3371048083371638,0.11702127659574468,0.11702127659574468,0.43519797117559544,0.48140457811960946,0.6146253925527142,results/pending_runs/paper_final/lane0/ViTB16/tissuemnist/L10_G10/tralo/seed_4
tissuemnist,L10_G10,ViTB16,3,tralo,97.0,17,17,171,2400,16,0.39886811006839007,0.1276595744680851,0.1276595744680851,0.42689043400745585,0.4697483901431969,0.6007178106774338,results/pending_runs/paper_final/lane0/ViTB16/tissuemnist/L10_G10/tralo/seed_3
tissuemnist,L10_G10,ViTB16,1,tralo,98.0,17,17,171,2400,15,0.3746713503386398,0.11702127659574468,0.11702127659574468,0.4382803418568395,0.4839598485169864,0.6119336025123374,results/pending_runs/paper_final/lane0/ViTB16/tissuemnist/L10_G10/tralo/seed_1
tissuemnist,L10_G10,ViTB16,2,tralo,97.0,17,17,171,2400,17,0.35605600740433113,0.1276595744680851,0.1276595744680851,0.43122631044168347,0.47459298700934044,0.5962314939434724,results/pending_runs/paper_final/lane0/ViTB16/tissuemnist/L10_G10/tralo/seed_2
tissuemnist,L10_G10,ViTB16,4,danits_lp,0.0,17,17,171,2400,150,0.43798497920642665,0.14893617021276595,0.14893617021276595,0.40625868252927977,0.4438178462106946,0.5563032750112158,results/pending_runs/paper_final/lane0/ViTB16/tissuemnist/L10_G10/danits_lp/seed_4
tissuemnist,L10_G10,ViTB16,3,danits_lp,0.0,17,17,171,2400,147,0.49104628797424765,0.1276595744680851,0.1276595744680851,0.4108985428508054,0.4549243145577392,0.5648272768057425,results/pending_runs/paper_final/lane0/ViTB16/tissuemnist/L10_G10/danits_lp/seed_3
tissuemnist,L10_G10,ViTB16,1,danits_lp,0.0,17,17,171,2400,212,0.4986443597802165,0.13829787234042554,0.13829787234042554,0.44376828836753524,0.48284375693905507,0.5895020188425303,results/pending_runs/paper_final/lane0/ViTB16/tissuemnist/L10_G10/danits_lp/seed_1
tissuemnist,L10_G10,ViTB16,2,danits_lp,0.0,17,17,171,2400,122,0.46898510574782415,0.11702127659574468,0.11702127659574468,0.42478577680555774,0.47520347220176806,0.5872588604755495,results/pending_runs/paper_final/lane0/ViTB16/tissuemnist/L10_G10/danits_lp/seed_2
tissuemnist,L10_G10,ViTB16,4,fioretto_ldf,31.0,17,17,171,2400,14,0.3376119317075634,0.1276595744680851,0.1276595744680851,0.4453302610823713,0.4907775576470132,0.6195603409600717,results/pending_runs/paper_final/lane0/ViTB16/tissuemnist/L10_G10/fioretto_ldf/seed_4
tissuemnist,L10_G10,ViTB16,3,fioretto_ldf,29.0,17,17,171,2400,13,0.40116207379728125,0.1276595744680851,0.1276595744680851,0.4272084492111794,0.47029656624758776,0.6016150740242261,results/pending_runs/paper_final/lane0/ViTB16/tissuemnist/L10_G10/fioretto_ldf/seed_3
tissuemnist,L10_G10,ViTB16,1,fioretto_ldf,28.0,17,17,171,2400,13,0.3645750360149182,0.11702127659574468,0.11702127659574468,0.4375849508704682,0.48441657089140755,0.6123822341857336,results/pending_runs/paper_final/lane0/ViTB16/tissuemnist/L10_G10/fioretto_ldf/seed_1
tissuemnist,L10_G10,ViTB16,2,fioretto_ldf,27.0,17,17,171,2400,12,0.35061478662691703,0.1276595744680851,0.1276595744680851,0.4324074658004877,0.4749020779122149,0.598026020637057,results/pending_runs/paper_final/lane0/ViTB16/tissuemnist/L10_G10/fioretto_ldf/seed_2
tissuemnist,L10_G10,ViTB16,4,tralo_bounded,94.0,17,17,171,2400,14,0.334885076076247,0.11702127659574468,0.11702127659574468,0.4405639618128573,0.487376259356162,0.6177658142664872,results/pending_runs/paper_final/lane0/ViTB16/tissuemnist/L10_G10/tralo_bounded/seed_4
tissuemnist,L10_G10,ViTB16,3,tralo_bounded,92.0,17,17,171,2400,11,0.3909836549836493,0.1276595744680851,0.1276595744680851,0.42569334765514943,0.4682151160786313,0.6011664423508299,results/pending_runs/paper_final/lane0/ViTB16/tissuemnist/L10_G10/tralo_bounded/seed_3
tissuemnist,L10_G10,ViTB16,1,tralo_bounded,94.0,17,17,171,2400,12,0.3642289200925802,0.11702127659574468,0.11702127659574468,0.435865842768169,0.48208244278020956,0.6119336025123374,results/pending_runs/paper_final/lane0/ViTB16/tissuemnist/L10_G10/tralo_bounded/seed_1
tissuemnist,L10_G10,ViTB16,2,tralo_bounded,91.0,17,17,171,2400,11,0.34453981493689345,0.11702127659574468,0.11702127659574468,0.43236937225492417,0.4764674043212949,0.5989232839838493,results/pending_runs/paper_final/lane0/ViTB16/tissuemnist/L10_G10/tralo_bounded/seed_2
tissuemnist,L10_G10,ViTB16,4,heuristic,0.0,17,17,171,2400,150,0.43798497920642665,0.14893617021276595,0.14893617021276595,0.40625868252927977,0.4438178462106946,0.5563032750112158,results/pending_runs/paper_final/lane0/ViTB16/tissuemnist/L10_G10/heuristic/seed_4
tissuemnist,L10_G10,ViTB16,3,heuristic,0.0,17,17,171,2400,147,0.49104628797424765,0.1276595744680851,0.1276595744680851,0.4108985428508054,0.4549243145577392,0.5648272768057425,results/pending_runs/paper_final/lane0/ViTB16/tissuemnist/L10_G10/heuristic/seed_3
tissuemnist,L10_G10,ViTB16,1,heuristic,0.0,17,17,171,2400,212,0.4986443597802165,0.13829787234042554,0.13829787234042554,0.44376828836753524,0.48284375693905507,0.5895020188425303,results/pending_runs/paper_final/lane0/ViTB16/tissuemnist/L10_G10/heuristic/seed_1
tissuemnist,L10_G10,ViTB16,2,heuristic,0.0,17,17,171,2400,122,0.46898510574782415,0.11702127659574468,0.11702127659574468,0.42478577680555774,0.47520347220176806,0.5872588604755495,results/pending_runs/paper_final/lane0/ViTB16/tissuemnist/L10_G10/heuristic/seed_2
octmnist,L70_G70,ViTB16,4,hounie_rcl,80.0,175,174,250,1000,150,0.7912697494692271,0.660377358490566,0.660377358490566,0.8050308885285651,0.853340949807135,0.9093333333333333,results/pending_runs/paper_final/lane0/ViTB16/octmnist/L70_G70/hounie_rcl/seed_4
octmnist,L70_G70,ViTB16,3,hounie_rcl,4.0,175,174,250,1000,155,0.7970088553314648,0.6698113207547169,0.6698113207547169,0.811855156602721,0.8556296710229576,0.9093333333333333,results/pending_runs/paper_final/lane0/ViTB16/octmnist/L70_G70/hounie_rcl/seed_3
octmnist,L70_G70,ViTB16,1,hounie_rcl,100.0,175,174,250,1000,167,0.8052352322343915,0.6745283018867925,0.6745283018867925,0.8107793233226324,0.8574405556790367,0.904,results/pending_runs/paper_final/lane0/ViTB16/octmnist/L70_G70/hounie_rcl/seed_1
octmnist,L70_G70,ViTB16,2,hounie_rcl,112.0,175,174,250,1000,149,0.8062730548525944,0.6745283018867925,0.6745283018867925,0.7892922145412848,0.8250112810666411,0.88,results/pending_runs/paper_final/lane0/ViTB16/octmnist/L70_G70/hounie_rcl/seed_2
octmnist,L70_G70,ViTB16,4,tralo,77.0,175,174,250,1000,173,0.7933335541868635,0.660377358490566,0.660377358490566,0.8033551975970206,0.8517000021307509,0.8946666666666667,results/pending_runs/paper_final/lane0/ViTB16/octmnist/L70_G70/tralo/seed_4
octmnist,L70_G70,ViTB16,3,tralo,54.0,175,174,250,1000,158,0.7936530176052108,0.6745283018867925,0.6745283018867925,0.8110733996509895,0.8560472117303521,0.908,results/pending_runs/paper_final/lane0/ViTB16/octmnist/L70_G70/tralo/seed_3
octmnist,L70_G70,ViTB16,1,tralo,350.0,175,174,250,1000,172,0.8040079611674096,0.6745283018867925,0.6745283018867925,0.8126400442718664,0.8575970464349402,0.9013333333333333,results/pending_runs/paper_final/lane0/ViTB16/octmnist/L70_G70/tralo/seed_1
octmnist,L70_G70,ViTB16,2,tralo,83.0,175,174,250,1000,171,0.8130934179481087,0.6792452830188679,0.6792452830188679,0.7944865464277855,0.8327049542260525,0.876,results/pending_runs/paper_final/lane0/ViTB16/octmnist/L70_G70/tralo/seed_2
octmnist,L70_G70,ViTB16,4,danits_lp,0.0,175,174,250,1000,156,0.7989067120918417,0.6534653465346535,0.6698113207547169,0.7943248721088956,0.8365197293014602,0.8893333333333333,results/pending_runs/paper_final/lane0/ViTB16/octmnist/L70_G70/danits_lp/seed_4
octmnist,L70_G70,ViTB16,3,danits_lp,0.0,175,174,250,1000,166,0.8157757544963867,0.6586538461538461,0.6745283018867925,0.8070374979664361,0.8496371303257529,0.8973333333333333,results/pending_runs/paper_final/lane0/ViTB16/octmnist/L70_G70/danits_lp/seed_3
octmnist,L70_G70,ViTB16,1,danits_lp,0.0,175,174,250,1000,185,0.7910338626036266,0.6367924528301887,0.6462264150943396,0.7888137925061836,0.8380445745653748,0.876,results/pending_runs/paper_final/lane0/ViTB16/octmnist/L70_G70/danits_lp/seed_1
octmnist,L70_G70,ViTB16,2,danits_lp,0.0,175,174,250,1000,165,0.8128095948005685,0.6650366748166259,0.6933962264150944,0.7907698683947222,0.8193731337840223,0.864,results/pending_runs/paper_final/lane0/ViTB16/octmnist/L70_G70/danits_lp/seed_2
octmnist,L70_G70,ViTB16,4,fioretto_ldf,7.0,175,174,250,1000,146,0.7900805489196586,0.660377358490566,0.660377358490566,0.8041392927800926,0.8502074553545141,0.908,results/pending_runs/paper_final/lane0/ViTB16/octmnist/L70_G70/fioretto_ldf/seed_4
octmnist,L70_G70,ViTB16,3,fioretto_ldf,4.0,175,174,250,1000,155,0.7970009848489616,0.6698113207547169,0.6698113207547169,0.811855156602721,0.8556296710229576,0.9093333333333333,results/pending_runs/paper_final/lane0/ViTB16/octmnist/L70_G70/fioretto_ldf/seed_3
octmnist,L70_G70,ViTB16,1,fioretto_ldf,9.0,175,174,250,1000,160,0.8036353107352907,0.6745283018867925,0.6745283018867925,0.8107793233226324,0.8538707795160473,0.904,results/pending_runs/paper_final/lane0/ViTB16/octmnist/L70_G70/fioretto_ldf/seed_1
octmnist,L70_G70,ViTB16,2,fioretto_ldf,8.0,175,174,250,1000,146,0.8048512704817992,0.6792452830188679,0.6792452830188679,0.7914120101092501,0.8236564921450417,0.88,results/pending_runs/paper_final/lane0/ViTB16/octmnist/L70_G70/fioretto_ldf/seed_2
octmnist,L70_G70,ViTB16,4,tralo_bounded,61.0,175,174,250,1000,148,0.7907247199968317,0.660377358490566,0.660377358490566,0.8041392927800926,0.8511672566191936,0.908,results/pending_runs/paper_final/lane0/ViTB16/octmnist/L70_G70/tralo_bounded/seed_4
octmnist,L70_G70,ViTB16,3,tralo_bounded,54.0,175,174,250,1000,155,0.7969398723793796,0.6698113207547169,0.6698113207547169,0.811855156602721,0.8556296710229576,0.9093333333333333,results/pending_runs/paper_final/lane0/ViTB16/octmnist/L70_G70/tralo_bounded/seed_3
octmnist,L70_G70,ViTB16,1,tralo_bounded,65.0,175,174,250,1000,163,0.8042264816664567,0.6745283018867925,0.6745283018867925,0.8107793233226324,0.8554220913877179,0.904,results/pending_runs/paper_final/lane0/ViTB16/octmnist/L70_G70/tralo_bounded/seed_1
octmnist,L70_G70,ViTB16,2,tralo_bounded,350.0,175,174,250,1000,151,0.8055170040543757,0.6792452830188679,0.6792452830188679,0.7914120101092501,0.8233775128052384,0.8773333333333333,results/pending_runs/paper_final/lane0/ViTB16/octmnist/L70_G70/tralo_bounded/seed_2
octmnist,L70_G70,ViTB16,4,heuristic,0.0,175,174,250,1000,156,0.7989067120918417,0.6698113207547169,0.6698113207547169,0.7943248721088956,0.8365197293014602,0.8893333333333333,results/pending_runs/paper_final/lane0/ViTB16/octmnist/L70_G70/heuristic/seed_4
octmnist,L70_G70,ViTB16,3,heuristic,0.0,175,174,250,1000,166,0.8157757544963867,0.6745283018867925,0.6745283018867925,0.8070374979664361,0.8496371303257529,0.8973333333333333,results/pending_runs/paper_final/lane0/ViTB16/octmnist/L70_G70/heuristic/seed_3
octmnist,L70_G70,ViTB16,1,heuristic,0.0,175,174,250,1000,185,0.7910338626036266,0.6462264150943396,0.6462264150943396,0.7888137925061836,0.8380445745653748,0.876,results/pending_runs/paper_final/lane0/ViTB16/octmnist/L70_G70/heuristic/seed_1
octmnist,L70_G70,ViTB16,2,heuristic,0.0,175,174,250,1000,165,0.8128095948005685,0.6933962264150944,0.6933962264150944,0.7907698683947222,0.8193731337840223,0.864,results/pending_runs/paper_final/lane0/ViTB16/octmnist/L70_G70/heuristic/seed_2
octmnist,L40_G40,ViTB16,4,hounie_rcl,110.0,100,100,250,1000,77,0.7315106072145608,0.43425076452599387,0.5085714285714286,0.7547576602491253,0.8312139755528548,0.9226666666666666,results/pending_runs/paper_final/lane0/ViTB16/octmnist/L40_G40/hounie_rcl/seed_4
octmnist,L40_G40,ViTB16,3,hounie_rcl,92.0,100,100,250,1000,86,0.7543215866550887,0.47023809523809523,0.5142857142857142,0.7521809523809523,0.8277022965474066,0.9133333333333333,results/pending_runs/paper_final/lane0/ViTB16/octmnist/L40_G40/hounie_rcl/seed_3
octmnist,L40_G40,ViTB16,1,hounie_rcl,115.0,100,100,250,1000,67,0.7428892316766625,0.3911671924290221,0.49142857142857144,0.7464920469710805,0.8217003615429587,0.916,results/pending_runs/paper_final/lane0/ViTB16/octmnist/L40_G40/hounie_rcl/seed_1
octmnist,L40_G40,ViTB16,2,hounie_rcl,137.0,100,100,250,1000,72,0.7590718289056845,0.42857142857142855,0.5371428571428571,0.742493802613154,0.8021200952259987,0.892,results/pending_runs/paper_final/lane0/ViTB16/octmnist/L40_G40/hounie_rcl/seed_2
octmnist,L40_G40,ViTB16,4,tralo,75.0,100,100,250,1000,100,0.7659113351801573,0.52,0.52,0.7602394647924806,0.840319286389974,0.9213333333333333,results/pending_runs/paper_final/lane0/ViTB16/octmnist/L40_G40/tralo/seed_4
octmnist,L40_G40,ViTB16,3,tralo,83.0,100,100,250,1000,100,0.7713284910869748,0.52,0.52,0.7559214334208003,0.8345619112277337,0.9146666666666666,results/pending_runs/paper_final/lane0/ViTB16/octmnist/L40_G40/tralo/seed_3
octmnist,L40_G40,ViTB16,1,tralo,78.0,100,100,250,1000,96,0.7696655955862961,0.48554913294797686,0.49714285714285716,0.7486660451580658,0.8319169436082889,0.9133333333333333,results/pending_runs/paper_final/lane0/ViTB16/octmnist/L40_G40/tralo/seed_1
octmnist,L40_G40,ViTB16,2,tralo,77.0,100,100,250,1000,97,0.7939252954623203,0.5244956772334294,0.5371428571428571,0.7467896821238234,0.8153008338940694,0.896,results/pending_runs/paper_final/lane0/ViTB16/octmnist/L40_G40/tralo/seed_2
octmnist,L40_G40,ViTB16,4,danits_lp,0.0,100,100,250,1000,156,0.7989067120918417,0.5257142857142857,0.5257142857142857,0.7460935942005551,0.8365197293014602,0.8893333333333333,results/pending_runs/paper_final/lane0/ViTB16/octmnist/L40_G40/danits_lp/seed_4
octmnist,L40_G40,ViTB16,3,danits_lp,0.0,100,100,250,1000,166,0.8157757544963867,0.5314285714285715,0.5314285714285715,0.7603019548095351,0.8496371303257529,0.8973333333333333,results/pending_runs/paper_final/lane0/ViTB16/octmnist/L40_G40/danits_lp/seed_3
octmnist,L40_G40,ViTB16,1,danits_lp,0.0,100,100,250,1000,185,0.7910338626036266,0.5028571428571429,0.5028571428571429,0.7378815886264378,0.8380445745653748,0.876,results/pending_runs/paper_final/lane0/ViTB16/octmnist/L40_G40/danits_lp/seed_1
octmnist,L40_G40,ViTB16,2,danits_lp,0.0,100,100,250,1000,165,0.8128095948005685,0.5485714285714286,0.5485714285714286,0.7416148755805756,0.8193731337840223,0.864,results/pending_runs/paper_final/lane0/ViTB16/octmnist/L40_G40/danits_lp/seed_2
octmnist,L40_G40,ViTB16,4,fioretto_ldf,24.0,100,100,250,1000,79,0.728195221698532,0.44376899696048633,0.5085714285714286,0.75566060798904,0.8332239922684481,0.924,results/pending_runs/paper_final/lane0/ViTB16/octmnist/L40_G40/fioretto_ldf/seed_4
octmnist,L40_G40,ViTB16,3,fioretto_ldf,299.0,100,100,250,1000,91,0.7642077266797846,0.48823529411764705,0.5142857142857142,0.7582827498588368,0.8369041491110853,0.9213333333333333,results/pending_runs/paper_final/lane0/ViTB16/octmnist/L40_G40/fioretto_ldf/seed_3
octmnist,L40_G40,ViTB16,1,fioretto_ldf,27.0,100,100,250,1000,79,0.755614769971025,0.44376899696048633,0.5028571428571429,0.7528203934711103,0.8291557732201958,0.9186666666666666,results/pending_runs/paper_final/lane0/ViTB16/octmnist/L40_G40/fioretto_ldf/seed_1
octmnist,L40_G40,ViTB16,2,fioretto_ldf,299.0,100,100,250,1000,82,0.766866558557488,0.47129909365558914,0.5371428571428571,0.743512255894758,0.8058901172986096,0.892,results/pending_runs/paper_final/lane0/ViTB16/octmnist/L40_G40/fioretto_ldf/seed_2
octmnist,L40_G40,ViTB16,4,tralo_bounded,68.0,100,100,250,1000,83,0.7311733690559709,0.45645645645645644,0.5085714285714286,0.755748619769757,0.8338764272542939,0.9226666666666666,results/pending_runs/paper_final/lane0/ViTB16/octmnist/L40_G40/tralo_bounded/seed_4
octmnist,L40_G40,ViTB16,3,tralo_bounded,65.0,100,100,250,1000,90,0.761781805977064,0.48823529411764705,0.5142857142857142,0.7566155766421774,0.8339916365927708,0.9186666666666666,results/pending_runs/paper_final/lane0/ViTB16/octmnist/L40_G40/tralo_bounded/seed_3
octmnist,L40_G40,ViTB16,1,tralo_bounded,72.0,100,100,250,1000,77,0.7474738225195878,0.43425076452599387,0.49714285714285716,0.7506413255516258,0.8272392496525294,0.9173333333333333,results/pending_runs/paper_final/lane0/ViTB16/octmnist/L40_G40/tralo_bounded/seed_1
octmnist,L40_G40,ViTB16,2,tralo_bounded,350.0,100,100,250,1000,84,0.7673412864460458,0.4744744744744745,0.5371428571428571,0.7425968983827517,0.8066624869383491,0.892,results/pending_runs/paper_final/lane0/ViTB16/octmnist/L40_G40/tralo_bounded/seed_2
octmnist,L40_G40,ViTB16,4,heuristic,0.0,100,100,250,1000,156,0.7989067120918417,0.5257142857142857,0.5257142857142857,0.7460935942005551,0.8365197293014602,0.8893333333333333,results/pending_runs/paper_final/lane0/ViTB16/octmnist/L40_G40/heuristic/seed_4
octmnist,L40_G40,ViTB16,3,heuristic,0.0,100,100,250,1000,166,0.8157757544963867,0.5314285714285715,0.5314285714285715,0.7603019548095351,0.8496371303257529,0.8973333333333333,results/pending_runs/paper_final/lane0/ViTB16/octmnist/L40_G40/heuristic/seed_3
octmnist,L40_G40,ViTB16,1,heuristic,0.0,100,100,250,1000,185,0.7910338626036266,0.5028571428571429,0.5028571428571429,0.7378815886264378,0.8380445745653748,0.876,results/pending_runs/paper_final/lane0/ViTB16/octmnist/L40_G40/heuristic/seed_1
octmnist,L40_G40,ViTB16,2,heuristic,0.0,100,100,250,1000,165,0.8128095948005685,0.5485714285714286,0.5485714285714286,0.7416148755805756,0.8193731337840223,0.864,results/pending_runs/paper_final/lane0/ViTB16/octmnist/L40_G40/heuristic/seed_2
octmnist,L10_G10,ViTB16,4,hounie_rcl,114.0,25,25,250,1000,18,0.5659470914990751,0.18181818181818182,0.18181818181818182,0.6434212625380302,0.794522324588391,0.9053333333333333,results/pending_runs/paper_final/lane0/ViTB16/octmnist/L10_G10/hounie_rcl/seed_4
octmnist,L10_G10,ViTB16,3,hounie_rcl,98.0,25,25,250,1000,17,0.6526073040711048,0.16727272727272727,0.16727272727272727,0.6305435800449126,0.7815053090628409,0.892,results/pending_runs/paper_final/lane0/ViTB16/octmnist/L10_G10/hounie_rcl/seed_3
octmnist,L10_G10,ViTB16,1,hounie_rcl,122.0,25,25,250,1000,15,0.6153510301197829,0.16,0.16,0.6276813186810191,0.7832531197059766,0.8933333333333333,results/pending_runs/paper_final/lane0/ViTB16/octmnist/L10_G10/hounie_rcl/seed_1
octmnist,L10_G10,ViTB16,2,hounie_rcl,113.0,25,25,250,1000,14,0.6530318865221415,0.17454545454545456,0.17454545454545456,0.6263210420983653,0.7729676270191778,0.8813333333333333,results/pending_runs/paper_final/lane0/ViTB16/octmnist/L10_G10/hounie_rcl/seed_2
octmnist,L10_G10,ViTB16,4,tralo,96.0,25,25,250,1000,25,0.5693539282845086,0.18181818181818182,0.18181818181818182,0.6452807545261987,0.7997682787622042,0.908,results/pending_runs/paper_final/lane0/ViTB16/octmnist/L10_G10/tralo/seed_4
octmnist,L10_G10,ViTB16,3,tralo,94.0,25,25,250,1000,24,0.6597712203183865,0.16727272727272727,0.16727272727272727,0.6359140366530176,0.7915923567614883,0.9,results/pending_runs/paper_final/lane0/ViTB16/octmnist/L10_G10/tralo/seed_3
octmnist,L10_G10,ViTB16,1,tralo,97.0,25,25,250,1000,21,0.6359309019980728,0.17454545454545456,0.17454545454545456,0.6426389804154383,0.7982252235401361,0.9093333333333333,results/pending_runs/paper_final/lane0/ViTB16/octmnist/L10_G10/tralo/seed_1
octmnist,L10_G10,ViTB16,2,tralo,87.0,25,25,250,1000,20,0.6715275317455136,0.17454545454545456,0.17454545454545456,0.6293344338377918,0.7790863673477627,0.8866666666666667,results/pending_runs/paper_final/lane0/ViTB16/octmnist/L10_G10/tralo/seed_2
octmnist,L10_G10,ViTB16,4,danits_lp,0.0,25,25,250,1000,156,0.7989067120918417,0.18181818181818182,0.18181818181818182,0.6373836744513977,0.8365197293014602,0.8893333333333333,results/pending_runs/paper_final/lane0/ViTB16/octmnist/L10_G10/danits_lp/seed_4
octmnist,L10_G10,ViTB16,3,danits_lp,0.0,25,25,250,1000,166,0.8157757544963867,0.17454545454545456,0.17454545454545456,0.6492592888039719,0.8496371303257529,0.8973333333333333,results/pending_runs/paper_final/lane0/ViTB16/octmnist/L10_G10/danits_lp/seed_3
octmnist,L10_G10,ViTB16,1,danits_lp,0.0,25,25,250,1000,185,0.7910338626036266,0.18181818181818182,0.18181818181818182,0.6375682229408601,0.8380445745653748,0.876,results/pending_runs/paper_final/lane0/ViTB16/octmnist/L10_G10/danits_lp/seed_1
octmnist,L10_G10,ViTB16,2,danits_lp,0.0,25,25,250,1000,165,0.8128095948005685,0.18181818181818182,0.18181818181818182,0.6275845828824138,0.8193731337840223,0.864,results/pending_runs/paper_final/lane0/ViTB16/octmnist/L10_G10/danits_lp/seed_2
octmnist,L10_G10,ViTB16,4,fioretto_ldf,35.0,25,25,250,1000,19,0.5743276071981592,0.18181818181818182,0.18181818181818182,0.6439979515996868,0.7955990812610368,0.9066666666666666,results/pending_runs/paper_final/lane0/ViTB16/octmnist/L10_G10/fioretto_ldf/seed_4
octmnist,L10_G10,ViTB16,3,fioretto_ldf,30.0,25,25,250,1000,22,0.6723191526502628,0.16727272727272727,0.16727272727272727,0.6364481394599433,0.7916214014361969,0.9013333333333333,results/pending_runs/paper_final/lane0/ViTB16/octmnist/L10_G10/fioretto_ldf/seed_3
octmnist,L10_G10,ViTB16,1,fioretto_ldf,37.0,25,25,250,1000,15,0.6281987884781133,0.18181818181818182,0.18181818181818182,0.6416199761031746,0.7911458044190455,0.904,results/pending_runs/paper_final/lane0/ViTB16/octmnist/L10_G10/fioretto_ldf/seed_1
octmnist,L10_G10,ViTB16,2,fioretto_ldf,35.0,25,25,250,1000,16,0.6735516121707549,0.17454545454545456,0.17454545454545456,0.629969696969697,0.778636277058137,0.888,results/pending_runs/paper_final/lane0/ViTB16/octmnist/L10_G10/fioretto_ldf/seed_2
octmnist,L10_G10,ViTB16,4,tralo_bounded,87.0,25,25,250,1000,19,0.5653377185589313,0.18181818181818182,0.18181818181818182,0.6434743259386754,0.794912468385438,0.9053333333333333,results/pending_runs/paper_final/lane0/ViTB16/octmnist/L10_G10/tralo_bounded/seed_4
octmnist,L10_G10,ViTB16,3,tralo_bounded,81.0,25,25,250,1000,21,0.6540401409269958,0.16727272727272727,0.16727272727272727,0.632573247973507,0.7859415709650547,0.8946666666666667,results/pending_runs/paper_final/lane0/ViTB16/octmnist/L10_G10/tralo_bounded/seed_3
octmnist,L10_G10,ViTB16,1,tralo_bounded,97.0,25,25,250,1000,15,0.6142937274511145,0.17454545454545456,0.17454545454545456,0.6367738639625777,0.7882519888655586,0.9,results/pending_runs/paper_final/lane0/ViTB16/octmnist/L10_G10/tralo_bounded/seed_1
octmnist,L10_G10,ViTB16,2,tralo_bounded,87.0,25,25,250,1000,14,0.6466169827151235,0.17454545454545456,0.17454545454545456,0.6234727199166783,0.7691910214483273,0.8773333333333333,results/pending_runs/paper_final/lane0/ViTB16/octmnist/L10_G10/tralo_bounded/seed_2
octmnist,L10_G10,ViTB16,4,heuristic,0.0,25,25,250,1000,156,0.7989067120918417,0.18181818181818182,0.18181818181818182,0.6373836744513977,0.8365197293014602,0.8893333333333333,results/pending_runs/paper_final/lane0/ViTB16/octmnist/L10_G10/heuristic/seed_4
octmnist,L10_G10,ViTB16,3,heuristic,0.0,25,25,250,1000,166,0.8157757544963867,0.17454545454545456,0.17454545454545456,0.6492592888039719,0.8496371303257529,0.8973333333333333,results/pending_runs/paper_final/lane0/ViTB16/octmnist/L10_G10/heuristic/seed_3
octmnist,L10_G10,ViTB16,1,heuristic,0.0,25,25,250,1000,185,0.7910338626036266,0.18181818181818182,0.18181818181818182,0.6375682229408601,0.8380445745653748,0.876,results/pending_runs/paper_final/lane0/ViTB16/octmnist/L10_G10/heuristic/seed_1
octmnist,L10_G10,ViTB16,2,heuristic,0.0,25,25,250,1000,165,0.8128095948005685,0.18181818181818182,0.18181818181818182,0.6275845828824138,0.8193731337840223,0.864,results/pending_runs/paper_final/lane0/ViTB16/octmnist/L10_G10/heuristic/seed_2
dermmnist,L70_G70,RegNetY400MF,4,hounie_rcl,42.0,156,156,223,2003,132,0.6991962246796922,0.6226912928759895,0.6226912928759895,0.7531060849276722,0.7724124126316022,0.9056179775280899,results/pending_runs/paper_final/lane0/RegNetY400MF/dermmnist/L70_G70/hounie_rcl/seed_4
dermmnist,L70_G70,RegNetY400MF,3,hounie_rcl,40.0,156,156,223,2003,136,0.6964612553808451,0.6226912928759895,0.6226912928759895,0.752023106452948,0.7736918736422395,0.8994382022471911,results/pending_runs/paper_final/lane0/RegNetY400MF/dermmnist/L70_G70/hounie_rcl/seed_3
dermmnist,L70_G70,RegNetY400MF,1,hounie_rcl,31.0,156,156,223,2003,138,0.7043659907203901,0.6226912928759895,0.6226912928759895,0.7501060059554303,0.7704424101956141,0.9056179775280899,results/pending_runs/paper_final/lane0/RegNetY400MF/dermmnist/L70_G70/hounie_rcl/seed_1
dermmnist,L70_G70,RegNetY400MF,2,hounie_rcl,44.0,156,156,223,2003,138,0.7076678627018789,0.6121372031662269,0.6121372031662269,0.7535108626170659,0.7727304156388506,0.9067415730337078,results/pending_runs/paper_final/lane0/RegNetY400MF/dermmnist/L70_G70/hounie_rcl/seed_2
dermmnist,L70_G70,RegNetY400MF,4,tralo,86.0,156,156,223,2003,153,0.6959603178042449,0.6121372031662269,0.6121372031662269,0.7407022742779846,0.7620830501998581,0.8966292134831461,results/pending_runs/paper_final/lane0/RegNetY400MF/dermmnist/L70_G70/tralo/seed_4
dermmnist,L70_G70,RegNetY400MF,3,tralo,71.0,156,156,223,2003,144,0.6979831007142517,0.6121372031662269,0.6121372031662269,0.7419711612595883,0.7641602775983815,0.8977528089887641,results/pending_runs/paper_final/lane0/RegNetY400MF/dermmnist/L70_G70/tralo/seed_3
dermmnist,L70_G70,RegNetY400MF,1,tralo,69.0,156,156,223,2003,152,0.7053470986862981,0.6279683377308707,0.6279683377308707,0.7543546563351796,0.7750022504929173,0.9061797752808989,results/pending_runs/paper_final/lane0/RegNetY400MF/dermmnist/L70_G70/tralo/seed_1
dermmnist,L70_G70,RegNetY400MF,2,tralo,63.0,156,156,223,2003,147,0.6919450458757337,0.5963060686015831,0.5963060686015831,0.7580849017355344,0.7854142920893615,0.9044943820224719,results/pending_runs/paper_final/lane0/RegNetY400MF/dermmnist/L70_G70/tralo/seed_2
dermmnist,L70_G70,RegNetY400MF,4,danits_lp,0.0,156,156,223,2003,197,0.7015485772911337,0.5963060686015831,0.6068601583113457,0.7277597034108488,0.7470154358256157,0.8808988764044944,results/pending_runs/paper_final/lane0/RegNetY400MF/dermmnist/L70_G70/danits_lp/seed_4
dermmnist,L70_G70,RegNetY400MF,3,danits_lp,0.0,156,156,223,2003,174,0.6915014341813639,0.608,0.6226912928759895,0.7430613397156695,0.7631946378560919,0.8904494382022472,results/pending_runs/paper_final/lane0/RegNetY400MF/dermmnist/L70_G70/danits_lp/seed_3
dermmnist,L70_G70,RegNetY400MF,1,danits_lp,0.0,156,156,223,2003,152,0.7057514318572579,0.6363636363636364,0.6385224274406333,0.7512218292047316,0.7689584920415982,0.9028089887640449,results/pending_runs/paper_final/lane0/RegNetY400MF/dermmnist/L70_G70/danits_lp/seed_1
dermmnist,L70_G70,RegNetY400MF,2,danits_lp,0.0,156,156,223,2003,180,0.6941009292122404,0.608,0.6015831134564644,0.7386259464413562,0.7695552929570978,0.8921348314606742,results/pending_runs/paper_final/lane0/RegNetY400MF/dermmnist/L70_G70/danits_lp/seed_2
dermmnist,L70_G70,RegNetY400MF,4,fioretto_ldf,18.0,156,156,223,2003,131,0.6985297731176269,0.6226912928759895,0.6226912928759895,0.7556902256617762,0.7741946860098429,0.9073033707865169,results/pending_runs/paper_final/lane0/RegNetY400MF/dermmnist/L70_G70/fioretto_ldf/seed_4
dermmnist,L70_G70,RegNetY400MF,3,fioretto_ldf,16.0,156,156,223,2003,136,0.6964029588111565,0.633245382585752,0.633245382585752,0.7549406553906047,0.7734809969849595,0.8994382022471911,results/pending_runs/paper_final/lane0/RegNetY400MF/dermmnist/L70_G70/fioretto_ldf/seed_3
dermmnist,L70_G70,RegNetY400MF,1,fioretto_ldf,14.0,156,156,223,2003,141,0.7052729169549474,0.6226912928759895,0.6226912928759895,0.749436885848371,0.7707163052692144,0.9050561797752809,results/pending_runs/paper_final/lane0/RegNetY400MF/dermmnist/L70_G70/fioretto_ldf/seed_1
dermmnist,L70_G70,RegNetY400MF,2,fioretto_ldf,16.0,156,156,223,2003,135,0.7078509956728376,0.6068601583113457,0.6068601583113457,0.7535378974218434,0.7740495864148471,0.9067415730337078,results/pending_runs/paper_final/lane0/RegNetY400MF/dermmnist/L70_G70/fioretto_ldf/seed_2
dermmnist,L70_G70,RegNetY400MF,4,tralo_bounded,61.0,156,156,223,2003,131,0.6986112954144094,0.6226912928759895,0.6226912928759895,0.7548864280707976,0.7732953843779825,0.9067415730337078,results/pending_runs/paper_final/lane0/RegNetY400MF/dermmnist/L70_G70/tralo_bounded/seed_4
dermmnist,L70_G70,RegNetY400MF,3,tralo_bounded,60.0,156,156,223,2003,136,0.6962330097898912,0.633245382585752,0.633245382585752,0.7549406553906047,0.7734809969849595,0.8994382022471911,results/pending_runs/paper_final/lane0/RegNetY400MF/dermmnist/L70_G70/tralo_bounded/seed_3
dermmnist,L70_G70,RegNetY400MF,1,tralo_bounded,58.0,156,156,223,2003,142,0.7053147080339535,0.6226912928759895,0.6226912928759895,0.749436885848371,0.770652416758924,0.9044943820224719,results/pending_runs/paper_final/lane0/RegNetY400MF/dermmnist/L70_G70/tralo_bounded/seed_1
dermmnist,L70_G70,RegNetY400MF,2,tralo_bounded,59.0,156,156,223,2003,139,0.7077801331049522,0.6121372031662269,0.6121372031662269,0.7541364927084945,0.7761715506855031,0.9061797752808989,results/pending_runs/paper_final/lane0/RegNetY400MF/dermmnist/L70_G70/tralo_bounded/seed_2
dermmnist,L70_G70,RegNetY400MF,4,heuristic,0.0,156,156,223,2003,197,0.7015485772911337,0.6068601583113457,0.6068601583113457,0.7277597034108488,0.7470154358256157,0.8808988764044944,results/pending_runs/paper_final/lane0/RegNetY400MF/dermmnist/L70_G70/heuristic/seed_4
dermmnist,L70_G70,RegNetY400MF,3,heuristic,0.0,156,156,223,2003,174,0.6915014341813639,0.6226912928759895,0.6226912928759895,0.7430613397156695,0.7631946378560919,0.8904494382022472,results/pending_runs/paper_final/lane0/RegNetY400MF/dermmnist/L70_G70/heuristic/seed_3
dermmnist,L70_G70,RegNetY400MF,1,heuristic,0.0,156,156,223,2003,152,0.7057514318572579,0.6385224274406333,0.6385224274406333,0.7512218292047316,0.7689584920415982,0.9028089887640449,results/pending_runs/paper_final/lane0/RegNetY400MF/dermmnist/L70_G70/heuristic/seed_1
dermmnist,L70_G70,RegNetY400MF,2,heuristic,0.0,156,156,223,2003,180,0.6941009292122404,0.6015831134564644,0.6015831134564644,0.7386259464413562,0.7695552929570978,0.8921348314606742,results/pending_runs/paper_final/lane0/RegNetY400MF/dermmnist/L70_G70/heuristic/seed_2
dermmnist,L40_G40,RegNetY400MF,4,hounie_rcl,42.0,89,89,223,2003,73,0.6689295492604879,0.4935897435897436,0.4935897435897436,0.7266779576637514,0.7647230577027196,0.9146067415730337,results/pending_runs/paper_final/lane0/RegNetY400MF/dermmnist/L40_G40/hounie_rcl/seed_4
dermmnist,L40_G40,RegNetY400MF,3,hounie_rcl,38.0,89,89,223,2003,61,0.6579071028765229,0.4935897435897436,0.4935897435897436,0.7138981228932596,0.7467126724761141,0.9067415730337078,results/pending_runs/paper_final/lane0/RegNetY400MF/dermmnist/L40_G40/hounie_rcl/seed_3
dermmnist,L40_G40,RegNetY400MF,1,hounie_rcl,35.0,89,89,223,2003,60,0.647673584221842,0.46794871794871795,0.46794871794871795,0.7144910246103297,0.7565259307959263,0.9106741573033708,results/pending_runs/paper_final/lane0/RegNetY400MF/dermmnist/L40_G40/hounie_rcl/seed_1
dermmnist,L40_G40,RegNetY400MF,2,hounie_rcl,41.0,89,89,223,2003,63,0.6675082388458592,0.5064102564102564,0.5064102564102564,0.7319705537349064,0.7654962852319168,0.9151685393258427,results/pending_runs/paper_final/lane0/RegNetY400MF/dermmnist/L40_G40/hounie_rcl/seed_2
dermmnist,L40_G40,RegNetY400MF,4,tralo,69.0,89,89,223,2003,86,0.6722847903549544,0.5128205128205128,0.5192307692307693,0.7230302855862344,0.7562601746789391,0.9061797752808989,results/pending_runs/paper_final/lane0/RegNetY400MF/dermmnist/L40_G40/tralo/seed_4
dermmnist,L40_G40,RegNetY400MF,3,tralo,74.0,89,89,223,2003,87,0.6703803745545583,0.4935897435897436,0.4935897435897436,0.7169780363040844,0.753878344826012,0.902247191011236,results/pending_runs/paper_final/lane0/RegNetY400MF/dermmnist/L40_G40/tralo/seed_3
dermmnist,L40_G40,RegNetY400MF,1,tralo,83.0,89,89,223,2003,86,0.6627607260555757,0.48717948717948717,0.48717948717948717,0.716754508398999,0.7554385402134725,0.9067415730337078,results/pending_runs/paper_final/lane0/RegNetY400MF/dermmnist/L40_G40/tralo/seed_1
dermmnist,L40_G40,RegNetY400MF,2,tralo,128.0,89,89,223,2003,89,0.675334627242195,0.5064102564102564,0.5064102564102564,0.7349495055525924,0.7726891568166478,0.9123595505617977,results/pending_runs/paper_final/lane0/RegNetY400MF/dermmnist/L40_G40/tralo/seed_2
dermmnist,L40_G40,RegNetY400MF,4,danits_lp,0.0,89,89,223,2003,197,0.7015485772911337,0.5,0.5,0.7096789734390453,0.7470154358256157,0.8808988764044944,results/pending_runs/paper_final/lane0/RegNetY400MF/dermmnist/L40_G40/danits_lp/seed_4
dermmnist,L40_G40,RegNetY400MF,3,danits_lp,0.0,89,89,223,2003,174,0.6915014341813639,0.4807692307692308,0.48717948717948717,0.7133336503517134,0.7631946378560919,0.8904494382022472,results/pending_runs/paper_final/lane0/RegNetY400MF/dermmnist/L40_G40/danits_lp/seed_3
dermmnist,L40_G40,RegNetY400MF,1,danits_lp,0.0,89,89,223,2003,152,0.7057514318572579,0.5064102564102564,0.5,0.7262645593931272,0.7689584920415982,0.9028089887640449,results/pending_runs/paper_final/lane0/RegNetY400MF/dermmnist/L40_G40/danits_lp/seed_1
dermmnist,L40_G40,RegNetY400MF,2,danits_lp,0.0,89,89,223,2003,180,0.6941009292122404,0.5,0.4935897435897436,0.715629781326566,0.7695552929570978,0.8921348314606742,results/pending_runs/paper_final/lane0/RegNetY400MF/dermmnist/L40_G40/danits_lp/seed_2
dermmnist,L40_G40,RegNetY400MF,4,fioretto_ldf,24.0,89,89,223,2003,74,0.6700712022621013,0.5128205128205128,0.5128205128205128,0.7260797408354206,0.7600953315385913,0.9112359550561798,results/pending_runs/paper_final/lane0/RegNetY400MF/dermmnist/L40_G40/fioretto_ldf/seed_4
dermmnist,L40_G40,RegNetY400MF,3,fioretto_ldf,22.0,89,89,223,2003,70,0.6673566291745346,0.48717948717948717,0.48717948717948717,0.7136851076403181,0.7514719300427414,0.9050561797752809,results/pending_runs/paper_final/lane0/RegNetY400MF/dermmnist/L40_G40/fioretto_ldf/seed_3
dermmnist,L40_G40,RegNetY400MF,1,fioretto_ldf,20.0,89,89,223,2003,76,0.6683296950894426,0.4935897435897436,0.4935897435897436,0.7239941095515593,0.7617690908952669,0.9112359550561798,results/pending_runs/paper_final/lane0/RegNetY400MF/dermmnist/L40_G40/fioretto_ldf/seed_1
dermmnist,L40_G40,RegNetY400MF,2,fioretto_ldf,23.0,89,89,223,2003,79,0.6775354767273633,0.5064102564102564,0.5064102564102564,0.7398146649793741,0.7776761355595606,0.9168539325842696,results/pending_runs/paper_final/lane0/RegNetY400MF/dermmnist/L40_G40/fioretto_ldf/seed_2
dermmnist,L40_G40,RegNetY400MF,4,tralo_bounded,65.0,89,89,223,2003,74,0.6714678817397607,0.5,0.5,0.7248336701259331,0.7611199043044262,0.9112359550561798,results/pending_runs/paper_final/lane0/RegNetY400MF/dermmnist/L40_G40/tralo_bounded/seed_4
dermmnist,L40_G40,RegNetY400MF,3,tralo_bounded,64.0,89,89,223,2003,74,0.6698025777567906,0.48717948717948717,0.48717948717948717,0.7144112699045942,0.7529364023714628,0.9067415730337078,results/pending_runs/paper_final/lane0/RegNetY400MF/dermmnist/L40_G40/tralo_bounded/seed_3
dermmnist,L40_G40,RegNetY400MF,1,tralo_bounded,62.0,89,89,223,2003,77,0.6705528834131226,0.4935897435897436,0.4935897435897436,0.7214763928071634,0.7589056119856442,0.9106741573033708,results/pending_runs/paper_final/lane0/RegNetY400MF/dermmnist/L40_G40/tralo_bounded/seed_1
dermmnist,L40_G40,RegNetY400MF,2,tralo_bounded,63.0,89,89,223,2003,80,0.6819973200814141,0.5064102564102564,0.5064102564102564,0.7385521421977963,0.7761373663910232,0.9146067415730337,results/pending_runs/paper_final/lane0/RegNetY400MF/dermmnist/L40_G40/tralo_bounded/seed_2
dermmnist,L40_G40,RegNetY400MF,4,heuristic,0.0,89,89,223,2003,197,0.7015485772911337,0.5,0.5,0.7096789734390453,0.7470154358256157,0.8808988764044944,results/pending_runs/paper_final/lane0/RegNetY400MF/dermmnist/L40_G40/heuristic/seed_4
dermmnist,L40_G40,RegNetY400MF,3,heuristic,0.0,89,89,223,2003,174,0.6915014341813639,0.48717948717948717,0.48717948717948717,0.7133336503517134,0.7631946378560919,0.8904494382022472,results/pending_runs/paper_final/lane0/RegNetY400MF/dermmnist/L40_G40/heuristic/seed_3
dermmnist,L40_G40,RegNetY400MF,1,heuristic,0.0,89,89,223,2003,152,0.7057514318572579,0.5,0.5,0.7262645593931272,0.7689584920415982,0.9028089887640449,results/pending_runs/paper_final/lane0/RegNetY400MF/dermmnist/L40_G40/heuristic/seed_1
dermmnist,L40_G40,RegNetY400MF,2,heuristic,0.0,89,89,223,2003,180,0.6941009292122404,0.4935897435897436,0.4935897435897436,0.715629781326566,0.7695552929570978,0.8921348314606742,results/pending_runs/paper_final/lane0/RegNetY400MF/dermmnist/L40_G40/heuristic/seed_2
tissuemnist,L70_G70,RegNetY400MF,4,hounie_rcl,60.0,120,120,171,2400,106,0.38678758191835433,0.41924398625429554,0.41924398625429554,0.42878899183411834,0.4300626111487908,0.5275908479138627,results/pending_runs/paper_final/lane0/RegNetY400MF/tissuemnist/L70_G70/hounie_rcl/seed_4
tissuemnist,L70_G70,RegNetY400MF,3,hounie_rcl,59.0,120,120,171,2400,100,0.35567044090649047,0.4054982817869416,0.4054982817869416,0.43568799142265874,0.43959612122357744,0.5576491700314042,results/pending_runs/paper_final/lane0/RegNetY400MF/tissuemnist/L70_G70/hounie_rcl/seed_3
tissuemnist,L70_G70,RegNetY400MF,1,hounie_rcl,69.0,120,120,171,2400,103,0.3766229143696961,0.4054982817869416,0.4054982817869416,0.448695378533281,0.45283640247985785,0.5648272768057425,results/pending_runs/paper_final/lane0/RegNetY400MF/tissuemnist/L70_G70/hounie_rcl/seed_1
tissuemnist,L70_G70,RegNetY400MF,2,hounie_rcl,65.0,120,120,171,2400,102,0.3921631514442596,0.4261168384879725,0.4261168384879725,0.42871910868962426,0.42781008559889055,0.5518169582772544,results/pending_runs/paper_final/lane0/RegNetY400MF/tissuemnist/L70_G70/hounie_rcl/seed_2
tissuemnist,L70_G70,RegNetY400MF,4,tralo,138.0,120,120,171,2400,117,0.4100059018423463,0.43986254295532645,0.43986254295532645,0.4226951158420917,0.4211902525426575,0.509645580978017,results/pending_runs/paper_final/lane0/RegNetY400MF/tissuemnist/L70_G70/tralo/seed_4
tissuemnist,L70_G70,RegNetY400MF,3,tralo,104.0,120,120,171,2400,109,0.3647237415184371,0.3711340206185567,0.3711340206185567,0.4319474198609159,0.44066573074830695,0.5455361148497084,results/pending_runs/paper_final/lane0/RegNetY400MF/tissuemnist/L70_G70/tralo/seed_3
tissuemnist,L70_G70,RegNetY400MF,1,tralo,101.0,120,120,171,2400,103,0.3855478320186095,0.39862542955326463,0.39862542955326463,0.4466427821658967,0.45312234126266826,0.5675190668461193,results/pending_runs/paper_final/lane0/RegNetY400MF/tissuemnist/L70_G70/tralo/seed_1
tissuemnist,L70_G70,RegNetY400MF,2,tralo,112.0,120,120,171,2400,108,0.40573248648049703,0.4261168384879725,0.4261168384879725,0.4276186805243376,0.4291675987183887,0.5500224315836698,results/pending_runs/paper_final/lane0/RegNetY400MF/tissuemnist/L70_G70/tralo/seed_2
tissuemnist,L70_G70,RegNetY400MF,4,danits_lp,0.0,120,120,171,2400,163,0.31736026819496094,0.3711340206185567,0.3711340206185567,0.338501374959977,0.33440252608568566,0.3853746074472858,results/pending_runs/paper_final/lane0/RegNetY400MF/tissuemnist/L70_G70/danits_lp/seed_4
tissuemnist,L70_G70,RegNetY400MF,3,danits_lp,0.0,120,120,171,2400,163,0.2744146349684011,0.3024054982817869,0.3161512027491409,0.3606311795777979,0.3636059352113584,0.4670255720053836,results/pending_runs/paper_final/lane0/RegNetY400MF/tissuemnist/L70_G70/danits_lp/seed_3
tissuemnist,L70_G70,RegNetY400MF,1,danits_lp,0.0,120,120,171,2400,420,0.3838373474194948,0.3711340206185567,0.3711340206185567,0.3487400861135357,0.33255951488702756,0.35397039030955585,results/pending_runs/paper_final/lane0/RegNetY400MF/tissuemnist/L70_G70/danits_lp/seed_1
tissuemnist,L70_G70,RegNetY400MF,2,danits_lp,0.0,120,120,171,2400,237,0.3573569425298886,0.35051546391752575,0.35051546391752575,0.3149226484946446,0.29891265398926015,0.3261552265589951,results/pending_runs/paper_final/lane0/RegNetY400MF/tissuemnist/L70_G70/danits_lp/seed_2
tissuemnist,L70_G70,RegNetY400MF,4,fioretto_ldf,299.0,120,120,171,2400,117,0.39233876326526906,0.41924398625429554,0.4261168384879725,0.4240769210221381,0.42423160529721393,0.5231045311799013,results/pending_runs/paper_final/lane0/RegNetY400MF/tissuemnist/L70_G70/fioretto_ldf/seed_4
tissuemnist,L70_G70,RegNetY400MF,3,fioretto_ldf,49.0,120,120,171,2400,110,0.34705640457877096,0.3848797250859107,0.3848797250859107,0.4326743677822492,0.43890040821606063,0.5464333781965006,results/pending_runs/paper_final/lane0/RegNetY400MF/tissuemnist/L70_G70/fioretto_ldf/seed_3
tissuemnist,L70_G70,RegNetY400MF,1,fioretto_ldf,53.0,120,120,171,2400,107,0.3797953961383759,0.4054982817869416,0.4054982817869416,0.4414014297779536,0.4452232020529864,0.5580978017048004,results/pending_runs/paper_final/lane0/RegNetY400MF/tissuemnist/L70_G70/fioretto_ldf/seed_1
tissuemnist,L70_G70,RegNetY400MF,2,fioretto_ldf,69.0,120,120,171,2400,113,0.3969744100274801,0.41924398625429554,0.41237113402061853,0.4229830301064087,0.42537187820548406,0.5410497981157469,results/pending_runs/paper_final/lane0/RegNetY400MF/tissuemnist/L70_G70/fioretto_ldf/seed_2
tissuemnist,L70_G70,RegNetY400MF,4,tralo_bounded,100.0,120,120,171,2400,115,0.39300760933357054,0.4261168384879725,0.4261168384879725,0.42266369656534525,0.42259367225157257,0.525347689546882,results/pending_runs/paper_final/lane0/RegNetY400MF/tissuemnist/L70_G70/tralo_bounded/seed_4
tissuemnist,L70_G70,RegNetY400MF,3,tralo_bounded,99.0,120,120,171,2400,107,0.3544239101319446,0.3711340206185567,0.3711340206185567,0.42982741124965185,0.43942925692570917,0.5410497981157469,results/pending_runs/paper_final/lane0/RegNetY400MF/tissuemnist/L70_G70/tralo_bounded/seed_3
tissuemnist,L70_G70,RegNetY400MF,1,tralo_bounded,101.0,120,120,171,2400,109,0.3809040476619931,0.41237113402061853,0.41237113402061853,0.4443598562109695,0.44838788194705453,0.560340960071781,results/pending_runs/paper_final/lane0/RegNetY400MF/tissuemnist/L70_G70/tralo_bounded/seed_1
tissuemnist,L70_G70,RegNetY400MF,2,tralo_bounded,112.0,120,120,171,2400,114,0.4025789209051016,0.43986254295532645,0.43986254295532645,0.4309107602858459,0.43144575840316274,0.5495737999102737,results/pending_runs/paper_final/lane0/RegNetY400MF/tissuemnist/L70_G70/tralo_bounded/seed_2
tissuemnist,L70_G70,RegNetY400MF,4,heuristic,0.0,120,120,171,2400,163,0.31736026819496094,0.3711340206185567,0.3711340206185567,0.338501374959977,0.33440252608568566,0.3853746074472858,results/pending_runs/paper_final/lane0/RegNetY400MF/tissuemnist/L70_G70/heuristic/seed_4
tissuemnist,L70_G70,RegNetY400MF,3,heuristic,0.0,120,120,171,2400,163,0.2744146349684011,0.3161512027491409,0.3161512027491409,0.3606311795777979,0.3636059352113584,0.4670255720053836,results/pending_runs/paper_final/lane0/RegNetY400MF/tissuemnist/L70_G70/heuristic/seed_3
tissuemnist,L70_G70,RegNetY400MF,1,heuristic,0.0,120,120,171,2400,420,0.3838373474194948,0.3711340206185567,0.3711340206185567,0.3487400861135357,0.33255951488702756,0.35397039030955585,results/pending_runs/paper_final/lane0/RegNetY400MF/tissuemnist/L70_G70/heuristic/seed_1
tissuemnist,L70_G70,RegNetY400MF,2,heuristic,0.0,120,120,171,2400,237,0.3573569425298886,0.35051546391752575,0.35051546391752575,0.3149226484946446,0.29891265398926015,0.3261552265589951,results/pending_runs/paper_final/lane0/RegNetY400MF/tissuemnist/L70_G70/heuristic/seed_2
tissuemnist,L40_G40,RegNetY400MF,4,hounie_rcl,72.0,68,68,171,2400,55,0.3462361932091277,0.2920353982300885,0.3263598326359833,0.40887319735970784,0.42033466069683,0.5365634813817856,results/pending_runs/paper_final/lane0/RegNetY400MF/tissuemnist/L40_G40/hounie_rcl/seed_4
tissuemnist,L40_G40,RegNetY400MF,3,hounie_rcl,70.0,68,68,171,2400,56,0.32200387969399613,0.28193832599118945,0.3263598326359833,0.41955434506068123,0.4329510100375941,0.5598923283983849,results/pending_runs/paper_final/lane0/RegNetY400MF/tissuemnist/L40_G40/hounie_rcl/seed_3
tissuemnist,L40_G40,RegNetY400MF,1,hounie_rcl,73.0,68,68,171,2400,56,0.35384473529732063,0.2907488986784141,0.3263598326359833,0.4317561032031054,0.4470172589550551,0.5720053835800808,results/pending_runs/paper_final/lane0/RegNetY400MF/tissuemnist/L40_G40/hounie_rcl/seed_1
tissuemnist,L40_G40,RegNetY400MF,2,hounie_rcl,84.0,68,68,171,2400,58,0.36481590955274495,0.3231441048034934,0.34309623430962344,0.41053897044617615,0.42042406348643296,0.5527142216240467,results/pending_runs/paper_final/lane0/RegNetY400MF/tissuemnist/L40_G40/hounie_rcl/seed_2
tissuemnist,L40_G40,RegNetY400MF,4,tralo,130.0,68,68,171,2400,67,0.366239562599271,0.3277310924369748,0.33472803347280333,0.41962398281004337,0.4316323723773262,0.5468820098698968,results/pending_runs/paper_final/lane0/RegNetY400MF/tissuemnist/L40_G40/tralo/seed_4
tissuemnist,L40_G40,RegNetY400MF,3,tralo,118.0,68,68,171,2400,63,0.3550465962217502,0.3247863247863248,0.3263598326359833,0.42278840760760616,0.43765319642731476,0.5670704351727232,results/pending_runs/paper_final/lane0/RegNetY400MF/tissuemnist/L40_G40/tralo/seed_3
tissuemnist,L40_G40,RegNetY400MF,1,tralo,107.0,68,68,171,2400,53,0.3802904353887575,0.29464285714285715,0.33472803347280333,0.4395681676735884,0.4539923485894831,0.5832211754149843,results/pending_runs/paper_final/lane0/RegNetY400MF/tissuemnist/L40_G40/tralo/seed_1
tissuemnist,L40_G40,RegNetY400MF,2,tralo,128.0,68,68,171,2400,65,0.37185654315610484,0.3474576271186441,0.3514644351464435,0.4218072774047427,0.4315480343469412,0.5482279048900852,results/pending_runs/paper_final/lane0/RegNetY400MF/tissuemnist/L40_G40/tralo/seed_2
tissuemnist,L40_G40,RegNetY400MF,4,danits_lp,0.0,68,68,171,2400,163,0.31736026819496094,0.2594142259414226,0.26778242677824265,0.3272677106487493,0.33440252608568566,0.3853746074472858,results/pending_runs/paper_final/lane0/RegNetY400MF/tissuemnist/L40_G40/danits_lp/seed_4
tissuemnist,L40_G40,RegNetY400MF,3,danits_lp,0.0,68,68,171,2400,163,0.2744146349684011,0.22594142259414227,0.22594142259414227,0.34979379296164814,0.3636059352113584,0.4670255720053836,results/pending_runs/paper_final/lane0/RegNetY400MF/tissuemnist/L40_G40/danits_lp/seed_3
tissuemnist,L40_G40,RegNetY400MF,1,danits_lp,0.0,68,68,171,2400,420,0.3838373474194948,0.301255230125523,0.301255230125523,0.33916311448055875,0.33255951488702756,0.35397039030955585,results/pending_runs/paper_final/lane0/RegNetY400MF/tissuemnist/L40_G40/danits_lp/seed_1
tissuemnist,L40_G40,RegNetY400MF,2,danits_lp,0.0,68,68,171,2400,237,0.3573569425298886,0.301255230125523,0.30962343096234307,0.31494052718977494,0.29891265398926015,0.3261552265589951,results/pending_runs/paper_final/lane0/RegNetY400MF/tissuemnist/L40_G40/danits_lp/seed_2
tissuemnist,L40_G40,RegNetY400MF,4,fioretto_ldf,299.0,68,68,171,2400,63,0.3523151275412669,0.31759656652360513,0.33472803347280333,0.41380225982909496,0.4242792426855284,0.5361148497083894,results/pending_runs/paper_final/lane0/RegNetY400MF/tissuemnist/L40_G40/fioretto_ldf/seed_4
tissuemnist,L40_G40,RegNetY400MF,3,fioretto_ldf,61.0,68,68,171,2400,58,0.32373670624493583,0.28820960698689957,0.3179916317991632,0.41884002004298715,0.4337825595957328,0.5598923283983849,results/pending_runs/paper_final/lane0/RegNetY400MF/tissuemnist/L40_G40/fioretto_ldf/seed_3
tissuemnist,L40_G40,RegNetY400MF,1,fioretto_ldf,69.0,68,68,171,2400,62,0.35277502971627084,0.30042918454935624,0.3179916317991632,0.4265875262142961,0.4421773734317048,0.566173171825931,results/pending_runs/paper_final/lane0/RegNetY400MF/tissuemnist/L40_G40/fioretto_ldf/seed_1
tissuemnist,L40_G40,RegNetY400MF,2,fioretto_ldf,90.0,68,68,171,2400,64,0.3668424071579257,0.34893617021276596,0.3598326359832636,0.41716049647169284,0.4248174796685541,0.5509196949304621,results/pending_runs/paper_final/lane0/RegNetY400MF/tissuemnist/L40_G40/fioretto_ldf/seed_2
tissuemnist,L40_G40,RegNetY400MF,4,tralo_bounded,350.0,68,68,171,2400,63,0.3468964531519054,0.31759656652360513,0.3263598326359833,0.41594618189995336,0.4285466518878188,0.5432929564827277,results/pending_runs/paper_final/lane0/RegNetY400MF/tissuemnist/L40_G40/tralo_bounded/seed_4
tissuemnist,L40_G40,RegNetY400MF,3,tralo_bounded,111.0,68,68,171,2400,58,0.3235763572051867,0.28820960698689957,0.3179916317991632,0.4205046533285255,0.4367679992544149,0.5612382234185733,results/pending_runs/paper_final/lane0/RegNetY400MF/tissuemnist/L40_G40/tralo_bounded/seed_3
tissuemnist,L40_G40,RegNetY400MF,1,tralo_bounded,107.0,68,68,171,2400,59,0.3788858817837935,0.30434782608695654,0.3179916317991632,0.4428466793544763,0.46099290243440444,0.5818752803947959,results/pending_runs/paper_final/lane0/RegNetY400MF/tissuemnist/L40_G40/tralo_bounded/seed_1
tissuemnist,L40_G40,RegNetY400MF,2,tralo_bounded,128.0,68,68,171,2400,62,0.3714736435028752,0.3261802575107296,0.33472803347280333,0.4201961378602108,0.4317687387506733,0.5509196949304621,results/pending_runs/paper_final/lane0/RegNetY400MF/tissuemnist/L40_G40/tralo_bounded/seed_2
tissuemnist,L40_G40,RegNetY400MF,4,heuristic,0.0,68,68,171,2400,163,0.31736026819496094,0.26778242677824265,0.26778242677824265,0.3272677106487493,0.33440252608568566,0.3853746074472858,results/pending_runs/paper_final/lane0/RegNetY400MF/tissuemnist/L40_G40/heuristic/seed_4
tissuemnist,L40_G40,RegNetY400MF,3,heuristic,0.0,68,68,171,2400,163,0.2744146349684011,0.22594142259414227,0.22594142259414227,0.34979379296164814,0.3636059352113584,0.4670255720053836,results/pending_runs/paper_final/lane0/RegNetY400MF/tissuemnist/L40_G40/heuristic/seed_3
tissuemnist,L40_G40,RegNetY400MF,1,heuristic,0.0,68,68,171,2400,420,0.3838373474194948,0.301255230125523,0.301255230125523,0.33916311448055875,0.33255951488702756,0.35397039030955585,results/pending_runs/paper_final/lane0/RegNetY400MF/tissuemnist/L40_G40/heuristic/seed_1
tissuemnist,L40_G40,RegNetY400MF,2,heuristic,0.0,68,68,171,2400,237,0.3573569425298886,0.30962343096234307,0.30962343096234307,0.31494052718977494,0.29891265398926015,0.3261552265589951,results/pending_runs/paper_final/lane0/RegNetY400MF/tissuemnist/L40_G40/heuristic/seed_2
octmnist,L70_G70,RegNetY400MF,4,hounie_rcl,4.0,175,174,250,1000,150,0.7701746855119731,0.6367924528301887,0.6367924528301887,0.7770852271644834,0.8235359521524376,0.8773333333333333,results/pending_runs/paper_final/lane0/RegNetY400MF/octmnist/L70_G70/hounie_rcl/seed_4
octmnist,L70_G70,RegNetY400MF,3,hounie_rcl,37.0,175,174,250,1000,153,0.7090686978769102,0.5943396226415094,0.5943396226415094,0.745813878160953,0.7954751032833225,0.848,results/pending_runs/paper_final/lane0/RegNetY400MF/octmnist/L70_G70/hounie_rcl/seed_3
octmnist,L70_G70,RegNetY400MF,1,hounie_rcl,41.0,175,174,250,1000,157,0.7679057034562886,0.660377358490566,0.660377358490566,0.7878039850475187,0.8290889928955743,0.88,results/pending_runs/paper_final/lane0/RegNetY400MF/octmnist/L70_G70/hounie_rcl/seed_1
octmnist,L70_G70,RegNetY400MF,2,hounie_rcl,4.0,175,174,250,1000,158,0.7330379231212593,0.6132075471698113,0.6132075471698113,0.7623426319538851,0.806634301584214,0.8573333333333333,results/pending_runs/paper_final/lane0/RegNetY400MF/octmnist/L70_G70/hounie_rcl/seed_2
octmnist,L70_G70,RegNetY400MF,4,tralo,65.0,175,174,250,1000,168,0.7852574641449688,0.6650943396226415,0.6698113207547169,0.7900374156171323,0.8309174397656472,0.876,results/pending_runs/paper_final/lane0/RegNetY400MF/octmnist/L70_G70/tralo/seed_4
octmnist,L70_G70,RegNetY400MF,3,tralo,105.0,175,174,250,1000,170,0.7615632530330815,0.6320754716981132,0.6320754716981132,0.7588388606619876,0.8016555304319075,0.8453333333333334,results/pending_runs/paper_final/lane0/RegNetY400MF/octmnist/L70_G70/tralo/seed_3
octmnist,L70_G70,RegNetY400MF,1,tralo,68.0,175,174,250,1000,158,0.765674099452284,0.6650943396226415,0.6650943396226415,0.7947753532936616,0.836168235455927,0.8866666666666667,results/pending_runs/paper_final/lane0/RegNetY400MF/octmnist/L70_G70/tralo/seed_1
octmnist,L70_G70,RegNetY400MF,2,tralo,54.0,175,174,250,1000,164,0.7319005902815712,0.6179245283018868,0.6179245283018868,0.7664072068532088,0.8122369559219788,0.86,results/pending_runs/paper_final/lane0/RegNetY400MF/octmnist/L70_G70/tralo/seed_2
octmnist,L70_G70,RegNetY400MF,4,danits_lp,0.0,175,174,250,1000,123,0.7179991408387577,0.5361930294906166,0.6132075471698113,0.7627168065651192,0.8120998719160003,0.876,results/pending_runs/paper_final/lane0/RegNetY400MF/octmnist/L70_G70/danits_lp/seed_4
octmnist,L70_G70,RegNetY400MF,3,danits_lp,0.0,175,174,250,1000,147,0.7384960036124681,0.5994962216624685,0.6462264150943396,0.7886954069338574,0.8328682348235609,0.8866666666666667,results/pending_runs/paper_final/lane0/RegNetY400MF/octmnist/L70_G70/danits_lp/seed_3
octmnist,L70_G70,RegNetY400MF,1,danits_lp,0.0,175,174,250,1000,186,0.6568783659678977,0.5536992840095465,0.5660377358490566,0.7126746422822222,0.759440889117465,0.7906666666666666,results/pending_runs/paper_final/lane0/RegNetY400MF/octmnist/L70_G70/danits_lp/seed_1
octmnist,L70_G70,RegNetY400MF,2,danits_lp,0.0,175,174,250,1000,142,0.7767504441652759,0.6173469387755102,0.660377358490566,0.7714822970833982,0.8065459410913901,0.864,results/pending_runs/paper_final/lane0/RegNetY400MF/octmnist/L70_G70/danits_lp/seed_2
octmnist,L70_G70,RegNetY400MF,4,fioretto_ldf,4.0,175,174,250,1000,150,0.7701746855119731,0.6367924528301887,0.6367924528301887,0.7770852271644834,0.8235359521524376,0.8773333333333333,results/pending_runs/paper_final/lane0/RegNetY400MF/octmnist/L70_G70/fioretto_ldf/seed_4
octmnist,L70_G70,RegNetY400MF,3,fioretto_ldf,14.0,175,174,250,1000,158,0.7092119998427598,0.589622641509434,0.589622641509434,0.7429451902918884,0.7967325079218095,0.8466666666666667,results/pending_runs/paper_final/lane0/RegNetY400MF/octmnist/L70_G70/fioretto_ldf/seed_3
octmnist,L70_G70,RegNetY400MF,1,fioretto_ldf,20.0,175,174,250,1000,156,0.7696717238925044,0.6556603773584906,0.6556603773584906,0.789655389411298,0.8352247482545074,0.8866666666666667,results/pending_runs/paper_final/lane0/RegNetY400MF/octmnist/L70_G70/fioretto_ldf/seed_1
octmnist,L70_G70,RegNetY400MF,2,fioretto_ldf,4.0,175,174,250,1000,158,0.7330379231212593,0.6132075471698113,0.6132075471698113,0.7623426319538851,0.806634301584214,0.8573333333333333,results/pending_runs/paper_final/lane0/RegNetY400MF/octmnist/L70_G70/fioretto_ldf/seed_2
octmnist,L70_G70,RegNetY400MF,4,tralo_bounded,54.0,175,174,250,1000,150,0.7701746855119731,0.6367924528301887,0.6367924528301887,0.7770852271644834,0.8235359521524376,0.8773333333333333,results/pending_runs/paper_final/lane0/RegNetY400MF/octmnist/L70_G70/tralo_bounded/seed_4
octmnist,L70_G70,RegNetY400MF,3,tralo_bounded,64.0,175,174,250,1000,154,0.710524681473843,0.5990566037735849,0.5990566037735849,0.7480956059782423,0.7960256535573578,0.848,results/pending_runs/paper_final/lane0/RegNetY400MF/octmnist/L70_G70/tralo_bounded/seed_3
octmnist,L70_G70,RegNetY400MF,1,tralo_bounded,68.0,175,174,250,1000,155,0.7651027903358217,0.6650943396226415,0.6650943396226415,0.7918744837657421,0.8306554966873433,0.8826666666666667,results/pending_runs/paper_final/lane0/RegNetY400MF/octmnist/L70_G70/tralo_bounded/seed_1
octmnist,L70_G70,RegNetY400MF,2,tralo_bounded,54.0,175,174,250,1000,158,0.7330379231212593,0.6132075471698113,0.6132075471698113,0.7623426319538851,0.806634301584214,0.8573333333333333,results/pending_runs/paper_final/lane0/RegNetY400MF/octmnist/L70_G70/tralo_bounded/seed_2
octmnist,L70_G70,RegNetY400MF,4,heuristic,0.0,175,174,250,1000,123,0.7179991408387577,0.6132075471698113,0.6132075471698113,0.7627168065651192,0.8120998719160003,0.876,results/pending_runs/paper_final/lane0/RegNetY400MF/octmnist/L70_G70/heuristic/seed_4
octmnist,L70_G70,RegNetY400MF,3,heuristic,0.0,175,174,250,1000,147,0.7384960036124681,0.6462264150943396,0.6462264150943396,0.7886954069338574,0.8328682348235609,0.8866666666666667,results/pending_runs/paper_final/lane0/RegNetY400MF/octmnist/L70_G70/heuristic/seed_3
octmnist,L70_G70,RegNetY400MF,1,heuristic,0.0,175,174,250,1000,186,0.6568783659678977,0.5660377358490566,0.5660377358490566,0.7126746422822222,0.759440889117465,0.7906666666666666,results/pending_runs/paper_final/lane0/RegNetY400MF/octmnist/L70_G70/heuristic/seed_1
octmnist,L70_G70,RegNetY400MF,2,heuristic,0.0,175,174,250,1000,142,0.7767504441652759,0.660377358490566,0.660377358490566,0.7714822970833982,0.8065459410913901,0.864,results/pending_runs/paper_final/lane0/RegNetY400MF/octmnist/L70_G70/heuristic/seed_2
octmnist,L40_G40,RegNetY400MF,4,hounie_rcl,26.0,100,100,250,1000,79,0.732816539108831,0.4316109422492401,0.48,0.7292319390709784,0.8086096406161424,0.8973333333333333,results/pending_runs/paper_final/lane0/RegNetY400MF/octmnist/L40_G40/hounie_rcl/seed_4
octmnist,L40_G40,RegNetY400MF,3,hounie_rcl,33.0,100,100,250,1000,73,0.6977516829492721,0.3715170278637771,0.45714285714285713,0.704552006825916,0.780852433918223,0.872,results/pending_runs/paper_final/lane0/RegNetY400MF/octmnist/L40_G40/hounie_rcl/seed_3
octmnist,L40_G40,RegNetY400MF,1,hounie_rcl,36.0,100,100,250,1000,76,0.7496823264146029,0.43558282208588955,0.52,0.7426909509475085,0.8080071759293462,0.9,results/pending_runs/paper_final/lane0/RegNetY400MF/octmnist/L40_G40/hounie_rcl/seed_1
octmnist,L40_G40,RegNetY400MF,2,hounie_rcl,38.0,100,100,250,1000,73,0.7162449370559372,0.4024767801857585,0.48,0.7088903292714545,0.779480302390818,0.8706666666666667,results/pending_runs/paper_final/lane0/RegNetY400MF/octmnist/L40_G40/hounie_rcl/seed_2
octmnist,L40_G40,RegNetY400MF,4,tralo,81.0,100,100,250,1000,97,0.7396246335251364,0.4553314121037464,0.4685714285714286,0.7263552759082658,0.8108648956309182,0.892,results/pending_runs/paper_final/lane0/RegNetY400MF/octmnist/L40_G40/tralo/seed_4
octmnist,L40_G40,RegNetY400MF,3,tralo,90.0,100,100,250,1000,96,0.7228178071017869,0.4508670520231214,0.4685714285714286,0.7061974569702094,0.7836181382116933,0.864,results/pending_runs/paper_final/lane0/RegNetY400MF/octmnist/L40_G40/tralo/seed_3
octmnist,L40_G40,RegNetY400MF,1,tralo,123.0,100,100,250,1000,99,0.7520490464225431,0.5100286532951289,0.5142857142857142,0.7445104700337885,0.8207503459711883,0.9026666666666666,results/pending_runs/paper_final/lane0/RegNetY400MF/octmnist/L40_G40/tralo/seed_1
octmnist,L40_G40,RegNetY400MF,2,tralo,81.0,100,100,250,1000,96,0.7206050388357533,0.47398843930635837,0.4857142857142857,0.7171336845627072,0.7924195226829931,0.8733333333333333,results/pending_runs/paper_final/lane0/RegNetY400MF/octmnist/L40_G40/tralo/seed_2
octmnist,L40_G40,RegNetY400MF,4,danits_lp,0.0,100,100,250,1000,123,0.7179991408387577,0.48,0.4742857142857143,0.7222378719927112,0.8120998719160003,0.876,results/pending_runs/paper_final/lane0/RegNetY400MF/octmnist/L40_G40/danits_lp/seed_4
octmnist,L40_G40,RegNetY400MF,3,danits_lp,0.0,100,100,250,1000,147,0.7384960036124681,0.48,0.48,0.7370769580366612,0.8328682348235609,0.8866666666666667,results/pending_runs/paper_final/lane0/RegNetY400MF/octmnist/L40_G40/danits_lp/seed_3
octmnist,L40_G40,RegNetY400MF,1,danits_lp,0.0,100,100,250,1000,186,0.6568783659678977,0.4114285714285714,0.4114285714285714,0.6718762078578892,0.759440889117465,0.7906666666666666,results/pending_runs/paper_final/lane0/RegNetY400MF/octmnist/L40_G40/danits_lp/seed_1
octmnist,L40_G40,RegNetY400MF,2,danits_lp,0.0,100,100,250,1000,142,0.7767504441652759,0.5085714285714286,0.5085714285714286,0.7228732626848546,0.8065459410913901,0.864,results/pending_runs/paper_final/lane0/RegNetY400MF/octmnist/L40_G40/danits_lp/seed_2
octmnist,L40_G40,RegNetY400MF,4,fioretto_ldf,23.0,100,100,250,1000,83,0.7385874488579899,0.43843843843843844,0.4742857142857143,0.726858401492358,0.8091850018011902,0.896,results/pending_runs/paper_final/lane0/RegNetY400MF/octmnist/L40_G40/fioretto_ldf/seed_4
octmnist,L40_G40,RegNetY400MF,3,fioretto_ldf,31.0,100,100,250,1000,92,0.7043424095812305,0.4269005847953216,0.4514285714285714,0.7041563823326839,0.784684096914384,0.8666666666666667,results/pending_runs/paper_final/lane0/RegNetY400MF/octmnist/L40_G40/fioretto_ldf/seed_3
octmnist,L40_G40,RegNetY400MF,1,fioretto_ldf,34.0,100,100,250,1000,93,0.7526468732133791,0.4897959183673469,0.5028571428571429,0.7391714713125722,0.817094167789532,0.9013333333333333,results/pending_runs/paper_final/lane0/RegNetY400MF/octmnist/L40_G40/fioretto_ldf/seed_1
octmnist,L40_G40,RegNetY400MF,2,fioretto_ldf,299.0,100,100,250,1000,92,0.7245420315218825,0.45161290322580644,0.48,0.7117610567792348,0.7880255958182304,0.8706666666666667,results/pending_runs/paper_final/lane0/RegNetY400MF/octmnist/L40_G40/fioretto_ldf/seed_2
octmnist,L40_G40,RegNetY400MF,4,tralo_bounded,64.0,100,100,250,1000,83,0.7383046227054764,0.43843843843843844,0.4742857142857143,0.7277455629321463,0.8091850018011902,0.896,results/pending_runs/paper_final/lane0/RegNetY400MF/octmnist/L40_G40/tralo_bounded/seed_4
octmnist,L40_G40,RegNetY400MF,3,tralo_bounded,78.0,100,100,250,1000,91,0.7012026482295061,0.4281524926686217,0.45714285714285713,0.703683098829526,0.7842777680326014,0.8666666666666667,results/pending_runs/paper_final/lane0/RegNetY400MF/octmnist/L40_G40/tralo_bounded/seed_3
octmnist,L40_G40,RegNetY400MF,1,tralo_bounded,80.0,100,100,250,1000,95,0.7519012114006944,0.4985507246376812,0.5028571428571429,0.7372442174687246,0.8155135544292577,0.8986666666666666,results/pending_runs/paper_final/lane0/RegNetY400MF/octmnist/L40_G40/tralo_bounded/seed_1
octmnist,L40_G40,RegNetY400MF,2,tralo_bounded,76.0,100,100,250,1000,92,0.7238002617665852,0.4502923976608187,0.48,0.7125600948368913,0.7878519734428572,0.8706666666666667,results/pending_runs/paper_final/lane0/RegNetY400MF/octmnist/L40_G40/tralo_bounded/seed_2
octmnist,L40_G40,RegNetY400MF,4,heuristic,0.0,100,100,250,1000,123,0.7179991408387577,0.4742857142857143,0.4742857142857143,0.7222378719927112,0.8120998719160003,0.876,results/pending_runs/paper_final/lane0/RegNetY400MF/octmnist/L40_G40/heuristic/seed_4
octmnist,L40_G40,RegNetY400MF,3,heuristic,0.0,100,100,250,1000,147,0.7384960036124681,0.48,0.48,0.7370769580366612,0.8328682348235609,0.8866666666666667,results/pending_runs/paper_final/lane0/RegNetY400MF/octmnist/L40_G40/heuristic/seed_3
octmnist,L40_G40,RegNetY400MF,1,heuristic,0.0,100,100,250,1000,186,0.6568783659678977,0.4114285714285714,0.4114285714285714,0.6718762078578892,0.759440889117465,0.7906666666666666,results/pending_runs/paper_final/lane0/RegNetY400MF/octmnist/L40_G40/heuristic/seed_1
octmnist,L40_G40,RegNetY400MF,2,heuristic,0.0,100,100,250,1000,142,0.7767504441652759,0.5085714285714286,0.5085714285714286,0.7228732626848546,0.8065459410913901,0.864,results/pending_runs/paper_final/lane0/RegNetY400MF/octmnist/L40_G40/heuristic/seed_2
