campaign,dataset,cap,model,seed,method,sweep,arm,warmup,cepochs,lr,lr_c,ce_skip,K,count_raw,count_adj,sat,AP,ccF1adj,ccF1eq,macroAdj,macroEq,path
results/pending_runs/paper_backbones,aider,L20_G20,MobileNetV2,4,hounie_rcl,,,50,300,0.0001,5e-06,,20,0,20,0,0.5658821390098887,0.29508196721311475,0.29508196721311475,0.7721868615095587,0.7721868615095587,results/pending_runs/paper_backbones/MobileNetV2/aider/L20_G20/hounie_rcl/seed_4
results/pending_runs/paper_backbones,aider,L20_G20,MobileNetV2,3,hounie_rcl,,,50,300,0.0001,5e-06,,20,1,20,0,0.34068277117187246,0.2459016393442623,0.2459016393442623,0.7660981092877276,0.7660981092877276,results/pending_runs/paper_backbones/MobileNetV2/aider/L20_G20/hounie_rcl/seed_3
results/pending_runs/paper_backbones,aider,L20_G20,MobileNetV2,1,hounie_rcl,,,50,300,0.0001,5e-06,,20,0,20,0,0.22598823113575833,0.16393442622950818,0.16393442622950818,0.7076925642035821,0.7076925642035821,results/pending_runs/paper_backbones/MobileNetV2/aider/L20_G20/hounie_rcl/seed_1
results/pending_runs/paper_backbones,aider,L20_G20,MobileNetV2,2,hounie_rcl,,,50,300,0.0001,5e-06,,20,0,20,0,0.5353603184440169,0.3114754098360656,0.3114754098360656,0.7850832605280457,0.7850832605280457,results/pending_runs/paper_backbones/MobileNetV2/aider/L20_G20/hounie_rcl/seed_2
results/pending_runs/paper_backbones,aider,L20_G20,MobileNetV2,4,tralo,,,50,300,0.0001,5e-06,True,20,18,20,0,0.8919284558614164,0.32786885245901637,0.32786885245901637,0.7896897439663992,0.7896897439663992,results/pending_runs/paper_backbones/MobileNetV2/aider/L20_G20/tralo/seed_4
results/pending_runs/paper_backbones,aider,L20_G20,MobileNetV2,3,tralo,,,50,300,0.0001,5e-06,True,20,14,20,0,0.8179947983893261,0.32786885245901637,0.32786885245901637,0.7944844362202125,0.7944844362202125,results/pending_runs/paper_backbones/MobileNetV2/aider/L20_G20/tralo/seed_3
results/pending_runs/paper_backbones,aider,L20_G20,MobileNetV2,1,tralo,,,50,300,0.0001,5e-06,True,20,18,20,0,0.8079118402931407,0.32786885245901637,0.32786885245901637,0.7741452237259226,0.7741452237259226,results/pending_runs/paper_backbones/MobileNetV2/aider/L20_G20/tralo/seed_1
results/pending_runs/paper_backbones,aider,L20_G20,MobileNetV2,2,tralo,,,50,300,0.0001,5e-06,True,20,17,20,0,0.8478228965682602,0.32786885245901637,0.32786885245901637,0.7942237931108946,0.7942237931108946,results/pending_runs/paper_backbones/MobileNetV2/aider/L20_G20/tralo/seed_2
results/pending_runs/paper_backbones,aider,L20_G20,MobileNetV2,4,danits_lp,,,50,300,0.0001,5e-06,,20,100,20,0,0.9912407856859365,0.32786885245901637,0.32786885245901637,0.7997505028434703,0.7997505028434703,results/pending_runs/paper_backbones/MobileNetV2/aider/L20_G20/danits_lp/seed_4
results/pending_runs/paper_backbones,aider,L20_G20,MobileNetV2,3,danits_lp,,,50,300,0.0001,5e-06,,20,98,20,0,0.9938725234734405,0.32786885245901637,0.32786885245901637,0.7846396999435479,0.7846396999435479,results/pending_runs/paper_backbones/MobileNetV2/aider/L20_G20/danits_lp/seed_3
results/pending_runs/paper_backbones,aider,L20_G20,MobileNetV2,1,danits_lp,,,50,300,0.0001,5e-06,,20,103,20,0,0.9992353832892197,0.32786885245901637,0.32786885245901637,0.7786016749177305,0.7786016749177305,results/pending_runs/paper_backbones/MobileNetV2/aider/L20_G20/danits_lp/seed_1
results/pending_runs/paper_backbones,aider,L20_G20,MobileNetV2,2,danits_lp,,,50,300,0.0001,5e-06,,20,100,20,0,0.9981963654465621,0.32786885245901637,0.32786885245901637,0.7872087594436867,0.7872087594436867,results/pending_runs/paper_backbones/MobileNetV2/aider/L20_G20/danits_lp/seed_2
results/pending_runs/paper_backbones,aider,L20_G20,MobileNetV2,4,fioretto_ldf,,,50,300,0.0001,5e-06,,20,8,20,0,0.8418513104463456,0.32786885245901637,0.32786885245901637,0.7894930837309798,0.7894930837309798,results/pending_runs/paper_backbones/MobileNetV2/aider/L20_G20/fioretto_ldf/seed_4
results/pending_runs/paper_backbones,aider,L20_G20,MobileNetV2,3,fioretto_ldf,,,50,300,0.0001,5e-06,,20,6,20,0,0.7656288194318209,0.32786885245901637,0.32786885245901637,0.7965823793702945,0.7965823793702945,results/pending_runs/paper_backbones/MobileNetV2/aider/L20_G20/fioretto_ldf/seed_3
results/pending_runs/paper_backbones,aider,L20_G20,MobileNetV2,1,fioretto_ldf,,,50,300,0.0001,5e-06,,20,16,20,0,0.7906955217502579,0.32786885245901637,0.32786885245901637,0.7718639425575193,0.7718639425575193,results/pending_runs/paper_backbones/MobileNetV2/aider/L20_G20/fioretto_ldf/seed_1
results/pending_runs/paper_backbones,aider,L20_G20,MobileNetV2,2,fioretto_ldf,,,50,300,0.0001,5e-06,,20,14,20,0,0.7970754071857266,0.32786885245901637,0.32786885245901637,0.790613506260079,0.790613506260079,results/pending_runs/paper_backbones/MobileNetV2/aider/L20_G20/fioretto_ldf/seed_2
results/pending_runs/paper_backbones,aider,L20_G20,MobileNetV2,4,tralo_bounded,,,50,300,0.0001,5e-06,True,20,15,20,0,0.8790189714812492,0.32786885245901637,0.32786885245901637,0.7909932156950847,0.7909932156950847,results/pending_runs/paper_backbones/MobileNetV2/aider/L20_G20/tralo_bounded/seed_4
results/pending_runs/paper_backbones,aider,L20_G20,MobileNetV2,3,tralo_bounded,,,50,300,0.0001,5e-06,True,20,4,20,0,0.7602449880511076,0.32786885245901637,0.32786885245901637,0.795527540839428,0.795527540839428,results/pending_runs/paper_backbones/MobileNetV2/aider/L20_G20/tralo_bounded/seed_3
results/pending_runs/paper_backbones,aider,L20_G20,MobileNetV2,1,tralo_bounded,,,50,300,0.0001,5e-06,True,20,14,20,0,0.7730958542334949,0.32786885245901637,0.32786885245901637,0.7701791680389288,0.7701791680389288,results/pending_runs/paper_backbones/MobileNetV2/aider/L20_G20/tralo_bounded/seed_1
results/pending_runs/paper_backbones,aider,L20_G20,MobileNetV2,2,tralo_bounded,,,50,300,0.0001,5e-06,True,20,15,20,0,0.8266287150008809,0.32786885245901637,0.32786885245901637,0.7952337087704378,0.7952337087704378,results/pending_runs/paper_backbones/MobileNetV2/aider/L20_G20/tralo_bounded/seed_2
results/pending_runs/paper_backbones,aider,L20_G20,MobileNetV2,4,heuristic,,,50,300,0.0001,5e-06,,20,100,20,0,0.9912407856859365,0.32786885245901637,0.32786885245901637,0.7997505028434703,0.7997505028434703,results/pending_runs/paper_backbones/MobileNetV2/aider/L20_G20/heuristic/seed_4
results/pending_runs/paper_backbones,aider,L20_G20,MobileNetV2,3,heuristic,,,50,300,0.0001,5e-06,,20,98,20,0,0.9938725234734405,0.32786885245901637,0.32786885245901637,0.7846396999435479,0.7846396999435479,results/pending_runs/paper_backbones/MobileNetV2/aider/L20_G20/heuristic/seed_3
results/pending_runs/paper_backbones,aider,L20_G20,MobileNetV2,1,heuristic,,,50,300,0.0001,5e-06,,20,103,20,0,0.9992353832892197,0.32786885245901637,0.32786885245901637,0.7786016749177305,0.7786016749177305,results/pending_runs/paper_backbones/MobileNetV2/aider/L20_G20/heuristic/seed_1
results/pending_runs/paper_backbones,aider,L20_G20,MobileNetV2,2,heuristic,,,50,300,0.0001,5e-06,,20,100,20,0,0.9981963654465621,0.32786885245901637,0.32786885245901637,0.7872087594436867,0.7872087594436867,results/pending_runs/paper_backbones/MobileNetV2/aider/L20_G20/heuristic/seed_2
results/pending_runs/paper_backbones,aider,L70_G70,MobileNetV2,4,hounie_rcl,,,50,300,0.0001,5e-06,,71,42,71,0,0.9458582139742329,0.8208092485549133,0.8208092485549133,0.9257837516726056,0.9257837516726056,results/pending_runs/paper_backbones/MobileNetV2/aider/L70_G70/hounie_rcl/seed_4
results/pending_runs/paper_backbones,aider,L70_G70,MobileNetV2,3,hounie_rcl,,,50,300,0.0001,5e-06,,71,26,71,0,0.8821167269748643,0.8092485549132948,0.8092485549132948,0.9261604031832518,0.9261604031832518,results/pending_runs/paper_backbones/MobileNetV2/aider/L70_G70/hounie_rcl/seed_3
results/pending_runs/paper_backbones,aider,L70_G70,MobileNetV2,1,hounie_rcl,,,50,300,0.0001,5e-06,,71,21,71,0,0.8602866200319169,0.8208092485549133,0.8208092485549133,0.9087770813803584,0.9087770813803584,results/pending_runs/paper_backbones/MobileNetV2/aider/L70_G70/hounie_rcl/seed_1
results/pending_runs/paper_backbones,aider,L70_G70,MobileNetV2,2,hounie_rcl,,,50,300,0.0001,5e-06,,71,57,71,0,0.9490619558101111,0.8208092485549133,0.8208092485549133,0.9293832667464985,0.9293832667464985,results/pending_runs/paper_backbones/MobileNetV2/aider/L70_G70/hounie_rcl/seed_2
results/pending_runs/paper_backbones,aider,L70_G70,MobileNetV2,4,tralo,,,50,300,0.0001,5e-06,True,71,70,71,0,0.9699524493700853,0.8208092485549133,0.8208092485549133,0.9260815141356934,0.9260815141356934,results/pending_runs/paper_backbones/MobileNetV2/aider/L70_G70/tralo/seed_4
results/pending_runs/paper_backbones,aider,L70_G70,MobileNetV2,3,tralo,,,50,300,0.0001,5e-06,True,71,69,71,0,0.9603065063018391,0.8208092485549133,0.8208092485549133,0.929160230729799,0.929160230729799,results/pending_runs/paper_backbones/MobileNetV2/aider/L70_G70/tralo/seed_3
results/pending_runs/paper_backbones,aider,L70_G70,MobileNetV2,1,tralo,,,50,300,0.0001,5e-06,True,71,70,71,0,0.9564146098605231,0.8208092485549133,0.8208092485549133,0.9264266022012417,0.9264266022012417,results/pending_runs/paper_backbones/MobileNetV2/aider/L70_G70/tralo/seed_1
results/pending_runs/paper_backbones,aider,L70_G70,MobileNetV2,2,tralo,,,50,300,0.0001,5e-06,True,71,71,71,1,0.975642823978013,0.8208092485549133,0.8208092485549133,0.9293832667464985,0.9293832667464985,results/pending_runs/paper_backbones/MobileNetV2/aider/L70_G70/tralo/seed_2
results/pending_runs/paper_backbones,aider,L70_G70,MobileNetV2,4,danits_lp,,,50,300,0.0001,5e-06,,71,100,71,0,0.9912407856859365,0.8208092485549133,0.8208092485549133,0.9367660067180924,0.9367660067180924,results/pending_runs/paper_backbones/MobileNetV2/aider/L70_G70/danits_lp/seed_4
results/pending_runs/paper_backbones,aider,L70_G70,MobileNetV2,3,danits_lp,,,50,300,0.0001,5e-06,,71,98,71,0,0.9938725234734405,0.8208092485549133,0.8208092485549133,0.9242156174041589,0.9242156174041589,results/pending_runs/paper_backbones/MobileNetV2/aider/L70_G70/danits_lp/seed_3
results/pending_runs/paper_backbones,aider,L70_G70,MobileNetV2,1,danits_lp,,,50,300,0.0001,5e-06,,71,103,71,0,0.9992353832892197,0.8208092485549133,0.8208092485549133,0.9334133558739656,0.9334133558739656,results/pending_runs/paper_backbones/MobileNetV2/aider/L70_G70/danits_lp/seed_1
results/pending_runs/paper_backbones,aider,L70_G70,MobileNetV2,2,danits_lp,,,50,300,0.0001,5e-06,,71,100,71,0,0.9981963654465621,0.8208092485549133,0.8208092485549133,0.9321338929936669,0.9331580389979639,results/pending_runs/paper_backbones/MobileNetV2/aider/L70_G70/danits_lp/seed_2
results/pending_runs/paper_backbones,aider,L70_G70,MobileNetV2,4,fioretto_ldf,,,50,300,0.0001,5e-06,,71,58,71,0,0.9626079478008635,0.8208092485549133,0.8208092485549133,0.9252406638551625,0.9252406638551625,results/pending_runs/paper_backbones/MobileNetV2/aider/L70_G70/fioretto_ldf/seed_4
results/pending_runs/paper_backbones,aider,L70_G70,MobileNetV2,3,fioretto_ldf,,,50,300,0.0001,5e-06,,71,66,71,0,0.9513658988455038,0.8208092485549133,0.8208092485549133,0.931062437667911,0.931062437667911,results/pending_runs/paper_backbones/MobileNetV2/aider/L70_G70/fioretto_ldf/seed_3
results/pending_runs/paper_backbones,aider,L70_G70,MobileNetV2,1,fioretto_ldf,,,50,300,0.0001,5e-06,,71,65,71,0,0.9436550680445572,0.8208092485549133,0.8208092485549133,0.9235539205926684,0.9235539205926684,results/pending_runs/paper_backbones/MobileNetV2/aider/L70_G70/fioretto_ldf/seed_1
results/pending_runs/paper_backbones,aider,L70_G70,MobileNetV2,2,fioretto_ldf,,,50,300,0.0001,5e-06,,71,68,71,0,0.9713691961826144,0.8208092485549133,0.8208092485549133,0.9303869157137823,0.9303869157137823,results/pending_runs/paper_backbones/MobileNetV2/aider/L70_G70/fioretto_ldf/seed_2
results/pending_runs/paper_backbones,aider,L70_G70,MobileNetV2,4,tralo_bounded,,,50,300,0.0001,5e-06,True,71,69,71,0,0.9663314717066385,0.8208092485549133,0.8208092485549133,0.9266823370904187,0.9266823370904187,results/pending_runs/paper_backbones/MobileNetV2/aider/L70_G70/tralo_bounded/seed_4
results/pending_runs/paper_backbones,aider,L70_G70,MobileNetV2,3,tralo_bounded,,,50,300,0.0001,5e-06,True,71,57,71,0,0.9436173249225845,0.8208092485549133,0.8208092485549133,0.931062437667911,0.931062437667911,results/pending_runs/paper_backbones/MobileNetV2/aider/L70_G70/tralo_bounded/seed_3
results/pending_runs/paper_backbones,aider,L70_G70,MobileNetV2,1,tralo_bounded,,,50,300,0.0001,5e-06,True,71,70,71,0,0.9551426525753977,0.8208092485549133,0.8208092485549133,0.9279078211203556,0.9279078211203556,results/pending_runs/paper_backbones/MobileNetV2/aider/L70_G70/tralo_bounded/seed_1
results/pending_runs/paper_backbones,aider,L70_G70,MobileNetV2,2,tralo_bounded,,,50,300,0.0001,5e-06,True,71,63,71,0,0.9634043714428621,0.8208092485549133,0.8208092485549133,0.9303869157137823,0.9303869157137823,results/pending_runs/paper_backbones/MobileNetV2/aider/L70_G70/tralo_bounded/seed_2
results/pending_runs/paper_backbones,aider,L70_G70,MobileNetV2,4,heuristic,,,50,300,0.0001,5e-06,,71,100,71,0,0.9912407856859365,0.8208092485549133,0.8208092485549133,0.9367660067180924,0.9367660067180924,results/pending_runs/paper_backbones/MobileNetV2/aider/L70_G70/heuristic/seed_4
results/pending_runs/paper_backbones,aider,L70_G70,MobileNetV2,3,heuristic,,,50,300,0.0001,5e-06,,71,98,71,0,0.9938725234734405,0.8208092485549133,0.8208092485549133,0.9242156174041589,0.9242156174041589,results/pending_runs/paper_backbones/MobileNetV2/aider/L70_G70/heuristic/seed_3
results/pending_runs/paper_backbones,aider,L70_G70,MobileNetV2,1,heuristic,,,50,300,0.0001,5e-06,,71,103,71,0,0.9992353832892197,0.8208092485549133,0.8208092485549133,0.9334133558739656,0.9334133558739656,results/pending_runs/paper_backbones/MobileNetV2/aider/L70_G70/heuristic/seed_1
results/pending_runs/paper_backbones,aider,L70_G70,MobileNetV2,2,heuristic,,,50,300,0.0001,5e-06,,71,100,71,0,0.9981963654465621,0.8208092485549133,0.8208092485549133,0.9331580389979639,0.9331580389979639,results/pending_runs/paper_backbones/MobileNetV2/aider/L70_G70/heuristic/seed_2
results/pending_runs/paper_backbones,aider,L30_G30,MobileNetV2,4,hounie_rcl,,,50,300,0.0001,5e-06,,31,0,31,0,0.6559500589910919,0.42105263157894735,0.42105263157894735,0.8053695665134197,0.8053695665134197,results/pending_runs/paper_backbones/MobileNetV2/aider/L30_G30/hounie_rcl/seed_4
results/pending_runs/paper_backbones,aider,L30_G30,MobileNetV2,3,hounie_rcl,,,50,300,0.0001,5e-06,,31,1,31,0,0.5156569652270944,0.43609022556390975,0.43609022556390975,0.821382070631519,0.821382070631519,results/pending_runs/paper_backbones/MobileNetV2/aider/L30_G30/hounie_rcl/seed_3
results/pending_runs/paper_backbones,aider,L30_G30,MobileNetV2,1,hounie_rcl,,,50,300,0.0001,5e-06,,31,2,31,0,0.47273164222305064,0.39097744360902253,0.39097744360902253,0.78125135305347,0.78125135305347,results/pending_runs/paper_backbones/MobileNetV2/aider/L30_G30/hounie_rcl/seed_1
results/pending_runs/paper_backbones,aider,L30_G30,MobileNetV2,2,hounie_rcl,,,50,300,0.0001,5e-06,,31,2,31,0,0.6765125946880615,0.45112781954887216,0.45112781954887216,0.8214110732449321,0.8214110732449321,results/pending_runs/paper_backbones/MobileNetV2/aider/L30_G30/hounie_rcl/seed_2
results/pending_runs/paper_backbones,aider,L30_G30,MobileNetV2,4,tralo,,,50,300,0.0001,5e-06,True,31,31,31,1,0.9249663462648983,0.46616541353383456,0.46616541353383456,0.8275136962481343,0.8275136962481343,results/pending_runs/paper_backbones/MobileNetV2/aider/L30_G30/tralo/seed_4
results/pending_runs/paper_backbones,aider,L30_G30,MobileNetV2,3,tralo,,,50,300,0.0001,5e-06,True,31,31,31,1,0.8907817800071118,0.46616541353383456,0.46616541353383456,0.8346914284212354,0.8346914284212354,results/pending_runs/paper_backbones/MobileNetV2/aider/L30_G30/tralo/seed_3
results/pending_runs/paper_backbones,aider,L30_G30,MobileNetV2,1,tralo,,,50,300,0.0001,5e-06,True,31,28,31,0,0.8762049520403996,0.46616541353383456,0.46616541353383456,0.8111514189949866,0.8111514189949866,results/pending_runs/paper_backbones/MobileNetV2/aider/L30_G30/tralo/seed_1
results/pending_runs/paper_backbones,aider,L30_G30,MobileNetV2,2,tralo,,,50,300,0.0001,5e-06,True,31,30,31,0,0.888211621871042,0.46616541353383456,0.46616541353383456,0.8292260508303588,0.8292260508303588,results/pending_runs/paper_backbones/MobileNetV2/aider/L30_G30/tralo/seed_2
results/pending_runs/paper_backbones,aider,L30_G30,MobileNetV2,4,danits_lp,,,50,300,0.0001,5e-06,,31,100,31,0,0.9912407856859365,0.46616541353383456,0.46616541353383456,0.8367548520060482,0.8357783290555981,results/pending_runs/paper_backbones/MobileNetV2/aider/L30_G30/danits_lp/seed_4
results/pending_runs/paper_backbones,aider,L30_G30,MobileNetV2,3,danits_lp,,,50,300,0.0001,5e-06,,31,98,31,0,0.9938725234734405,0.46616541353383456,0.46616541353383456,0.825349986179417,0.825349986179417,results/pending_runs/paper_backbones/MobileNetV2/aider/L30_G30/danits_lp/seed_3
results/pending_runs/paper_backbones,aider,L30_G30,MobileNetV2,1,danits_lp,,,50,300,0.0001,5e-06,,31,103,31,0,0.9992353832892197,0.46616541353383456,0.46616541353383456,0.8221682186609063,0.8221682186609063,results/pending_runs/paper_backbones/MobileNetV2/aider/L30_G30/danits_lp/seed_1
results/pending_runs/paper_backbones,aider,L30_G30,MobileNetV2,2,danits_lp,,,50,300,0.0001,5e-06,,31,100,31,0,0.9981963654465621,0.46616541353383456,0.46616541353383456,0.8267131859265335,0.8267131859265335,results/pending_runs/paper_backbones/MobileNetV2/aider/L30_G30/danits_lp/seed_2
results/pending_runs/paper_backbones,aider,L30_G30,MobileNetV2,4,fioretto_ldf,,,50,300,0.0001,5e-06,,31,19,31,0,0.8988146744124071,0.46616541353383456,0.46616541353383456,0.8269790065662905,0.8269790065662905,results/pending_runs/paper_backbones/MobileNetV2/aider/L30_G30/fioretto_ldf/seed_4
results/pending_runs/paper_backbones,aider,L30_G30,MobileNetV2,3,fioretto_ldf,,,50,300,0.0001,5e-06,,31,22,31,0,0.8502572318617381,0.46616541353383456,0.46616541353383456,0.8315179249716141,0.8315179249716141,results/pending_runs/paper_backbones/MobileNetV2/aider/L30_G30/fioretto_ldf/seed_3
results/pending_runs/paper_backbones,aider,L30_G30,MobileNetV2,1,fioretto_ldf,,,50,300,0.0001,5e-06,,31,25,31,0,0.8606862345433921,0.46616541353383456,0.46616541353383456,0.8111514189949866,0.8111514189949866,results/pending_runs/paper_backbones/MobileNetV2/aider/L30_G30/fioretto_ldf/seed_1
results/pending_runs/paper_backbones,aider,L30_G30,MobileNetV2,2,fioretto_ldf,,,50,300,0.0001,5e-06,,31,20,31,0,0.8572036629282113,0.46616541353383456,0.46616541353383456,0.83022343127689,0.83022343127689,results/pending_runs/paper_backbones/MobileNetV2/aider/L30_G30/fioretto_ldf/seed_2
results/pending_runs/paper_backbones,aider,L30_G30,MobileNetV2,4,tralo_bounded,,,50,300,0.0001,5e-06,True,31,28,31,0,0.9123963243293357,0.46616541353383456,0.46616541353383456,0.8259468961423141,0.8259468961423141,results/pending_runs/paper_backbones/MobileNetV2/aider/L30_G30/tralo_bounded/seed_4
results/pending_runs/paper_backbones,aider,L30_G30,MobileNetV2,3,tralo_bounded,,,50,300,0.0001,5e-06,True,31,20,31,0,0.8442081323555086,0.46616541353383456,0.46616541353383456,0.8315179249716141,0.8315179249716141,results/pending_runs/paper_backbones/MobileNetV2/aider/L30_G30/tralo_bounded/seed_3
results/pending_runs/paper_backbones,aider,L30_G30,MobileNetV2,1,tralo_bounded,,,50,300,0.0001,5e-06,True,31,20,31,0,0.8419719724821603,0.46616541353383456,0.46616541353383456,0.8111514189949866,0.8111514189949866,results/pending_runs/paper_backbones/MobileNetV2/aider/L30_G30/tralo_bounded/seed_1
results/pending_runs/paper_backbones,aider,L30_G30,MobileNetV2,2,tralo_bounded,,,50,300,0.0001,5e-06,True,31,17,31,0,0.8354840303876764,0.46616541353383456,0.46616541353383456,0.8312317983101194,0.8312317983101194,results/pending_runs/paper_backbones/MobileNetV2/aider/L30_G30/tralo_bounded/seed_2
results/pending_runs/paper_backbones,aider,L30_G30,MobileNetV2,4,heuristic,,,50,300,0.0001,5e-06,,31,100,31,0,0.9912407856859365,0.46616541353383456,0.46616541353383456,0.8357783290555981,0.8357783290555981,results/pending_runs/paper_backbones/MobileNetV2/aider/L30_G30/heuristic/seed_4
results/pending_runs/paper_backbones,aider,L30_G30,MobileNetV2,3,heuristic,,,50,300,0.0001,5e-06,,31,98,31,0,0.9938725234734405,0.46616541353383456,0.46616541353383456,0.825349986179417,0.825349986179417,results/pending_runs/paper_backbones/MobileNetV2/aider/L30_G30/heuristic/seed_3
results/pending_runs/paper_backbones,aider,L30_G30,MobileNetV2,1,heuristic,,,50,300,0.0001,5e-06,,31,103,31,0,0.9992353832892197,0.46616541353383456,0.46616541353383456,0.8221682186609063,0.8221682186609063,results/pending_runs/paper_backbones/MobileNetV2/aider/L30_G30/heuristic/seed_1
results/pending_runs/paper_backbones,aider,L30_G30,MobileNetV2,2,heuristic,,,50,300,0.0001,5e-06,,31,100,31,0,0.9981963654465621,0.46616541353383456,0.46616541353383456,0.8267131859265335,0.8267131859265335,results/pending_runs/paper_backbones/MobileNetV2/aider/L30_G30/heuristic/seed_2
results/pending_runs/paper_backbones,aider,L80_G80,MobileNetV2,4,hounie_rcl,,,50,300,0.0001,5e-06,,82,65,82,0,0.9671070336006445,0.8913043478260869,0.8913043478260869,0.9515547582960823,0.9515547582960823,results/pending_runs/paper_backbones/MobileNetV2/aider/L80_G80/hounie_rcl/seed_4
results/pending_runs/paper_backbones,aider,L80_G80,MobileNetV2,3,hounie_rcl,,,50,300,0.0001,5e-06,,82,51,82,0,0.9442105371789657,0.8913043478260869,0.8913043478260869,0.9522697735212318,0.9522697735212318,results/pending_runs/paper_backbones/MobileNetV2/aider/L80_G80/hounie_rcl/seed_3
results/pending_runs/paper_backbones,aider,L80_G80,MobileNetV2,1,hounie_rcl,,,50,300,0.0001,5e-06,,82,62,82,0,0.9427214657120496,0.8913043478260869,0.8913043478260869,0.9447774510210786,0.9447774510210786,results/pending_runs/paper_backbones/MobileNetV2/aider/L80_G80/hounie_rcl/seed_1
results/pending_runs/paper_backbones,aider,L80_G80,MobileNetV2,2,hounie_rcl,,,50,300,0.0001,5e-06,,82,77,82,0,0.9864553269464835,0.8913043478260869,0.8913043478260869,0.9505333053767964,0.9505333053767964,results/pending_runs/paper_backbones/MobileNetV2/aider/L80_G80/hounie_rcl/seed_2
results/pending_runs/paper_backbones,aider,L80_G80,MobileNetV2,4,tralo,,,50,300,0.0001,5e-06,True,82,78,82,0,0.9728179424434517,0.8913043478260869,0.8913043478260869,0.9502099785652618,0.9502099785652618,results/pending_runs/paper_backbones/MobileNetV2/aider/L80_G80/tralo/seed_4
results/pending_runs/paper_backbones,aider,L80_G80,MobileNetV2,3,tralo,,,50,300,0.0001,5e-06,True,82,82,82,1,0.9705001747286702,0.8913043478260869,0.8913043478260869,0.9522697735212318,0.9522697735212318,results/pending_runs/paper_backbones/MobileNetV2/aider/L80_G80/tralo/seed_3
results/pending_runs/paper_backbones,aider,L80_G80,MobileNetV2,1,tralo,,,50,300,0.0001,5e-06,True,82,80,82,0,0.975605719616743,0.8913043478260869,0.8913043478260869,0.9524006927618729,0.9524006927618729,results/pending_runs/paper_backbones/MobileNetV2/aider/L80_G80/tralo/seed_1
results/pending_runs/paper_backbones,aider,L80_G80,MobileNetV2,2,tralo,,,50,300,0.0001,5e-06,True,82,80,82,0,0.9854709659030085,0.8913043478260869,0.8913043478260869,0.9519511376501999,0.9519511376501999,results/pending_runs/paper_backbones/MobileNetV2/aider/L80_G80/tralo/seed_2
results/pending_runs/paper_backbones,aider,L80_G80,MobileNetV2,4,danits_lp,,,50,300,0.0001,5e-06,,82,100,82,0,0.9912407856859365,0.8913043478260869,0.8913043478260869,0.9559164107069539,0.9559164107069539,results/pending_runs/paper_backbones/MobileNetV2/aider/L80_G80/danits_lp/seed_4
results/pending_runs/paper_backbones,aider,L80_G80,MobileNetV2,3,danits_lp,,,50,300,0.0001,5e-06,,82,98,82,0,0.9938725234734405,0.8913043478260869,0.8913043478260869,0.9453620652392298,0.9453620652392298,results/pending_runs/paper_backbones/MobileNetV2/aider/L80_G80/danits_lp/seed_3
results/pending_runs/paper_backbones,aider,L80_G80,MobileNetV2,1,danits_lp,,,50,300,0.0001,5e-06,,82,103,82,0,0.9992353832892197,0.8913043478260869,0.8913043478260869,0.955504864481876,0.955504864481876,results/pending_runs/paper_backbones/MobileNetV2/aider/L80_G80/danits_lp/seed_1
results/pending_runs/paper_backbones,aider,L80_G80,MobileNetV2,2,danits_lp,,,50,300,0.0001,5e-06,,82,100,82,0,0.9981963654465621,0.8913043478260869,0.8913043478260869,0.9552470761234992,0.9552470761234992,results/pending_runs/paper_backbones/MobileNetV2/aider/L80_G80/danits_lp/seed_2
results/pending_runs/paper_backbones,aider,L80_G80,MobileNetV2,4,fioretto_ldf,,,50,300,0.0001,5e-06,,82,85,82,0,0.9771243325436048,0.8913043478260869,0.8913043478260869,0.9505519645399063,0.9505519645399063,results/pending_runs/paper_backbones/MobileNetV2/aider/L80_G80/fioretto_ldf/seed_4
results/pending_runs/paper_backbones,aider,L80_G80,MobileNetV2,3,fioretto_ldf,,,50,300,0.0001,5e-06,,82,79,82,0,0.9660209800825071,0.8913043478260869,0.8913043478260869,0.9522697735212318,0.9522697735212318,results/pending_runs/paper_backbones/MobileNetV2/aider/L80_G80/fioretto_ldf/seed_3
results/pending_runs/paper_backbones,aider,L80_G80,MobileNetV2,1,fioretto_ldf,,,50,300,0.0001,5e-06,,82,71,82,0,0.9642444830075833,0.8913043478260869,0.8913043478260869,0.9491658445940727,0.9491658445940727,results/pending_runs/paper_backbones/MobileNetV2/aider/L80_G80/fioretto_ldf/seed_1
results/pending_runs/paper_backbones,aider,L80_G80,MobileNetV2,2,fioretto_ldf,,,50,300,0.0001,5e-06,,82,78,82,0,0.989160596420999,0.8913043478260869,0.8913043478260869,0.9505333053767964,0.9505333053767964,results/pending_runs/paper_backbones/MobileNetV2/aider/L80_G80/fioretto_ldf/seed_2
results/pending_runs/paper_backbones,aider,L80_G80,MobileNetV2,4,tralo_bounded,,,50,300,0.0001,5e-06,True,82,80,82,0,0.9736394924417872,0.8913043478260869,0.8913043478260869,0.9502099785652618,0.9502099785652618,results/pending_runs/paper_backbones/MobileNetV2/aider/L80_G80/tralo_bounded/seed_4
results/pending_runs/paper_backbones,aider,L80_G80,MobileNetV2,3,tralo_bounded,,,50,300,0.0001,5e-06,True,82,81,82,0,0.9684038586914542,0.8913043478260869,0.8913043478260869,0.9526417813502213,0.9526417813502213,results/pending_runs/paper_backbones/MobileNetV2/aider/L80_G80/tralo_bounded/seed_3
results/pending_runs/paper_backbones,aider,L80_G80,MobileNetV2,1,tralo_bounded,,,50,300,0.0001,5e-06,True,82,77,82,0,0.9731976226588701,0.8913043478260869,0.8913043478260869,0.9534479678720267,0.9534479678720267,results/pending_runs/paper_backbones/MobileNetV2/aider/L80_G80/tralo_bounded/seed_1
results/pending_runs/paper_backbones,aider,L80_G80,MobileNetV2,2,tralo_bounded,,,50,300,0.0001,5e-06,True,82,78,82,0,0.9834001791942237,0.8913043478260869,0.8913043478260869,0.9505333053767964,0.9505333053767964,results/pending_runs/paper_backbones/MobileNetV2/aider/L80_G80/tralo_bounded/seed_2
results/pending_runs/paper_backbones,aider,L80_G80,MobileNetV2,4,heuristic,,,50,300,0.0001,5e-06,,82,100,82,0,0.9912407856859365,0.8913043478260869,0.8913043478260869,0.9559164107069539,0.9559164107069539,results/pending_runs/paper_backbones/MobileNetV2/aider/L80_G80/heuristic/seed_4
results/pending_runs/paper_backbones,aider,L80_G80,MobileNetV2,3,heuristic,,,50,300,0.0001,5e-06,,82,98,82,0,0.9938725234734405,0.8913043478260869,0.8913043478260869,0.9453620652392298,0.9453620652392298,results/pending_runs/paper_backbones/MobileNetV2/aider/L80_G80/heuristic/seed_3
results/pending_runs/paper_backbones,aider,L80_G80,MobileNetV2,1,heuristic,,,50,300,0.0001,5e-06,,82,103,82,0,0.9992353832892197,0.8913043478260869,0.8913043478260869,0.955504864481876,0.955504864481876,results/pending_runs/paper_backbones/MobileNetV2/aider/L80_G80/heuristic/seed_1
results/pending_runs/paper_backbones,aider,L80_G80,MobileNetV2,2,heuristic,,,50,300,0.0001,5e-06,,82,100,82,0,0.9981963654465621,0.8913043478260869,0.8913043478260869,0.9552470761234992,0.9552470761234992,results/pending_runs/paper_backbones/MobileNetV2/aider/L80_G80/heuristic/seed_2
results/pending_runs/paper_backbones,dermmnist,L20_G20,MobileNetV2,4,hounie_rcl,,,50,300,0.0001,5e-06,,45,20,45,0,0.6312541157886182,0.31343283582089554,0.31343283582089554,0.6816332506210215,0.6816332506210215,results/pending_runs/paper_backbones/MobileNetV2/dermmnist/L20_G20/hounie_rcl/seed_4
results/pending_runs/paper_backbones,dermmnist,L20_G20,MobileNetV2,3,hounie_rcl,,,50,300,0.0001,5e-06,,45,24,45,0,0.6259007321499401,0.30597014925373134,0.30597014925373134,0.6577008108186052,0.6577008108186052,results/pending_runs/paper_backbones/MobileNetV2/dermmnist/L20_G20/hounie_rcl/seed_3
results/pending_runs/paper_backbones,dermmnist,L20_G20,MobileNetV2,1,hounie_rcl,,,50,300,0.0001,5e-06,,45,20,45,0,0.5872009592209897,0.29850746268656714,0.29850746268656714,0.6711608057758903,0.6711608057758903,results/pending_runs/paper_backbones/MobileNetV2/dermmnist/L20_G20/hounie_rcl/seed_1
results/pending_runs/paper_backbones,dermmnist,L20_G20,MobileNetV2,2,hounie_rcl,,,50,300,0.0001,5e-06,,45,11,45,0,0.578167441676417,0.2835820895522388,0.2835820895522388,0.6780246779800099,0.6780246779800099,results/pending_runs/paper_backbones/MobileNetV2/dermmnist/L20_G20/hounie_rcl/seed_2
results/pending_runs/paper_backbones,dermmnist,L20_G20,MobileNetV2,4,tralo,,,50,300,0.0001,5e-06,True,45,45,45,1,0.6565460246900496,0.31343283582089554,0.31343283582089554,0.6889237724765237,0.6889237724765237,results/pending_runs/paper_backbones/MobileNetV2/dermmnist/L20_G20/tralo/seed_4
results/pending_runs/paper_backbones,dermmnist,L20_G20,MobileNetV2,3,tralo,,,50,300,0.0001,5e-06,True,45,44,45,0,0.6424069517319727,0.30597014925373134,0.30597014925373134,0.6651120325046423,0.6651120325046423,results/pending_runs/paper_backbones/MobileNetV2/dermmnist/L20_G20/tralo/seed_3
results/pending_runs/paper_backbones,dermmnist,L20_G20,MobileNetV2,1,tralo,,,50,300,0.0001,5e-06,True,45,40,45,0,0.6120841820321519,0.31343283582089554,0.31343283582089554,0.6745567264188933,0.6745567264188933,results/pending_runs/paper_backbones/MobileNetV2/dermmnist/L20_G20/tralo/seed_1
results/pending_runs/paper_backbones,dermmnist,L20_G20,MobileNetV2,2,tralo,,,50,300,0.0001,5e-06,True,45,44,45,0,0.6299921386395398,0.291044776119403,0.291044776119403,0.6639242787715967,0.6639242787715967,results/pending_runs/paper_backbones/MobileNetV2/dermmnist/L20_G20/tralo/seed_2
results/pending_runs/paper_backbones,dermmnist,L20_G20,MobileNetV2,4,danits_lp,,,50,300,0.0001,5e-06,,45,187,45,0,0.67448965388653,0.31343283582089554,0.31343283582089554,0.6824067014128671,0.6824067014128671,results/pending_runs/paper_backbones/MobileNetV2/dermmnist/L20_G20/danits_lp/seed_4
results/pending_runs/paper_backbones,dermmnist,L20_G20,MobileNetV2,3,danits_lp,,,50,300,0.0001,5e-06,,45,205,45,0,0.6740513344216272,0.29850746268656714,0.29850746268656714,0.6593178744581146,0.6591632679665613,results/pending_runs/paper_backbones/MobileNetV2/dermmnist/L20_G20/danits_lp/seed_3
results/pending_runs/paper_backbones,dermmnist,L20_G20,MobileNetV2,1,danits_lp,,,50,300,0.0001,5e-06,,45,190,45,0,0.6562966050211841,0.29850746268656714,0.29850746268656714,0.668931353569237,0.6695198618646202,results/pending_runs/paper_backbones/MobileNetV2/dermmnist/L20_G20/danits_lp/seed_1
results/pending_runs/paper_backbones,dermmnist,L20_G20,MobileNetV2,2,danits_lp,,,50,300,0.0001,5e-06,,45,183,45,0,0.6785281298139196,0.31343283582089554,0.31343283582089554,0.6841227973532016,0.6841227973532016,results/pending_runs/paper_backbones/MobileNetV2/dermmnist/L20_G20/danits_lp/seed_2
results/pending_runs/paper_backbones,dermmnist,L20_G20,MobileNetV2,4,fioretto_ldf,,,50,300,0.0001,5e-06,,45,34,45,0,0.6542024374591829,0.31343283582089554,0.31343283582089554,0.6775010058416852,0.6775010058416852,results/pending_runs/paper_backbones/MobileNetV2/dermmnist/L20_G20/fioretto_ldf/seed_4
results/pending_runs/paper_backbones,dermmnist,L20_G20,MobileNetV2,3,fioretto_ldf,,,50,300,0.0001,5e-06,,45,39,45,0,0.6350194459891149,0.30597014925373134,0.30597014925373134,0.6599206032518605,0.6599206032518605,results/pending_runs/paper_backbones/MobileNetV2/dermmnist/L20_G20/fioretto_ldf/seed_3
results/pending_runs/paper_backbones,dermmnist,L20_G20,MobileNetV2,1,fioretto_ldf,,,50,300,0.0001,5e-06,,45,25,45,0,0.596597386296603,0.29850746268656714,0.29850746268656714,0.6709765553954444,0.6709765553954444,results/pending_runs/paper_backbones/MobileNetV2/dermmnist/L20_G20/fioretto_ldf/seed_1
results/pending_runs/paper_backbones,dermmnist,L20_G20,MobileNetV2,2,fioretto_ldf,,,50,300,0.0001,5e-06,,45,25,45,0,0.6112374800061482,0.2835820895522388,0.2835820895522388,0.6658175288411969,0.6658175288411969,results/pending_runs/paper_backbones/MobileNetV2/dermmnist/L20_G20/fioretto_ldf/seed_2
results/pending_runs/paper_backbones,dermmnist,L20_G20,MobileNetV2,4,tralo_bounded,,,50,300,0.0001,5e-06,True,45,42,45,0,0.6536471810913034,0.31343283582089554,0.31343283582089554,0.6782397949666539,0.6762691428799458,results/pending_runs/paper_backbones/MobileNetV2/dermmnist/L20_G20/tralo_bounded/seed_4
results/pending_runs/paper_backbones,dermmnist,L20_G20,MobileNetV2,3,tralo_bounded,,,50,300,0.0001,5e-06,True,45,39,45,0,0.6441123703286336,0.30597014925373134,0.30597014925373134,0.6510007846702052,0.6510007846702052,results/pending_runs/paper_backbones/MobileNetV2/dermmnist/L20_G20/tralo_bounded/seed_3
results/pending_runs/paper_backbones,dermmnist,L20_G20,MobileNetV2,1,tralo_bounded,,,50,300,0.0001,5e-06,True,45,26,45,0,0.6018243801506353,0.30597014925373134,0.30597014925373134,0.6763194148705285,0.6763194148705285,results/pending_runs/paper_backbones/MobileNetV2/dermmnist/L20_G20/tralo_bounded/seed_1
results/pending_runs/paper_backbones,dermmnist,L20_G20,MobileNetV2,2,tralo_bounded,,,50,300,0.0001,5e-06,True,45,29,45,0,0.6160879714554311,0.2835820895522388,0.2835820895522388,0.6640748381110765,0.6640748381110765,results/pending_runs/paper_backbones/MobileNetV2/dermmnist/L20_G20/tralo_bounded/seed_2
results/pending_runs/paper_backbones,dermmnist,L20_G20,MobileNetV2,4,heuristic,,,50,300,0.0001,5e-06,,45,187,45,0,0.67448965388653,0.31343283582089554,0.31343283582089554,0.6824067014128671,0.6824067014128671,results/pending_runs/paper_backbones/MobileNetV2/dermmnist/L20_G20/heuristic/seed_4
results/pending_runs/paper_backbones,dermmnist,L20_G20,MobileNetV2,3,heuristic,,,50,300,0.0001,5e-06,,45,205,45,0,0.6740513344216272,0.29850746268656714,0.29850746268656714,0.6591632679665613,0.6591632679665613,results/pending_runs/paper_backbones/MobileNetV2/dermmnist/L20_G20/heuristic/seed_3
results/pending_runs/paper_backbones,dermmnist,L20_G20,MobileNetV2,1,heuristic,,,50,300,0.0001,5e-06,,45,190,45,0,0.6562966050211841,0.29850746268656714,0.29850746268656714,0.6695198618646202,0.6695198618646202,results/pending_runs/paper_backbones/MobileNetV2/dermmnist/L20_G20/heuristic/seed_1
results/pending_runs/paper_backbones,dermmnist,L20_G20,MobileNetV2,2,heuristic,,,50,300,0.0001,5e-06,,45,183,45,0,0.6785281298139196,0.31343283582089554,0.31343283582089554,0.6841227973532016,0.6841227973532016,results/pending_runs/paper_backbones/MobileNetV2/dermmnist/L20_G20/heuristic/seed_2
results/pending_runs/paper_backbones,dermmnist,L70_G70,MobileNetV2,4,hounie_rcl,,,50,300,0.0001,5e-06,,156,123,156,0,0.6854204431801691,0.6015831134564644,0.6015831134564644,0.7490464915177937,0.7490464915177937,results/pending_runs/paper_backbones/MobileNetV2/dermmnist/L70_G70/hounie_rcl/seed_4
results/pending_runs/paper_backbones,dermmnist,L70_G70,MobileNetV2,3,hounie_rcl,,,50,300,0.0001,5e-06,,156,125,156,0,0.6820156772537149,0.5910290237467019,0.5910290237467019,0.7303179717699392,0.7303179717699392,results/pending_runs/paper_backbones/MobileNetV2/dermmnist/L70_G70/hounie_rcl/seed_3
results/pending_runs/paper_backbones,dermmnist,L70_G70,MobileNetV2,1,hounie_rcl,,,50,300,0.0001,5e-06,,156,126,156,0,0.6557492584315823,0.6068601583113457,0.6068601583113457,0.7186310523824592,0.7186310523824592,results/pending_runs/paper_backbones/MobileNetV2/dermmnist/L70_G70/hounie_rcl/seed_1
results/pending_runs/paper_backbones,dermmnist,L70_G70,MobileNetV2,2,hounie_rcl,,,50,300,0.0001,5e-06,,156,105,156,0,0.666344279095238,0.6015831134564644,0.6015831134564644,0.7281279769435283,0.7281279769435283,results/pending_runs/paper_backbones/MobileNetV2/dermmnist/L70_G70/hounie_rcl/seed_2
results/pending_runs/paper_backbones,dermmnist,L70_G70,MobileNetV2,4,tralo,,,50,300,0.0001,5e-06,True,156,154,156,0,0.6849145295955065,0.5804749340369393,0.5804749340369393,0.7396714909220053,0.7396714909220053,results/pending_runs/paper_backbones/MobileNetV2/dermmnist/L70_G70/tralo/seed_4
results/pending_runs/paper_backbones,dermmnist,L70_G70,MobileNetV2,3,tralo,,,50,300,0.0001,5e-06,True,156,152,156,0,0.6721044561957258,0.5910290237467019,0.5857519788918206,0.7301426916858035,0.7290764743812207,results/pending_runs/paper_backbones/MobileNetV2/dermmnist/L70_G70/tralo/seed_3
results/pending_runs/paper_backbones,dermmnist,L70_G70,MobileNetV2,1,tralo,,,50,300,0.0001,5e-06,True,156,144,156,0,0.6543062844980321,0.5910290237467019,0.5910290237467019,0.7209052324465075,0.7209052324465075,results/pending_runs/paper_backbones/MobileNetV2/dermmnist/L70_G70/tralo/seed_1
results/pending_runs/paper_backbones,dermmnist,L70_G70,MobileNetV2,2,tralo,,,50,300,0.0001,5e-06,True,156,155,156,0,0.6745704185040879,0.6174142480211082,0.6174142480211082,0.7258304392941709,0.7306058349843152,results/pending_runs/paper_backbones/MobileNetV2/dermmnist/L70_G70/tralo/seed_2
results/pending_runs/paper_backbones,dermmnist,L70_G70,MobileNetV2,4,danits_lp,,,50,300,0.0001,5e-06,,156,187,156,0,0.67448965388653,0.5804749340369393,0.5857519788918206,0.7282467745025999,0.7294581488843566,results/pending_runs/paper_backbones/MobileNetV2/dermmnist/L70_G70/danits_lp/seed_4
results/pending_runs/paper_backbones,dermmnist,L70_G70,MobileNetV2,3,danits_lp,,,50,300,0.0001,5e-06,,156,205,154,0,0.6740513344216272,0.6047745358090185,0.6121372031662269,0.7233032008127708,0.7215826268383945,results/pending_runs/paper_backbones/MobileNetV2/dermmnist/L70_G70/danits_lp/seed_3
results/pending_runs/paper_backbones,dermmnist,L70_G70,MobileNetV2,1,danits_lp,,,50,300,0.0001,5e-06,,156,190,156,0,0.6562966050211841,0.5963060686015831,0.6015831134564644,0.717803554870588,0.7186609380900223,results/pending_runs/paper_backbones/MobileNetV2/dermmnist/L70_G70/danits_lp/seed_1
results/pending_runs/paper_backbones,dermmnist,L70_G70,MobileNetV2,2,danits_lp,,,50,300,0.0001,5e-06,,156,183,156,0,0.6785281298139196,0.6015831134564644,0.6015831134564644,0.7347895755016768,0.7347895755016768,results/pending_runs/paper_backbones/MobileNetV2/dermmnist/L70_G70/danits_lp/seed_2
results/pending_runs/paper_backbones,dermmnist,L70_G70,MobileNetV2,4,fioretto_ldf,,,50,300,0.0001,5e-06,,156,127,156,0,0.6853295544534902,0.6015831134564644,0.6015831134564644,0.7501342229946941,0.7501342229946941,results/pending_runs/paper_backbones/MobileNetV2/dermmnist/L70_G70/fioretto_ldf/seed_4
results/pending_runs/paper_backbones,dermmnist,L70_G70,MobileNetV2,3,fioretto_ldf,,,50,300,0.0001,5e-06,,156,139,156,0,0.683109174210563,0.6015831134564644,0.5963060686015831,0.7344994390945496,0.731242297944736,results/pending_runs/paper_backbones/MobileNetV2/dermmnist/L70_G70/fioretto_ldf/seed_3
results/pending_runs/paper_backbones,dermmnist,L70_G70,MobileNetV2,1,fioretto_ldf,,,50,300,0.0001,5e-06,,156,128,156,0,0.6553031486736716,0.6015831134564644,0.6015831134564644,0.7177736691630248,0.7177736691630248,results/pending_runs/paper_backbones/MobileNetV2/dermmnist/L70_G70/fioretto_ldf/seed_1
results/pending_runs/paper_backbones,dermmnist,L70_G70,MobileNetV2,2,fioretto_ldf,,,50,300,0.0001,5e-06,,156,130,156,0,0.6707529763324338,0.6121372031662269,0.6121372031662269,0.731445547528906,0.731445547528906,results/pending_runs/paper_backbones/MobileNetV2/dermmnist/L70_G70/fioretto_ldf/seed_2
results/pending_runs/paper_backbones,dermmnist,L70_G70,MobileNetV2,4,tralo_bounded,,,50,300,0.0001,5e-06,True,156,131,156,0,0.6859758996558726,0.6015831134564644,0.6015831134564644,0.7501342229946941,0.7501342229946941,results/pending_runs/paper_backbones/MobileNetV2/dermmnist/L70_G70/tralo_bounded/seed_4
results/pending_runs/paper_backbones,dermmnist,L70_G70,MobileNetV2,3,tralo_bounded,,,50,300,0.0001,5e-06,True,156,141,156,0,0.6828528470721823,0.5910290237467019,0.5910290237467019,0.729977090185595,0.729977090185595,results/pending_runs/paper_backbones/MobileNetV2/dermmnist/L70_G70/tralo_bounded/seed_3
results/pending_runs/paper_backbones,dermmnist,L70_G70,MobileNetV2,1,tralo_bounded,,,50,300,0.0001,5e-06,True,156,130,156,0,0.6555935276178395,0.5963060686015831,0.5963060686015831,0.7168859555524938,0.7168859555524938,results/pending_runs/paper_backbones/MobileNetV2/dermmnist/L70_G70/tralo_bounded/seed_1
results/pending_runs/paper_backbones,dermmnist,L70_G70,MobileNetV2,2,tralo_bounded,,,50,300,0.0001,5e-06,True,156,135,156,0,0.6715196555918602,0.6121372031662269,0.6121372031662269,0.7346378328323562,0.7346378328323562,results/pending_runs/paper_backbones/MobileNetV2/dermmnist/L70_G70/tralo_bounded/seed_2
results/pending_runs/paper_backbones,dermmnist,L70_G70,MobileNetV2,4,heuristic,,,50,300,0.0001,5e-06,,156,187,156,0,0.67448965388653,0.5857519788918206,0.5857519788918206,0.7294581488843566,0.7294581488843566,results/pending_runs/paper_backbones/MobileNetV2/dermmnist/L70_G70/heuristic/seed_4
results/pending_runs/paper_backbones,dermmnist,L70_G70,MobileNetV2,3,heuristic,,,50,300,0.0001,5e-06,,156,205,156,0,0.6740513344216272,0.6121372031662269,0.6121372031662269,0.7215826268383945,0.7215826268383945,results/pending_runs/paper_backbones/MobileNetV2/dermmnist/L70_G70/heuristic/seed_3
results/pending_runs/paper_backbones,dermmnist,L70_G70,MobileNetV2,1,heuristic,,,50,300,0.0001,5e-06,,156,190,156,0,0.6562966050211841,0.6015831134564644,0.6015831134564644,0.7186609380900223,0.7186609380900223,results/pending_runs/paper_backbones/MobileNetV2/dermmnist/L70_G70/heuristic/seed_1
results/pending_runs/paper_backbones,dermmnist,L70_G70,MobileNetV2,2,heuristic,,,50,300,0.0001,5e-06,,156,183,156,0,0.6785281298139196,0.6015831134564644,0.6015831134564644,0.7347895755016768,0.7347895755016768,results/pending_runs/paper_backbones/MobileNetV2/dermmnist/L70_G70/heuristic/seed_2
results/pending_runs/paper_backbones,dermmnist,L30_G30,MobileNetV2,4,hounie_rcl,,,50,300,0.0001,5e-06,,67,28,67,0,0.6481419856590777,0.41379310344827586,0.41379310344827586,0.6999091503955134,0.6999091503955134,results/pending_runs/paper_backbones/MobileNetV2/dermmnist/L30_G30/hounie_rcl/seed_4
results/pending_runs/paper_backbones,dermmnist,L30_G30,MobileNetV2,3,hounie_rcl,,,50,300,0.0001,5e-06,,67,44,67,0,0.6489909992282984,0.41379310344827586,0.41379310344827586,0.682503551836196,0.682503551836196,results/pending_runs/paper_backbones/MobileNetV2/dermmnist/L30_G30/hounie_rcl/seed_3
results/pending_runs/paper_backbones,dermmnist,L30_G30,MobileNetV2,1,hounie_rcl,,,50,300,0.0001,5e-06,,67,28,67,0,0.6053682479745581,0.38620689655172413,0.38620689655172413,0.6862264806866022,0.6862264806866022,results/pending_runs/paper_backbones/MobileNetV2/dermmnist/L30_G30/hounie_rcl/seed_1
results/pending_runs/paper_backbones,dermmnist,L30_G30,MobileNetV2,2,hounie_rcl,,,50,300,0.0001,5e-06,,67,23,67,0,0.6022232679767291,0.36551724137931035,0.36551724137931035,0.6829114792968435,0.6829114792968435,results/pending_runs/paper_backbones/MobileNetV2/dermmnist/L30_G30/hounie_rcl/seed_2
results/pending_runs/paper_backbones,dermmnist,L30_G30,MobileNetV2,4,tralo,,,50,300,0.0001,5e-06,True,67,65,67,0,0.6684117065657732,0.41379310344827586,0.41379310344827586,0.7060300435279322,0.7060300435279322,results/pending_runs/paper_backbones/MobileNetV2/dermmnist/L30_G30/tralo/seed_4
results/pending_runs/paper_backbones,dermmnist,L30_G30,MobileNetV2,3,tralo,,,50,300,0.0001,5e-06,True,67,66,67,0,0.6554142042288552,0.4068965517241379,0.4068965517241379,0.6989263924263588,0.6989263924263588,results/pending_runs/paper_backbones/MobileNetV2/dermmnist/L30_G30/tralo/seed_3
results/pending_runs/paper_backbones,dermmnist,L30_G30,MobileNetV2,1,tralo,,,50,300,0.0001,5e-06,True,67,67,67,1,0.6353066222155314,0.3931034482758621,0.3931034482758621,0.6895110341921776,0.6895110341921776,results/pending_runs/paper_backbones/MobileNetV2/dermmnist/L30_G30/tralo/seed_1
results/pending_runs/paper_backbones,dermmnist,L30_G30,MobileNetV2,2,tralo,,,50,300,0.0001,5e-06,True,67,66,67,0,0.6467132531520903,0.38620689655172413,0.38620689655172413,0.6885531179712945,0.6885531179712945,results/pending_runs/paper_backbones/MobileNetV2/dermmnist/L30_G30/tralo/seed_2
results/pending_runs/paper_backbones,dermmnist,L30_G30,MobileNetV2,4,danits_lp,,,50,300,0.0001,5e-06,,67,187,67,0,0.67448965388653,0.41379310344827586,0.41379310344827586,0.6979249511694517,0.6977461124283915,results/pending_runs/paper_backbones/MobileNetV2/dermmnist/L30_G30/danits_lp/seed_4
results/pending_runs/paper_backbones,dermmnist,L30_G30,MobileNetV2,3,danits_lp,,,50,300,0.0001,5e-06,,67,205,67,0,0.6740513344216272,0.4,0.4,0.6766399251685031,0.6766399251685031,results/pending_runs/paper_backbones/MobileNetV2/dermmnist/L30_G30/danits_lp/seed_3
results/pending_runs/paper_backbones,dermmnist,L30_G30,MobileNetV2,1,danits_lp,,,50,300,0.0001,5e-06,,67,190,67,0,0.6562966050211841,0.38620689655172413,0.38620689655172413,0.6847472969618142,0.6847472969618142,results/pending_runs/paper_backbones/MobileNetV2/dermmnist/L30_G30/danits_lp/seed_1
results/pending_runs/paper_backbones,dermmnist,L30_G30,MobileNetV2,2,danits_lp,,,50,300,0.0001,5e-06,,67,183,67,0,0.6785281298139196,0.4,0.3931034482758621,0.6994729832659567,0.6973608883803968,results/pending_runs/paper_backbones/MobileNetV2/dermmnist/L30_G30/danits_lp/seed_2
results/pending_runs/paper_backbones,dermmnist,L30_G30,MobileNetV2,4,fioretto_ldf,,,50,300,0.0001,5e-06,,67,54,67,0,0.6640732885615613,0.4068965517241379,0.4068965517241379,0.7045504866633984,0.7045504866633984,results/pending_runs/paper_backbones/MobileNetV2/dermmnist/L30_G30/fioretto_ldf/seed_4
results/pending_runs/paper_backbones,dermmnist,L30_G30,MobileNetV2,3,fioretto_ldf,,,50,300,0.0001,5e-06,,67,60,67,0,0.6581103362515195,0.4068965517241379,0.41379310344827586,0.6818727470995416,0.6843919789817419,results/pending_runs/paper_backbones/MobileNetV2/dermmnist/L30_G30/fioretto_ldf/seed_3
results/pending_runs/paper_backbones,dermmnist,L30_G30,MobileNetV2,1,fioretto_ldf,,,50,300,0.0001,5e-06,,67,56,67,0,0.6270906093074351,0.38620689655172413,0.38620689655172413,0.6906229789381395,0.6906229789381395,results/pending_runs/paper_backbones/MobileNetV2/dermmnist/L30_G30/fioretto_ldf/seed_1
results/pending_runs/paper_backbones,dermmnist,L30_G30,MobileNetV2,2,fioretto_ldf,,,50,300,0.0001,5e-06,,67,39,67,0,0.6310657642294166,0.38620689655172413,0.38620689655172413,0.689797612782718,0.689797612782718,results/pending_runs/paper_backbones/MobileNetV2/dermmnist/L30_G30/fioretto_ldf/seed_2
results/pending_runs/paper_backbones,dermmnist,L30_G30,MobileNetV2,4,tralo_bounded,,,50,300,0.0001,5e-06,True,67,56,67,0,0.6635994293102387,0.4068965517241379,0.4068965517241379,0.7062673802318854,0.7062673802318854,results/pending_runs/paper_backbones/MobileNetV2/dermmnist/L30_G30/tralo_bounded/seed_4
results/pending_runs/paper_backbones,dermmnist,L30_G30,MobileNetV2,3,tralo_bounded,,,50,300,0.0001,5e-06,True,67,51,67,0,0.6542115538391007,0.4,0.4,0.6794710176891801,0.6794710176891801,results/pending_runs/paper_backbones/MobileNetV2/dermmnist/L30_G30/tralo_bounded/seed_3
results/pending_runs/paper_backbones,dermmnist,L30_G30,MobileNetV2,1,tralo_bounded,,,50,300,0.0001,5e-06,True,67,38,67,0,0.6176277106818076,0.3931034482758621,0.3931034482758621,0.6865189809254381,0.6865189809254381,results/pending_runs/paper_backbones/MobileNetV2/dermmnist/L30_G30/tralo_bounded/seed_1
results/pending_runs/paper_backbones,dermmnist,L30_G30,MobileNetV2,2,tralo_bounded,,,50,300,0.0001,5e-06,True,67,45,67,0,0.6344668414737769,0.38620689655172413,0.38620689655172413,0.6897890974610766,0.6897890974610766,results/pending_runs/paper_backbones/MobileNetV2/dermmnist/L30_G30/tralo_bounded/seed_2
results/pending_runs/paper_backbones,dermmnist,L30_G30,MobileNetV2,4,heuristic,,,50,300,0.0001,5e-06,,67,187,67,0,0.67448965388653,0.41379310344827586,0.41379310344827586,0.6977461124283915,0.6977461124283915,results/pending_runs/paper_backbones/MobileNetV2/dermmnist/L30_G30/heuristic/seed_4
results/pending_runs/paper_backbones,dermmnist,L30_G30,MobileNetV2,3,heuristic,,,50,300,0.0001,5e-06,,67,205,67,0,0.6740513344216272,0.4,0.4,0.6766399251685031,0.6766399251685031,results/pending_runs/paper_backbones/MobileNetV2/dermmnist/L30_G30/heuristic/seed_3
results/pending_runs/paper_backbones,dermmnist,L30_G30,MobileNetV2,1,heuristic,,,50,300,0.0001,5e-06,,67,190,67,0,0.6562966050211841,0.38620689655172413,0.38620689655172413,0.6847472969618142,0.6847472969618142,results/pending_runs/paper_backbones/MobileNetV2/dermmnist/L30_G30/heuristic/seed_1
results/pending_runs/paper_backbones,dermmnist,L30_G30,MobileNetV2,2,heuristic,,,50,300,0.0001,5e-06,,67,183,67,0,0.6785281298139196,0.3931034482758621,0.3931034482758621,0.6973608883803968,0.6973608883803968,results/pending_runs/paper_backbones/MobileNetV2/dermmnist/L30_G30/heuristic/seed_2
results/pending_runs/paper_backbones,dermmnist,L80_G80,MobileNetV2,4,hounie_rcl,,,50,300,0.0001,5e-06,,178,156,178,0,0.6886497805712334,0.6134663341645885,0.6134663341645885,0.7515512192649831,0.7515512192649831,results/pending_runs/paper_backbones/MobileNetV2/dermmnist/L80_G80/hounie_rcl/seed_4
results/pending_runs/paper_backbones,dermmnist,L80_G80,MobileNetV2,3,hounie_rcl,,,50,300,0.0001,5e-06,,178,162,178,0,0.6844804459948561,0.6234413965087282,0.6234413965087282,0.7424098989220403,0.7417515710747724,results/pending_runs/paper_backbones/MobileNetV2/dermmnist/L80_G80/hounie_rcl/seed_3
results/pending_runs/paper_backbones,dermmnist,L80_G80,MobileNetV2,1,hounie_rcl,,,50,300,0.0001,5e-06,,178,170,178,0,0.6590351078136977,0.6084788029925187,0.6084788029925187,0.7349726366495727,0.7349726366495727,results/pending_runs/paper_backbones/MobileNetV2/dermmnist/L80_G80/hounie_rcl/seed_1
results/pending_runs/paper_backbones,dermmnist,L80_G80,MobileNetV2,2,hounie_rcl,,,50,300,0.0001,5e-06,,178,139,178,0,0.6725755473119357,0.6234413965087282,0.6234413965087282,0.7284058942140287,0.7284058942140287,results/pending_runs/paper_backbones/MobileNetV2/dermmnist/L80_G80/hounie_rcl/seed_2
results/pending_runs/paper_backbones,dermmnist,L80_G80,MobileNetV2,4,tralo,,,50,300,0.0001,5e-06,True,178,177,178,0,0.6866018565877554,0.5935162094763092,0.5885286783042394,0.7375583401380619,0.7364381129938848,results/pending_runs/paper_backbones/MobileNetV2/dermmnist/L80_G80/tralo/seed_4
results/pending_runs/paper_backbones,dermmnist,L80_G80,MobileNetV2,3,tralo,,,50,300,0.0001,5e-06,True,178,176,178,0,0.6756370731648673,0.6234413965087282,0.628428927680798,0.7475213819522262,0.748233886405379,results/pending_runs/paper_backbones/MobileNetV2/dermmnist/L80_G80/tralo/seed_3
results/pending_runs/paper_backbones,dermmnist,L80_G80,MobileNetV2,1,tralo,,,50,300,0.0001,5e-06,True,178,178,178,1,0.6571983130319332,0.6034912718204489,0.6034912718204489,0.7301495810849982,0.7277364900614093,results/pending_runs/paper_backbones/MobileNetV2/dermmnist/L80_G80/tralo/seed_1
results/pending_runs/paper_backbones,dermmnist,L80_G80,MobileNetV2,2,tralo,,,50,300,0.0001,5e-06,True,178,177,178,0,0.6727584911782445,0.6184538653366584,0.6184538653366584,0.7369129421665714,0.7361301370456746,results/pending_runs/paper_backbones/MobileNetV2/dermmnist/L80_G80/tralo/seed_2
results/pending_runs/paper_backbones,dermmnist,L80_G80,MobileNetV2,4,danits_lp,,,50,300,0.0001,5e-06,,178,187,176,0,0.67448965388653,0.5964912280701754,0.5935162094763092,0.7345153136360111,0.7349766496839175,results/pending_runs/paper_backbones/MobileNetV2/dermmnist/L80_G80/danits_lp/seed_4
results/pending_runs/paper_backbones,dermmnist,L80_G80,MobileNetV2,3,danits_lp,,,50,300,0.0001,5e-06,,178,205,172,0,0.6740513344216272,0.6227848101265823,0.6184538653366584,0.7245021552925915,0.7246594477748213,results/pending_runs/paper_backbones/MobileNetV2/dermmnist/L80_G80/danits_lp/seed_3
results/pending_runs/paper_backbones,dermmnist,L80_G80,MobileNetV2,1,danits_lp,,,50,300,0.0001,5e-06,,178,190,178,0,0.6562966050211841,0.5985037406483791,0.5985037406483791,0.7189431808837072,0.718432052041407,results/pending_runs/paper_backbones/MobileNetV2/dermmnist/L80_G80/danits_lp/seed_1
results/pending_runs/paper_backbones,dermmnist,L80_G80,MobileNetV2,2,danits_lp,,,50,300,0.0001,5e-06,,178,183,175,0,0.6785281298139196,0.6130653266331658,0.6084788029925187,0.7349940341230141,0.7361172098938448,results/pending_runs/paper_backbones/MobileNetV2/dermmnist/L80_G80/danits_lp/seed_2
results/pending_runs/paper_backbones,dermmnist,L80_G80,MobileNetV2,4,fioretto_ldf,,,50,300,0.0001,5e-06,,178,163,178,0,0.6891109329006023,0.6184538653366584,0.6134663341645885,0.7533682767586034,0.7524680108842473,results/pending_runs/paper_backbones/MobileNetV2/dermmnist/L80_G80/fioretto_ldf/seed_4
results/pending_runs/paper_backbones,dermmnist,L80_G80,MobileNetV2,3,fioretto_ldf,,,50,300,0.0001,5e-06,,178,157,178,0,0.6842611011734209,0.6234413965087282,0.6234413965087282,0.7446261017057952,0.7439662534708892,results/pending_runs/paper_backbones/MobileNetV2/dermmnist/L80_G80/fioretto_ldf/seed_3
results/pending_runs/paper_backbones,dermmnist,L80_G80,MobileNetV2,1,fioretto_ldf,,,50,300,0.0001,5e-06,,178,170,178,0,0.6578469271155142,0.6084788029925187,0.6084788029925187,0.7352566474974115,0.7352566474974115,results/pending_runs/paper_backbones/MobileNetV2/dermmnist/L80_G80/fioretto_ldf/seed_1
results/pending_runs/paper_backbones,dermmnist,L80_G80,MobileNetV2,2,fioretto_ldf,,,50,300,0.0001,5e-06,,178,164,178,0,0.6759846475001648,0.628428927680798,0.628428927680798,0.7345135154646524,0.7345135154646524,results/pending_runs/paper_backbones/MobileNetV2/dermmnist/L80_G80/fioretto_ldf/seed_2
results/pending_runs/paper_backbones,dermmnist,L80_G80,MobileNetV2,4,tralo_bounded,,,50,300,0.0001,5e-06,True,178,164,178,0,0.6891608647562021,0.6134663341645885,0.6134663341645885,0.7511251431504062,0.7524680108842473,results/pending_runs/paper_backbones/MobileNetV2/dermmnist/L80_G80/tralo_bounded/seed_4
results/pending_runs/paper_backbones,dermmnist,L80_G80,MobileNetV2,3,tralo_bounded,,,50,300,0.0001,5e-06,True,178,159,178,0,0.6842879317737937,0.6184538653366584,0.6184538653366584,0.743164554452869,0.7425047062179632,results/pending_runs/paper_backbones/MobileNetV2/dermmnist/L80_G80/tralo_bounded/seed_3
results/pending_runs/paper_backbones,dermmnist,L80_G80,MobileNetV2,1,tralo_bounded,,,50,300,0.0001,5e-06,True,178,170,178,0,0.6578897891796254,0.6084788029925187,0.6084788029925187,0.7352566474974115,0.7352566474974115,results/pending_runs/paper_backbones/MobileNetV2/dermmnist/L80_G80/tralo_bounded/seed_1
results/pending_runs/paper_backbones,dermmnist,L80_G80,MobileNetV2,2,tralo_bounded,,,50,300,0.0001,5e-06,True,178,167,178,0,0.6761701697904006,0.628428927680798,0.628428927680798,0.733706828453726,0.733706828453726,results/pending_runs/paper_backbones/MobileNetV2/dermmnist/L80_G80/tralo_bounded/seed_2
results/pending_runs/paper_backbones,dermmnist,L80_G80,MobileNetV2,4,heuristic,,,50,300,0.0001,5e-06,,178,187,178,0,0.67448965388653,0.5935162094763092,0.5935162094763092,0.7349766496839175,0.7349766496839175,results/pending_runs/paper_backbones/MobileNetV2/dermmnist/L80_G80/heuristic/seed_4
results/pending_runs/paper_backbones,dermmnist,L80_G80,MobileNetV2,3,heuristic,,,50,300,0.0001,5e-06,,178,205,178,0,0.6740513344216272,0.6184538653366584,0.6184538653366584,0.7246594477748213,0.7246594477748213,results/pending_runs/paper_backbones/MobileNetV2/dermmnist/L80_G80/heuristic/seed_3
results/pending_runs/paper_backbones,dermmnist,L80_G80,MobileNetV2,1,heuristic,,,50,300,0.0001,5e-06,,178,190,178,0,0.6562966050211841,0.5985037406483791,0.5985037406483791,0.718432052041407,0.718432052041407,results/pending_runs/paper_backbones/MobileNetV2/dermmnist/L80_G80/heuristic/seed_1
results/pending_runs/paper_backbones,dermmnist,L80_G80,MobileNetV2,2,heuristic,,,50,300,0.0001,5e-06,,178,183,178,0,0.6785281298139196,0.6084788029925187,0.6084788029925187,0.7361172098938448,0.7361172098938448,results/pending_runs/paper_backbones/MobileNetV2/dermmnist/L80_G80/heuristic/seed_2
results/pending_runs/paper_backbones,tissuemnist,L20_G20,MobileNetV2,4,hounie_rcl,,,50,300,0.0001,5e-06,,34,17,34,0,0.3118258216719324,0.2048780487804878,0.2048780487804878,0.36246435940883104,0.36246435940883104,results/pending_runs/paper_backbones/MobileNetV2/tissuemnist/L20_G20/hounie_rcl/seed_4
results/pending_runs/paper_backbones,tissuemnist,L20_G20,MobileNetV2,3,hounie_rcl,,,50,300,0.0001,5e-06,,34,23,34,0,0.26372143636490475,0.1951219512195122,0.1951219512195122,0.3673863419961632,0.3673863419961632,results/pending_runs/paper_backbones/MobileNetV2/tissuemnist/L20_G20/hounie_rcl/seed_3
results/pending_runs/paper_backbones,tissuemnist,L20_G20,MobileNetV2,1,hounie_rcl,,,50,300,0.0001,5e-06,,34,28,34,0,0.3236970054394707,0.24390243902439024,0.24390243902439024,0.36873936574249955,0.36873936574249955,results/pending_runs/paper_backbones/MobileNetV2/tissuemnist/L20_G20/hounie_rcl/seed_1
results/pending_runs/paper_backbones,tissuemnist,L20_G20,MobileNetV2,2,hounie_rcl,,,50,300,0.0001,5e-06,,34,23,34,0,0.33608449979599175,0.22439024390243903,0.22439024390243903,0.3661066470521743,0.3661066470521743,results/pending_runs/paper_backbones/MobileNetV2/tissuemnist/L20_G20/hounie_rcl/seed_2
results/pending_runs/paper_backbones,tissuemnist,L20_G20,MobileNetV2,4,tralo,,,50,300,0.0001,5e-06,True,34,25,34,0,0.34341378756036034,0.22439024390243903,0.22439024390243903,0.3654040794205866,0.3654040794205866,results/pending_runs/paper_backbones/MobileNetV2/tissuemnist/L20_G20/tralo/seed_4
results/pending_runs/paper_backbones,tissuemnist,L20_G20,MobileNetV2,3,tralo,,,50,300,0.0001,5e-06,True,34,28,34,0,0.2833372156086701,0.22439024390243903,0.22439024390243903,0.3720443143486337,0.3720443143486337,results/pending_runs/paper_backbones/MobileNetV2/tissuemnist/L20_G20/tralo/seed_3
results/pending_runs/paper_backbones,tissuemnist,L20_G20,MobileNetV2,1,tralo,,,50,300,0.0001,5e-06,True,34,32,34,0,0.3528633249107181,0.23414634146341465,0.24390243902439024,0.3687887515929158,0.3705042955340695,results/pending_runs/paper_backbones/MobileNetV2/tissuemnist/L20_G20/tralo/seed_1
results/pending_runs/paper_backbones,tissuemnist,L20_G20,MobileNetV2,2,tralo,,,50,300,0.0001,5e-06,True,34,34,34,1,0.3730672490394454,0.23414634146341465,0.23414634146341465,0.37146369146735847,0.37146369146735847,results/pending_runs/paper_backbones/MobileNetV2/tissuemnist/L20_G20/tralo/seed_2
results/pending_runs/paper_backbones,tissuemnist,L20_G20,MobileNetV2,4,danits_lp,,,50,300,0.0001,5e-06,,34,58,34,0,0.2852243570458833,0.18536585365853658,0.18536585365853658,0.32370827784190465,0.32370827784190465,results/pending_runs/paper_backbones/MobileNetV2/tissuemnist/L20_G20/danits_lp/seed_4
results/pending_runs/paper_backbones,tissuemnist,L20_G20,MobileNetV2,3,danits_lp,,,50,300,0.0001,5e-06,,34,155,34,0,0.32371334384225187,0.22439024390243903,0.22439024390243903,0.29207532219890525,0.29207532219890525,results/pending_runs/paper_backbones/MobileNetV2/tissuemnist/L20_G20/danits_lp/seed_3
results/pending_runs/paper_backbones,tissuemnist,L20_G20,MobileNetV2,1,danits_lp,,,50,300,0.0001,5e-06,,34,156,34,0,0.3817653421493668,0.22439024390243903,0.22439024390243903,0.33609093307592525,0.33617310081130675,results/pending_runs/paper_backbones/MobileNetV2/tissuemnist/L20_G20/danits_lp/seed_1
results/pending_runs/paper_backbones,tissuemnist,L20_G20,MobileNetV2,2,danits_lp,,,50,300,0.0001,5e-06,,34,337,34,0,0.30532556380571735,0.15609756097560976,0.15609756097560976,0.33724781024324557,0.33724781024324557,results/pending_runs/paper_backbones/MobileNetV2/tissuemnist/L20_G20/danits_lp/seed_2
results/pending_runs/paper_backbones,tissuemnist,L20_G20,MobileNetV2,4,fioretto_ldf,,,50,300,0.0001,5e-06,,34,23,34,0,0.32395512546687416,0.2146341463414634,0.2146341463414634,0.36441268983887465,0.36441268983887465,results/pending_runs/paper_backbones/MobileNetV2/tissuemnist/L20_G20/fioretto_ldf/seed_4
results/pending_runs/paper_backbones,tissuemnist,L20_G20,MobileNetV2,3,fioretto_ldf,,,50,300,0.0001,5e-06,,34,28,34,0,0.2721967029465878,0.22439024390243903,0.22439024390243903,0.36547234938546724,0.36547234938546724,results/pending_runs/paper_backbones/MobileNetV2/tissuemnist/L20_G20/fioretto_ldf/seed_3
results/pending_runs/paper_backbones,tissuemnist,L20_G20,MobileNetV2,1,fioretto_ldf,,,50,300,0.0001,5e-06,,34,29,34,0,0.3262114979552219,0.22439024390243903,0.23414634146341465,0.37081315055021963,0.37219693761166284,results/pending_runs/paper_backbones/MobileNetV2/tissuemnist/L20_G20/fioretto_ldf/seed_1
results/pending_runs/paper_backbones,tissuemnist,L20_G20,MobileNetV2,2,fioretto_ldf,,,50,300,0.0001,5e-06,,34,30,34,0,0.3525013851011063,0.24390243902439024,0.23414634146341465,0.38319887704725375,0.3810334651420063,results/pending_runs/paper_backbones/MobileNetV2/tissuemnist/L20_G20/fioretto_ldf/seed_2
results/pending_runs/paper_backbones,tissuemnist,L20_G20,MobileNetV2,4,tralo_bounded,,,50,300,0.0001,5e-06,True,34,22,34,0,0.334549326272387,0.23414634146341465,0.23414634146341465,0.3671978113750729,0.3671978113750729,results/pending_runs/paper_backbones/MobileNetV2/tissuemnist/L20_G20/tralo_bounded/seed_4
results/pending_runs/paper_backbones,tissuemnist,L20_G20,MobileNetV2,3,tralo_bounded,,,50,300,0.0001,5e-06,True,34,29,34,0,0.26835451834113067,0.22439024390243903,0.22439024390243903,0.3753173057431555,0.3753173057431555,results/pending_runs/paper_backbones/MobileNetV2/tissuemnist/L20_G20/tralo_bounded/seed_3
results/pending_runs/paper_backbones,tissuemnist,L20_G20,MobileNetV2,1,tralo_bounded,,,50,300,0.0001,5e-06,True,34,29,34,0,0.3363143455085932,0.23414634146341465,0.23414634146341465,0.3613210070980716,0.3613210070980716,results/pending_runs/paper_backbones/MobileNetV2/tissuemnist/L20_G20/tralo_bounded/seed_1
results/pending_runs/paper_backbones,tissuemnist,L20_G20,MobileNetV2,2,tralo_bounded,,,50,300,0.0001,5e-06,True,34,30,34,0,0.3527766635720399,0.22439024390243903,0.22439024390243903,0.36975509589164657,0.36975509589164657,results/pending_runs/paper_backbones/MobileNetV2/tissuemnist/L20_G20/tralo_bounded/seed_2
results/pending_runs/paper_backbones,tissuemnist,L20_G20,MobileNetV2,4,heuristic,,,50,300,0.0001,5e-06,,34,58,34,0,0.2852243570458833,0.18536585365853658,0.18536585365853658,0.32370827784190465,0.32370827784190465,results/pending_runs/paper_backbones/MobileNetV2/tissuemnist/L20_G20/heuristic/seed_4
results/pending_runs/paper_backbones,tissuemnist,L20_G20,MobileNetV2,3,heuristic,,,50,300,0.0001,5e-06,,34,155,34,0,0.32371334384225187,0.22439024390243903,0.22439024390243903,0.29207532219890525,0.29207532219890525,results/pending_runs/paper_backbones/MobileNetV2/tissuemnist/L20_G20/heuristic/seed_3
results/pending_runs/paper_backbones,tissuemnist,L20_G20,MobileNetV2,1,heuristic,,,50,300,0.0001,5e-06,,34,156,34,0,0.3817653421493668,0.22439024390243903,0.22439024390243903,0.33617310081130675,0.33617310081130675,results/pending_runs/paper_backbones/MobileNetV2/tissuemnist/L20_G20/heuristic/seed_1
results/pending_runs/paper_backbones,tissuemnist,L20_G20,MobileNetV2,2,heuristic,,,50,300,0.0001,5e-06,,34,337,34,0,0.30532556380571735,0.15609756097560976,0.15609756097560976,0.33724781024324557,0.33724781024324557,results/pending_runs/paper_backbones/MobileNetV2/tissuemnist/L20_G20/heuristic/seed_2
results/pending_runs/paper_backbones,tissuemnist,L70_G70,MobileNetV2,4,hounie_rcl,,,50,300,0.0001,5e-06,,120,90,120,0,0.32897809874480344,0.3436426116838488,0.3436426116838488,0.39740460694916213,0.39740460694916213,results/pending_runs/paper_backbones/MobileNetV2/tissuemnist/L70_G70/hounie_rcl/seed_4
results/pending_runs/paper_backbones,tissuemnist,L70_G70,MobileNetV2,3,hounie_rcl,,,50,300,0.0001,5e-06,,120,92,120,0,0.34141083136219474,0.33676975945017185,0.33676975945017185,0.38002411884415316,0.38002411884415316,results/pending_runs/paper_backbones/MobileNetV2/tissuemnist/L70_G70/hounie_rcl/seed_3
results/pending_runs/paper_backbones,tissuemnist,L70_G70,MobileNetV2,1,hounie_rcl,,,50,300,0.0001,5e-06,,120,95,120,0,0.38169718102658634,0.37800687285223367,0.37800687285223367,0.39277253527941447,0.39277253527941447,results/pending_runs/paper_backbones/MobileNetV2/tissuemnist/L70_G70/hounie_rcl/seed_1
results/pending_runs/paper_backbones,tissuemnist,L70_G70,MobileNetV2,2,hounie_rcl,,,50,300,0.0001,5e-06,,120,89,120,0,0.411156946664612,0.41924398625429554,0.41924398625429554,0.4046472896143708,0.4046472896143708,results/pending_runs/paper_backbones/MobileNetV2/tissuemnist/L70_G70/hounie_rcl/seed_2
results/pending_runs/paper_backbones,tissuemnist,L70_G70,MobileNetV2,4,tralo,,,50,300,0.0001,5e-06,True,120,113,120,0,0.3380885510879975,0.32989690721649484,0.32989690721649484,0.3928409133761299,0.3928409133761299,results/pending_runs/paper_backbones/MobileNetV2/tissuemnist/L70_G70/tralo/seed_4
results/pending_runs/paper_backbones,tissuemnist,L70_G70,MobileNetV2,3,tralo,,,50,300,0.0001,5e-06,True,120,115,120,0,0.36326904280965344,0.35738831615120276,0.3642611683848797,0.3766359952942844,0.37741837561183084,results/pending_runs/paper_backbones/MobileNetV2/tissuemnist/L70_G70/tralo/seed_3
results/pending_runs/paper_backbones,tissuemnist,L70_G70,MobileNetV2,1,tralo,,,50,300,0.0001,5e-06,True,120,115,120,0,0.3968954136816336,0.41924398625429554,0.41924398625429554,0.38669026359234887,0.38669026359234887,results/pending_runs/paper_backbones/MobileNetV2/tissuemnist/L70_G70/tralo/seed_1
results/pending_runs/paper_backbones,tissuemnist,L70_G70,MobileNetV2,2,tralo,,,50,300,0.0001,5e-06,True,120,96,120,0,0.4182747279714443,0.41924398625429554,0.41924398625429554,0.4066657183145841,0.4066657183145841,results/pending_runs/paper_backbones/MobileNetV2/tissuemnist/L70_G70/tralo/seed_2
results/pending_runs/paper_backbones,tissuemnist,L70_G70,MobileNetV2,4,danits_lp,,,50,300,0.0001,5e-06,,120,58,58,1,0.2852243570458833,0.25327510917030566,0.3024054982817869,0.3310123794546832,0.33408653669564803,results/pending_runs/paper_backbones/MobileNetV2/tissuemnist/L70_G70/danits_lp/seed_4
results/pending_runs/paper_backbones,tissuemnist,L70_G70,MobileNetV2,3,danits_lp,,,50,300,0.0001,5e-06,,120,155,120,0,0.32371334384225187,0.3230240549828179,0.33676975945017185,0.3024826908090069,0.3043635730395086,results/pending_runs/paper_backbones/MobileNetV2/tissuemnist/L70_G70/danits_lp/seed_3
results/pending_runs/paper_backbones,tissuemnist,L70_G70,MobileNetV2,1,danits_lp,,,50,300,0.0001,5e-06,,120,156,120,0,0.3817653421493668,0.41237113402061853,0.41237113402061853,0.35785695200254547,0.3579592845912792,results/pending_runs/paper_backbones/MobileNetV2/tissuemnist/L70_G70/danits_lp/seed_1
results/pending_runs/paper_backbones,tissuemnist,L70_G70,MobileNetV2,2,danits_lp,,,50,300,0.0001,5e-06,,120,337,120,0,0.30532556380571735,0.37800687285223367,0.37800687285223367,0.3588975765605988,0.3603734168967333,results/pending_runs/paper_backbones/MobileNetV2/tissuemnist/L70_G70/danits_lp/seed_2
results/pending_runs/paper_backbones,tissuemnist,L70_G70,MobileNetV2,4,fioretto_ldf,,,50,300,0.0001,5e-06,,120,105,120,0,0.3455892484585393,0.3436426116838488,0.3436426116838488,0.4030852336650264,0.4030852336650264,results/pending_runs/paper_backbones/MobileNetV2/tissuemnist/L70_G70/fioretto_ldf/seed_4
results/pending_runs/paper_backbones,tissuemnist,L70_G70,MobileNetV2,3,fioretto_ldf,,,50,300,0.0001,5e-06,,120,111,120,0,0.34330822926540544,0.35051546391752575,0.35051546391752575,0.37592930531952995,0.37592930531952995,results/pending_runs/paper_backbones/MobileNetV2/tissuemnist/L70_G70/fioretto_ldf/seed_3
results/pending_runs/paper_backbones,tissuemnist,L70_G70,MobileNetV2,1,fioretto_ldf,,,50,300,0.0001,5e-06,,120,112,120,0,0.3819633752402951,0.35738831615120276,0.35738831615120276,0.38594418307420875,0.38594418307420875,results/pending_runs/paper_backbones/MobileNetV2/tissuemnist/L70_G70/fioretto_ldf/seed_1
results/pending_runs/paper_backbones,tissuemnist,L70_G70,MobileNetV2,2,fioretto_ldf,,,50,300,0.0001,5e-06,,120,104,120,0,0.41583096354030114,0.41237113402061853,0.41237113402061853,0.3955375639170394,0.3955375639170394,results/pending_runs/paper_backbones/MobileNetV2/tissuemnist/L70_G70/fioretto_ldf/seed_2
results/pending_runs/paper_backbones,tissuemnist,L70_G70,MobileNetV2,4,tralo_bounded,,,50,300,0.0001,5e-06,True,120,109,120,0,0.3316457704827444,0.33676975945017185,0.32989690721649484,0.39765426185747543,0.39662986867576466,results/pending_runs/paper_backbones/MobileNetV2/tissuemnist/L70_G70/tralo_bounded/seed_4
results/pending_runs/paper_backbones,tissuemnist,L70_G70,MobileNetV2,3,tralo_bounded,,,50,300,0.0001,5e-06,True,120,114,120,0,0.34134786779506754,0.33676975945017185,0.3436426116838488,0.3776268313797274,0.3785538596759086,results/pending_runs/paper_backbones/MobileNetV2/tissuemnist/L70_G70/tralo_bounded/seed_3
results/pending_runs/paper_backbones,tissuemnist,L70_G70,MobileNetV2,1,tralo_bounded,,,50,300,0.0001,5e-06,True,120,108,120,0,0.3812215428410703,0.35738831615120276,0.35738831615120276,0.38988809052504614,0.38988809052504614,results/pending_runs/paper_backbones/MobileNetV2/tissuemnist/L70_G70/tralo_bounded/seed_1
results/pending_runs/paper_backbones,tissuemnist,L70_G70,MobileNetV2,2,tralo_bounded,,,50,300,0.0001,5e-06,True,120,107,120,0,0.4129406398387886,0.41237113402061853,0.41237113402061853,0.40183458428566354,0.40183458428566354,results/pending_runs/paper_backbones/MobileNetV2/tissuemnist/L70_G70/tralo_bounded/seed_2
results/pending_runs/paper_backbones,tissuemnist,L70_G70,MobileNetV2,4,heuristic,,,50,300,0.0001,5e-06,,120,58,120,0,0.2852243570458833,0.3024054982817869,0.3024054982817869,0.33408653669564803,0.33408653669564803,results/pending_runs/paper_backbones/MobileNetV2/tissuemnist/L70_G70/heuristic/seed_4
results/pending_runs/paper_backbones,tissuemnist,L70_G70,MobileNetV2,3,heuristic,,,50,300,0.0001,5e-06,,120,155,120,0,0.32371334384225187,0.33676975945017185,0.33676975945017185,0.3043635730395086,0.3043635730395086,results/pending_runs/paper_backbones/MobileNetV2/tissuemnist/L70_G70/heuristic/seed_3
results/pending_runs/paper_backbones,tissuemnist,L70_G70,MobileNetV2,1,heuristic,,,50,300,0.0001,5e-06,,120,156,120,0,0.3817653421493668,0.41237113402061853,0.41237113402061853,0.3579592845912792,0.3579592845912792,results/pending_runs/paper_backbones/MobileNetV2/tissuemnist/L70_G70/heuristic/seed_1
results/pending_runs/paper_backbones,tissuemnist,L70_G70,MobileNetV2,2,heuristic,,,50,300,0.0001,5e-06,,120,337,120,0,0.30532556380571735,0.37800687285223367,0.37800687285223367,0.3603734168967333,0.3603734168967333,results/pending_runs/paper_backbones/MobileNetV2/tissuemnist/L70_G70/heuristic/seed_2
results/pending_runs/paper_backbones,tissuemnist,L30_G30,MobileNetV2,4,hounie_rcl,,,50,300,0.0001,5e-06,,51,27,51,0,0.33766023606019985,0.2702702702702703,0.2702702702702703,0.3727083925542899,0.3727083925542899,results/pending_runs/paper_backbones/MobileNetV2/tissuemnist/L30_G30/hounie_rcl/seed_4
results/pending_runs/paper_backbones,tissuemnist,L30_G30,MobileNetV2,3,hounie_rcl,,,50,300,0.0001,5e-06,,51,37,51,0,0.29239864983279396,0.26126126126126126,0.26126126126126126,0.37273497752626383,0.37273497752626383,results/pending_runs/paper_backbones/MobileNetV2/tissuemnist/L30_G30/hounie_rcl/seed_3
results/pending_runs/paper_backbones,tissuemnist,L30_G30,MobileNetV2,1,hounie_rcl,,,50,300,0.0001,5e-06,,51,32,51,0,0.3394901353220486,0.26126126126126126,0.26126126126126126,0.37728111913176654,0.37728111913176654,results/pending_runs/paper_backbones/MobileNetV2/tissuemnist/L30_G30/hounie_rcl/seed_1
results/pending_runs/paper_backbones,tissuemnist,L30_G30,MobileNetV2,2,hounie_rcl,,,50,300,0.0001,5e-06,,51,30,51,0,0.35452907496277264,0.27927927927927926,0.27927927927927926,0.3774756199954541,0.3774756199954541,results/pending_runs/paper_backbones/MobileNetV2/tissuemnist/L30_G30/hounie_rcl/seed_2
results/pending_runs/paper_backbones,tissuemnist,L30_G30,MobileNetV2,4,tralo,,,50,300,0.0001,5e-06,True,51,38,51,0,0.3365711701406747,0.26126126126126126,0.26126126126126126,0.37216052833716184,0.37216052833716184,results/pending_runs/paper_backbones/MobileNetV2/tissuemnist/L30_G30/tralo/seed_4
results/pending_runs/paper_backbones,tissuemnist,L30_G30,MobileNetV2,3,tralo,,,50,300,0.0001,5e-06,True,51,50,51,0,0.3363198481283985,0.27927927927927926,0.2972972972972973,0.3831768950437422,0.3858392468378765,results/pending_runs/paper_backbones/MobileNetV2/tissuemnist/L30_G30/tralo/seed_3
results/pending_runs/paper_backbones,tissuemnist,L30_G30,MobileNetV2,1,tralo,,,50,300,0.0001,5e-06,True,51,47,51,0,0.3599460577362942,0.2882882882882883,0.2972972972972973,0.38061079522240476,0.381672005228633,results/pending_runs/paper_backbones/MobileNetV2/tissuemnist/L30_G30/tralo/seed_1
results/pending_runs/paper_backbones,tissuemnist,L30_G30,MobileNetV2,2,tralo,,,50,300,0.0001,5e-06,True,51,48,51,0,0.37284954965849876,0.2702702702702703,0.2702702702702703,0.3839805055216012,0.38443010245719306,results/pending_runs/paper_backbones/MobileNetV2/tissuemnist/L30_G30/tralo/seed_2
results/pending_runs/paper_backbones,tissuemnist,L30_G30,MobileNetV2,4,danits_lp,,,50,300,0.0001,5e-06,,51,58,51,0,0.2852243570458833,0.24324324324324326,0.25225225225225223,0.3301975666600288,0.3313236927861549,results/pending_runs/paper_backbones/MobileNetV2/tissuemnist/L30_G30/danits_lp/seed_4
results/pending_runs/paper_backbones,tissuemnist,L30_G30,MobileNetV2,3,danits_lp,,,50,300,0.0001,5e-06,,51,155,51,0,0.32371334384225187,0.2702702702702703,0.2702702702702703,0.2976775714429702,0.2977955271248607,results/pending_runs/paper_backbones/MobileNetV2/tissuemnist/L30_G30/danits_lp/seed_3
results/pending_runs/paper_backbones,tissuemnist,L30_G30,MobileNetV2,1,danits_lp,,,50,300,0.0001,5e-06,,51,156,51,0,0.3817653421493668,0.2972972972972973,0.2972972972972973,0.3454133416451374,0.3454133416451374,results/pending_runs/paper_backbones/MobileNetV2/tissuemnist/L30_G30/danits_lp/seed_1
results/pending_runs/paper_backbones,tissuemnist,L30_G30,MobileNetV2,2,danits_lp,,,50,300,0.0001,5e-06,,51,337,51,0,0.30532556380571735,0.21621621621621623,0.21621621621621623,0.34367464954087257,0.34315914433854183,results/pending_runs/paper_backbones/MobileNetV2/tissuemnist/L30_G30/danits_lp/seed_2
results/pending_runs/paper_backbones,tissuemnist,L30_G30,MobileNetV2,4,fioretto_ldf,,,50,300,0.0001,5e-06,,51,35,51,0,0.3208128908149608,0.27927927927927926,0.27927927927927926,0.3815108130029316,0.3816617432174598,results/pending_runs/paper_backbones/MobileNetV2/tissuemnist/L30_G30/fioretto_ldf/seed_4
results/pending_runs/paper_backbones,tissuemnist,L30_G30,MobileNetV2,3,fioretto_ldf,,,50,300,0.0001,5e-06,,51,48,51,0,0.3263219885647805,0.2702702702702703,0.27927927927927926,0.3685573807662922,0.3701589947605928,results/pending_runs/paper_backbones/MobileNetV2/tissuemnist/L30_G30/fioretto_ldf/seed_3
results/pending_runs/paper_backbones,tissuemnist,L30_G30,MobileNetV2,1,fioretto_ldf,,,50,300,0.0001,5e-06,,51,46,51,0,0.34314144486836207,0.2702702702702703,0.2702702702702703,0.3784058480597125,0.3784058480597125,results/pending_runs/paper_backbones/MobileNetV2/tissuemnist/L30_G30/fioretto_ldf/seed_1
results/pending_runs/paper_backbones,tissuemnist,L30_G30,MobileNetV2,2,fioretto_ldf,,,50,300,0.0001,5e-06,,51,44,51,0,0.36891423494071,0.2882882882882883,0.2882882882882883,0.3869196591137065,0.3869196591137065,results/pending_runs/paper_backbones/MobileNetV2/tissuemnist/L30_G30/fioretto_ldf/seed_2
results/pending_runs/paper_backbones,tissuemnist,L30_G30,MobileNetV2,4,tralo_bounded,,,50,300,0.0001,5e-06,True,51,35,51,0,0.3293188791623377,0.25225225225225223,0.25225225225225223,0.37229671977406675,0.37229671977406675,results/pending_runs/paper_backbones/MobileNetV2/tissuemnist/L30_G30/tralo_bounded/seed_4
results/pending_runs/paper_backbones,tissuemnist,L30_G30,MobileNetV2,3,tralo_bounded,,,50,300,0.0001,5e-06,True,51,42,51,0,0.2981558751939237,0.2702702702702703,0.27927927927927926,0.3804252392029369,0.3816237731867096,results/pending_runs/paper_backbones/MobileNetV2/tissuemnist/L30_G30/tralo_bounded/seed_3
results/pending_runs/paper_backbones,tissuemnist,L30_G30,MobileNetV2,1,tralo_bounded,,,50,300,0.0001,5e-06,True,51,45,51,0,0.35966009926142334,0.27927927927927926,0.27927927927927926,0.3787585754787523,0.37843855156721173,results/pending_runs/paper_backbones/MobileNetV2/tissuemnist/L30_G30/tralo_bounded/seed_1
results/pending_runs/paper_backbones,tissuemnist,L30_G30,MobileNetV2,2,tralo_bounded,,,50,300,0.0001,5e-06,True,51,44,51,0,0.3636931467443284,0.27927927927927926,0.27927927927927926,0.37962265506884163,0.37962265506884163,results/pending_runs/paper_backbones/MobileNetV2/tissuemnist/L30_G30/tralo_bounded/seed_2
results/pending_runs/paper_backbones,tissuemnist,L30_G30,MobileNetV2,4,heuristic,,,50,300,0.0001,5e-06,,51,58,51,0,0.2852243570458833,0.25225225225225223,0.25225225225225223,0.3313236927861549,0.3313236927861549,results/pending_runs/paper_backbones/MobileNetV2/tissuemnist/L30_G30/heuristic/seed_4
results/pending_runs/paper_backbones,tissuemnist,L30_G30,MobileNetV2,3,heuristic,,,50,300,0.0001,5e-06,,51,155,51,0,0.32371334384225187,0.2702702702702703,0.2702702702702703,0.2977955271248607,0.2977955271248607,results/pending_runs/paper_backbones/MobileNetV2/tissuemnist/L30_G30/heuristic/seed_3
results/pending_runs/paper_backbones,tissuemnist,L30_G30,MobileNetV2,1,heuristic,,,50,300,0.0001,5e-06,,51,156,51,0,0.3817653421493668,0.2972972972972973,0.2972972972972973,0.3454133416451374,0.3454133416451374,results/pending_runs/paper_backbones/MobileNetV2/tissuemnist/L30_G30/heuristic/seed_1
results/pending_runs/paper_backbones,tissuemnist,L30_G30,MobileNetV2,2,heuristic,,,50,300,0.0001,5e-06,,51,337,51,0,0.30532556380571735,0.21621621621621623,0.21621621621621623,0.34315914433854183,0.34315914433854183,results/pending_runs/paper_backbones/MobileNetV2/tissuemnist/L30_G30/heuristic/seed_2
results/pending_runs/paper_backbones,tissuemnist,L80_G80,MobileNetV2,4,hounie_rcl,,,50,300,0.0001,5e-06,,137,100,137,0,0.3383836075406285,0.34415584415584416,0.34415584415584416,0.3999840543515763,0.3999840543515763,results/pending_runs/paper_backbones/MobileNetV2/tissuemnist/L80_G80/hounie_rcl/seed_4
results/pending_runs/paper_backbones,tissuemnist,L80_G80,MobileNetV2,3,hounie_rcl,,,50,300,0.0001,5e-06,,137,108,137,0,0.35709809326832764,0.37662337662337664,0.37662337662337664,0.3883640641906896,0.3883640641906896,results/pending_runs/paper_backbones/MobileNetV2/tissuemnist/L80_G80/hounie_rcl/seed_3
results/pending_runs/paper_backbones,tissuemnist,L80_G80,MobileNetV2,1,hounie_rcl,,,50,300,0.0001,5e-06,,137,112,137,0,0.3974214617574453,0.4090909090909091,0.4090909090909091,0.3916893667068697,0.3916893667068697,results/pending_runs/paper_backbones/MobileNetV2/tissuemnist/L80_G80/hounie_rcl/seed_1
results/pending_runs/paper_backbones,tissuemnist,L80_G80,MobileNetV2,2,hounie_rcl,,,50,300,0.0001,5e-06,,137,99,137,0,0.41806001851327695,0.43506493506493504,0.43506493506493504,0.4076122028495673,0.4076122028495673,results/pending_runs/paper_backbones/MobileNetV2/tissuemnist/L80_G80/hounie_rcl/seed_2
results/pending_runs/paper_backbones,tissuemnist,L80_G80,MobileNetV2,4,tralo,,,50,300,0.0001,5e-06,True,137,128,137,0,0.32165095807431865,0.35064935064935066,0.35714285714285715,0.4036892006955649,0.40450088900725323,results/pending_runs/paper_backbones/MobileNetV2/tissuemnist/L80_G80/tralo/seed_4
results/pending_runs/paper_backbones,tissuemnist,L80_G80,MobileNetV2,3,tralo,,,50,300,0.0001,5e-06,True,137,133,137,0,0.3737322849832064,0.38961038961038963,0.38961038961038963,0.3971423547684094,0.3971514938736999,results/pending_runs/paper_backbones/MobileNetV2/tissuemnist/L80_G80/tralo/seed_3
results/pending_runs/paper_backbones,tissuemnist,L80_G80,MobileNetV2,1,tralo,,,50,300,0.0001,5e-06,True,137,133,137,0,0.38187389158970036,0.3961038961038961,0.3961038961038961,0.39861006730594867,0.39861006730594867,results/pending_runs/paper_backbones/MobileNetV2/tissuemnist/L80_G80/tralo/seed_1
results/pending_runs/paper_backbones,tissuemnist,L80_G80,MobileNetV2,2,tralo,,,50,300,0.0001,5e-06,True,137,130,137,0,0.44061797848374623,0.42207792207792205,0.42207792207792205,0.4146208671515471,0.4140665434264917,results/pending_runs/paper_backbones/MobileNetV2/tissuemnist/L80_G80/tralo/seed_2
results/pending_runs/paper_backbones,tissuemnist,L80_G80,MobileNetV2,4,danits_lp,,,50,300,0.0001,5e-06,,137,58,58,1,0.2852243570458833,0.25327510917030566,0.3181818181818182,0.3310123794546832,0.3346549726006107,results/pending_runs/paper_backbones/MobileNetV2/tissuemnist/L80_G80/danits_lp/seed_4
results/pending_runs/paper_backbones,tissuemnist,L80_G80,MobileNetV2,3,danits_lp,,,50,300,0.0001,5e-06,,137,155,137,0,0.32371334384225187,0.33766233766233766,0.33766233766233766,0.30375351192108596,0.3044569348092082,results/pending_runs/paper_backbones/MobileNetV2/tissuemnist/L80_G80/danits_lp/seed_3
results/pending_runs/paper_backbones,tissuemnist,L80_G80,MobileNetV2,1,danits_lp,,,50,300,0.0001,5e-06,,137,156,137,0,0.3817653421493668,0.42207792207792205,0.42207792207792205,0.3585641633844796,0.35828741854708324,results/pending_runs/paper_backbones/MobileNetV2/tissuemnist/L80_G80/danits_lp/seed_1
results/pending_runs/paper_backbones,tissuemnist,L80_G80,MobileNetV2,2,danits_lp,,,50,300,0.0001,5e-06,,137,337,137,0,0.30532556380571735,0.4090909090909091,0.4090909090909091,0.3635925387773747,0.3638500533315198,results/pending_runs/paper_backbones/MobileNetV2/tissuemnist/L80_G80/danits_lp/seed_2
results/pending_runs/paper_backbones,tissuemnist,L80_G80,MobileNetV2,4,fioretto_ldf,,,50,300,0.0001,5e-06,,137,124,137,0,0.3339692451573098,0.3181818181818182,0.3181818181818182,0.3940663008930128,0.3940663008930128,results/pending_runs/paper_backbones/MobileNetV2/tissuemnist/L80_G80/fioretto_ldf/seed_4
results/pending_runs/paper_backbones,tissuemnist,L80_G80,MobileNetV2,3,fioretto_ldf,,,50,300,0.0001,5e-06,,137,127,137,0,0.35187700694033064,0.37012987012987014,0.37012987012987014,0.38057567317113594,0.38019929266623015,results/pending_runs/paper_backbones/MobileNetV2/tissuemnist/L80_G80/fioretto_ldf/seed_3
results/pending_runs/paper_backbones,tissuemnist,L80_G80,MobileNetV2,1,fioretto_ldf,,,50,300,0.0001,5e-06,,137,132,137,0,0.3837785359645127,0.37662337662337664,0.37662337662337664,0.39998572760620266,0.39949934628324546,results/pending_runs/paper_backbones/MobileNetV2/tissuemnist/L80_G80/fioretto_ldf/seed_1
results/pending_runs/paper_backbones,tissuemnist,L80_G80,MobileNetV2,2,fioretto_ldf,,,50,300,0.0001,5e-06,,137,128,137,0,0.41968369614377926,0.43506493506493504,0.44155844155844154,0.4103336075541746,0.4128756069053995,results/pending_runs/paper_backbones/MobileNetV2/tissuemnist/L80_G80/fioretto_ldf/seed_2
results/pending_runs/paper_backbones,tissuemnist,L80_G80,MobileNetV2,4,tralo_bounded,,,50,300,0.0001,5e-06,True,137,123,137,0,0.3448166983767981,0.36363636363636365,0.35714285714285715,0.39887566501627897,0.3980714210234122,results/pending_runs/paper_backbones/MobileNetV2/tissuemnist/L80_G80/tralo_bounded/seed_4
results/pending_runs/paper_backbones,tissuemnist,L80_G80,MobileNetV2,3,tralo_bounded,,,50,300,0.0001,5e-06,True,137,133,137,0,0.36224169775836196,0.35714285714285715,0.35714285714285715,0.39097388099507413,0.38976209945285534,results/pending_runs/paper_backbones/MobileNetV2/tissuemnist/L80_G80/tralo_bounded/seed_3
results/pending_runs/paper_backbones,tissuemnist,L80_G80,MobileNetV2,1,tralo_bounded,,,50,300,0.0001,5e-06,True,137,130,137,0,0.374994091301594,0.38311688311688313,0.38311688311688313,0.40020602312971143,0.40020602312971143,results/pending_runs/paper_backbones/MobileNetV2/tissuemnist/L80_G80/tralo_bounded/seed_1
results/pending_runs/paper_backbones,tissuemnist,L80_G80,MobileNetV2,2,tralo_bounded,,,50,300,0.0001,5e-06,True,137,127,137,0,0.4181346232462186,0.42857142857142855,0.42857142857142855,0.40787077666202015,0.40787077666202015,results/pending_runs/paper_backbones/MobileNetV2/tissuemnist/L80_G80/tralo_bounded/seed_2
results/pending_runs/paper_backbones,tissuemnist,L80_G80,MobileNetV2,4,heuristic,,,50,300,0.0001,5e-06,,137,58,137,0,0.2852243570458833,0.3181818181818182,0.3181818181818182,0.3346549726006107,0.3346549726006107,results/pending_runs/paper_backbones/MobileNetV2/tissuemnist/L80_G80/heuristic/seed_4
results/pending_runs/paper_backbones,tissuemnist,L80_G80,MobileNetV2,3,heuristic,,,50,300,0.0001,5e-06,,137,155,137,0,0.32371334384225187,0.33766233766233766,0.33766233766233766,0.3044569348092082,0.3044569348092082,results/pending_runs/paper_backbones/MobileNetV2/tissuemnist/L80_G80/heuristic/seed_3
results/pending_runs/paper_backbones,tissuemnist,L80_G80,MobileNetV2,1,heuristic,,,50,300,0.0001,5e-06,,137,156,137,0,0.3817653421493668,0.42207792207792205,0.42207792207792205,0.35828741854708324,0.35828741854708324,results/pending_runs/paper_backbones/MobileNetV2/tissuemnist/L80_G80/heuristic/seed_1
results/pending_runs/paper_backbones,tissuemnist,L80_G80,MobileNetV2,2,heuristic,,,50,300,0.0001,5e-06,,137,337,137,0,0.30532556380571735,0.4090909090909091,0.4090909090909091,0.3638500533315198,0.3638500533315198,results/pending_runs/paper_backbones/MobileNetV2/tissuemnist/L80_G80/heuristic/seed_2
results/pending_runs/paper_backbones,aider,L20_G20,ShuffleNetV2,4,hounie_rcl,,,50,300,0.0001,5e-06,,20,10,20,0,0.5465397383018682,0.32786885245901637,0.32786885245901637,0.7932427782385431,0.7932427782385431,results/pending_runs/paper_backbones/ShuffleNetV2/aider/L20_G20/hounie_rcl/seed_4
results/pending_runs/paper_backbones,aider,L20_G20,ShuffleNetV2,3,hounie_rcl,,,50,300,0.0001,5e-06,,20,9,20,0,0.40501044373901807,0.29508196721311475,0.29508196721311475,0.7312790387440917,0.7312790387440917,results/pending_runs/paper_backbones/ShuffleNetV2/aider/L20_G20/hounie_rcl/seed_3
results/pending_runs/paper_backbones,aider,L20_G20,ShuffleNetV2,1,hounie_rcl,,,50,300,0.0001,5e-06,,20,11,20,0,0.44894047366247736,0.32786885245901637,0.32786885245901637,0.746534545424022,0.746534545424022,results/pending_runs/paper_backbones/ShuffleNetV2/aider/L20_G20/hounie_rcl/seed_1
results/pending_runs/paper_backbones,aider,L20_G20,ShuffleNetV2,2,hounie_rcl,,,50,300,0.0001,5e-06,,20,6,20,0,0.5001332667853674,0.32786885245901637,0.32786885245901637,0.7758775746870358,0.7758775746870358,results/pending_runs/paper_backbones/ShuffleNetV2/aider/L20_G20/hounie_rcl/seed_2
results/pending_runs/paper_backbones,aider,L20_G20,ShuffleNetV2,4,tralo,,,50,300,0.0001,5e-06,True,20,16,20,0,0.5859596609415462,0.32786885245901637,0.32786885245901637,0.7799315553277177,0.7799315553277177,results/pending_runs/paper_backbones/ShuffleNetV2/aider/L20_G20/tralo/seed_4
results/pending_runs/paper_backbones,aider,L20_G20,ShuffleNetV2,3,tralo,,,50,300,0.0001,5e-06,True,20,19,20,0,0.7168033729553046,0.32786885245901637,0.32786885245901637,0.779341923298453,0.779341923298453,results/pending_runs/paper_backbones/ShuffleNetV2/aider/L20_G20/tralo/seed_3
results/pending_runs/paper_backbones,aider,L20_G20,ShuffleNetV2,1,tralo,,,50,300,0.0001,5e-06,True,20,18,20,0,0.581701354494675,0.32786885245901637,0.32786885245901637,0.7725699218095681,0.7725699218095681,results/pending_runs/paper_backbones/ShuffleNetV2/aider/L20_G20/tralo/seed_1
results/pending_runs/paper_backbones,aider,L20_G20,ShuffleNetV2,2,tralo,,,50,300,0.0001,5e-06,True,20,16,20,0,0.6459226598499321,0.32786885245901637,0.32786885245901637,0.7824260274303663,0.7824260274303663,results/pending_runs/paper_backbones/ShuffleNetV2/aider/L20_G20/tralo/seed_2
results/pending_runs/paper_backbones,aider,L20_G20,ShuffleNetV2,4,danits_lp,,,50,300,0.0001,5e-06,,20,97,20,0,0.9859458322899286,0.32786885245901637,0.32786885245901637,0.808864985500635,0.808864985500635,results/pending_runs/paper_backbones/ShuffleNetV2/aider/L20_G20/danits_lp/seed_4
results/pending_runs/paper_backbones,aider,L20_G20,ShuffleNetV2,3,danits_lp,,,50,300,0.0001,5e-06,,20,97,20,0,0.9894456316671325,0.32786885245901637,0.32786885245901637,0.8023464277073157,0.8023464277073157,results/pending_runs/paper_backbones/ShuffleNetV2/aider/L20_G20/danits_lp/seed_3
results/pending_runs/paper_backbones,aider,L20_G20,ShuffleNetV2,1,danits_lp,,,50,300,0.0001,5e-06,,20,104,20,0,0.9793386131590798,0.32786885245901637,0.32786885245901637,0.8014933723216682,0.8014933723216682,results/pending_runs/paper_backbones/ShuffleNetV2/aider/L20_G20/danits_lp/seed_1
results/pending_runs/paper_backbones,aider,L20_G20,ShuffleNetV2,2,danits_lp,,,50,300,0.0001,5e-06,,20,99,20,0,0.9825947177525249,0.32786885245901637,0.32786885245901637,0.7934978649154667,0.7934978649154667,results/pending_runs/paper_backbones/ShuffleNetV2/aider/L20_G20/danits_lp/seed_2
results/pending_runs/paper_backbones,aider,L20_G20,ShuffleNetV2,4,fioretto_ldf,,,50,300,0.0001,5e-06,,20,11,20,0,0.5345200074266441,0.32786885245901637,0.32786885245901637,0.7736718058081229,0.7736718058081229,results/pending_runs/paper_backbones/ShuffleNetV2/aider/L20_G20/fioretto_ldf/seed_4
results/pending_runs/paper_backbones,aider,L20_G20,ShuffleNetV2,3,fioretto_ldf,,,50,300,0.0001,5e-06,,20,15,20,0,0.6211307779140838,0.32786885245901637,0.32786885245901637,0.7663493817341718,0.7663493817341718,results/pending_runs/paper_backbones/ShuffleNetV2/aider/L20_G20/fioretto_ldf/seed_3
results/pending_runs/paper_backbones,aider,L20_G20,ShuffleNetV2,1,fioretto_ldf,,,50,300,0.0001,5e-06,,20,20,20,0,0.611501414552373,0.32786885245901637,0.32786885245901637,0.7740550841065774,0.7740550841065774,results/pending_runs/paper_backbones/ShuffleNetV2/aider/L20_G20/fioretto_ldf/seed_1
results/pending_runs/paper_backbones,aider,L20_G20,ShuffleNetV2,2,fioretto_ldf,,,50,300,0.0001,5e-06,,20,14,20,0,0.6064806335452744,0.32786885245901637,0.32786885245901637,0.7789066721404149,0.7789066721404149,results/pending_runs/paper_backbones/ShuffleNetV2/aider/L20_G20/fioretto_ldf/seed_2
results/pending_runs/paper_backbones,aider,L20_G20,ShuffleNetV2,4,tralo_bounded,,,50,300,0.0001,5e-06,True,20,11,20,0,0.5535122405037817,0.32786885245901637,0.32786885245901637,0.7752592667783248,0.7752592667783248,results/pending_runs/paper_backbones/ShuffleNetV2/aider/L20_G20/tralo_bounded/seed_4
results/pending_runs/paper_backbones,aider,L20_G20,ShuffleNetV2,3,tralo_bounded,,,50,300,0.0001,5e-06,True,20,15,20,0,0.6164334059126152,0.32786885245901637,0.32786885245901637,0.7646309909380843,0.7646309909380843,results/pending_runs/paper_backbones/ShuffleNetV2/aider/L20_G20/tralo_bounded/seed_3
results/pending_runs/paper_backbones,aider,L20_G20,ShuffleNetV2,1,tralo_bounded,,,50,300,0.0001,5e-06,True,20,18,20,0,0.5941717436515542,0.32786885245901637,0.32786885245901637,0.7740550841065774,0.7740550841065774,results/pending_runs/paper_backbones/ShuffleNetV2/aider/L20_G20/tralo_bounded/seed_1
results/pending_runs/paper_backbones,aider,L20_G20,ShuffleNetV2,2,tralo_bounded,,,50,300,0.0001,5e-06,True,20,14,20,0,0.5974353755752931,0.32786885245901637,0.32786885245901637,0.7799394590637256,0.7799394590637256,results/pending_runs/paper_backbones/ShuffleNetV2/aider/L20_G20/tralo_bounded/seed_2
results/pending_runs/paper_backbones,aider,L20_G20,ShuffleNetV2,4,heuristic,,,50,300,0.0001,5e-06,,20,97,20,0,0.9859458322899286,0.32786885245901637,0.32786885245901637,0.808864985500635,0.808864985500635,results/pending_runs/paper_backbones/ShuffleNetV2/aider/L20_G20/heuristic/seed_4
results/pending_runs/paper_backbones,aider,L20_G20,ShuffleNetV2,3,heuristic,,,50,300,0.0001,5e-06,,20,97,20,0,0.9894456316671325,0.32786885245901637,0.32786885245901637,0.8023464277073157,0.8023464277073157,results/pending_runs/paper_backbones/ShuffleNetV2/aider/L20_G20/heuristic/seed_3
results/pending_runs/paper_backbones,aider,L20_G20,ShuffleNetV2,1,heuristic,,,50,300,0.0001,5e-06,,20,104,20,0,0.9793386131590798,0.32786885245901637,0.32786885245901637,0.8014933723216682,0.8014933723216682,results/pending_runs/paper_backbones/ShuffleNetV2/aider/L20_G20/heuristic/seed_1
results/pending_runs/paper_backbones,aider,L20_G20,ShuffleNetV2,2,heuristic,,,50,300,0.0001,5e-06,,20,99,20,0,0.9825947177525249,0.32786885245901637,0.32786885245901637,0.7934978649154667,0.7934978649154667,results/pending_runs/paper_backbones/ShuffleNetV2/aider/L20_G20/heuristic/seed_2
results/pending_runs/paper_backbones,aider,L70_G70,ShuffleNetV2,4,hounie_rcl,,,50,300,0.0001,5e-06,,71,64,71,0,0.8960283219135362,0.8092485549132948,0.8092485549132948,0.930254592498777,0.930254592498777,results/pending_runs/paper_backbones/ShuffleNetV2/aider/L70_G70/hounie_rcl/seed_4
results/pending_runs/paper_backbones,aider,L70_G70,ShuffleNetV2,3,hounie_rcl,,,50,300,0.0001,5e-06,,71,54,71,0,0.8886224323706869,0.8092485549132948,0.8092485549132948,0.9124504202397303,0.9124504202397303,results/pending_runs/paper_backbones/ShuffleNetV2/aider/L70_G70/hounie_rcl/seed_3
results/pending_runs/paper_backbones,aider,L70_G70,ShuffleNetV2,1,hounie_rcl,,,50,300,0.0001,5e-06,,71,56,71,0,0.8456907295735585,0.8092485549132948,0.8092485549132948,0.9173494591057777,0.9173494591057777,results/pending_runs/paper_backbones/ShuffleNetV2/aider/L70_G70/hounie_rcl/seed_1
results/pending_runs/paper_backbones,aider,L70_G70,ShuffleNetV2,2,hounie_rcl,,,50,300,0.0001,5e-06,,71,62,71,0,0.8853608041119319,0.8092485549132948,0.8092485549132948,0.9262845996513609,0.9262845996513609,results/pending_runs/paper_backbones/ShuffleNetV2/aider/L70_G70/hounie_rcl/seed_2
results/pending_runs/paper_backbones,aider,L70_G70,ShuffleNetV2,4,tralo,,,50,300,0.0001,5e-06,True,71,68,71,0,0.9066986021609545,0.8092485549132948,0.8092485549132948,0.9289013895549908,0.9289013895549908,results/pending_runs/paper_backbones/ShuffleNetV2/aider/L70_G70/tralo/seed_4
results/pending_runs/paper_backbones,aider,L70_G70,ShuffleNetV2,3,tralo,,,50,300,0.0001,5e-06,True,71,69,71,0,0.9164008054261691,0.8092485549132948,0.8092485549132948,0.9200630765188783,0.9200630765188783,results/pending_runs/paper_backbones/ShuffleNetV2/aider/L70_G70/tralo/seed_3
results/pending_runs/paper_backbones,aider,L70_G70,ShuffleNetV2,1,tralo,,,50,300,0.0001,5e-06,True,71,67,71,0,0.9110925824050814,0.8208092485549133,0.8208092485549133,0.9289489800902999,0.9289489800902999,results/pending_runs/paper_backbones/ShuffleNetV2/aider/L70_G70/tralo/seed_1
results/pending_runs/paper_backbones,aider,L70_G70,ShuffleNetV2,2,tralo,,,50,300,0.0001,5e-06,True,71,70,71,0,0.9009386158802204,0.8208092485549133,0.8208092485549133,0.9319677764749751,0.9319677764749751,results/pending_runs/paper_backbones/ShuffleNetV2/aider/L70_G70/tralo/seed_2
results/pending_runs/paper_backbones,aider,L70_G70,ShuffleNetV2,4,danits_lp,,,50,300,0.0001,5e-06,,71,97,71,0,0.9859458322899286,0.8092485549132948,0.8092485549132948,0.9359879236757441,0.9359879236757441,results/pending_runs/paper_backbones/ShuffleNetV2/aider/L70_G70/danits_lp/seed_4
results/pending_runs/paper_backbones,aider,L70_G70,ShuffleNetV2,3,danits_lp,,,50,300,0.0001,5e-06,,71,97,71,0,0.9894456316671325,0.8208092485549133,0.8208092485549133,0.9323300232343211,0.9323300232343211,results/pending_runs/paper_backbones/ShuffleNetV2/aider/L70_G70/danits_lp/seed_3
results/pending_runs/paper_backbones,aider,L70_G70,ShuffleNetV2,1,danits_lp,,,50,300,0.0001,5e-06,,71,104,71,0,0.9793386131590798,0.8208092485549133,0.8208092485549133,0.931498728744068,0.931498728744068,results/pending_runs/paper_backbones/ShuffleNetV2/aider/L70_G70/danits_lp/seed_1
results/pending_runs/paper_backbones,aider,L70_G70,ShuffleNetV2,2,danits_lp,,,50,300,0.0001,5e-06,,71,99,71,0,0.9825947177525249,0.8208092485549133,0.8208092485549133,0.92457281422387,0.92457281422387,results/pending_runs/paper_backbones/ShuffleNetV2/aider/L70_G70/danits_lp/seed_2
results/pending_runs/paper_backbones,aider,L70_G70,ShuffleNetV2,4,fioretto_ldf,,,50,300,0.0001,5e-06,,71,64,71,0,0.8940348307509922,0.8092485549132948,0.8092485549132948,0.9288116777471241,0.9288116777471241,results/pending_runs/paper_backbones/ShuffleNetV2/aider/L70_G70/fioretto_ldf/seed_4
results/pending_runs/paper_backbones,aider,L70_G70,ShuffleNetV2,3,fioretto_ldf,,,50,300,0.0001,5e-06,,71,67,71,0,0.9157221118661943,0.8092485549132948,0.8092485549132948,0.9186605976724168,0.9186605976724168,results/pending_runs/paper_backbones/ShuffleNetV2/aider/L70_G70/fioretto_ldf/seed_3
results/pending_runs/paper_backbones,aider,L70_G70,ShuffleNetV2,1,fioretto_ldf,,,50,300,0.0001,5e-06,,71,65,71,0,0.8825568196485923,0.8208092485549133,0.8208092485549133,0.9274430928240047,0.9274430928240047,results/pending_runs/paper_backbones/ShuffleNetV2/aider/L70_G70/fioretto_ldf/seed_1
results/pending_runs/paper_backbones,aider,L70_G70,ShuffleNetV2,2,fioretto_ldf,,,50,300,0.0001,5e-06,,71,71,71,0,0.9096314760433837,0.8208092485549133,0.8208092485549133,0.9319677764749751,0.9319677764749751,results/pending_runs/paper_backbones/ShuffleNetV2/aider/L70_G70/fioretto_ldf/seed_2
results/pending_runs/paper_backbones,aider,L70_G70,ShuffleNetV2,4,tralo_bounded,,,50,300,0.0001,5e-06,True,71,66,71,0,0.8979210149846225,0.8092485549132948,0.8092485549132948,0.9274856743745713,0.9274856743745713,results/pending_runs/paper_backbones/ShuffleNetV2/aider/L70_G70/tralo_bounded/seed_4
results/pending_runs/paper_backbones,aider,L70_G70,ShuffleNetV2,3,tralo_bounded,,,50,300,0.0001,5e-06,True,71,70,71,0,0.9198567366526824,0.8092485549132948,0.8092485549132948,0.9200630765188783,0.9200630765188783,results/pending_runs/paper_backbones/ShuffleNetV2/aider/L70_G70/tralo_bounded/seed_3
results/pending_runs/paper_backbones,aider,L70_G70,ShuffleNetV2,1,tralo_bounded,,,50,300,0.0001,5e-06,True,71,65,71,0,0.8757552725657218,0.8208092485549133,0.8208092485549133,0.9274430928240047,0.9274430928240047,results/pending_runs/paper_backbones/ShuffleNetV2/aider/L70_G70/tralo_bounded/seed_1
results/pending_runs/paper_backbones,aider,L70_G70,ShuffleNetV2,2,tralo_bounded,,,50,300,0.0001,5e-06,True,71,71,71,0,0.9097328944560495,0.8208092485549133,0.8208092485549133,0.9319677764749751,0.9319677764749751,results/pending_runs/paper_backbones/ShuffleNetV2/aider/L70_G70/tralo_bounded/seed_2
results/pending_runs/paper_backbones,aider,L70_G70,ShuffleNetV2,4,heuristic,,,50,300,0.0001,5e-06,,71,97,71,0,0.9859458322899286,0.8092485549132948,0.8092485549132948,0.9359879236757441,0.9359879236757441,results/pending_runs/paper_backbones/ShuffleNetV2/aider/L70_G70/heuristic/seed_4
results/pending_runs/paper_backbones,aider,L70_G70,ShuffleNetV2,3,heuristic,,,50,300,0.0001,5e-06,,71,97,71,0,0.9894456316671325,0.8208092485549133,0.8208092485549133,0.9323300232343211,0.9323300232343211,results/pending_runs/paper_backbones/ShuffleNetV2/aider/L70_G70/heuristic/seed_3
results/pending_runs/paper_backbones,aider,L70_G70,ShuffleNetV2,1,heuristic,,,50,300,0.0001,5e-06,,71,104,71,0,0.9793386131590798,0.8208092485549133,0.8208092485549133,0.931498728744068,0.931498728744068,results/pending_runs/paper_backbones/ShuffleNetV2/aider/L70_G70/heuristic/seed_1
results/pending_runs/paper_backbones,aider,L70_G70,ShuffleNetV2,2,heuristic,,,50,300,0.0001,5e-06,,71,99,71,0,0.9825947177525249,0.8208092485549133,0.8208092485549133,0.92457281422387,0.92457281422387,results/pending_runs/paper_backbones/ShuffleNetV2/aider/L70_G70/heuristic/seed_2
results/pending_runs/paper_backbones,aider,L30_G30,ShuffleNetV2,4,hounie_rcl,,,50,300,0.0001,5e-06,,31,11,31,0,0.5464954915945718,0.45112781954887216,0.45112781954887216,0.8106665677850842,0.8106665677850842,results/pending_runs/paper_backbones/ShuffleNetV2/aider/L30_G30/hounie_rcl/seed_4
results/pending_runs/paper_backbones,aider,L30_G30,ShuffleNetV2,3,hounie_rcl,,,50,300,0.0001,5e-06,,31,16,31,0,0.6398176503529066,0.46616541353383456,0.46616541353383456,0.7988465266444817,0.7988465266444817,results/pending_runs/paper_backbones/ShuffleNetV2/aider/L30_G30/hounie_rcl/seed_3
results/pending_runs/paper_backbones,aider,L30_G30,ShuffleNetV2,1,hounie_rcl,,,50,300,0.0001,5e-06,,31,18,31,0,0.5917755710236244,0.46616541353383456,0.46616541353383456,0.808094149662717,0.808094149662717,results/pending_runs/paper_backbones/ShuffleNetV2/aider/L30_G30/hounie_rcl/seed_1
results/pending_runs/paper_backbones,aider,L30_G30,ShuffleNetV2,2,hounie_rcl,,,50,300,0.0001,5e-06,,31,17,31,0,0.6524638874318046,0.46616541353383456,0.46616541353383456,0.822525361820114,0.822525361820114,results/pending_runs/paper_backbones/ShuffleNetV2/aider/L30_G30/hounie_rcl/seed_2
results/pending_runs/paper_backbones,aider,L30_G30,ShuffleNetV2,4,tralo,,,50,300,0.0001,5e-06,True,31,31,31,1,0.6934580511427056,0.46616541353383456,0.46616541353383456,0.8277763704601843,0.8277763704601843,results/pending_runs/paper_backbones/ShuffleNetV2/aider/L30_G30/tralo/seed_4
results/pending_runs/paper_backbones,aider,L30_G30,ShuffleNetV2,3,tralo,,,50,300,0.0001,5e-06,True,31,30,31,0,0.8011961266100116,0.46616541353383456,0.46616541353383456,0.8153082472956701,0.8153082472956701,results/pending_runs/paper_backbones/ShuffleNetV2/aider/L30_G30/tralo/seed_3
results/pending_runs/paper_backbones,aider,L30_G30,ShuffleNetV2,1,tralo,,,50,300,0.0001,5e-06,True,31,30,31,0,0.7124036757716631,0.46616541353383456,0.46616541353383456,0.8192875183056495,0.8192875183056495,results/pending_runs/paper_backbones/ShuffleNetV2/aider/L30_G30/tralo/seed_1
results/pending_runs/paper_backbones,aider,L30_G30,ShuffleNetV2,2,tralo,,,50,300,0.0001,5e-06,True,31,31,31,1,0.7499306210432257,0.46616541353383456,0.46616541353383456,0.8266622118357883,0.8266622118357883,results/pending_runs/paper_backbones/ShuffleNetV2/aider/L30_G30/tralo/seed_2
results/pending_runs/paper_backbones,aider,L30_G30,ShuffleNetV2,4,danits_lp,,,50,300,0.0001,5e-06,,31,97,31,0,0.9859458322899286,0.46616541353383456,0.46616541353383456,0.8448690604569908,0.8448690604569908,results/pending_runs/paper_backbones/ShuffleNetV2/aider/L30_G30/danits_lp/seed_4
results/pending_runs/paper_backbones,aider,L30_G30,ShuffleNetV2,3,danits_lp,,,50,300,0.0001,5e-06,,31,97,31,0,0.9894456316671325,0.46616541353383456,0.46616541353383456,0.8383443626395343,0.8383443626395343,results/pending_runs/paper_backbones/ShuffleNetV2/aider/L30_G30/danits_lp/seed_3
results/pending_runs/paper_backbones,aider,L30_G30,ShuffleNetV2,1,danits_lp,,,50,300,0.0001,5e-06,,31,104,31,0,0.9793386131590798,0.46616541353383456,0.46616541353383456,0.8374958111971458,0.8374958111971458,results/pending_runs/paper_backbones/ShuffleNetV2/aider/L30_G30/danits_lp/seed_1
results/pending_runs/paper_backbones,aider,L30_G30,ShuffleNetV2,2,danits_lp,,,50,300,0.0001,5e-06,,31,99,31,0,0.9825947177525249,0.46616541353383456,0.46616541353383456,0.8295142120228538,0.8295142120228538,results/pending_runs/paper_backbones/ShuffleNetV2/aider/L30_G30/danits_lp/seed_2
results/pending_runs/paper_backbones,aider,L30_G30,ShuffleNetV2,4,fioretto_ldf,,,50,300,0.0001,5e-06,,31,26,31,0,0.6554450538062403,0.46616541353383456,0.46616541353383456,0.8233938937621188,0.8233938937621188,results/pending_runs/paper_backbones/ShuffleNetV2/aider/L30_G30/fioretto_ldf/seed_4
results/pending_runs/paper_backbones,aider,L30_G30,ShuffleNetV2,3,fioretto_ldf,,,50,300,0.0001,5e-06,,31,23,31,0,0.7714074876831469,0.46616541353383456,0.46616541353383456,0.8137034629596435,0.8137034629596435,results/pending_runs/paper_backbones/ShuffleNetV2/aider/L30_G30/fioretto_ldf/seed_3
results/pending_runs/paper_backbones,aider,L30_G30,ShuffleNetV2,1,fioretto_ldf,,,50,300,0.0001,5e-06,,31,26,31,0,0.6879801758750148,0.46616541353383456,0.46616541353383456,0.8190756441760874,0.8190756441760874,results/pending_runs/paper_backbones/ShuffleNetV2/aider/L30_G30/fioretto_ldf/seed_1
results/pending_runs/paper_backbones,aider,L30_G30,ShuffleNetV2,2,fioretto_ldf,,,50,300,0.0001,5e-06,,31,27,31,0,0.7314066886141742,0.46616541353383456,0.46616541353383456,0.8243039797572582,0.8243039797572582,results/pending_runs/paper_backbones/ShuffleNetV2/aider/L30_G30/fioretto_ldf/seed_2
results/pending_runs/paper_backbones,aider,L30_G30,ShuffleNetV2,4,tralo_bounded,,,50,300,0.0001,5e-06,True,31,23,31,0,0.6373256689415493,0.46616541353383456,0.46616541353383456,0.8219061517659915,0.8219061517659915,results/pending_runs/paper_backbones/ShuffleNetV2/aider/L30_G30/tralo_bounded/seed_4
results/pending_runs/paper_backbones,aider,L30_G30,ShuffleNetV2,3,tralo_bounded,,,50,300,0.0001,5e-06,True,31,22,31,0,0.7444200482270705,0.46616541353383456,0.46616541353383456,0.8106495106545399,0.8106495106545399,results/pending_runs/paper_backbones/ShuffleNetV2/aider/L30_G30/tralo_bounded/seed_3
results/pending_runs/paper_backbones,aider,L30_G30,ShuffleNetV2,1,tralo_bounded,,,50,300,0.0001,5e-06,True,31,27,31,0,0.6934802306138373,0.46616541353383456,0.46616541353383456,0.8177585909641998,0.8177585909641998,results/pending_runs/paper_backbones/ShuffleNetV2/aider/L30_G30/tralo_bounded/seed_1
results/pending_runs/paper_backbones,aider,L30_G30,ShuffleNetV2,2,tralo_bounded,,,50,300,0.0001,5e-06,True,31,27,31,0,0.7246785342867094,0.46616541353383456,0.46616541353383456,0.8229077628626953,0.8229077628626953,results/pending_runs/paper_backbones/ShuffleNetV2/aider/L30_G30/tralo_bounded/seed_2
results/pending_runs/paper_backbones,aider,L30_G30,ShuffleNetV2,4,heuristic,,,50,300,0.0001,5e-06,,31,97,31,0,0.9859458322899286,0.46616541353383456,0.46616541353383456,0.8448690604569908,0.8448690604569908,results/pending_runs/paper_backbones/ShuffleNetV2/aider/L30_G30/heuristic/seed_4
results/pending_runs/paper_backbones,aider,L30_G30,ShuffleNetV2,3,heuristic,,,50,300,0.0001,5e-06,,31,97,31,0,0.9894456316671325,0.46616541353383456,0.46616541353383456,0.8383443626395343,0.8383443626395343,results/pending_runs/paper_backbones/ShuffleNetV2/aider/L30_G30/heuristic/seed_3
results/pending_runs/paper_backbones,aider,L30_G30,ShuffleNetV2,1,heuristic,,,50,300,0.0001,5e-06,,31,104,31,0,0.9793386131590798,0.46616541353383456,0.46616541353383456,0.8374958111971458,0.8374958111971458,results/pending_runs/paper_backbones/ShuffleNetV2/aider/L30_G30/heuristic/seed_1
results/pending_runs/paper_backbones,aider,L30_G30,ShuffleNetV2,2,heuristic,,,50,300,0.0001,5e-06,,31,99,31,0,0.9825947177525249,0.46616541353383456,0.46616541353383456,0.8295142120228538,0.8295142120228538,results/pending_runs/paper_backbones/ShuffleNetV2/aider/L30_G30/heuristic/seed_2
results/pending_runs/paper_backbones,aider,L50_G50,ShuffleNetV2,4,danits_lp,,,50,300,0.0001,5e-06,,51,97,51,0,0.9859458322899286,0.6666666666666666,0.6666666666666666,0.8976388326004069,0.8976388326004069,results/pending_runs/paper_backbones/ShuffleNetV2/aider/L50_G50/danits_lp/seed_4
results/pending_runs/paper_backbones,aider,L50_G50,ShuffleNetV2,3,danits_lp,,,50,300,0.0001,5e-06,,51,97,51,0,0.9894456316671325,0.6666666666666666,0.6666666666666666,0.8911026572791279,0.8911026572791279,results/pending_runs/paper_backbones/ShuffleNetV2/aider/L50_G50/danits_lp/seed_3
results/pending_runs/paper_backbones,aider,L50_G50,ShuffleNetV2,1,danits_lp,,,50,300,0.0001,5e-06,,51,104,51,0,0.9793386131590798,0.6666666666666666,0.6666666666666666,0.8902625576439254,0.8902625576439254,results/pending_runs/paper_backbones/ShuffleNetV2/aider/L50_G50/danits_lp/seed_1
results/pending_runs/paper_backbones,aider,L50_G50,ShuffleNetV2,2,danits_lp,,,50,300,0.0001,5e-06,,51,99,51,0,0.9825947177525249,0.6666666666666666,0.6666666666666666,0.882306980149424,0.882306980149424,results/pending_runs/paper_backbones/ShuffleNetV2/aider/L50_G50/danits_lp/seed_2
results/pending_runs/paper_backbones,aider,L50_G50,ShuffleNetV2,4,tralo_bounded,,,50,300,0.0001,5e-06,True,51,44,51,0,0.8059987903708467,0.6666666666666666,0.6666666666666666,0.8848136217731362,0.8848136217731362,results/pending_runs/paper_backbones/ShuffleNetV2/aider/L50_G50/tralo_bounded/seed_4
results/pending_runs/paper_backbones,aider,L50_G50,ShuffleNetV2,3,tralo_bounded,,,50,300,0.0001,5e-06,True,51,50,51,0,0.8742660603938137,0.6666666666666666,0.6666666666666666,0.8726006258420723,0.8726006258420723,results/pending_runs/paper_backbones/ShuffleNetV2/aider/L50_G50/tralo_bounded/seed_3
results/pending_runs/paper_backbones,aider,L50_G50,ShuffleNetV2,1,tralo_bounded,,,50,300,0.0001,5e-06,True,51,47,51,0,0.7885259448379625,0.6666666666666666,0.6666666666666666,0.8735181975575593,0.8735181975575593,results/pending_runs/paper_backbones/ShuffleNetV2/aider/L50_G50/tralo_bounded/seed_1
results/pending_runs/paper_backbones,aider,L50_G50,ShuffleNetV2,2,tralo_bounded,,,50,300,0.0001,5e-06,True,51,50,51,0,0.8415355419233419,0.6666666666666666,0.6666666666666666,0.8892382961395134,0.8892382961395134,results/pending_runs/paper_backbones/ShuffleNetV2/aider/L50_G50/tralo_bounded/seed_2
results/pending_runs/paper_backbones,aider,L50_G50,ShuffleNetV2,4,heuristic,,,50,300,0.0001,5e-06,,51,97,51,0,0.9859458322899286,0.6666666666666666,0.6666666666666666,0.8976388326004069,0.8976388326004069,results/pending_runs/paper_backbones/ShuffleNetV2/aider/L50_G50/heuristic/seed_4
results/pending_runs/paper_backbones,aider,L50_G50,ShuffleNetV2,3,heuristic,,,50,300,0.0001,5e-06,,51,97,51,0,0.9894456316671325,0.6666666666666666,0.6666666666666666,0.8911026572791279,0.8911026572791279,results/pending_runs/paper_backbones/ShuffleNetV2/aider/L50_G50/heuristic/seed_3
results/pending_runs/paper_backbones,aider,L50_G50,ShuffleNetV2,1,heuristic,,,50,300,0.0001,5e-06,,51,104,51,0,0.9793386131590798,0.6666666666666666,0.6666666666666666,0.8902625576439254,0.8902625576439254,results/pending_runs/paper_backbones/ShuffleNetV2/aider/L50_G50/heuristic/seed_1
results/pending_runs/paper_backbones,aider,L50_G50,ShuffleNetV2,2,heuristic,,,50,300,0.0001,5e-06,,51,99,51,0,0.9825947177525249,0.6666666666666666,0.6666666666666666,0.882306980149424,0.882306980149424,results/pending_runs/paper_backbones/ShuffleNetV2/aider/L50_G50/heuristic/seed_2
results/pending_runs/paper_backbones,aider,L80_G80,ShuffleNetV2,4,hounie_rcl,,,50,300,0.0001,5e-06,,82,80,82,0,0.9382294800653151,0.8695652173913043,0.8695652173913043,0.9466571154468015,0.9466571154468015,results/pending_runs/paper_backbones/ShuffleNetV2/aider/L80_G80/hounie_rcl/seed_4
results/pending_runs/paper_backbones,aider,L80_G80,ShuffleNetV2,3,hounie_rcl,,,50,300,0.0001,5e-06,,82,79,82,0,0.942873995049896,0.8804347826086957,0.8804347826086957,0.9439348625845342,0.9439348625845342,results/pending_runs/paper_backbones/ShuffleNetV2/aider/L80_G80/hounie_rcl/seed_3
results/pending_runs/paper_backbones,aider,L80_G80,ShuffleNetV2,1,hounie_rcl,,,50,300,0.0001,5e-06,,82,76,82,0,0.9575932731472989,0.8913043478260869,0.8913043478260869,0.9470060487963301,0.9470060487963301,results/pending_runs/paper_backbones/ShuffleNetV2/aider/L80_G80/hounie_rcl/seed_1
results/pending_runs/paper_backbones,aider,L80_G80,ShuffleNetV2,2,hounie_rcl,,,50,300,0.0001,5e-06,,82,78,82,0,0.9469054331235849,0.8804347826086957,0.8804347826086957,0.9483769954681416,0.9473648708170362,results/pending_runs/paper_backbones/ShuffleNetV2/aider/L80_G80/hounie_rcl/seed_2
results/pending_runs/paper_backbones,aider,L80_G80,ShuffleNetV2,4,tralo,,,50,300,0.0001,5e-06,True,82,82,82,1,0.9427767039615065,0.8695652173913043,0.8695652173913043,0.9480622507187857,0.9480622507187857,results/pending_runs/paper_backbones/ShuffleNetV2/aider/L80_G80/tralo/seed_4
results/pending_runs/paper_backbones,aider,L80_G80,ShuffleNetV2,3,tralo,,,50,300,0.0001,5e-06,True,82,82,82,1,0.9519709743915902,0.8804347826086957,0.8804347826086957,0.9454672954679392,0.9454672954679392,results/pending_runs/paper_backbones/ShuffleNetV2/aider/L80_G80/tralo/seed_3
results/pending_runs/paper_backbones,aider,L80_G80,ShuffleNetV2,1,tralo,,,50,300,0.0001,5e-06,True,82,81,82,0,0.9667483533969238,0.8913043478260869,0.8913043478260869,0.9487553813526446,0.9487553813526446,results/pending_runs/paper_backbones/ShuffleNetV2/aider/L80_G80/tralo/seed_1
results/pending_runs/paper_backbones,aider,L80_G80,ShuffleNetV2,2,tralo,,,50,300,0.0001,5e-06,True,82,82,82,1,0.9531501074551092,0.8804347826086957,0.8804347826086957,0.9511485911122662,0.9501358372246245,results/pending_runs/paper_backbones/ShuffleNetV2/aider/L80_G80/tralo/seed_2
results/pending_runs/paper_backbones,aider,L80_G80,ShuffleNetV2,4,danits_lp,,,50,300,0.0001,5e-06,,82,97,82,0,0.9859458322899286,0.8804347826086957,0.8804347826086957,0.9552974118022977,0.9552974118022977,results/pending_runs/paper_backbones/ShuffleNetV2/aider/L80_G80/danits_lp/seed_4
results/pending_runs/paper_backbones,aider,L80_G80,ShuffleNetV2,3,danits_lp,,,50,300,0.0001,5e-06,,82,97,82,0,0.9894456316671325,0.8804347826086957,0.8804347826086957,0.9487426071292226,0.9487426071292226,results/pending_runs/paper_backbones/ShuffleNetV2/aider/L80_G80/danits_lp/seed_3
results/pending_runs/paper_backbones,aider,L80_G80,ShuffleNetV2,1,danits_lp,,,50,300,0.0001,5e-06,,82,104,82,0,0.9793386131590798,0.8913043478260869,0.8913043478260869,0.9506337037219985,0.9506337037219985,results/pending_runs/paper_backbones/ShuffleNetV2/aider/L80_G80/danits_lp/seed_1
results/pending_runs/paper_backbones,aider,L80_G80,ShuffleNetV2,2,danits_lp,,,50,300,0.0001,5e-06,,82,99,82,0,0.9825947177525249,0.8913043478260869,0.8913043478260869,0.9465998519809666,0.9465998519809666,results/pending_runs/paper_backbones/ShuffleNetV2/aider/L80_G80/danits_lp/seed_2
results/pending_runs/paper_backbones,aider,L80_G80,ShuffleNetV2,4,fioretto_ldf,,,50,300,0.0001,5e-06,,82,81,82,0,0.9355637477791543,0.8695652173913043,0.8695652173913043,0.9466571154468015,0.9466571154468015,results/pending_runs/paper_backbones/ShuffleNetV2/aider/L80_G80/fioretto_ldf/seed_4
results/pending_runs/paper_backbones,aider,L80_G80,ShuffleNetV2,3,fioretto_ldf,,,50,300,0.0001,5e-06,,82,81,82,0,0.945016622721266,0.8804347826086957,0.8804347826086957,0.946768936279332,0.946768936279332,results/pending_runs/paper_backbones/ShuffleNetV2/aider/L80_G80/fioretto_ldf/seed_3
results/pending_runs/paper_backbones,aider,L80_G80,ShuffleNetV2,1,fioretto_ldf,,,50,300,0.0001,5e-06,,82,74,82,0,0.9541282566797643,0.8913043478260869,0.8913043478260869,0.9470060487963301,0.9470060487963301,results/pending_runs/paper_backbones/ShuffleNetV2/aider/L80_G80/fioretto_ldf/seed_1
results/pending_runs/paper_backbones,aider,L80_G80,ShuffleNetV2,2,fioretto_ldf,,,50,300,0.0001,5e-06,,82,79,82,0,0.950040590868037,0.8804347826086957,0.8804347826086957,0.9497687169708824,0.9487562466146586,results/pending_runs/paper_backbones/ShuffleNetV2/aider/L80_G80/fioretto_ldf/seed_2
results/pending_runs/paper_backbones,aider,L80_G80,ShuffleNetV2,4,tralo_bounded,,,50,300,0.0001,5e-06,True,82,81,82,0,0.9391497892568078,0.8695652173913043,0.8695652173913043,0.9480622507187857,0.9480622507187857,results/pending_runs/paper_backbones/ShuffleNetV2/aider/L80_G80/tralo_bounded/seed_4
results/pending_runs/paper_backbones,aider,L80_G80,ShuffleNetV2,3,tralo_bounded,,,50,300,0.0001,5e-06,True,82,81,82,0,0.9442349474980121,0.8804347826086957,0.8804347826086957,0.9453273167584514,0.9453273167584514,results/pending_runs/paper_backbones/ShuffleNetV2/aider/L80_G80/tralo_bounded/seed_3
results/pending_runs/paper_backbones,aider,L80_G80,ShuffleNetV2,1,tralo_bounded,,,50,300,0.0001,5e-06,True,82,76,82,0,0.9568564308893764,0.8913043478260869,0.8913043478260869,0.9470060487963301,0.9470060487963301,results/pending_runs/paper_backbones/ShuffleNetV2/aider/L80_G80/tralo_bounded/seed_1
results/pending_runs/paper_backbones,aider,L80_G80,ShuffleNetV2,2,tralo_bounded,,,50,300,0.0001,5e-06,True,82,80,82,0,0.9508349675748068,0.8804347826086957,0.8804347826086957,0.9487562466146586,0.9487562466146586,results/pending_runs/paper_backbones/ShuffleNetV2/aider/L80_G80/tralo_bounded/seed_2
results/pending_runs/paper_backbones,aider,L80_G80,ShuffleNetV2,4,heuristic,,,50,300,0.0001,5e-06,,82,97,82,0,0.9859458322899286,0.8804347826086957,0.8804347826086957,0.9552974118022977,0.9552974118022977,results/pending_runs/paper_backbones/ShuffleNetV2/aider/L80_G80/heuristic/seed_4
results/pending_runs/paper_backbones,aider,L80_G80,ShuffleNetV2,3,heuristic,,,50,300,0.0001,5e-06,,82,97,82,0,0.9894456316671325,0.8804347826086957,0.8804347826086957,0.9487426071292226,0.9487426071292226,results/pending_runs/paper_backbones/ShuffleNetV2/aider/L80_G80/heuristic/seed_3
results/pending_runs/paper_backbones,aider,L80_G80,ShuffleNetV2,1,heuristic,,,50,300,0.0001,5e-06,,82,104,82,0,0.9793386131590798,0.8913043478260869,0.8913043478260869,0.9506337037219985,0.9506337037219985,results/pending_runs/paper_backbones/ShuffleNetV2/aider/L80_G80/heuristic/seed_1
results/pending_runs/paper_backbones,aider,L80_G80,ShuffleNetV2,2,heuristic,,,50,300,0.0001,5e-06,,82,99,82,0,0.9825947177525249,0.8913043478260869,0.8913043478260869,0.9465998519809666,0.9465998519809666,results/pending_runs/paper_backbones/ShuffleNetV2/aider/L80_G80/heuristic/seed_2
results/pending_runs/paper_backbones,dermmnist,L20_G20,ShuffleNetV2,4,hounie_rcl,,,50,300,0.0001,5e-06,,45,24,45,0,0.5251731832610975,0.29850746268656714,0.29850746268656714,0.6526720942353831,0.6526720942353831,results/pending_runs/paper_backbones/ShuffleNetV2/dermmnist/L20_G20/hounie_rcl/seed_4
results/pending_runs/paper_backbones,dermmnist,L20_G20,ShuffleNetV2,3,hounie_rcl,,,50,300,0.0001,5e-06,,45,32,45,0,0.5030643886363632,0.26865671641791045,0.26865671641791045,0.6539470861138934,0.6539470861138934,results/pending_runs/paper_backbones/ShuffleNetV2/dermmnist/L20_G20/hounie_rcl/seed_3
results/pending_runs/paper_backbones,dermmnist,L20_G20,ShuffleNetV2,1,hounie_rcl,,,50,300,0.0001,5e-06,,45,35,45,0,0.4847294350930216,0.2835820895522388,0.2835820895522388,0.626925025182543,0.626925025182543,results/pending_runs/paper_backbones/ShuffleNetV2/dermmnist/L20_G20/hounie_rcl/seed_1
results/pending_runs/paper_backbones,dermmnist,L20_G20,ShuffleNetV2,2,hounie_rcl,,,50,300,0.0001,5e-06,,45,36,45,0,0.5504463687542634,0.29850746268656714,0.29850746268656714,0.6310452881611459,0.6312040545093497,results/pending_runs/paper_backbones/ShuffleNetV2/dermmnist/L20_G20/hounie_rcl/seed_2
results/pending_runs/paper_backbones,dermmnist,L20_G20,ShuffleNetV2,4,tralo,,,50,300,0.0001,5e-06,True,45,38,45,0,0.5248039780322564,0.2835820895522388,0.2835820895522388,0.6232331089148747,0.6232331089148747,results/pending_runs/paper_backbones/ShuffleNetV2/dermmnist/L20_G20/tralo/seed_4
results/pending_runs/paper_backbones,dermmnist,L20_G20,ShuffleNetV2,3,tralo,,,50,300,0.0001,5e-06,True,45,42,45,0,0.47646555428457793,0.26119402985074625,0.26119402985074625,0.6246503416744045,0.6246503416744045,results/pending_runs/paper_backbones/ShuffleNetV2/dermmnist/L20_G20/tralo/seed_3
results/pending_runs/paper_backbones,dermmnist,L20_G20,ShuffleNetV2,1,tralo,,,50,300,0.0001,5e-06,True,45,41,45,0,0.49289912166637045,0.2835820895522388,0.2835820895522388,0.6417037336394633,0.6417037336394633,results/pending_runs/paper_backbones/ShuffleNetV2/dermmnist/L20_G20/tralo/seed_1
results/pending_runs/paper_backbones,dermmnist,L20_G20,ShuffleNetV2,2,tralo,,,50,300,0.0001,5e-06,True,45,40,45,0,0.5295907667324039,0.2835820895522388,0.2835820895522388,0.6227241102758697,0.6227241102758697,results/pending_runs/paper_backbones/ShuffleNetV2/dermmnist/L20_G20/tralo/seed_2
results/pending_runs/paper_backbones,dermmnist,L20_G20,ShuffleNetV2,4,danits_lp,,,50,300,0.0001,5e-06,,45,253,45,0,0.6041188690093185,0.26865671641791045,0.26865671641791045,0.661958301029826,0.661958301029826,results/pending_runs/paper_backbones/ShuffleNetV2/dermmnist/L20_G20/danits_lp/seed_4
results/pending_runs/paper_backbones,dermmnist,L20_G20,ShuffleNetV2,3,danits_lp,,,50,300,0.0001,5e-06,,45,185,45,0,0.5853469736081506,0.26865671641791045,0.26865671641791045,0.6735660573791072,0.6735660573791072,results/pending_runs/paper_backbones/ShuffleNetV2/dermmnist/L20_G20/danits_lp/seed_3
results/pending_runs/paper_backbones,dermmnist,L20_G20,ShuffleNetV2,1,danits_lp,,,50,300,0.0001,5e-06,,45,229,45,0,0.5690922436568214,0.27611940298507465,0.27611940298507465,0.6358140481154783,0.6358140481154783,results/pending_runs/paper_backbones/ShuffleNetV2/dermmnist/L20_G20/danits_lp/seed_1
results/pending_runs/paper_backbones,dermmnist,L20_G20,ShuffleNetV2,2,danits_lp,,,50,300,0.0001,5e-06,,45,158,45,0,0.6197260044920374,0.30597014925373134,0.30597014925373134,0.6448517082938213,0.6448517082938213,results/pending_runs/paper_backbones/ShuffleNetV2/dermmnist/L20_G20/danits_lp/seed_2
results/pending_runs/paper_backbones,dermmnist,L20_G20,ShuffleNetV2,4,fioretto_ldf,,,50,300,0.0001,5e-06,,45,34,45,0,0.5220736468590808,0.27611940298507465,0.27611940298507465,0.6274012094684102,0.6274012094684102,results/pending_runs/paper_backbones/ShuffleNetV2/dermmnist/L20_G20/fioretto_ldf/seed_4
results/pending_runs/paper_backbones,dermmnist,L20_G20,ShuffleNetV2,3,fioretto_ldf,,,50,300,0.0001,5e-06,,45,36,45,0,0.46649985273491335,0.26119402985074625,0.26119402985074625,0.6360511972363189,0.6360511972363189,results/pending_runs/paper_backbones/ShuffleNetV2/dermmnist/L20_G20/fioretto_ldf/seed_3
results/pending_runs/paper_backbones,dermmnist,L20_G20,ShuffleNetV2,1,fioretto_ldf,,,50,300,0.0001,5e-06,,45,37,45,0,0.48633351118689816,0.2835820895522388,0.291044776119403,0.636932265393667,0.6433547063526971,results/pending_runs/paper_backbones/ShuffleNetV2/dermmnist/L20_G20/fioretto_ldf/seed_1
results/pending_runs/paper_backbones,dermmnist,L20_G20,ShuffleNetV2,2,fioretto_ldf,,,50,300,0.0001,5e-06,,45,41,45,0,0.5286152502153171,0.27611940298507465,0.27611940298507465,0.6260519230712237,0.6260519230712237,results/pending_runs/paper_backbones/ShuffleNetV2/dermmnist/L20_G20/fioretto_ldf/seed_2
results/pending_runs/paper_backbones,dermmnist,L20_G20,ShuffleNetV2,4,tralo_bounded,,,50,300,0.0001,5e-06,True,45,31,45,0,0.5227637518577414,0.2835820895522388,0.2835820895522388,0.6352492594271999,0.6352492594271999,results/pending_runs/paper_backbones/ShuffleNetV2/dermmnist/L20_G20/tralo_bounded/seed_4
results/pending_runs/paper_backbones,dermmnist,L20_G20,ShuffleNetV2,3,tralo_bounded,,,50,300,0.0001,5e-06,True,45,36,45,0,0.4714799915648076,0.26119402985074625,0.26119402985074625,0.6400693208601125,0.6400693208601125,results/pending_runs/paper_backbones/ShuffleNetV2/dermmnist/L20_G20/tralo_bounded/seed_3
results/pending_runs/paper_backbones,dermmnist,L20_G20,ShuffleNetV2,1,tralo_bounded,,,50,300,0.0001,5e-06,True,45,36,45,0,0.4832314185505983,0.2835820895522388,0.2835820895522388,0.6403890641629235,0.6403890641629235,results/pending_runs/paper_backbones/ShuffleNetV2/dermmnist/L20_G20/tralo_bounded/seed_1
results/pending_runs/paper_backbones,dermmnist,L20_G20,ShuffleNetV2,2,tralo_bounded,,,50,300,0.0001,5e-06,True,45,39,45,0,0.5263063240227986,0.2835820895522388,0.2835820895522388,0.6276326249342248,0.6276326249342248,results/pending_runs/paper_backbones/ShuffleNetV2/dermmnist/L20_G20/tralo_bounded/seed_2
results/pending_runs/paper_backbones,dermmnist,L20_G20,ShuffleNetV2,4,heuristic,,,50,300,0.0001,5e-06,,45,253,45,0,0.6041188690093185,0.26865671641791045,0.26865671641791045,0.661958301029826,0.661958301029826,results/pending_runs/paper_backbones/ShuffleNetV2/dermmnist/L20_G20/heuristic/seed_4
results/pending_runs/paper_backbones,dermmnist,L20_G20,ShuffleNetV2,3,heuristic,,,50,300,0.0001,5e-06,,45,185,45,0,0.5853469736081506,0.26865671641791045,0.26865671641791045,0.6735660573791072,0.6735660573791072,results/pending_runs/paper_backbones/ShuffleNetV2/dermmnist/L20_G20/heuristic/seed_3
results/pending_runs/paper_backbones,dermmnist,L20_G20,ShuffleNetV2,1,heuristic,,,50,300,0.0001,5e-06,,45,229,45,0,0.5690922436568214,0.27611940298507465,0.27611940298507465,0.6358140481154783,0.6358140481154783,results/pending_runs/paper_backbones/ShuffleNetV2/dermmnist/L20_G20/heuristic/seed_1
results/pending_runs/paper_backbones,dermmnist,L20_G20,ShuffleNetV2,2,heuristic,,,50,300,0.0001,5e-06,,45,158,45,0,0.6197260044920374,0.30597014925373134,0.30597014925373134,0.6448517082938213,0.6448517082938213,results/pending_runs/paper_backbones/ShuffleNetV2/dermmnist/L20_G20/heuristic/seed_2
results/pending_runs/paper_backbones,dermmnist,L70_G70,ShuffleNetV2,4,hounie_rcl,,,50,300,0.0001,5e-06,,156,144,156,0,0.6154990686815244,0.5910290237467019,0.5910290237467019,0.7142616190335956,0.7142616190335956,results/pending_runs/paper_backbones/ShuffleNetV2/dermmnist/L70_G70/hounie_rcl/seed_4
results/pending_runs/paper_backbones,dermmnist,L70_G70,ShuffleNetV2,3,hounie_rcl,,,50,300,0.0001,5e-06,,156,127,156,0,0.5815634898190455,0.5488126649076517,0.5488126649076517,0.7034655697942972,0.7034655697942972,results/pending_runs/paper_backbones/ShuffleNetV2/dermmnist/L70_G70/hounie_rcl/seed_3
results/pending_runs/paper_backbones,dermmnist,L70_G70,ShuffleNetV2,1,hounie_rcl,,,50,300,0.0001,5e-06,,156,135,156,0,0.5745310788153661,0.5382585751978892,0.5382585751978892,0.7074606685703078,0.7074606685703078,results/pending_runs/paper_backbones/ShuffleNetV2/dermmnist/L70_G70/hounie_rcl/seed_1
results/pending_runs/paper_backbones,dermmnist,L70_G70,ShuffleNetV2,2,hounie_rcl,,,50,300,0.0001,5e-06,,156,134,156,0,0.618310046629715,0.5699208443271768,0.5699208443271768,0.6863251137311362,0.6863251137311362,results/pending_runs/paper_backbones/ShuffleNetV2/dermmnist/L70_G70/hounie_rcl/seed_2
results/pending_runs/paper_backbones,dermmnist,L70_G70,ShuffleNetV2,4,tralo,,,50,300,0.0001,5e-06,True,156,153,156,0,0.6168208720898163,0.6015831134564644,0.6015831134564644,0.7157958315525308,0.7167817005761015,results/pending_runs/paper_backbones/ShuffleNetV2/dermmnist/L70_G70/tralo/seed_4
results/pending_runs/paper_backbones,dermmnist,L70_G70,ShuffleNetV2,3,tralo,,,50,300,0.0001,5e-06,True,156,148,156,0,0.5858372637433716,0.5435356200527705,0.5435356200527705,0.7017781864806963,0.7017781864806963,results/pending_runs/paper_backbones/ShuffleNetV2/dermmnist/L70_G70/tralo/seed_3
results/pending_runs/paper_backbones,dermmnist,L70_G70,ShuffleNetV2,1,tralo,,,50,300,0.0001,5e-06,True,156,150,156,0,0.5707113038400128,0.5382585751978892,0.5382585751978892,0.6874303295714778,0.6874303295714778,results/pending_runs/paper_backbones/ShuffleNetV2/dermmnist/L70_G70/tralo/seed_1
results/pending_runs/paper_backbones,dermmnist,L70_G70,ShuffleNetV2,2,tralo,,,50,300,0.0001,5e-06,True,156,156,156,1,0.6187575154238826,0.5646437994722955,0.5593667546174143,0.6851267292246936,0.684269719722475,results/pending_runs/paper_backbones/ShuffleNetV2/dermmnist/L70_G70/tralo/seed_2
results/pending_runs/paper_backbones,dermmnist,L70_G70,ShuffleNetV2,4,danits_lp,,,50,300,0.0001,5e-06,,156,253,156,0,0.6041188690093185,0.575197889182058,0.5699208443271768,0.7096593213128922,0.7086128599422752,results/pending_runs/paper_backbones/ShuffleNetV2/dermmnist/L70_G70/danits_lp/seed_4
results/pending_runs/paper_backbones,dermmnist,L70_G70,ShuffleNetV2,3,danits_lp,,,50,300,0.0001,5e-06,,156,185,156,0,0.5853469736081506,0.5435356200527705,0.5435356200527705,0.7196067863815491,0.7201885216856152,results/pending_runs/paper_backbones/ShuffleNetV2/dermmnist/L70_G70/danits_lp/seed_3
results/pending_runs/paper_backbones,dermmnist,L70_G70,ShuffleNetV2,1,danits_lp,,,50,300,0.0001,5e-06,,156,229,156,0,0.5690922436568214,0.5382585751978892,0.5382585751978892,0.675217768549255,0.675217768549255,results/pending_runs/paper_backbones/ShuffleNetV2/dermmnist/L70_G70/danits_lp/seed_1
results/pending_runs/paper_backbones,dermmnist,L70_G70,ShuffleNetV2,2,danits_lp,,,50,300,0.0001,5e-06,,156,158,149,0,0.6197260044920374,0.5645161290322581,0.5593667546174143,0.6853714808234012,0.6832036541599713,results/pending_runs/paper_backbones/ShuffleNetV2/dermmnist/L70_G70/danits_lp/seed_2
results/pending_runs/paper_backbones,dermmnist,L70_G70,ShuffleNetV2,4,fioretto_ldf,,,50,300,0.0001,5e-06,,156,148,156,0,0.6162089045240697,0.6015831134564644,0.5910290237467019,0.7151571976395684,0.7130680216461763,results/pending_runs/paper_backbones/ShuffleNetV2/dermmnist/L70_G70/fioretto_ldf/seed_4
results/pending_runs/paper_backbones,dermmnist,L70_G70,ShuffleNetV2,3,fioretto_ldf,,,50,300,0.0001,5e-06,,156,132,156,0,0.5806389886198542,0.5488126649076517,0.5488126649076517,0.7014248771958219,0.7014248771958219,results/pending_runs/paper_backbones/ShuffleNetV2/dermmnist/L70_G70/fioretto_ldf/seed_3
results/pending_runs/paper_backbones,dermmnist,L70_G70,ShuffleNetV2,1,fioretto_ldf,,,50,300,0.0001,5e-06,,156,139,156,0,0.5749169822741198,0.5329815303430079,0.5329815303430079,0.7015354443233226,0.7015354443233226,results/pending_runs/paper_backbones/ShuffleNetV2/dermmnist/L70_G70/fioretto_ldf/seed_1
results/pending_runs/paper_backbones,dermmnist,L70_G70,ShuffleNetV2,2,fioretto_ldf,,,50,300,0.0001,5e-06,,156,136,156,0,0.6191733716875306,0.5699208443271768,0.5699208443271768,0.6879019490388033,0.6879019490388033,results/pending_runs/paper_backbones/ShuffleNetV2/dermmnist/L70_G70/fioretto_ldf/seed_2
results/pending_runs/paper_backbones,dermmnist,L70_G70,ShuffleNetV2,4,tralo_bounded,,,50,300,0.0001,5e-06,True,156,150,156,0,0.616128563467586,0.6015831134564644,0.5963060686015831,0.716944603842717,0.713670475602089,results/pending_runs/paper_backbones/ShuffleNetV2/dermmnist/L70_G70/tralo_bounded/seed_4
results/pending_runs/paper_backbones,dermmnist,L70_G70,ShuffleNetV2,3,tralo_bounded,,,50,300,0.0001,5e-06,True,156,130,156,0,0.5800555344202952,0.5435356200527705,0.5435356200527705,0.7024392472115942,0.7024392472115942,results/pending_runs/paper_backbones/ShuffleNetV2/dermmnist/L70_G70/tralo_bounded/seed_3
results/pending_runs/paper_backbones,dermmnist,L70_G70,ShuffleNetV2,1,tralo_bounded,,,50,300,0.0001,5e-06,True,156,132,156,0,0.5727194662838194,0.5329815303430079,0.5329815303430079,0.7047026317454274,0.7047026317454274,results/pending_runs/paper_backbones/ShuffleNetV2/dermmnist/L70_G70/tralo_bounded/seed_1
results/pending_runs/paper_backbones,dermmnist,L70_G70,ShuffleNetV2,2,tralo_bounded,,,50,300,0.0001,5e-06,True,156,143,156,0,0.6204478084533995,0.5646437994722955,0.5646437994722955,0.6859353447547586,0.6859353447547586,results/pending_runs/paper_backbones/ShuffleNetV2/dermmnist/L70_G70/tralo_bounded/seed_2
results/pending_runs/paper_backbones,dermmnist,L70_G70,ShuffleNetV2,4,heuristic,,,50,300,0.0001,5e-06,,156,253,156,0,0.6041188690093185,0.5699208443271768,0.5699208443271768,0.7086128599422752,0.7086128599422752,results/pending_runs/paper_backbones/ShuffleNetV2/dermmnist/L70_G70/heuristic/seed_4
results/pending_runs/paper_backbones,dermmnist,L70_G70,ShuffleNetV2,3,heuristic,,,50,300,0.0001,5e-06,,156,185,156,0,0.5853469736081506,0.5435356200527705,0.5435356200527705,0.7201885216856152,0.7201885216856152,results/pending_runs/paper_backbones/ShuffleNetV2/dermmnist/L70_G70/heuristic/seed_3
results/pending_runs/paper_backbones,dermmnist,L70_G70,ShuffleNetV2,1,heuristic,,,50,300,0.0001,5e-06,,156,229,156,0,0.5690922436568214,0.5382585751978892,0.5382585751978892,0.675217768549255,0.675217768549255,results/pending_runs/paper_backbones/ShuffleNetV2/dermmnist/L70_G70/heuristic/seed_1
results/pending_runs/paper_backbones,dermmnist,L70_G70,ShuffleNetV2,2,heuristic,,,50,300,0.0001,5e-06,,156,158,156,0,0.6197260044920374,0.5593667546174143,0.5593667546174143,0.6832036541599713,0.6832036541599713,results/pending_runs/paper_backbones/ShuffleNetV2/dermmnist/L70_G70/heuristic/seed_2
results/pending_runs/paper_backbones,dermmnist,L30_G30,ShuffleNetV2,4,hounie_rcl,,,50,300,0.0001,5e-06,,67,49,67,0,0.5639849731238805,0.4,0.4,0.6703782370912915,0.6703782370912915,results/pending_runs/paper_backbones/ShuffleNetV2/dermmnist/L30_G30/hounie_rcl/seed_4
results/pending_runs/paper_backbones,dermmnist,L30_G30,ShuffleNetV2,3,hounie_rcl,,,50,300,0.0001,5e-06,,67,46,67,0,0.5179123400525557,0.36551724137931035,0.36551724137931035,0.6658692781433365,0.6658692781433365,results/pending_runs/paper_backbones/ShuffleNetV2/dermmnist/L30_G30/hounie_rcl/seed_3
results/pending_runs/paper_backbones,dermmnist,L30_G30,ShuffleNetV2,1,hounie_rcl,,,50,300,0.0001,5e-06,,67,46,67,0,0.5079429550933047,0.3931034482758621,0.3931034482758621,0.6647385775168226,0.6647385775168226,results/pending_runs/paper_backbones/ShuffleNetV2/dermmnist/L30_G30/hounie_rcl/seed_1
results/pending_runs/paper_backbones,dermmnist,L30_G30,ShuffleNetV2,2,hounie_rcl,,,50,300,0.0001,5e-06,,67,50,67,0,0.5617995155701023,0.3793103448275862,0.3793103448275862,0.6438862194062427,0.6438862194062427,results/pending_runs/paper_backbones/ShuffleNetV2/dermmnist/L30_G30/hounie_rcl/seed_2
results/pending_runs/paper_backbones,dermmnist,L30_G30,ShuffleNetV2,4,tralo,,,50,300,0.0001,5e-06,True,67,56,67,0,0.565373663498854,0.38620689655172413,0.38620689655172413,0.6616445229108737,0.6616445229108737,results/pending_runs/paper_backbones/ShuffleNetV2/dermmnist/L30_G30/tralo/seed_4
results/pending_runs/paper_backbones,dermmnist,L30_G30,ShuffleNetV2,3,tralo,,,50,300,0.0001,5e-06,True,67,65,67,0,0.5124352556514317,0.3586206896551724,0.36551724137931035,0.6485866261125708,0.6496716780759572,results/pending_runs/paper_backbones/ShuffleNetV2/dermmnist/L30_G30/tralo/seed_3
results/pending_runs/paper_backbones,dermmnist,L30_G30,ShuffleNetV2,1,tralo,,,50,300,0.0001,5e-06,True,67,67,67,1,0.5236366379777229,0.3931034482758621,0.3931034482758621,0.6710493941136917,0.6709487904919612,results/pending_runs/paper_backbones/ShuffleNetV2/dermmnist/L30_G30/tralo/seed_1
results/pending_runs/paper_backbones,dermmnist,L30_G30,ShuffleNetV2,2,tralo,,,50,300,0.0001,5e-06,True,67,64,67,0,0.5676819733915951,0.3793103448275862,0.3793103448275862,0.6555216643641729,0.6538665064712615,results/pending_runs/paper_backbones/ShuffleNetV2/dermmnist/L30_G30/tralo/seed_2
results/pending_runs/paper_backbones,dermmnist,L30_G30,ShuffleNetV2,4,danits_lp,,,50,300,0.0001,5e-06,,67,253,67,0,0.6041188690093185,0.3586206896551724,0.36551724137931035,0.67520055334811,0.676688519011096,results/pending_runs/paper_backbones/ShuffleNetV2/dermmnist/L30_G30/danits_lp/seed_4
results/pending_runs/paper_backbones,dermmnist,L30_G30,ShuffleNetV2,3,danits_lp,,,50,300,0.0001,5e-06,,67,185,67,0,0.5853469736081506,0.36551724137931035,0.3586206896551724,0.6882535379334683,0.6871650957796485,results/pending_runs/paper_backbones/ShuffleNetV2/dermmnist/L30_G30/danits_lp/seed_3
results/pending_runs/paper_backbones,dermmnist,L30_G30,ShuffleNetV2,1,danits_lp,,,50,300,0.0001,5e-06,,67,229,67,0,0.5690922436568214,0.38620689655172413,0.3793103448275862,0.6523326321828028,0.651347410507926,results/pending_runs/paper_backbones/ShuffleNetV2/dermmnist/L30_G30/danits_lp/seed_1
results/pending_runs/paper_backbones,dermmnist,L30_G30,ShuffleNetV2,2,danits_lp,,,50,300,0.0001,5e-06,,67,158,67,0,0.6197260044920374,0.3793103448275862,0.38620689655172413,0.6553091934214784,0.6559592233692214,results/pending_runs/paper_backbones/ShuffleNetV2/dermmnist/L30_G30/danits_lp/seed_2
results/pending_runs/paper_backbones,dermmnist,L30_G30,ShuffleNetV2,4,fioretto_ldf,,,50,300,0.0001,5e-06,,67,53,67,0,0.5598857437158057,0.3931034482758621,0.3931034482758621,0.654322556391626,0.654322556391626,results/pending_runs/paper_backbones/ShuffleNetV2/dermmnist/L30_G30/fioretto_ldf/seed_4
results/pending_runs/paper_backbones,dermmnist,L30_G30,ShuffleNetV2,3,fioretto_ldf,,,50,300,0.0001,5e-06,,67,58,67,0,0.5169570794315919,0.36551724137931035,0.36551724137931035,0.6628565638492755,0.6628565638492755,results/pending_runs/paper_backbones/ShuffleNetV2/dermmnist/L30_G30/fioretto_ldf/seed_3
results/pending_runs/paper_backbones,dermmnist,L30_G30,ShuffleNetV2,1,fioretto_ldf,,,50,300,0.0001,5e-06,,67,61,67,0,0.5169920296973249,0.38620689655172413,0.3931034482758621,0.6559270494888519,0.6562804631960343,results/pending_runs/paper_backbones/ShuffleNetV2/dermmnist/L30_G30/fioretto_ldf/seed_1
results/pending_runs/paper_backbones,dermmnist,L30_G30,ShuffleNetV2,2,fioretto_ldf,,,50,300,0.0001,5e-06,,67,55,67,0,0.5615290108077728,0.3793103448275862,0.3793103448275862,0.64962499463857,0.64962499463857,results/pending_runs/paper_backbones/ShuffleNetV2/dermmnist/L30_G30/fioretto_ldf/seed_2
results/pending_runs/paper_backbones,dermmnist,L30_G30,ShuffleNetV2,4,tralo_bounded,,,50,300,0.0001,5e-06,True,67,51,67,0,0.5593760062351637,0.3931034482758621,0.3931034482758621,0.6616568999768621,0.6616568999768621,results/pending_runs/paper_backbones/ShuffleNetV2/dermmnist/L30_G30/tralo_bounded/seed_4
results/pending_runs/paper_backbones,dermmnist,L30_G30,ShuffleNetV2,3,tralo_bounded,,,50,300,0.0001,5e-06,True,67,55,67,0,0.5201431690921652,0.3586206896551724,0.3586206896551724,0.6629814404283237,0.6629814404283237,results/pending_runs/paper_backbones/ShuffleNetV2/dermmnist/L30_G30/tralo_bounded/seed_3
results/pending_runs/paper_backbones,dermmnist,L30_G30,ShuffleNetV2,1,tralo_bounded,,,50,300,0.0001,5e-06,True,67,62,67,0,0.5225325513193041,0.3931034482758621,0.4,0.6678865348548252,0.668408836923656,results/pending_runs/paper_backbones/ShuffleNetV2/dermmnist/L30_G30/tralo_bounded/seed_1
results/pending_runs/paper_backbones,dermmnist,L30_G30,ShuffleNetV2,2,tralo_bounded,,,50,300,0.0001,5e-06,True,67,54,67,0,0.566778597619884,0.3793103448275862,0.3793103448275862,0.646224276042843,0.646224276042843,results/pending_runs/paper_backbones/ShuffleNetV2/dermmnist/L30_G30/tralo_bounded/seed_2
results/pending_runs/paper_backbones,dermmnist,L30_G30,ShuffleNetV2,4,heuristic,,,50,300,0.0001,5e-06,,67,253,67,0,0.6041188690093185,0.36551724137931035,0.36551724137931035,0.676688519011096,0.676688519011096,results/pending_runs/paper_backbones/ShuffleNetV2/dermmnist/L30_G30/heuristic/seed_4
results/pending_runs/paper_backbones,dermmnist,L30_G30,ShuffleNetV2,3,heuristic,,,50,300,0.0001,5e-06,,67,185,67,0,0.5853469736081506,0.3586206896551724,0.3586206896551724,0.6871650957796485,0.6871650957796485,results/pending_runs/paper_backbones/ShuffleNetV2/dermmnist/L30_G30/heuristic/seed_3
results/pending_runs/paper_backbones,dermmnist,L30_G30,ShuffleNetV2,1,heuristic,,,50,300,0.0001,5e-06,,67,229,67,0,0.5690922436568214,0.3793103448275862,0.3793103448275862,0.651347410507926,0.651347410507926,results/pending_runs/paper_backbones/ShuffleNetV2/dermmnist/L30_G30/heuristic/seed_1
results/pending_runs/paper_backbones,dermmnist,L30_G30,ShuffleNetV2,2,heuristic,,,50,300,0.0001,5e-06,,67,158,67,0,0.6197260044920374,0.38620689655172413,0.38620689655172413,0.6559592233692214,0.6559592233692214,results/pending_runs/paper_backbones/ShuffleNetV2/dermmnist/L30_G30/heuristic/seed_2
results/pending_runs/paper_backbones,dermmnist,L50_G50,ShuffleNetV2,4,danits_lp,,,50,300,0.0001,5e-06,,112,253,111,0,0.6041188690093185,0.5089820359281437,0.5089820359281437,0.6982367545654159,0.6982367545654159,results/pending_runs/paper_backbones/ShuffleNetV2/dermmnist/L50_G50/danits_lp/seed_4
results/pending_runs/paper_backbones,dermmnist,L50_G50,ShuffleNetV2,3,danits_lp,,,50,300,0.0001,5e-06,,112,185,111,0,0.5853469736081506,0.48502994011976047,0.48502994011976047,0.7079477401838844,0.7076965273542947,results/pending_runs/paper_backbones/ShuffleNetV2/dermmnist/L50_G50/danits_lp/seed_3
results/pending_runs/paper_backbones,dermmnist,L50_G50,ShuffleNetV2,1,danits_lp,,,50,300,0.0001,5e-06,,112,229,111,0,0.5690922436568214,0.47904191616766467,0.49101796407185627,0.666299094949747,0.6697984117084239,results/pending_runs/paper_backbones/ShuffleNetV2/dermmnist/L50_G50/danits_lp/seed_1
results/pending_runs/paper_backbones,dermmnist,L50_G50,ShuffleNetV2,2,danits_lp,,,50,300,0.0001,5e-06,,112,158,111,0,0.6197260044920374,0.49101796407185627,0.49101796407185627,0.6713050507891879,0.6713050507891879,results/pending_runs/paper_backbones/ShuffleNetV2/dermmnist/L50_G50/danits_lp/seed_2
results/pending_runs/paper_backbones,dermmnist,L50_G50,ShuffleNetV2,4,tralo_bounded,,,50,300,0.0001,5e-06,True,112,95,111,0,0.5966772682644543,0.5269461077844312,0.5269461077844312,0.6932867155943,0.6931237322542649,results/pending_runs/paper_backbones/ShuffleNetV2/dermmnist/L50_G50/tralo_bounded/seed_4
results/pending_runs/paper_backbones,dermmnist,L50_G50,ShuffleNetV2,3,tralo_bounded,,,50,300,0.0001,5e-06,True,112,95,111,0,0.5569525031540901,0.47904191616766467,0.47904191616766467,0.6866127086840067,0.6866127086840067,results/pending_runs/paper_backbones/ShuffleNetV2/dermmnist/L50_G50/tralo_bounded/seed_3
results/pending_runs/paper_backbones,dermmnist,L50_G50,ShuffleNetV2,1,tralo_bounded,,,50,300,0.0001,5e-06,True,112,95,111,0,0.5502780003046386,0.48502994011976047,0.48502994011976047,0.693471292039033,0.693471292039033,results/pending_runs/paper_backbones/ShuffleNetV2/dermmnist/L50_G50/tralo_bounded/seed_1
results/pending_runs/paper_backbones,dermmnist,L50_G50,ShuffleNetV2,2,tralo_bounded,,,50,300,0.0001,5e-06,True,112,89,111,0,0.5991832739665905,0.49101796407185627,0.47904191616766467,0.669894368065585,0.6663222972636422,results/pending_runs/paper_backbones/ShuffleNetV2/dermmnist/L50_G50/tralo_bounded/seed_2
results/pending_runs/paper_backbones,dermmnist,L50_G50,ShuffleNetV2,4,heuristic,,,50,300,0.0001,5e-06,,112,253,111,0,0.6041188690093185,0.5089820359281437,0.5089820359281437,0.6982367545654159,0.6982367545654159,results/pending_runs/paper_backbones/ShuffleNetV2/dermmnist/L50_G50/heuristic/seed_4
results/pending_runs/paper_backbones,dermmnist,L50_G50,ShuffleNetV2,3,heuristic,,,50,300,0.0001,5e-06,,112,185,111,0,0.5853469736081506,0.48502994011976047,0.48502994011976047,0.7076965273542947,0.7076965273542947,results/pending_runs/paper_backbones/ShuffleNetV2/dermmnist/L50_G50/heuristic/seed_3
results/pending_runs/paper_backbones,dermmnist,L50_G50,ShuffleNetV2,1,heuristic,,,50,300,0.0001,5e-06,,112,229,111,0,0.5690922436568214,0.49101796407185627,0.49101796407185627,0.6697984117084239,0.6697984117084239,results/pending_runs/paper_backbones/ShuffleNetV2/dermmnist/L50_G50/heuristic/seed_1
results/pending_runs/paper_backbones,dermmnist,L50_G50,ShuffleNetV2,2,heuristic,,,50,300,0.0001,5e-06,,112,158,111,0,0.6197260044920374,0.49101796407185627,0.49101796407185627,0.6713050507891879,0.6713050507891879,results/pending_runs/paper_backbones/ShuffleNetV2/dermmnist/L50_G50/heuristic/seed_2
results/pending_runs/paper_backbones,dermmnist,L80_G80,ShuffleNetV2,4,hounie_rcl,,,50,300,0.0001,5e-06,,178,165,178,0,0.6194783172920091,0.6134663341645885,0.6134663341645885,0.7197892154834966,0.7197892154834966,results/pending_runs/paper_backbones/ShuffleNetV2/dermmnist/L80_G80/hounie_rcl/seed_4
results/pending_runs/paper_backbones,dermmnist,L80_G80,ShuffleNetV2,3,hounie_rcl,,,50,300,0.0001,5e-06,,178,150,178,0,0.5872531428992119,0.5785536159600998,0.5835411471321695,0.7110572103407282,0.712631423066622,results/pending_runs/paper_backbones/ShuffleNetV2/dermmnist/L80_G80/hounie_rcl/seed_3
results/pending_runs/paper_backbones,dermmnist,L80_G80,ShuffleNetV2,1,hounie_rcl,,,50,300,0.0001,5e-06,,178,156,178,0,0.5817320346089794,0.5336658354114713,0.5336658354114713,0.7005204644031259,0.7005204644031259,results/pending_runs/paper_backbones/ShuffleNetV2/dermmnist/L80_G80/hounie_rcl/seed_1
results/pending_runs/paper_backbones,dermmnist,L80_G80,ShuffleNetV2,2,hounie_rcl,,,50,300,0.0001,5e-06,,178,161,178,0,0.6244023352530081,0.5935162094763092,0.5935162094763092,0.6948163855828202,0.6948163855828202,results/pending_runs/paper_backbones/ShuffleNetV2/dermmnist/L80_G80/hounie_rcl/seed_2
results/pending_runs/paper_backbones,dermmnist,L80_G80,ShuffleNetV2,4,tralo,,,50,300,0.0001,5e-06,True,178,173,178,0,0.6198753702990399,0.6084788029925187,0.6084788029925187,0.7224944515513767,0.7209493147215039,results/pending_runs/paper_backbones/ShuffleNetV2/dermmnist/L80_G80/tralo/seed_4
results/pending_runs/paper_backbones,dermmnist,L80_G80,ShuffleNetV2,3,tralo,,,50,300,0.0001,5e-06,True,178,173,178,0,0.5950208448921642,0.5785536159600998,0.5785536159600998,0.7111867477178251,0.7105623790245882,results/pending_runs/paper_backbones/ShuffleNetV2/dermmnist/L80_G80/tralo/seed_3
results/pending_runs/paper_backbones,dermmnist,L80_G80,ShuffleNetV2,1,tralo,,,50,300,0.0001,5e-06,True,178,167,178,0,0.5788245709278731,0.5486284289276808,0.5486284289276808,0.6870306255223679,0.6855615502131532,results/pending_runs/paper_backbones/ShuffleNetV2/dermmnist/L80_G80/tralo/seed_1
results/pending_runs/paper_backbones,dermmnist,L80_G80,ShuffleNetV2,2,tralo,,,50,300,0.0001,5e-06,True,178,174,178,0,0.6250312239591502,0.5935162094763092,0.5935162094763092,0.6941406536874712,0.6941406536874712,results/pending_runs/paper_backbones/ShuffleNetV2/dermmnist/L80_G80/tralo/seed_2
results/pending_runs/paper_backbones,dermmnist,L80_G80,ShuffleNetV2,4,danits_lp,,,50,300,0.0001,5e-06,,178,253,178,0,0.6041188690093185,0.5785536159600998,0.57356608478803,0.7072388863998411,0.705588754594727,results/pending_runs/paper_backbones/ShuffleNetV2/dermmnist/L80_G80/danits_lp/seed_4
results/pending_runs/paper_backbones,dermmnist,L80_G80,ShuffleNetV2,3,danits_lp,,,50,300,0.0001,5e-06,,178,185,176,0,0.5853469736081506,0.5664160401002506,0.5685785536159601,0.7178325686475056,0.7208616129089082,results/pending_runs/paper_backbones/ShuffleNetV2/dermmnist/L80_G80/danits_lp/seed_3
results/pending_runs/paper_backbones,dermmnist,L80_G80,ShuffleNetV2,1,danits_lp,,,50,300,0.0001,5e-06,,178,229,178,0,0.5690922436568214,0.5386533665835411,0.543640897755611,0.6752732669020004,0.6744468542764893,results/pending_runs/paper_backbones/ShuffleNetV2/dermmnist/L80_G80/danits_lp/seed_1
results/pending_runs/paper_backbones,dermmnist,L80_G80,ShuffleNetV2,2,danits_lp,,,50,300,0.0001,5e-06,,178,158,158,1,0.6197260044920374,0.5774278215223098,0.57356608478803,0.6888216072687142,0.6871587557301341,results/pending_runs/paper_backbones/ShuffleNetV2/dermmnist/L80_G80/danits_lp/seed_2
results/pending_runs/paper_backbones,dermmnist,L80_G80,ShuffleNetV2,4,fioretto_ldf,,,50,300,0.0001,5e-06,,178,164,178,0,0.6190987505883869,0.6084788029925187,0.6084788029925187,0.7149831762898814,0.7149831762898814,results/pending_runs/paper_backbones/ShuffleNetV2/dermmnist/L80_G80/fioretto_ldf/seed_4
results/pending_runs/paper_backbones,dermmnist,L80_G80,ShuffleNetV2,3,fioretto_ldf,,,50,300,0.0001,5e-06,,178,155,178,0,0.5876434447236878,0.5785536159600998,0.5785536159600998,0.7105743025077815,0.7109932927409728,results/pending_runs/paper_backbones/ShuffleNetV2/dermmnist/L80_G80/fioretto_ldf/seed_3
results/pending_runs/paper_backbones,dermmnist,L80_G80,ShuffleNetV2,1,fioretto_ldf,,,50,300,0.0001,5e-06,,178,153,178,0,0.5806728571257521,0.5336658354114713,0.5336658354114713,0.6999141508430233,0.6999141508430233,results/pending_runs/paper_backbones/ShuffleNetV2/dermmnist/L80_G80/fioretto_ldf/seed_1
results/pending_runs/paper_backbones,dermmnist,L80_G80,ShuffleNetV2,2,fioretto_ldf,,,50,300,0.0001,5e-06,,178,161,178,0,0.6244534188194719,0.5935162094763092,0.5935162094763092,0.6948163855828202,0.6948163855828202,results/pending_runs/paper_backbones/ShuffleNetV2/dermmnist/L80_G80/fioretto_ldf/seed_2
results/pending_runs/paper_backbones,dermmnist,L80_G80,ShuffleNetV2,4,tralo_bounded,,,50,300,0.0001,5e-06,True,178,168,178,0,0.6192981100701797,0.6134663341645885,0.6084788029925187,0.7189006599818545,0.7183584799177029,results/pending_runs/paper_backbones/ShuffleNetV2/dermmnist/L80_G80/tralo_bounded/seed_4
results/pending_runs/paper_backbones,dermmnist,L80_G80,ShuffleNetV2,3,tralo_bounded,,,50,300,0.0001,5e-06,True,178,155,178,0,0.5880859224130462,0.5785536159600998,0.5785536159600998,0.7125862974521707,0.7129996951858573,results/pending_runs/paper_backbones/ShuffleNetV2/dermmnist/L80_G80/tralo_bounded/seed_3
results/pending_runs/paper_backbones,dermmnist,L80_G80,ShuffleNetV2,1,tralo_bounded,,,50,300,0.0001,5e-06,True,178,157,178,0,0.5818724758691853,0.5286783042394015,0.5286783042394015,0.6983840871042711,0.6983840871042711,results/pending_runs/paper_backbones/ShuffleNetV2/dermmnist/L80_G80/tralo_bounded/seed_1
results/pending_runs/paper_backbones,dermmnist,L80_G80,ShuffleNetV2,2,tralo_bounded,,,50,300,0.0001,5e-06,True,178,161,178,0,0.6244378100856237,0.5935162094763092,0.5935162094763092,0.6948163855828202,0.6948163855828202,results/pending_runs/paper_backbones/ShuffleNetV2/dermmnist/L80_G80/tralo_bounded/seed_2
results/pending_runs/paper_backbones,dermmnist,L80_G80,ShuffleNetV2,4,heuristic,,,50,300,0.0001,5e-06,,178,253,178,0,0.6041188690093185,0.57356608478803,0.57356608478803,0.705588754594727,0.705588754594727,results/pending_runs/paper_backbones/ShuffleNetV2/dermmnist/L80_G80/heuristic/seed_4
results/pending_runs/paper_backbones,dermmnist,L80_G80,ShuffleNetV2,3,heuristic,,,50,300,0.0001,5e-06,,178,185,178,0,0.5853469736081506,0.5685785536159601,0.5685785536159601,0.7208616129089082,0.7208616129089082,results/pending_runs/paper_backbones/ShuffleNetV2/dermmnist/L80_G80/heuristic/seed_3
results/pending_runs/paper_backbones,dermmnist,L80_G80,ShuffleNetV2,1,heuristic,,,50,300,0.0001,5e-06,,178,229,178,0,0.5690922436568214,0.543640897755611,0.543640897755611,0.6744468542764893,0.6744468542764893,results/pending_runs/paper_backbones/ShuffleNetV2/dermmnist/L80_G80/heuristic/seed_1
results/pending_runs/paper_backbones,dermmnist,L80_G80,ShuffleNetV2,2,heuristic,,,50,300,0.0001,5e-06,,178,158,178,0,0.6197260044920374,0.57356608478803,0.57356608478803,0.6871587557301341,0.6871587557301341,results/pending_runs/paper_backbones/ShuffleNetV2/dermmnist/L80_G80/heuristic/seed_2
results/pending_runs/paper_backbones,tissuemnist,L20_G20,ShuffleNetV2,4,hounie_rcl,,,50,300,0.0001,5e-06,,34,25,34,0,0.35773219026548386,0.2146341463414634,0.2146341463414634,0.3661497533953013,0.3661497533953013,results/pending_runs/paper_backbones/ShuffleNetV2/tissuemnist/L20_G20/hounie_rcl/seed_4
results/pending_runs/paper_backbones,tissuemnist,L20_G20,ShuffleNetV2,3,hounie_rcl,,,50,300,0.0001,5e-06,,34,30,34,0,0.40554034824163965,0.25365853658536586,0.25365853658536586,0.37263884855988894,0.37263884855988894,results/pending_runs/paper_backbones/ShuffleNetV2/tissuemnist/L20_G20/hounie_rcl/seed_3
results/pending_runs/paper_backbones,tissuemnist,L20_G20,ShuffleNetV2,1,hounie_rcl,,,50,300,0.0001,5e-06,,34,22,34,0,0.3727840849606592,0.23414634146341465,0.23414634146341465,0.3373129556539441,0.3373129556539441,results/pending_runs/paper_backbones/ShuffleNetV2/tissuemnist/L20_G20/hounie_rcl/seed_1
results/pending_runs/paper_backbones,tissuemnist,L20_G20,ShuffleNetV2,2,hounie_rcl,,,50,300,0.0001,5e-06,,34,31,34,0,0.31184013952784456,0.18536585365853658,0.18536585365853658,0.3748170120013364,0.3748170120013364,results/pending_runs/paper_backbones/ShuffleNetV2/tissuemnist/L20_G20/hounie_rcl/seed_2
results/pending_runs/paper_backbones,tissuemnist,L20_G20,ShuffleNetV2,4,tralo,,,50,300,0.0001,5e-06,True,34,33,34,0,0.36846478584562187,0.2048780487804878,0.2048780487804878,0.3860453235653115,0.3860453235653115,results/pending_runs/paper_backbones/ShuffleNetV2/tissuemnist/L20_G20/tralo/seed_4
results/pending_runs/paper_backbones,tissuemnist,L20_G20,ShuffleNetV2,3,tralo,,,50,300,0.0001,5e-06,True,34,33,34,0,0.4012790350631106,0.25365853658536586,0.25365853658536586,0.37443256470082964,0.37443256470082964,results/pending_runs/paper_backbones/ShuffleNetV2/tissuemnist/L20_G20/tralo/seed_3
results/pending_runs/paper_backbones,tissuemnist,L20_G20,ShuffleNetV2,1,tralo,,,50,300,0.0001,5e-06,True,34,30,34,0,0.3661818403510331,0.18536585365853658,0.18536585365853658,0.345513650334621,0.3454260602289797,results/pending_runs/paper_backbones/ShuffleNetV2/tissuemnist/L20_G20/tralo/seed_1
results/pending_runs/paper_backbones,tissuemnist,L20_G20,ShuffleNetV2,2,tralo,,,50,300,0.0001,5e-06,True,34,29,34,0,0.30535567464904007,0.2048780487804878,0.2048780487804878,0.3779511211915657,0.3779511211915657,results/pending_runs/paper_backbones/ShuffleNetV2/tissuemnist/L20_G20/tralo/seed_2
results/pending_runs/paper_backbones,tissuemnist,L20_G20,ShuffleNetV2,4,danits_lp,,,50,300,0.0001,5e-06,,34,157,34,0,0.3623741379867142,0.18536585365853658,0.1951219512195122,0.41975825543371265,0.42248423504064747,results/pending_runs/paper_backbones/ShuffleNetV2/tissuemnist/L20_G20/danits_lp/seed_4
results/pending_runs/paper_backbones,tissuemnist,L20_G20,ShuffleNetV2,3,danits_lp,,,50,300,0.0001,5e-06,,34,178,34,0,0.4022267765275244,0.22439024390243903,0.22439024390243903,0.39660907791345235,0.3966713493275133,results/pending_runs/paper_backbones/ShuffleNetV2/tissuemnist/L20_G20/danits_lp/seed_3
results/pending_runs/paper_backbones,tissuemnist,L20_G20,ShuffleNetV2,1,danits_lp,,,50,300,0.0001,5e-06,,34,237,34,0,0.36952510206678807,0.1951219512195122,0.2048780487804878,0.40129530990063705,0.40264407117965717,results/pending_runs/paper_backbones/ShuffleNetV2/tissuemnist/L20_G20/danits_lp/seed_1
results/pending_runs/paper_backbones,tissuemnist,L20_G20,ShuffleNetV2,2,danits_lp,,,50,300,0.0001,5e-06,,34,144,34,0,0.3134716897016343,0.17560975609756097,0.18536585365853658,0.38621059570128713,0.38788798335428454,results/pending_runs/paper_backbones/ShuffleNetV2/tissuemnist/L20_G20/danits_lp/seed_2
results/pending_runs/paper_backbones,tissuemnist,L20_G20,ShuffleNetV2,4,fioretto_ldf,,,50,300,0.0001,5e-06,,34,27,34,0,0.3594228000426266,0.2146341463414634,0.22439024390243903,0.3793992307100013,0.3808775503910983,results/pending_runs/paper_backbones/ShuffleNetV2/tissuemnist/L20_G20/fioretto_ldf/seed_4
results/pending_runs/paper_backbones,tissuemnist,L20_G20,ShuffleNetV2,3,fioretto_ldf,,,50,300,0.0001,5e-06,,34,28,34,0,0.4013061966943348,0.2634146341463415,0.2634146341463415,0.3781370031048033,0.3781370031048033,results/pending_runs/paper_backbones/ShuffleNetV2/tissuemnist/L20_G20/fioretto_ldf/seed_3
results/pending_runs/paper_backbones,tissuemnist,L20_G20,ShuffleNetV2,1,fioretto_ldf,,,50,300,0.0001,5e-06,,34,25,34,0,0.3638208562438207,0.1951219512195122,0.1951219512195122,0.3316531158903064,0.3316531158903064,results/pending_runs/paper_backbones/ShuffleNetV2/tissuemnist/L20_G20/fioretto_ldf/seed_1
results/pending_runs/paper_backbones,tissuemnist,L20_G20,ShuffleNetV2,2,fioretto_ldf,,,50,300,0.0001,5e-06,,34,28,34,0,0.30614681263733057,0.1951219512195122,0.1951219512195122,0.37653979082913325,0.37653979082913325,results/pending_runs/paper_backbones/ShuffleNetV2/tissuemnist/L20_G20/fioretto_ldf/seed_2
results/pending_runs/paper_backbones,tissuemnist,L20_G20,ShuffleNetV2,4,tralo_bounded,,,50,300,0.0001,5e-06,True,34,25,34,0,0.3610734223400307,0.2146341463414634,0.2146341463414634,0.3804729144127461,0.3804729144127461,results/pending_runs/paper_backbones/ShuffleNetV2/tissuemnist/L20_G20/tralo_bounded/seed_4
results/pending_runs/paper_backbones,tissuemnist,L20_G20,ShuffleNetV2,3,tralo_bounded,,,50,300,0.0001,5e-06,True,34,30,34,0,0.4023544345216107,0.2634146341463415,0.2634146341463415,0.3805747183262118,0.3805747183262118,results/pending_runs/paper_backbones/ShuffleNetV2/tissuemnist/L20_G20/tralo_bounded/seed_3
results/pending_runs/paper_backbones,tissuemnist,L20_G20,ShuffleNetV2,1,tralo_bounded,,,50,300,0.0001,5e-06,True,34,27,34,0,0.3641254339671536,0.1951219512195122,0.1951219512195122,0.3323896411903915,0.3323896411903915,results/pending_runs/paper_backbones/ShuffleNetV2/tissuemnist/L20_G20/tralo_bounded/seed_1
results/pending_runs/paper_backbones,tissuemnist,L20_G20,ShuffleNetV2,2,tralo_bounded,,,50,300,0.0001,5e-06,True,34,27,34,0,0.30310809436617925,0.1951219512195122,0.1951219512195122,0.3742656848210026,0.3742656848210026,results/pending_runs/paper_backbones/ShuffleNetV2/tissuemnist/L20_G20/tralo_bounded/seed_2
results/pending_runs/paper_backbones,tissuemnist,L20_G20,ShuffleNetV2,4,heuristic,,,50,300,0.0001,5e-06,,34,157,34,0,0.3623741379867142,0.1951219512195122,0.1951219512195122,0.42248423504064747,0.42248423504064747,results/pending_runs/paper_backbones/ShuffleNetV2/tissuemnist/L20_G20/heuristic/seed_4
results/pending_runs/paper_backbones,tissuemnist,L20_G20,ShuffleNetV2,3,heuristic,,,50,300,0.0001,5e-06,,34,178,34,0,0.4022267765275244,0.22439024390243903,0.22439024390243903,0.3966713493275133,0.3966713493275133,results/pending_runs/paper_backbones/ShuffleNetV2/tissuemnist/L20_G20/heuristic/seed_3
results/pending_runs/paper_backbones,tissuemnist,L20_G20,ShuffleNetV2,1,heuristic,,,50,300,0.0001,5e-06,,34,237,34,0,0.36952510206678807,0.2048780487804878,0.2048780487804878,0.40264407117965717,0.40264407117965717,results/pending_runs/paper_backbones/ShuffleNetV2/tissuemnist/L20_G20/heuristic/seed_1
results/pending_runs/paper_backbones,tissuemnist,L20_G20,ShuffleNetV2,2,heuristic,,,50,300,0.0001,5e-06,,34,144,34,0,0.3134716897016343,0.18536585365853658,0.18536585365853658,0.38788798335428454,0.38788798335428454,results/pending_runs/paper_backbones/ShuffleNetV2/tissuemnist/L20_G20/heuristic/seed_2
results/pending_runs/paper_backbones,tissuemnist,L70_G70,ShuffleNetV2,4,hounie_rcl,,,50,300,0.0001,5e-06,,120,108,120,0,0.3771981777789939,0.39862542955326463,0.4054982817869416,0.44573757334343694,0.44659667987264656,results/pending_runs/paper_backbones/ShuffleNetV2/tissuemnist/L70_G70/hounie_rcl/seed_4
results/pending_runs/paper_backbones,tissuemnist,L70_G70,ShuffleNetV2,3,hounie_rcl,,,50,300,0.0001,5e-06,,120,111,120,0,0.429425263217618,0.41924398625429554,0.4261168384879725,0.43973882369473594,0.44070896661935566,results/pending_runs/paper_backbones/ShuffleNetV2/tissuemnist/L70_G70/hounie_rcl/seed_3
results/pending_runs/paper_backbones,tissuemnist,L70_G70,ShuffleNetV2,1,hounie_rcl,,,50,300,0.0001,5e-06,,120,103,120,0,0.3746812877053052,0.37800687285223367,0.3848797250859107,0.39429128004384906,0.3951503865730587,results/pending_runs/paper_backbones/ShuffleNetV2/tissuemnist/L70_G70/hounie_rcl/seed_1
results/pending_runs/paper_backbones,tissuemnist,L70_G70,ShuffleNetV2,2,hounie_rcl,,,50,300,0.0001,5e-06,,120,109,120,0,0.33958399736530126,0.32989690721649484,0.32989690721649484,0.40781524138778147,0.40781524138778147,results/pending_runs/paper_backbones/ShuffleNetV2/tissuemnist/L70_G70/hounie_rcl/seed_2
results/pending_runs/paper_backbones,tissuemnist,L70_G70,ShuffleNetV2,4,tralo,,,50,300,0.0001,5e-06,True,120,115,120,0,0.38151541830694535,0.37800687285223367,0.3917525773195876,0.4522974517178464,0.4544649243711186,results/pending_runs/paper_backbones/ShuffleNetV2/tissuemnist/L70_G70/tralo/seed_4
results/pending_runs/paper_backbones,tissuemnist,L70_G70,ShuffleNetV2,3,tralo,,,50,300,0.0001,5e-06,True,120,116,120,0,0.4293614543485091,0.4329896907216495,0.41924398625429554,0.4417809560001841,0.44025126636720735,results/pending_runs/paper_backbones/ShuffleNetV2/tissuemnist/L70_G70/tralo/seed_3
results/pending_runs/paper_backbones,tissuemnist,L70_G70,ShuffleNetV2,1,tralo,,,50,300,0.0001,5e-06,True,120,118,120,0,0.38570436141842995,0.37800687285223367,0.37800687285223367,0.40728292176216274,0.4074709830397393,results/pending_runs/paper_backbones/ShuffleNetV2/tissuemnist/L70_G70/tralo/seed_1
results/pending_runs/paper_backbones,tissuemnist,L70_G70,ShuffleNetV2,2,tralo,,,50,300,0.0001,5e-06,True,120,117,120,0,0.33997804316543323,0.32989690721649484,0.32989690721649484,0.4031472361578285,0.4031234419231492,results/pending_runs/paper_backbones/ShuffleNetV2/tissuemnist/L70_G70/tralo/seed_2
results/pending_runs/paper_backbones,tissuemnist,L70_G70,ShuffleNetV2,4,danits_lp,,,50,300,0.0001,5e-06,,120,157,120,0,0.3623741379867142,0.37800687285223367,0.39862542955326463,0.4442790969238538,0.4455488232470717,results/pending_runs/paper_backbones/ShuffleNetV2/tissuemnist/L70_G70/danits_lp/seed_4
results/pending_runs/paper_backbones,tissuemnist,L70_G70,ShuffleNetV2,3,danits_lp,,,50,300,0.0001,5e-06,,120,178,120,0,0.4022267765275244,0.39862542955326463,0.4054982817869416,0.4140785762566045,0.41596800539815076,results/pending_runs/paper_backbones/ShuffleNetV2/tissuemnist/L70_G70/danits_lp/seed_3
results/pending_runs/paper_backbones,tissuemnist,L70_G70,ShuffleNetV2,1,danits_lp,,,50,300,0.0001,5e-06,,120,237,120,0,0.36952510206678807,0.3848797250859107,0.3848797250859107,0.42171576023258084,0.42171576023258084,results/pending_runs/paper_backbones/ShuffleNetV2/tissuemnist/L70_G70/danits_lp/seed_1
results/pending_runs/paper_backbones,tissuemnist,L70_G70,ShuffleNetV2,2,danits_lp,,,50,300,0.0001,5e-06,,120,144,120,0,0.3134716897016343,0.3161512027491409,0.3161512027491409,0.4037002850805437,0.4037780238162356,results/pending_runs/paper_backbones/ShuffleNetV2/tissuemnist/L70_G70/danits_lp/seed_2
results/pending_runs/paper_backbones,tissuemnist,L70_G70,ShuffleNetV2,4,fioretto_ldf,,,50,300,0.0001,5e-06,,120,114,120,0,0.37820126972043555,0.3917525773195876,0.3917525773195876,0.44771637240842854,0.4479103452194806,results/pending_runs/paper_backbones/ShuffleNetV2/tissuemnist/L70_G70/fioretto_ldf/seed_4
results/pending_runs/paper_backbones,tissuemnist,L70_G70,ShuffleNetV2,3,fioretto_ldf,,,50,300,0.0001,5e-06,,120,112,120,0,0.4271165924186473,0.4261168384879725,0.41924398625429554,0.44252519181757977,0.44185287953327157,results/pending_runs/paper_backbones/ShuffleNetV2/tissuemnist/L70_G70/fioretto_ldf/seed_3
results/pending_runs/paper_backbones,tissuemnist,L70_G70,ShuffleNetV2,1,fioretto_ldf,,,50,300,0.0001,5e-06,,120,108,120,0,0.37359335779168773,0.3711340206185567,0.37800687285223367,0.39616996221056444,0.396640470536995,results/pending_runs/paper_backbones/ShuffleNetV2/tissuemnist/L70_G70/fioretto_ldf/seed_1
results/pending_runs/paper_backbones,tissuemnist,L70_G70,ShuffleNetV2,2,fioretto_ldf,,,50,300,0.0001,5e-06,,120,118,120,0,0.3417183407379029,0.3436426116838488,0.32989690721649484,0.4094360869115048,0.4076336864937128,results/pending_runs/paper_backbones/ShuffleNetV2/tissuemnist/L70_G70/fioretto_ldf/seed_2
results/pending_runs/paper_backbones,tissuemnist,L70_G70,ShuffleNetV2,4,tralo_bounded,,,50,300,0.0001,5e-06,True,120,113,120,0,0.37782757437342424,0.3917525773195876,0.39862542955326463,0.4467149272583485,0.4478151151902426,results/pending_runs/paper_backbones/ShuffleNetV2/tissuemnist/L70_G70/tralo_bounded/seed_4
results/pending_runs/paper_backbones,tissuemnist,L70_G70,ShuffleNetV2,3,tralo_bounded,,,50,300,0.0001,5e-06,True,120,112,120,0,0.42927911299162846,0.4329896907216495,0.41924398625429554,0.440622710493444,0.43911371740907673,results/pending_runs/paper_backbones/ShuffleNetV2/tissuemnist/L70_G70/tralo_bounded/seed_3
results/pending_runs/paper_backbones,tissuemnist,L70_G70,ShuffleNetV2,1,tralo_bounded,,,50,300,0.0001,5e-06,True,120,110,120,0,0.3756009561394911,0.3848797250859107,0.3848797250859107,0.40564527311850307,0.4050868430761541,results/pending_runs/paper_backbones/ShuffleNetV2/tissuemnist/L70_G70/tralo_bounded/seed_1
results/pending_runs/paper_backbones,tissuemnist,L70_G70,ShuffleNetV2,2,tralo_bounded,,,50,300,0.0001,5e-06,True,120,123,120,0,0.34357644691536016,0.33676975945017185,0.33676975945017185,0.4063031280243258,0.40717352625978,results/pending_runs/paper_backbones/ShuffleNetV2/tissuemnist/L70_G70/tralo_bounded/seed_2
results/pending_runs/paper_backbones,tissuemnist,L70_G70,ShuffleNetV2,4,heuristic,,,50,300,0.0001,5e-06,,120,157,120,0,0.3623741379867142,0.39862542955326463,0.39862542955326463,0.4455488232470717,0.4455488232470717,results/pending_runs/paper_backbones/ShuffleNetV2/tissuemnist/L70_G70/heuristic/seed_4
results/pending_runs/paper_backbones,tissuemnist,L70_G70,ShuffleNetV2,3,heuristic,,,50,300,0.0001,5e-06,,120,178,120,0,0.4022267765275244,0.4054982817869416,0.4054982817869416,0.41596800539815076,0.41596800539815076,results/pending_runs/paper_backbones/ShuffleNetV2/tissuemnist/L70_G70/heuristic/seed_3
results/pending_runs/paper_backbones,tissuemnist,L70_G70,ShuffleNetV2,1,heuristic,,,50,300,0.0001,5e-06,,120,237,120,0,0.36952510206678807,0.3848797250859107,0.3848797250859107,0.42171576023258084,0.42171576023258084,results/pending_runs/paper_backbones/ShuffleNetV2/tissuemnist/L70_G70/heuristic/seed_1
results/pending_runs/paper_backbones,tissuemnist,L70_G70,ShuffleNetV2,2,heuristic,,,50,300,0.0001,5e-06,,120,144,120,0,0.3134716897016343,0.3161512027491409,0.3161512027491409,0.4037780238162356,0.4037780238162356,results/pending_runs/paper_backbones/ShuffleNetV2/tissuemnist/L70_G70/heuristic/seed_2
results/pending_runs/paper_backbones,tissuemnist,L30_G30,ShuffleNetV2,4,hounie_rcl,,,50,300,0.0001,5e-06,,51,41,51,0,0.36244794659803137,0.25225225225225223,0.25225225225225223,0.399260548829384,0.399228551462791,results/pending_runs/paper_backbones/ShuffleNetV2/tissuemnist/L30_G30/hounie_rcl/seed_4
results/pending_runs/paper_backbones,tissuemnist,L30_G30,ShuffleNetV2,3,hounie_rcl,,,50,300,0.0001,5e-06,,51,45,51,0,0.4179735019660626,0.2972972972972973,0.3153153153153153,0.3889754606310425,0.3913104190111846,results/pending_runs/paper_backbones/ShuffleNetV2/tissuemnist/L30_G30/hounie_rcl/seed_3
results/pending_runs/paper_backbones,tissuemnist,L30_G30,ShuffleNetV2,1,hounie_rcl,,,50,300,0.0001,5e-06,,51,42,51,0,0.3641630995340444,0.25225225225225223,0.25225225225225223,0.35309420566611327,0.35309420566611327,results/pending_runs/paper_backbones/ShuffleNetV2/tissuemnist/L30_G30/hounie_rcl/seed_1
results/pending_runs/paper_backbones,tissuemnist,L30_G30,ShuffleNetV2,2,hounie_rcl,,,50,300,0.0001,5e-06,,51,45,51,0,0.32513871503093694,0.23423423423423423,0.24324324324324326,0.3840086866889578,0.38522971555106317,results/pending_runs/paper_backbones/ShuffleNetV2/tissuemnist/L30_G30/hounie_rcl/seed_2
results/pending_runs/paper_backbones,tissuemnist,L30_G30,ShuffleNetV2,4,tralo,,,50,300,0.0001,5e-06,True,51,45,51,0,0.3780727765376683,0.25225225225225223,0.25225225225225223,0.4065420645549126,0.4065420645549126,results/pending_runs/paper_backbones/ShuffleNetV2/tissuemnist/L30_G30/tralo/seed_4
results/pending_runs/paper_backbones,tissuemnist,L30_G30,ShuffleNetV2,3,tralo,,,50,300,0.0001,5e-06,True,51,51,51,0,0.41950637487464,0.2972972972972973,0.3063063063063063,0.39035971452570434,0.3924065261210419,results/pending_runs/paper_backbones/ShuffleNetV2/tissuemnist/L30_G30/tralo/seed_3
results/pending_runs/paper_backbones,tissuemnist,L30_G30,ShuffleNetV2,1,tralo,,,50,300,0.0001,5e-06,True,51,51,51,1,0.3779586239826612,0.27927927927927926,0.2702702702702703,0.37204076633700445,0.3702396023065267,results/pending_runs/paper_backbones/ShuffleNetV2/tissuemnist/L30_G30/tralo/seed_1
results/pending_runs/paper_backbones,tissuemnist,L30_G30,ShuffleNetV2,2,tralo,,,50,300,0.0001,5e-06,True,51,47,51,0,0.32409165037037585,0.26126126126126126,0.25225225225225223,0.3873177403654592,0.38571118818084915,results/pending_runs/paper_backbones/ShuffleNetV2/tissuemnist/L30_G30/tralo/seed_2
results/pending_runs/paper_backbones,tissuemnist,L30_G30,ShuffleNetV2,4,danits_lp,,,50,300,0.0001,5e-06,,51,157,51,0,0.3623741379867142,0.23423423423423423,0.23423423423423423,0.4239856316644548,0.4239856316644548,results/pending_runs/paper_backbones/ShuffleNetV2/tissuemnist/L30_G30/danits_lp/seed_4
results/pending_runs/paper_backbones,tissuemnist,L30_G30,ShuffleNetV2,3,danits_lp,,,50,300,0.0001,5e-06,,51,178,51,0,0.4022267765275244,0.3063063063063063,0.3063063063063063,0.40703833066704587,0.40703833066704587,results/pending_runs/paper_backbones/ShuffleNetV2/tissuemnist/L30_G30/danits_lp/seed_3
results/pending_runs/paper_backbones,tissuemnist,L30_G30,ShuffleNetV2,1,danits_lp,,,50,300,0.0001,5e-06,,51,237,51,0,0.36952510206678807,0.2702702702702703,0.27927927927927926,0.41282167961818905,0.4139478057443152,results/pending_runs/paper_backbones/ShuffleNetV2/tissuemnist/L30_G30/danits_lp/seed_1
results/pending_runs/paper_backbones,tissuemnist,L30_G30,ShuffleNetV2,2,danits_lp,,,50,300,0.0001,5e-06,,51,144,51,0,0.3134716897016343,0.23423423423423423,0.22522522522522523,0.39468557041924185,0.3931248156108894,results/pending_runs/paper_backbones/ShuffleNetV2/tissuemnist/L30_G30/danits_lp/seed_2
results/pending_runs/paper_backbones,tissuemnist,L30_G30,ShuffleNetV2,4,fioretto_ldf,,,50,300,0.0001,5e-06,,51,40,51,0,0.37221513892451075,0.2702702702702703,0.2702702702702703,0.4002855832103293,0.4002855832103293,results/pending_runs/paper_backbones/ShuffleNetV2/tissuemnist/L30_G30/fioretto_ldf/seed_4
results/pending_runs/paper_backbones,tissuemnist,L30_G30,ShuffleNetV2,3,fioretto_ldf,,,50,300,0.0001,5e-06,,51,51,51,0,0.41876466616062524,0.2972972972972973,0.3063063063063063,0.3951654895400114,0.39642140149569477,results/pending_runs/paper_backbones/ShuffleNetV2/tissuemnist/L30_G30/fioretto_ldf/seed_3
results/pending_runs/paper_backbones,tissuemnist,L30_G30,ShuffleNetV2,1,fioretto_ldf,,,50,300,0.0001,5e-06,,51,45,51,0,0.3698625822852002,0.25225225225225223,0.25225225225225223,0.3562614208518877,0.3562614208518877,results/pending_runs/paper_backbones/ShuffleNetV2/tissuemnist/L30_G30/fioretto_ldf/seed_1
results/pending_runs/paper_backbones,tissuemnist,L30_G30,ShuffleNetV2,2,fioretto_ldf,,,50,300,0.0001,5e-06,,51,46,51,0,0.3227944577518307,0.26126126126126126,0.25225225225225223,0.38494615894914586,0.3838995978370535,results/pending_runs/paper_backbones/ShuffleNetV2/tissuemnist/L30_G30/fioretto_ldf/seed_2
results/pending_runs/paper_backbones,tissuemnist,L30_G30,ShuffleNetV2,4,tralo_bounded,,,50,300,0.0001,5e-06,True,51,42,51,0,0.3747133774269466,0.26126126126126126,0.26126126126126126,0.40219267489253263,0.40219267489253263,results/pending_runs/paper_backbones/ShuffleNetV2/tissuemnist/L30_G30/tralo_bounded/seed_4
results/pending_runs/paper_backbones,tissuemnist,L30_G30,ShuffleNetV2,3,tralo_bounded,,,50,300,0.0001,5e-06,True,51,55,51,0,0.4217563185523501,0.3063063063063063,0.3153153153153153,0.3981161749268546,0.39932711259789966,results/pending_runs/paper_backbones/ShuffleNetV2/tissuemnist/L30_G30/tralo_bounded/seed_3
results/pending_runs/paper_backbones,tissuemnist,L30_G30,ShuffleNetV2,1,tralo_bounded,,,50,300,0.0001,5e-06,True,51,45,51,0,0.3681822363230702,0.25225225225225223,0.25225225225225223,0.3563169058239334,0.3563169058239334,results/pending_runs/paper_backbones/ShuffleNetV2/tissuemnist/L30_G30/tralo_bounded/seed_1
results/pending_runs/paper_backbones,tissuemnist,L30_G30,ShuffleNetV2,2,tralo_bounded,,,50,300,0.0001,5e-06,True,51,46,51,0,0.3237756765378851,0.26126126126126126,0.25225225225225223,0.38908655077068355,0.38813182559614245,results/pending_runs/paper_backbones/ShuffleNetV2/tissuemnist/L30_G30/tralo_bounded/seed_2
results/pending_runs/paper_backbones,tissuemnist,L30_G30,ShuffleNetV2,4,heuristic,,,50,300,0.0001,5e-06,,51,157,51,0,0.3623741379867142,0.23423423423423423,0.23423423423423423,0.4239856316644548,0.4239856316644548,results/pending_runs/paper_backbones/ShuffleNetV2/tissuemnist/L30_G30/heuristic/seed_4
results/pending_runs/paper_backbones,tissuemnist,L30_G30,ShuffleNetV2,3,heuristic,,,50,300,0.0001,5e-06,,51,178,51,0,0.4022267765275244,0.3063063063063063,0.3063063063063063,0.40703833066704587,0.40703833066704587,results/pending_runs/paper_backbones/ShuffleNetV2/tissuemnist/L30_G30/heuristic/seed_3
results/pending_runs/paper_backbones,tissuemnist,L30_G30,ShuffleNetV2,1,heuristic,,,50,300,0.0001,5e-06,,51,237,51,0,0.36952510206678807,0.27927927927927926,0.27927927927927926,0.4139478057443152,0.4139478057443152,results/pending_runs/paper_backbones/ShuffleNetV2/tissuemnist/L30_G30/heuristic/seed_1
results/pending_runs/paper_backbones,tissuemnist,L30_G30,ShuffleNetV2,2,heuristic,,,50,300,0.0001,5e-06,,51,144,51,0,0.3134716897016343,0.22522522522522523,0.22522522522522523,0.3931248156108894,0.3931248156108894,results/pending_runs/paper_backbones/ShuffleNetV2/tissuemnist/L30_G30/heuristic/seed_2
results/pending_runs/paper_backbones,tissuemnist,L50_G50,ShuffleNetV2,4,hounie_rcl,,,50,300,0.0001,5e-06,,86,68,86,0,0.3756150555332084,0.35019455252918286,0.35019455252918286,0.42195356094710224,0.42195356094710224,results/pending_runs/paper_backbones/ShuffleNetV2/tissuemnist/L50_G50/hounie_rcl/seed_4
results/pending_runs/paper_backbones,tissuemnist,L50_G50,ShuffleNetV2,3,hounie_rcl,,,50,300,0.0001,5e-06,,86,70,86,0,0.42964823036366323,0.3968871595330739,0.3968871595330739,0.4194922955077732,0.4194922955077732,results/pending_runs/paper_backbones/ShuffleNetV2/tissuemnist/L50_G50/hounie_rcl/seed_3
results/pending_runs/paper_backbones,tissuemnist,L50_G50,ShuffleNetV2,2,hounie_rcl,,,50,300,0.0001,5e-06,,86,76,86,0,0.3317096307852031,0.28793774319066145,0.29571984435797666,0.39917916499887884,0.40069248125639495,results/pending_runs/paper_backbones/ShuffleNetV2/tissuemnist/L50_G50/hounie_rcl/seed_2
results/pending_runs/paper_backbones,tissuemnist,L50_G50,ShuffleNetV2,4,tralo,,,50,300,0.0001,5e-06,True,86,84,86,0,0.3839253984511358,0.3424124513618677,0.3346303501945525,0.4328594149127527,0.43080383199410577,results/pending_runs/paper_backbones/ShuffleNetV2/tissuemnist/L50_G50/tralo/seed_4
results/pending_runs/paper_backbones,tissuemnist,L50_G50,ShuffleNetV2,3,tralo,,,50,300,0.0001,5e-06,True,86,81,86,0,0.43038807504172816,0.3735408560311284,0.3735408560311284,0.41387327396209717,0.41368681200120366,results/pending_runs/paper_backbones/ShuffleNetV2/tissuemnist/L50_G50/tralo/seed_3
results/pending_runs/paper_backbones,tissuemnist,L50_G50,ShuffleNetV2,2,tralo,,,50,300,0.0001,5e-06,True,86,79,86,0,0.3340803325512665,0.29571984435797666,0.311284046692607,0.3957786815521278,0.3983556002242123,results/pending_runs/paper_backbones/ShuffleNetV2/tissuemnist/L50_G50/tralo/seed_2
results/pending_runs/paper_backbones,tissuemnist,L50_G50,ShuffleNetV2,4,danits_lp,,,50,300,0.0001,5e-06,,86,157,86,0,0.3623741379867142,0.311284046692607,0.31906614785992216,0.4349713326603293,0.4372599394554114,results/pending_runs/paper_backbones/ShuffleNetV2/tissuemnist/L50_G50/danits_lp/seed_4
results/pending_runs/paper_backbones,tissuemnist,L50_G50,ShuffleNetV2,3,danits_lp,,,50,300,0.0001,5e-06,,86,178,86,0,0.4022267765275244,0.35019455252918286,0.35019455252918286,0.409811296823817,0.41023309241308453,results/pending_runs/paper_backbones/ShuffleNetV2/tissuemnist/L50_G50/danits_lp/seed_3
results/pending_runs/paper_backbones,tissuemnist,L50_G50,ShuffleNetV2,1,danits_lp,,,50,300,0.0001,5e-06,,86,237,86,0,0.36952510206678807,0.31906614785992216,0.32684824902723736,0.41458249988281415,0.41612901889069986,results/pending_runs/paper_backbones/ShuffleNetV2/tissuemnist/L50_G50/danits_lp/seed_1
results/pending_runs/paper_backbones,tissuemnist,L50_G50,ShuffleNetV2,2,danits_lp,,,50,300,0.0001,5e-06,,86,144,86,0,0.3134716897016343,0.2801556420233463,0.29571984435797666,0.39991828776492805,0.40180699603609116,results/pending_runs/paper_backbones/ShuffleNetV2/tissuemnist/L50_G50/danits_lp/seed_2
results/pending_runs/paper_backbones,tissuemnist,L50_G50,ShuffleNetV2,4,fioretto_ldf,,,50,300,0.0001,5e-06,,86,82,86,0,0.3798855196356511,0.3424124513618677,0.35019455252918286,0.4262598710982075,0.42742471433708384,results/pending_runs/paper_backbones/ShuffleNetV2/tissuemnist/L50_G50/fioretto_ldf/seed_4
results/pending_runs/paper_backbones,tissuemnist,L50_G50,ShuffleNetV2,3,fioretto_ldf,,,50,300,0.0001,5e-06,,86,84,86,0,0.4313811753295722,0.38910505836575876,0.38910505836575876,0.42442459176964265,0.42442459176964265,results/pending_runs/paper_backbones/ShuffleNetV2/tissuemnist/L50_G50/fioretto_ldf/seed_3
results/pending_runs/paper_backbones,tissuemnist,L50_G50,ShuffleNetV2,2,fioretto_ldf,,,50,300,0.0001,5e-06,,86,84,86,0,0.3356086259405294,0.2801556420233463,0.28793774319066145,0.40139019256780983,0.4022806849164189,results/pending_runs/paper_backbones/ShuffleNetV2/tissuemnist/L50_G50/fioretto_ldf/seed_2
results/pending_runs/paper_backbones,tissuemnist,L50_G50,ShuffleNetV2,4,tralo_bounded,,,50,300,0.0001,5e-06,True,86,81,86,0,0.3787908701797786,0.3424124513618677,0.35797665369649806,0.4268041076392993,0.42879291738039554,results/pending_runs/paper_backbones/ShuffleNetV2/tissuemnist/L50_G50/tralo_bounded/seed_4
results/pending_runs/paper_backbones,tissuemnist,L50_G50,ShuffleNetV2,3,tralo_bounded,,,50,300,0.0001,5e-06,True,86,84,86,0,0.43180933394930604,0.38910505836575876,0.38910505836575876,0.42486955170370433,0.42486955170370433,results/pending_runs/paper_backbones/ShuffleNetV2/tissuemnist/L50_G50/tralo_bounded/seed_3
results/pending_runs/paper_backbones,tissuemnist,L50_G50,ShuffleNetV2,1,tralo_bounded,,,50,300,0.0001,5e-06,True,86,81,86,0,0.3705775471571838,0.3346303501945525,0.31906614785992216,0.3838330688708259,0.37889920779540776,results/pending_runs/paper_backbones/ShuffleNetV2/tissuemnist/L50_G50/tralo_bounded/seed_1
results/pending_runs/paper_backbones,tissuemnist,L50_G50,ShuffleNetV2,2,tralo_bounded,,,50,300,0.0001,5e-06,True,86,84,86,0,0.33680293482031953,0.3035019455252918,0.3035019455252918,0.40355906720894574,0.4029632900079808,results/pending_runs/paper_backbones/ShuffleNetV2/tissuemnist/L50_G50/tralo_bounded/seed_2
results/pending_runs/paper_backbones,tissuemnist,L50_G50,ShuffleNetV2,4,heuristic,,,50,300,0.0001,5e-06,,86,157,86,0,0.3623741379867142,0.31906614785992216,0.31906614785992216,0.4372599394554114,0.4372599394554114,results/pending_runs/paper_backbones/ShuffleNetV2/tissuemnist/L50_G50/heuristic/seed_4
results/pending_runs/paper_backbones,tissuemnist,L50_G50,ShuffleNetV2,3,heuristic,,,50,300,0.0001,5e-06,,86,178,86,0,0.4022267765275244,0.35019455252918286,0.35019455252918286,0.41023309241308453,0.41023309241308453,results/pending_runs/paper_backbones/ShuffleNetV2/tissuemnist/L50_G50/heuristic/seed_3
results/pending_runs/paper_backbones,tissuemnist,L50_G50,ShuffleNetV2,1,heuristic,,,50,300,0.0001,5e-06,,86,237,86,0,0.36952510206678807,0.32684824902723736,0.32684824902723736,0.41612901889069986,0.41612901889069986,results/pending_runs/paper_backbones/ShuffleNetV2/tissuemnist/L50_G50/heuristic/seed_1
results/pending_runs/paper_backbones,tissuemnist,L50_G50,ShuffleNetV2,2,heuristic,,,50,300,0.0001,5e-06,,86,144,86,0,0.3134716897016343,0.29571984435797666,0.29571984435797666,0.40180699603609116,0.40180699603609116,results/pending_runs/paper_backbones/ShuffleNetV2/tissuemnist/L50_G50/heuristic/seed_2
results/pending_runs/paper_backbones,tissuemnist,L80_G80,ShuffleNetV2,4,hounie_rcl,,,50,300,0.0001,5e-06,,137,122,137,0,0.3778578037046783,0.3961038961038961,0.3961038961038961,0.45136254870764814,0.45146534943593575,results/pending_runs/paper_backbones/ShuffleNetV2/tissuemnist/L80_G80/hounie_rcl/seed_4
results/pending_runs/paper_backbones,tissuemnist,L80_G80,ShuffleNetV2,3,hounie_rcl,,,50,300,0.0001,5e-06,,137,127,137,0,0.4276396886419874,0.44155844155844154,0.43506493506493504,0.4411189004154334,0.44028018805757135,results/pending_runs/paper_backbones/ShuffleNetV2/tissuemnist/L80_G80/hounie_rcl/seed_3
results/pending_runs/paper_backbones,tissuemnist,L80_G80,ShuffleNetV2,1,hounie_rcl,,,50,300,0.0001,5e-06,,137,115,137,0,0.3731822567482058,0.38961038961038963,0.38961038961038963,0.4103625257428285,0.4103625257428285,results/pending_runs/paper_backbones/ShuffleNetV2/tissuemnist/L80_G80/hounie_rcl/seed_1
results/pending_runs/paper_backbones,tissuemnist,L80_G80,ShuffleNetV2,2,hounie_rcl,,,50,300,0.0001,5e-06,,137,127,137,0,0.33766023625604724,0.34415584415584416,0.34415584415584416,0.4127826662139702,0.4121798850726489,results/pending_runs/paper_backbones/ShuffleNetV2/tissuemnist/L80_G80/hounie_rcl/seed_2
results/pending_runs/paper_backbones,tissuemnist,L80_G80,ShuffleNetV2,4,tralo,,,50,300,0.0001,5e-06,True,137,135,137,0,0.37902419819341426,0.38961038961038963,0.3961038961038961,0.45505111214264865,0.4532121181302121,results/pending_runs/paper_backbones/ShuffleNetV2/tissuemnist/L80_G80/tralo/seed_4
results/pending_runs/paper_backbones,tissuemnist,L80_G80,ShuffleNetV2,3,tralo,,,50,300,0.0001,5e-06,True,137,134,137,0,0.42782619215078377,0.42857142857142855,0.42857142857142855,0.4419114725523471,0.4420661856077566,results/pending_runs/paper_backbones/ShuffleNetV2/tissuemnist/L80_G80/tralo/seed_3
results/pending_runs/paper_backbones,tissuemnist,L80_G80,ShuffleNetV2,1,tralo,,,50,300,0.0001,5e-06,True,137,137,137,1,0.38007285666413376,0.38961038961038963,0.38961038961038963,0.411030835093257,0.41057038838036275,results/pending_runs/paper_backbones/ShuffleNetV2/tissuemnist/L80_G80/tralo/seed_1
results/pending_runs/paper_backbones,tissuemnist,L80_G80,ShuffleNetV2,2,tralo,,,50,300,0.0001,5e-06,True,137,136,137,0,0.3435376675845041,0.34415584415584416,0.33766233766233766,0.40608358202766265,0.4017393518738162,results/pending_runs/paper_backbones/ShuffleNetV2/tissuemnist/L80_G80/tralo/seed_2
results/pending_runs/paper_backbones,tissuemnist,L80_G80,ShuffleNetV2,4,danits_lp,,,50,300,0.0001,5e-06,,137,157,137,0,0.3623741379867142,0.3961038961038961,0.3961038961038961,0.4466415517647309,0.446049772988812,results/pending_runs/paper_backbones/ShuffleNetV2/tissuemnist/L80_G80/danits_lp/seed_4
results/pending_runs/paper_backbones,tissuemnist,L80_G80,ShuffleNetV2,3,danits_lp,,,50,300,0.0001,5e-06,,137,178,137,0,0.4022267765275244,0.38961038961038963,0.4025974025974026,0.4141578205172381,0.41505102957520473,results/pending_runs/paper_backbones/ShuffleNetV2/tissuemnist/L80_G80/danits_lp/seed_3
results/pending_runs/paper_backbones,tissuemnist,L80_G80,ShuffleNetV2,1,danits_lp,,,50,300,0.0001,5e-06,,137,237,137,0,0.36952510206678807,0.4025974025974026,0.3961038961038961,0.42514863057163155,0.42390221817343743,results/pending_runs/paper_backbones/ShuffleNetV2/tissuemnist/L80_G80/danits_lp/seed_1
results/pending_runs/paper_backbones,tissuemnist,L80_G80,ShuffleNetV2,2,danits_lp,,,50,300,0.0001,5e-06,,137,144,137,0,0.3134716897016343,0.3181818181818182,0.3181818181818182,0.40453221709647225,0.4029625262630263,results/pending_runs/paper_backbones/ShuffleNetV2/tissuemnist/L80_G80/danits_lp/seed_2
results/pending_runs/paper_backbones,tissuemnist,L80_G80,ShuffleNetV2,4,fioretto_ldf,,,50,300,0.0001,5e-06,,137,134,137,0,0.37469172168696796,0.37662337662337664,0.38311688311688313,0.44721708568857677,0.448694956644878,results/pending_runs/paper_backbones/ShuffleNetV2/tissuemnist/L80_G80/fioretto_ldf/seed_4
results/pending_runs/paper_backbones,tissuemnist,L80_G80,ShuffleNetV2,3,fioretto_ldf,,,50,300,0.0001,5e-06,,137,129,137,0,0.4255586244010056,0.43506493506493504,0.43506493506493504,0.4429240046267425,0.44289095003302337,results/pending_runs/paper_backbones/ShuffleNetV2/tissuemnist/L80_G80/fioretto_ldf/seed_3
results/pending_runs/paper_backbones,tissuemnist,L80_G80,ShuffleNetV2,1,fioretto_ldf,,,50,300,0.0001,5e-06,,137,132,137,0,0.3729019818514171,0.38961038961038963,0.38961038961038963,0.41124285400474714,0.410758158959847,results/pending_runs/paper_backbones/ShuffleNetV2/tissuemnist/L80_G80/fioretto_ldf/seed_1
results/pending_runs/paper_backbones,tissuemnist,L80_G80,ShuffleNetV2,2,fioretto_ldf,,,50,300,0.0001,5e-06,,137,129,137,0,0.3405454109056883,0.35064935064935066,0.35064935064935066,0.4134956174164196,0.41348021602520546,results/pending_runs/paper_backbones/ShuffleNetV2/tissuemnist/L80_G80/fioretto_ldf/seed_2
results/pending_runs/paper_backbones,tissuemnist,L80_G80,ShuffleNetV2,4,tralo_bounded,,,50,300,0.0001,5e-06,True,137,133,137,0,0.3757817524561481,0.37662337662337664,0.38311688311688313,0.44868217727509807,0.4497568937699454,results/pending_runs/paper_backbones/ShuffleNetV2/tissuemnist/L80_G80/tralo_bounded/seed_4
results/pending_runs/paper_backbones,tissuemnist,L80_G80,ShuffleNetV2,3,tralo_bounded,,,50,300,0.0001,5e-06,True,137,128,137,0,0.4278763480560312,0.43506493506493504,0.43506493506493504,0.44149652309108756,0.4414680052701566,results/pending_runs/paper_backbones/ShuffleNetV2/tissuemnist/L80_G80/tralo_bounded/seed_3
results/pending_runs/paper_backbones,tissuemnist,L80_G80,ShuffleNetV2,1,tralo_bounded,,,50,300,0.0001,5e-06,True,137,133,137,0,0.37648001951921967,0.3961038961038961,0.3961038961038961,0.415139345580129,0.41532743978044107,results/pending_runs/paper_backbones/ShuffleNetV2/tissuemnist/L80_G80/tralo_bounded/seed_1
results/pending_runs/paper_backbones,tissuemnist,L80_G80,ShuffleNetV2,2,tralo_bounded,,,50,300,0.0001,5e-06,True,137,131,137,0,0.3416671942093193,0.35064935064935066,0.35064935064935066,0.4125688274087048,0.4119665583320601,results/pending_runs/paper_backbones/ShuffleNetV2/tissuemnist/L80_G80/tralo_bounded/seed_2
results/pending_runs/paper_backbones,tissuemnist,L80_G80,ShuffleNetV2,4,heuristic,,,50,300,0.0001,5e-06,,137,157,137,0,0.3623741379867142,0.3961038961038961,0.3961038961038961,0.446049772988812,0.446049772988812,results/pending_runs/paper_backbones/ShuffleNetV2/tissuemnist/L80_G80/heuristic/seed_4
results/pending_runs/paper_backbones,tissuemnist,L80_G80,ShuffleNetV2,3,heuristic,,,50,300,0.0001,5e-06,,137,178,137,0,0.4022267765275244,0.4025974025974026,0.4025974025974026,0.41505102957520473,0.41505102957520473,results/pending_runs/paper_backbones/ShuffleNetV2/tissuemnist/L80_G80/heuristic/seed_3
results/pending_runs/paper_backbones,tissuemnist,L80_G80,ShuffleNetV2,1,heuristic,,,50,300,0.0001,5e-06,,137,237,137,0,0.36952510206678807,0.3961038961038961,0.3961038961038961,0.42390221817343743,0.42390221817343743,results/pending_runs/paper_backbones/ShuffleNetV2/tissuemnist/L80_G80/heuristic/seed_1
results/pending_runs/paper_backbones,tissuemnist,L80_G80,ShuffleNetV2,2,heuristic,,,50,300,0.0001,5e-06,,137,144,137,0,0.3134716897016343,0.3181818181818182,0.3181818181818182,0.4029625262630263,0.4029625262630263,results/pending_runs/paper_backbones/ShuffleNetV2/tissuemnist/L80_G80/heuristic/seed_2
results/pending_runs/paper_backbones,aider,L20_G20,RegNetY400MF,4,hounie_rcl,,,50,300,0.0001,5e-06,,20,0,20,0,0.38229596662548737,0.22950819672131148,0.22950819672131148,0.7636839398763589,0.7636839398763589,results/pending_runs/paper_backbones/RegNetY400MF/aider/L20_G20/hounie_rcl/seed_4
results/pending_runs/paper_backbones,aider,L20_G20,RegNetY400MF,3,hounie_rcl,,,50,300,0.0001,5e-06,,20,1,20,0,0.6645439576899906,0.3114754098360656,0.3114754098360656,0.7986138543803734,0.7986138543803734,results/pending_runs/paper_backbones/RegNetY400MF/aider/L20_G20/hounie_rcl/seed_3
results/pending_runs/paper_backbones,aider,L20_G20,RegNetY400MF,1,hounie_rcl,,,50,300,0.0001,5e-06,,20,1,20,0,0.37618599504863653,0.26229508196721313,0.26229508196721313,0.7722179727438709,0.7722179727438709,results/pending_runs/paper_backbones/RegNetY400MF/aider/L20_G20/hounie_rcl/seed_1
results/pending_runs/paper_backbones,aider,L20_G20,RegNetY400MF,2,hounie_rcl,,,50,300,0.0001,5e-06,,20,1,20,0,0.523846689943719,0.26229508196721313,0.26229508196721313,0.7878917017100747,0.7878917017100747,results/pending_runs/paper_backbones/RegNetY400MF/aider/L20_G20/hounie_rcl/seed_2
results/pending_runs/paper_backbones,aider,L20_G20,RegNetY400MF,4,tralo,,,50,300,0.0001,5e-06,True,20,18,20,0,0.79447617909322,0.32786885245901637,0.32786885245901637,0.7946491257966668,0.7946491257966668,results/pending_runs/paper_backbones/RegNetY400MF/aider/L20_G20/tralo/seed_4
results/pending_runs/paper_backbones,aider,L20_G20,RegNetY400MF,3,tralo,,,50,300,0.0001,5e-06,True,20,19,20,0,0.9178744440821668,0.32786885245901637,0.32786885245901637,0.800892937152858,0.7999044773469374,results/pending_runs/paper_backbones/RegNetY400MF/aider/L20_G20/tralo/seed_3
results/pending_runs/paper_backbones,aider,L20_G20,RegNetY400MF,1,tralo,,,50,300,0.0001,5e-06,True,20,17,20,0,0.7912624254358848,0.32786885245901637,0.32786885245901637,0.7941077295581677,0.7941077295581677,results/pending_runs/paper_backbones/RegNetY400MF/aider/L20_G20/tralo/seed_1
results/pending_runs/paper_backbones,aider,L20_G20,RegNetY400MF,2,tralo,,,50,300,0.0001,5e-06,True,20,18,20,0,0.8325133335899806,0.32786885245901637,0.32786885245901637,0.8024667913127336,0.8024667913127336,results/pending_runs/paper_backbones/RegNetY400MF/aider/L20_G20/tralo/seed_2
results/pending_runs/paper_backbones,aider,L20_G20,RegNetY400MF,4,danits_lp,,,50,300,0.0001,5e-06,,20,103,20,0,0.9973416977902969,0.32786885245901637,0.32786885245901637,0.767031890864369,0.767031890864369,results/pending_runs/paper_backbones/RegNetY400MF/aider/L20_G20/danits_lp/seed_4
results/pending_runs/paper_backbones,aider,L20_G20,RegNetY400MF,3,danits_lp,,,50,300,0.0001,5e-06,,20,100,20,0,0.9960396247165183,0.32786885245901637,0.32786885245901637,0.7963728153215611,0.7963728153215611,results/pending_runs/paper_backbones/RegNetY400MF/aider/L20_G20/danits_lp/seed_3
results/pending_runs/paper_backbones,aider,L20_G20,RegNetY400MF,1,danits_lp,,,50,300,0.0001,5e-06,,20,97,20,0,0.9830650436526945,0.32786885245901637,0.32786885245901637,0.7766496055925731,0.7758412182044395,results/pending_runs/paper_backbones/RegNetY400MF/aider/L20_G20/danits_lp/seed_1
results/pending_runs/paper_backbones,aider,L20_G20,RegNetY400MF,2,danits_lp,,,50,300,0.0001,5e-06,,20,93,20,0,0.9945001467195564,0.32786885245901637,0.32786885245901637,0.7975238190989058,0.7975238190989058,results/pending_runs/paper_backbones/RegNetY400MF/aider/L20_G20/danits_lp/seed_2
results/pending_runs/paper_backbones,aider,L20_G20,RegNetY400MF,4,fioretto_ldf,,,50,300,0.0001,5e-06,,20,15,20,0,0.7500959471785273,0.32786885245901637,0.32786885245901637,0.7953437416183013,0.7953437416183013,results/pending_runs/paper_backbones/RegNetY400MF/aider/L20_G20/fioretto_ldf/seed_4
results/pending_runs/paper_backbones,aider,L20_G20,RegNetY400MF,3,fioretto_ldf,,,50,300,0.0001,5e-06,,20,18,20,0,0.904350348567425,0.32786885245901637,0.32786885245901637,0.8031735162166127,0.8031735162166127,results/pending_runs/paper_backbones/RegNetY400MF/aider/L20_G20/fioretto_ldf/seed_3
results/pending_runs/paper_backbones,aider,L20_G20,RegNetY400MF,1,fioretto_ldf,,,50,300,0.0001,5e-06,,20,12,20,0,0.705214858339823,0.32786885245901637,0.32786885245901637,0.7912551321979245,0.7912551321979245,results/pending_runs/paper_backbones/RegNetY400MF/aider/L20_G20/fioretto_ldf/seed_1
results/pending_runs/paper_backbones,aider,L20_G20,RegNetY400MF,2,fioretto_ldf,,,50,300,0.0001,5e-06,,20,14,20,0,0.8004131652733174,0.32786885245901637,0.32786885245901637,0.8024667913127336,0.8024667913127336,results/pending_runs/paper_backbones/RegNetY400MF/aider/L20_G20/fioretto_ldf/seed_2
results/pending_runs/paper_backbones,aider,L20_G20,RegNetY400MF,4,tralo_bounded,,,50,300,0.0001,5e-06,True,20,13,20,0,0.7149360379362079,0.32786885245901637,0.32786885245901637,0.7953437416183013,0.7953437416183013,results/pending_runs/paper_backbones/RegNetY400MF/aider/L20_G20/tralo_bounded/seed_4
results/pending_runs/paper_backbones,aider,L20_G20,RegNetY400MF,3,tralo_bounded,,,50,300,0.0001,5e-06,True,20,9,20,0,0.8843342036145256,0.32786885245901637,0.32786885245901637,0.8031735162166127,0.8031735162166127,results/pending_runs/paper_backbones/RegNetY400MF/aider/L20_G20/tralo_bounded/seed_3
results/pending_runs/paper_backbones,aider,L20_G20,RegNetY400MF,1,tralo_bounded,,,50,300,0.0001,5e-06,True,20,9,20,0,0.6639764863993719,0.32786885245901637,0.32786885245901637,0.7912551321979245,0.7912551321979245,results/pending_runs/paper_backbones/RegNetY400MF/aider/L20_G20/tralo_bounded/seed_1
results/pending_runs/paper_backbones,aider,L20_G20,RegNetY400MF,2,tralo_bounded,,,50,300,0.0001,5e-06,True,20,15,20,0,0.8024276003022619,0.32786885245901637,0.32786885245901637,0.8024667913127336,0.8024667913127336,results/pending_runs/paper_backbones/RegNetY400MF/aider/L20_G20/tralo_bounded/seed_2
results/pending_runs/paper_backbones,aider,L20_G20,RegNetY400MF,4,heuristic,,,50,300,0.0001,5e-06,,20,103,20,0,0.9973416977902969,0.32786885245901637,0.32786885245901637,0.767031890864369,0.767031890864369,results/pending_runs/paper_backbones/RegNetY400MF/aider/L20_G20/heuristic/seed_4
results/pending_runs/paper_backbones,aider,L20_G20,RegNetY400MF,3,heuristic,,,50,300,0.0001,5e-06,,20,100,20,0,0.9960396247165183,0.32786885245901637,0.32786885245901637,0.7963728153215611,0.7963728153215611,results/pending_runs/paper_backbones/RegNetY400MF/aider/L20_G20/heuristic/seed_3
results/pending_runs/paper_backbones,aider,L20_G20,RegNetY400MF,1,heuristic,,,50,300,0.0001,5e-06,,20,97,20,0,0.9830650436526945,0.32786885245901637,0.32786885245901637,0.7758412182044395,0.7758412182044395,results/pending_runs/paper_backbones/RegNetY400MF/aider/L20_G20/heuristic/seed_1
results/pending_runs/paper_backbones,aider,L20_G20,RegNetY400MF,2,heuristic,,,50,300,0.0001,5e-06,,20,93,20,0,0.9945001467195564,0.32786885245901637,0.32786885245901637,0.7975238190989058,0.7975238190989058,results/pending_runs/paper_backbones/RegNetY400MF/aider/L20_G20/heuristic/seed_2
results/pending_runs/paper_backbones,aider,L70_G70,RegNetY400MF,4,hounie_rcl,,,50,300,0.0001,5e-06,,71,38,71,0,0.9044750577035038,0.8092485549132948,0.8092485549132948,0.9295227127321444,0.9295227127321444,results/pending_runs/paper_backbones/RegNetY400MF/aider/L70_G70/hounie_rcl/seed_4
results/pending_runs/paper_backbones,aider,L70_G70,RegNetY400MF,3,hounie_rcl,,,50,300,0.0001,5e-06,,71,41,71,0,0.9574698311816199,0.8208092485549133,0.8208092485549133,0.9346565031367908,0.9346565031367908,results/pending_runs/paper_backbones/RegNetY400MF/aider/L70_G70/hounie_rcl/seed_3
results/pending_runs/paper_backbones,aider,L70_G70,RegNetY400MF,1,hounie_rcl,,,50,300,0.0001,5e-06,,71,49,71,0,0.9040635497294748,0.8208092485549133,0.8208092485549133,0.9317919752413235,0.9317919752413235,results/pending_runs/paper_backbones/RegNetY400MF/aider/L70_G70/hounie_rcl/seed_1
results/pending_runs/paper_backbones,aider,L70_G70,RegNetY400MF,2,hounie_rcl,,,50,300,0.0001,5e-06,,71,58,71,0,0.9581111940947369,0.8208092485549133,0.8208092485549133,0.933259297457171,0.933259297457171,results/pending_runs/paper_backbones/RegNetY400MF/aider/L70_G70/hounie_rcl/seed_2
results/pending_runs/paper_backbones,aider,L70_G70,RegNetY400MF,4,tralo,,,50,300,0.0001,5e-06,True,71,71,71,1,0.9665634497657879,0.8208092485549133,0.8208092485549133,0.9314762061485714,0.9314762061485714,results/pending_runs/paper_backbones/RegNetY400MF/aider/L70_G70/tralo/seed_4
results/pending_runs/paper_backbones,aider,L70_G70,RegNetY400MF,3,tralo,,,50,300,0.0001,5e-06,True,71,70,71,0,0.9894534724632084,0.8208092485549133,0.8208092485549133,0.9333193716210757,0.9333193716210757,results/pending_runs/paper_backbones/RegNetY400MF/aider/L70_G70/tralo/seed_3
results/pending_runs/paper_backbones,aider,L70_G70,RegNetY400MF,1,tralo,,,50,300,0.0001,5e-06,True,71,68,71,0,0.9350563572488072,0.8208092485549133,0.8208092485549133,0.9321584405550527,0.9321584405550527,results/pending_runs/paper_backbones/RegNetY400MF/aider/L70_G70/tralo/seed_1
results/pending_runs/paper_backbones,aider,L70_G70,RegNetY400MF,2,tralo,,,50,300,0.0001,5e-06,True,71,71,71,1,0.9720779826544056,0.8208092485549133,0.8208092485549133,0.9337291398918824,0.9337291398918824,results/pending_runs/paper_backbones/RegNetY400MF/aider/L70_G70/tralo/seed_2
results/pending_runs/paper_backbones,aider,L70_G70,RegNetY400MF,4,danits_lp,,,50,300,0.0001,5e-06,,71,103,71,0,0.9973416977902969,0.8208092485549133,0.8208092485549133,0.9248994219178142,0.925829190301538,results/pending_runs/paper_backbones/RegNetY400MF/aider/L70_G70/danits_lp/seed_4
results/pending_runs/paper_backbones,aider,L70_G70,RegNetY400MF,3,danits_lp,,,50,300,0.0001,5e-06,,71,100,71,0,0.9960396247165183,0.8208092485549133,0.8208092485549133,0.9364943742547321,0.9364943742547321,results/pending_runs/paper_backbones/RegNetY400MF/aider/L70_G70/danits_lp/seed_3
results/pending_runs/paper_backbones,aider,L70_G70,RegNetY400MF,1,danits_lp,,,50,300,0.0001,5e-06,,71,97,71,0,0.9830650436526945,0.8208092485549133,0.8208092485549133,0.9346640843239199,0.9346640843239199,results/pending_runs/paper_backbones/RegNetY400MF/aider/L70_G70/danits_lp/seed_1
results/pending_runs/paper_backbones,aider,L70_G70,RegNetY400MF,2,danits_lp,,,50,300,0.0001,5e-06,,71,93,71,0,0.9945001467195564,0.8208092485549133,0.8208092485549133,0.9335595451884346,0.9325469538757887,results/pending_runs/paper_backbones/RegNetY400MF/aider/L70_G70/danits_lp/seed_2
results/pending_runs/paper_backbones,aider,L70_G70,RegNetY400MF,4,fioretto_ldf,,,50,300,0.0001,5e-06,,71,66,71,0,0.9648556207930169,0.8208092485549133,0.8208092485549133,0.9327798656180295,0.9327798656180295,results/pending_runs/paper_backbones/RegNetY400MF/aider/L70_G70/fioretto_ldf/seed_4
results/pending_runs/paper_backbones,aider,L70_G70,RegNetY400MF,3,fioretto_ldf,,,50,300,0.0001,5e-06,,71,59,71,0,0.9873996036477438,0.8208092485549133,0.8208092485549133,0.9328675604052632,0.9328675604052632,results/pending_runs/paper_backbones/RegNetY400MF/aider/L70_G70/fioretto_ldf/seed_3
results/pending_runs/paper_backbones,aider,L70_G70,RegNetY400MF,1,fioretto_ldf,,,50,300,0.0001,5e-06,,71,67,71,0,0.9420530031857761,0.8208092485549133,0.8208092485549133,0.9321584405550527,0.9321584405550527,results/pending_runs/paper_backbones/RegNetY400MF/aider/L70_G70/fioretto_ldf/seed_1
results/pending_runs/paper_backbones,aider,L70_G70,RegNetY400MF,2,fioretto_ldf,,,50,300,0.0001,5e-06,,71,70,71,0,0.9692152439403744,0.8208092485549133,0.8208092485549133,0.9319877807680259,0.9319877807680259,results/pending_runs/paper_backbones/RegNetY400MF/aider/L70_G70/fioretto_ldf/seed_2
results/pending_runs/paper_backbones,aider,L70_G70,RegNetY400MF,4,tralo_bounded,,,50,300,0.0001,5e-06,True,71,58,71,0,0.9576868191491108,0.8208092485549133,0.8208092485549133,0.9327798656180295,0.9327798656180295,results/pending_runs/paper_backbones/RegNetY400MF/aider/L70_G70/tralo_bounded/seed_4
results/pending_runs/paper_backbones,aider,L70_G70,RegNetY400MF,3,tralo_bounded,,,50,300,0.0001,5e-06,True,71,67,71,0,0.9882793141811286,0.8208092485549133,0.8208092485549133,0.9333193716210757,0.9333193716210757,results/pending_runs/paper_backbones/RegNetY400MF/aider/L70_G70/tralo_bounded/seed_3
results/pending_runs/paper_backbones,aider,L70_G70,RegNetY400MF,1,tralo_bounded,,,50,300,0.0001,5e-06,True,71,61,71,0,0.9206281386050493,0.8208092485549133,0.8208092485549133,0.9317919752413235,0.9317919752413235,results/pending_runs/paper_backbones/RegNetY400MF/aider/L70_G70/tralo_bounded/seed_1
results/pending_runs/paper_backbones,aider,L70_G70,RegNetY400MF,2,tralo_bounded,,,50,300,0.0001,5e-06,True,71,64,71,0,0.9626561344794118,0.8208092485549133,0.8208092485549133,0.9319877807680259,0.9319877807680259,results/pending_runs/paper_backbones/RegNetY400MF/aider/L70_G70/tralo_bounded/seed_2
results/pending_runs/paper_backbones,aider,L70_G70,RegNetY400MF,4,heuristic,,,50,300,0.0001,5e-06,,71,103,71,0,0.9973416977902969,0.8208092485549133,0.8208092485549133,0.925829190301538,0.925829190301538,results/pending_runs/paper_backbones/RegNetY400MF/aider/L70_G70/heuristic/seed_4
results/pending_runs/paper_backbones,aider,L70_G70,RegNetY400MF,3,heuristic,,,50,300,0.0001,5e-06,,71,100,71,0,0.9960396247165183,0.8208092485549133,0.8208092485549133,0.9364943742547321,0.9364943742547321,results/pending_runs/paper_backbones/RegNetY400MF/aider/L70_G70/heuristic/seed_3
results/pending_runs/paper_backbones,aider,L70_G70,RegNetY400MF,1,heuristic,,,50,300,0.0001,5e-06,,71,97,71,0,0.9830650436526945,0.8208092485549133,0.8208092485549133,0.9346640843239199,0.9346640843239199,results/pending_runs/paper_backbones/RegNetY400MF/aider/L70_G70/heuristic/seed_1
results/pending_runs/paper_backbones,aider,L70_G70,RegNetY400MF,2,heuristic,,,50,300,0.0001,5e-06,,71,93,71,0,0.9945001467195564,0.8208092485549133,0.8208092485549133,0.9325469538757887,0.9325469538757887,results/pending_runs/paper_backbones/RegNetY400MF/aider/L70_G70/heuristic/seed_2
results/pending_runs/paper_backbones,aider,L30_G30,RegNetY400MF,4,hounie_rcl,,,50,300,0.0001,5e-06,,31,3,31,0,0.563238480288326,0.43609022556390975,0.43609022556390975,0.8219288884999838,0.8219288884999838,results/pending_runs/paper_backbones/RegNetY400MF/aider/L30_G30/hounie_rcl/seed_4
results/pending_runs/paper_backbones,aider,L30_G30,RegNetY400MF,3,hounie_rcl,,,50,300,0.0001,5e-06,,31,1,31,0,0.7555339679821583,0.46616541353383456,0.46616541353383456,0.8398158790793839,0.8398158790793839,results/pending_runs/paper_backbones/RegNetY400MF/aider/L30_G30/hounie_rcl/seed_3
results/pending_runs/paper_backbones,aider,L30_G30,RegNetY400MF,1,hounie_rcl,,,50,300,0.0001,5e-06,,31,5,31,0,0.49988367699477243,0.39097744360902253,0.39097744360902253,0.8057908295341774,0.8057908295341774,results/pending_runs/paper_backbones/RegNetY400MF/aider/L30_G30/hounie_rcl/seed_1
results/pending_runs/paper_backbones,aider,L30_G30,RegNetY400MF,2,hounie_rcl,,,50,300,0.0001,5e-06,,31,5,31,0,0.6829676853729258,0.43609022556390975,0.43609022556390975,0.8334431414208241,0.8334431414208241,results/pending_runs/paper_backbones/RegNetY400MF/aider/L30_G30/hounie_rcl/seed_2
results/pending_runs/paper_backbones,aider,L30_G30,RegNetY400MF,4,tralo,,,50,300,0.0001,5e-06,True,31,30,31,0,0.8628633164567394,0.46616541353383456,0.46616541353383456,0.8335263234143171,0.8335263234143171,results/pending_runs/paper_backbones/RegNetY400MF/aider/L30_G30/tralo/seed_4
results/pending_runs/paper_backbones,aider,L30_G30,RegNetY400MF,3,tralo,,,50,300,0.0001,5e-06,True,31,24,31,0,0.9260055833688017,0.46616541353383456,0.46616541353383456,0.8401959105187456,0.8401959105187456,results/pending_runs/paper_backbones/RegNetY400MF/aider/L30_G30/tralo/seed_3
results/pending_runs/paper_backbones,aider,L30_G30,RegNetY400MF,1,tralo,,,50,300,0.0001,5e-06,True,31,30,31,0,0.852739725779041,0.46616541353383456,0.46616541353383456,0.8343244035976258,0.8343244035976258,results/pending_runs/paper_backbones/RegNetY400MF/aider/L30_G30/tralo/seed_1
results/pending_runs/paper_backbones,aider,L30_G30,RegNetY400MF,2,tralo,,,50,300,0.0001,5e-06,True,31,31,31,1,0.8939124844550889,0.46616541353383456,0.46616541353383456,0.8387595506324469,0.8387595506324469,results/pending_runs/paper_backbones/RegNetY400MF/aider/L30_G30/tralo/seed_2
results/pending_runs/paper_backbones,aider,L30_G30,RegNetY400MF,4,danits_lp,,,50,300,0.0001,5e-06,,31,103,31,0,0.9973416977902969,0.46616541353383456,0.46616541353383456,0.8078876568753532,0.8085972254834239,results/pending_runs/paper_backbones/RegNetY400MF/aider/L30_G30/danits_lp/seed_4
results/pending_runs/paper_backbones,aider,L30_G30,RegNetY400MF,3,danits_lp,,,50,300,0.0001,5e-06,,31,100,31,0,0.9960396247165183,0.46616541353383456,0.46616541353383456,0.8363686365567644,0.8363686365567644,results/pending_runs/paper_backbones/RegNetY400MF/aider/L30_G30/danits_lp/seed_3
results/pending_runs/paper_backbones,aider,L30_G30,RegNetY400MF,1,danits_lp,,,50,300,0.0001,5e-06,,31,97,31,0,0.9830650436526945,0.46616541353383456,0.46616541353383456,0.8204895958883558,0.8204895958883558,results/pending_runs/paper_backbones/RegNetY400MF/aider/L30_G30/danits_lp/seed_1
results/pending_runs/paper_backbones,aider,L30_G30,RegNetY400MF,2,danits_lp,,,50,300,0.0001,5e-06,,31,93,31,0,0.9945001467195564,0.46616541353383456,0.46616541353383456,0.8345464315861788,0.8345464315861788,results/pending_runs/paper_backbones/RegNetY400MF/aider/L30_G30/danits_lp/seed_2
results/pending_runs/paper_backbones,aider,L30_G30,RegNetY400MF,4,fioretto_ldf,,,50,300,0.0001,5e-06,,31,28,31,0,0.8451714660536298,0.46616541353383456,0.46616541353383456,0.8292587446878065,0.8292587446878065,results/pending_runs/paper_backbones/RegNetY400MF/aider/L30_G30/fioretto_ldf/seed_4
results/pending_runs/paper_backbones,aider,L30_G30,RegNetY400MF,3,fioretto_ldf,,,50,300,0.0001,5e-06,,31,18,31,0,0.9044312951209222,0.46616541353383456,0.46616541353383456,0.8401959105187456,0.8401959105187456,results/pending_runs/paper_backbones/RegNetY400MF/aider/L30_G30/fioretto_ldf/seed_3
results/pending_runs/paper_backbones,aider,L30_G30,RegNetY400MF,1,fioretto_ldf,,,50,300,0.0001,5e-06,,31,21,31,0,0.8123894802903577,0.46616541353383456,0.46616541353383456,0.8286747780993036,0.8286747780993036,results/pending_runs/paper_backbones/RegNetY400MF/aider/L30_G30/fioretto_ldf/seed_1
results/pending_runs/paper_backbones,aider,L30_G30,RegNetY400MF,2,fioretto_ldf,,,50,300,0.0001,5e-06,,31,22,31,0,0.8629307707664243,0.46616541353383456,0.46616541353383456,0.8384852774563636,0.8384852774563636,results/pending_runs/paper_backbones/RegNetY400MF/aider/L30_G30/fioretto_ldf/seed_2
results/pending_runs/paper_backbones,aider,L30_G30,RegNetY400MF,4,tralo_bounded,,,50,300,0.0001,5e-06,True,31,18,31,0,0.7848020839891376,0.46616541353383456,0.46616541353383456,0.8302899756497448,0.8302899756497448,results/pending_runs/paper_backbones/RegNetY400MF/aider/L30_G30/tralo_bounded/seed_4
results/pending_runs/paper_backbones,aider,L30_G30,RegNetY400MF,3,tralo_bounded,,,50,300,0.0001,5e-06,True,31,13,31,0,0.8953671124981388,0.46616541353383456,0.46616541353383456,0.8401959105187456,0.8401959105187456,results/pending_runs/paper_backbones/RegNetY400MF/aider/L30_G30/tralo_bounded/seed_3
results/pending_runs/paper_backbones,aider,L30_G30,RegNetY400MF,1,tralo_bounded,,,50,300,0.0001,5e-06,True,31,13,31,0,0.7751701785842132,0.46616541353383456,0.46616541353383456,0.830096580115557,0.830096580115557,results/pending_runs/paper_backbones/RegNetY400MF/aider/L30_G30/tralo_bounded/seed_1
results/pending_runs/paper_backbones,aider,L30_G30,RegNetY400MF,2,tralo_bounded,,,50,300,0.0001,5e-06,True,31,23,31,0,0.878485512915463,0.46616541353383456,0.46616541353383456,0.8384852774563636,0.8384852774563636,results/pending_runs/paper_backbones/RegNetY400MF/aider/L30_G30/tralo_bounded/seed_2
results/pending_runs/paper_backbones,aider,L30_G30,RegNetY400MF,4,heuristic,,,50,300,0.0001,5e-06,,31,103,31,0,0.9973416977902969,0.46616541353383456,0.46616541353383456,0.8085972254834239,0.8085972254834239,results/pending_runs/paper_backbones/RegNetY400MF/aider/L30_G30/heuristic/seed_4
results/pending_runs/paper_backbones,aider,L30_G30,RegNetY400MF,3,heuristic,,,50,300,0.0001,5e-06,,31,100,31,0,0.9960396247165183,0.46616541353383456,0.46616541353383456,0.8363686365567644,0.8363686365567644,results/pending_runs/paper_backbones/RegNetY400MF/aider/L30_G30/heuristic/seed_3
results/pending_runs/paper_backbones,aider,L30_G30,RegNetY400MF,1,heuristic,,,50,300,0.0001,5e-06,,31,97,31,0,0.9830650436526945,0.46616541353383456,0.46616541353383456,0.8204895958883558,0.8204895958883558,results/pending_runs/paper_backbones/RegNetY400MF/aider/L30_G30/heuristic/seed_1
results/pending_runs/paper_backbones,aider,L30_G30,RegNetY400MF,2,heuristic,,,50,300,0.0001,5e-06,,31,93,31,0,0.9945001467195564,0.46616541353383456,0.46616541353383456,0.8345464315861788,0.8345464315861788,results/pending_runs/paper_backbones/RegNetY400MF/aider/L30_G30/heuristic/seed_2
results/pending_runs/paper_backbones,aider,L80_G80,RegNetY400MF,4,hounie_rcl,,,50,300,0.0001,5e-06,,82,53,82,0,0.9582907729335928,0.8913043478260869,0.8913043478260869,0.954405162738496,0.954405162738496,results/pending_runs/paper_backbones/RegNetY400MF/aider/L80_G80/hounie_rcl/seed_4
results/pending_runs/paper_backbones,aider,L80_G80,RegNetY400MF,3,hounie_rcl,,,50,300,0.0001,5e-06,,82,62,82,0,0.9877495901344103,0.8913043478260869,0.8913043478260869,0.9572426382529944,0.9572426382529944,results/pending_runs/paper_backbones/RegNetY400MF/aider/L80_G80/hounie_rcl/seed_3
results/pending_runs/paper_backbones,aider,L80_G80,RegNetY400MF,1,hounie_rcl,,,50,300,0.0001,5e-06,,82,63,82,0,0.9373853440582169,0.8804347826086957,0.8804347826086957,0.9507149625558087,0.9507149625558087,results/pending_runs/paper_backbones/RegNetY400MF/aider/L80_G80/hounie_rcl/seed_1
results/pending_runs/paper_backbones,aider,L80_G80,RegNetY400MF,2,hounie_rcl,,,50,300,0.0001,5e-06,,82,73,82,0,0.978255226057252,0.8913043478260869,0.8913043478260869,0.951843224184855,0.951843224184855,results/pending_runs/paper_backbones/RegNetY400MF/aider/L80_G80/hounie_rcl/seed_2
results/pending_runs/paper_backbones,aider,L80_G80,RegNetY400MF,4,tralo,,,50,300,0.0001,5e-06,True,82,82,82,1,0.9744631863108634,0.8913043478260869,0.8913043478260869,0.9523702039810337,0.9523702039810337,results/pending_runs/paper_backbones/RegNetY400MF/aider/L80_G80/tralo/seed_4
results/pending_runs/paper_backbones,aider,L80_G80,RegNetY400MF,3,tralo,,,50,300,0.0001,5e-06,True,82,81,82,0,0.9916656347294647,0.8913043478260869,0.8913043478260869,0.9555167671638634,0.9555167671638634,results/pending_runs/paper_backbones/RegNetY400MF/aider/L80_G80/tralo/seed_3
results/pending_runs/paper_backbones,aider,L80_G80,RegNetY400MF,1,tralo,,,50,300,0.0001,5e-06,True,82,82,82,1,0.963685669006337,0.8913043478260869,0.8913043478260869,0.9554508069248699,0.9554508069248699,results/pending_runs/paper_backbones/RegNetY400MF/aider/L80_G80/tralo/seed_1
results/pending_runs/paper_backbones,aider,L80_G80,RegNetY400MF,2,tralo,,,50,300,0.0001,5e-06,True,82,82,82,1,0.9898310300326666,0.8913043478260869,0.8913043478260869,0.9526626932129372,0.9526626932129372,results/pending_runs/paper_backbones/RegNetY400MF/aider/L80_G80/tralo/seed_2
results/pending_runs/paper_backbones,aider,L80_G80,RegNetY400MF,4,danits_lp,,,50,300,0.0001,5e-06,,82,103,82,0,0.9973416977902969,0.8913043478260869,0.8913043478260869,0.9517794823310257,0.95078916271449,results/pending_runs/paper_backbones/RegNetY400MF/aider/L80_G80/danits_lp/seed_4
results/pending_runs/paper_backbones,aider,L80_G80,RegNetY400MF,3,danits_lp,,,50,300,0.0001,5e-06,,82,100,82,0,0.9960396247165183,0.8913043478260869,0.8913043478260869,0.9566194239012671,0.9566194239012671,results/pending_runs/paper_backbones/RegNetY400MF/aider/L80_G80/danits_lp/seed_3
results/pending_runs/paper_backbones,aider,L80_G80,RegNetY400MF,1,danits_lp,,,50,300,0.0001,5e-06,,82,97,82,0,0.9830650436526945,0.8913043478260869,0.8913043478260869,0.9568742719176281,0.9568742719176281,results/pending_runs/paper_backbones/RegNetY400MF/aider/L80_G80/danits_lp/seed_1
results/pending_runs/paper_backbones,aider,L80_G80,RegNetY400MF,2,danits_lp,,,50,300,0.0001,5e-06,,82,93,82,0,0.9945001467195564,0.8913043478260869,0.8913043478260869,0.9547225297156405,0.9547225297156405,results/pending_runs/paper_backbones/RegNetY400MF/aider/L80_G80/danits_lp/seed_2
results/pending_runs/paper_backbones,aider,L80_G80,RegNetY400MF,4,fioretto_ldf,,,50,300,0.0001,5e-06,,82,81,82,0,0.9718987552415618,0.8913043478260869,0.8913043478260869,0.9536627905399724,0.9536627905399724,results/pending_runs/paper_backbones/RegNetY400MF/aider/L80_G80/fioretto_ldf/seed_4
results/pending_runs/paper_backbones,aider,L80_G80,RegNetY400MF,3,fioretto_ldf,,,50,300,0.0001,5e-06,,82,78,82,0,0.9902720081915776,0.8913043478260869,0.8913043478260869,0.9558279191529044,0.9558279191529044,results/pending_runs/paper_backbones/RegNetY400MF/aider/L80_G80/fioretto_ldf/seed_3
results/pending_runs/paper_backbones,aider,L80_G80,RegNetY400MF,1,fioretto_ldf,,,50,300,0.0001,5e-06,,82,67,82,0,0.9421940765290606,0.8913043478260869,0.8913043478260869,0.9523198844209126,0.9523198844209126,results/pending_runs/paper_backbones/RegNetY400MF/aider/L80_G80/fioretto_ldf/seed_1
results/pending_runs/paper_backbones,aider,L80_G80,RegNetY400MF,2,fioretto_ldf,,,50,300,0.0001,5e-06,,82,77,82,0,0.9771995672568754,0.8913043478260869,0.8913043478260869,0.9508427799344191,0.9508427799344191,results/pending_runs/paper_backbones/RegNetY400MF/aider/L80_G80/fioretto_ldf/seed_2
results/pending_runs/paper_backbones,aider,L80_G80,RegNetY400MF,4,tralo_bounded,,,50,300,0.0001,5e-06,True,82,80,82,0,0.9707185779066313,0.8913043478260869,0.8913043478260869,0.954685746352413,0.954685746352413,results/pending_runs/paper_backbones/RegNetY400MF/aider/L80_G80/tralo_bounded/seed_4
results/pending_runs/paper_backbones,aider,L80_G80,RegNetY400MF,3,tralo_bounded,,,50,300,0.0001,5e-06,True,82,83,82,0,0.9929926221643979,0.8913043478260869,0.8913043478260869,0.9558279191529044,0.9558279191529044,results/pending_runs/paper_backbones/RegNetY400MF/aider/L80_G80/tralo_bounded/seed_3
results/pending_runs/paper_backbones,aider,L80_G80,RegNetY400MF,1,tralo_bounded,,,50,300,0.0001,5e-06,True,82,79,82,0,0.9532507093961197,0.8913043478260869,0.8913043478260869,0.9540703838262792,0.9540703838262792,results/pending_runs/paper_backbones/RegNetY400MF/aider/L80_G80/tralo_bounded/seed_1
results/pending_runs/paper_backbones,aider,L80_G80,RegNetY400MF,2,tralo_bounded,,,50,300,0.0001,5e-06,True,82,81,82,0,0.9812372206975009,0.8913043478260869,0.8913043478260869,0.9522117353735858,0.9522117353735858,results/pending_runs/paper_backbones/RegNetY400MF/aider/L80_G80/tralo_bounded/seed_2
results/pending_runs/paper_backbones,aider,L80_G80,RegNetY400MF,4,heuristic,,,50,300,0.0001,5e-06,,82,103,82,0,0.9973416977902969,0.8913043478260869,0.8913043478260869,0.95078916271449,0.95078916271449,results/pending_runs/paper_backbones/RegNetY400MF/aider/L80_G80/heuristic/seed_4
results/pending_runs/paper_backbones,aider,L80_G80,RegNetY400MF,3,heuristic,,,50,300,0.0001,5e-06,,82,100,82,0,0.9960396247165183,0.8913043478260869,0.8913043478260869,0.9566194239012671,0.9566194239012671,results/pending_runs/paper_backbones/RegNetY400MF/aider/L80_G80/heuristic/seed_3
results/pending_runs/paper_backbones,aider,L80_G80,RegNetY400MF,1,heuristic,,,50,300,0.0001,5e-06,,82,97,82,0,0.9830650436526945,0.8913043478260869,0.8913043478260869,0.9568742719176281,0.9568742719176281,results/pending_runs/paper_backbones/RegNetY400MF/aider/L80_G80/heuristic/seed_1
results/pending_runs/paper_backbones,aider,L80_G80,RegNetY400MF,2,heuristic,,,50,300,0.0001,5e-06,,82,93,82,0,0.9945001467195564,0.8913043478260869,0.8913043478260869,0.9547225297156405,0.9547225297156405,results/pending_runs/paper_backbones/RegNetY400MF/aider/L80_G80/heuristic/seed_2
results/pending_runs/paper_backbones,dermmnist,L20_G20,RegNetY400MF,4,hounie_rcl,,,50,300,0.0001,5e-06,,45,33,45,0,0.6050278124910166,0.31343283582089554,0.31343283582089554,0.6704497058215654,0.6704497058215654,results/pending_runs/paper_backbones/RegNetY400MF/dermmnist/L20_G20/hounie_rcl/seed_4
results/pending_runs/paper_backbones,dermmnist,L20_G20,RegNetY400MF,3,hounie_rcl,,,50,300,0.0001,5e-06,,45,34,45,0,0.5878306227107477,0.30597014925373134,0.30597014925373134,0.6725350014954973,0.6725350014954973,results/pending_runs/paper_backbones/RegNetY400MF/dermmnist/L20_G20/hounie_rcl/seed_3
results/pending_runs/paper_backbones,dermmnist,L20_G20,RegNetY400MF,1,hounie_rcl,,,50,300,0.0001,5e-06,,45,25,45,0,0.5491768773933908,0.3208955223880597,0.3208955223880597,0.6924137677450872,0.6924137677450872,results/pending_runs/paper_backbones/RegNetY400MF/dermmnist/L20_G20/hounie_rcl/seed_1
results/pending_runs/paper_backbones,dermmnist,L20_G20,RegNetY400MF,2,hounie_rcl,,,50,300,0.0001,5e-06,,45,24,45,0,0.6052078528657366,0.3208955223880597,0.3208955223880597,0.6887551418857275,0.6887551418857275,results/pending_runs/paper_backbones/RegNetY400MF/dermmnist/L20_G20/hounie_rcl/seed_2
results/pending_runs/paper_backbones,dermmnist,L20_G20,RegNetY400MF,4,tralo,,,50,300,0.0001,5e-06,True,45,43,45,0,0.6222980478693342,0.3208955223880597,0.3208955223880597,0.6885229938957712,0.6885229938957712,results/pending_runs/paper_backbones/RegNetY400MF/dermmnist/L20_G20/tralo/seed_4
results/pending_runs/paper_backbones,dermmnist,L20_G20,RegNetY400MF,3,tralo,,,50,300,0.0001,5e-06,True,45,41,45,0,0.6245354756521015,0.31343283582089554,0.31343283582089554,0.6785172985717353,0.6785172985717353,results/pending_runs/paper_backbones/RegNetY400MF/dermmnist/L20_G20/tralo/seed_3
results/pending_runs/paper_backbones,dermmnist,L20_G20,RegNetY400MF,1,tralo,,,50,300,0.0001,5e-06,True,45,43,45,0,0.614661199238358,0.31343283582089554,0.31343283582089554,0.6843040288524459,0.6843040288524459,results/pending_runs/paper_backbones/RegNetY400MF/dermmnist/L20_G20/tralo/seed_1
results/pending_runs/paper_backbones,dermmnist,L20_G20,RegNetY400MF,2,tralo,,,50,300,0.0001,5e-06,True,45,43,45,0,0.6434434595264998,0.3208955223880597,0.3208955223880597,0.7028977666707003,0.7028977666707003,results/pending_runs/paper_backbones/RegNetY400MF/dermmnist/L20_G20/tralo/seed_2
results/pending_runs/paper_backbones,dermmnist,L20_G20,RegNetY400MF,4,danits_lp,,,50,300,0.0001,5e-06,,45,197,45,0,0.7015485772911337,0.3208955223880597,0.3208955223880597,0.6810748338728768,0.6810748338728768,results/pending_runs/paper_backbones/RegNetY400MF/dermmnist/L20_G20/danits_lp/seed_4
results/pending_runs/paper_backbones,dermmnist,L20_G20,RegNetY400MF,3,danits_lp,,,50,300,0.0001,5e-06,,45,174,45,0,0.6915014341813639,0.31343283582089554,0.31343283582089554,0.6825280360340569,0.6825280360340569,results/pending_runs/paper_backbones/RegNetY400MF/dermmnist/L20_G20/danits_lp/seed_3
results/pending_runs/paper_backbones,dermmnist,L20_G20,RegNetY400MF,1,danits_lp,,,50,300,0.0001,5e-06,,45,152,45,0,0.7057514318572579,0.30597014925373134,0.30597014925373134,0.6926914303327625,0.6926914303327625,results/pending_runs/paper_backbones/RegNetY400MF/dermmnist/L20_G20/danits_lp/seed_1
results/pending_runs/paper_backbones,dermmnist,L20_G20,RegNetY400MF,2,danits_lp,,,50,300,0.0001,5e-06,,45,180,45,0,0.6941009292122404,0.3208955223880597,0.3208955223880597,0.6808913573456131,0.6808913573456131,results/pending_runs/paper_backbones/RegNetY400MF/dermmnist/L20_G20/danits_lp/seed_2
results/pending_runs/paper_backbones,dermmnist,L20_G20,RegNetY400MF,4,fioretto_ldf,,,50,300,0.0001,5e-06,,45,37,45,0,0.6012362856072048,0.31343283582089554,0.31343283582089554,0.674318104305353,0.674318104305353,results/pending_runs/paper_backbones/RegNetY400MF/dermmnist/L20_G20/fioretto_ldf/seed_4
results/pending_runs/paper_backbones,dermmnist,L20_G20,RegNetY400MF,3,fioretto_ldf,,,50,300,0.0001,5e-06,,45,37,45,0,0.5887990665135762,0.31343283582089554,0.31343283582089554,0.6694177018624147,0.6694177018624147,results/pending_runs/paper_backbones/RegNetY400MF/dermmnist/L20_G20/fioretto_ldf/seed_3
results/pending_runs/paper_backbones,dermmnist,L20_G20,RegNetY400MF,1,fioretto_ldf,,,50,300,0.0001,5e-06,,45,35,45,0,0.5887800904002647,0.31343283582089554,0.31343283582089554,0.6882208952616102,0.6882208952616102,results/pending_runs/paper_backbones/RegNetY400MF/dermmnist/L20_G20/fioretto_ldf/seed_1
results/pending_runs/paper_backbones,dermmnist,L20_G20,RegNetY400MF,2,fioretto_ldf,,,50,300,0.0001,5e-06,,45,33,45,0,0.6183467395336307,0.3208955223880597,0.3208955223880597,0.6951257511285877,0.6951257511285877,results/pending_runs/paper_backbones/RegNetY400MF/dermmnist/L20_G20/fioretto_ldf/seed_2
results/pending_runs/paper_backbones,dermmnist,L20_G20,RegNetY400MF,4,tralo_bounded,,,50,300,0.0001,5e-06,True,45,36,45,0,0.6097217125041989,0.3208955223880597,0.3208955223880597,0.6757836352452642,0.6757836352452642,results/pending_runs/paper_backbones/RegNetY400MF/dermmnist/L20_G20/tralo_bounded/seed_4
results/pending_runs/paper_backbones,dermmnist,L20_G20,RegNetY400MF,3,tralo_bounded,,,50,300,0.0001,5e-06,True,45,38,45,0,0.6009721077144347,0.30597014925373134,0.30597014925373134,0.6700204200143034,0.6700204200143034,results/pending_runs/paper_backbones/RegNetY400MF/dermmnist/L20_G20/tralo_bounded/seed_3
results/pending_runs/paper_backbones,dermmnist,L20_G20,RegNetY400MF,1,tralo_bounded,,,50,300,0.0001,5e-06,True,45,40,45,0,0.6008548078527284,0.31343283582089554,0.31343283582089554,0.68802010121399,0.68802010121399,results/pending_runs/paper_backbones/RegNetY400MF/dermmnist/L20_G20/tralo_bounded/seed_1
results/pending_runs/paper_backbones,dermmnist,L20_G20,RegNetY400MF,2,tralo_bounded,,,50,300,0.0001,5e-06,True,45,35,45,0,0.6369890033890999,0.3283582089552239,0.3283582089552239,0.6975818006716573,0.6975818006716573,results/pending_runs/paper_backbones/RegNetY400MF/dermmnist/L20_G20/tralo_bounded/seed_2
results/pending_runs/paper_backbones,dermmnist,L20_G20,RegNetY400MF,4,heuristic,,,50,300,0.0001,5e-06,,45,197,45,0,0.7015485772911337,0.3208955223880597,0.3208955223880597,0.6810748338728768,0.6810748338728768,results/pending_runs/paper_backbones/RegNetY400MF/dermmnist/L20_G20/heuristic/seed_4
results/pending_runs/paper_backbones,dermmnist,L20_G20,RegNetY400MF,3,heuristic,,,50,300,0.0001,5e-06,,45,174,45,0,0.6915014341813639,0.31343283582089554,0.31343283582089554,0.6825280360340569,0.6825280360340569,results/pending_runs/paper_backbones/RegNetY400MF/dermmnist/L20_G20/heuristic/seed_3
results/pending_runs/paper_backbones,dermmnist,L20_G20,RegNetY400MF,1,heuristic,,,50,300,0.0001,5e-06,,45,152,45,0,0.7057514318572579,0.30597014925373134,0.30597014925373134,0.6926914303327625,0.6926914303327625,results/pending_runs/paper_backbones/RegNetY400MF/dermmnist/L20_G20/heuristic/seed_1
results/pending_runs/paper_backbones,dermmnist,L20_G20,RegNetY400MF,2,heuristic,,,50,300,0.0001,5e-06,,45,180,45,0,0.6941009292122404,0.3208955223880597,0.3208955223880597,0.6808913573456131,0.6808913573456131,results/pending_runs/paper_backbones/RegNetY400MF/dermmnist/L20_G20/heuristic/seed_2
results/pending_runs/paper_backbones,dermmnist,L70_G70,RegNetY400MF,4,hounie_rcl,,,50,300,0.0001,5e-06,,156,132,156,0,0.6991962246796922,0.6226912928759895,0.6226912928759895,0.7531060849276722,0.7531060849276722,results/pending_runs/paper_backbones/RegNetY400MF/dermmnist/L70_G70/hounie_rcl/seed_4
results/pending_runs/paper_backbones,dermmnist,L70_G70,RegNetY400MF,3,hounie_rcl,,,50,300,0.0001,5e-06,,156,136,156,0,0.6964612553808451,0.6226912928759895,0.6226912928759895,0.752023106452948,0.752023106452948,results/pending_runs/paper_backbones/RegNetY400MF/dermmnist/L70_G70/hounie_rcl/seed_3
results/pending_runs/paper_backbones,dermmnist,L70_G70,RegNetY400MF,1,hounie_rcl,,,50,300,0.0001,5e-06,,156,138,156,0,0.7043659907203901,0.6226912928759895,0.6226912928759895,0.7501060059554303,0.7501060059554303,results/pending_runs/paper_backbones/RegNetY400MF/dermmnist/L70_G70/hounie_rcl/seed_1
results/pending_runs/paper_backbones,dermmnist,L70_G70,RegNetY400MF,2,hounie_rcl,,,50,300,0.0001,5e-06,,156,138,156,0,0.7076678627018789,0.6121372031662269,0.6121372031662269,0.7535108626170659,0.7535108626170659,results/pending_runs/paper_backbones/RegNetY400MF/dermmnist/L70_G70/hounie_rcl/seed_2
results/pending_runs/paper_backbones,dermmnist,L70_G70,RegNetY400MF,4,tralo,,,50,300,0.0001,5e-06,True,156,153,156,0,0.6959603178042449,0.6121372031662269,0.6121372031662269,0.7407022742779846,0.7407022742779846,results/pending_runs/paper_backbones/RegNetY400MF/dermmnist/L70_G70/tralo/seed_4
results/pending_runs/paper_backbones,dermmnist,L70_G70,RegNetY400MF,3,tralo,,,50,300,0.0001,5e-06,True,156,144,156,0,0.6979831007142517,0.6121372031662269,0.6121372031662269,0.7419711612595883,0.7419711612595883,results/pending_runs/paper_backbones/RegNetY400MF/dermmnist/L70_G70/tralo/seed_3
results/pending_runs/paper_backbones,dermmnist,L70_G70,RegNetY400MF,1,tralo,,,50,300,0.0001,5e-06,True,156,152,156,0,0.7053470986862981,0.6279683377308707,0.6279683377308707,0.7543546563351796,0.7543546563351796,results/pending_runs/paper_backbones/RegNetY400MF/dermmnist/L70_G70/tralo/seed_1
results/pending_runs/paper_backbones,dermmnist,L70_G70,RegNetY400MF,2,tralo,,,50,300,0.0001,5e-06,True,156,147,156,0,0.6919450458757337,0.5963060686015831,0.5963060686015831,0.7580849017355344,0.7580849017355344,results/pending_runs/paper_backbones/RegNetY400MF/dermmnist/L70_G70/tralo/seed_2
results/pending_runs/paper_backbones,dermmnist,L70_G70,RegNetY400MF,4,danits_lp,,,50,300,0.0001,5e-06,,156,197,156,0,0.7015485772911337,0.5963060686015831,0.6068601583113457,0.7260384790095123,0.7277597034108488,results/pending_runs/paper_backbones/RegNetY400MF/dermmnist/L70_G70/danits_lp/seed_4
results/pending_runs/paper_backbones,dermmnist,L70_G70,RegNetY400MF,3,danits_lp,,,50,300,0.0001,5e-06,,156,174,152,0,0.6915014341813639,0.608,0.6226912928759895,0.7398091648894852,0.7430613397156695,results/pending_runs/paper_backbones/RegNetY400MF/dermmnist/L70_G70/danits_lp/seed_3
results/pending_runs/paper_backbones,dermmnist,L70_G70,RegNetY400MF,1,danits_lp,,,50,300,0.0001,5e-06,,156,152,151,0,0.7057514318572579,0.6363636363636364,0.6385224274406333,0.7499681080878172,0.7512218292047316,results/pending_runs/paper_backbones/RegNetY400MF/dermmnist/L70_G70/danits_lp/seed_1
results/pending_runs/paper_backbones,dermmnist,L70_G70,RegNetY400MF,2,danits_lp,,,50,300,0.0001,5e-06,,156,180,152,0,0.6941009292122404,0.608,0.6015831134564644,0.7423284216813034,0.7386259464413562,results/pending_runs/paper_backbones/RegNetY400MF/dermmnist/L70_G70/danits_lp/seed_2
results/pending_runs/paper_backbones,dermmnist,L70_G70,RegNetY400MF,4,fioretto_ldf,,,50,300,0.0001,5e-06,,156,131,156,0,0.6985297731176269,0.6226912928759895,0.6226912928759895,0.7556902256617762,0.7556902256617762,results/pending_runs/paper_backbones/RegNetY400MF/dermmnist/L70_G70/fioretto_ldf/seed_4
results/pending_runs/paper_backbones,dermmnist,L70_G70,RegNetY400MF,3,fioretto_ldf,,,50,300,0.0001,5e-06,,156,136,156,0,0.6964029588111565,0.633245382585752,0.633245382585752,0.7549406553906047,0.7549406553906047,results/pending_runs/paper_backbones/RegNetY400MF/dermmnist/L70_G70/fioretto_ldf/seed_3
results/pending_runs/paper_backbones,dermmnist,L70_G70,RegNetY400MF,1,fioretto_ldf,,,50,300,0.0001,5e-06,,156,141,156,0,0.7052729169549474,0.6226912928759895,0.6226912928759895,0.749436885848371,0.749436885848371,results/pending_runs/paper_backbones/RegNetY400MF/dermmnist/L70_G70/fioretto_ldf/seed_1
results/pending_runs/paper_backbones,dermmnist,L70_G70,RegNetY400MF,2,fioretto_ldf,,,50,300,0.0001,5e-06,,156,135,156,0,0.7078509956728376,0.6068601583113457,0.6068601583113457,0.7535378974218434,0.7535378974218434,results/pending_runs/paper_backbones/RegNetY400MF/dermmnist/L70_G70/fioretto_ldf/seed_2
results/pending_runs/paper_backbones,dermmnist,L70_G70,RegNetY400MF,4,tralo_bounded,,,50,300,0.0001,5e-06,True,156,131,156,0,0.6986112954144094,0.6226912928759895,0.6226912928759895,0.7548864280707976,0.7548864280707976,results/pending_runs/paper_backbones/RegNetY400MF/dermmnist/L70_G70/tralo_bounded/seed_4
results/pending_runs/paper_backbones,dermmnist,L70_G70,RegNetY400MF,3,tralo_bounded,,,50,300,0.0001,5e-06,True,156,136,156,0,0.6962330097898912,0.633245382585752,0.633245382585752,0.7549406553906047,0.7549406553906047,results/pending_runs/paper_backbones/RegNetY400MF/dermmnist/L70_G70/tralo_bounded/seed_3
results/pending_runs/paper_backbones,dermmnist,L70_G70,RegNetY400MF,1,tralo_bounded,,,50,300,0.0001,5e-06,True,156,142,156,0,0.7053147080339535,0.6226912928759895,0.6226912928759895,0.749436885848371,0.749436885848371,results/pending_runs/paper_backbones/RegNetY400MF/dermmnist/L70_G70/tralo_bounded/seed_1
results/pending_runs/paper_backbones,dermmnist,L70_G70,RegNetY400MF,2,tralo_bounded,,,50,300,0.0001,5e-06,True,156,139,156,0,0.7077801331049522,0.6121372031662269,0.6121372031662269,0.7541364927084945,0.7541364927084945,results/pending_runs/paper_backbones/RegNetY400MF/dermmnist/L70_G70/tralo_bounded/seed_2
results/pending_runs/paper_backbones,dermmnist,L70_G70,RegNetY400MF,4,heuristic,,,50,300,0.0001,5e-06,,156,197,156,0,0.7015485772911337,0.6068601583113457,0.6068601583113457,0.7277597034108488,0.7277597034108488,results/pending_runs/paper_backbones/RegNetY400MF/dermmnist/L70_G70/heuristic/seed_4
results/pending_runs/paper_backbones,dermmnist,L70_G70,RegNetY400MF,3,heuristic,,,50,300,0.0001,5e-06,,156,174,156,0,0.6915014341813639,0.6226912928759895,0.6226912928759895,0.7430613397156695,0.7430613397156695,results/pending_runs/paper_backbones/RegNetY400MF/dermmnist/L70_G70/heuristic/seed_3
results/pending_runs/paper_backbones,dermmnist,L70_G70,RegNetY400MF,1,heuristic,,,50,300,0.0001,5e-06,,156,152,156,0,0.7057514318572579,0.6385224274406333,0.6385224274406333,0.7512218292047316,0.7512218292047316,results/pending_runs/paper_backbones/RegNetY400MF/dermmnist/L70_G70/heuristic/seed_1
results/pending_runs/paper_backbones,dermmnist,L70_G70,RegNetY400MF,2,heuristic,,,50,300,0.0001,5e-06,,156,180,156,0,0.6941009292122404,0.6015831134564644,0.6015831134564644,0.7386259464413562,0.7386259464413562,results/pending_runs/paper_backbones/RegNetY400MF/dermmnist/L70_G70/heuristic/seed_2
results/pending_runs/paper_backbones,dermmnist,L30_G30,RegNetY400MF,4,hounie_rcl,,,50,300,0.0001,5e-06,,67,56,67,0,0.64316850528261,0.43448275862068964,0.43448275862068964,0.7040364084714464,0.7040364084714464,results/pending_runs/paper_backbones/RegNetY400MF/dermmnist/L30_G30/hounie_rcl/seed_4
results/pending_runs/paper_backbones,dermmnist,L30_G30,RegNetY400MF,3,hounie_rcl,,,50,300,0.0001,5e-06,,67,45,67,0,0.627227234840922,0.3931034482758621,0.3931034482758621,0.6865076806954146,0.6865076806954146,results/pending_runs/paper_backbones/RegNetY400MF/dermmnist/L30_G30/hounie_rcl/seed_3
results/pending_runs/paper_backbones,dermmnist,L30_G30,RegNetY400MF,1,hounie_rcl,,,50,300,0.0001,5e-06,,67,42,67,0,0.6099693923583306,0.4,0.4,0.7062046435661384,0.7062046435661384,results/pending_runs/paper_backbones/RegNetY400MF/dermmnist/L30_G30/hounie_rcl/seed_1
results/pending_runs/paper_backbones,dermmnist,L30_G30,RegNetY400MF,2,hounie_rcl,,,50,300,0.0001,5e-06,,67,36,67,0,0.6355844909243821,0.4413793103448276,0.4413793103448276,0.7165273188527378,0.7165273188527378,results/pending_runs/paper_backbones/RegNetY400MF/dermmnist/L30_G30/hounie_rcl/seed_2
results/pending_runs/paper_backbones,dermmnist,L30_G30,RegNetY400MF,4,tralo,,,50,300,0.0001,5e-06,True,67,66,67,0,0.6555187061354367,0.4413793103448276,0.4413793103448276,0.7098556941239751,0.7098556941239751,results/pending_runs/paper_backbones/RegNetY400MF/dermmnist/L30_G30/tralo/seed_4
results/pending_runs/paper_backbones,dermmnist,L30_G30,RegNetY400MF,3,tralo,,,50,300,0.0001,5e-06,True,67,61,67,0,0.6343121413772788,0.4,0.4,0.6892103440368781,0.6892103440368781,results/pending_runs/paper_backbones/RegNetY400MF/dermmnist/L30_G30/tralo/seed_3
results/pending_runs/paper_backbones,dermmnist,L30_G30,RegNetY400MF,1,tralo,,,50,300,0.0001,5e-06,True,67,66,67,0,0.646035314363848,0.4206896551724138,0.4206896551724138,0.712230264438862,0.712230264438862,results/pending_runs/paper_backbones/RegNetY400MF/dermmnist/L30_G30/tralo/seed_1
results/pending_runs/paper_backbones,dermmnist,L30_G30,RegNetY400MF,2,tralo,,,50,300,0.0001,5e-06,True,67,61,67,0,0.65101739923904,0.43448275862068964,0.43448275862068964,0.7202804994755008,0.7202804994755008,results/pending_runs/paper_backbones/RegNetY400MF/dermmnist/L30_G30/tralo/seed_2
results/pending_runs/paper_backbones,dermmnist,L30_G30,RegNetY400MF,4,danits_lp,,,50,300,0.0001,5e-06,,67,197,67,0,0.7015485772911337,0.43448275862068964,0.43448275862068964,0.6991251656470279,0.6991251656470279,results/pending_runs/paper_backbones/RegNetY400MF/dermmnist/L30_G30/danits_lp/seed_4
results/pending_runs/paper_backbones,dermmnist,L30_G30,RegNetY400MF,3,danits_lp,,,50,300,0.0001,5e-06,,67,174,67,0,0.6915014341813639,0.4,0.4,0.6968797427775589,0.6968797427775589,results/pending_runs/paper_backbones/RegNetY400MF/dermmnist/L30_G30/danits_lp/seed_3
results/pending_runs/paper_backbones,dermmnist,L30_G30,RegNetY400MF,1,danits_lp,,,50,300,0.0001,5e-06,,67,152,67,0,0.7057514318572579,0.42758620689655175,0.42758620689655175,0.7131164019156297,0.7131164019156297,results/pending_runs/paper_backbones/RegNetY400MF/dermmnist/L30_G30/danits_lp/seed_1
results/pending_runs/paper_backbones,dermmnist,L30_G30,RegNetY400MF,2,danits_lp,,,50,300,0.0001,5e-06,,67,180,67,0,0.6941009292122404,0.42758620689655175,0.42758620689655175,0.7022958091809205,0.7022958091809205,results/pending_runs/paper_backbones/RegNetY400MF/dermmnist/L30_G30/danits_lp/seed_2
results/pending_runs/paper_backbones,dermmnist,L30_G30,RegNetY400MF,4,fioretto_ldf,,,50,300,0.0001,5e-06,,67,60,67,0,0.6483856065840746,0.43448275862068964,0.43448275862068964,0.6927003672310619,0.6927003672310619,results/pending_runs/paper_backbones/RegNetY400MF/dermmnist/L30_G30/fioretto_ldf/seed_4
results/pending_runs/paper_backbones,dermmnist,L30_G30,RegNetY400MF,3,fioretto_ldf,,,50,300,0.0001,5e-06,,67,54,67,0,0.6357583207810183,0.3931034482758621,0.3931034482758621,0.6911034500888407,0.6911034500888407,results/pending_runs/paper_backbones/RegNetY400MF/dermmnist/L30_G30/fioretto_ldf/seed_3
results/pending_runs/paper_backbones,dermmnist,L30_G30,RegNetY400MF,1,fioretto_ldf,,,50,300,0.0001,5e-06,,67,48,67,0,0.622305080444438,0.41379310344827586,0.41379310344827586,0.7093354864132996,0.7093354864132996,results/pending_runs/paper_backbones/RegNetY400MF/dermmnist/L30_G30/fioretto_ldf/seed_1
results/pending_runs/paper_backbones,dermmnist,L30_G30,RegNetY400MF,2,fioretto_ldf,,,50,300,0.0001,5e-06,,67,57,67,0,0.6609176822559765,0.43448275862068964,0.43448275862068964,0.7257466181939377,0.7257466181939377,results/pending_runs/paper_backbones/RegNetY400MF/dermmnist/L30_G30/fioretto_ldf/seed_2
results/pending_runs/paper_backbones,dermmnist,L30_G30,RegNetY400MF,4,tralo_bounded,,,50,300,0.0001,5e-06,True,67,63,67,0,0.6521116865391969,0.43448275862068964,0.43448275862068964,0.7004767261554345,0.7004767261554345,results/pending_runs/paper_backbones/RegNetY400MF/dermmnist/L30_G30/tralo_bounded/seed_4
results/pending_runs/paper_backbones,dermmnist,L30_G30,RegNetY400MF,3,tralo_bounded,,,50,300,0.0001,5e-06,True,67,54,67,0,0.6423223945034684,0.4,0.4,0.6953626329792534,0.6953626329792534,results/pending_runs/paper_backbones/RegNetY400MF/dermmnist/L30_G30/tralo_bounded/seed_3
results/pending_runs/paper_backbones,dermmnist,L30_G30,RegNetY400MF,1,tralo_bounded,,,50,300,0.0001,5e-06,True,67,47,67,0,0.6291980255838614,0.4206896551724138,0.4206896551724138,0.7103733656567293,0.7103733656567293,results/pending_runs/paper_backbones/RegNetY400MF/dermmnist/L30_G30/tralo_bounded/seed_1
results/pending_runs/paper_backbones,dermmnist,L30_G30,RegNetY400MF,2,tralo_bounded,,,50,300,0.0001,5e-06,True,67,48,67,0,0.6541203561327424,0.43448275862068964,0.43448275862068964,0.7166679879143897,0.7166679879143897,results/pending_runs/paper_backbones/RegNetY400MF/dermmnist/L30_G30/tralo_bounded/seed_2
results/pending_runs/paper_backbones,dermmnist,L30_G30,RegNetY400MF,4,heuristic,,,50,300,0.0001,5e-06,,67,197,67,0,0.7015485772911337,0.43448275862068964,0.43448275862068964,0.6991251656470279,0.6991251656470279,results/pending_runs/paper_backbones/RegNetY400MF/dermmnist/L30_G30/heuristic/seed_4
results/pending_runs/paper_backbones,dermmnist,L30_G30,RegNetY400MF,3,heuristic,,,50,300,0.0001,5e-06,,67,174,67,0,0.6915014341813639,0.4,0.4,0.6968797427775589,0.6968797427775589,results/pending_runs/paper_backbones/RegNetY400MF/dermmnist/L30_G30/heuristic/seed_3
results/pending_runs/paper_backbones,dermmnist,L30_G30,RegNetY400MF,1,heuristic,,,50,300,0.0001,5e-06,,67,152,67,0,0.7057514318572579,0.42758620689655175,0.42758620689655175,0.7131164019156297,0.7131164019156297,results/pending_runs/paper_backbones/RegNetY400MF/dermmnist/L30_G30/heuristic/seed_1
results/pending_runs/paper_backbones,dermmnist,L30_G30,RegNetY400MF,2,heuristic,,,50,300,0.0001,5e-06,,67,180,67,0,0.6941009292122404,0.42758620689655175,0.42758620689655175,0.7022958091809205,0.7022958091809205,results/pending_runs/paper_backbones/RegNetY400MF/dermmnist/L30_G30/heuristic/seed_2
results/pending_runs/paper_backbones,dermmnist,L80_G80,RegNetY400MF,4,hounie_rcl,,,50,300,0.0001,5e-06,,178,155,178,0,0.7027846154249514,0.6483790523690773,0.6483790523690773,0.7604141216576158,0.7604141216576158,results/pending_runs/paper_backbones/RegNetY400MF/dermmnist/L80_G80/hounie_rcl/seed_4
results/pending_runs/paper_backbones,dermmnist,L80_G80,RegNetY400MF,3,hounie_rcl,,,50,300,0.0001,5e-06,,178,153,178,0,0.7016254154807884,0.6384039900249376,0.6384039900249376,0.7610162625761784,0.7610162625761784,results/pending_runs/paper_backbones/RegNetY400MF/dermmnist/L80_G80/hounie_rcl/seed_3
results/pending_runs/paper_backbones,dermmnist,L80_G80,RegNetY400MF,1,hounie_rcl,,,50,300,0.0001,5e-06,,178,161,178,0,0.7082710730489228,0.6433915211970075,0.6433915211970075,0.7502581350929239,0.7502581350929239,results/pending_runs/paper_backbones/RegNetY400MF/dermmnist/L80_G80/hounie_rcl/seed_1
results/pending_runs/paper_backbones,dermmnist,L80_G80,RegNetY400MF,2,hounie_rcl,,,50,300,0.0001,5e-06,,178,169,178,0,0.705923586291506,0.628428927680798,0.628428927680798,0.7577255746492169,0.7577255746492169,results/pending_runs/paper_backbones/RegNetY400MF/dermmnist/L80_G80/hounie_rcl/seed_2
results/pending_runs/paper_backbones,dermmnist,L80_G80,RegNetY400MF,4,tralo,,,50,300,0.0001,5e-06,True,178,177,178,0,0.702792622771496,0.6384039900249376,0.6384039900249376,0.7538574020275218,0.7507746852734611,results/pending_runs/paper_backbones/RegNetY400MF/dermmnist/L80_G80/tralo/seed_4
results/pending_runs/paper_backbones,dermmnist,L80_G80,RegNetY400MF,3,tralo,,,50,300,0.0001,5e-06,True,178,175,178,0,0.7000062539386684,0.6433915211970075,0.6433915211970075,0.7583458024357634,0.7583458024357634,results/pending_runs/paper_backbones/RegNetY400MF/dermmnist/L80_G80/tralo/seed_3
results/pending_runs/paper_backbones,dermmnist,L80_G80,RegNetY400MF,1,tralo,,,50,300,0.0001,5e-06,True,178,159,178,0,0.7045175509886507,0.6384039900249376,0.6384039900249376,0.7547005364436797,0.7547005364436797,results/pending_runs/paper_backbones/RegNetY400MF/dermmnist/L80_G80/tralo/seed_1
results/pending_runs/paper_backbones,dermmnist,L80_G80,RegNetY400MF,2,tralo,,,50,300,0.0001,5e-06,True,178,160,178,0,0.7020053455902059,0.628428927680798,0.628428927680798,0.7613264523718237,0.7613264523718237,results/pending_runs/paper_backbones/RegNetY400MF/dermmnist/L80_G80/tralo/seed_2
results/pending_runs/paper_backbones,dermmnist,L80_G80,RegNetY400MF,4,danits_lp,,,50,300,0.0001,5e-06,,178,197,178,0,0.7015485772911337,0.628428927680798,0.6234413965087282,0.7328999137619007,0.732084818900951,results/pending_runs/paper_backbones/RegNetY400MF/dermmnist/L80_G80/danits_lp/seed_4
results/pending_runs/paper_backbones,dermmnist,L80_G80,RegNetY400MF,3,danits_lp,,,50,300,0.0001,5e-06,,178,174,168,0,0.6915014341813639,0.6240409207161125,0.6533665835411472,0.7427551916384313,0.7485941221614067,results/pending_runs/paper_backbones/RegNetY400MF/dermmnist/L80_G80/danits_lp/seed_3
results/pending_runs/paper_backbones,dermmnist,L80_G80,RegNetY400MF,1,danits_lp,,,50,300,0.0001,5e-06,,178,152,152,1,0.7057514318572579,0.6346666666666667,0.6683291770573566,0.749773945559465,0.7555251729369025,results/pending_runs/paper_backbones/RegNetY400MF/dermmnist/L80_G80/danits_lp/seed_1
results/pending_runs/paper_backbones,dermmnist,L80_G80,RegNetY400MF,2,danits_lp,,,50,300,0.0001,5e-06,,178,180,170,0,0.6941009292122404,0.6208651399491094,0.6184538653366584,0.7469128355356442,0.7442660483156661,results/pending_runs/paper_backbones/RegNetY400MF/dermmnist/L80_G80/danits_lp/seed_2
results/pending_runs/paper_backbones,dermmnist,L80_G80,RegNetY400MF,4,fioretto_ldf,,,50,300,0.0001,5e-06,,178,157,178,0,0.7029858512755381,0.6483790523690773,0.6483790523690773,0.7604141216576158,0.7604141216576158,results/pending_runs/paper_backbones/RegNetY400MF/dermmnist/L80_G80/fioretto_ldf/seed_4
results/pending_runs/paper_backbones,dermmnist,L80_G80,RegNetY400MF,3,fioretto_ldf,,,50,300,0.0001,5e-06,,178,156,178,0,0.7015111233168565,0.6384039900249376,0.6384039900249376,0.7671284314819883,0.7671284314819883,results/pending_runs/paper_backbones/RegNetY400MF/dermmnist/L80_G80/fioretto_ldf/seed_3
results/pending_runs/paper_backbones,dermmnist,L80_G80,RegNetY400MF,1,fioretto_ldf,,,50,300,0.0001,5e-06,,178,162,178,0,0.7079686840722567,0.6433915211970075,0.6483790523690773,0.7499123048966202,0.750624809349773,results/pending_runs/paper_backbones/RegNetY400MF/dermmnist/L80_G80/fioretto_ldf/seed_1
results/pending_runs/paper_backbones,dermmnist,L80_G80,RegNetY400MF,2,fioretto_ldf,,,50,300,0.0001,5e-06,,178,167,178,0,0.7064346354374661,0.628428927680798,0.628428927680798,0.7571838162584947,0.7571838162584947,results/pending_runs/paper_backbones/RegNetY400MF/dermmnist/L80_G80/fioretto_ldf/seed_2
results/pending_runs/paper_backbones,dermmnist,L80_G80,RegNetY400MF,4,tralo_bounded,,,50,300,0.0001,5e-06,True,178,158,178,0,0.7033101170215788,0.6483790523690773,0.6483790523690773,0.7604141216576158,0.7604141216576158,results/pending_runs/paper_backbones/RegNetY400MF/dermmnist/L80_G80/tralo_bounded/seed_4
results/pending_runs/paper_backbones,dermmnist,L80_G80,RegNetY400MF,3,tralo_bounded,,,50,300,0.0001,5e-06,True,178,146,178,0,0.7003601448158767,0.6433915211970075,0.6433915211970075,0.7597077757059727,0.7597077757059727,results/pending_runs/paper_backbones/RegNetY400MF/dermmnist/L80_G80/tralo_bounded/seed_3
results/pending_runs/paper_backbones,dermmnist,L80_G80,RegNetY400MF,1,tralo_bounded,,,50,300,0.0001,5e-06,True,178,163,178,0,0.7080150769941331,0.6433915211970075,0.6483790523690773,0.7499123048966202,0.750624809349773,results/pending_runs/paper_backbones/RegNetY400MF/dermmnist/L80_G80/tralo_bounded/seed_1
results/pending_runs/paper_backbones,dermmnist,L80_G80,RegNetY400MF,2,tralo_bounded,,,50,300,0.0001,5e-06,True,178,167,178,0,0.7061657393928785,0.628428927680798,0.628428927680798,0.7569946413415335,0.7569946413415335,results/pending_runs/paper_backbones/RegNetY400MF/dermmnist/L80_G80/tralo_bounded/seed_2
results/pending_runs/paper_backbones,dermmnist,L80_G80,RegNetY400MF,4,heuristic,,,50,300,0.0001,5e-06,,178,197,178,0,0.7015485772911337,0.6234413965087282,0.6234413965087282,0.732084818900951,0.732084818900951,results/pending_runs/paper_backbones/RegNetY400MF/dermmnist/L80_G80/heuristic/seed_4
results/pending_runs/paper_backbones,dermmnist,L80_G80,RegNetY400MF,3,heuristic,,,50,300,0.0001,5e-06,,178,174,178,0,0.6915014341813639,0.6533665835411472,0.6533665835411472,0.7485941221614067,0.7485941221614067,results/pending_runs/paper_backbones/RegNetY400MF/dermmnist/L80_G80/heuristic/seed_3
results/pending_runs/paper_backbones,dermmnist,L80_G80,RegNetY400MF,1,heuristic,,,50,300,0.0001,5e-06,,178,152,178,0,0.7057514318572579,0.6683291770573566,0.6683291770573566,0.7555251729369025,0.7555251729369025,results/pending_runs/paper_backbones/RegNetY400MF/dermmnist/L80_G80/heuristic/seed_1
results/pending_runs/paper_backbones,dermmnist,L80_G80,RegNetY400MF,2,heuristic,,,50,300,0.0001,5e-06,,178,180,178,0,0.6941009292122404,0.6184538653366584,0.6184538653366584,0.7442660483156661,0.7442660483156661,results/pending_runs/paper_backbones/RegNetY400MF/dermmnist/L80_G80/heuristic/seed_2
results/pending_runs/paper_backbones,tissuemnist,L20_G20,RegNetY400MF,4,hounie_rcl,,,50,300,0.0001,5e-06,,34,21,34,0,0.2865682110669791,0.1951219512195122,0.1951219512195122,0.38516550676759786,0.38516550676759786,results/pending_runs/paper_backbones/RegNetY400MF/tissuemnist/L20_G20/hounie_rcl/seed_4
results/pending_runs/paper_backbones,tissuemnist,L20_G20,RegNetY400MF,3,hounie_rcl,,,50,300,0.0001,5e-06,,34,26,34,0,0.2913094040439023,0.1951219512195122,0.1951219512195122,0.39634795973103754,0.39634795973103754,results/pending_runs/paper_backbones/RegNetY400MF/tissuemnist/L20_G20/hounie_rcl/seed_3
results/pending_runs/paper_backbones,tissuemnist,L20_G20,RegNetY400MF,1,hounie_rcl,,,50,300,0.0001,5e-06,,34,28,34,0,0.3442584477133582,0.23414634146341465,0.23414634146341465,0.41940057807403885,0.41940057807403885,results/pending_runs/paper_backbones/RegNetY400MF/tissuemnist/L20_G20/hounie_rcl/seed_1
results/pending_runs/paper_backbones,tissuemnist,L20_G20,RegNetY400MF,2,hounie_rcl,,,50,300,0.0001,5e-06,,34,20,34,0,0.3021050735395781,0.22439024390243903,0.22439024390243903,0.3856837528710256,0.3856837528710256,results/pending_runs/paper_backbones/RegNetY400MF/tissuemnist/L20_G20/hounie_rcl/seed_2
results/pending_runs/paper_backbones,tissuemnist,L20_G20,RegNetY400MF,4,tralo,,,50,300,0.0001,5e-06,True,34,16,34,0,0.2749434251412276,0.17560975609756097,0.17560975609756097,0.37837639700602105,0.37837639700602105,results/pending_runs/paper_backbones/RegNetY400MF/tissuemnist/L20_G20/tralo/seed_4
results/pending_runs/paper_backbones,tissuemnist,L20_G20,RegNetY400MF,3,tralo,,,50,300,0.0001,5e-06,True,34,30,34,0,0.29826629453989706,0.1951219512195122,0.1951219512195122,0.3981631674830094,0.3981631674830094,results/pending_runs/paper_backbones/RegNetY400MF/tissuemnist/L20_G20/tralo/seed_3
results/pending_runs/paper_backbones,tissuemnist,L20_G20,RegNetY400MF,1,tralo,,,50,300,0.0001,5e-06,True,34,28,34,0,0.3455578604445769,0.2146341463414634,0.2146341463414634,0.42172196117092103,0.42172196117092103,results/pending_runs/paper_backbones/RegNetY400MF/tissuemnist/L20_G20/tralo/seed_1
results/pending_runs/paper_backbones,tissuemnist,L20_G20,RegNetY400MF,2,tralo,,,50,300,0.0001,5e-06,True,34,23,34,0,0.30267430204411444,0.1951219512195122,0.1951219512195122,0.38891503691342655,0.38891503691342655,results/pending_runs/paper_backbones/RegNetY400MF/tissuemnist/L20_G20/tralo/seed_2
results/pending_runs/paper_backbones,tissuemnist,L20_G20,RegNetY400MF,4,danits_lp,,,50,300,0.0001,5e-06,,34,163,34,0,0.31736026819496094,0.17560975609756097,0.17560975609756097,0.3148779794471015,0.3148779794471015,results/pending_runs/paper_backbones/RegNetY400MF/tissuemnist/L20_G20/danits_lp/seed_4
results/pending_runs/paper_backbones,tissuemnist,L20_G20,RegNetY400MF,3,danits_lp,,,50,300,0.0001,5e-06,,34,163,34,0,0.2744146349684011,0.15609756097560976,0.16585365853658537,0.34167790789106434,0.34305060795795295,results/pending_runs/paper_backbones/RegNetY400MF/tissuemnist/L20_G20/danits_lp/seed_3
results/pending_runs/paper_backbones,tissuemnist,L20_G20,RegNetY400MF,1,danits_lp,,,50,300,0.0001,5e-06,,34,420,34,0,0.3838373474194948,0.2048780487804878,0.2048780487804878,0.3267272460166567,0.3267272460166567,results/pending_runs/paper_backbones/RegNetY400MF/tissuemnist/L20_G20/danits_lp/seed_1
results/pending_runs/paper_backbones,tissuemnist,L20_G20,RegNetY400MF,2,danits_lp,,,50,300,0.0001,5e-06,,34,237,34,0,0.3573569425298886,0.24390243902439024,0.23414634146341465,0.3097657631097449,0.30847154283190326,results/pending_runs/paper_backbones/RegNetY400MF/tissuemnist/L20_G20/danits_lp/seed_2
results/pending_runs/paper_backbones,tissuemnist,L20_G20,RegNetY400MF,4,fioretto_ldf,,,50,300,0.0001,5e-06,,34,21,34,0,0.28771276552445674,0.1951219512195122,0.1951219512195122,0.38234885591087175,0.38234885591087175,results/pending_runs/paper_backbones/RegNetY400MF/tissuemnist/L20_G20/fioretto_ldf/seed_4
results/pending_runs/paper_backbones,tissuemnist,L20_G20,RegNetY400MF,3,fioretto_ldf,,,50,300,0.0001,5e-06,,34,28,34,0,0.2856656872539105,0.1951219512195122,0.1951219512195122,0.39979072792073533,0.39979072792073533,results/pending_runs/paper_backbones/RegNetY400MF/tissuemnist/L20_G20/fioretto_ldf/seed_3
results/pending_runs/paper_backbones,tissuemnist,L20_G20,RegNetY400MF,1,fioretto_ldf,,,50,300,0.0001,5e-06,,34,24,34,0,0.3221096452612105,0.2146341463414634,0.2146341463414634,0.40351831449993153,0.40351831449993153,results/pending_runs/paper_backbones/RegNetY400MF/tissuemnist/L20_G20/fioretto_ldf/seed_1
results/pending_runs/paper_backbones,tissuemnist,L20_G20,RegNetY400MF,2,fioretto_ldf,,,50,300,0.0001,5e-06,,34,32,34,0,0.31245737009169766,0.2146341463414634,0.2146341463414634,0.38754245836883516,0.38754245836883516,results/pending_runs/paper_backbones/RegNetY400MF/tissuemnist/L20_G20/fioretto_ldf/seed_2
results/pending_runs/paper_backbones,tissuemnist,L20_G20,RegNetY400MF,4,tralo_bounded,,,50,300,0.0001,5e-06,True,34,19,34,0,0.28824656638086216,0.18536585365853658,0.18536585365853658,0.38492019240466485,0.38492019240466485,results/pending_runs/paper_backbones/RegNetY400MF/tissuemnist/L20_G20/tralo_bounded/seed_4
results/pending_runs/paper_backbones,tissuemnist,L20_G20,RegNetY400MF,3,tralo_bounded,,,50,300,0.0001,5e-06,True,34,25,34,0,0.28473452473237165,0.18536585365853658,0.18536585365853658,0.3977647153113645,0.3977647153113645,results/pending_runs/paper_backbones/RegNetY400MF/tissuemnist/L20_G20/tralo_bounded/seed_3
results/pending_runs/paper_backbones,tissuemnist,L20_G20,RegNetY400MF,1,tralo_bounded,,,50,300,0.0001,5e-06,True,34,26,34,0,0.33711053953535963,0.1951219512195122,0.1951219512195122,0.4154576036559775,0.4154576036559775,results/pending_runs/paper_backbones/RegNetY400MF/tissuemnist/L20_G20/tralo_bounded/seed_1
results/pending_runs/paper_backbones,tissuemnist,L20_G20,RegNetY400MF,2,tralo_bounded,,,50,300,0.0001,5e-06,True,34,29,34,0,0.32440111937257293,0.22439024390243903,0.22439024390243903,0.3900095811871993,0.3900095811871993,results/pending_runs/paper_backbones/RegNetY400MF/tissuemnist/L20_G20/tralo_bounded/seed_2
results/pending_runs/paper_backbones,tissuemnist,L20_G20,RegNetY400MF,4,heuristic,,,50,300,0.0001,5e-06,,34,163,34,0,0.31736026819496094,0.17560975609756097,0.17560975609756097,0.3148779794471015,0.3148779794471015,results/pending_runs/paper_backbones/RegNetY400MF/tissuemnist/L20_G20/heuristic/seed_4
results/pending_runs/paper_backbones,tissuemnist,L20_G20,RegNetY400MF,3,heuristic,,,50,300,0.0001,5e-06,,34,163,34,0,0.2744146349684011,0.16585365853658537,0.16585365853658537,0.34305060795795295,0.34305060795795295,results/pending_runs/paper_backbones/RegNetY400MF/tissuemnist/L20_G20/heuristic/seed_3
results/pending_runs/paper_backbones,tissuemnist,L20_G20,RegNetY400MF,1,heuristic,,,50,300,0.0001,5e-06,,34,420,34,0,0.3838373474194948,0.2048780487804878,0.2048780487804878,0.3267272460166567,0.3267272460166567,results/pending_runs/paper_backbones/RegNetY400MF/tissuemnist/L20_G20/heuristic/seed_1
results/pending_runs/paper_backbones,tissuemnist,L20_G20,RegNetY400MF,2,heuristic,,,50,300,0.0001,5e-06,,34,237,34,0,0.3573569425298886,0.23414634146341465,0.23414634146341465,0.30847154283190326,0.30847154283190326,results/pending_runs/paper_backbones/RegNetY400MF/tissuemnist/L20_G20/heuristic/seed_2
results/pending_runs/paper_backbones,tissuemnist,L70_G70,RegNetY400MF,4,hounie_rcl,,,50,300,0.0001,5e-06,,120,106,120,0,0.38678758191835433,0.41924398625429554,0.41924398625429554,0.42878899183411834,0.42878899183411834,results/pending_runs/paper_backbones/RegNetY400MF/tissuemnist/L70_G70/hounie_rcl/seed_4
results/pending_runs/paper_backbones,tissuemnist,L70_G70,RegNetY400MF,3,hounie_rcl,,,50,300,0.0001,5e-06,,120,100,120,0,0.35567044090649047,0.4054982817869416,0.4054982817869416,0.43568799142265874,0.43568799142265874,results/pending_runs/paper_backbones/RegNetY400MF/tissuemnist/L70_G70/hounie_rcl/seed_3
results/pending_runs/paper_backbones,tissuemnist,L70_G70,RegNetY400MF,1,hounie_rcl,,,50,300,0.0001,5e-06,,120,103,120,0,0.3766229143696961,0.4054982817869416,0.4054982817869416,0.448695378533281,0.448695378533281,results/pending_runs/paper_backbones/RegNetY400MF/tissuemnist/L70_G70/hounie_rcl/seed_1
results/pending_runs/paper_backbones,tissuemnist,L70_G70,RegNetY400MF,2,hounie_rcl,,,50,300,0.0001,5e-06,,120,102,120,0,0.3921631514442596,0.4261168384879725,0.4261168384879725,0.42871910868962426,0.42871910868962426,results/pending_runs/paper_backbones/RegNetY400MF/tissuemnist/L70_G70/hounie_rcl/seed_2
results/pending_runs/paper_backbones,tissuemnist,L70_G70,RegNetY400MF,4,tralo,,,50,300,0.0001,5e-06,True,120,117,120,0,0.4100059018423463,0.43986254295532645,0.43986254295532645,0.4226273126184903,0.4226951158420917,results/pending_runs/paper_backbones/RegNetY400MF/tissuemnist/L70_G70/tralo/seed_4
results/pending_runs/paper_backbones,tissuemnist,L70_G70,RegNetY400MF,3,tralo,,,50,300,0.0001,5e-06,True,120,109,120,0,0.3647237415184371,0.3711340206185567,0.3711340206185567,0.4319474198609159,0.4319474198609159,results/pending_runs/paper_backbones/RegNetY400MF/tissuemnist/L70_G70/tralo/seed_3
results/pending_runs/paper_backbones,tissuemnist,L70_G70,RegNetY400MF,1,tralo,,,50,300,0.0001,5e-06,True,120,103,120,0,0.3855478320186095,0.39862542955326463,0.39862542955326463,0.4466427821658967,0.4466427821658967,results/pending_runs/paper_backbones/RegNetY400MF/tissuemnist/L70_G70/tralo/seed_1
results/pending_runs/paper_backbones,tissuemnist,L70_G70,RegNetY400MF,2,tralo,,,50,300,0.0001,5e-06,True,120,108,120,0,0.40573248648049703,0.4261168384879725,0.4261168384879725,0.4276186805243376,0.4276186805243376,results/pending_runs/paper_backbones/RegNetY400MF/tissuemnist/L70_G70/tralo/seed_2
results/pending_runs/paper_backbones,tissuemnist,L70_G70,RegNetY400MF,4,danits_lp,,,50,300,0.0001,5e-06,,120,163,120,0,0.31736026819496094,0.3711340206185567,0.3711340206185567,0.33903093524643835,0.338501374959977,results/pending_runs/paper_backbones/RegNetY400MF/tissuemnist/L70_G70/danits_lp/seed_4
results/pending_runs/paper_backbones,tissuemnist,L70_G70,RegNetY400MF,3,danits_lp,,,50,300,0.0001,5e-06,,120,163,120,0,0.2744146349684011,0.3024054982817869,0.3161512027491409,0.3583293795975543,0.3606311795777979,results/pending_runs/paper_backbones/RegNetY400MF/tissuemnist/L70_G70/danits_lp/seed_3
results/pending_runs/paper_backbones,tissuemnist,L70_G70,RegNetY400MF,1,danits_lp,,,50,300,0.0001,5e-06,,120,420,120,0,0.3838373474194948,0.3711340206185567,0.3711340206185567,0.3485604766786738,0.3487400861135357,results/pending_runs/paper_backbones/RegNetY400MF/tissuemnist/L70_G70/danits_lp/seed_1
results/pending_runs/paper_backbones,tissuemnist,L70_G70,RegNetY400MF,2,danits_lp,,,50,300,0.0001,5e-06,,120,237,120,0,0.3573569425298886,0.35051546391752575,0.35051546391752575,0.3149226484946446,0.3149226484946446,results/pending_runs/paper_backbones/RegNetY400MF/tissuemnist/L70_G70/danits_lp/seed_2
results/pending_runs/paper_backbones,tissuemnist,L70_G70,RegNetY400MF,4,fioretto_ldf,,,50,300,0.0001,5e-06,,120,117,120,0,0.39233876326526906,0.41924398625429554,0.4261168384879725,0.4232178144929285,0.4240769210221381,results/pending_runs/paper_backbones/RegNetY400MF/tissuemnist/L70_G70/fioretto_ldf/seed_4
results/pending_runs/paper_backbones,tissuemnist,L70_G70,RegNetY400MF,3,fioretto_ldf,,,50,300,0.0001,5e-06,,120,110,120,0,0.34705640457877096,0.3848797250859107,0.3848797250859107,0.43315647400181156,0.4326743677822492,results/pending_runs/paper_backbones/RegNetY400MF/tissuemnist/L70_G70/fioretto_ldf/seed_3
results/pending_runs/paper_backbones,tissuemnist,L70_G70,RegNetY400MF,1,fioretto_ldf,,,50,300,0.0001,5e-06,,120,107,120,0,0.3797953961383759,0.4054982817869416,0.4054982817869416,0.4414014297779536,0.4414014297779536,results/pending_runs/paper_backbones/RegNetY400MF/tissuemnist/L70_G70/fioretto_ldf/seed_1
results/pending_runs/paper_backbones,tissuemnist,L70_G70,RegNetY400MF,2,fioretto_ldf,,,50,300,0.0001,5e-06,,120,113,120,0,0.3969744100274801,0.41924398625429554,0.41237113402061853,0.4242427247132523,0.4229830301064087,results/pending_runs/paper_backbones/RegNetY400MF/tissuemnist/L70_G70/fioretto_ldf/seed_2
results/pending_runs/paper_backbones,tissuemnist,L70_G70,RegNetY400MF,4,tralo_bounded,,,50,300,0.0001,5e-06,True,120,115,120,0,0.39300760933357054,0.4261168384879725,0.4261168384879725,0.4231582723472226,0.42266369656534525,results/pending_runs/paper_backbones/RegNetY400MF/tissuemnist/L70_G70/tralo_bounded/seed_4
results/pending_runs/paper_backbones,tissuemnist,L70_G70,RegNetY400MF,3,tralo_bounded,,,50,300,0.0001,5e-06,True,120,107,120,0,0.3544239101319446,0.3711340206185567,0.3711340206185567,0.42982741124965185,0.42982741124965185,results/pending_runs/paper_backbones/RegNetY400MF/tissuemnist/L70_G70/tralo_bounded/seed_3
results/pending_runs/paper_backbones,tissuemnist,L70_G70,RegNetY400MF,1,tralo_bounded,,,50,300,0.0001,5e-06,True,120,109,120,0,0.3809040476619931,0.41237113402061853,0.41237113402061853,0.4443598562109695,0.4443598562109695,results/pending_runs/paper_backbones/RegNetY400MF/tissuemnist/L70_G70/tralo_bounded/seed_1
results/pending_runs/paper_backbones,tissuemnist,L70_G70,RegNetY400MF,2,tralo_bounded,,,50,300,0.0001,5e-06,True,120,114,120,0,0.4025789209051016,0.43986254295532645,0.43986254295532645,0.43114869780109666,0.4309107602858459,results/pending_runs/paper_backbones/RegNetY400MF/tissuemnist/L70_G70/tralo_bounded/seed_2
results/pending_runs/paper_backbones,tissuemnist,L70_G70,RegNetY400MF,4,heuristic,,,50,300,0.0001,5e-06,,120,163,120,0,0.31736026819496094,0.3711340206185567,0.3711340206185567,0.338501374959977,0.338501374959977,results/pending_runs/paper_backbones/RegNetY400MF/tissuemnist/L70_G70/heuristic/seed_4
results/pending_runs/paper_backbones,tissuemnist,L70_G70,RegNetY400MF,3,heuristic,,,50,300,0.0001,5e-06,,120,163,120,0,0.2744146349684011,0.3161512027491409,0.3161512027491409,0.3606311795777979,0.3606311795777979,results/pending_runs/paper_backbones/RegNetY400MF/tissuemnist/L70_G70/heuristic/seed_3
results/pending_runs/paper_backbones,tissuemnist,L70_G70,RegNetY400MF,1,heuristic,,,50,300,0.0001,5e-06,,120,420,120,0,0.3838373474194948,0.3711340206185567,0.3711340206185567,0.3487400861135357,0.3487400861135357,results/pending_runs/paper_backbones/RegNetY400MF/tissuemnist/L70_G70/heuristic/seed_1
results/pending_runs/paper_backbones,tissuemnist,L70_G70,RegNetY400MF,2,heuristic,,,50,300,0.0001,5e-06,,120,237,120,0,0.3573569425298886,0.35051546391752575,0.35051546391752575,0.3149226484946446,0.3149226484946446,results/pending_runs/paper_backbones/RegNetY400MF/tissuemnist/L70_G70/heuristic/seed_2
results/pending_runs/paper_backbones,tissuemnist,L30_G30,RegNetY400MF,4,hounie_rcl,,,50,300,0.0001,5e-06,,51,35,51,0,0.31018078626211326,0.27927927927927926,0.27927927927927926,0.4016631347263736,0.4016631347263736,results/pending_runs/paper_backbones/RegNetY400MF/tissuemnist/L30_G30/hounie_rcl/seed_4
results/pending_runs/paper_backbones,tissuemnist,L30_G30,RegNetY400MF,3,hounie_rcl,,,50,300,0.0001,5e-06,,51,45,51,0,0.31386987853407594,0.27927927927927926,0.27927927927927926,0.4148143954306124,0.4148143954306124,results/pending_runs/paper_backbones/RegNetY400MF/tissuemnist/L30_G30/hounie_rcl/seed_3
results/pending_runs/paper_backbones,tissuemnist,L30_G30,RegNetY400MF,1,hounie_rcl,,,50,300,0.0001,5e-06,,51,39,51,0,0.3471717086598837,0.27927927927927926,0.27927927927927926,0.41506166566930325,0.41506166566930325,results/pending_runs/paper_backbones/RegNetY400MF/tissuemnist/L30_G30/hounie_rcl/seed_1
results/pending_runs/paper_backbones,tissuemnist,L30_G30,RegNetY400MF,2,hounie_rcl,,,50,300,0.0001,5e-06,,51,44,51,0,0.34723035917807943,0.32432432432432434,0.32432432432432434,0.40835995897911975,0.40835995897911975,results/pending_runs/paper_backbones/RegNetY400MF/tissuemnist/L30_G30/hounie_rcl/seed_2
results/pending_runs/paper_backbones,tissuemnist,L30_G30,RegNetY400MF,4,tralo,,,50,300,0.0001,5e-06,True,51,42,51,0,0.32210995062632164,0.2702702702702703,0.2702702702702703,0.3982792664324011,0.3982792664324011,results/pending_runs/paper_backbones/RegNetY400MF/tissuemnist/L30_G30/tralo/seed_4
results/pending_runs/paper_backbones,tissuemnist,L30_G30,RegNetY400MF,3,tralo,,,50,300,0.0001,5e-06,True,51,49,51,0,0.30813277758233115,0.26126126126126126,0.26126126126126126,0.40616627827482743,0.406164378825423,results/pending_runs/paper_backbones/RegNetY400MF/tissuemnist/L30_G30/tralo/seed_3
results/pending_runs/paper_backbones,tissuemnist,L30_G30,RegNetY400MF,1,tralo,,,50,300,0.0001,5e-06,True,51,47,51,0,0.34941063348587414,0.25225225225225223,0.25225225225225223,0.4185123443886406,0.4185123443886406,results/pending_runs/paper_backbones/RegNetY400MF/tissuemnist/L30_G30/tralo/seed_1
results/pending_runs/paper_backbones,tissuemnist,L30_G30,RegNetY400MF,2,tralo,,,50,300,0.0001,5e-06,True,51,43,51,0,0.35066567467950455,0.3063063063063063,0.3063063063063063,0.41141884901065934,0.41141884901065934,results/pending_runs/paper_backbones/RegNetY400MF/tissuemnist/L30_G30/tralo/seed_2
results/pending_runs/paper_backbones,tissuemnist,L30_G30,RegNetY400MF,4,danits_lp,,,50,300,0.0001,5e-06,,51,163,51,0,0.31736026819496094,0.21621621621621623,0.21621621621621623,0.3209510226144071,0.3209510226144071,results/pending_runs/paper_backbones/RegNetY400MF/tissuemnist/L30_G30/danits_lp/seed_4
results/pending_runs/paper_backbones,tissuemnist,L30_G30,RegNetY400MF,3,danits_lp,,,50,300,0.0001,5e-06,,51,163,51,0,0.2744146349684011,0.1981981981981982,0.2072072072072072,0.346320758878482,0.34817098113611183,results/pending_runs/paper_backbones/RegNetY400MF/tissuemnist/L30_G30/danits_lp/seed_3
results/pending_runs/paper_backbones,tissuemnist,L30_G30,RegNetY400MF,1,danits_lp,,,50,300,0.0001,5e-06,,51,420,51,0,0.3838373474194948,0.24324324324324326,0.24324324324324326,0.3327915546341518,0.332607610244826,results/pending_runs/paper_backbones/RegNetY400MF/tissuemnist/L30_G30/danits_lp/seed_1
results/pending_runs/paper_backbones,tissuemnist,L30_G30,RegNetY400MF,2,danits_lp,,,50,300,0.0001,5e-06,,51,237,51,0,0.3573569425298886,0.2972972972972973,0.2972972972972973,0.3135953877886335,0.3135953877886335,results/pending_runs/paper_backbones/RegNetY400MF/tissuemnist/L30_G30/danits_lp/seed_2
results/pending_runs/paper_backbones,tissuemnist,L30_G30,RegNetY400MF,4,fioretto_ldf,,,50,300,0.0001,5e-06,,51,39,51,0,0.3241461348845807,0.27927927927927926,0.2882882882882883,0.41008128395941945,0.41144720014312924,results/pending_runs/paper_backbones/RegNetY400MF/tissuemnist/L30_G30/fioretto_ldf/seed_4
results/pending_runs/paper_backbones,tissuemnist,L30_G30,RegNetY400MF,3,fioretto_ldf,,,50,300,0.0001,5e-06,,51,44,51,0,0.3094930587471966,0.27927927927927926,0.27927927927927926,0.4103079724098446,0.4103079724098446,results/pending_runs/paper_backbones/RegNetY400MF/tissuemnist/L30_G30/fioretto_ldf/seed_3
results/pending_runs/paper_backbones,tissuemnist,L30_G30,RegNetY400MF,1,fioretto_ldf,,,50,300,0.0001,5e-06,,51,46,51,0,0.3452120461155651,0.27927927927927926,0.27927927927927926,0.4234849352533603,0.4230287308737982,results/pending_runs/paper_backbones/RegNetY400MF/tissuemnist/L30_G30/fioretto_ldf/seed_1
results/pending_runs/paper_backbones,tissuemnist,L30_G30,RegNetY400MF,2,fioretto_ldf,,,50,300,0.0001,5e-06,,51,48,51,0,0.3550989918757647,0.3063063063063063,0.3063063063063063,0.40438702992456765,0.40445029276208877,results/pending_runs/paper_backbones/RegNetY400MF/tissuemnist/L30_G30/fioretto_ldf/seed_2
results/pending_runs/paper_backbones,tissuemnist,L30_G30,RegNetY400MF,4,tralo_bounded,,,50,300,0.0001,5e-06,True,51,37,51,0,0.3226003198791184,0.27927927927927926,0.27927927927927926,0.4036465059069112,0.4036465059069112,results/pending_runs/paper_backbones/RegNetY400MF/tissuemnist/L30_G30/tralo_bounded/seed_4
results/pending_runs/paper_backbones,tissuemnist,L30_G30,RegNetY400MF,3,tralo_bounded,,,50,300,0.0001,5e-06,True,51,43,51,0,0.30904790422141376,0.27927927927927926,0.27927927927927926,0.41175328263423955,0.41175328263423955,results/pending_runs/paper_backbones/RegNetY400MF/tissuemnist/L30_G30/tralo_bounded/seed_3
results/pending_runs/paper_backbones,tissuemnist,L30_G30,RegNetY400MF,1,tralo_bounded,,,50,300,0.0001,5e-06,True,51,45,51,0,0.34336591374929015,0.2702702702702703,0.2702702702702703,0.4210104696674368,0.4210104696674368,results/pending_runs/paper_backbones/RegNetY400MF/tissuemnist/L30_G30/tralo_bounded/seed_1
results/pending_runs/paper_backbones,tissuemnist,L30_G30,RegNetY400MF,2,tralo_bounded,,,50,300,0.0001,5e-06,True,51,45,51,0,0.3526800797886509,0.3153153153153153,0.3153153153153153,0.4073585056746183,0.4073585056746183,results/pending_runs/paper_backbones/RegNetY400MF/tissuemnist/L30_G30/tralo_bounded/seed_2
results/pending_runs/paper_backbones,tissuemnist,L30_G30,RegNetY400MF,4,heuristic,,,50,300,0.0001,5e-06,,51,163,51,0,0.31736026819496094,0.21621621621621623,0.21621621621621623,0.3209510226144071,0.3209510226144071,results/pending_runs/paper_backbones/RegNetY400MF/tissuemnist/L30_G30/heuristic/seed_4
results/pending_runs/paper_backbones,tissuemnist,L30_G30,RegNetY400MF,3,heuristic,,,50,300,0.0001,5e-06,,51,163,51,0,0.2744146349684011,0.2072072072072072,0.2072072072072072,0.34817098113611183,0.34817098113611183,results/pending_runs/paper_backbones/RegNetY400MF/tissuemnist/L30_G30/heuristic/seed_3
results/pending_runs/paper_backbones,tissuemnist,L30_G30,RegNetY400MF,1,heuristic,,,50,300,0.0001,5e-06,,51,420,51,0,0.3838373474194948,0.24324324324324326,0.24324324324324326,0.332607610244826,0.332607610244826,results/pending_runs/paper_backbones/RegNetY400MF/tissuemnist/L30_G30/heuristic/seed_1
results/pending_runs/paper_backbones,tissuemnist,L30_G30,RegNetY400MF,2,heuristic,,,50,300,0.0001,5e-06,,51,237,51,0,0.3573569425298886,0.2972972972972973,0.2972972972972973,0.3135953877886335,0.3135953877886335,results/pending_runs/paper_backbones/RegNetY400MF/tissuemnist/L30_G30/heuristic/seed_2
results/pending_runs/paper_backbones,tissuemnist,L80_G80,RegNetY400MF,4,hounie_rcl,,,50,300,0.0001,5e-06,,137,119,137,0,0.3959798202858106,0.45454545454545453,0.45454545454545453,0.42508784680040934,0.42508784680040934,results/pending_runs/paper_backbones/RegNetY400MF/tissuemnist/L80_G80/hounie_rcl/seed_4
results/pending_runs/paper_backbones,tissuemnist,L80_G80,RegNetY400MF,3,hounie_rcl,,,50,300,0.0001,5e-06,,137,127,137,0,0.3509650557421609,0.38311688311688313,0.38311688311688313,0.4301384148033179,0.4301384148033179,results/pending_runs/paper_backbones/RegNetY400MF/tissuemnist/L80_G80/hounie_rcl/seed_3
results/pending_runs/paper_backbones,tissuemnist,L80_G80,RegNetY400MF,1,hounie_rcl,,,50,300,0.0001,5e-06,,137,119,137,0,0.38052122015846446,0.42857142857142855,0.42857142857142855,0.4503510270041854,0.4503510270041854,results/pending_runs/paper_backbones/RegNetY400MF/tissuemnist/L80_G80/hounie_rcl/seed_1
results/pending_runs/paper_backbones,tissuemnist,L80_G80,RegNetY400MF,2,hounie_rcl,,,50,300,0.0001,5e-06,,137,113,137,0,0.39859495411967494,0.43506493506493504,0.43506493506493504,0.42938661550599766,0.42938661550599766,results/pending_runs/paper_backbones/RegNetY400MF/tissuemnist/L80_G80/hounie_rcl/seed_2
results/pending_runs/paper_backbones,tissuemnist,L80_G80,RegNetY400MF,4,tralo,,,50,300,0.0001,5e-06,True,137,111,137,0,0.409403322903021,0.474025974025974,0.474025974025974,0.41688153904772157,0.41688153904772157,results/pending_runs/paper_backbones/RegNetY400MF/tissuemnist/L80_G80/tralo/seed_4
results/pending_runs/paper_backbones,tissuemnist,L80_G80,RegNetY400MF,3,tralo,,,50,300,0.0001,5e-06,True,137,118,137,0,0.35724893032071015,0.4090909090909091,0.4090909090909091,0.43597964768585096,0.4342904584966617,results/pending_runs/paper_backbones/RegNetY400MF/tissuemnist/L80_G80/tralo/seed_3
results/pending_runs/paper_backbones,tissuemnist,L80_G80,RegNetY400MF,1,tralo,,,50,300,0.0001,5e-06,True,137,123,137,0,0.39618775606758466,0.4090909090909091,0.4090909090909091,0.4487301539310146,0.4487301539310146,results/pending_runs/paper_backbones/RegNetY400MF/tissuemnist/L80_G80/tralo/seed_1
results/pending_runs/paper_backbones,tissuemnist,L80_G80,RegNetY400MF,2,tralo,,,50,300,0.0001,5e-06,True,137,132,137,0,0.42495374036800443,0.43506493506493504,0.43506493506493504,0.4280410616073618,0.4280410616073618,results/pending_runs/paper_backbones/RegNetY400MF/tissuemnist/L80_G80/tralo/seed_2
results/pending_runs/paper_backbones,tissuemnist,L80_G80,RegNetY400MF,4,danits_lp,,,50,300,0.0001,5e-06,,137,163,137,0,0.31736026819496094,0.38961038961038963,0.3961038961038961,0.3425502367733816,0.3434224761577339,results/pending_runs/paper_backbones/RegNetY400MF/tissuemnist/L80_G80/danits_lp/seed_4
results/pending_runs/paper_backbones,tissuemnist,L80_G80,RegNetY400MF,3,danits_lp,,,50,300,0.0001,5e-06,,137,163,137,0,0.2744146349684011,0.3181818181818182,0.3116883116883117,0.3613875807734347,0.3582868312600875,results/pending_runs/paper_backbones/RegNetY400MF/tissuemnist/L80_G80/danits_lp/seed_3
results/pending_runs/paper_backbones,tissuemnist,L80_G80,RegNetY400MF,1,danits_lp,,,50,300,0.0001,5e-06,,137,420,137,0,0.3838373474194948,0.38961038961038963,0.38961038961038963,0.3514586541299325,0.3514691509551822,results/pending_runs/paper_backbones/RegNetY400MF/tissuemnist/L80_G80/danits_lp/seed_1
results/pending_runs/paper_backbones,tissuemnist,L80_G80,RegNetY400MF,2,danits_lp,,,50,300,0.0001,5e-06,,137,237,137,0,0.3573569425298886,0.35714285714285715,0.36363636363636365,0.3162163600458274,0.3160110139682102,results/pending_runs/paper_backbones/RegNetY400MF/tissuemnist/L80_G80/danits_lp/seed_2
results/pending_runs/paper_backbones,tissuemnist,L80_G80,RegNetY400MF,4,fioretto_ldf,,,50,300,0.0001,5e-06,,137,133,137,0,0.3980761918530653,0.44805194805194803,0.44155844155844154,0.42252009129647294,0.4214601402474829,results/pending_runs/paper_backbones/RegNetY400MF/tissuemnist/L80_G80/fioretto_ldf/seed_4
results/pending_runs/paper_backbones,tissuemnist,L80_G80,RegNetY400MF,3,fioretto_ldf,,,50,300,0.0001,5e-06,,137,123,137,0,0.35157449505142413,0.38961038961038963,0.38961038961038963,0.43179781937974315,0.43179781937974315,results/pending_runs/paper_backbones/RegNetY400MF/tissuemnist/L80_G80/fioretto_ldf/seed_3
results/pending_runs/paper_backbones,tissuemnist,L80_G80,RegNetY400MF,1,fioretto_ldf,,,50,300,0.0001,5e-06,,137,129,137,0,0.3970190469196075,0.43506493506493504,0.43506493506493504,0.4532069536574318,0.45196932989505556,results/pending_runs/paper_backbones/RegNetY400MF/tissuemnist/L80_G80/fioretto_ldf/seed_1
results/pending_runs/paper_backbones,tissuemnist,L80_G80,RegNetY400MF,2,fioretto_ldf,,,50,300,0.0001,5e-06,,137,127,137,0,0.4016113082876569,0.4155844155844156,0.42207792207792205,0.42593821710022184,0.42681711927256677,results/pending_runs/paper_backbones/RegNetY400MF/tissuemnist/L80_G80/fioretto_ldf/seed_2
results/pending_runs/paper_backbones,tissuemnist,L80_G80,RegNetY400MF,4,tralo_bounded,,,50,300,0.0001,5e-06,True,137,131,137,0,0.3951556755744264,0.44805194805194803,0.44155844155844154,0.41882613846586336,0.41882085201465735,results/pending_runs/paper_backbones/RegNetY400MF/tissuemnist/L80_G80/tralo_bounded/seed_4
results/pending_runs/paper_backbones,tissuemnist,L80_G80,RegNetY400MF,3,tralo_bounded,,,50,300,0.0001,5e-06,True,137,123,137,0,0.3507099511915458,0.38311688311688313,0.38311688311688313,0.43756352323976294,0.43756352323976294,results/pending_runs/paper_backbones/RegNetY400MF/tissuemnist/L80_G80/tralo_bounded/seed_3
results/pending_runs/paper_backbones,tissuemnist,L80_G80,RegNetY400MF,1,tralo_bounded,,,50,300,0.0001,5e-06,True,137,121,137,0,0.3814352718094041,0.42207792207792205,0.42207792207792205,0.44817148036642684,0.44817148036642684,results/pending_runs/paper_backbones/RegNetY400MF/tissuemnist/L80_G80/tralo_bounded/seed_1
results/pending_runs/paper_backbones,tissuemnist,L80_G80,RegNetY400MF,2,tralo_bounded,,,50,300,0.0001,5e-06,True,137,130,137,0,0.4033984304653422,0.42857142857142855,0.44155844155844154,0.4262213505265773,0.42798907733226477,results/pending_runs/paper_backbones/RegNetY400MF/tissuemnist/L80_G80/tralo_bounded/seed_2
results/pending_runs/paper_backbones,tissuemnist,L80_G80,RegNetY400MF,4,heuristic,,,50,300,0.0001,5e-06,,137,163,137,0,0.31736026819496094,0.3961038961038961,0.3961038961038961,0.3434224761577339,0.3434224761577339,results/pending_runs/paper_backbones/RegNetY400MF/tissuemnist/L80_G80/heuristic/seed_4
results/pending_runs/paper_backbones,tissuemnist,L80_G80,RegNetY400MF,3,heuristic,,,50,300,0.0001,5e-06,,137,163,137,0,0.2744146349684011,0.3116883116883117,0.3116883116883117,0.3582868312600875,0.3582868312600875,results/pending_runs/paper_backbones/RegNetY400MF/tissuemnist/L80_G80/heuristic/seed_3
results/pending_runs/paper_backbones,tissuemnist,L80_G80,RegNetY400MF,1,heuristic,,,50,300,0.0001,5e-06,,137,420,137,0,0.3838373474194948,0.38961038961038963,0.38961038961038963,0.3514691509551822,0.3514691509551822,results/pending_runs/paper_backbones/RegNetY400MF/tissuemnist/L80_G80/heuristic/seed_1
results/pending_runs/paper_backbones,tissuemnist,L80_G80,RegNetY400MF,2,heuristic,,,50,300,0.0001,5e-06,,137,237,137,0,0.3573569425298886,0.36363636363636365,0.36363636363636365,0.3160110139682102,0.3160110139682102,results/pending_runs/paper_backbones/RegNetY400MF/tissuemnist/L80_G80/heuristic/seed_2
