path,dataset,cap,model,seed,method,warmup,K,cls,count_raw,AP,precAtK,recAtK,n_uniq_score,frac_score_below_1e6,max_score,sat_epoch_raw,restored_from_raw,restore_kind,min_excess_raw,min_total_excess,last_c,eval_c,n_active_total,n_sat_total,dose_active,dose_sat,dose_frac,n_transitions,first_sat_c,peak_lambda,restored,unspent,is_tralo,traj_min_over_K,traj_max_over_K,traj_range_K,cum_excess_K,campaign,lr_c,AP_ce,precAtK_ce,dAP,dPrecK,over_unspent,abs_unspent
results/headroom/headroom_b30/lane0/MobileNetV3/dermmnist/L30_G30/fioretto_ldf/seed_1,dermmnist,L30_G30,MobileNetV3,1,fioretto_ldf,1,67,4,147,0.5432105794103793,0.6865671641791045,0.2062780269058296,2002,0.000998502246630055,0.9070213,,1.0,min_excess,1.0,160.0,29,1,29,0,1,0,1.0,0,,19.063297,1,-1.1940298507462686,0,,3.388059701492537,0.0,2.388059701492537,b30_lrc5e-06,5e-06,0.6994360828307511,0.8837953091684434,-0.15622550342037178,-0.19722814498933894,0.0,1.1940298507462686
results/headroom/headroom_b30/lane0/MobileNetV3/dermmnist/L30_G30/fioretto_ldf/seed_2,dermmnist,L30_G30,MobileNetV3,2,fioretto_ldf,1,67,4,142,0.5517097200216945,0.7313432835820896,0.21973094170403587,2002,0.00199700449326011,0.9247387,,3.0,min_excess,3.0,150.0,29,3,29,0,3,0,1.0,0,,19.795826,1,-1.1194029850746268,0,,4.044776119402985,0.8059701492537313,7.791044776119403,b30_lrc5e-06,5e-06,0.6850627078056499,0.818230277185501,-0.13335298778395543,-0.08688699360341146,0.0,1.1194029850746268
results/headroom/headroom_b30/lane0/MobileNetV3/dermmnist/L30_G30/fioretto_ldf/seed_3,dermmnist,L30_G30,MobileNetV3,3,fioretto_ldf,1,67,4,126,0.5163201087274673,0.7313432835820896,0.21973094170403587,2002,0.0,0.9178479,,1.0,min_excess,1.0,118.0,29,1,29,0,1,0,1.0,0,,20.088342,1,-0.8805970149253731,0,,2.7611940298507465,0.0,1.7611940298507462,b30_lrc5e-06,5e-06,0.7056520413443165,0.8852611940298507,-0.18933193261684922,-0.15391791044776115,0.0,0.8805970149253731
results/headroom/headroom_b30/lane0/MobileNetV3/dermmnist/L30_G30/fioretto_ldf/seed_4,dermmnist,L30_G30,MobileNetV3,4,fioretto_ldf,1,67,4,146,0.5613145102806214,0.7910447761194029,0.23766816143497757,2002,0.00199700449326011,0.91522837,,5.0,min_excess,5.0,158.0,29,5,29,0,5,0,1.0,0,,20.273575,1,-1.1791044776119404,0,,3.955223880597015,0.5970149253731343,13.492537313432836,b30_lrc5e-06,5e-06,0.679767880298651,0.8600079957356077,-0.11845337001802958,-0.06896321961620477,0.0,1.1791044776119404
results/headroom/headroom_b30/lane0/MobileNetV3/dermmnist/L30_G30/hounie_rcl/seed_1,dermmnist,L30_G30,MobileNetV3,1,hounie_rcl,1,67,4,147,0.5432105794103793,0.6865671641791045,0.2062780269058296,2002,0.000998502246630055,0.9070213,,1.0,min_excess,1.0,160.0,29,1,29,0,1,0,1.0,0,,0.019166,1,-1.1940298507462686,0,,3.388059701492537,0.0,2.388059701492537,b30_lrc5e-06,5e-06,0.6994360828307511,0.8837953091684434,-0.15622550342037178,-0.19722814498933894,0.0,1.1940298507462686
results/headroom/headroom_b30/lane0/MobileNetV3/dermmnist/L30_G30/hounie_rcl/seed_2,dermmnist,L30_G30,MobileNetV3,2,hounie_rcl,1,67,4,142,0.5517546384191296,0.7313432835820896,0.21973094170403587,2002,0.00199700449326011,0.9247766,,3.0,min_excess,3.0,150.0,29,3,29,0,3,0,1.0,0,,0.019818,1,-1.1194029850746268,0,,4.044776119402985,0.8059701492537313,7.791044776119403,b30_lrc5e-06,5e-06,0.6850627078056499,0.818230277185501,-0.1333080693865203,-0.08688699360341146,0.0,1.1194029850746268
results/headroom/headroom_b30/lane0/MobileNetV3/dermmnist/L30_G30/hounie_rcl/seed_3,dermmnist,L30_G30,MobileNetV3,3,hounie_rcl,1,67,4,126,0.5163201087274673,0.7313432835820896,0.21973094170403587,2002,0.0,0.9178479,,1.0,min_excess,1.0,118.0,29,1,29,0,1,0,1.0,0,,0.020116,1,-0.8805970149253731,0,,2.7611940298507465,0.0,1.7611940298507462,b30_lrc5e-06,5e-06,0.7056520413443165,0.8852611940298507,-0.18933193261684922,-0.15391791044776115,0.0,0.8805970149253731
results/headroom/headroom_b30/lane0/MobileNetV3/dermmnist/L30_G30/hounie_rcl/seed_4,dermmnist,L30_G30,MobileNetV3,4,hounie_rcl,1,67,4,145,0.5611486805907218,0.7910447761194029,0.23766816143497757,2001,0.00199700449326011,0.9147576,,5.0,min_excess,5.0,156.0,29,5,29,0,5,0,1.0,0,,0.020369,1,-1.164179104477612,0,,3.955223880597015,0.6268656716417911,13.343283582089553,b30_lrc5e-06,5e-06,0.679767880298651,0.8600079957356077,-0.11861919970792922,-0.06896321961620477,0.0,1.164179104477612
results/headroom/headroom_b30/lane0/MobileNetV3/dermmnist/L30_G30/tralo/seed_1,dermmnist,L30_G30,MobileNetV3,1,tralo,1,67,4,143,0.5796024181896113,0.8059701492537313,0.242152466367713,2000,0.0029955067398901645,0.9578103,,7.0,min_excess,7.0,152.0,29,6,29,0,6,0,1.0,0,,0.11,1,-1.1343283582089552,1,2.1940298507462686,2.3134328358208953,0.11940298507462686,2.5074626865671643,b30_lrc5e-06,5e-06,0.6994360828307511,0.8837953091684434,-0.11983366464113976,-0.07782515991471206,0.0,1.1343283582089552
results/headroom/headroom_b30/lane0/MobileNetV3/dermmnist/L30_G30/tralo/seed_2,dermmnist,L30_G30,MobileNetV3,2,tralo,1,67,4,138,0.5523733111020024,0.7313432835820896,0.21973094170403587,2002,0.0024962556165751375,0.9244016,,4.0,min_excess,4.0,142.0,29,3,29,0,3,0,1.0,0,,0.11,1,-1.0597014925373134,1,2.253731343283582,2.253731343283582,0.0,1.2537313432835822,b30_lrc5e-06,5e-06,0.6850627078056499,0.818230277185501,-0.13268939670364754,-0.08688699360341146,0.0,1.0597014925373134
results/headroom/headroom_b30/lane0/MobileNetV3/dermmnist/L30_G30/tralo/seed_3,dermmnist,L30_G30,MobileNetV3,3,tralo,1,67,4,126,0.5163201087274673,0.7313432835820896,0.21973094170403587,2002,0.0,0.9178479,,2.0,min_excess,2.0,118.0,29,1,29,0,1,0,1.0,0,,0.11,1,-0.8805970149253731,1,1.8805970149253732,1.8805970149253732,0.0,0.8805970149253731,b30_lrc5e-06,5e-06,0.7056520413443165,0.8852611940298507,-0.18933193261684922,-0.15391791044776115,0.0,0.8805970149253731
results/headroom/headroom_b30/lane0/MobileNetV3/dermmnist/L30_G30/tralo/seed_4,dermmnist,L30_G30,MobileNetV3,4,tralo,1,67,4,140,0.5607380501310859,0.8059701492537313,0.242152466367713,2001,0.00199700449326011,0.91312516,,6.0,min_excess,6.0,146.0,29,5,29,0,5,0,1.0,0,,0.11,1,-1.0895522388059702,1,2.253731343283582,2.373134328358209,0.11940298507462686,2.626865671641791,b30_lrc5e-06,5e-06,0.679767880298651,0.8600079957356077,-0.11902983016756508,-0.05403784648187637,0.0,1.0895522388059702
results/headroom/headroom_b30/lane0/MobileNetV3/octmnist/L30_G30/fioretto_ldf/seed_1,octmnist,L30_G30,MobileNetV3,1,fioretto_ldf,1,75,2,163,0.776908110856301,0.96,0.288,982,0.013,0.99998283,,28.0,min_excess,28.0,175.0,29,28,29,0,28,0,1.0,0,,16.293639,1,-1.1733333333333333,0,,4.213333333333333,0.88,74.53333333333333,b30_lrc5e-06,5e-06,0.7580042313731934,0.88,0.018903879483107566,0.07999999999999996,0.0,1.1733333333333333
results/headroom/headroom_b30/lane0/MobileNetV3/octmnist/L30_G30/fioretto_ldf/seed_2,octmnist,L30_G30,MobileNetV3,2,fioretto_ldf,1,75,2,154,0.8079728106236416,0.96,0.288,981,0.0,0.9772643,,8.0,min_excess,8.0,157.0,29,8,29,0,8,0,1.0,0,,15.423522,1,-1.0533333333333332,0,,3.7866666666666666,0.6933333333333334,20.213333333333335,b30_lrc5e-06,5e-06,0.8108231951833579,0.9199999999999999,-0.0028503845597163124,0.040000000000000036,0.0,1.0533333333333332
results/headroom/headroom_b30/lane0/MobileNetV3/octmnist/L30_G30/fioretto_ldf/seed_3,octmnist,L30_G30,MobileNetV3,3,fioretto_ldf,1,75,2,128,0.5573885508163413,0.6666666666666666,0.2,983,0.0,0.85383695,,1.0,min_excess,1.0,105.0,29,1,29,0,1,0,1.0,0,,16.423434,1,-0.7066666666666667,0,,2.4,0.0,1.4,b30_lrc5e-06,5e-06,0.8262172810605988,0.9293333333333333,-0.26882873024425746,-0.2626666666666667,0.0,0.7066666666666667
results/headroom/headroom_b30/lane0/MobileNetV3/octmnist/L30_G30/fioretto_ldf/seed_4,octmnist,L30_G30,MobileNetV3,4,fioretto_ldf,1,75,2,144,0.43410640570626075,0.5333333333333333,0.16,985,0.0,0.8481337,,1.0,min_excess,1.0,137.0,29,1,29,0,1,0,1.0,0,,16.03065,1,-0.92,0,,2.8266666666666667,0.0,1.8266666666666667,b30_lrc5e-06,5e-06,0.72638479977456,0.8280000000000001,-0.2922783940682993,-0.29466666666666674,0.0,0.92
results/headroom/headroom_b30/lane0/MobileNetV3/octmnist/L30_G30/hounie_rcl/seed_1,octmnist,L30_G30,MobileNetV3,1,hounie_rcl,1,75,2,162,0.7746305718941882,0.96,0.288,980,0.013,0.99997973,,28.0,min_excess,28.0,173.0,29,28,29,0,28,0,1.0,0,,0.032396,1,-1.16,0,,4.1866666666666665,0.88,74.53333333333333,b30_lrc5e-06,5e-06,0.7580042313731934,0.88,0.016626340520994765,0.07999999999999996,0.0,1.16
results/headroom/headroom_b30/lane0/MobileNetV3/octmnist/L30_G30/hounie_rcl/seed_2,octmnist,L30_G30,MobileNetV3,2,hounie_rcl,1,75,2,153,0.8098639554244973,0.96,0.288,981,0.0,0.9774311,,8.0,min_excess,8.0,155.0,29,8,29,0,8,0,1.0,0,,0.030585,1,-1.04,0,,3.7866666666666666,0.72,20.133333333333333,b30_lrc5e-06,5e-06,0.8108231951833579,0.9199999999999999,-0.0009592397588605861,0.040000000000000036,0.0,1.04
results/headroom/headroom_b30/lane0/MobileNetV3/octmnist/L30_G30/hounie_rcl/seed_3,octmnist,L30_G30,MobileNetV3,3,hounie_rcl,1,75,2,128,0.5573885508163413,0.6666666666666666,0.2,983,0.0,0.85383695,,1.0,min_excess,1.0,105.0,29,1,29,0,1,0,1.0,0,,0.032582,1,-0.7066666666666667,0,,2.4,0.0,1.4,b30_lrc5e-06,5e-06,0.8262172810605988,0.9293333333333333,-0.26882873024425746,-0.2626666666666667,0.0,0.7066666666666667
results/headroom/headroom_b30/lane0/MobileNetV3/octmnist/L30_G30/hounie_rcl/seed_4,octmnist,L30_G30,MobileNetV3,4,hounie_rcl,1,75,2,144,0.43410640570626075,0.5333333333333333,0.16,985,0.0,0.8481337,,1.0,min_excess,1.0,137.0,29,1,29,0,1,0,1.0,0,,0.031821,1,-0.92,0,,2.8266666666666667,0.0,1.8266666666666667,b30_lrc5e-06,5e-06,0.72638479977456,0.8280000000000001,-0.2922783940682993,-0.29466666666666674,0.0,0.92
results/headroom/headroom_b30/lane0/MobileNetV3/octmnist/L30_G30/tralo/seed_1,octmnist,L30_G30,MobileNetV3,1,tralo,1,75,2,164,0.7928169505600959,0.96,0.288,984,0.0,0.99607795,,13.0,min_excess,13.0,177.0,29,12,29,0,12,0,1.0,0,,0.11,1,-1.1866666666666668,1,2.2266666666666666,2.453333333333333,0.22666666666666666,3.92,b30_lrc5e-06,5e-06,0.7580042313731934,0.88,0.03481271918690254,0.07999999999999996,0.0,1.1866666666666668
results/headroom/headroom_b30/lane0/MobileNetV3/octmnist/L30_G30/tralo/seed_2,octmnist,L30_G30,MobileNetV3,2,tralo,1,75,2,150,0.8082468508908333,0.96,0.288,982,0.0,0.9769533,,9.0,min_excess,9.0,149.0,29,8,29,0,8,0,1.0,0,,0.11,1,-1.0,1,2.2266666666666666,2.4,0.17333333333333334,2.6266666666666665,b30_lrc5e-06,5e-06,0.8108231951833579,0.9199999999999999,-0.002576344292524624,0.040000000000000036,0.0,1.0
results/headroom/headroom_b30/lane0/MobileNetV3/octmnist/L30_G30/tralo/seed_3,octmnist,L30_G30,MobileNetV3,3,tralo,1,75,2,128,0.5573885508163413,0.6666666666666666,0.2,983,0.0,0.85383695,,2.0,min_excess,2.0,105.0,29,1,29,0,1,0,1.0,0,,0.11,1,-0.7066666666666667,1,1.7066666666666668,1.7066666666666668,0.0,0.7066666666666667,b30_lrc5e-06,5e-06,0.8262172810605988,0.9293333333333333,-0.26882873024425746,-0.2626666666666667,0.0,0.7066666666666667
results/headroom/headroom_b30/lane0/MobileNetV3/octmnist/L30_G30/tralo/seed_4,octmnist,L30_G30,MobileNetV3,4,tralo,1,75,2,144,0.43410640570626075,0.5333333333333333,0.16,985,0.0,0.8481337,,2.0,min_excess,2.0,137.0,29,1,29,0,1,0,1.0,0,,0.11,1,-0.92,1,1.92,1.92,0.0,0.92,b30_lrc5e-06,5e-06,0.72638479977456,0.8280000000000001,-0.2922783940682993,-0.29466666666666674,0.0,0.92
results/headroom/headroom_b30/lane0/MobileNetV3/tissuemnist/L30_G30/fioretto_ldf/seed_1,tissuemnist,L30_G30,MobileNetV3,1,fioretto_ldf,1,51,4,47,0.3189120253961178,0.47058823529411764,0.14035087719298245,2400,0.0,0.28809506,2.0,2.0,fully_satisfied,2.0,0.0,29,2,28,1,1,1,0.5,2,2.0,16.964057,1,0.0784313725490196,0,,1.2745098039215685,0.27450980392156865,0.27450980392156865,b30_lrc5e-06,5e-06,0.39853999493550796,0.5557455540355678,-0.07962796953939016,-0.08515731874145016,0.0784313725490196,0.0784313725490196
results/headroom/headroom_b30/lane0/MobileNetV3/tissuemnist/L30_G30/fioretto_ldf/seed_2,tissuemnist,L30_G30,MobileNetV3,2,fioretto_ldf,1,51,4,137,0.3866093652910375,0.5686274509803921,0.1695906432748538,2400,0.0004166666666666667,0.6431206,,5.0,min_excess,5.0,172.0,29,5,29,0,5,0,1.0,0,,18.988213,1,-1.6862745098039216,0,,8.882352941176471,4.509803921568627,22.470588235294116,b30_lrc5e-06,5e-06,0.38482688231431644,0.6065891472868217,0.001782482976721067,-0.03796169630642954,0.0,1.6862745098039216
results/headroom/headroom_b30/lane0/MobileNetV3/tissuemnist/L30_G30/fioretto_ldf/seed_3,tissuemnist,L30_G30,MobileNetV3,3,fioretto_ldf,1,51,4,70,0.3557233348511057,0.5098039215686274,0.15204678362573099,2400,0.0,0.434227,,1.0,min_excess,1.0,38.0,29,1,29,0,1,0,1.0,0,,16.039544,1,-0.37254901960784315,0,,1.7450980392156863,0.0,0.7450980392156863,b30_lrc5e-06,5e-06,0.411828463207173,0.5691974464204286,-0.05610512835606729,-0.05939352485180116,0.0,0.37254901960784315
results/headroom/headroom_b30/lane0/MobileNetV3/tissuemnist/L30_G30/fioretto_ldf/seed_4,tissuemnist,L30_G30,MobileNetV3,4,fioretto_ldf,1,51,4,72,0.34822169970324196,0.5294117647058824,0.15789473684210525,2400,0.0,0.34939274,,1.0,min_excess,1.0,42.0,29,1,29,0,1,0,1.0,0,,15.797173,1,-0.4117647058823529,0,,1.8235294117647058,0.0,0.8235294117647058,b30_lrc5e-06,5e-06,0.38274006452985887,0.4990880072959416,-0.03451836482661691,0.030323757409940755,0.0,0.4117647058823529
results/headroom/headroom_b30/lane0/MobileNetV3/tissuemnist/L30_G30/hounie_rcl/seed_1,tissuemnist,L30_G30,MobileNetV3,1,hounie_rcl,1,51,4,47,0.3189120253961178,0.47058823529411764,0.14035087719298245,2400,0.0,0.28809506,2.0,2.0,fully_satisfied,2.0,0.0,29,2,28,1,1,1,0.5,2,2.0,0.014171,1,0.0784313725490196,0,,1.2745098039215685,0.27450980392156865,0.27450980392156865,b30_lrc5e-06,5e-06,0.39853999493550796,0.5557455540355678,-0.07962796953939016,-0.08515731874145016,0.0784313725490196,0.0784313725490196
results/headroom/headroom_b30/lane0/MobileNetV3/tissuemnist/L30_G30/hounie_rcl/seed_2,tissuemnist,L30_G30,MobileNetV3,2,hounie_rcl,1,51,4,132,0.3871030355733324,0.5686274509803921,0.1695906432748538,2398,0.0004166666666666667,0.6453735,,5.0,min_excess,5.0,162.0,29,5,29,0,5,0,1.0,0,,0.015907,1,-1.588235294117647,0,,8.882352941176471,4.705882352941177,22.274509803921568,b30_lrc5e-06,5e-06,0.38482688231431644,0.6065891472868217,0.0022761532590159783,-0.03796169630642954,0.0,1.588235294117647
results/headroom/headroom_b30/lane0/MobileNetV3/tissuemnist/L30_G30/hounie_rcl/seed_3,tissuemnist,L30_G30,MobileNetV3,3,hounie_rcl,1,51,4,70,0.3557233348511057,0.5098039215686274,0.15204678362573099,2400,0.0,0.434227,,1.0,min_excess,1.0,38.0,29,1,29,0,1,0,1.0,0,,0.013341,1,-0.37254901960784315,0,,1.7450980392156863,0.0,0.7450980392156863,b30_lrc5e-06,5e-06,0.411828463207173,0.5691974464204286,-0.05610512835606729,-0.05939352485180116,0.0,0.37254901960784315
results/headroom/headroom_b30/lane0/MobileNetV3/tissuemnist/L30_G30/hounie_rcl/seed_4,tissuemnist,L30_G30,MobileNetV3,4,hounie_rcl,1,51,4,72,0.34822169970324196,0.5294117647058824,0.15789473684210525,2400,0.0,0.34939274,,1.0,min_excess,1.0,42.0,29,1,29,0,1,0,1.0,0,,0.013229,1,-0.4117647058823529,0,,1.8235294117647058,0.0,0.8235294117647058,b30_lrc5e-06,5e-06,0.38274006452985887,0.4990880072959416,-0.03451836482661691,0.030323757409940755,0.0,0.4117647058823529
results/headroom/headroom_b30/lane0/MobileNetV3/tissuemnist/L30_G30/tralo/seed_1,tissuemnist,L30_G30,MobileNetV3,1,tralo,1,51,4,48,0.318247173242237,0.47058823529411764,0.14035087719298245,2400,0.0,0.2895816,3.0,3.0,fully_satisfied,3.0,0.0,29,2,28,1,1,1,0.5,2,2.0,0.05,1,0.058823529411764705,1,0.9411764705882353,1.1372549019607843,0.19607843137254902,0.13725490196078433,b30_lrc5e-06,5e-06,0.39853999493550796,0.5557455540355678,-0.08029282169327095,-0.08515731874145016,0.058823529411764705,0.058823529411764705
results/headroom/headroom_b30/lane0/MobileNetV3/tissuemnist/L30_G30/tralo/seed_2,tissuemnist,L30_G30,MobileNetV3,2,tralo,1,51,4,128,0.3873817094017096,0.5686274509803921,0.1695906432748538,2400,0.0004166666666666667,0.6467408,,6.0,min_excess,6.0,154.0,29,5,29,0,5,0,1.0,0,,0.11,1,-1.5098039215686274,1,2.7450980392156863,4.9411764705882355,2.196078431372549,5.686274509803922,b30_lrc5e-06,5e-06,0.38482688231431644,0.6065891472868217,0.00255482708739313,-0.03796169630642954,0.0,1.5098039215686274
results/headroom/headroom_b30/lane0/MobileNetV3/tissuemnist/L30_G30/tralo/seed_3,tissuemnist,L30_G30,MobileNetV3,3,tralo,1,51,4,70,0.3557233348511057,0.5098039215686274,0.15204678362573099,2400,0.0,0.434227,,2.0,min_excess,2.0,38.0,29,1,29,0,1,0,1.0,0,,0.11,1,-0.37254901960784315,1,1.3725490196078431,1.3725490196078431,0.0,0.37254901960784315,b30_lrc5e-06,5e-06,0.411828463207173,0.5691974464204286,-0.05610512835606729,-0.05939352485180116,0.0,0.37254901960784315
results/headroom/headroom_b30/lane0/MobileNetV3/tissuemnist/L30_G30/tralo/seed_4,tissuemnist,L30_G30,MobileNetV3,4,tralo,1,51,4,72,0.34822169970324196,0.5294117647058824,0.15789473684210525,2400,0.0,0.34939274,,2.0,min_excess,2.0,42.0,29,1,29,0,1,0,1.0,0,,0.11,1,-0.4117647058823529,1,1.411764705882353,1.411764705882353,0.0,0.4117647058823529,b30_lrc5e-06,5e-06,0.38274006452985887,0.4990880072959416,-0.03451836482661691,0.030323757409940755,0.0,0.4117647058823529
results/headroom/headroom_b30/lane1/MobileNetV3/dermmnist/L50_G50/fioretto_ldf/seed_1,dermmnist,L50_G50,MobileNetV3,1,fioretto_ldf,1,112,4,147,0.5432105794103793,0.6517857142857143,0.3273542600896861,2002,0.000998502246630055,0.9070213,,1.0,min_excess,1.0,72.0,29,1,29,0,1,0,1.0,0,,12.520529,1,-0.3125,0,,1.6428571428571428,0.0,0.6428571428571429,b30_lrc5e-06,5e-06,0.6994360828307511,0.8837953091684434,-0.15622550342037178,-0.2320095948827291,0.0,0.3125
results/headroom/headroom_b30/lane1/MobileNetV3/dermmnist/L50_G50/fioretto_ldf/seed_2,dermmnist,L50_G50,MobileNetV3,2,fioretto_ldf,1,112,4,142,0.5517097200216945,0.6607142857142857,0.33183856502242154,2002,0.00199700449326011,0.9247387,,3.0,min_excess,3.0,61.0,29,3,29,0,3,0,1.0,0,,13.240553,1,-0.26785714285714285,0,,2.0267857142857144,0.48214285714285715,2.294642857142857,b30_lrc5e-06,5e-06,0.6850627078056499,0.818230277185501,-0.13335298778395543,-0.1575159914712153,0.0,0.26785714285714285
results/headroom/headroom_b30/lane1/MobileNetV3/dermmnist/L50_G50/fioretto_ldf/seed_3,dermmnist,L50_G50,MobileNetV3,3,fioretto_ldf,1,112,4,126,0.5163201087274673,0.6160714285714286,0.3094170403587444,2002,0.0,0.9178479,,1.0,min_excess,1.0,33.0,29,1,29,0,1,0,1.0,0,,13.523868,1,-0.125,0,,1.2946428571428572,0.0,0.29464285714285715,b30_lrc5e-06,5e-06,0.7056520413443165,0.8852611940298507,-0.18933193261684922,-0.2691897654584221,0.0,0.125
results/headroom/headroom_b30/lane1/MobileNetV3/dermmnist/L50_G50/fioretto_ldf/seed_4,dermmnist,L50_G50,MobileNetV3,4,fioretto_ldf,1,112,4,146,0.5613145102806214,0.7053571428571429,0.3542600896860987,2002,0.00199700449326011,0.91522837,,5.0,min_excess,5.0,70.0,29,5,29,0,5,0,1.0,0,,13.713331,1,-0.30357142857142855,0,,1.9732142857142858,0.3482142857142857,4.116071428571429,b30_lrc5e-06,5e-06,0.679767880298651,0.8600079957356077,-0.11845337001802958,-0.1546508528784648,0.0,0.30357142857142855
results/headroom/headroom_b30/lane1/MobileNetV3/dermmnist/L50_G50/hounie_rcl/seed_1,dermmnist,L50_G50,MobileNetV3,1,hounie_rcl,1,112,4,147,0.5432105794103793,0.6517857142857143,0.3273542600896861,2002,0.000998502246630055,0.9070213,,1.0,min_excess,1.0,72.0,29,1,29,0,1,0,1.0,0,,0.012744,1,-0.3125,0,,1.6428571428571428,0.0,0.6428571428571429,b30_lrc5e-06,5e-06,0.6994360828307511,0.8837953091684434,-0.15622550342037178,-0.2320095948827291,0.0,0.3125
results/headroom/headroom_b30/lane1/MobileNetV3/dermmnist/L50_G50/hounie_rcl/seed_2,dermmnist,L50_G50,MobileNetV3,2,hounie_rcl,1,112,4,142,0.5516735419208363,0.6607142857142857,0.33183856502242154,2002,0.00199700449326011,0.9247541,,3.0,min_excess,3.0,61.0,29,3,29,0,3,0,1.0,0,,0.013395,1,-0.26785714285714285,0,,2.0267857142857144,0.48214285714285715,2.294642857142857,b30_lrc5e-06,5e-06,0.6850627078056499,0.818230277185501,-0.13338916588481364,-0.1575159914712153,0.0,0.26785714285714285
results/headroom/headroom_b30/lane1/MobileNetV3/dermmnist/L50_G50/hounie_rcl/seed_3,dermmnist,L50_G50,MobileNetV3,3,hounie_rcl,1,112,4,126,0.5163201087274673,0.6160714285714286,0.3094170403587444,2002,0.0,0.9178479,,1.0,min_excess,1.0,33.0,29,1,29,0,1,0,1.0,0,,0.01371,1,-0.125,0,,1.2946428571428572,0.0,0.29464285714285715,b30_lrc5e-06,5e-06,0.7056520413443165,0.8852611940298507,-0.18933193261684922,-0.2691897654584221,0.0,0.125
results/headroom/headroom_b30/lane1/MobileNetV3/dermmnist/L50_G50/hounie_rcl/seed_4,dermmnist,L50_G50,MobileNetV3,4,hounie_rcl,1,112,4,146,0.5608211311755842,0.6964285714285714,0.34977578475336324,2002,0.00199700449326011,0.9153777,,5.0,min_excess,5.0,70.0,29,5,29,0,5,0,1.0,0,,0.013936,1,-0.30357142857142855,0,,1.9732142857142858,0.3482142857142857,4.0625,b30_lrc5e-06,5e-06,0.679767880298651,0.8600079957356077,-0.1189467491230668,-0.16357942430703631,0.0,0.30357142857142855
results/headroom/headroom_b30/lane1/MobileNetV3/dermmnist/L50_G50/tralo/seed_1,dermmnist,L50_G50,MobileNetV3,1,tralo,1,112,4,143,0.5788164986398014,0.6875,0.3452914798206278,2001,0.0029955067398901645,0.9578354,,7.0,min_excess,7.0,63.0,29,6,29,0,6,0,1.0,0,,0.11,1,-0.2767857142857143,1,1.3125,1.3839285714285714,0.07142857142857142,0.6964285714285714,b30_lrc5e-06,5e-06,0.6994360828307511,0.8837953091684434,-0.12061958419094965,-0.1962953091684434,0.0,0.2767857142857143
results/headroom/headroom_b30/lane1/MobileNetV3/dermmnist/L50_G50/tralo/seed_2,dermmnist,L50_G50,MobileNetV3,2,tralo,1,112,4,138,0.5520523186718963,0.6607142857142857,0.33183856502242154,2001,0.0024962556165751375,0.924474,,4.0,min_excess,4.0,53.0,29,3,29,0,3,0,1.0,0,,0.11,1,-0.23214285714285715,1,1.3482142857142858,1.3482142857142858,0.0,0.3482142857142857,b30_lrc5e-06,5e-06,0.6850627078056499,0.818230277185501,-0.13301038913375363,-0.1575159914712153,0.0,0.23214285714285715
results/headroom/headroom_b30/lane1/MobileNetV3/dermmnist/L50_G50/tralo/seed_3,dermmnist,L50_G50,MobileNetV3,3,tralo,1,112,4,126,0.5163201087274673,0.6160714285714286,0.3094170403587444,2002,0.0,0.9178479,,2.0,min_excess,2.0,33.0,29,1,29,0,1,0,1.0,0,,0.11,1,-0.125,1,1.125,1.125,0.0,0.125,b30_lrc5e-06,5e-06,0.7056520413443165,0.8852611940298507,-0.18933193261684922,-0.2691897654584221,0.0,0.125
results/headroom/headroom_b30/lane1/MobileNetV3/dermmnist/L50_G50/tralo/seed_4,dermmnist,L50_G50,MobileNetV3,4,tralo,1,112,4,138,0.5609166120489655,0.7053571428571429,0.3542600896860987,2002,0.00199700449326011,0.9133616,,6.0,min_excess,6.0,54.0,29,5,29,0,5,0,1.0,0,,0.11,1,-0.23214285714285715,1,1.3482142857142858,1.4196428571428572,0.07142857142857142,0.7678571428571429,b30_lrc5e-06,5e-06,0.679767880298651,0.8600079957356077,-0.1188512682496855,-0.1546508528784648,0.0,0.23214285714285715
results/headroom/headroom_b30/lane1/MobileNetV3/octmnist/L50_G50/fioretto_ldf/seed_1,octmnist,L50_G50,MobileNetV3,1,fioretto_ldf,1,125,2,163,0.7728205123149603,0.88,0.44,981,0.013,0.9999826,,28.0,min_excess,28.0,76.0,29,28,29,0,28,0,1.0,0,,9.045095,1,-0.304,0,,2.136,0.528,22.544,b30_lrc5e-06,5e-06,0.7580042313731934,0.88,0.014816280941766902,0.0,0.0,0.304
results/headroom/headroom_b30/lane1/MobileNetV3/octmnist/L50_G50/fioretto_ldf/seed_2,octmnist,L50_G50,MobileNetV3,2,fioretto_ldf,1,125,2,154,0.8079728106236416,0.896,0.448,981,0.0,0.9772643,,8.0,min_excess,8.0,58.0,29,8,29,0,8,0,1.0,0,,8.159037,1,-0.232,0,,1.88,0.416,5.792,b30_lrc5e-06,5e-06,0.8108231951833579,0.9199999999999999,-0.0028503845597163124,-0.02399999999999991,0.0,0.232
results/headroom/headroom_b30/lane1/MobileNetV3/octmnist/L50_G50/fioretto_ldf/seed_3,octmnist,L50_G50,MobileNetV3,3,fioretto_ldf,1,125,2,128,0.5573885508163413,0.576,0.288,983,0.0,0.85383695,,1.0,min_excess,1.0,8.0,29,1,29,0,1,0,1.0,0,,9.144174,1,-0.024,0,,1.064,0.0,0.064,b30_lrc5e-06,5e-06,0.8262172810605988,0.9293333333333333,-0.26882873024425746,-0.3533333333333334,0.0,0.024
results/headroom/headroom_b30/lane1/MobileNetV3/octmnist/L50_G50/fioretto_ldf/seed_4,octmnist,L50_G50,MobileNetV3,4,fioretto_ldf,1,125,2,144,0.43410640570626075,0.44,0.22,985,0.0,0.8481337,,1.0,min_excess,1.0,38.0,29,1,29,0,1,0,1.0,0,,8.792013,1,-0.152,0,,1.304,0.0,0.304,b30_lrc5e-06,5e-06,0.72638479977456,0.8280000000000001,-0.2922783940682993,-0.38800000000000007,0.0,0.152
results/headroom/headroom_b30/lane1/MobileNetV3/octmnist/L50_G50/hounie_rcl/seed_1,octmnist,L50_G50,MobileNetV3,1,hounie_rcl,1,125,2,164,0.7678299227915589,0.856,0.428,983,0.008,0.9999409,,23.0,min_excess,23.0,78.0,29,23,29,0,23,0,1.0,0,,0.018077,1,-0.312,0,,2.12,0.496,18.864,b30_lrc5e-06,5e-06,0.7580042313731934,0.88,0.009825691418365534,-0.02400000000000002,0.0,0.312
results/headroom/headroom_b30/lane1/MobileNetV3/octmnist/L50_G50/hounie_rcl/seed_2,octmnist,L50_G50,MobileNetV3,2,hounie_rcl,1,125,2,153,0.8095806268481923,0.888,0.444,982,0.0,0.97850424,,8.0,min_excess,8.0,56.0,29,8,29,0,8,0,1.0,0,,0.016232,1,-0.224,0,,1.88,0.432,5.76,b30_lrc5e-06,5e-06,0.8108231951833579,0.9199999999999999,-0.0012425683351655614,-0.03199999999999992,0.0,0.224
results/headroom/headroom_b30/lane1/MobileNetV3/octmnist/L50_G50/hounie_rcl/seed_3,octmnist,L50_G50,MobileNetV3,3,hounie_rcl,1,125,2,132,0.5911626348643209,0.656,0.328,985,0.0,0.8566269,,1.0,min_excess,1.0,14.0,29,1,29,0,1,0,1.0,0,,0.017716,1,-0.056,0,,1.112,0.0,0.112,b30_lrc5e-06,5e-06,0.8262172810605988,0.9293333333333333,-0.23505464619627792,-0.2733333333333333,0.0,0.056
results/headroom/headroom_b30/lane1/MobileNetV3/octmnist/L50_G50/hounie_rcl/seed_4,octmnist,L50_G50,MobileNetV3,4,hounie_rcl,1,125,2,134,0.43086635518190897,0.424,0.212,984,0.0,0.8371728,,1.0,min_excess,1.0,18.0,29,1,29,0,1,0,1.0,0,,0.017512,1,-0.072,0,,1.144,0.0,0.144,b30_lrc5e-06,5e-06,0.72638479977456,0.8280000000000001,-0.2955184445926511,-0.4040000000000001,0.0,0.072
results/headroom/headroom_b30/lane1/MobileNetV3/octmnist/L50_G50/tralo/seed_1,octmnist,L50_G50,MobileNetV3,1,tralo,1,125,2,161,0.7718928148594085,0.856,0.428,978,0.015,0.99998426,,29.0,min_excess,29.0,72.0,29,28,29,0,28,0,1.0,0,,0.11,1,-0.288,1,1.336,1.456,0.12,2.288,b30_lrc5e-06,5e-06,0.7580042313731934,0.88,0.013888583486215134,-0.02400000000000002,0.0,0.288
results/headroom/headroom_b30/lane1/MobileNetV3/octmnist/L50_G50/tralo/seed_2,octmnist,L50_G50,MobileNetV3,2,tralo,1,125,2,151,0.8079092098115036,0.888,0.444,980,0.0,0.97621423,,9.0,min_excess,9.0,52.0,29,8,29,0,8,0,1.0,0,,0.11,1,-0.208,1,1.336,1.44,0.104,0.776,b30_lrc5e-06,5e-06,0.8108231951833579,0.9199999999999999,-0.0029139853718542774,-0.03199999999999992,0.0,0.208
results/headroom/headroom_b30/lane1/MobileNetV3/octmnist/L50_G50/tralo/seed_3,octmnist,L50_G50,MobileNetV3,3,tralo,1,125,2,128,0.5573885508163413,0.576,0.288,983,0.0,0.85383695,,2.0,min_excess,2.0,8.0,29,1,29,0,1,0,1.0,0,,0.11,1,-0.024,1,1.024,1.024,0.0,0.024,b30_lrc5e-06,5e-06,0.8262172810605988,0.9293333333333333,-0.26882873024425746,-0.3533333333333334,0.0,0.024
results/headroom/headroom_b30/lane1/MobileNetV3/octmnist/L50_G50/tralo/seed_4,octmnist,L50_G50,MobileNetV3,4,tralo,1,125,2,144,0.43410640570626075,0.44,0.22,985,0.0,0.8481337,,2.0,min_excess,2.0,38.0,29,1,29,0,1,0,1.0,0,,0.11,1,-0.152,1,1.152,1.152,0.0,0.152,b30_lrc5e-06,5e-06,0.72638479977456,0.8280000000000001,-0.2922783940682993,-0.38800000000000007,0.0,0.152
results/headroom/headroom_b30/lane1/MobileNetV3/tissuemnist/L50_G50/fioretto_ldf/seed_1,tissuemnist,L50_G50,MobileNetV3,1,fioretto_ldf,1,86,4,72,0.31524172067446754,0.4186046511627907,0.21052631578947367,2400,0.0,0.33630535,1.0,3.0,fully_satisfied,1.0,0.0,29,3,26,3,0,3,0.0,1,1.0,11.886985,1,0.16279069767441862,0,,1.0,0.0,0.0,b30_lrc5e-06,5e-06,0.39853999493550796,0.5557455540355678,-0.08329827426104042,-0.13714090287277708,0.16279069767441862,0.16279069767441862
results/headroom/headroom_b30/lane1/MobileNetV3/tissuemnist/L50_G50/fioretto_ldf/seed_2,tissuemnist,L50_G50,MobileNetV3,2,fioretto_ldf,1,86,4,137,0.3866093652910375,0.5232558139534884,0.2631578947368421,2400,0.0004166666666666667,0.6431206,,5.0,min_excess,5.0,102.0,29,5,29,0,5,0,1.0,0,,13.94752,1,-0.5930232558139535,0,,4.8604651162790695,2.6744186046511627,9.255813953488373,b30_lrc5e-06,5e-06,0.38482688231431644,0.6065891472868217,0.001782482976721067,-0.08333333333333326,0.0,0.5930232558139535
results/headroom/headroom_b30/lane1/MobileNetV3/tissuemnist/L50_G50/fioretto_ldf/seed_3,tissuemnist,L50_G50,MobileNetV3,3,fioretto_ldf,1,86,4,70,0.3557233348511057,0.45348837209302323,0.22807017543859648,2400,0.0,0.434227,1.0,1.0,fully_satisfied,1.0,0.0,29,1,28,1,0,1,0.0,1,1.0,10.969939,1,0.18604651162790697,0,,1.0,0.0,0.0,b30_lrc5e-06,5e-06,0.411828463207173,0.5691974464204286,-0.05610512835606729,-0.11570907432740535,0.18604651162790697,0.18604651162790697
results/headroom/headroom_b30/lane1/MobileNetV3/tissuemnist/L50_G50/fioretto_ldf/seed_4,tissuemnist,L50_G50,MobileNetV3,4,fioretto_ldf,1,86,4,74,0.36295045079549143,0.4883720930232558,0.24561403508771928,2400,0.0,0.43682623,1.0,2.0,fully_satisfied,1.0,0.0,29,2,27,2,0,2,0.0,1,1.0,10.70539,1,0.13953488372093023,0,,1.0,0.0,0.0,b30_lrc5e-06,5e-06,0.38274006452985887,0.4990880072959416,-0.01978961373436744,-0.010715914272685811,0.13953488372093023,0.13953488372093023
results/headroom/headroom_b30/lane1/MobileNetV3/tissuemnist/L50_G50/hounie_rcl/seed_1,tissuemnist,L50_G50,MobileNetV3,1,hounie_rcl,1,86,4,74,0.31931487639729955,0.4069767441860465,0.2046783625730994,2400,0.0,0.3389238,1.0,3.0,fully_satisfied,1.0,0.0,29,3,26,3,0,3,0.0,1,1.0,0.00987,1,0.13953488372093023,0,,1.0,0.0,0.0,b30_lrc5e-06,5e-06,0.39853999493550796,0.5557455540355678,-0.0792251185382084,-0.1487688098495213,0.13953488372093023,0.13953488372093023
results/headroom/headroom_b30/lane1/MobileNetV3/tissuemnist/L50_G50/hounie_rcl/seed_2,tissuemnist,L50_G50,MobileNetV3,2,hounie_rcl,1,86,4,137,0.3855648910870522,0.5116279069767442,0.2573099415204678,2400,0.0004166666666666667,0.6579001,,5.0,min_excess,5.0,102.0,29,5,29,0,5,0,1.0,0,,0.011577,1,-0.5930232558139535,0,,4.767441860465116,2.5813953488372094,9.162790697674419,b30_lrc5e-06,5e-06,0.38482688231431644,0.6065891472868217,0.0007380087727357765,-0.09496124031007747,0.0,0.5930232558139535
results/headroom/headroom_b30/lane1/MobileNetV3/tissuemnist/L50_G50/hounie_rcl/seed_3,tissuemnist,L50_G50,MobileNetV3,3,hounie_rcl,1,86,4,70,0.35384278086159765,0.45348837209302323,0.22807017543859648,2400,0.0,0.43792894,1.0,1.0,fully_satisfied,1.0,0.0,29,1,28,1,0,1,0.0,1,1.0,0.009071,1,0.18604651162790697,0,,1.0,0.0,0.0,b30_lrc5e-06,5e-06,0.411828463207173,0.5691974464204286,-0.05798568234557533,-0.11570907432740535,0.18604651162790697,0.18604651162790697
results/headroom/headroom_b30/lane1/MobileNetV3/tissuemnist/L50_G50/hounie_rcl/seed_4,tissuemnist,L50_G50,MobileNetV3,4,hounie_rcl,1,86,4,75,0.3665665373895031,0.5,0.25146198830409355,2400,0.0,0.42951947,1.0,2.0,fully_satisfied,1.0,0.0,29,2,27,2,0,2,0.0,1,1.0,0.008976,1,0.12790697674418605,0,,1.0,0.0,0.0,b30_lrc5e-06,5e-06,0.38274006452985887,0.4990880072959416,-0.016173527140355748,0.0009119927040583953,0.12790697674418605,0.12790697674418605
results/headroom/headroom_b30/lane1/MobileNetV3/tissuemnist/L50_G50/tralo/seed_1,tissuemnist,L50_G50,MobileNetV3,1,tralo,1,86,4,69,0.31831840230482195,0.4069767441860465,0.2046783625730994,2400,0.0,0.3350282,2.0,4.0,fully_satisfied,2.0,0.0,29,3,26,3,0,3,0.0,1,1.0,0.05,1,0.19767441860465115,1,0.5465116279069767,0.8023255813953488,0.2558139534883721,0.0,b30_lrc5e-06,5e-06,0.39853999493550796,0.5557455540355678,-0.08022159263068601,-0.1487688098495213,0.19767441860465115,0.19767441860465115
results/headroom/headroom_b30/lane1/MobileNetV3/tissuemnist/L50_G50/tralo/seed_2,tissuemnist,L50_G50,MobileNetV3,2,tralo,1,86,4,128,0.3866102454582963,0.5232558139534884,0.2631578947368421,2400,0.0004166666666666667,0.64443666,,6.0,min_excess,6.0,84.0,29,5,29,0,5,0,1.0,0,,0.11,1,-0.4883720930232558,1,1.6395348837209303,2.9302325581395348,1.2906976744186047,2.5697674418604652,b30_lrc5e-06,5e-06,0.38482688231431644,0.6065891472868217,0.0017833631439798658,-0.08333333333333326,0.0,0.4883720930232558
results/headroom/headroom_b30/lane1/MobileNetV3/tissuemnist/L50_G50/tralo/seed_3,tissuemnist,L50_G50,MobileNetV3,3,tralo,1,86,4,70,0.3557233348511057,0.45348837209302323,0.22807017543859648,2400,0.0,0.434227,2.0,2.0,fully_satisfied,2.0,0.0,29,1,28,1,0,1,0.0,1,1.0,0.05,1,0.18604651162790697,1,0.813953488372093,0.813953488372093,0.0,0.0,b30_lrc5e-06,5e-06,0.411828463207173,0.5691974464204286,-0.05610512835606729,-0.11570907432740535,0.18604651162790697,0.18604651162790697
results/headroom/headroom_b30/lane1/MobileNetV3/tissuemnist/L50_G50/tralo/seed_4,tissuemnist,L50_G50,MobileNetV3,4,tralo,1,86,4,74,0.36257279636828216,0.5,0.25146198830409355,2400,0.0,0.4357302,2.0,3.0,fully_satisfied,2.0,0.0,29,2,27,2,0,2,0.0,1,1.0,0.05,1,0.13953488372093023,1,0.8372093023255814,0.8604651162790697,0.023255813953488372,0.0,b30_lrc5e-06,5e-06,0.38274006452985887,0.4990880072959416,-0.020167268161576712,0.0009119927040583953,0.13953488372093023,0.13953488372093023
results/headroom/headroom_b30/lane2/RegNetY400MF/dermmnist/L30_G30/fioretto_ldf/seed_1,dermmnist,L30_G30,RegNetY400MF,1,fioretto_ldf,1,67,4,154,0.5496560924784925,0.746268656716418,0.2242152466367713,2002,0.0,0.9633284,,6.0,min_excess,6.0,174.0,29,6,29,0,6,0,1.0,0,,20.527449,1,-1.2985074626865671,0,,4.432835820895522,0.835820895522388,18.0,b30_lrc5e-06,5e-06,0.7013511596879296,0.8674040511727079,-0.15169506720943715,-0.12113539445628996,0.0,1.2985074626865671
results/headroom/headroom_b30/lane2/RegNetY400MF/dermmnist/L30_G30/fioretto_ldf/seed_2,dermmnist,L30_G30,RegNetY400MF,2,fioretto_ldf,1,67,4,97,0.47539561398979624,0.6417910447761194,0.19282511210762332,2002,0.0,0.75140905,,1.0,min_excess,1.0,65.0,29,1,29,0,1,0,1.0,0,,19.864013,1,-0.44776119402985076,0,,1.9701492537313432,0.0,0.9701492537313433,b30_lrc5e-06,5e-06,0.640130894062552,0.7973747334754797,-0.16473528007275573,-0.15558368869936035,0.0,0.44776119402985076
results/headroom/headroom_b30/lane2/RegNetY400MF/dermmnist/L30_G30/fioretto_ldf/seed_3,dermmnist,L30_G30,RegNetY400MF,3,fioretto_ldf,1,67,4,151,0.585420906316723,0.7761194029850746,0.23318385650224216,2002,0.0,0.9742775,,19.0,min_excess,19.0,168.0,29,19,29,0,19,0,1.0,0,,20.070992,1,-1.2537313432835822,0,,4.82089552238806,1.3134328358208955,59.88059701492537,b30_lrc5e-06,5e-06,0.7020126218145958,0.8376199360341151,-0.11659171549787273,-0.06150053304904046,0.0,1.2537313432835822
results/headroom/headroom_b30/lane2/RegNetY400MF/dermmnist/L30_G30/fioretto_ldf/seed_4,dermmnist,L30_G30,RegNetY400MF,4,fioretto_ldf,1,67,4,145,0.5746860468571985,0.746268656716418,0.2242152466367713,2002,0.0,0.97223413,,11.0,min_excess,11.0,156.0,29,11,29,0,11,0,1.0,0,,20.289702,1,-1.164179104477612,0,,3.8059701492537314,0.47761194029850745,28.65671641791045,b30_lrc5e-06,5e-06,0.7005271208528738,0.8510127931769722,-0.12584107399567535,-0.10474413646055425,0.0,1.164179104477612
results/headroom/headroom_b30/lane2/RegNetY400MF/dermmnist/L30_G30/hounie_rcl/seed_1,dermmnist,L30_G30,RegNetY400MF,1,hounie_rcl,1,67,4,154,0.5495148794425885,0.746268656716418,0.2242152466367713,2002,0.0,0.9631124,,6.0,min_excess,6.0,174.0,29,6,29,0,6,0,1.0,0,,0.020392,1,-1.2985074626865671,0,,4.432835820895522,0.835820895522388,18.0,b30_lrc5e-06,5e-06,0.7013511596879296,0.8674040511727079,-0.15183628024534113,-0.12113539445628996,0.0,1.2985074626865671
results/headroom/headroom_b30/lane2/RegNetY400MF/dermmnist/L30_G30/hounie_rcl/seed_2,dermmnist,L30_G30,RegNetY400MF,2,hounie_rcl,1,67,4,97,0.47539561398979624,0.6417910447761194,0.19282511210762332,2002,0.0,0.75140905,,1.0,min_excess,1.0,65.0,29,1,29,0,1,0,1.0,0,,0.019737,1,-0.44776119402985076,0,,1.9701492537313432,0.0,0.9701492537313433,b30_lrc5e-06,5e-06,0.640130894062552,0.7973747334754797,-0.16473528007275573,-0.15558368869936035,0.0,0.44776119402985076
results/headroom/headroom_b30/lane2/RegNetY400MF/dermmnist/L30_G30/hounie_rcl/seed_3,dermmnist,L30_G30,RegNetY400MF,3,hounie_rcl,1,67,4,152,0.5836500019270765,0.7761194029850746,0.23318385650224216,2002,0.0,0.9752423,,19.0,min_excess,19.0,170.0,29,19,29,0,19,0,1.0,0,,0.019917,1,-1.2686567164179106,0,,4.82089552238806,1.2835820895522387,59.582089552238806,b30_lrc5e-06,5e-06,0.7020126218145958,0.8376199360341151,-0.11836261988751928,-0.06150053304904046,0.0,1.2686567164179106
results/headroom/headroom_b30/lane2/RegNetY400MF/dermmnist/L30_G30/hounie_rcl/seed_4,dermmnist,L30_G30,RegNetY400MF,4,hounie_rcl,1,67,4,145,0.5755695723460872,0.746268656716418,0.2242152466367713,2002,0.0,0.97306156,,11.0,min_excess,11.0,156.0,29,11,29,0,11,0,1.0,0,,0.020111,1,-1.164179104477612,0,,3.8358208955223883,0.5074626865671642,28.62686567164179,b30_lrc5e-06,5e-06,0.7005271208528738,0.8510127931769722,-0.12495754850678664,-0.10474413646055425,0.0,1.164179104477612
results/headroom/headroom_b30/lane2/RegNetY400MF/dermmnist/L30_G30/tralo/seed_1,dermmnist,L30_G30,RegNetY400MF,1,tralo,1,67,4,152,0.549681107218592,0.746268656716418,0.2242152466367713,2002,0.0,0.9633616,,7.0,min_excess,7.0,170.0,29,6,29,0,6,0,1.0,0,,0.11,1,-1.2686567164179106,1,2.3134328358208953,2.716417910447761,0.40298507462686567,3.029850746268657,b30_lrc5e-06,5e-06,0.7013511596879296,0.8674040511727079,-0.15167005246933762,-0.12113539445628996,0.0,1.2686567164179106
results/headroom/headroom_b30/lane2/RegNetY400MF/dermmnist/L30_G30/tralo/seed_2,dermmnist,L30_G30,RegNetY400MF,2,tralo,1,67,4,97,0.47539561398979624,0.6417910447761194,0.19282511210762332,2002,0.0,0.75140905,,2.0,min_excess,2.0,65.0,29,1,29,0,1,0,1.0,0,,0.11,1,-0.44776119402985076,1,1.4477611940298507,1.4477611940298507,0.0,0.44776119402985076,b30_lrc5e-06,5e-06,0.640130894062552,0.7973747334754797,-0.16473528007275573,-0.15558368869936035,0.0,0.44776119402985076
results/headroom/headroom_b30/lane2/RegNetY400MF/dermmnist/L30_G30/tralo/seed_3,dermmnist,L30_G30,RegNetY400MF,3,tralo,1,67,4,151,0.5828955536052339,0.7910447761194029,0.23766816143497757,2002,0.0,0.97601414,,20.0,min_excess,20.0,168.0,29,19,29,0,19,0,1.0,0,,0.11,1,-1.2537313432835822,1,2.253731343283582,2.8955223880597014,0.6417910447761194,8.0,b30_lrc5e-06,5e-06,0.7020126218145958,0.8376199360341151,-0.11911706820936185,-0.04657515991471217,0.0,1.2537313432835822
results/headroom/headroom_b30/lane2/RegNetY400MF/dermmnist/L30_G30/tralo/seed_4,dermmnist,L30_G30,RegNetY400MF,4,tralo,1,67,4,146,0.5680656118373475,0.746268656716418,0.2242152466367713,2002,0.0,0.96913123,,11.0,min_excess,11.0,158.0,29,10,29,0,10,0,1.0,0,,0.11,1,-1.1791044776119404,1,2.2388059701492535,2.283582089552239,0.04477611940298507,3.7761194029850746,b30_lrc5e-06,5e-06,0.7005271208528738,0.8510127931769722,-0.13246150901552634,-0.10474413646055425,0.0,1.1791044776119404
results/headroom/headroom_b30/lane2/RegNetY400MF/octmnist/L30_G30/fioretto_ldf/seed_1,octmnist,L30_G30,RegNetY400MF,1,fioretto_ldf,1,75,2,157,0.7113377084986499,0.8266666666666667,0.248,983,0.0,0.9997898,,26.0,min_excess,26.0,163.0,29,26,29,0,26,0,1.0,0,,15.482508,1,-1.0933333333333333,0,,3.8933333333333335,0.72,67.92,b30_lrc5e-06,5e-06,0.7130774306587018,0.8173333333333334,-0.0017397221600519153,0.009333333333333305,0.0,1.0933333333333333
results/headroom/headroom_b30/lane2/RegNetY400MF/octmnist/L30_G30/fioretto_ldf/seed_2,octmnist,L30_G30,RegNetY400MF,2,fioretto_ldf,1,75,2,142,0.6937246552381665,0.8533333333333334,0.256,981,0.0,0.99921715,,27.0,min_excess,27.0,133.0,29,27,29,0,27,0,1.0,0,,14.448743,1,-0.8933333333333333,0,,3.8666666666666667,1.0933333333333333,65.48,b30_lrc5e-06,5e-06,0.754518911767582,0.8453333333333333,-0.0607942565294155,0.008000000000000118,0.0,0.8933333333333333
results/headroom/headroom_b30/lane2/RegNetY400MF/octmnist/L30_G30/fioretto_ldf/seed_3,octmnist,L30_G30,RegNetY400MF,3,fioretto_ldf,1,75,2,160,0.7185508772615092,0.8533333333333334,0.256,983,0.0,0.99965703,,24.0,min_excess,24.0,169.0,29,24,29,0,24,0,1.0,0,,16.36823,1,-1.1333333333333333,0,,4.1066666666666665,0.8533333333333334,68.08,b30_lrc5e-06,5e-06,0.680427716868293,0.8306666666666667,0.03812316039321628,0.022666666666666724,0.0,1.1333333333333333
results/headroom/headroom_b30/lane2/RegNetY400MF/octmnist/L30_G30/fioretto_ldf/seed_4,octmnist,L30_G30,RegNetY400MF,4,fioretto_ldf,1,75,2,162,0.6933487598533459,0.8,0.24,983,0.0,0.99711394,,26.0,min_excess,26.0,173.0,29,26,29,0,26,0,1.0,0,,17.313606,1,-1.16,0,,4.88,1.5733333333333333,78.64,b30_lrc5e-06,5e-06,0.7490056135725762,0.8573333333333333,-0.05565685371923035,-0.057333333333333236,0.0,1.16
results/headroom/headroom_b30/lane2/RegNetY400MF/octmnist/L30_G30/hounie_rcl/seed_1,octmnist,L30_G30,RegNetY400MF,1,hounie_rcl,1,75,2,160,0.7174580878315604,0.8666666666666667,0.26,983,0.0,0.9995498,,23.0,min_excess,23.0,169.0,29,23,29,0,23,0,1.0,0,,0.031307,1,-1.1333333333333333,0,,3.8933333333333335,0.64,60.54666666666667,b30_lrc5e-06,5e-06,0.7130774306587018,0.8173333333333334,0.004380657172858626,0.04933333333333334,0.0,1.1333333333333333
results/headroom/headroom_b30/lane2/RegNetY400MF/octmnist/L30_G30/hounie_rcl/seed_2,octmnist,L30_G30,RegNetY400MF,2,hounie_rcl,1,75,2,142,0.6889747530528278,0.8266666666666667,0.248,985,0.0,0.99763477,,24.0,min_excess,24.0,133.0,29,24,29,0,24,0,1.0,0,,0.02855,1,-0.8933333333333333,0,,3.973333333333333,1.2,60.29333333333334,b30_lrc5e-06,5e-06,0.754518911767582,0.8453333333333333,-0.06554415871475416,-0.01866666666666661,0.0,0.8933333333333333
results/headroom/headroom_b30/lane2/RegNetY400MF/octmnist/L30_G30/hounie_rcl/seed_3,octmnist,L30_G30,RegNetY400MF,3,hounie_rcl,1,75,2,160,0.7158867921942127,0.8666666666666667,0.26,983,0.0,0.9999378,,,nan,21.0,171.0,29,29,29,0,29,0,1.0,0,,0.03247,0,-1.1333333333333333,0,,4.1866666666666665,0.9066666666666666,80.57333333333334,b30_lrc5e-06,5e-06,0.680427716868293,0.8306666666666667,0.03545907532591974,0.03600000000000003,0.0,1.1333333333333333
results/headroom/headroom_b30/lane2/RegNetY400MF/octmnist/L30_G30/hounie_rcl/seed_4,octmnist,L30_G30,RegNetY400MF,4,hounie_rcl,1,75,2,157,0.7110959870939545,0.8,0.24,983,0.0,0.99710375,,25.0,min_excess,25.0,163.0,29,25,29,0,25,0,1.0,0,,0.03422,1,-1.0933333333333333,0,,4.933333333333334,1.76,75.0,b30_lrc5e-06,5e-06,0.7490056135725762,0.8573333333333333,-0.03790962647862173,-0.057333333333333236,0.0,1.0933333333333333
results/headroom/headroom_b30/lane2/RegNetY400MF/octmnist/L30_G30/tralo/seed_1,octmnist,L30_G30,RegNetY400MF,1,tralo,1,75,2,159,0.7230393794404992,0.84,0.252,983,0.0,0.9988481,,23.0,min_excess,23.0,167.0,29,22,29,0,22,0,1.0,0,,0.11,1,-1.12,1,2.1866666666666665,2.4133333333333336,0.22666666666666666,6.56,b30_lrc5e-06,5e-06,0.7130774306587018,0.8173333333333334,0.009961948781797458,0.022666666666666613,0.0,1.12
results/headroom/headroom_b30/lane2/RegNetY400MF/octmnist/L30_G30/tralo/seed_2,octmnist,L30_G30,RegNetY400MF,2,tralo,1,75,2,141,0.6971942825930206,0.8533333333333334,0.256,984,0.0,0.99902296,,28.0,min_excess,28.0,131.0,29,27,29,0,27,0,1.0,0,,0.11,1,-0.88,1,2.1066666666666665,2.32,0.21333333333333335,7.293333333333333,b30_lrc5e-06,5e-06,0.754518911767582,0.8453333333333333,-0.05732462917456138,0.008000000000000118,0.0,0.88
results/headroom/headroom_b30/lane2/RegNetY400MF/octmnist/L30_G30/tralo/seed_3,octmnist,L30_G30,RegNetY400MF,3,tralo,1,75,2,160,0.7151561084144132,0.8666666666666667,0.26,985,0.0,0.9996978,,25.0,min_excess,25.0,169.0,29,24,29,0,24,0,1.0,0,,0.11,1,-1.1333333333333333,1,2.1333333333333333,2.506666666666667,0.37333333333333335,8.24,b30_lrc5e-06,5e-06,0.680427716868293,0.8306666666666667,0.034728391546120285,0.03600000000000003,0.0,1.1333333333333333
results/headroom/headroom_b30/lane2/RegNetY400MF/octmnist/L30_G30/tralo/seed_4,octmnist,L30_G30,RegNetY400MF,4,tralo,1,75,2,160,0.7064970213615076,0.8133333333333334,0.244,983,0.0,0.99837613,,29.0,min_excess,29.0,169.0,29,28,29,0,28,0,1.0,0,,0.11,1,-1.1333333333333333,1,2.36,2.76,0.4,9.333333333333334,b30_lrc5e-06,5e-06,0.7490056135725762,0.8573333333333333,-0.04250859221106862,-0.04399999999999993,0.0,1.1333333333333333
results/headroom/headroom_b30/lane2/RegNetY400MF/tissuemnist/L30_G30/fioretto_ldf/seed_1,tissuemnist,L30_G30,RegNetY400MF,1,fioretto_ldf,1,51,4,132,0.36679882165949684,0.5098039215686274,0.15204678362573099,2399,0.0,0.5864358,,1.0,min_excess,1.0,162.0,29,1,29,0,1,0,1.0,0,,18.33613,1,-1.588235294117647,0,,4.176470588235294,0.0,3.176470588235294,b30_lrc5e-06,5e-06,0.3815545842815669,0.5637254901960784,-0.014755762622070068,-0.05392156862745101,0.0,1.588235294117647
results/headroom/headroom_b30/lane2/RegNetY400MF/tissuemnist/L30_G30/fioretto_ldf/seed_2,tissuemnist,L30_G30,RegNetY400MF,2,fioretto_ldf,1,51,4,123,0.34662210672393307,0.5098039215686274,0.15204678362573099,2400,0.0,0.59867585,,4.0,min_excess,4.0,144.0,29,4,29,0,4,0,1.0,0,,17.354226,1,-1.411764705882353,0,,4.686274509803922,0.8627450980392157,12.823529411764707,b30_lrc5e-06,5e-06,0.3462893098101365,0.5168718650250798,0.0003327969137965625,-0.007067943456452341,0.0,1.411764705882353
results/headroom/headroom_b30/lane2/RegNetY400MF/tissuemnist/L30_G30/fioretto_ldf/seed_3,tissuemnist,L30_G30,RegNetY400MF,3,fioretto_ldf,1,51,4,127,0.4063163376000651,0.6078431372549019,0.18128654970760233,2400,0.0,0.83184206,,15.0,min_excess,15.0,152.0,29,15,29,0,15,0,1.0,0,,17.757654,1,-1.4901960784313726,0,,5.588235294117647,1.607843137254902,60.627450980392155,b30_lrc5e-06,5e-06,0.3973471766257748,0.5557455540355678,0.008969160974290291,0.05209758321933411,0.0,1.4901960784313726
results/headroom/headroom_b30/lane2/RegNetY400MF/tissuemnist/L30_G30/fioretto_ldf/seed_4,tissuemnist,L30_G30,RegNetY400MF,4,fioretto_ldf,1,51,4,134,0.4366819016100322,0.6274509803921569,0.1871345029239766,2400,0.0,0.8645298,,,nan,29.0,168.0,29,29,29,0,29,0,1.0,0,,16.360161,0,-1.6274509803921569,0,,6.019607843137255,1.7254901960784315,117.76470588235294,b30_lrc5e-06,5e-06,0.4114904495777295,0.6084131326949385,0.025191452032302664,0.01903784769721839,0.0,1.6274509803921569
results/headroom/headroom_b30/lane2/RegNetY400MF/tissuemnist/L30_G30/hounie_rcl/seed_1,tissuemnist,L30_G30,RegNetY400MF,1,hounie_rcl,1,51,4,133,0.3748917714372076,0.5098039215686274,0.15204678362573099,2400,0.0,0.63272274,,2.0,min_excess,2.0,164.0,29,2,29,0,2,0,1.0,0,,0.015082,1,-1.607843137254902,0,,4.803921568627451,0.5882352941176471,7.019607843137255,b30_lrc5e-06,5e-06,0.3815545842815669,0.5637254901960784,-0.006662812844359323,-0.05392156862745101,0.0,1.607843137254902
results/headroom/headroom_b30/lane2/RegNetY400MF/tissuemnist/L30_G30/hounie_rcl/seed_2,tissuemnist,L30_G30,RegNetY400MF,2,hounie_rcl,1,51,4,123,0.34693962624465396,0.5294117647058824,0.15789473684210525,2400,0.0,0.59291404,,4.0,min_excess,4.0,144.0,29,4,29,0,4,0,1.0,0,,0.014364,1,-1.411764705882353,0,,4.686274509803922,0.8627450980392157,12.941176470588236,b30_lrc5e-06,5e-06,0.3462893098101365,0.5168718650250798,0.0006503164345174617,0.012539899680802602,0.0,1.411764705882353
results/headroom/headroom_b30/lane2/RegNetY400MF/tissuemnist/L30_G30/hounie_rcl/seed_3,tissuemnist,L30_G30,RegNetY400MF,3,hounie_rcl,1,51,4,132,0.41321954313649967,0.5882352941176471,0.17543859649122806,2400,0.0,0.91637397,,28.0,min_excess,28.0,162.0,29,28,29,0,28,0,1.0,0,,0.014886,1,-1.588235294117647,0,,5.588235294117647,1.411764705882353,110.50980392156863,b30_lrc5e-06,5e-06,0.3973471766257748,0.5557455540355678,0.015872366510724878,0.03248974008207928,0.0,1.588235294117647
results/headroom/headroom_b30/lane2/RegNetY400MF/tissuemnist/L30_G30/hounie_rcl/seed_4,tissuemnist,L30_G30,RegNetY400MF,4,hounie_rcl,1,51,4,133,0.4369495681964433,0.6666666666666666,0.19883040935672514,2398,0.0,0.87502193,,25.0,min_excess,25.0,164.0,29,25,29,0,25,0,1.0,0,,0.013543,1,-1.607843137254902,0,,5.9411764705882355,1.7254901960784315,102.3529411764706,b30_lrc5e-06,5e-06,0.4114904495777295,0.6084131326949385,0.025459118618713805,0.058253533971728166,0.0,1.607843137254902
results/headroom/headroom_b30/lane2/RegNetY400MF/tissuemnist/L30_G30/tralo/seed_1,tissuemnist,L30_G30,RegNetY400MF,1,tralo,1,51,4,132,0.36679882165949684,0.5098039215686274,0.15204678362573099,2399,0.0,0.5864358,,2.0,min_excess,2.0,162.0,29,1,29,0,1,0,1.0,0,,0.11,1,-1.588235294117647,1,2.588235294117647,2.588235294117647,0.0,1.588235294117647,b30_lrc5e-06,5e-06,0.3815545842815669,0.5637254901960784,-0.014755762622070068,-0.05392156862745101,0.0,1.588235294117647
results/headroom/headroom_b30/lane2/RegNetY400MF/tissuemnist/L30_G30/tralo/seed_2,tissuemnist,L30_G30,RegNetY400MF,2,tralo,1,51,4,123,0.3471547545101021,0.5294117647058824,0.15789473684210525,2400,0.0,0.6310361,,5.0,min_excess,5.0,144.0,29,4,29,0,4,0,1.0,0,,0.11,1,-1.411764705882353,1,2.411764705882353,2.843137254901961,0.43137254901960786,3.2549019607843137,b30_lrc5e-06,5e-06,0.3462893098101365,0.5168718650250798,0.0008654446999655785,0.012539899680802602,0.0,1.411764705882353
results/headroom/headroom_b30/lane2/RegNetY400MF/tissuemnist/L30_G30/tralo/seed_3,tissuemnist,L30_G30,RegNetY400MF,3,tralo,1,51,4,126,0.4055870762032498,0.5882352941176471,0.17543859649122806,2400,0.0,0.9345838,,,nan,30.0,152.0,29,29,29,0,29,0,1.0,0,,0.11,0,-1.4705882352941178,1,2.4901960784313726,3.0980392156862746,0.6078431372549019,12.980392156862745,b30_lrc5e-06,5e-06,0.3973471766257748,0.5557455540355678,0.008239899577475007,0.03248974008207928,0.0,1.4705882352941178
results/headroom/headroom_b30/lane2/RegNetY400MF/tissuemnist/L30_G30/tralo/seed_4,tissuemnist,L30_G30,RegNetY400MF,4,tralo,1,51,4,133,0.4349210897825113,0.6274509803921569,0.1871345029239766,2400,0.0,0.8757481,,,nan,30.0,164.0,29,29,29,0,29,0,1.0,0,,0.11,0,-1.607843137254902,1,2.607843137254902,3.2745098039215685,0.6666666666666666,13.823529411764707,b30_lrc5e-06,5e-06,0.4114904495777295,0.6084131326949385,0.023430640204781805,0.01903784769721839,0.0,1.607843137254902
results/headroom/headroom_b30/lane3/RegNetY400MF/dermmnist/L50_G50/fioretto_ldf/seed_1,dermmnist,L50_G50,RegNetY400MF,1,fioretto_ldf,1,112,4,154,0.5496560924784925,0.6428571428571429,0.32286995515695066,2002,0.0,0.9633284,,6.0,min_excess,6.0,85.0,29,6,29,0,6,0,1.0,0,,13.986656,1,-0.375,0,,2.2589285714285716,0.5,6.0,b30_lrc5e-06,5e-06,0.7013511596879296,0.8674040511727079,-0.15169506720943715,-0.224546908315565,0.0,0.375
results/headroom/headroom_b30/lane3/RegNetY400MF/dermmnist/L50_G50/fioretto_ldf/seed_2,dermmnist,L50_G50,RegNetY400MF,2,fioretto_ldf,1,112,4,97,0.47539561398979624,0.6160714285714286,0.3094170403587444,2002,0.0,0.75140905,,1.0,min_excess,1.0,15.0,29,1,29,0,1,0,1.0,0,,13.317323,1,0.13392857142857142,0,,1.1339285714285714,0.0,0.13392857142857142,b30_lrc5e-06,5e-06,0.640130894062552,0.7973747334754797,-0.16473528007275573,-0.1813033049040511,0.13392857142857142,0.13392857142857142
results/headroom/headroom_b30/lane3/RegNetY400MF/dermmnist/L50_G50/fioretto_ldf/seed_3,dermmnist,L50_G50,RegNetY400MF,3,fioretto_ldf,1,112,4,153,0.5847761104045811,0.7321428571428571,0.36771300448430494,2002,0.0,0.9745675,,19.0,min_excess,19.0,83.0,29,19,29,0,19,0,1.0,0,,13.566,1,-0.36607142857142855,0,,2.4910714285714284,0.75,20.705357142857142,b30_lrc5e-06,5e-06,0.7020126218145958,0.8376199360341151,-0.11723651141001468,-0.10547707889125801,0.0,0.36607142857142855
results/headroom/headroom_b30/lane3/RegNetY400MF/dermmnist/L50_G50/fioretto_ldf/seed_4,dermmnist,L50_G50,RegNetY400MF,4,fioretto_ldf,1,112,4,145,0.5746860468571985,0.6964285714285714,0.34977578475336324,2002,0.0,0.97223413,,11.0,min_excess,11.0,67.0,29,11,29,0,11,0,1.0,0,,13.748771,1,-0.29464285714285715,0,,1.8839285714285714,0.2857142857142857,8.401785714285714,b30_lrc5e-06,5e-06,0.7005271208528738,0.8510127931769722,-0.12584107399567535,-0.1545842217484008,0.0,0.29464285714285715
results/headroom/headroom_b30/lane3/RegNetY400MF/dermmnist/L50_G50/hounie_rcl/seed_1,dermmnist,L50_G50,RegNetY400MF,1,hounie_rcl,1,112,4,154,0.5502245936314577,0.6517857142857143,0.3273542600896861,2002,0.0,0.96295035,,6.0,min_excess,6.0,85.0,29,6,29,0,6,0,1.0,0,,0.013913,1,-0.375,0,,2.2589285714285716,0.5,6.0,b30_lrc5e-06,5e-06,0.7013511596879296,0.8674040511727079,-0.1511265660564719,-0.2156183368869936,0.0,0.375
results/headroom/headroom_b30/lane3/RegNetY400MF/dermmnist/L50_G50/hounie_rcl/seed_2,dermmnist,L50_G50,RegNetY400MF,2,hounie_rcl,1,112,4,97,0.47539561398979624,0.6160714285714286,0.3094170403587444,2002,0.0,0.75140905,,1.0,min_excess,1.0,15.0,29,1,29,0,1,0,1.0,0,,0.013242,1,0.13392857142857142,0,,1.1339285714285714,0.0,0.13392857142857142,b30_lrc5e-06,5e-06,0.640130894062552,0.7973747334754797,-0.16473528007275573,-0.1813033049040511,0.13392857142857142,0.13392857142857142
results/headroom/headroom_b30/lane3/RegNetY400MF/dermmnist/L50_G50/hounie_rcl/seed_3,dermmnist,L50_G50,RegNetY400MF,3,hounie_rcl,1,112,4,151,0.5849547190364013,0.7321428571428571,0.36771300448430494,2002,0.0,0.9753144,,19.0,min_excess,19.0,79.0,29,19,29,0,19,0,1.0,0,,0.013438,1,-0.3482142857142857,0,,2.4910714285714284,0.7857142857142857,20.508928571428573,b30_lrc5e-06,5e-06,0.7020126218145958,0.8376199360341151,-0.1170579027781945,-0.10547707889125801,0.0,0.3482142857142857
results/headroom/headroom_b30/lane3/RegNetY400MF/dermmnist/L50_G50/hounie_rcl/seed_4,dermmnist,L50_G50,RegNetY400MF,4,hounie_rcl,1,112,4,145,0.5757420376227959,0.6964285714285714,0.34977578475336324,2002,0.0,0.9726691,,11.0,min_excess,11.0,67.0,29,11,29,0,11,0,1.0,0,,0.013627,1,-0.29464285714285715,0,,1.9017857142857142,0.30357142857142855,8.491071428571429,b30_lrc5e-06,5e-06,0.7005271208528738,0.8510127931769722,-0.12478508323007798,-0.1545842217484008,0.0,0.29464285714285715
results/headroom/headroom_b30/lane3/RegNetY400MF/dermmnist/L50_G50/tralo/seed_1,dermmnist,L50_G50,RegNetY400MF,1,tralo,1,112,4,154,0.5498940065124495,0.6428571428571429,0.32286995515695066,2002,0.0,0.96335363,,7.0,min_excess,7.0,85.0,29,6,29,0,6,0,1.0,0,,0.11,1,-0.375,1,1.3839285714285714,1.625,0.24107142857142858,1.0089285714285714,b30_lrc5e-06,5e-06,0.7013511596879296,0.8674040511727079,-0.15145715317548014,-0.224546908315565,0.0,0.375
results/headroom/headroom_b30/lane3/RegNetY400MF/dermmnist/L50_G50/tralo/seed_2,dermmnist,L50_G50,RegNetY400MF,2,tralo,1,112,4,97,0.47539561398979624,0.6160714285714286,0.3094170403587444,2002,0.0,0.75140905,,2.0,min_excess,2.0,15.0,29,1,29,0,1,0,1.0,0,,0.11,1,0.13392857142857142,1,0.8660714285714286,0.8660714285714286,0.0,0.0,b30_lrc5e-06,5e-06,0.640130894062552,0.7973747334754797,-0.16473528007275573,-0.1813033049040511,0.13392857142857142,0.13392857142857142
results/headroom/headroom_b30/lane3/RegNetY400MF/dermmnist/L50_G50/tralo/seed_3,dermmnist,L50_G50,RegNetY400MF,3,tralo,1,112,4,152,0.584660938620917,0.7232142857142857,0.3632286995515695,2002,0.0,0.9751525,,20.0,min_excess,20.0,81.0,29,19,29,0,19,0,1.0,0,,0.11,1,-0.35714285714285715,1,1.3571428571428572,1.7321428571428572,0.375,2.7589285714285716,b30_lrc5e-06,5e-06,0.7020126218145958,0.8376199360341151,-0.11735168319367884,-0.11440565031982941,0.0,0.35714285714285715
results/headroom/headroom_b30/lane3/RegNetY400MF/dermmnist/L50_G50/tralo/seed_4,dermmnist,L50_G50,RegNetY400MF,4,tralo,1,112,4,145,0.5749778697129968,0.6964285714285714,0.34977578475336324,2001,0.0,0.9729029,,12.0,min_excess,12.0,67.0,29,11,29,0,11,0,1.0,0,,0.11,1,-0.29464285714285715,1,1.3392857142857142,1.375,0.03571428571428571,1.0714285714285714,b30_lrc5e-06,5e-06,0.7005271208528738,0.8510127931769722,-0.12554925113987703,-0.1545842217484008,0.0,0.29464285714285715
results/headroom/headroom_b30/lane3/RegNetY400MF/octmnist/L50_G50/fioretto_ldf/seed_1,octmnist,L50_G50,RegNetY400MF,1,fioretto_ldf,1,125,2,158,0.7099319087679232,0.776,0.388,983,0.0,0.9997254,,26.0,min_excess,26.0,66.0,29,26,29,0,26,0,1.0,0,,8.25169,1,-0.264,0,,1.976,0.448,20.272,b30_lrc5e-06,5e-06,0.7130774306587018,0.8173333333333334,-0.0031455218907785465,-0.04133333333333333,0.0,0.264
results/headroom/headroom_b30/lane3/RegNetY400MF/octmnist/L50_G50/fioretto_ldf/seed_2,octmnist,L50_G50,RegNetY400MF,2,fioretto_ldf,1,125,2,134,0.691921334516261,0.744,0.372,981,0.0,0.9990829,,27.0,min_excess,27.0,22.0,29,27,29,0,27,0,1.0,0,,7.189022,1,-0.072,0,,1.976,0.8,17.936,b30_lrc5e-06,5e-06,0.754518911767582,0.8453333333333333,-0.06259757725132098,-0.10133333333333328,0.0,0.072
results/headroom/headroom_b30/lane3/RegNetY400MF/octmnist/L50_G50/fioretto_ldf/seed_3,octmnist,L50_G50,RegNetY400MF,3,fioretto_ldf,1,125,2,159,0.7160814901995438,0.76,0.38,983,0.0,0.99970764,,24.0,min_excess,24.0,68.0,29,24,29,0,24,0,1.0,0,,9.101925,1,-0.272,0,,2.088,0.544,21.728,b30_lrc5e-06,5e-06,0.680427716868293,0.8306666666666667,0.03565377333125086,-0.07066666666666666,0.0,0.272
results/headroom/headroom_b30/lane3/RegNetY400MF/octmnist/L50_G50/fioretto_ldf/seed_4,octmnist,L50_G50,RegNetY400MF,4,fioretto_ldf,1,125,2,156,0.713544110414662,0.792,0.396,982,0.0,0.9985714,,28.0,min_excess,28.0,62.0,29,28,29,0,28,0,1.0,0,,10.007992,1,-0.248,0,,2.536,1.04,27.184,b30_lrc5e-06,5e-06,0.7490056135725762,0.8573333333333333,-0.03546150315791419,-0.06533333333333324,0.0,0.248
results/headroom/headroom_b30/lane3/RegNetY400MF/octmnist/L50_G50/hounie_rcl/seed_1,octmnist,L50_G50,RegNetY400MF,1,hounie_rcl,1,125,2,158,0.715055426592856,0.784,0.392,983,0.0,0.9994985,,23.0,min_excess,23.0,66.0,29,23,29,0,23,0,1.0,0,,0.01701,1,-0.264,0,,1.992,0.464,18.4,b30_lrc5e-06,5e-06,0.7130774306587018,0.8173333333333334,0.001977995934154264,-0.033333333333333326,0.0,0.264
results/headroom/headroom_b30/lane3/RegNetY400MF/octmnist/L50_G50/hounie_rcl/seed_2,octmnist,L50_G50,RegNetY400MF,2,hounie_rcl,1,125,2,143,0.6925281130978698,0.728,0.364,983,0.0,0.99776614,,24.0,min_excess,24.0,36.0,29,24,29,0,24,0,1.0,0,,0.014075,1,-0.144,0,,2.008,0.72,17.12,b30_lrc5e-06,5e-06,0.754518911767582,0.8453333333333333,-0.061990798669712244,-0.11733333333333329,0.0,0.144
results/headroom/headroom_b30/lane3/RegNetY400MF/octmnist/L50_G50/hounie_rcl/seed_3,octmnist,L50_G50,RegNetY400MF,3,hounie_rcl,1,125,2,161,0.7267549259509022,0.808,0.404,983,0.0,0.999097,,21.0,min_excess,21.0,72.0,29,21,29,0,21,0,1.0,0,,0.018121,1,-0.288,0,,2.104,0.528,19.712,b30_lrc5e-06,5e-06,0.680427716868293,0.8306666666666667,0.04632720908260923,-0.022666666666666613,0.0,0.288
results/headroom/headroom_b30/lane3/RegNetY400MF/octmnist/L50_G50/hounie_rcl/seed_4,octmnist,L50_G50,RegNetY400MF,4,hounie_rcl,1,125,2,159,0.7157951549042353,0.792,0.396,983,0.0,0.9983255,,28.0,min_excess,28.0,68.0,29,28,29,0,28,0,1.0,0,,0.019899,1,-0.272,0,,2.504,0.96,27.44,b30_lrc5e-06,5e-06,0.7490056135725762,0.8573333333333333,-0.033210458668340936,-0.06533333333333324,0.0,0.272
results/headroom/headroom_b30/lane3/RegNetY400MF/octmnist/L50_G50/tralo/seed_1,octmnist,L50_G50,RegNetY400MF,1,tralo,1,125,2,158,0.7233759250841864,0.8,0.4,985,0.0,0.99897003,,23.0,min_excess,23.0,66.0,29,22,29,0,22,0,1.0,0,,0.11,1,-0.264,1,1.304,1.448,0.144,1.944,b30_lrc5e-06,5e-06,0.7130774306587018,0.8173333333333334,0.010298494425484583,-0.01733333333333331,0.0,0.264
results/headroom/headroom_b30/lane3/RegNetY400MF/octmnist/L50_G50/tralo/seed_2,octmnist,L50_G50,RegNetY400MF,2,tralo,1,125,2,140,0.6951524692282769,0.736,0.368,985,0.0,0.9989937,,28.0,min_excess,28.0,30.0,29,27,29,0,27,0,1.0,0,,0.11,1,-0.12,1,1.264,1.392,0.128,1.944,b30_lrc5e-06,5e-06,0.754518911767582,0.8453333333333333,-0.05936644253930512,-0.10933333333333328,0.0,0.12
results/headroom/headroom_b30/lane3/RegNetY400MF/octmnist/L50_G50/tralo/seed_3,octmnist,L50_G50,RegNetY400MF,3,tralo,1,125,2,164,0.7169475891311943,0.76,0.38,984,0.0,0.9996766,,25.0,min_excess,25.0,78.0,29,24,29,0,24,0,1.0,0,,0.11,1,-0.312,1,1.312,1.512,0.2,2.656,b30_lrc5e-06,5e-06,0.680427716868293,0.8306666666666667,0.03651987226290132,-0.07066666666666666,0.0,0.312
results/headroom/headroom_b30/lane3/RegNetY400MF/octmnist/L50_G50/tralo/seed_4,octmnist,L50_G50,RegNetY400MF,4,tralo,1,125,2,159,0.6944421457701101,0.76,0.38,983,0.0,0.9974362,,27.0,min_excess,27.0,68.0,29,26,29,0,26,0,1.0,0,,0.11,1,-0.272,1,1.432,1.664,0.232,3.224,b30_lrc5e-06,5e-06,0.7490056135725762,0.8573333333333333,-0.054563467802466126,-0.09733333333333327,0.0,0.272
results/headroom/headroom_b30/lane3/RegNetY400MF/tissuemnist/L50_G50/fioretto_ldf/seed_1,tissuemnist,L50_G50,RegNetY400MF,1,fioretto_ldf,1,86,4,132,0.36679882165949684,0.45348837209302323,0.22807017543859648,2399,0.0,0.5864358,,1.0,min_excess,1.0,92.0,29,1,29,0,1,0,1.0,0,,13.212227,1,-0.5348837209302325,0,,2.0697674418604652,0.0,1.069767441860465,b30_lrc5e-06,5e-06,0.3815545842815669,0.5637254901960784,-0.014755762622070068,-0.1102371181030552,0.0,0.5348837209302325
results/headroom/headroom_b30/lane3/RegNetY400MF/tissuemnist/L50_G50/fioretto_ldf/seed_2,tissuemnist,L50_G50,RegNetY400MF,2,fioretto_ldf,1,86,4,123,0.34662210672393307,0.45348837209302323,0.22807017543859648,2400,0.0,0.59867585,,4.0,min_excess,4.0,74.0,29,4,29,0,4,0,1.0,0,,12.236146,1,-0.43023255813953487,0,,2.372093023255814,0.5116279069767442,4.348837209302325,b30_lrc5e-06,5e-06,0.3462893098101365,0.5168718650250798,0.0003327969137965625,-0.06338349293205653,0.0,0.43023255813953487
results/headroom/headroom_b30/lane3/RegNetY400MF/tissuemnist/L50_G50/fioretto_ldf/seed_3,tissuemnist,L50_G50,RegNetY400MF,3,fioretto_ldf,1,86,4,130,0.40669217396822727,0.5116279069767442,0.2573099415204678,2399,0.0,0.9181239,,26.0,min_excess,26.0,88.0,29,26,29,0,26,0,1.0,0,,12.684373,1,-0.5116279069767442,0,,2.9069767441860463,0.8837209302325582,38.23255813953488,b30_lrc5e-06,5e-06,0.3973471766257748,0.5557455540355678,0.009344997342452477,-0.044117647058823595,0.0,0.5116279069767442
results/headroom/headroom_b30/lane3/RegNetY400MF/tissuemnist/L50_G50/fioretto_ldf/seed_4,tissuemnist,L50_G50,RegNetY400MF,4,fioretto_ldf,1,86,4,129,0.4378202572093222,0.5348837209302325,0.26900584795321636,2400,0.0,0.8642344,,,nan,29.0,86.0,29,29,29,0,29,0,1.0,0,,11.26075,0,-0.5,0,,3.1627906976744184,1.1627906976744187,45.7906976744186,b30_lrc5e-06,5e-06,0.4114904495777295,0.6084131326949385,0.026329807631592705,-0.07352941176470595,0.0,0.5
results/headroom/headroom_b30/lane3/RegNetY400MF/tissuemnist/L50_G50/hounie_rcl/seed_1,tissuemnist,L50_G50,RegNetY400MF,1,hounie_rcl,1,86,4,133,0.3748917714372076,0.47674418604651164,0.23976608187134502,2400,0.0,0.63272274,,2.0,min_excess,2.0,94.0,29,2,29,0,2,0,1.0,0,,0.01096,1,-0.5465116279069767,0,,2.441860465116279,0.3488372093023256,2.5348837209302326,b30_lrc5e-06,5e-06,0.3815545842815669,0.5637254901960784,-0.006662812844359323,-0.08698130414956678,0.0,0.5465116279069767
results/headroom/headroom_b30/lane3/RegNetY400MF/tissuemnist/L50_G50/hounie_rcl/seed_2,tissuemnist,L50_G50,RegNetY400MF,2,hounie_rcl,1,86,4,123,0.3601335775613451,0.5116279069767442,0.2573099415204678,2400,0.0,0.62845695,,5.0,min_excess,5.0,74.0,29,5,29,0,5,0,1.0,0,,0.010183,1,-0.43023255813953487,0,,2.697674418604651,0.8372093023255814,6.162790697674419,b30_lrc5e-06,5e-06,0.3462893098101365,0.5168718650250798,0.013844267751208617,-0.005243958048335551,0.0,0.43023255813953487
results/headroom/headroom_b30/lane3/RegNetY400MF/tissuemnist/L50_G50/hounie_rcl/seed_3,tissuemnist,L50_G50,RegNetY400MF,3,hounie_rcl,1,86,4,128,0.40171454228234116,0.47674418604651164,0.23976608187134502,2400,0.0,0.9102723,,26.0,min_excess,26.0,84.0,29,26,29,0,26,0,1.0,0,,0.010568,1,-0.4883720930232558,0,,3.0232558139534884,1.0465116279069768,40.06976744186046,b30_lrc5e-06,5e-06,0.3973471766257748,0.5557455540355678,0.004367365656566369,-0.07900136798905616,0.0,0.4883720930232558
results/headroom/headroom_b30/lane3/RegNetY400MF/tissuemnist/L50_G50/hounie_rcl/seed_4,tissuemnist,L50_G50,RegNetY400MF,4,hounie_rcl,1,86,4,129,0.43962775747051164,0.5348837209302325,0.26900584795321636,2400,0.0,0.9116193,,,nan,29.0,86.0,29,29,29,0,29,0,1.0,0,,0.009262,0,-0.5,0,,3.2093023255813953,1.2093023255813953,44.53488372093023,b30_lrc5e-06,5e-06,0.4114904495777295,0.6084131326949385,0.028137307892782126,-0.07352941176470595,0.0,0.5
results/headroom/headroom_b30/lane3/RegNetY400MF/tissuemnist/L50_G50/tralo/seed_1,tissuemnist,L50_G50,RegNetY400MF,1,tralo,1,86,4,132,0.36679882165949684,0.45348837209302323,0.22807017543859648,2399,0.0,0.5864358,,2.0,min_excess,2.0,92.0,29,1,29,0,1,0,1.0,0,,0.11,1,-0.5348837209302325,1,1.5348837209302326,1.5348837209302326,0.0,0.5348837209302325,b30_lrc5e-06,5e-06,0.3815545842815669,0.5637254901960784,-0.014755762622070068,-0.1102371181030552,0.0,0.5348837209302325
results/headroom/headroom_b30/lane3/RegNetY400MF/tissuemnist/L50_G50/tralo/seed_2,tissuemnist,L50_G50,RegNetY400MF,2,tralo,1,86,4,122,0.34691988624905684,0.46511627906976744,0.23391812865497075,2400,0.0,0.61483413,,5.0,min_excess,5.0,72.0,29,4,29,0,4,0,1.0,0,,0.11,1,-0.4186046511627907,1,1.4186046511627908,1.686046511627907,0.26744186046511625,1.1046511627906976,b30_lrc5e-06,5e-06,0.3462893098101365,0.5168718650250798,0.0006305764389203383,-0.05175558595531232,0.0,0.4186046511627907
results/headroom/headroom_b30/lane3/RegNetY400MF/tissuemnist/L50_G50/tralo/seed_3,tissuemnist,L50_G50,RegNetY400MF,3,tralo,1,86,4,125,0.4093958789683628,0.5116279069767442,0.2573099415204678,2400,0.0,0.93303865,,,nan,30.0,80.0,29,29,29,0,29,0,1.0,0,,0.11,0,-0.45348837209302323,1,1.4651162790697674,1.8837209302325582,0.4186046511627907,5.186046511627907,b30_lrc5e-06,5e-06,0.3973471766257748,0.5557455540355678,0.012048702342588036,-0.044117647058823595,0.0,0.45348837209302323
results/headroom/headroom_b30/lane3/RegNetY400MF/tissuemnist/L50_G50/tralo/seed_4,tissuemnist,L50_G50,RegNetY400MF,4,tralo,1,86,4,129,0.4376107743300607,0.5465116279069767,0.27485380116959063,2400,0.0,0.87202525,,,nan,30.0,86.0,29,29,29,0,29,0,1.0,0,,0.11,0,-0.5,1,1.5,1.941860465116279,0.4418604651162791,5.348837209302325,b30_lrc5e-06,5e-06,0.4114904495777295,0.6084131326949385,0.02612032475233117,-0.06190150478796175,0.0,0.5
results/headroom/headroom_b30_lrc5e-05/lane0/MobileNetV3/dermmnist/L30_G30/fioretto_ldf/seed_1,dermmnist,L30_G30,MobileNetV3,1,fioretto_ldf,1,67,4,61,0.5690829275345441,0.8955223880597015,0.26905829596412556,929,0.6779830254618073,0.99999726,18.0,,nan,18.0,0.0,22,22,17,5,17,5,0.7727272727272727,1,18.0,10.094834,0,0.08955223880597014,0,,6.253731343283582,5.253731343283582,56.26865671641791,lrc5e-05,5e-05,0.6994360828307511,0.8837953091684434,-0.13035315529620695,0.011727078891258125,0.08955223880597014,0.08955223880597014
results/headroom/headroom_b30_lrc5e-05/lane0/MobileNetV3/dermmnist/L30_G30/fioretto_ldf/seed_2,dermmnist,L30_G30,MobileNetV3,2,fioretto_ldf,1,67,4,46,0.5375008775651788,0.8805970149253731,0.2645739910313901,860,0.7069395906140788,1.0,20.0,,nan,20.0,0.0,24,24,19,5,19,5,0.7916666666666666,1,20.0,12.452049,0,0.31343283582089554,0,,6.6716417910447765,5.6716417910447765,70.02985074626865,lrc5e-05,5e-05,0.6850627078056499,0.818230277185501,-0.1475618302404711,0.06236673773987211,0.31343283582089554,0.31343283582089554
results/headroom/headroom_b30_lrc5e-05/lane0/MobileNetV3/dermmnist/L30_G30/fioretto_ldf/seed_3,dermmnist,L30_G30,MobileNetV3,3,fioretto_ldf,1,67,4,57,0.5888491006730963,0.8507462686567164,0.2556053811659193,903,0.6759860209685472,0.99999976,18.0,,nan,18.0,0.0,22,22,17,5,17,5,0.7727272727272727,1,18.0,9.656344,0,0.14925373134328357,0,,6.552238805970149,5.552238805970149,53.43283582089552,lrc5e-05,5e-05,0.7056520413443165,0.8852611940298507,-0.11680294067122021,-0.034514925373134275,0.14925373134328357,0.14925373134328357
results/headroom/headroom_b30_lrc5e-05/lane0/MobileNetV3/dermmnist/L30_G30/fioretto_ldf/seed_4,dermmnist,L30_G30,MobileNetV3,4,fioretto_ldf,1,67,4,54,0.5276397058499075,0.8507462686567164,0.2556053811659193,871,0.6894658012980529,1.0,19.0,,nan,19.0,0.0,23,23,18,5,18,5,0.782608695652174,1,19.0,9.988157,0,0.19402985074626866,0,,6.462686567164179,5.462686567164179,54.6865671641791,lrc5e-05,5e-05,0.679767880298651,0.8600079957356077,-0.1521281744487435,-0.00926172707889128,0.19402985074626866,0.19402985074626866
results/headroom/headroom_b30_lrc5e-05/lane0/MobileNetV3/dermmnist/L30_G30/hounie_rcl/seed_1,dermmnist,L30_G30,MobileNetV3,1,hounie_rcl,1,67,4,41,0.6103578625451181,0.8955223880597015,0.26905829596412556,720,0.7658512231652521,0.99999774,28.0,,nan,28.0,0.0,29,29,27,2,27,2,0.9310344827586207,1,28.0,0.012965,0,0.3880597014925373,0,,6.253731343283582,5.253731343283582,73.86567164179104,lrc5e-05,5e-05,0.6994360828307511,0.8837953091684434,-0.08907822028563295,0.011727078891258125,0.3880597014925373,0.3880597014925373
results/headroom/headroom_b30_lrc5e-05/lane0/MobileNetV3/dermmnist/L30_G30/hounie_rcl/seed_2,dermmnist,L30_G30,MobileNetV3,2,hounie_rcl,1,67,4,25,0.5392398554286428,0.8059701492537313,0.242152466367713,1001,0.63654518222666,0.9999994,25.0,,nan,25.0,0.0,29,29,24,5,24,5,0.8275862068965517,1,25.0,0.013738,0,0.6268656716417911,0,,6.6716417910447765,5.6716417910447765,77.82089552238806,lrc5e-05,5e-05,0.6850627078056499,0.818230277185501,-0.1458228523770071,-0.012260127931769671,0.6268656716417911,0.6268656716417911
results/headroom/headroom_b30_lrc5e-05/lane0/MobileNetV3/dermmnist/L30_G30/hounie_rcl/seed_3,dermmnist,L30_G30,MobileNetV3,3,hounie_rcl,1,67,4,31,0.5513384906845996,0.8507462686567164,0.2556053811659193,757,0.7488766849725412,0.99999666,24.0,,nan,24.0,0.0,28,28,23,5,23,5,0.8214285714285714,1,24.0,0.009726,0,0.5373134328358209,0,,6.7611940298507465,5.7611940298507465,54.62686567164179,lrc5e-05,5e-05,0.7056520413443165,0.8852611940298507,-0.15431355065971686,-0.034514925373134275,0.5373134328358209,0.5373134328358209
results/headroom/headroom_b30_lrc5e-05/lane0/MobileNetV3/dermmnist/L30_G30/hounie_rcl/seed_4,dermmnist,L30_G30,MobileNetV3,4,hounie_rcl,1,67,4,30,0.47196643496033996,0.746268656716418,0.2242152466367713,849,0.7064403394907639,0.99999976,25.0,,nan,25.0,0.0,29,29,24,5,24,5,0.8275862068965517,1,25.0,0.010735,0,0.5522388059701493,0,,6.1940298507462686,5.1940298507462686,58.6865671641791,lrc5e-05,5e-05,0.679767880298651,0.8600079957356077,-0.20780144533831102,-0.11373933901918976,0.5522388059701493,0.5522388059701493
results/headroom/headroom_b30_lrc5e-05/lane0/MobileNetV3/dermmnist/L30_G30/tralo/seed_1,dermmnist,L30_G30,MobileNetV3,1,tralo,1,67,4,57,0.5498123258321266,0.8805970149253731,0.2645739910313901,890,0.6969545681477783,0.99999833,17.0,30.0,fully_satisfied,17.0,0.0,29,29,20,9,20,9,0.6896551724137931,5,16.0,0.08,1,0.14925373134328357,1,0.3582089552238806,3.4776119402985075,3.1194029850746268,6.507462686567164,lrc5e-05,5e-05,0.6994360828307511,0.8837953091684434,-0.1496237569986245,-0.0031982942430702765,0.14925373134328357,0.14925373134328357
results/headroom/headroom_b30_lrc5e-05/lane0/MobileNetV3/dermmnist/L30_G30/tralo/seed_2,dermmnist,L30_G30,MobileNetV3,2,tralo,1,67,4,57,0.46161783240307525,0.835820895522388,0.25112107623318386,858,0.7169246130803795,1.0,20.0,28.0,fully_satisfied,20.0,0.0,26,26,20,6,20,6,0.7692307692307693,3,19.0,0.08,1,0.14925373134328357,1,0.3880597014925373,3.8358208955223883,3.4477611940298507,6.253731343283582,lrc5e-05,5e-05,0.6850627078056499,0.818230277185501,-0.22344487540257468,0.01759061833688702,0.14925373134328357,0.14925373134328357
results/headroom/headroom_b30_lrc5e-05/lane0/MobileNetV3/dermmnist/L30_G30/tralo/seed_3,dermmnist,L30_G30,MobileNetV3,3,tralo,1,67,4,59,0.538059450642133,0.8507462686567164,0.2556053811659193,668,0.7758362456315526,0.9999999,19.0,28.0,fully_satisfied,19.0,0.0,26,26,20,6,20,6,0.7692307692307693,3,18.0,0.08,1,0.11940298507462686,1,0.5223880597014925,2.925373134328358,2.4029850746268657,4.791044776119403,lrc5e-05,5e-05,0.7056520413443165,0.8852611940298507,-0.16759259070218346,-0.034514925373134275,0.11940298507462686,0.11940298507462686
results/headroom/headroom_b30_lrc5e-05/lane0/MobileNetV3/dermmnist/L30_G30/tralo/seed_4,dermmnist,L30_G30,MobileNetV3,4,tralo,1,67,4,29,0.3631361930785864,0.6119402985074627,0.18385650224215247,672,0.7918122815776335,0.9999801,18.0,,nan,18.0,0.0,25,25,19,6,19,6,0.76,3,17.0,0.08,0,0.5671641791044776,1,0.22388059701492538,2.701492537313433,2.4776119402985075,6.149253731343284,lrc5e-05,5e-05,0.679767880298651,0.8600079957356077,-0.3166316872200646,-0.24806769722814503,0.5671641791044776,0.5671641791044776
results/headroom/headroom_b30_lrc5e-05/lane0/MobileNetV3/octmnist/L30_G30/fioretto_ldf/seed_1,octmnist,L30_G30,MobileNetV3,1,fioretto_ldf,1,75,2,74,0.8094606034201336,0.9733333333333334,0.292,410,0.704,0.9999999,,,nan,2.0,39.0,29,29,29,0,29,0,1.0,0,,13.661928,0,0.013333333333333334,0,,6.88,5.36,70.12,lrc5e-05,5e-05,0.7580042313731934,0.88,0.0514563720469402,0.09333333333333338,0.013333333333333334,0.013333333333333334
results/headroom/headroom_b30_lrc5e-05/lane0/MobileNetV3/octmnist/L30_G30/fioretto_ldf/seed_2,octmnist,L30_G30,MobileNetV3,2,fioretto_ldf,1,75,2,62,0.7601791369054937,0.92,0.276,498,0.637,1.0,,,nan,29.0,17.0,29,29,29,0,29,0,1.0,0,,10.553615,0,0.17333333333333334,0,,4.453333333333333,3.2266666666666666,52.25333333333333,lrc5e-05,5e-05,0.8108231951833579,0.9199999999999999,-0.05064405827786422,1.1102230246251565e-16,0.17333333333333334,0.17333333333333334
results/headroom/headroom_b30_lrc5e-05/lane0/MobileNetV3/octmnist/L30_G30/fioretto_ldf/seed_3,octmnist,L30_G30,MobileNetV3,3,fioretto_ldf,1,75,2,54,0.7722440816395916,0.9466666666666667,0.284,588,0.567,0.99999917,29.0,,nan,29.0,0.0,29,29,28,1,28,1,0.9655172413793104,1,29.0,13.227108,0,0.28,0,,5.12,4.12,67.76,lrc5e-05,5e-05,0.8262172810605988,0.9293333333333333,-0.0539731994210072,0.01733333333333331,0.28,0.28
results/headroom/headroom_b30_lrc5e-05/lane0/MobileNetV3/octmnist/L30_G30/fioretto_ldf/seed_4,octmnist,L30_G30,MobileNetV3,4,fioretto_ldf,1,75,2,62,0.7869874484499569,0.9733333333333334,0.292,425,0.692,0.99999654,27.0,,nan,27.0,0.0,29,29,26,3,26,3,0.896551724137931,1,27.0,10.088044,0,0.17333333333333334,0,,5.1466666666666665,4.1466666666666665,50.8,lrc5e-05,5e-05,0.72638479977456,0.8280000000000001,0.060602648675396886,0.14533333333333331,0.17333333333333334,0.17333333333333334
results/headroom/headroom_b30_lrc5e-05/lane0/MobileNetV3/octmnist/L30_G30/hounie_rcl/seed_1,octmnist,L30_G30,MobileNetV3,1,hounie_rcl,1,75,2,9,0.6449057924860467,0.8133333333333334,0.244,380,0.769,0.99998343,26.0,,nan,26.0,0.0,29,29,25,4,25,4,0.8620689655172413,1,26.0,0.019675,0,0.88,0,,5.226666666666667,4.226666666666667,49.733333333333334,lrc5e-05,5e-05,0.7580042313731934,0.88,-0.11309843888714666,-0.06666666666666665,0.88,0.88
results/headroom/headroom_b30_lrc5e-05/lane0/MobileNetV3/octmnist/L30_G30/hounie_rcl/seed_2,octmnist,L30_G30,MobileNetV3,2,hounie_rcl,1,75,2,37,0.7660729968037757,0.96,0.288,422,0.719,0.9999995,29.0,,nan,29.0,0.0,29,29,28,1,28,1,0.9655172413793104,1,29.0,0.020811,0,0.5066666666666667,0,,4.533333333333333,3.533333333333333,51.81333333333333,lrc5e-05,5e-05,0.8108231951833579,0.9199999999999999,-0.04475019837958216,0.040000000000000036,0.5066666666666667,0.5066666666666667
results/headroom/headroom_b30_lrc5e-05/lane0/MobileNetV3/octmnist/L30_G30/hounie_rcl/seed_3,octmnist,L30_G30,MobileNetV3,3,hounie_rcl,1,75,2,9,0.6225184022993497,0.8266666666666667,0.248,443,0.716,0.9880064,27.0,,nan,27.0,0.0,29,29,26,3,26,3,0.896551724137931,1,27.0,0.024517,0,0.88,0,,5.12,4.12,64.18666666666667,lrc5e-05,5e-05,0.8262172810605988,0.9293333333333333,-0.20369887876124904,-0.10266666666666668,0.88,0.88
results/headroom/headroom_b30_lrc5e-05/lane0/MobileNetV3/octmnist/L30_G30/hounie_rcl/seed_4,octmnist,L30_G30,MobileNetV3,4,hounie_rcl,1,75,2,7,0.7232789808339614,0.92,0.276,402,0.745,0.99594975,23.0,,nan,23.0,0.0,27,27,22,5,22,5,0.8148148148148148,1,23.0,0.016026,0,0.9066666666666666,0,,4.586666666666667,3.5866666666666664,40.48,lrc5e-05,5e-05,0.72638479977456,0.8280000000000001,-0.0031058189405986925,0.09199999999999997,0.9066666666666666,0.9066666666666666
results/headroom/headroom_b30_lrc5e-05/lane0/MobileNetV3/octmnist/L30_G30/tralo/seed_1,octmnist,L30_G30,MobileNetV3,1,tralo,1,75,2,41,0.7703629035879024,0.9066666666666666,0.272,522,0.622,0.9999999,30.0,,nan,30.0,0.0,29,29,28,1,28,1,0.9655172413793104,1,29.0,0.11,0,0.4533333333333333,1,0.76,2.5733333333333333,1.8133333333333332,7.693333333333333,lrc5e-05,5e-05,0.7580042313731934,0.88,0.012358672214708988,0.026666666666666616,0.4533333333333333,0.4533333333333333
results/headroom/headroom_b30_lrc5e-05/lane0/MobileNetV3/octmnist/L30_G30/tralo/seed_2,octmnist,L30_G30,MobileNetV3,2,tralo,1,75,2,61,0.776197021568174,0.96,0.288,508,0.628,0.9999995,,,nan,30.0,11.0,29,29,29,0,29,0,1.0,0,,0.11,0,0.18666666666666668,1,1.0666666666666667,2.3866666666666667,1.32,5.1466666666666665,lrc5e-05,5e-05,0.8108231951833579,0.9199999999999999,-0.03462617361518383,0.040000000000000036,0.18666666666666668,0.18666666666666668
results/headroom/headroom_b30_lrc5e-05/lane0/MobileNetV3/octmnist/L30_G30/tralo/seed_3,octmnist,L30_G30,MobileNetV3,3,tralo,1,75,2,40,0.7668064497263221,0.8933333333333333,0.268,530,0.599,1.0,,,nan,30.0,4.0,29,29,29,0,29,0,1.0,0,,0.11,0,0.4666666666666667,1,0.9866666666666667,2.6266666666666665,1.64,7.1066666666666665,lrc5e-05,5e-05,0.8262172810605988,0.9293333333333333,-0.059410831334276715,-0.03600000000000003,0.4666666666666667,0.4666666666666667
results/headroom/headroom_b30_lrc5e-05/lane0/MobileNetV3/octmnist/L30_G30/tralo/seed_4,octmnist,L30_G30,MobileNetV3,4,tralo,1,75,2,43,0.521733807672501,0.8266666666666667,0.248,357,0.73,0.99999356,24.0,,nan,24.0,0.0,29,29,25,4,25,4,0.8620689655172413,3,23.0,0.09,0,0.4266666666666667,1,0.36,3.2533333333333334,2.8933333333333335,6.093333333333334,lrc5e-05,5e-05,0.72638479977456,0.8280000000000001,-0.20465099210205906,-0.0013333333333334085,0.4266666666666667,0.4266666666666667
results/headroom/headroom_b30_lrc5e-05/lane0/MobileNetV3/tissuemnist/L30_G30/fioretto_ldf/seed_1,tissuemnist,L30_G30,MobileNetV3,1,fioretto_ldf,1,51,4,69,0.3723792694842088,0.5882352941176471,0.17543859649122806,2400,0.0,0.3586295,,1.0,min_excess,1.0,36.0,29,1,29,0,1,0,1.0,0,,17.34641,1,-0.35294117647058826,0,,1.7058823529411764,0.0,0.7058823529411765,lrc5e-05,5e-05,0.39853999493550796,0.5557455540355678,-0.02616072545129916,0.03248974008207928,0.0,0.35294117647058826
results/headroom/headroom_b30_lrc5e-05/lane0/MobileNetV3/tissuemnist/L30_G30/fioretto_ldf/seed_2,tissuemnist,L30_G30,MobileNetV3,2,fioretto_ldf,1,51,4,98,0.3205376182552934,0.47058823529411764,0.14035087719298245,2164,0.17833333333333334,0.99922884,,11.0,min_excess,11.0,94.0,29,11,29,0,11,0,1.0,0,,20.292608,1,-0.9215686274509803,0,,9.980392156862745,7.137254901960785,53.84313725490196,lrc5e-05,5e-05,0.38482688231431644,0.6065891472868217,-0.06428926405902302,-0.13600091199270403,0.0,0.9215686274509803
results/headroom/headroom_b30_lrc5e-05/lane0/MobileNetV3/tissuemnist/L30_G30/fioretto_ldf/seed_3,tissuemnist,L30_G30,MobileNetV3,3,fioretto_ldf,1,51,4,70,0.3560287132311669,0.5882352941176471,0.17543859649122806,1831,0.35041666666666665,0.99992156,,14.0,min_excess,14.0,38.0,29,14,29,0,14,0,1.0,0,,14.242622,1,-0.37254901960784315,0,,4.882352941176471,3.1372549019607843,29.88235294117647,lrc5e-05,5e-05,0.411828463207173,0.5691974464204286,-0.05579974997600606,0.019037847697218502,0.0,0.37254901960784315
results/headroom/headroom_b30_lrc5e-05/lane0/MobileNetV3/tissuemnist/L30_G30/fioretto_ldf/seed_4,tissuemnist,L30_G30,MobileNetV3,4,fioretto_ldf,1,51,4,39,0.3668206069141085,0.5490196078431373,0.16374269005847952,2399,0.0,0.3933086,1.0,1.0,fully_satisfied,1.0,0.0,29,1,28,1,0,1,0.0,1,1.0,14.231337,1,0.23529411764705882,0,,1.0,0.0,0.0,lrc5e-05,5e-05,0.38274006452985887,0.4990880072959416,-0.015919457615750365,0.0499316005471957,0.23529411764705882,0.23529411764705882
results/headroom/headroom_b30_lrc5e-05/lane0/MobileNetV3/tissuemnist/L30_G30/hounie_rcl/seed_1,tissuemnist,L30_G30,MobileNetV3,1,hounie_rcl,1,51,4,69,0.3723792694842088,0.5882352941176471,0.17543859649122806,2400,0.0,0.3586295,,1.0,min_excess,1.0,36.0,29,1,29,0,1,0,1.0,0,,0.015292,1,-0.35294117647058826,0,,1.7058823529411764,0.0,0.7058823529411765,lrc5e-05,5e-05,0.39853999493550796,0.5557455540355678,-0.02616072545129916,0.03248974008207928,0.0,0.35294117647058826
results/headroom/headroom_b30_lrc5e-05/lane0/MobileNetV3/tissuemnist/L30_G30/hounie_rcl/seed_2,tissuemnist,L30_G30,MobileNetV3,2,hounie_rcl,1,51,4,90,0.3126053721399698,0.45098039215686275,0.13450292397660818,2251,0.12,0.998212,,11.0,min_excess,11.0,78.0,29,11,29,0,11,0,1.0,0,,0.017132,1,-0.7647058823529411,0,,9.980392156862745,7.450980392156863,55.13725490196079,lrc5e-05,5e-05,0.38482688231431644,0.6065891472868217,-0.07222151017434664,-0.15560875512995892,0.0,0.7647058823529411
results/headroom/headroom_b30_lrc5e-05/lane0/MobileNetV3/tissuemnist/L30_G30/hounie_rcl/seed_3,tissuemnist,L30_G30,MobileNetV3,3,hounie_rcl,1,51,4,66,0.33533529643253845,0.5882352941176471,0.17543859649122806,2048,0.23875,0.998757,,14.0,min_excess,14.0,30.0,29,14,29,0,14,0,1.0,0,,0.011181,1,-0.29411764705882354,0,,6.137254901960785,4.549019607843137,32.07843137254902,lrc5e-05,5e-05,0.411828463207173,0.5691974464204286,-0.07649316677463452,0.019037847697218502,0.0,0.29411764705882354
results/headroom/headroom_b30_lrc5e-05/lane0/MobileNetV3/tissuemnist/L30_G30/hounie_rcl/seed_4,tissuemnist,L30_G30,MobileNetV3,4,hounie_rcl,1,51,4,39,0.3668206069141085,0.5490196078431373,0.16374269005847952,2399,0.0,0.3933086,1.0,1.0,fully_satisfied,1.0,0.0,29,1,28,1,0,1,0.0,1,1.0,0.010839,1,0.23529411764705882,0,,1.0,0.0,0.0,lrc5e-05,5e-05,0.38274006452985887,0.4990880072959416,-0.015919457615750365,0.0499316005471957,0.23529411764705882,0.23529411764705882
results/headroom/headroom_b30_lrc5e-05/lane0/MobileNetV3/tissuemnist/L30_G30/tralo/seed_1,tissuemnist,L30_G30,MobileNetV3,1,tralo,1,51,4,69,0.3723792694842088,0.5882352941176471,0.17543859649122806,2400,0.0,0.3586295,,2.0,min_excess,2.0,36.0,29,1,29,0,1,0,1.0,0,,0.11,1,-0.35294117647058826,1,1.3529411764705883,1.3529411764705883,0.0,0.35294117647058826,lrc5e-05,5e-05,0.39853999493550796,0.5557455540355678,-0.02616072545129916,0.03248974008207928,0.0,0.35294117647058826
results/headroom/headroom_b30_lrc5e-05/lane0/MobileNetV3/tissuemnist/L30_G30/tralo/seed_2,tissuemnist,L30_G30,MobileNetV3,2,tralo,1,51,4,108,0.31237368019106854,0.49019607843137253,0.14619883040935672,2237,0.13958333333333334,0.9996228,,12.0,min_excess,12.0,114.0,29,11,29,0,11,0,1.0,0,,0.11,1,-1.1176470588235294,1,2.1372549019607843,5.490196078431373,3.3529411764705883,7.0588235294117645,lrc5e-05,5e-05,0.38482688231431644,0.6065891472868217,-0.0724532021232479,-0.11639306885544914,0.0,1.1176470588235294
results/headroom/headroom_b30_lrc5e-05/lane0/MobileNetV3/tissuemnist/L30_G30/tralo/seed_3,tissuemnist,L30_G30,MobileNetV3,3,tralo,1,51,4,69,0.33114298846904283,0.47058823529411764,0.14035087719298245,2400,0.0,0.64301026,,3.0,min_excess,3.0,36.0,29,2,29,0,2,0,1.0,0,,0.11,1,-0.35294117647058826,1,1.4313725490196079,1.4313725490196079,0.0,0.43137254901960786,lrc5e-05,5e-05,0.411828463207173,0.5691974464204286,-0.08068547473813015,-0.09860921112631094,0.0,0.35294117647058826
results/headroom/headroom_b30_lrc5e-05/lane0/MobileNetV3/tissuemnist/L30_G30/tralo/seed_4,tissuemnist,L30_G30,MobileNetV3,4,tralo,1,51,4,39,0.3668206069141085,0.5490196078431373,0.16374269005847952,2399,0.0,0.3933086,2.0,2.0,fully_satisfied,2.0,0.0,29,1,28,1,0,1,0.0,1,1.0,0.05,1,0.23529411764705882,1,0.7647058823529411,0.7647058823529411,0.0,0.0,lrc5e-05,5e-05,0.38274006452985887,0.4990880072959416,-0.015919457615750365,0.0499316005471957,0.23529411764705882,0.23529411764705882
results/headroom/headroom_b30_lrc5e-05/lane1/MobileNetV3/dermmnist/L50_G50/fioretto_ldf/seed_1,dermmnist,L50_G50,MobileNetV3,1,fioretto_ldf,1,112,4,97,0.617997817223513,0.7767857142857143,0.3901345291479821,1108,0.5781328007988018,0.9999999,17.0,,nan,17.0,0.0,21,21,16,5,16,5,0.7619047619047619,1,17.0,5.679396,0,0.13392857142857142,0,,3.3482142857142856,2.3482142857142856,17.803571428571427,lrc5e-05,5e-05,0.6994360828307511,0.8837953091684434,-0.0814382656072381,-0.1070095948827291,0.13392857142857142,0.13392857142857142
results/headroom/headroom_b30_lrc5e-05/lane1/MobileNetV3/dermmnist/L50_G50/fioretto_ldf/seed_2,dermmnist,L50_G50,MobileNetV3,2,fioretto_ldf,1,112,4,72,0.5965517994410625,0.7410714285714286,0.3721973094170404,1027,0.6340489266100848,1.0,18.0,,nan,18.0,0.0,22,22,17,5,17,5,0.7727272727272727,1,18.0,7.829141,0,0.35714285714285715,0,,3.5982142857142856,2.5982142857142856,25.616071428571427,lrc5e-05,5e-05,0.6850627078056499,0.818230277185501,-0.08851090836458742,-0.0771588486140724,0.35714285714285715,0.35714285714285715
results/headroom/headroom_b30_lrc5e-05/lane1/MobileNetV3/dermmnist/L50_G50/fioretto_ldf/seed_3,dermmnist,L50_G50,MobileNetV3,3,fioretto_ldf,1,112,4,94,0.6290074924539508,0.7410714285714286,0.3721973094170404,1070,0.5921118322516226,1.0,16.0,,nan,16.0,0.0,20,20,15,5,15,5,0.75,1,16.0,5.893824,0,0.16071428571428573,0,,3.5267857142857144,2.5267857142857144,18.892857142857142,lrc5e-05,5e-05,0.7056520413443165,0.8852611940298507,-0.07664454889036565,-0.1441897654584221,0.16071428571428573,0.16071428571428573
results/headroom/headroom_b30_lrc5e-05/lane1/MobileNetV3/dermmnist/L50_G50/fioretto_ldf/seed_4,dermmnist,L50_G50,MobileNetV3,4,fioretto_ldf,1,112,4,87,0.5603189427060886,0.7321428571428571,0.36771300448430494,1018,0.6285571642536195,1.0,13.0,,nan,13.0,0.0,23,23,17,6,17,6,0.7391304347826086,3,13.0,7.007968,0,0.22321428571428573,0,,3.4732142857142856,2.4732142857142856,22.035714285714285,lrc5e-05,5e-05,0.679767880298651,0.8600079957356077,-0.11944893759256237,-0.12786513859275062,0.22321428571428573,0.22321428571428573
results/headroom/headroom_b30_lrc5e-05/lane1/MobileNetV3/dermmnist/L50_G50/hounie_rcl/seed_1,dermmnist,L50_G50,MobileNetV3,1,hounie_rcl,1,112,4,55,0.5725135201952637,0.7053571428571429,0.3542600896860987,1059,0.6045931103344983,0.99999917,25.0,,nan,25.0,0.0,29,29,24,5,24,5,0.8275862068965517,1,25.0,0.007774,0,0.5089285714285714,0,,3.3482142857142856,2.3482142857142856,26.339285714285715,lrc5e-05,5e-05,0.6994360828307511,0.8837953091684434,-0.1269225626354874,-0.1784381663113005,0.5089285714285714,0.5089285714285714
results/headroom/headroom_b30_lrc5e-05/lane1/MobileNetV3/dermmnist/L50_G50/hounie_rcl/seed_2,dermmnist,L50_G50,MobileNetV3,2,hounie_rcl,1,112,4,55,0.5789787923693491,0.7410714285714286,0.3721973094170404,973,0.655516724912631,0.9999995,23.0,,nan,23.0,0.0,27,27,22,5,22,5,0.8148148148148148,1,23.0,0.008026,0,0.5089285714285714,0,,3.5982142857142856,2.5982142857142856,26.25,lrc5e-05,5e-05,0.6850627078056499,0.818230277185501,-0.1060839154363008,-0.0771588486140724,0.5089285714285714,0.5089285714285714
results/headroom/headroom_b30_lrc5e-05/lane1/MobileNetV3/dermmnist/L50_G50/hounie_rcl/seed_3,dermmnist,L50_G50,MobileNetV3,3,hounie_rcl,1,112,4,58,0.5562836416155453,0.7321428571428571,0.36771300448430494,1023,0.6265601597603595,0.99999964,24.0,,nan,24.0,0.0,28,28,23,5,23,5,0.8214285714285714,1,24.0,0.006483,0,0.48214285714285715,0,,3.580357142857143,2.580357142857143,21.017857142857142,lrc5e-05,5e-05,0.7056520413443165,0.8852611940298507,-0.14936839972877114,-0.1531183368869936,0.48214285714285715,0.48214285714285715
results/headroom/headroom_b30_lrc5e-05/lane1/MobileNetV3/dermmnist/L50_G50/hounie_rcl/seed_4,dermmnist,L50_G50,MobileNetV3,4,hounie_rcl,1,112,4,55,0.49844451630680814,0.6428571428571429,0.32286995515695066,1146,0.5751372940589117,1.0,23.0,,nan,23.0,0.0,27,27,22,5,22,5,0.8148148148148148,1,23.0,0.00802,0,0.5089285714285714,0,,3.3660714285714284,2.3660714285714284,24.875,lrc5e-05,5e-05,0.679767880298651,0.8600079957356077,-0.18132336399184285,-0.2171508528784648,0.5089285714285714,0.5089285714285714
results/headroom/headroom_b30_lrc5e-05/lane1/MobileNetV3/dermmnist/L50_G50/tralo/seed_1,dermmnist,L50_G50,MobileNetV3,1,tralo,1,112,4,3,0.3704606464206333,0.4732142857142857,0.23766816143497757,289,0.9360958562156765,0.9807029,16.0,,nan,16.0,0.0,24,24,18,6,18,6,0.75,3,15.0,0.07,0,0.9732142857142857,1,0.026785714285714284,2.080357142857143,2.0535714285714284,2.392857142857143,lrc5e-05,5e-05,0.6994360828307511,0.8837953091684434,-0.3289754364101178,-0.4105810234541577,0.9732142857142857,0.9732142857142857
results/headroom/headroom_b30_lrc5e-05/lane1/MobileNetV3/dermmnist/L50_G50/tralo/seed_2,dermmnist,L50_G50,MobileNetV3,2,tralo,1,112,4,100,0.607899239957911,0.7857142857142857,0.39461883408071746,1015,0.6265601597603595,0.99999976,19.0,,nan,19.0,0.0,26,26,20,6,20,6,0.7692307692307693,3,18.0,0.08,0,0.10714285714285714,1,0.44642857142857145,2.294642857142857,1.8482142857142858,2.419642857142857,lrc5e-05,5e-05,0.6850627078056499,0.818230277185501,-0.07716346784773898,-0.03251599147121531,0.10714285714285714,0.10714285714285714
results/headroom/headroom_b30_lrc5e-05/lane1/MobileNetV3/dermmnist/L50_G50/tralo/seed_3,dermmnist,L50_G50,MobileNetV3,3,tralo,1,112,4,93,0.6298202339892037,0.7767857142857143,0.3901345291479821,989,0.6265601597603595,0.99999976,10.0,,nan,10.0,0.0,29,29,19,10,19,10,0.6551724137931034,9,9.0,0.06,0,0.16964285714285715,1,0.7767857142857143,1.7410714285714286,0.9642857142857143,1.0714285714285714,lrc5e-05,5e-05,0.7056520413443165,0.8852611940298507,-0.07583180735511275,-0.1084754797441364,0.16964285714285715,0.16964285714285715
results/headroom/headroom_b30_lrc5e-05/lane1/MobileNetV3/dermmnist/L50_G50/tralo/seed_4,dermmnist,L50_G50,MobileNetV3,4,tralo,1,112,4,90,0.5721085218340268,0.7232142857142857,0.3632286995515695,1094,0.5791313030454318,1.0,4.0,,nan,4.0,0.0,21,21,15,6,15,6,0.7142857142857143,5,3.0,0.05,0,0.19642857142857142,1,0.6607142857142857,1.9910714285714286,1.3303571428571428,1.9375,lrc5e-05,5e-05,0.679767880298651,0.8600079957356077,-0.10765935846462416,-0.136793710021322,0.19642857142857142,0.19642857142857142
results/headroom/headroom_b30_lrc5e-05/lane1/MobileNetV3/octmnist/L50_G50/fioretto_ldf/seed_1,octmnist,L50_G50,MobileNetV3,1,fioretto_ldf,1,125,2,115,0.7935901398376816,0.904,0.452,573,0.538,1.0,2.0,,nan,2.0,0.0,23,23,16,7,16,7,0.6956521739130435,5,2.0,4.496147,0,0.08,0,,3.736,2.736,13.84,lrc5e-05,5e-05,0.7580042313731934,0.88,0.03558590846448817,0.02400000000000002,0.08,0.08
results/headroom/headroom_b30_lrc5e-05/lane1/MobileNetV3/octmnist/L50_G50/fioretto_ldf/seed_2,octmnist,L50_G50,MobileNetV3,2,fioretto_ldf,1,125,2,105,0.8100390074229084,0.896,0.448,675,0.474,1.0,2.0,,nan,2.0,0.0,28,28,20,8,20,8,0.7142857142857143,7,2.0,2.934503,0,0.16,0,,2.376,1.376,8.024,lrc5e-05,5e-05,0.8108231951833579,0.9199999999999999,-0.0007841877604495284,-0.02399999999999991,0.16,0.16
results/headroom/headroom_b30_lrc5e-05/lane1/MobileNetV3/octmnist/L50_G50/fioretto_ldf/seed_3,octmnist,L50_G50,MobileNetV3,3,fioretto_ldf,1,125,2,91,0.748031793455753,0.816,0.408,698,0.443,1.0,25.0,,nan,25.0,0.0,29,29,24,5,24,5,0.8275862068965517,1,25.0,6.457829,0,0.272,0,,2.68,1.68,19.608,lrc5e-05,5e-05,0.8262172810605988,0.9293333333333333,-0.07818548760484578,-0.1133333333333334,0.272,0.272
results/headroom/headroom_b30_lrc5e-05/lane1/MobileNetV3/octmnist/L50_G50/fioretto_ldf/seed_4,octmnist,L50_G50,MobileNetV3,4,fioretto_ldf,1,125,2,113,0.7732103909049659,0.848,0.424,562,0.563,1.0,1.0,,nan,1.0,0.0,22,22,14,8,14,8,0.6363636363636364,6,1.0,2.763252,0,0.096,0,,2.024,1.024,7.56,lrc5e-05,5e-05,0.72638479977456,0.8280000000000001,0.04682559113040585,0.019999999999999907,0.096,0.096
results/headroom/headroom_b30_lrc5e-05/lane1/MobileNetV3/octmnist/L50_G50/hounie_rcl/seed_1,octmnist,L50_G50,MobileNetV3,1,hounie_rcl,1,125,2,39,0.7741479691333015,0.864,0.432,416,0.708,0.99999905,2.0,,nan,2.0,0.0,29,29,22,7,22,7,0.7586206896551724,5,2.0,0.010686,0,0.688,0,,3.448,2.448,16.416,lrc5e-05,5e-05,0.7580042313731934,0.88,0.016143737760108134,-0.016000000000000014,0.688,0.688
results/headroom/headroom_b30_lrc5e-05/lane1/MobileNetV3/octmnist/L50_G50/hounie_rcl/seed_2,octmnist,L50_G50,MobileNetV3,2,hounie_rcl,1,125,2,54,0.8005936892376107,0.936,0.468,549,0.602,0.99999976,2.0,,nan,2.0,0.0,29,29,24,5,24,5,0.8275862068965517,5,2.0,0.008185,0,0.568,0,,2.584,1.584,11.968,lrc5e-05,5e-05,0.8108231951833579,0.9199999999999999,-0.01022950594574723,0.016000000000000125,0.568,0.568
results/headroom/headroom_b30_lrc5e-05/lane1/MobileNetV3/octmnist/L50_G50/hounie_rcl/seed_3,octmnist,L50_G50,MobileNetV3,3,hounie_rcl,1,125,2,76,0.7517190748766893,0.856,0.428,582,0.547,1.0,13.0,,nan,13.0,0.0,29,29,26,3,26,3,0.896551724137931,3,13.0,0.010786,0,0.392,0,,2.648,1.648,16.76,lrc5e-05,5e-05,0.8262172810605988,0.9293333333333333,-0.07449820618390945,-0.07333333333333336,0.392,0.392
results/headroom/headroom_b30_lrc5e-05/lane1/MobileNetV3/octmnist/L50_G50/hounie_rcl/seed_4,octmnist,L50_G50,MobileNetV3,4,hounie_rcl,1,125,2,58,0.7600096272892373,0.88,0.44,503,0.649,0.99999917,1.0,,nan,1.0,0.0,25,25,17,8,17,8,0.68,6,1.0,0.007428,0,0.536,0,,2.36,1.36,11.256,lrc5e-05,5e-05,0.72638479977456,0.8280000000000001,0.033624827514677214,0.051999999999999935,0.536,0.536
results/headroom/headroom_b30_lrc5e-05/lane1/MobileNetV3/octmnist/L50_G50/tralo/seed_1,octmnist,L50_G50,MobileNetV3,1,tralo,1,125,2,111,0.8049718569530617,0.92,0.46,611,0.512,1.0,3.0,,nan,3.0,0.0,23,23,17,6,17,6,0.7391304347826086,5,2.0,0.05,0,0.112,1,0.688,1.528,0.84,1.296,lrc5e-05,5e-05,0.7580042313731934,0.88,0.04696762557986833,0.040000000000000036,0.112,0.112
results/headroom/headroom_b30_lrc5e-05/lane1/MobileNetV3/octmnist/L50_G50/tralo/seed_2,octmnist,L50_G50,MobileNetV3,2,tralo,1,125,2,100,0.8097262492029692,0.896,0.448,642,0.493,0.99999976,3.0,,nan,3.0,0.0,28,28,21,7,21,7,0.75,5,2.0,0.05,0,0.2,1,0.624,1.536,0.912,0.864,lrc5e-05,5e-05,0.8108231951833579,0.9199999999999999,-0.001096945980388675,-0.02399999999999991,0.2,0.2
results/headroom/headroom_b30_lrc5e-05/lane1/MobileNetV3/octmnist/L50_G50/tralo/seed_3,octmnist,L50_G50,MobileNetV3,3,tralo,1,125,2,89,0.7482427618969594,0.84,0.42,589,0.542,0.9999999,4.0,,nan,4.0,0.0,29,29,24,5,24,5,0.8275862068965517,7,3.0,0.05,0,0.288,1,0.728,1.72,0.992,2.232,lrc5e-05,5e-05,0.8262172810605988,0.9293333333333333,-0.0779745191636394,-0.08933333333333338,0.288,0.288
results/headroom/headroom_b30_lrc5e-05/lane1/MobileNetV3/octmnist/L50_G50/tralo/seed_4,octmnist,L50_G50,MobileNetV3,4,tralo,1,125,2,97,0.7879921052878472,0.912,0.456,512,0.596,1.0,2.0,,nan,2.0,0.0,29,29,25,4,25,4,0.8620689655172413,6,1.0,0.05,0,0.224,1,0.784,1.568,0.784,1.592,lrc5e-05,5e-05,0.72638479977456,0.8280000000000001,0.06160730551328719,0.08399999999999996,0.224,0.224
results/headroom/headroom_b30_lrc5e-05/lane1/MobileNetV3/tissuemnist/L50_G50/fioretto_ldf/seed_1,tissuemnist,L50_G50,MobileNetV3,1,fioretto_ldf,1,86,4,76,0.4201105916345517,0.5465116279069767,0.27485380116959063,2283,0.11541666666666667,0.88144076,1.0,6.0,fully_satisfied,1.0,0.0,29,6,27,2,4,2,0.6666666666666666,3,1.0,12.48559,1,0.11627906976744186,0,,2.86046511627907,1.8604651162790697,4.4186046511627906,lrc5e-05,5e-05,0.39853999493550796,0.5557455540355678,0.021570596699043765,-0.009233926128591086,0.11627906976744186,0.11627906976744186
results/headroom/headroom_b30_lrc5e-05/lane1/MobileNetV3/tissuemnist/L50_G50/fioretto_ldf/seed_2,tissuemnist,L50_G50,MobileNetV3,2,fioretto_ldf,1,86,4,98,0.3205376182552934,0.46511627906976744,0.23391812865497075,2164,0.17833333333333334,0.99922884,,11.0,min_excess,11.0,24.0,29,11,29,0,11,0,1.0,0,,15.190786,1,-0.13953488372093023,0,,5.511627906976744,4.232558139534884,22.976744186046513,lrc5e-05,5e-05,0.38482688231431644,0.6065891472868217,-0.06428926405902302,-0.14147286821705424,0.0,0.13953488372093023
results/headroom/headroom_b30_lrc5e-05/lane1/MobileNetV3/tissuemnist/L50_G50/fioretto_ldf/seed_3,tissuemnist,L50_G50,MobileNetV3,3,fioretto_ldf,1,86,4,68,0.3654601491969832,0.5348837209302325,0.26900584795321636,1783,0.36583333333333334,0.99995255,1.0,14.0,fully_satisfied,1.0,0.0,29,14,26,3,11,3,0.7857142857142857,5,1.0,9.390167,1,0.20930232558139536,0,,2.488372093023256,1.4883720930232558,7.034883720930233,lrc5e-05,5e-05,0.411828463207173,0.5691974464204286,-0.04636831401018976,-0.03431372549019607,0.20930232558139536,0.20930232558139536
results/headroom/headroom_b30_lrc5e-05/lane1/MobileNetV3/tissuemnist/L50_G50/fioretto_ldf/seed_4,tissuemnist,L50_G50,MobileNetV3,4,fioretto_ldf,1,86,4,73,0.40698453685736175,0.5116279069767442,0.2573099415204678,2383,0.04833333333333333,0.96906537,1.0,,nan,1.0,0.0,5,5,0,5,0,5,0.0,0,1.0,1.309547,0,0.1511627906976744,0,,1.0,0.0,0.0,lrc5e-05,5e-05,0.38274006452985887,0.4990880072959416,0.024244472327502875,0.012539899680802602,0.1511627906976744,0.1511627906976744
results/headroom/headroom_b30_lrc5e-05/lane1/MobileNetV3/tissuemnist/L50_G50/hounie_rcl/seed_1,tissuemnist,L50_G50,MobileNetV3,1,hounie_rcl,1,86,4,69,0.3723792694842088,0.47674418604651164,0.23976608187134502,2400,0.0,0.3586295,1.0,1.0,fully_satisfied,1.0,0.0,29,1,28,1,0,1,0.0,1,1.0,0.01059,1,0.19767441860465115,0,,1.0,0.0,0.0,lrc5e-05,5e-05,0.39853999493550796,0.5557455540355678,-0.02616072545129916,-0.07900136798905616,0.19767441860465115,0.19767441860465115
results/headroom/headroom_b30_lrc5e-05/lane1/MobileNetV3/tissuemnist/L50_G50/hounie_rcl/seed_2,tissuemnist,L50_G50,MobileNetV3,2,hounie_rcl,1,86,4,81,0.30219320697536933,0.43023255813953487,0.21637426900584794,2227,0.15208333333333332,0.9979692,11.0,11.0,fully_satisfied,11.0,0.0,29,11,28,1,10,1,0.9090909090909091,2,11.0,0.012892,1,0.05813953488372093,0,,5.511627906976744,4.511627906976744,24.069767441860463,lrc5e-05,5e-05,0.38482688231431644,0.6065891472868217,-0.08263367533894711,-0.1763565891472868,0.05813953488372093,0.05813953488372093
results/headroom/headroom_b30_lrc5e-05/lane1/MobileNetV3/tissuemnist/L50_G50/hounie_rcl/seed_3,tissuemnist,L50_G50,MobileNetV3,3,hounie_rcl,1,86,4,84,0.39560492866535446,0.5,0.25146198830409355,1475,0.4945833333333333,0.9999989,1.0,20.0,fully_satisfied,1.0,0.0,29,20,26,3,17,3,0.85,5,1.0,0.007649,1,0.023255813953488372,0,,4.255813953488372,3.255813953488372,18.91860465116279,lrc5e-05,5e-05,0.411828463207173,0.5691974464204286,-0.01622353454181852,-0.06919744642042858,0.023255813953488372,0.023255813953488372
results/headroom/headroom_b30_lrc5e-05/lane1/MobileNetV3/tissuemnist/L50_G50/hounie_rcl/seed_4,tissuemnist,L50_G50,MobileNetV3,4,hounie_rcl,1,86,4,69,0.41077445869237894,0.5348837209302325,0.26900584795321636,2399,0.013333333333333334,0.94937843,1.0,4.0,fully_satisfied,1.0,0.0,29,4,25,4,0,4,0.0,1,1.0,0.008659,1,0.19767441860465115,0,,1.0,0.0,0.0,lrc5e-05,5e-05,0.38274006452985887,0.4990880072959416,0.02803439416252007,0.035795713634290904,0.19767441860465115,0.19767441860465115
results/headroom/headroom_b30_lrc5e-05/lane1/MobileNetV3/tissuemnist/L50_G50/tralo/seed_1,tissuemnist,L50_G50,MobileNetV3,1,tralo,1,86,4,70,0.4228973060575455,0.5697674418604651,0.28654970760233917,2326,0.09166666666666666,0.83099073,2.0,7.0,fully_satisfied,2.0,0.0,29,6,27,2,4,2,0.6666666666666666,3,1.0,0.05,1,0.18604651162790697,1,0.8023255813953488,1.2093023255813953,0.4069767441860465,0.20930232558139536,lrc5e-05,5e-05,0.39853999493550796,0.5557455540355678,0.02435731112203754,0.014021887824897328,0.18604651162790697,0.18604651162790697
results/headroom/headroom_b30_lrc5e-05/lane1/MobileNetV3/tissuemnist/L50_G50/tralo/seed_2,tissuemnist,L50_G50,MobileNetV3,2,tralo,1,86,4,106,0.4358191789225598,0.5813953488372093,0.29239766081871343,2400,0.010833333333333334,0.9514977,,5.0,min_excess,5.0,40.0,29,4,29,0,4,0,1.0,0,,0.11,1,-0.23255813953488372,1,1.2325581395348837,3.255813953488372,2.0232558139534884,2.488372093023256,lrc5e-05,5e-05,0.38482688231431644,0.6065891472868217,0.05099229660824334,-0.025193798449612337,0.0,0.23255813953488372
results/headroom/headroom_b30_lrc5e-05/lane1/MobileNetV3/tissuemnist/L50_G50/tralo/seed_3,tissuemnist,L50_G50,MobileNetV3,3,tralo,1,86,4,74,0.3956867283663604,0.5930232558139535,0.2982456140350877,2165,0.18791666666666668,0.9812595,2.0,9.0,fully_satisfied,2.0,0.0,29,8,25,4,4,4,0.5,7,1.0,0.05,1,0.13953488372093023,1,0.8372093023255814,0.9186046511627907,0.08139534883720931,0.0,lrc5e-05,5e-05,0.411828463207173,0.5691974464204286,-0.016141734840812605,0.023825809393524966,0.13953488372093023,0.13953488372093023
results/headroom/headroom_b30_lrc5e-05/lane1/MobileNetV3/tissuemnist/L50_G50/tralo/seed_4,tissuemnist,L50_G50,MobileNetV3,4,tralo,1,86,4,61,0.4115840946192625,0.5116279069767442,0.2573099415204678,2381,0.04083333333333333,0.9715888,2.0,,nan,2.0,0.0,4,4,0,4,0,4,0.0,0,1.0,0.05,0,0.29069767441860467,1,0.45348837209302323,0.8023255813953488,0.3488372093023256,0.0,lrc5e-05,5e-05,0.38274006452985887,0.4990880072959416,0.028844030089403616,0.012539899680802602,0.29069767441860467,0.29069767441860467
results/headroom/headroom_b30_lrc5e-05/lane2/RegNetY400MF/dermmnist/L30_G30/fioretto_ldf/seed_1,dermmnist,L30_G30,RegNetY400MF,1,fioretto_ldf,1,67,4,33,0.5256425019397256,0.8208955223880597,0.24663677130044842,1998,0.00199700449326011,0.9999509,17.0,,nan,17.0,0.0,21,21,16,5,16,5,0.7619047619047619,1,17.0,9.696385,0,0.5074626865671642,0,,5.746268656716418,4.746268656716418,51.46268656716418,lrc5e-05,5e-05,0.7013511596879296,0.8674040511727079,-0.175708657748204,-0.04650852878464817,0.5074626865671642,0.5074626865671642
results/headroom/headroom_b30_lrc5e-05/lane2/RegNetY400MF/dermmnist/L30_G30/fioretto_ldf/seed_2,dermmnist,L30_G30,RegNetY400MF,2,fioretto_ldf,1,67,4,29,0.4679621344043263,0.6865671641791045,0.2062780269058296,2002,0.006989515726410384,0.99299884,17.0,,nan,17.0,0.0,21,21,16,5,16,5,0.7619047619047619,1,17.0,9.193439,0,0.5671641791044776,0,,5.2388059701492535,4.2388059701492535,46.02985074626866,lrc5e-05,5e-05,0.640130894062552,0.7973747334754797,-0.17216875965822565,-0.11080756929637525,0.5671641791044776,0.5671641791044776
results/headroom/headroom_b30_lrc5e-05/lane2/RegNetY400MF/dermmnist/L30_G30/fioretto_ldf/seed_3,dermmnist,L30_G30,RegNetY400MF,3,fioretto_ldf,1,67,4,38,0.5196508423077282,0.8656716417910447,0.2600896860986547,2000,0.00399400898652022,0.99992406,16.0,,nan,16.0,0.0,20,20,15,5,15,5,0.75,1,16.0,8.527861,0,0.43283582089552236,0,,6.492537313432836,5.492537313432836,46.38805970149254,lrc5e-05,5e-05,0.7020126218145958,0.8376199360341151,-0.1823617795068676,0.028051705756929612,0.43283582089552236,0.43283582089552236
results/headroom/headroom_b30_lrc5e-05/lane2/RegNetY400MF/dermmnist/L30_G30/fioretto_ldf/seed_4,dermmnist,L30_G30,RegNetY400MF,4,fioretto_ldf,1,67,4,47,0.5402848206678398,0.7761194029850746,0.23318385650224216,1996,0.003494757863205192,0.99998605,18.0,,nan,18.0,0.0,22,22,17,5,17,5,0.7727272727272727,1,18.0,9.090371,0,0.29850746268656714,0,,5.029850746268656,4.029850746268656,46.83582089552239,lrc5e-05,5e-05,0.7005271208528738,0.8510127931769722,-0.16024230018503405,-0.07489339019189756,0.29850746268656714,0.29850746268656714
results/headroom/headroom_b30_lrc5e-05/lane2/RegNetY400MF/dermmnist/L30_G30/hounie_rcl/seed_1,dermmnist,L30_G30,RegNetY400MF,1,hounie_rcl,1,67,4,11,0.4217832511455483,0.7014925373134329,0.21076233183856502,1997,0.005991013479780329,0.9979633,22.0,,nan,22.0,0.0,26,26,21,5,21,5,0.8076923076923077,1,22.0,0.011143,0,0.835820895522388,0,,5.029850746268656,4.029850746268656,60.1044776119403,lrc5e-05,5e-05,0.7013511596879296,0.8674040511727079,-0.2795679085423813,-0.16591151385927505,0.835820895522388,0.835820895522388
results/headroom/headroom_b30_lrc5e-05/lane2/RegNetY400MF/dermmnist/L30_G30/hounie_rcl/seed_2,dermmnist,L30_G30,RegNetY400MF,2,hounie_rcl,1,67,4,21,0.4663191981281279,0.7761194029850746,0.23318385650224216,1994,0.004992511233150275,0.9809645,22.0,,nan,22.0,0.0,26,26,21,5,21,5,0.8076923076923077,1,22.0,0.010589,0,0.6865671641791045,0,,5.0,4.0,54.97014925373134,lrc5e-05,5e-05,0.640130894062552,0.7973747334754797,-0.17381169593442408,-0.021255330490405067,0.6865671641791045,0.6865671641791045
results/headroom/headroom_b30_lrc5e-05/lane2/RegNetY400MF/dermmnist/L30_G30/hounie_rcl/seed_3,dermmnist,L30_G30,RegNetY400MF,3,hounie_rcl,1,67,4,10,0.441104917133352,0.7313432835820896,0.21973094170403587,1988,0.020469296055916127,0.9992078,24.0,,nan,24.0,0.0,28,28,23,5,23,5,0.8214285714285714,1,24.0,0.01242,0,0.8507462686567164,0,,6.492537313432836,5.492537313432836,69.41791044776119,lrc5e-05,5e-05,0.7020126218145958,0.8376199360341151,-0.2609077046812438,-0.10627665245202556,0.8507462686567164,0.8507462686567164
results/headroom/headroom_b30_lrc5e-05/lane2/RegNetY400MF/dermmnist/L30_G30/hounie_rcl/seed_4,dermmnist,L30_G30,RegNetY400MF,4,hounie_rcl,1,67,4,15,0.3975006759149397,0.5522388059701493,0.16591928251121077,1997,0.013979031452820768,0.99557316,22.0,,nan,22.0,0.0,26,26,21,5,21,5,0.8076923076923077,1,22.0,0.011169,0,0.7761194029850746,0,,5.268656716417911,4.268656716417911,58.92537313432836,lrc5e-05,5e-05,0.7005271208528738,0.8510127931769722,-0.3030264449379341,-0.2987739872068229,0.7761194029850746,0.7761194029850746
results/headroom/headroom_b30_lrc5e-05/lane2/RegNetY400MF/dermmnist/L30_G30/tralo/seed_1,dermmnist,L30_G30,RegNetY400MF,1,tralo,1,67,4,22,0.3745273244415375,0.7164179104477612,0.21524663677130046,2001,0.0044932601098352475,0.9933836,17.0,,nan,17.0,0.0,29,29,22,7,22,7,0.7586206896551724,5,16.0,0.08,0,0.6716417910447762,1,0.2537313432835821,6.701492537313433,6.447761194029851,11.64179104477612,lrc5e-05,5e-05,0.7013511596879296,0.8674040511727079,-0.3268238352463921,-0.15098614072494676,0.6716417910447762,0.6716417910447762
results/headroom/headroom_b30_lrc5e-05/lane2/RegNetY400MF/dermmnist/L30_G30/tralo/seed_2,dermmnist,L30_G30,RegNetY400MF,2,tralo,1,67,4,37,0.3934488179112767,0.6567164179104478,0.19730941704035873,2000,0.0029955067398901645,0.9999542,17.0,,nan,17.0,0.0,24,24,18,6,18,6,0.75,3,16.0,0.08,0,0.44776119402985076,1,0.19402985074626866,5.611940298507463,5.417910447761194,9.552238805970148,lrc5e-05,5e-05,0.640130894062552,0.7973747334754797,-0.24668207615127524,-0.14065831556503194,0.44776119402985076,0.44776119402985076
results/headroom/headroom_b30_lrc5e-05/lane2/RegNetY400MF/dermmnist/L30_G30/tralo/seed_3,dermmnist,L30_G30,RegNetY400MF,3,tralo,1,67,4,57,0.4502254865765088,0.8507462686567164,0.2556053811659193,2001,0.000998502246630055,0.9994172,16.0,28.0,fully_satisfied,16.0,0.0,29,27,22,7,20,7,0.7407407407407407,6,15.0,0.08,1,0.14925373134328357,1,0.5671641791044776,3.746268656716418,3.1791044776119404,8.895522388059701,lrc5e-05,5e-05,0.7020126218145958,0.8376199360341151,-0.251787135238087,0.013126332622601322,0.14925373134328357,0.14925373134328357
results/headroom/headroom_b30_lrc5e-05/lane2/RegNetY400MF/dermmnist/L30_G30/tralo/seed_4,dermmnist,L30_G30,RegNetY400MF,4,tralo,1,67,4,64,0.48551538457452204,0.7910447761194029,0.23766816143497757,1997,0.0004992511233150275,0.9998611,19.0,,nan,19.0,0.0,26,26,20,6,20,6,0.7692307692307693,3,18.0,0.08,0,0.04477611940298507,1,0.3880597014925373,2.716417910447761,2.328358208955224,6.134328358208955,lrc5e-05,5e-05,0.7005271208528738,0.8510127931769722,-0.2150117362783518,-0.05996801705756927,0.04477611940298507,0.04477611940298507
results/headroom/headroom_b30_lrc5e-05/lane2/RegNetY400MF/octmnist/L30_G30/fioretto_ldf/seed_1,octmnist,L30_G30,RegNetY400MF,1,fioretto_ldf,1,75,2,59,0.6834713831987339,0.8666666666666667,0.26,946,0.171,0.999943,29.0,,nan,29.0,0.0,29,29,28,1,28,1,0.9655172413793104,1,29.0,12.026649,0,0.21333333333333335,0,,4.506666666666667,3.506666666666667,62.053333333333335,lrc5e-05,5e-05,0.7130774306587018,0.8173333333333334,-0.029606047459967866,0.04933333333333334,0.21333333333333335,0.21333333333333335
results/headroom/headroom_b30_lrc5e-05/lane2/RegNetY400MF/octmnist/L30_G30/fioretto_ldf/seed_2,octmnist,L30_G30,RegNetY400MF,2,fioretto_ldf,1,75,2,135,0.6518680150839817,0.8,0.24,974,0.077,0.99999714,,,nan,14.0,119.0,29,29,29,0,29,0,1.0,0,,13.131971,0,-0.8,0,,4.1866666666666665,1.6,67.66666666666667,lrc5e-05,5e-05,0.754518911767582,0.8453333333333333,-0.10265089668360028,-0.045333333333333226,0.0,0.8
results/headroom/headroom_b30_lrc5e-05/lane2/RegNetY400MF/octmnist/L30_G30/fioretto_ldf/seed_3,octmnist,L30_G30,RegNetY400MF,3,fioretto_ldf,1,75,2,128,0.6771864308415789,0.84,0.252,971,0.098,0.9999975,,,nan,9.0,121.0,29,29,29,0,29,0,1.0,0,,14.764111,0,-0.7066666666666667,0,,5.546666666666667,2.933333333333333,76.22666666666667,lrc5e-05,5e-05,0.680427716868293,0.8306666666666667,-0.0032412860267140298,0.009333333333333305,0.0,0.7066666666666667
results/headroom/headroom_b30_lrc5e-05/lane2/RegNetY400MF/octmnist/L30_G30/fioretto_ldf/seed_4,octmnist,L30_G30,RegNetY400MF,4,fioretto_ldf,1,75,2,40,0.7125561398812812,0.88,0.264,946,0.157,0.9999912,27.0,,nan,27.0,0.0,29,29,26,3,26,3,0.896551724137931,1,27.0,11.308056,0,0.4666666666666667,0,,4.346666666666667,3.3466666666666667,58.70666666666666,lrc5e-05,5e-05,0.7490056135725762,0.8573333333333333,-0.03644947369129503,0.022666666666666724,0.4666666666666667,0.4666666666666667
results/headroom/headroom_b30_lrc5e-05/lane2/RegNetY400MF/octmnist/L30_G30/hounie_rcl/seed_1,octmnist,L30_G30,RegNetY400MF,1,hounie_rcl,1,75,2,13,0.7009554274725145,0.9333333333333333,0.28,946,0.234,0.99925596,28.0,,nan,28.0,0.0,29,29,27,2,27,2,0.9310344827586207,1,28.0,0.025086,0,0.8266666666666667,0,,4.56,3.56,66.08,lrc5e-05,5e-05,0.7130774306587018,0.8173333333333334,-0.01212200318618728,0.11599999999999999,0.8266666666666667,0.8266666666666667
results/headroom/headroom_b30_lrc5e-05/lane2/RegNetY400MF/octmnist/L30_G30/hounie_rcl/seed_2,octmnist,L30_G30,RegNetY400MF,2,hounie_rcl,1,75,2,112,0.7348927415418249,0.9066666666666666,0.272,983,0.0,0.9998248,,6.0,min_excess,6.0,73.0,29,6,29,0,6,0,1.0,0,,0.023088,1,-0.49333333333333335,0,,4.1866666666666665,2.2133333333333334,13.28,lrc5e-05,5e-05,0.754518911767582,0.8453333333333333,-0.019626170225757078,0.06133333333333335,0.0,0.49333333333333335
results/headroom/headroom_b30_lrc5e-05/lane2/RegNetY400MF/octmnist/L30_G30/hounie_rcl/seed_3,octmnist,L30_G30,RegNetY400MF,3,hounie_rcl,1,75,2,88,0.7220799137744184,0.8533333333333334,0.256,963,0.109,0.99999416,,,nan,29.0,73.0,29,29,29,0,29,0,1.0,0,,0.028607,0,-0.17333333333333334,0,,5.306666666666667,3.3333333333333335,75.37333333333333,lrc5e-05,5e-05,0.680427716868293,0.8306666666666667,0.04165219690612543,0.022666666666666724,0.0,0.17333333333333334
results/headroom/headroom_b30_lrc5e-05/lane2/RegNetY400MF/octmnist/L30_G30/hounie_rcl/seed_4,octmnist,L30_G30,RegNetY400MF,4,hounie_rcl,1,75,2,2,0.5407112158222585,0.7333333333333333,0.22,938,0.209,0.92105156,25.0,,nan,25.0,0.0,29,29,24,5,24,5,0.8275862068965517,1,25.0,0.020271,0,0.9733333333333334,0,,4.56,3.56,52.026666666666664,lrc5e-05,5e-05,0.7490056135725762,0.8573333333333333,-0.20829439775031777,-0.124,0.9733333333333334,0.9733333333333334
results/headroom/headroom_b30_lrc5e-05/lane2/RegNetY400MF/octmnist/L30_G30/tralo/seed_1,octmnist,L30_G30,RegNetY400MF,1,tralo,1,75,2,43,0.6692035137718533,0.84,0.252,966,0.125,0.99991167,29.0,30.0,fully_satisfied,29.0,0.0,29,29,27,2,27,2,0.9310344827586207,1,28.0,0.1,1,0.4266666666666667,1,0.5733333333333334,2.6266666666666665,2.0533333333333332,8.12,lrc5e-05,5e-05,0.7130774306587018,0.8173333333333334,-0.043873916886848496,0.022666666666666613,0.4266666666666667,0.4266666666666667
results/headroom/headroom_b30_lrc5e-05/lane2/RegNetY400MF/octmnist/L30_G30/tralo/seed_2,octmnist,L30_G30,RegNetY400MF,2,tralo,1,75,2,58,0.7067868062134387,0.88,0.264,963,0.114,0.99971217,30.0,,nan,30.0,0.0,29,29,28,1,28,1,0.9655172413793104,1,29.0,0.11,0,0.22666666666666666,1,0.88,2.64,1.76,7.266666666666667,lrc5e-05,5e-05,0.754518911767582,0.8453333333333333,-0.04773210555414331,0.034666666666666734,0.22666666666666666,0.22666666666666666
results/headroom/headroom_b30_lrc5e-05/lane2/RegNetY400MF/octmnist/L30_G30/tralo/seed_3,octmnist,L30_G30,RegNetY400MF,3,tralo,1,75,2,118,0.6850386025480567,0.8533333333333334,0.256,981,0.003,0.99999547,,10.0,min_excess,10.0,85.0,29,9,29,0,9,0,1.0,0,,0.11,1,-0.5733333333333334,1,1.5733333333333333,2.2266666666666666,0.6533333333333333,2.973333333333333,lrc5e-05,5e-05,0.680427716868293,0.8306666666666667,0.004610885679763754,0.022666666666666724,0.0,0.5733333333333334
results/headroom/headroom_b30_lrc5e-05/lane2/RegNetY400MF/octmnist/L30_G30/tralo/seed_4,octmnist,L30_G30,RegNetY400MF,4,tralo,1,75,2,130,0.7199317831560931,0.8533333333333334,0.256,982,0.0,0.99989486,,8.0,min_excess,8.0,109.0,29,7,29,0,7,0,1.0,0,,0.11,1,-0.7333333333333333,1,2.04,2.1733333333333333,0.13333333333333333,2.2133333333333334,lrc5e-05,5e-05,0.7490056135725762,0.8573333333333333,-0.02907383041648315,-0.0039999999999998925,0.0,0.7333333333333333
results/headroom/headroom_b30_lrc5e-05/lane2/RegNetY400MF/tissuemnist/L30_G30/fioretto_ldf/seed_1,tissuemnist,L30_G30,RegNetY400MF,1,fioretto_ldf,1,51,4,122,0.4098524849291388,0.6078431372549019,0.18128654970760233,2400,0.0,0.9952997,,8.0,min_excess,8.0,142.0,29,8,29,0,8,0,1.0,0,,18.217683,1,-1.392156862745098,0,,6.803921568627451,3.019607843137255,31.372549019607842,lrc5e-05,5e-05,0.3815545842815669,0.5637254901960784,0.028297900647571872,0.044117647058823484,0.0,1.392156862745098
results/headroom/headroom_b30_lrc5e-05/lane2/RegNetY400MF/tissuemnist/L30_G30/fioretto_ldf/seed_2,tissuemnist,L30_G30,RegNetY400MF,2,fioretto_ldf,1,51,4,126,0.390670028662918,0.5294117647058824,0.15789473684210525,2400,0.0,0.96507907,,4.0,min_excess,4.0,150.0,29,4,29,0,4,0,1.0,0,,18.864125,1,-1.4705882352941178,0,,5.862745098039215,1.9215686274509804,16.0,lrc5e-05,5e-05,0.3462893098101365,0.5168718650250798,0.0443807188527815,0.012539899680802602,0.0,1.4705882352941178
results/headroom/headroom_b30_lrc5e-05/lane2/RegNetY400MF/tissuemnist/L30_G30/fioretto_ldf/seed_3,tissuemnist,L30_G30,RegNetY400MF,3,fioretto_ldf,1,51,4,97,0.30700688898803163,0.4117647058823529,0.12280701754385964,2396,0.0075,0.99992406,,27.0,min_excess,27.0,92.0,29,27,29,0,27,0,1.0,0,,19.942209,1,-0.9019607843137255,0,,8.254901960784315,5.450980392156863,132.90196078431373,lrc5e-05,5e-05,0.3973471766257748,0.5557455540355678,-0.09034028763774316,-0.14398084815321488,0.0,0.9019607843137255
results/headroom/headroom_b30_lrc5e-05/lane2/RegNetY400MF/tissuemnist/L30_G30/fioretto_ldf/seed_4,tissuemnist,L30_G30,RegNetY400MF,4,fioretto_ldf,1,51,4,107,0.4163275329490183,0.6666666666666666,0.19883040935672514,2400,0.0,0.96210223,,5.0,min_excess,5.0,112.0,29,5,29,0,5,0,1.0,0,,17.554008,1,-1.0980392156862746,0,,6.686274509803922,3.4901960784313726,20.705882352941178,lrc5e-05,5e-05,0.4114904495777295,0.6084131326949385,0.004837083371288797,0.058253533971728166,0.0,1.0980392156862746
results/headroom/headroom_b30_lrc5e-05/lane2/RegNetY400MF/tissuemnist/L30_G30/hounie_rcl/seed_1,tissuemnist,L30_G30,RegNetY400MF,1,hounie_rcl,1,51,4,93,0.3251551415020001,0.47058823529411764,0.14035087719298245,2400,0.0004166666666666667,0.99920315,,14.0,min_excess,14.0,84.0,29,14,29,0,14,0,1.0,0,,0.015242,1,-0.8235294117647058,0,,6.803921568627451,4.1568627450980395,57.88235294117647,lrc5e-05,5e-05,0.3815545842815669,0.5637254901960784,-0.05639944277956682,-0.09313725490196079,0.0,0.8235294117647058
results/headroom/headroom_b30_lrc5e-05/lane2/RegNetY400MF/tissuemnist/L30_G30/hounie_rcl/seed_2,tissuemnist,L30_G30,RegNetY400MF,2,hounie_rcl,1,51,4,134,0.4046341565891866,0.5294117647058824,0.15789473684210525,2400,0.0,0.9552188,,4.0,min_excess,4.0,166.0,29,4,29,0,4,0,1.0,0,,0.016363,1,-1.6274509803921569,0,,5.588235294117647,1.3333333333333333,15.96078431372549,lrc5e-05,5e-05,0.3462893098101365,0.5168718650250798,0.05834484677905011,0.012539899680802602,0.0,1.6274509803921569
results/headroom/headroom_b30_lrc5e-05/lane2/RegNetY400MF/tissuemnist/L30_G30/hounie_rcl/seed_3,tissuemnist,L30_G30,RegNetY400MF,3,hounie_rcl,1,51,4,106,0.43227553207458946,0.6078431372549019,0.18128654970760233,2400,0.0,0.86817294,,3.0,min_excess,3.0,110.0,29,3,29,0,3,0,1.0,0,,0.016949,1,-1.0784313725490196,0,,5.235294117647059,2.0784313725490198,8.705882352941176,lrc5e-05,5e-05,0.3973471766257748,0.5557455540355678,0.034928355448814674,0.05209758321933411,0.0,1.0784313725490196
results/headroom/headroom_b30_lrc5e-05/lane2/RegNetY400MF/tissuemnist/L30_G30/hounie_rcl/seed_4,tissuemnist,L30_G30,RegNetY400MF,4,hounie_rcl,1,51,4,87,0.2994234331740622,0.5294117647058824,0.15789473684210525,2397,0.00875,0.999959,,25.0,min_excess,25.0,72.0,29,25,29,0,25,0,1.0,0,,0.013727,1,-0.7058823529411765,0,,6.686274509803922,4.2745098039215685,102.90196078431373,lrc5e-05,5e-05,0.4114904495777295,0.6084131326949385,-0.11206701640366729,-0.0790013679890561,0.0,0.7058823529411765
results/headroom/headroom_b30_lrc5e-05/lane2/RegNetY400MF/tissuemnist/L30_G30/tralo/seed_1,tissuemnist,L30_G30,RegNetY400MF,1,tralo,1,51,4,104,0.3033451616020711,0.45098039215686275,0.13450292397660818,2395,0.0016666666666666668,0.997867,,22.0,min_excess,22.0,106.0,29,21,29,0,21,0,1.0,0,,0.11,1,-1.0392156862745099,1,2.588235294117647,4.117647058823529,1.5294117647058822,10.745098039215685,lrc5e-05,5e-05,0.3815545842815669,0.5637254901960784,-0.07820942267949582,-0.11274509803921567,0.0,1.0392156862745099
results/headroom/headroom_b30_lrc5e-05/lane2/RegNetY400MF/tissuemnist/L30_G30/tralo/seed_2,tissuemnist,L30_G30,RegNetY400MF,2,tralo,1,51,4,135,0.41575067912032154,0.6274509803921569,0.1871345029239766,2400,0.0,0.95687944,,5.0,min_excess,5.0,168.0,29,4,29,0,4,0,1.0,0,,0.11,1,-1.6470588235294117,1,2.6470588235294117,3.2941176470588234,0.6470588235294118,3.9411764705882355,lrc5e-05,5e-05,0.3462893098101365,0.5168718650250798,0.06946136931018504,0.1105791153670771,0.0,1.6470588235294117
results/headroom/headroom_b30_lrc5e-05/lane2/RegNetY400MF/tissuemnist/L30_G30/tralo/seed_3,tissuemnist,L30_G30,RegNetY400MF,3,tralo,1,51,4,110,0.3759144648657322,0.5686274509803921,0.1695906432748538,2400,0.0,0.74958736,,2.0,min_excess,2.0,118.0,29,1,29,0,1,0,1.0,0,,0.11,1,-1.1568627450980393,1,2.156862745098039,2.156862745098039,0.0,1.1568627450980393,lrc5e-05,5e-05,0.3973471766257748,0.5557455540355678,-0.021432711760042578,0.012881896944824334,0.0,1.1568627450980393
results/headroom/headroom_b30_lrc5e-05/lane2/RegNetY400MF/tissuemnist/L30_G30/tralo/seed_4,tissuemnist,L30_G30,RegNetY400MF,4,tralo,1,51,4,101,0.40092343466096886,0.5490196078431373,0.16374269005847952,2399,0.0,0.9578359,,6.0,min_excess,6.0,100.0,29,5,29,0,5,0,1.0,0,,0.11,1,-0.9803921568627451,1,3.235294117647059,3.843137254901961,0.6078431372549019,5.078431372549019,lrc5e-05,5e-05,0.4114904495777295,0.6084131326949385,-0.010567014916760653,-0.05939352485180116,0.0,0.9803921568627451
results/headroom/headroom_b30_lrc5e-05/lane3/RegNetY400MF/dermmnist/L50_G50/fioretto_ldf/seed_1,dermmnist,L50_G50,RegNetY400MF,1,fioretto_ldf,1,112,4,70,0.5985968166005495,0.7589285714285714,0.3811659192825112,2000,0.00399400898652022,0.99998295,17.0,,nan,17.0,0.0,21,21,16,5,16,5,0.7619047619047619,1,17.0,7.080364,0,0.375,0,,3.3660714285714284,2.3660714285714284,21.741071428571427,lrc5e-05,5e-05,0.7013511596879296,0.8674040511727079,-0.10275434308738007,-0.10847547974413652,0.375,0.375
results/headroom/headroom_b30_lrc5e-05/lane3/RegNetY400MF/dermmnist/L50_G50/fioretto_ldf/seed_2,dermmnist,L50_G50,RegNetY400MF,2,fioretto_ldf,1,112,4,92,0.5755747937381381,0.7142857142857143,0.35874439461883406,2002,0.0054917623564653024,0.9997819,,,nan,16.0,1.0,29,29,29,0,29,0,1.0,0,,5.717716,0,0.17857142857142858,0,,2.7410714285714284,1.7321428571428572,15.5,lrc5e-05,5e-05,0.640130894062552,0.7973747334754797,-0.06455610032441383,-0.08308901918976541,0.17857142857142858,0.17857142857142858
results/headroom/headroom_b30_lrc5e-05/lane3/RegNetY400MF/dermmnist/L50_G50/fioretto_ldf/seed_3,dermmnist,L50_G50,RegNetY400MF,3,fioretto_ldf,1,112,4,79,0.5762022635973186,0.7410714285714286,0.3721973094170404,2000,0.00199700449326011,0.99996495,16.0,,nan,16.0,0.0,20,20,15,5,15,5,0.75,1,16.0,5.645153,0,0.29464285714285715,0,,3.4910714285714284,2.4910714285714284,17.625,lrc5e-05,5e-05,0.7020126218145958,0.8376199360341151,-0.12581035821727715,-0.0965485074626865,0.29464285714285715,0.29464285714285715
results/headroom/headroom_b30_lrc5e-05/lane3/RegNetY400MF/dermmnist/L50_G50/fioretto_ldf/seed_4,dermmnist,L50_G50,RegNetY400MF,4,fioretto_ldf,1,112,4,85,0.5895170671114015,0.7321428571428571,0.36771300448430494,2000,0.0014977533699450823,0.9999963,16.0,,nan,16.0,0.0,20,20,15,5,15,5,0.75,1,16.0,5.222828,0,0.24107142857142858,0,,2.6160714285714284,1.6160714285714286,14.214285714285714,lrc5e-05,5e-05,0.7005271208528738,0.8510127931769722,-0.11101005374147233,-0.11886993603411511,0.24107142857142858,0.24107142857142858
results/headroom/headroom_b30_lrc5e-05/lane3/RegNetY400MF/dermmnist/L50_G50/hounie_rcl/seed_1,dermmnist,L50_G50,RegNetY400MF,1,hounie_rcl,1,112,4,40,0.5302999921749598,0.7053571428571429,0.3542600896860987,1999,0.006989515726410384,0.99990594,20.0,,nan,20.0,0.0,24,24,19,5,19,5,0.7916666666666666,1,20.0,0.007695,0,0.6428571428571429,0,,3.044642857142857,2.044642857142857,23.4375,lrc5e-05,5e-05,0.7013511596879296,0.8674040511727079,-0.17105116751296978,-0.162046908315565,0.6428571428571429,0.6428571428571429
results/headroom/headroom_b30_lrc5e-05/lane3/RegNetY400MF/dermmnist/L50_G50/hounie_rcl/seed_2,dermmnist,L50_G50,RegNetY400MF,2,hounie_rcl,1,112,4,33,0.5170701445203307,0.6875,0.3452914798206278,1998,0.00798801797304044,0.9999107,24.0,,nan,24.0,0.0,28,28,23,5,23,5,0.8214285714285714,1,24.0,0.007861,0,0.7053571428571429,0,,2.6875,1.6875,21.848214285714285,lrc5e-05,5e-05,0.640130894062552,0.7973747334754797,-0.12306074954222124,-0.10987473347547971,0.7053571428571429,0.7053571428571429
results/headroom/headroom_b30_lrc5e-05/lane3/RegNetY400MF/dermmnist/L50_G50/hounie_rcl/seed_3,dermmnist,L50_G50,RegNetY400MF,3,hounie_rcl,1,112,4,47,0.5778678314116747,0.7410714285714286,0.3721973094170404,1994,0.014478282576135796,0.9999888,21.0,,nan,21.0,0.0,25,25,20,5,20,5,0.8,1,21.0,0.006953,0,0.5803571428571429,0,,3.4910714285714284,2.4910714285714284,22.080357142857142,lrc5e-05,5e-05,0.7020126218145958,0.8376199360341151,-0.12414479040292103,-0.0965485074626865,0.5803571428571429,0.5803571428571429
results/headroom/headroom_b30_lrc5e-05/lane3/RegNetY400MF/dermmnist/L50_G50/hounie_rcl/seed_4,dermmnist,L50_G50,RegNetY400MF,4,hounie_rcl,1,112,4,43,0.5294354013121445,0.6517857142857143,0.3273542600896861,1992,0.0054917623564653024,0.9999696,20.0,,nan,20.0,0.0,24,24,19,5,19,5,0.7916666666666666,1,20.0,0.005598,0,0.6160714285714286,0,,2.6339285714285716,1.6339285714285714,15.964285714285714,lrc5e-05,5e-05,0.7005271208528738,0.8510127931769722,-0.17109171954072933,-0.1992270788912579,0.6160714285714286,0.6160714285714286
results/headroom/headroom_b30_lrc5e-05/lane3/RegNetY400MF/dermmnist/L50_G50/tralo/seed_1,dermmnist,L50_G50,RegNetY400MF,1,tralo,1,112,4,0,0.14005172646549402,0.1875,0.09417040358744394,1985,0.04343484772840739,0.11402554,17.0,,nan,17.0,0.0,25,25,19,6,19,6,0.76,3,16.0,0.08,0,1.0,1,0.0,5.919642857142857,5.919642857142857,6.9375,lrc5e-05,5e-05,0.7013511596879296,0.8674040511727079,-0.5612994332224356,-0.6799040511727079,1.0,1.0
results/headroom/headroom_b30_lrc5e-05/lane3/RegNetY400MF/dermmnist/L50_G50/tralo/seed_2,dermmnist,L50_G50,RegNetY400MF,2,tralo,1,112,4,0,0.10694495404993558,0.10714285714285714,0.053811659192825115,1996,0.0004992511233150275,0.0075116176,15.0,,nan,15.0,0.0,23,23,17,6,17,6,0.7391304347826086,3,14.0,0.08,0,1.0,1,0.0,1.5803571428571428,1.5803571428571428,1.3571428571428572,lrc5e-05,5e-05,0.640130894062552,0.7973747334754797,-0.5331859400126164,-0.6902318763326226,1.0,1.0
results/headroom/headroom_b30_lrc5e-05/lane3/RegNetY400MF/dermmnist/L50_G50/tralo/seed_3,dermmnist,L50_G50,RegNetY400MF,3,tralo,1,112,4,64,0.4780336067592068,0.6428571428571429,0.32286995515695066,2002,0.0024962556165751375,0.9993992,17.0,,nan,17.0,0.0,24,24,18,6,18,6,0.75,3,16.0,0.08,0,0.42857142857142855,1,0.20535714285714285,4.991071428571429,4.785714285714286,7.053571428571429,lrc5e-05,5e-05,0.7020126218145958,0.8376199360341151,-0.22397901505538897,-0.1947627931769722,0.42857142857142855,0.42857142857142855
results/headroom/headroom_b30_lrc5e-05/lane3/RegNetY400MF/dermmnist/L50_G50/tralo/seed_4,dermmnist,L50_G50,RegNetY400MF,4,tralo,1,112,4,0,0.11176676007472061,0.125,0.06278026905829596,1981,0.048427358961557664,0.020204557,16.0,,nan,16.0,0.0,23,23,17,6,17,6,0.7391304347826086,3,15.0,0.08,0,1.0,1,0.0,3.4017857142857144,3.4017857142857144,3.892857142857143,lrc5e-05,5e-05,0.7005271208528738,0.8510127931769722,-0.5887603607781532,-0.7260127931769722,1.0,1.0
results/headroom/headroom_b30_lrc5e-05/lane3/RegNetY400MF/octmnist/L50_G50/fioretto_ldf/seed_1,octmnist,L50_G50,RegNetY400MF,1,fioretto_ldf,1,125,2,110,0.7451864762949474,0.808,0.404,965,0.13,0.9999938,16.0,,nan,16.0,0.0,29,29,26,3,26,3,0.896551724137931,3,16.0,5.842425,0,0.12,0,,2.44,1.44,17.84,lrc5e-05,5e-05,0.7130774306587018,0.8173333333333334,0.032109045636245614,-0.009333333333333305,0.12,0.12
results/headroom/headroom_b30_lrc5e-05/lane3/RegNetY400MF/octmnist/L50_G50/fioretto_ldf/seed_2,octmnist,L50_G50,RegNetY400MF,2,fioretto_ldf,1,125,2,106,0.725920217598725,0.8,0.4,970,0.109,0.99995375,28.0,,nan,28.0,0.0,29,29,27,2,27,2,0.9310344827586207,1,28.0,5.136488,0,0.152,0,,2.184,1.184,15.8,lrc5e-05,5e-05,0.754518911767582,0.8453333333333333,-0.028598694168856964,-0.045333333333333226,0.152,0.152
results/headroom/headroom_b30_lrc5e-05/lane3/RegNetY400MF/octmnist/L50_G50/fioretto_ldf/seed_3,octmnist,L50_G50,RegNetY400MF,3,fioretto_ldf,1,125,2,136,0.6661121265214518,0.752,0.376,981,0.002,0.999997,,9.0,min_excess,9.0,23.0,29,9,29,0,9,0,1.0,0,,7.107687,1,-0.088,0,,2.936,1.752,6.936,lrc5e-05,5e-05,0.680427716868293,0.8306666666666667,-0.014315590346841156,-0.07866666666666666,0.0,0.088
results/headroom/headroom_b30_lrc5e-05/lane3/RegNetY400MF/octmnist/L50_G50/fioretto_ldf/seed_4,octmnist,L50_G50,RegNetY400MF,4,fioretto_ldf,1,125,2,142,0.7240882230600514,0.792,0.396,977,0.012,0.99999404,,18.0,min_excess,18.0,34.0,29,18,29,0,18,0,1.0,0,,6.82479,1,-0.136,0,,2.216,0.944,11.6,lrc5e-05,5e-05,0.7490056135725762,0.8573333333333333,-0.02491739051252484,-0.06533333333333324,0.0,0.136
results/headroom/headroom_b30_lrc5e-05/lane3/RegNetY400MF/octmnist/L50_G50/hounie_rcl/seed_1,octmnist,L50_G50,RegNetY400MF,1,hounie_rcl,1,125,2,86,0.6920897081695078,0.808,0.404,964,0.142,0.9999852,29.0,,nan,29.0,0.0,29,29,28,1,28,1,0.9655172413793104,1,29.0,0.011627,0,0.312,0,,2.376,1.376,17.384,lrc5e-05,5e-05,0.7130774306587018,0.8173333333333334,-0.020987722489194005,-0.009333333333333305,0.312,0.312
results/headroom/headroom_b30_lrc5e-05/lane3/RegNetY400MF/octmnist/L50_G50/hounie_rcl/seed_2,octmnist,L50_G50,RegNetY400MF,2,hounie_rcl,1,125,2,32,0.6713012213511901,0.84,0.42,970,0.115,0.9993216,25.0,,nan,25.0,0.0,29,29,24,5,24,5,0.8275862068965517,1,25.0,0.007608,0,0.744,0,,2.472,1.472,11.168,lrc5e-05,5e-05,0.754518911767582,0.8453333333333333,-0.08321769041639193,-0.005333333333333301,0.744,0.744
results/headroom/headroom_b30_lrc5e-05/lane3/RegNetY400MF/octmnist/L50_G50/hounie_rcl/seed_3,octmnist,L50_G50,RegNetY400MF,3,hounie_rcl,1,125,2,121,0.6328718306533957,0.712,0.356,982,0.002,0.9999893,,9.0,min_excess,9.0,4.0,29,9,29,0,9,0,1.0,0,,0.01302,1,0.032,0,,2.504,1.472,5.424,lrc5e-05,5e-05,0.680427716868293,0.8306666666666667,-0.04755588621489726,-0.1186666666666667,0.032,0.032
results/headroom/headroom_b30_lrc5e-05/lane3/RegNetY400MF/octmnist/L50_G50/hounie_rcl/seed_4,octmnist,L50_G50,RegNetY400MF,4,hounie_rcl,1,125,2,41,0.6117574043929168,0.736,0.368,958,0.148,0.99473035,26.0,,nan,26.0,0.0,29,29,25,4,25,4,0.8620689655172413,1,26.0,0.009495,0,0.672,0,,1.96,0.96,13.808,lrc5e-05,5e-05,0.7490056135725762,0.8573333333333333,-0.1372482091796594,-0.1213333333333333,0.672,0.672
results/headroom/headroom_b30_lrc5e-05/lane3/RegNetY400MF/octmnist/L50_G50/tralo/seed_1,octmnist,L50_G50,RegNetY400MF,1,tralo,1,125,2,84,0.6850387384603875,0.768,0.384,955,0.167,0.9999863,30.0,,nan,30.0,0.0,29,29,28,1,28,1,0.9655172413793104,1,29.0,0.11,0,0.328,1,0.792,1.464,0.672,2.352,lrc5e-05,5e-05,0.7130774306587018,0.8173333333333334,-0.02803869219831423,-0.04933333333333334,0.328,0.328
results/headroom/headroom_b30_lrc5e-05/lane3/RegNetY400MF/octmnist/L50_G50/tralo/seed_2,octmnist,L50_G50,RegNetY400MF,2,tralo,1,125,2,105,0.7050207221996209,0.792,0.396,969,0.109,0.9999981,28.0,29.0,fully_satisfied,28.0,0.0,29,28,27,2,26,2,0.9285714285714286,2,27.0,0.1,1,0.16,1,0.84,1.64,0.8,2.216,lrc5e-05,5e-05,0.754518911767582,0.8453333333333333,-0.04949818956796115,-0.05333333333333323,0.16,0.16
results/headroom/headroom_b30_lrc5e-05/lane3/RegNetY400MF/octmnist/L50_G50/tralo/seed_3,octmnist,L50_G50,RegNetY400MF,3,tralo,1,125,2,131,0.7077795745048113,0.752,0.376,980,0.028,0.99999785,,17.0,min_excess,17.0,12.0,29,16,29,0,16,0,1.0,0,,0.11,1,-0.048,1,1.048,1.632,0.584,1.296,lrc5e-05,5e-05,0.680427716868293,0.8306666666666667,0.027351857636518373,-0.07866666666666666,0.0,0.048
results/headroom/headroom_b30_lrc5e-05/lane3/RegNetY400MF/octmnist/L50_G50/tralo/seed_4,octmnist,L50_G50,RegNetY400MF,4,tralo,1,125,2,80,0.7256819271693025,0.808,0.404,960,0.126,0.9999975,29.0,30.0,fully_satisfied,29.0,0.0,29,29,27,2,27,2,0.9310344827586207,1,28.0,0.1,1,0.36,1,0.64,1.552,0.912,2.272,lrc5e-05,5e-05,0.7490056135725762,0.8573333333333333,-0.023323686403273758,-0.04933333333333323,0.36,0.36
results/headroom/headroom_b30_lrc5e-05/lane3/RegNetY400MF/tissuemnist/L50_G50/fioretto_ldf/seed_1,tissuemnist,L50_G50,RegNetY400MF,1,fioretto_ldf,1,86,4,122,0.4098524849291388,0.5232558139534884,0.2631578947368421,2400,0.0,0.9952997,,8.0,min_excess,8.0,72.0,29,8,29,0,8,0,1.0,0,,14.630289,1,-0.4186046511627907,0,,3.627906976744186,1.7906976744186047,12.093023255813954,lrc5e-05,5e-05,0.3815545842815669,0.5637254901960784,0.028297900647571872,-0.040469676242590014,0.0,0.4186046511627907
results/headroom/headroom_b30_lrc5e-05/lane3/RegNetY400MF/tissuemnist/L50_G50/fioretto_ldf/seed_2,tissuemnist,L50_G50,RegNetY400MF,2,fioretto_ldf,1,86,4,120,0.3151625185626379,0.43023255813953487,0.21637426900584794,2393,0.01875,0.9999727,,,nan,4.0,80.0,29,29,29,0,29,0,1.0,0,,13.03207,0,-0.3953488372093023,0,,3.744186046511628,1.813953488372093,54.27906976744186,lrc5e-05,5e-05,0.3462893098101365,0.5168718650250798,-0.03112679124749862,-0.08663930688554489,0.0,0.3953488372093023
results/headroom/headroom_b30_lrc5e-05/lane3/RegNetY400MF/tissuemnist/L50_G50/fioretto_ldf/seed_3,tissuemnist,L50_G50,RegNetY400MF,3,fioretto_ldf,1,86,4,110,0.3759144648657322,0.5,0.25146198830409355,2400,0.0,0.74958736,,1.0,min_excess,1.0,48.0,29,1,29,0,1,0,1.0,0,,14.032219,1,-0.27906976744186046,0,,1.558139534883721,0.0,0.5581395348837209,lrc5e-05,5e-05,0.3973471766257748,0.5557455540355678,-0.021432711760042578,-0.0557455540355678,0.0,0.27906976744186046
results/headroom/headroom_b30_lrc5e-05/lane3/RegNetY400MF/tissuemnist/L50_G50/fioretto_ldf/seed_4,tissuemnist,L50_G50,RegNetY400MF,4,fioretto_ldf,1,86,4,107,0.4163275329490183,0.5348837209302325,0.26900584795321636,2400,0.0,0.96210223,,5.0,min_excess,5.0,42.0,29,5,29,0,5,0,1.0,0,,12.579783,1,-0.2441860465116279,0,,3.558139534883721,2.0697674418604652,8.209302325581396,lrc5e-05,5e-05,0.4114904495777295,0.6084131326949385,0.004837083371288797,-0.07352941176470595,0.0,0.2441860465116279
results/headroom/headroom_b30_lrc5e-05/lane3/RegNetY400MF/tissuemnist/L50_G50/hounie_rcl/seed_1,tissuemnist,L50_G50,RegNetY400MF,1,hounie_rcl,1,86,4,102,0.35306470277429836,0.5,0.25146198830409355,2398,0.0004166666666666667,0.99973696,,16.0,min_excess,16.0,32.0,29,16,29,0,16,0,1.0,0,,0.011812,1,-0.18604651162790697,0,,3.5348837209302326,2.1627906976744184,28.069767441860463,lrc5e-05,5e-05,0.3815545842815669,0.5637254901960784,-0.028489881507268555,-0.06372549019607843,0.0,0.18604651162790697
results/headroom/headroom_b30_lrc5e-05/lane3/RegNetY400MF/tissuemnist/L50_G50/hounie_rcl/seed_2,tissuemnist,L50_G50,RegNetY400MF,2,hounie_rcl,1,86,4,122,0.4096785993287552,0.45348837209302323,0.22807017543859648,2400,0.0,0.9543137,,5.0,min_excess,5.0,72.0,29,5,29,0,5,0,1.0,0,,0.011696,1,-0.4186046511627907,0,,2.9069767441860463,1.069767441860465,6.6976744186046515,lrc5e-05,5e-05,0.3462893098101365,0.5168718650250798,0.06338928951861872,-0.06338349293205653,0.0,0.4186046511627907
results/headroom/headroom_b30_lrc5e-05/lane3/RegNetY400MF/tissuemnist/L50_G50/hounie_rcl/seed_3,tissuemnist,L50_G50,RegNetY400MF,3,hounie_rcl,1,86,4,110,0.3759144648657322,0.5,0.25146198830409355,2400,0.0,0.74958736,,1.0,min_excess,1.0,48.0,29,1,29,0,1,0,1.0,0,,0.011663,1,-0.27906976744186046,0,,1.558139534883721,0.0,0.5581395348837209,lrc5e-05,5e-05,0.3973471766257748,0.5557455540355678,-0.021432711760042578,-0.0557455540355678,0.0,0.27906976744186046
results/headroom/headroom_b30_lrc5e-05/lane3/RegNetY400MF/tissuemnist/L50_G50/hounie_rcl/seed_4,tissuemnist,L50_G50,RegNetY400MF,4,hounie_rcl,1,86,4,121,0.34594582620225245,0.4883720930232558,0.24561403508771928,2400,0.00375,0.999964,,22.0,min_excess,22.0,70.0,29,22,29,0,22,0,1.0,0,,0.010919,1,-0.4069767441860465,0,,4.744186046511628,2.9302325581395348,41.69767441860465,lrc5e-05,5e-05,0.4114904495777295,0.6084131326949385,-0.06554462337547706,-0.12004103967168267,0.0,0.4069767441860465
results/headroom/headroom_b30_lrc5e-05/lane3/RegNetY400MF/tissuemnist/L50_G50/tralo/seed_1,tissuemnist,L50_G50,RegNetY400MF,1,tralo,1,86,4,121,0.429430289815929,0.5,0.25146198830409355,2400,0.0,0.97273546,,6.0,min_excess,6.0,70.0,29,5,29,0,5,0,1.0,0,,0.11,1,-0.4069767441860465,1,1.558139534883721,1.686046511627907,0.12790697674418605,1.244186046511628,lrc5e-05,5e-05,0.3815545842815669,0.5637254901960784,0.0478757055343621,-0.06372549019607843,0.0,0.4069767441860465
results/headroom/headroom_b30_lrc5e-05/lane3/RegNetY400MF/tissuemnist/L50_G50/tralo/seed_2,tissuemnist,L50_G50,RegNetY400MF,2,tralo,1,86,4,125,0.3920907614220151,0.4883720930232558,0.24561403508771928,2400,0.0,0.87236595,,3.0,min_excess,3.0,78.0,29,2,29,0,2,0,1.0,0,,0.11,1,-0.45348837209302323,1,1.9534883720930232,1.9534883720930232,0.0,0.9534883720930233,lrc5e-05,5e-05,0.3462893098101365,0.5168718650250798,0.045801451611878596,-0.028499772001823964,0.0,0.45348837209302323
results/headroom/headroom_b30_lrc5e-05/lane3/RegNetY400MF/tissuemnist/L50_G50/tralo/seed_3,tissuemnist,L50_G50,RegNetY400MF,3,tralo,1,86,4,110,0.3759144648657322,0.5,0.25146198830409355,2400,0.0,0.74958736,,2.0,min_excess,2.0,48.0,29,1,29,0,1,0,1.0,0,,0.11,1,-0.27906976744186046,1,1.2790697674418605,1.2790697674418605,0.0,0.27906976744186046,lrc5e-05,5e-05,0.3973471766257748,0.5557455540355678,-0.021432711760042578,-0.0557455540355678,0.0,0.27906976744186046
results/headroom/headroom_b30_lrc5e-05/lane3/RegNetY400MF/tissuemnist/L50_G50/tralo/seed_4,tissuemnist,L50_G50,RegNetY400MF,4,tralo,1,86,4,102,0.3128120627601975,0.47674418604651164,0.23976608187134502,2399,0.00125,0.99987066,,18.0,min_excess,18.0,32.0,29,17,29,0,17,0,1.0,0,,0.11,1,-0.18604651162790697,1,1.5232558139534884,2.2790697674418605,0.7558139534883721,3.186046511627907,lrc5e-05,5e-05,0.4114904495777295,0.6084131326949385,-0.098678386817532,-0.13166894664842682,0.0,0.18604651162790697
results/headroom/headroom_b30_lrc0.0001/lane0/MobileNetV3/dermmnist/L30_G30/fioretto_ldf/seed_1,dermmnist,L30_G30,MobileNetV3,1,fioretto_ldf,1,67,4,39,0.557781578181268,0.8507462686567164,0.2556053811659193,601,0.7873190214677983,1.0,22.0,,nan,22.0,0.0,26,26,21,5,21,5,0.8076923076923077,1,22.0,10.463698,0,0.417910447761194,0,,8.134328358208956,7.134328358208955,59.38805970149254,lrc1e-04_ceskip,0.0001,0.6994360828307511,0.8837953091684434,-0.14165450464948315,-0.03304904051172697,0.417910447761194,0.417910447761194
results/headroom/headroom_b30_lrc0.0001/lane0/MobileNetV3/dermmnist/L30_G30/fioretto_ldf/seed_2,dermmnist,L30_G30,MobileNetV3,2,fioretto_ldf,1,67,4,23,0.5539393406932882,0.8059701492537313,0.242152466367713,568,0.8217673489765353,0.9999914,19.0,,nan,19.0,0.0,23,23,18,5,18,5,0.782608695652174,1,19.0,8.564764,0,0.6567164179104478,0,,5.835820895522388,4.835820895522388,47.59701492537314,lrc1e-04_ceskip,0.0001,0.6850627078056499,0.818230277185501,-0.13112336711236172,-0.012260127931769671,0.6567164179104478,0.6567164179104478
results/headroom/headroom_b30_lrc0.0001/lane0/MobileNetV3/dermmnist/L30_G30/fioretto_ldf/seed_3,dermmnist,L30_G30,MobileNetV3,3,fioretto_ldf,1,67,4,34,0.5516436037750767,0.7910447761194029,0.23766816143497757,773,0.7139291063404892,0.9999876,18.0,,nan,18.0,0.0,22,22,17,5,17,5,0.7727272727272727,1,18.0,10.408058,0,0.4925373134328358,0,,8.164179104477611,7.164179104477612,59.298507462686565,lrc1e-04_ceskip,0.0001,0.7056520413443165,0.8852611940298507,-0.15400843756923976,-0.09421641791044777,0.4925373134328358,0.4925373134328358
results/headroom/headroom_b30_lrc0.0001/lane0/MobileNetV3/dermmnist/L30_G30/fioretto_ldf/seed_4,dermmnist,L30_G30,MobileNetV3,4,fioretto_ldf,1,67,4,57,0.5923911134100882,0.8208955223880597,0.24663677130044842,648,0.7618572141787319,0.9999994,19.0,,nan,19.0,0.0,23,23,18,5,18,5,0.782608695652174,1,19.0,9.962893,0,0.14925373134328357,0,,6.641791044776119,5.641791044776119,54.62686567164179,lrc1e-04_ceskip,0.0001,0.679767880298651,0.8600079957356077,-0.08737676688856277,-0.03911247334754797,0.14925373134328357,0.14925373134328357
results/headroom/headroom_b30_lrc0.0001/lane0/MobileNetV3/dermmnist/L30_G30/hounie_rcl/seed_1,dermmnist,L30_G30,MobileNetV3,1,hounie_rcl,1,67,4,16,0.5068057641748468,0.7014925373134329,0.21076233183856502,514,0.836245631552671,0.9999453,24.0,,nan,24.0,0.0,28,28,23,5,23,5,0.8214285714285714,1,24.0,0.009394,0,0.7611940298507462,0,,5.686567164179104,4.686567164179104,53.11940298507463,lrc1e-04_ceskip,0.0001,0.6994360828307511,0.8837953091684434,-0.1926303186559043,-0.18230277185501054,0.7611940298507462,0.7611940298507462
results/headroom/headroom_b30_lrc0.0001/lane0/MobileNetV3/dermmnist/L30_G30/hounie_rcl/seed_2,dermmnist,L30_G30,MobileNetV3,2,hounie_rcl,1,67,4,28,0.43485538652617683,0.746268656716418,0.2242152466367713,398,0.8876684972541188,0.9999995,25.0,,nan,25.0,0.0,29,29,24,5,24,5,0.8275862068965517,1,25.0,0.011174,0,0.582089552238806,0,,8.074626865671641,7.074626865671642,63.44776119402985,lrc1e-04_ceskip,0.0001,0.6850627078056499,0.818230277185501,-0.2502073212794731,-0.07196162046908305,0.582089552238806,0.582089552238806
results/headroom/headroom_b30_lrc0.0001/lane0/MobileNetV3/dermmnist/L30_G30/hounie_rcl/seed_3,dermmnist,L30_G30,MobileNetV3,3,hounie_rcl,1,67,4,18,0.5486722039019932,0.8059701492537313,0.242152466367713,520,0.8322516225661508,0.9995431,18.0,,nan,18.0,0.0,22,22,17,5,17,5,0.7727272727272727,1,18.0,0.008803,0,0.7313432835820896,0,,7.597014925373134,6.597014925373134,50.8955223880597,lrc1e-04_ceskip,0.0001,0.7056520413443165,0.8852611940298507,-0.15697983744232324,-0.07929104477611937,0.7313432835820896,0.7313432835820896
results/headroom/headroom_b30_lrc0.0001/lane0/MobileNetV3/dermmnist/L30_G30/hounie_rcl/seed_4,dermmnist,L30_G30,MobileNetV3,4,hounie_rcl,1,67,4,25,0.44334112674430176,0.7014925373134329,0.21076233183856502,556,0.8207688467299051,1.0,23.0,,nan,23.0,0.0,27,27,22,5,22,5,0.8148148148148148,1,23.0,0.01171,0,0.6268656716417911,0,,6.074626865671642,5.074626865671642,65.67164179104478,lrc1e-04_ceskip,0.0001,0.679767880298651,0.8600079957356077,-0.23642675355434922,-0.15851545842217485,0.6268656716417911,0.6268656716417911
results/headroom/headroom_b30_lrc0.0001/lane0/MobileNetV3/dermmnist/L30_G30/tralo/seed_1,dermmnist,L30_G30,MobileNetV3,1,tralo,1,67,4,4,0.2489785572981033,0.373134328358209,0.11210762331838565,157,0.963055416874688,0.9380786,19.0,,nan,19.0,0.0,26,26,20,6,20,6,0.7692307692307693,3,18.0,0.08,0,0.9402985074626866,1,0.029850746268656716,2.1791044776119404,2.1492537313432836,2.925373134328358,lrc1e-04_ceskip,0.0001,0.6994360828307511,0.8837953091684434,-0.4504575255326478,-0.5106609808102345,0.9402985074626866,0.9402985074626866
results/headroom/headroom_b30_lrc0.0001/lane0/MobileNetV3/dermmnist/L30_G30/tralo/seed_2,dermmnist,L30_G30,MobileNetV3,2,tralo,1,67,4,22,0.5354725637117137,0.9104477611940298,0.273542600896861,430,0.8642036944583126,0.9999995,6.0,,nan,6.0,0.0,22,22,17,5,17,5,0.7727272727272727,3,5.0,0.06,0,0.6716417910447762,1,0.2537313432835821,2.08955223880597,1.835820895522388,3.1641791044776117,lrc1e-04_ceskip,0.0001,0.6850627078056499,0.818230277185501,-0.14959014409393623,0.0922174840085288,0.6716417910447762,0.6716417910447762
results/headroom/headroom_b30_lrc0.0001/lane0/MobileNetV3/dermmnist/L30_G30/tralo/seed_3,dermmnist,L30_G30,MobileNetV3,3,tralo,1,67,4,11,0.41525404585079156,0.6417910447761194,0.19282511210762332,280,0.9161258112830754,0.99990773,13.0,,nan,13.0,0.0,21,21,16,5,16,5,0.7619047619047619,3,12.0,0.07,0,0.835820895522388,1,0.11940298507462686,4.0,3.8805970149253732,5.597014925373134,lrc1e-04_ceskip,0.0001,0.7056520413443165,0.8852611940298507,-0.2903979954935249,-0.24347014925373134,0.835820895522388,0.835820895522388
results/headroom/headroom_b30_lrc0.0001/lane0/MobileNetV3/dermmnist/L30_G30/tralo/seed_4,dermmnist,L30_G30,MobileNetV3,4,tralo,1,67,4,1,0.24219784038195633,0.34328358208955223,0.1031390134529148,13,0.9985022466300549,0.711766,15.0,,nan,15.0,0.0,22,22,16,6,16,6,0.7272727272727273,3,14.0,0.08,0,0.9850746268656716,1,0.014925373134328358,2.5970149253731343,2.582089552238806,2.343283582089552,lrc1e-04_ceskip,0.0001,0.679767880298651,0.8600079957356077,-0.43757003991669463,-0.5167244136460555,0.9850746268656716,0.9850746268656716
results/headroom/headroom_b30_lrc0.0001/lane0/MobileNetV3/octmnist/L30_G30/fioretto_ldf/seed_1,octmnist,L30_G30,MobileNetV3,1,fioretto_ldf,1,75,2,67,0.7996058204591205,0.9866666666666667,0.296,624,0.498,0.9999994,,17.0,min_excess,17.0,2.0,29,17,29,0,17,0,1.0,0,,13.142254,1,0.10666666666666667,0,,5.546666666666667,4.52,40.0,lrc1e-04_ceskip,0.0001,0.7580042313731934,0.88,0.04160158908592715,0.10666666666666669,0.10666666666666667,0.10666666666666667
results/headroom/headroom_b30_lrc0.0001/lane0/MobileNetV3/octmnist/L30_G30/fioretto_ldf/seed_2,octmnist,L30_G30,MobileNetV3,2,fioretto_ldf,1,75,2,67,0.8113992231442291,0.9733333333333334,0.292,574,0.561,1.0,28.0,,nan,28.0,0.0,29,29,27,2,27,2,0.9310344827586207,1,28.0,9.593503,0,0.10666666666666667,0,,5.8133333333333335,4.8133333333333335,47.373333333333335,lrc1e-04_ceskip,0.0001,0.8108231951833579,0.9199999999999999,0.0005760279608711949,0.053333333333333455,0.10666666666666667,0.10666666666666667
results/headroom/headroom_b30_lrc0.0001/lane0/MobileNetV3/octmnist/L30_G30/fioretto_ldf/seed_3,octmnist,L30_G30,MobileNetV3,3,fioretto_ldf,1,75,2,102,0.768791431185973,0.9466666666666667,0.284,566,0.56,0.9999999,,19.0,min_excess,19.0,53.0,29,19,29,0,19,0,1.0,0,,13.152993,1,-0.36,0,,5.28,3.5733333333333333,49.986666666666665,lrc1e-04_ceskip,0.0001,0.8262172810605988,0.9293333333333333,-0.057425849874625734,0.01733333333333331,0.0,0.36
results/headroom/headroom_b30_lrc0.0001/lane0/MobileNetV3/octmnist/L30_G30/fioretto_ldf/seed_4,octmnist,L30_G30,MobileNetV3,4,fioretto_ldf,1,75,2,42,0.7812688709961337,0.92,0.276,287,0.786,0.99999976,29.0,,nan,29.0,0.0,29,29,28,1,28,1,0.9655172413793104,1,29.0,12.819699,0,0.44,0,,6.1866666666666665,5.1866666666666665,66.05333333333333,lrc1e-04_ceskip,0.0001,0.72638479977456,0.8280000000000001,0.05488407122157368,0.09199999999999997,0.44,0.44
results/headroom/headroom_b30_lrc0.0001/lane0/MobileNetV3/octmnist/L30_G30/hounie_rcl/seed_1,octmnist,L30_G30,MobileNetV3,1,hounie_rcl,1,75,2,78,0.6724310077809804,0.8933333333333333,0.268,983,0.001,0.94817674,,2.0,min_excess,2.0,5.0,29,2,29,0,2,0,1.0,0,,0.025465,1,-0.04,0,,5.466666666666667,4.4,4.533333333333333,lrc1e-04_ceskip,0.0001,0.7580042313731934,0.88,-0.08557322359221298,0.013333333333333308,0.0,0.04
results/headroom/headroom_b30_lrc0.0001/lane0/MobileNetV3/octmnist/L30_G30/hounie_rcl/seed_2,octmnist,L30_G30,MobileNetV3,2,hounie_rcl,1,75,2,83,0.7709434517479001,0.96,0.288,985,0.001,0.97591454,,2.0,min_excess,2.0,15.0,29,2,29,0,2,0,1.0,0,,0.022407,1,-0.10666666666666667,0,,1.7866666666666666,0.5866666666666667,0.9866666666666667,lrc1e-04_ceskip,0.0001,0.8108231951833579,0.9199999999999999,-0.03987974343545775,0.040000000000000036,0.0,0.10666666666666667
results/headroom/headroom_b30_lrc0.0001/lane0/MobileNetV3/octmnist/L30_G30/hounie_rcl/seed_3,octmnist,L30_G30,MobileNetV3,3,hounie_rcl,1,75,2,92,0.7862795066722891,0.9333333333333333,0.28,753,0.398,0.9999999,,11.0,min_excess,11.0,33.0,29,11,29,0,11,0,1.0,0,,0.024806,1,-0.22666666666666666,0,,6.026666666666666,4.586666666666667,27.85333333333333,lrc1e-04_ceskip,0.0001,0.8262172810605988,0.9293333333333333,-0.0399377743883097,0.0040000000000000036,0.0,0.22666666666666666
results/headroom/headroom_b30_lrc0.0001/lane0/MobileNetV3/octmnist/L30_G30/hounie_rcl/seed_4,octmnist,L30_G30,MobileNetV3,4,hounie_rcl,1,75,2,92,0.7294685944169343,0.9066666666666666,0.272,567,0.529,1.0,,,nan,4.0,41.0,29,29,29,0,29,0,1.0,0,,0.027011,0,-0.22666666666666666,0,,5.386666666666667,3.84,69.82666666666667,lrc1e-04_ceskip,0.0001,0.72638479977456,0.8280000000000001,0.0030837946423742935,0.07866666666666655,0.0,0.22666666666666666
results/headroom/headroom_b30_lrc0.0001/lane0/MobileNetV3/octmnist/L30_G30/tralo/seed_1,octmnist,L30_G30,MobileNetV3,1,tralo,1,75,2,42,0.6369146177540105,0.8933333333333333,0.268,984,0.004,0.9016115,3.0,3.0,fully_satisfied,3.0,0.0,29,2,28,1,1,1,0.5,2,2.0,0.05,1,0.44,1,0.56,3.24,2.68,2.24,lrc1e-04_ceskip,0.0001,0.7580042313731934,0.88,-0.12108961361918291,0.013333333333333308,0.44,0.44
results/headroom/headroom_b30_lrc0.0001/lane0/MobileNetV3/octmnist/L30_G30/tralo/seed_2,octmnist,L30_G30,MobileNetV3,2,tralo,1,75,2,55,0.7359002455600738,0.9466666666666667,0.284,982,0.001,0.9748001,3.0,3.0,fully_satisfied,3.0,0.0,29,2,28,1,1,1,0.5,2,2.0,0.05,1,0.26666666666666666,1,0.7333333333333333,1.4,0.6666666666666666,0.4,lrc1e-04_ceskip,0.0001,0.8108231951833579,0.9199999999999999,-0.07492294962328405,0.026666666666666727,0.26666666666666666,0.26666666666666666
results/headroom/headroom_b30_lrc0.0001/lane0/MobileNetV3/octmnist/L30_G30/tralo/seed_3,octmnist,L30_G30,MobileNetV3,3,tralo,1,75,2,47,0.7688488656529678,0.9466666666666667,0.284,427,0.681,0.99999774,28.0,29.0,fully_satisfied,28.0,0.0,29,28,27,2,26,2,0.9285714285714286,2,27.0,0.1,1,0.37333333333333335,1,0.6266666666666667,3.1466666666666665,2.52,7.76,lrc1e-04_ceskip,0.0001,0.8262172810605988,0.9293333333333333,-0.057368415407630935,0.01733333333333331,0.37333333333333335,0.37333333333333335
results/headroom/headroom_b30_lrc0.0001/lane0/MobileNetV3/octmnist/L30_G30/tralo/seed_4,octmnist,L30_G30,MobileNetV3,4,tralo,1,75,2,73,0.797656133267915,0.9733333333333334,0.292,502,0.616,0.9999876,,,nan,10.0,8.0,29,29,29,0,29,0,1.0,0,,0.11,0,0.02666666666666667,1,1.0266666666666666,3.16,2.1333333333333333,6.573333333333333,lrc1e-04_ceskip,0.0001,0.72638479977456,0.8280000000000001,0.0712713334933549,0.14533333333333331,0.02666666666666667,0.02666666666666667
results/headroom/headroom_b30_lrc0.0001/lane0/MobileNetV3/tissuemnist/L30_G30/fioretto_ldf/seed_1,tissuemnist,L30_G30,MobileNetV3,1,fioretto_ldf,1,51,4,35,0.3954645792438441,0.6470588235294118,0.19298245614035087,2400,0.0,0.4245388,1.0,1.0,fully_satisfied,1.0,0.0,29,1,28,1,0,1,0.0,1,1.0,16.668755,1,0.3137254901960784,0,,1.0,0.0,0.0,lrc1e-04_ceskip,0.0001,0.39853999493550796,0.5557455540355678,-0.003075415691663863,0.091313269493844,0.3137254901960784,0.3137254901960784
results/headroom/headroom_b30_lrc0.0001/lane0/MobileNetV3/tissuemnist/L30_G30/fioretto_ldf/seed_2,tissuemnist,L30_G30,MobileNetV3,2,fioretto_ldf,1,51,4,55,0.3406587642309829,0.5294117647058824,0.15789473684210525,1969,0.28708333333333336,0.99899393,,11.0,min_excess,11.0,9.0,29,11,29,0,11,0,1.0,0,,20.279484,1,-0.0784313725490196,0,,15.470588235294118,14.294117647058824,62.88235294117647,lrc1e-04_ceskip,0.0001,0.38482688231431644,0.6065891472868217,-0.04416811808333354,-0.07717738258093931,0.0,0.0784313725490196
results/headroom/headroom_b30_lrc0.0001/lane0/MobileNetV3/tissuemnist/L30_G30/fioretto_ldf/seed_3,tissuemnist,L30_G30,MobileNetV3,3,fioretto_ldf,1,51,4,20,0.25884573543613204,0.47058823529411764,0.14035087719298245,1531,0.4875,0.99938047,24.0,24.0,fully_satisfied,24.0,0.0,29,24,28,1,23,1,0.9583333333333334,2,24.0,15.221057,1,0.6078431372549019,0,,16.333333333333332,15.333333333333334,90.07843137254902,lrc1e-04_ceskip,0.0001,0.411828463207173,0.5691974464204286,-0.15298272777104094,-0.09860921112631094,0.6078431372549019,0.6078431372549019
results/headroom/headroom_b30_lrc0.0001/lane0/MobileNetV3/tissuemnist/L30_G30/fioretto_ldf/seed_4,tissuemnist,L30_G30,MobileNetV3,4,fioretto_ldf,1,51,4,44,0.3860343293557206,0.5686274509803921,0.1695906432748538,2400,0.0008333333333333334,0.802076,1.0,3.0,fully_satisfied,1.0,0.0,29,3,26,3,0,3,0.0,1,1.0,15.939243,1,0.13725490196078433,0,,1.0,0.0,0.0,lrc1e-04_ceskip,0.0001,0.38274006452985887,0.4990880072959416,0.0032942648258617035,0.06953944368445053,0.13725490196078433,0.13725490196078433
results/headroom/headroom_b30_lrc0.0001/lane0/MobileNetV3/tissuemnist/L30_G30/hounie_rcl/seed_1,tissuemnist,L30_G30,MobileNetV3,1,hounie_rcl,1,51,4,35,0.3954645792438441,0.6470588235294118,0.19298245614035087,2400,0.0,0.4245388,1.0,1.0,fully_satisfied,1.0,0.0,29,1,28,1,0,1,0.0,1,1.0,0.018077,1,0.3137254901960784,0,,1.0,0.0,0.0,lrc1e-04_ceskip,0.0001,0.39853999493550796,0.5557455540355678,-0.003075415691663863,0.091313269493844,0.3137254901960784,0.3137254901960784
results/headroom/headroom_b30_lrc0.0001/lane0/MobileNetV3/tissuemnist/L30_G30/hounie_rcl/seed_2,tissuemnist,L30_G30,MobileNetV3,2,hounie_rcl,1,51,4,80,0.36162257750423865,0.5490196078431373,0.16374269005847952,1414,0.5254166666666666,0.99998736,,17.0,min_excess,17.0,58.0,29,17,29,0,17,0,1.0,0,,0.017967,1,-0.5686274509803921,0,,13.666666666666666,11.529411764705882,99.84313725490196,lrc1e-04_ceskip,0.0001,0.38482688231431644,0.6065891472868217,-0.02320430481007779,-0.05756953944368437,0.0,0.5686274509803921
results/headroom/headroom_b30_lrc0.0001/lane0/MobileNetV3/tissuemnist/L30_G30/hounie_rcl/seed_3,tissuemnist,L30_G30,MobileNetV3,3,hounie_rcl,1,51,4,53,0.37836715294566153,0.6078431372549019,0.18128654970760233,2398,0.005833333333333334,0.7250193,,3.0,min_excess,3.0,4.0,29,3,29,0,3,0,1.0,0,,0.012733,1,-0.0392156862745098,0,,2.372549019607843,1.2941176470588236,2.4313725490196076,lrc1e-04_ceskip,0.0001,0.411828463207173,0.5691974464204286,-0.033461310261511445,0.038645690834473334,0.0,0.0392156862745098
results/headroom/headroom_b30_lrc0.0001/lane0/MobileNetV3/tissuemnist/L30_G30/hounie_rcl/seed_4,tissuemnist,L30_G30,MobileNetV3,4,hounie_rcl,1,51,4,47,0.3808957268250199,0.5686274509803921,0.1695906432748538,2400,0.0,0.5758037,1.0,2.0,fully_satisfied,1.0,0.0,29,2,27,2,0,2,0.0,1,1.0,0.014354,1,0.0784313725490196,0,,1.0,0.0,0.0,lrc1e-04_ceskip,0.0001,0.38274006452985887,0.4990880072959416,-0.0018443377048389942,0.06953944368445053,0.0784313725490196,0.0784313725490196
results/headroom/headroom_b30_lrc0.0001/lane0/MobileNetV3/tissuemnist/L30_G30/tralo/seed_1,tissuemnist,L30_G30,MobileNetV3,1,tralo,1,51,4,35,0.3954645792438441,0.6470588235294118,0.19298245614035087,2400,0.0,0.4245388,2.0,2.0,fully_satisfied,2.0,0.0,29,1,28,1,0,1,0.0,1,1.0,0.05,1,0.3137254901960784,1,0.6862745098039216,0.6862745098039216,0.0,0.0,lrc1e-04_ceskip,0.0001,0.39853999493550796,0.5557455540355678,-0.003075415691663863,0.091313269493844,0.3137254901960784,0.3137254901960784
results/headroom/headroom_b30_lrc0.0001/lane0/MobileNetV3/tissuemnist/L30_G30/tralo/seed_2,tissuemnist,L30_G30,MobileNetV3,2,tralo,1,51,4,73,0.444779157439954,0.6862745098039216,0.2046783625730994,1351,0.5491666666666667,0.99999666,,29.0,min_excess,29.0,44.0,29,28,29,0,28,0,1.0,0,,0.11,1,-0.43137254901960786,1,1.6470588235294117,4.980392156862745,3.3333333333333335,11.431372549019608,lrc1e-04_ceskip,0.0001,0.38482688231431644,0.6065891472868217,0.059952275125637555,0.0796853625170999,0.0,0.43137254901960786
results/headroom/headroom_b30_lrc0.0001/lane0/MobileNetV3/tissuemnist/L30_G30/tralo/seed_3,tissuemnist,L30_G30,MobileNetV3,3,tralo,1,51,4,36,0.3267056656925248,0.5490196078431373,0.16374269005847952,1515,0.49041666666666667,0.99996686,9.0,17.0,fully_satisfied,9.0,0.0,29,16,27,2,14,2,0.875,4,8.0,0.06,1,0.29411764705882354,1,0.5882352941176471,3.980392156862745,3.392156862745098,5.392156862745098,lrc1e-04_ceskip,0.0001,0.411828463207173,0.5691974464204286,-0.08512279751464819,-0.020177838577291274,0.29411764705882354,0.29411764705882354
results/headroom/headroom_b30_lrc0.0001/lane0/MobileNetV3/tissuemnist/L30_G30/tralo/seed_4,tissuemnist,L30_G30,MobileNetV3,4,tralo,1,51,4,42,0.42230281926866087,0.6274509803921569,0.1871345029239766,2347,0.07416666666666667,0.95665157,2.0,5.0,fully_satisfied,2.0,0.0,29,4,26,3,1,3,0.25,3,1.0,0.05,1,0.17647058823529413,1,0.49019607843137253,0.8235294117647058,0.3333333333333333,0.0,lrc1e-04_ceskip,0.0001,0.38274006452985887,0.4990880072959416,0.039562754738802,0.12836297309621525,0.17647058823529413,0.17647058823529413
results/headroom/headroom_b30_lrc0.0001/lane1/MobileNetV3/dermmnist/L50_G50/fioretto_ldf/seed_1,dermmnist,L50_G50,MobileNetV3,1,fioretto_ldf,1,112,4,78,0.6420835526670444,0.8125,0.4080717488789238,752,0.7199201198202696,0.9999995,14.0,,nan,14.0,0.0,24,24,18,6,18,6,0.75,3,14.0,6.152846,0,0.30357142857142855,0,,4.473214285714286,3.4732142857142856,20.321428571428573,lrc1e-04_ceskip,0.0001,0.6994360828307511,0.8837953091684434,-0.05735253016370667,-0.0712953091684434,0.30357142857142855,0.30357142857142855
results/headroom/headroom_b30_lrc0.0001/lane1/MobileNetV3/dermmnist/L50_G50/fioretto_ldf/seed_2,dermmnist,L50_G50,MobileNetV3,2,fioretto_ldf,1,112,4,110,0.6517579261994727,0.8125,0.4080717488789238,850,0.6789815277084373,1.0,,,nan,16.0,1.0,29,29,29,0,29,0,1.0,0,,4.535734,0,0.017857142857142856,0,,3.0982142857142856,2.0892857142857144,14.366071428571429,lrc1e-04_ceskip,0.0001,0.6850627078056499,0.818230277185501,-0.033304781606177225,-0.005730277185501009,0.017857142857142856,0.017857142857142856
results/headroom/headroom_b30_lrc0.0001/lane1/MobileNetV3/dermmnist/L50_G50/fioretto_ldf/seed_3,dermmnist,L50_G50,MobileNetV3,3,fioretto_ldf,1,112,4,76,0.6254235776780518,0.7410714285714286,0.3721973094170404,950,0.6195706440339491,0.9999988,16.0,,nan,16.0,0.0,20,20,15,5,15,5,0.75,1,16.0,6.142482,0,0.32142857142857145,0,,4.491071428571429,3.4910714285714284,20.633928571428573,lrc1e-04_ceskip,0.0001,0.7056520413443165,0.8852611940298507,-0.08022846366626468,-0.1441897654584221,0.32142857142857145,0.32142857142857145
results/headroom/headroom_b30_lrc0.0001/lane1/MobileNetV3/dermmnist/L50_G50/fioretto_ldf/seed_4,dermmnist,L50_G50,MobileNetV3,4,fioretto_ldf,1,112,4,97,0.635610149084322,0.8125,0.4080717488789238,868,0.673489765351972,1.0,17.0,,nan,17.0,0.0,21,21,16,5,16,5,0.7619047619047619,1,17.0,5.856017,0,0.13392857142857142,0,,3.580357142857143,2.580357142857143,18.330357142857142,lrc1e-04_ceskip,0.0001,0.679767880298651,0.8600079957356077,-0.04415773121432898,-0.04750799573560771,0.13392857142857142,0.13392857142857142
results/headroom/headroom_b30_lrc0.0001/lane1/MobileNetV3/dermmnist/L50_G50/hounie_rcl/seed_1,dermmnist,L50_G50,MobileNetV3,1,hounie_rcl,1,112,4,54,0.48416291677517437,0.6428571428571429,0.32286995515695066,660,0.7598602096854717,1.0,27.0,,nan,27.0,0.0,29,29,26,3,26,3,0.896551724137931,1,27.0,0.007864,0,0.5178571428571429,0,,2.8839285714285716,1.8839285714285714,26.0625,lrc1e-04_ceskip,0.0001,0.6994360828307511,0.8837953091684434,-0.21527316605557673,-0.2409381663113005,0.5178571428571429,0.5178571428571429
results/headroom/headroom_b30_lrc0.0001/lane1/MobileNetV3/dermmnist/L50_G50/hounie_rcl/seed_2,dermmnist,L50_G50,MobileNetV3,2,hounie_rcl,1,112,4,71,0.6082769508687245,0.7767857142857143,0.3901345291479821,728,0.7309036445332002,1.0,26.0,,nan,26.0,0.0,29,29,25,4,25,4,0.8620689655172413,1,26.0,0.006559,0,0.36607142857142855,0,,2.919642857142857,1.9196428571428572,21.008928571428573,lrc1e-04_ceskip,0.0001,0.6850627078056499,0.818230277185501,-0.07678575693692546,-0.04144456289978671,0.36607142857142855,0.36607142857142855
results/headroom/headroom_b30_lrc0.0001/lane1/MobileNetV3/dermmnist/L50_G50/hounie_rcl/seed_3,dermmnist,L50_G50,MobileNetV3,3,hounie_rcl,1,112,4,38,0.564949066665863,0.7232142857142857,0.3632286995515695,586,0.7903145282076884,0.9999994,21.0,,nan,21.0,0.0,25,25,20,5,20,5,0.8,1,21.0,0.006752,0,0.6607142857142857,0,,4.008928571428571,3.0089285714285716,23.776785714285715,lrc1e-04_ceskip,0.0001,0.7056520413443165,0.8852611940298507,-0.1407029746784535,-0.162046908315565,0.6607142857142857,0.6607142857142857
results/headroom/headroom_b30_lrc0.0001/lane1/MobileNetV3/dermmnist/L50_G50/hounie_rcl/seed_4,dermmnist,L50_G50,MobileNetV3,4,hounie_rcl,1,112,4,52,0.5235007484841816,0.6607142857142857,0.33183856502242154,975,0.6385421867199201,0.99999547,8.0,,nan,8.0,0.0,28,28,22,6,22,6,0.7857142857142857,3,8.0,0.005601,0,0.5357142857142857,0,,3.2410714285714284,2.2410714285714284,18.098214285714285,lrc1e-04_ceskip,0.0001,0.679767880298651,0.8600079957356077,-0.15626713181446938,-0.199293710021322,0.5357142857142857,0.5357142857142857
results/headroom/headroom_b30_lrc0.0001/lane1/MobileNetV3/dermmnist/L50_G50/tralo/seed_1,dermmnist,L50_G50,MobileNetV3,1,tralo,1,112,4,40,0.5825059820135083,0.7410714285714286,0.3721973094170404,643,0.7883175237144283,1.0,4.0,,nan,4.0,0.0,22,22,15,7,15,7,0.6818181818181818,7,3.0,0.05,0,0.6428571428571429,1,0.375,1.6964285714285714,1.3214285714285714,1.3392857142857142,lrc1e-04_ceskip,0.0001,0.6994360828307511,0.8837953091684434,-0.11693010081724275,-0.1427238805970148,0.6428571428571429,0.6428571428571429
results/headroom/headroom_b30_lrc0.0001/lane1/MobileNetV3/dermmnist/L50_G50/tralo/seed_2,dermmnist,L50_G50,MobileNetV3,2,tralo,1,112,4,95,0.6714130493363969,0.8392857142857143,0.42152466367713004,881,0.6615077383924114,1.0,3.0,,nan,3.0,0.0,26,26,13,13,13,13,0.5,11,2.0,0.05,0,0.15178571428571427,1,0.6517857142857143,1.3839285714285714,0.7321428571428571,0.9107142857142857,lrc1e-04_ceskip,0.0001,0.6850627078056499,0.818230277185501,-0.013649658469253034,0.021055437100213292,0.15178571428571427,0.15178571428571427
results/headroom/headroom_b30_lrc0.0001/lane1/MobileNetV3/dermmnist/L50_G50/tralo/seed_3,dermmnist,L50_G50,MobileNetV3,3,tralo,1,112,4,101,0.5743218542237839,0.7678571428571429,0.38565022421524664,941,0.6335496754867699,0.9999999,10.0,,nan,10.0,0.0,27,27,16,11,16,11,0.5925925925925926,7,9.0,0.06,0,0.09821428571428571,1,0.5892857142857143,2.5089285714285716,1.9196428571428572,3.0357142857142856,lrc1e-04_ceskip,0.0001,0.7056520413443165,0.8852611940298507,-0.13133018712053257,-0.1174040511727078,0.09821428571428571,0.09821428571428571
results/headroom/headroom_b30_lrc0.0001/lane1/MobileNetV3/dermmnist/L50_G50/tralo/seed_4,dermmnist,L50_G50,MobileNetV3,4,tralo,1,112,4,100,0.6826587204646609,0.8303571428571429,0.4170403587443946,741,0.7164253619570644,1.0,4.0,,nan,4.0,0.0,29,29,19,10,19,10,0.6551724137931034,13,3.0,0.05,0,0.10714285714285714,1,0.75,1.9732142857142858,1.2232142857142858,2.3660714285714284,lrc1e-04_ceskip,0.0001,0.679767880298651,0.8600079957356077,0.0028908401660099337,-0.029650852878464806,0.10714285714285714,0.10714285714285714
results/headroom/headroom_b30_lrc0.0001/lane1/MobileNetV3/octmnist/L50_G50/fioretto_ldf/seed_1,octmnist,L50_G50,MobileNetV3,1,fioretto_ldf,1,125,2,108,0.7215008445074367,0.792,0.396,583,0.507,1.0,2.0,28.0,fully_satisfied,2.0,0.0,29,28,23,6,22,6,0.7857142857142857,8,2.0,5.422317,1,0.136,0,,3.128,2.128,16.304,lrc1e-04_ceskip,0.0001,0.7580042313731934,0.88,-0.036503386865756715,-0.08799999999999997,0.136,0.136
results/headroom/headroom_b30_lrc0.0001/lane1/MobileNetV3/octmnist/L50_G50/fioretto_ldf/seed_2,octmnist,L50_G50,MobileNetV3,2,fioretto_ldf,1,125,2,111,0.8295688576114865,0.936,0.468,567,0.55,1.0,2.0,,nan,2.0,0.0,29,29,18,11,18,11,0.6206896551724138,11,2.0,4.564279,0,0.112,0,,3.096,2.096,14.08,lrc1e-04_ceskip,0.0001,0.8108231951833579,0.9199999999999999,0.018745662428128584,0.016000000000000125,0.112,0.112
results/headroom/headroom_b30_lrc0.0001/lane1/MobileNetV3/octmnist/L50_G50/fioretto_ldf/seed_3,octmnist,L50_G50,MobileNetV3,3,fioretto_ldf,1,125,2,111,0.7651043720875812,0.856,0.428,587,0.512,1.0,26.0,26.0,fully_satisfied,26.0,0.0,29,26,28,1,25,1,0.9615384615384616,2,26.0,5.907403,1,0.112,0,,2.776,1.776,17.064,lrc1e-04_ceskip,0.0001,0.8262172810605988,0.9293333333333333,-0.06111290897301758,-0.07333333333333336,0.112,0.112
results/headroom/headroom_b30_lrc0.0001/lane1/MobileNetV3/octmnist/L50_G50/fioretto_ldf/seed_4,octmnist,L50_G50,MobileNetV3,4,fioretto_ldf,1,125,2,117,0.8121980585359813,0.896,0.448,477,0.616,1.0,5.0,,nan,5.0,0.0,29,29,22,7,22,7,0.7586206896551724,7,5.0,5.633906,0,0.064,0,,3.496,2.496,17.152,lrc1e-04_ceskip,0.0001,0.72638479977456,0.8280000000000001,0.08581325876142121,0.06799999999999995,0.064,0.064
results/headroom/headroom_b30_lrc0.0001/lane1/MobileNetV3/octmnist/L50_G50/hounie_rcl/seed_1,octmnist,L50_G50,MobileNetV3,1,hounie_rcl,1,125,2,96,0.7869481365119021,0.888,0.444,644,0.455,1.0,2.0,13.0,fully_satisfied,2.0,0.0,29,13,26,3,10,3,0.7692307692307693,6,2.0,0.01187,1,0.232,0,,3.272,2.272,6.984,lrc1e-04_ceskip,0.0001,0.7580042313731934,0.88,0.028943905138708703,0.008000000000000007,0.232,0.232
results/headroom/headroom_b30_lrc0.0001/lane1/MobileNetV3/octmnist/L50_G50/hounie_rcl/seed_2,octmnist,L50_G50,MobileNetV3,2,hounie_rcl,1,125,2,113,0.8264072779293988,0.928,0.464,983,0.006,0.9984047,2.0,3.0,fully_satisfied,2.0,0.0,29,3,27,2,1,2,0.3333333333333333,2,2.0,0.009058,1,0.096,0,,1.048,0.048,0.048,lrc1e-04_ceskip,0.0001,0.8108231951833579,0.9199999999999999,0.01558408274604095,0.008000000000000118,0.096,0.096
results/headroom/headroom_b30_lrc0.0001/lane1/MobileNetV3/octmnist/L50_G50/hounie_rcl/seed_3,octmnist,L50_G50,MobileNetV3,3,hounie_rcl,1,125,2,86,0.7534063613721464,0.848,0.424,501,0.603,1.0,11.0,,nan,11.0,0.0,29,29,25,4,25,4,0.8620689655172413,7,11.0,0.008074,0,0.312,0,,2.776,1.776,14.032,lrc1e-04_ceskip,0.0001,0.8262172810605988,0.9293333333333333,-0.07281091968845232,-0.08133333333333337,0.312,0.312
results/headroom/headroom_b30_lrc0.0001/lane1/MobileNetV3/octmnist/L50_G50/hounie_rcl/seed_4,octmnist,L50_G50,MobileNetV3,4,hounie_rcl,1,125,2,64,0.8223765465515465,0.936,0.468,356,0.745,0.9999994,8.0,,nan,8.0,0.0,29,29,25,4,25,4,0.8620689655172413,5,8.0,0.011016,0,0.488,0,,2.776,1.776,16.928,lrc1e-04_ceskip,0.0001,0.72638479977456,0.8280000000000001,0.09599174677698641,0.10799999999999998,0.488,0.488
results/headroom/headroom_b30_lrc0.0001/lane1/MobileNetV3/octmnist/L50_G50/tralo/seed_1,octmnist,L50_G50,MobileNetV3,1,tralo,1,125,2,98,0.7934946839136415,0.88,0.44,474,0.61,1.0,3.0,28.0,fully_satisfied,3.0,0.0,29,27,25,4,23,4,0.8518518518518519,8,2.0,0.05,1,0.216,1,0.424,1.944,1.52,1.84,lrc1e-04_ceskip,0.0001,0.7580042313731934,0.88,0.035490452540448136,0.0,0.216,0.216
results/headroom/headroom_b30_lrc0.0001/lane1/MobileNetV3/octmnist/L50_G50/tralo/seed_2,octmnist,L50_G50,MobileNetV3,2,tralo,1,125,2,99,0.831209356597319,0.928,0.464,527,0.568,1.0,3.0,,nan,3.0,0.0,29,29,19,10,19,10,0.6551724137931034,9,2.0,0.05,0,0.208,1,0.376,1.44,1.064,0.616,lrc1e-04_ceskip,0.0001,0.8108231951833579,0.9199999999999999,0.0203861614139611,0.008000000000000118,0.208,0.208
results/headroom/headroom_b30_lrc0.0001/lane1/MobileNetV3/octmnist/L50_G50/tralo/seed_3,octmnist,L50_G50,MobileNetV3,3,tralo,1,125,2,108,0.8145282858354329,0.896,0.448,549,0.56,1.0,8.0,26.0,fully_satisfied,8.0,0.0,29,25,24,5,20,5,0.8,10,7.0,0.06,1,0.136,1,0.856,1.888,1.032,2.992,lrc1e-04_ceskip,0.0001,0.8262172810605988,0.9293333333333333,-0.011688995225165866,-0.033333333333333326,0.136,0.136
results/headroom/headroom_b30_lrc0.0001/lane1/MobileNetV3/octmnist/L50_G50/tralo/seed_4,octmnist,L50_G50,MobileNetV3,4,tralo,1,125,2,104,0.8088961517710282,0.904,0.452,416,0.67,1.0,5.0,,nan,5.0,0.0,29,29,25,4,25,4,0.8620689655172413,7,4.0,0.06,0,0.168,1,0.608,2.24,1.632,2.0,lrc1e-04_ceskip,0.0001,0.72638479977456,0.8280000000000001,0.0825113519964682,0.07599999999999996,0.168,0.168
results/headroom/headroom_b30_lrc0.0001/lane1/MobileNetV3/tissuemnist/L50_G50/fioretto_ldf/seed_1,tissuemnist,L50_G50,MobileNetV3,1,fioretto_ldf,1,86,4,61,0.28715025236541913,0.45348837209302323,0.22807017543859648,1499,0.49625,0.9999987,1.0,,nan,1.0,0.0,29,29,28,1,28,1,0.9655172413793104,1,1.0,12.972226,0,0.29069767441860467,0,,6.395348837209302,5.395348837209302,52.46511627906977,lrc1e-04_ceskip,0.0001,0.39853999493550796,0.5557455540355678,-0.11138974257008882,-0.10225718194254457,0.29069767441860467,0.29069767441860467
results/headroom/headroom_b30_lrc0.0001/lane1/MobileNetV3/tissuemnist/L50_G50/fioretto_ldf/seed_2,tissuemnist,L50_G50,MobileNetV3,2,fioretto_ldf,1,86,4,83,0.3616882355063031,0.5116279069767442,0.2573099415204678,1567,0.4666666666666667,0.99997616,11.0,23.0,fully_satisfied,11.0,0.0,29,23,27,2,21,2,0.9130434782608695,4,11.0,16.706546,1,0.03488372093023256,0,,8.767441860465116,7.767441860465116,60.16279069767442,lrc1e-04_ceskip,0.0001,0.38482688231431644,0.6065891472868217,-0.023138646808013363,-0.09496124031007747,0.03488372093023256,0.03488372093023256
results/headroom/headroom_b30_lrc0.0001/lane1/MobileNetV3/tissuemnist/L50_G50/fioretto_ldf/seed_3,tissuemnist,L50_G50,MobileNetV3,3,fioretto_ldf,1,86,4,66,0.34349446917416493,0.45348837209302323,0.22807017543859648,1425,0.52125,0.9997844,1.0,19.0,fully_satisfied,1.0,0.0,29,19,24,5,14,5,0.7368421052631579,5,1.0,11.184887,1,0.23255813953488372,0,,9.279069767441861,8.279069767441861,27.13953488372093,lrc1e-04_ceskip,0.0001,0.411828463207173,0.5691974464204286,-0.06833399403300805,-0.11570907432740535,0.23255813953488372,0.23255813953488372
results/headroom/headroom_b30_lrc0.0001/lane1/MobileNetV3/tissuemnist/L50_G50/fioretto_ldf/seed_4,tissuemnist,L50_G50,MobileNetV3,4,fioretto_ldf,1,86,4,77,0.3111756289946287,0.46511627906976744,0.23391812865497075,1886,0.3275,0.9999968,1.0,11.0,fully_satisfied,1.0,0.0,29,11,24,5,6,5,0.5454545454545454,3,1.0,11.050336,1,0.10465116279069768,0,,5.162790697674419,4.162790697674419,10.465116279069768,lrc1e-04_ceskip,0.0001,0.38274006452985887,0.4990880072959416,-0.07156443553523018,-0.03397172822617417,0.10465116279069768,0.10465116279069768
results/headroom/headroom_b30_lrc0.0001/lane1/MobileNetV3/tissuemnist/L50_G50/hounie_rcl/seed_1,tissuemnist,L50_G50,MobileNetV3,1,hounie_rcl,1,86,4,35,0.3954645792438441,0.4883720930232558,0.24561403508771928,2400,0.0,0.4245388,1.0,1.0,fully_satisfied,1.0,0.0,29,1,28,1,0,1,0.0,1,1.0,0.012732,1,0.5930232558139535,0,,1.0,0.0,0.0,lrc1e-04_ceskip,0.0001,0.39853999493550796,0.5557455540355678,-0.003075415691663863,-0.06737346101231201,0.5930232558139535,0.5930232558139535
results/headroom/headroom_b30_lrc0.0001/lane1/MobileNetV3/tissuemnist/L50_G50/hounie_rcl/seed_2,tissuemnist,L50_G50,MobileNetV3,2,hounie_rcl,1,86,4,81,0.337777312890084,0.46511627906976744,0.23391812865497075,1411,0.5316666666666666,0.99991846,,26.0,min_excess,26.0,2.0,29,26,29,0,26,0,1.0,0,,0.012818,1,0.05813953488372093,0,,6.209302325581396,5.186046511627907,63.02325581395349,lrc1e-04_ceskip,0.0001,0.38482688231431644,0.6065891472868217,-0.04704956942423244,-0.14147286821705424,0.05813953488372093,0.05813953488372093
results/headroom/headroom_b30_lrc0.0001/lane1/MobileNetV3/tissuemnist/L50_G50/hounie_rcl/seed_3,tissuemnist,L50_G50,MobileNetV3,3,hounie_rcl,1,86,4,54,0.231607236675273,0.3488372093023256,0.17543859649122806,1897,0.32875,0.99987125,1.0,14.0,fully_satisfied,1.0,0.0,29,14,23,6,8,6,0.5714285714285714,5,1.0,0.008757,1,0.37209302325581395,0,,9.023255813953488,8.023255813953488,20.372093023255815,lrc1e-04_ceskip,0.0001,0.411828463207173,0.5691974464204286,-0.18022122653189998,-0.220360237118103,0.37209302325581395,0.37209302325581395
results/headroom/headroom_b30_lrc0.0001/lane1/MobileNetV3/tissuemnist/L50_G50/hounie_rcl/seed_4,tissuemnist,L50_G50,MobileNetV3,4,hounie_rcl,1,86,4,85,0.27084350661726264,0.43023255813953487,0.21637426900584794,1865,0.3516666666666667,1.0,1.0,21.0,fully_satisfied,1.0,0.0,29,21,25,4,17,4,0.8095238095238095,3,1.0,0.009998,1,0.011627906976744186,0,,5.627906976744186,4.627906976744186,32.30232558139535,lrc1e-04_ceskip,0.0001,0.38274006452985887,0.4990880072959416,-0.11189655791259623,-0.06885544915640673,0.011627906976744186,0.011627906976744186
results/headroom/headroom_b30_lrc0.0001/lane1/MobileNetV3/tissuemnist/L50_G50/tralo/seed_1,tissuemnist,L50_G50,MobileNetV3,1,tralo,1,86,4,46,0.41318960123149534,0.5,0.25146198830409355,2364,0.059583333333333335,0.83171844,2.0,5.0,fully_satisfied,2.0,0.0,29,4,27,2,2,2,0.5,3,1.0,0.05,1,0.46511627906976744,1,0.4069767441860465,0.5348837209302325,0.12790697674418605,0.0,lrc1e-04_ceskip,0.0001,0.39853999493550796,0.5557455540355678,0.014649606295987383,-0.0557455540355678,0.46511627906976744,0.46511627906976744
results/headroom/headroom_b30_lrc0.0001/lane1/MobileNetV3/tissuemnist/L50_G50/tralo/seed_2,tissuemnist,L50_G50,MobileNetV3,2,tralo,1,86,4,58,0.42791533550486804,0.5930232558139535,0.2982456140350877,1248,0.6008333333333333,0.9999995,5.0,28.0,fully_satisfied,5.0,0.0,29,27,27,2,25,2,0.9259259259259259,4,4.0,0.06,1,0.32558139534883723,1,0.6744186046511628,3.488372093023256,2.813953488372093,6.232558139534884,lrc1e-04_ceskip,0.0001,0.38482688231431644,0.6065891472868217,0.0430884531905516,-0.01356589147286813,0.32558139534883723,0.32558139534883723
results/headroom/headroom_b30_lrc0.0001/lane1/MobileNetV3/tissuemnist/L50_G50/tralo/seed_3,tissuemnist,L50_G50,MobileNetV3,3,tralo,1,86,4,63,0.3976203801948647,0.5232558139534884,0.2631578947368421,2291,0.12458333333333334,0.9805222,2.0,,nan,2.0,0.0,4,4,0,4,0,4,0.0,0,1.0,0.05,0,0.26744186046511625,1,0.5813953488372093,0.8837209302325582,0.3023255813953488,0.0,lrc1e-04_ceskip,0.0001,0.411828463207173,0.5691974464204286,-0.014208083012308304,-0.04594163246694016,0.26744186046511625,0.26744186046511625
results/headroom/headroom_b30_lrc0.0001/lane1/MobileNetV3/tissuemnist/L50_G50/tralo/seed_4,tissuemnist,L50_G50,MobileNetV3,4,tralo,1,86,4,68,0.3278875194271938,0.45348837209302323,0.22807017543859648,1700,0.4325,0.99999905,2.0,15.0,fully_satisfied,2.0,0.0,29,14,24,5,9,5,0.6428571428571429,3,1.0,0.05,1,0.20930232558139536,1,0.29069767441860467,1.1744186046511629,0.8837209302325582,0.1744186046511628,lrc1e-04_ceskip,0.0001,0.38274006452985887,0.4990880072959416,-0.05485254510266507,-0.045599635202918376,0.20930232558139536,0.20930232558139536
results/headroom/headroom_b30_lrc0.0001/lane2/RegNetY400MF/dermmnist/L30_G30/fioretto_ldf/seed_1,dermmnist,L30_G30,RegNetY400MF,1,fioretto_ldf,1,67,4,21,0.5673747534459136,0.835820895522388,0.25112107623318386,1987,0.03544682975536695,0.9999559,17.0,,nan,17.0,0.0,21,21,16,5,16,5,0.7619047619047619,1,17.0,9.217104,0,0.6865671641791045,0,,6.611940298507463,5.611940298507463,50.149253731343286,lrc1e-04_ceskip,0.0001,0.7013511596879296,0.8674040511727079,-0.133976406242016,-0.03158315565031988,0.6865671641791045,0.6865671641791045
results/headroom/headroom_b30_lrc0.0001/lane2/RegNetY400MF/dermmnist/L30_G30/fioretto_ldf/seed_2,dermmnist,L30_G30,RegNetY400MF,2,fioretto_ldf,1,67,4,51,0.5571203326042151,0.7761194029850746,0.23318385650224216,1990,0.029955067398901646,0.9999887,15.0,,nan,15.0,0.0,19,19,14,5,14,5,0.7368421052631579,1,15.0,7.436964,0,0.23880597014925373,0,,6.2835820895522385,5.2835820895522385,39.37313432835821,lrc1e-04_ceskip,0.0001,0.640130894062552,0.7973747334754797,-0.08301056145833685,-0.021255330490405067,0.23880597014925373,0.23880597014925373
results/headroom/headroom_b30_lrc0.0001/lane2/RegNetY400MF/dermmnist/L30_G30/fioretto_ldf/seed_3,dermmnist,L30_G30,RegNetY400MF,3,fioretto_ldf,1,67,4,51,0.6063083218708846,0.9104477611940298,0.273542600896861,1970,0.05591612581128307,0.9999888,16.0,,nan,16.0,0.0,20,20,15,5,15,5,0.75,1,16.0,9.420796,0,0.23880597014925373,0,,8.164179104477611,7.164179104477612,52.80597014925373,lrc1e-04_ceskip,0.0001,0.7020126218145958,0.8376199360341151,-0.09570429994371121,0.0728278251599147,0.23880597014925373,0.23880597014925373
results/headroom/headroom_b30_lrc0.0001/lane2/RegNetY400MF/dermmnist/L30_G30/fioretto_ldf/seed_4,dermmnist,L30_G30,RegNetY400MF,4,fioretto_ldf,1,67,4,52,0.5004014913308018,0.7313432835820896,0.21973094170403587,1986,0.022466300549176237,0.99998,,,nan,16.0,2.0,29,29,29,0,29,0,1.0,0,,8.068637,0,0.22388059701492538,0,,5.537313432835821,4.507462686567164,43.40298507462686,lrc1e-04_ceskip,0.0001,0.7005271208528738,0.8510127931769722,-0.20012562952207202,-0.11966950959488265,0.22388059701492538,0.22388059701492538
results/headroom/headroom_b30_lrc0.0001/lane2/RegNetY400MF/dermmnist/L30_G30/hounie_rcl/seed_1,dermmnist,L30_G30,RegNetY400MF,1,hounie_rcl,1,67,4,16,0.5090260122722069,0.8208955223880597,0.24663677130044842,1915,0.127309036445332,0.9998857,27.0,,nan,27.0,0.0,29,29,26,3,26,3,0.896551724137931,1,27.0,0.015795,0,0.7611940298507462,0,,7.059701492537314,6.059701492537314,90.11940298507463,lrc1e-04_ceskip,0.0001,0.7013511596879296,0.8674040511727079,-0.1923251474157227,-0.04650852878464817,0.7611940298507462,0.7611940298507462
results/headroom/headroom_b30_lrc0.0001/lane2/RegNetY400MF/dermmnist/L30_G30/hounie_rcl/seed_2,dermmnist,L30_G30,RegNetY400MF,2,hounie_rcl,1,67,4,5,0.36470269415610734,0.4925373134328358,0.14798206278026907,1902,0.15776335496754867,0.9754242,21.0,,nan,21.0,0.0,25,25,20,5,20,5,0.8,1,21.0,0.010066,0,0.9253731343283582,0,,5.358208955223881,4.358208955223881,54.656716417910445,lrc1e-04_ceskip,0.0001,0.640130894062552,0.7973747334754797,-0.2754281999064446,-0.3048374200426439,0.9253731343283582,0.9253731343283582
results/headroom/headroom_b30_lrc0.0001/lane2/RegNetY400MF/dermmnist/L30_G30/hounie_rcl/seed_3,dermmnist,L30_G30,RegNetY400MF,3,hounie_rcl,1,67,4,8,0.37381258850952215,0.6119402985074627,0.18385650224215247,1990,0.025961058412381426,0.995998,17.0,,nan,17.0,0.0,21,21,16,5,16,5,0.7619047619047619,1,17.0,0.008937,0,0.8805970149253731,0,,8.164179104477611,7.164179104477612,50.19402985074627,lrc1e-04_ceskip,0.0001,0.7020126218145958,0.8376199360341151,-0.32820003330507364,-0.22567963752665243,0.8805970149253731,0.8805970149253731
results/headroom/headroom_b30_lrc0.0001/lane2/RegNetY400MF/dermmnist/L30_G30/hounie_rcl/seed_4,dermmnist,L30_G30,RegNetY400MF,4,hounie_rcl,1,67,4,9,0.34403368993858147,0.6417910447761194,0.19282511210762332,1950,0.04143784323514728,0.9993585,22.0,,nan,22.0,0.0,26,26,21,5,21,5,0.8076923076923077,1,22.0,0.0113,0,0.8656716417910447,0,,5.865671641791045,4.865671641791045,61.97014925373134,lrc1e-04_ceskip,0.0001,0.7005271208528738,0.8510127931769722,-0.35649343091429236,-0.20922174840085284,0.8656716417910447,0.8656716417910447
results/headroom/headroom_b30_lrc0.0001/lane2/RegNetY400MF/dermmnist/L30_G30/tralo/seed_1,dermmnist,L30_G30,RegNetY400MF,1,tralo,1,67,4,0,0.17737514090634462,0.26865671641791045,0.08071748878923767,1729,0.3195207189216176,0.16984281,24.0,,nan,24.0,0.0,29,29,24,5,24,5,0.8275862068965517,3,23.0,0.09,0,1.0,1,0.0,3.3582089552238807,3.3582089552238807,10.149253731343284,lrc1e-04_ceskip,0.0001,0.7013511596879296,0.8674040511727079,-0.523976018781585,-0.5987473347547975,1.0,1.0
results/headroom/headroom_b30_lrc0.0001/lane2/RegNetY400MF/dermmnist/L30_G30/tralo/seed_2,dermmnist,L30_G30,RegNetY400MF,2,tralo,1,67,4,0,0.15933346851698235,0.208955223880597,0.06278026905829596,2000,0.0,0.012369844,18.0,,nan,18.0,0.0,27,27,21,6,21,6,0.7777777777777778,3,17.0,0.08,0,1.0,1,0.0,20.597014925373134,20.597014925373134,25.582089552238806,lrc1e-04_ceskip,0.0001,0.640130894062552,0.7973747334754797,-0.4807974255455696,-0.5884195095948828,1.0,1.0
results/headroom/headroom_b30_lrc0.0001/lane2/RegNetY400MF/dermmnist/L30_G30/tralo/seed_3,dermmnist,L30_G30,RegNetY400MF,3,tralo,1,67,4,26,0.20848711562436573,0.26865671641791045,0.08071748878923767,2002,0.0,0.49806187,17.0,,nan,17.0,0.0,27,27,21,6,21,6,0.7777777777777778,3,16.0,0.08,0,0.6119402985074627,1,0.0,27.925373134328357,27.925373134328357,35.08955223880597,lrc1e-04_ceskip,0.0001,0.7020126218145958,0.8376199360341151,-0.49352550619023006,-0.5689632196162047,0.6119402985074627,0.6119402985074627
results/headroom/headroom_b30_lrc0.0001/lane2/RegNetY400MF/dermmnist/L30_G30/tralo/seed_4,dermmnist,L30_G30,RegNetY400MF,4,tralo,1,67,4,6,0.1521288247990791,0.14925373134328357,0.04484304932735426,2002,0.0,0.81820834,18.0,,nan,18.0,0.0,24,24,18,6,18,6,0.75,3,17.0,0.08,0,0.9104477611940298,1,0.029850746268656716,18.895522388059703,18.865671641791046,23.388059701492537,lrc1e-04_ceskip,0.0001,0.7005271208528738,0.8510127931769722,-0.5483982960537948,-0.7017590618336886,0.9104477611940298,0.9104477611940298
results/headroom/headroom_b30_lrc0.0001/lane2/RegNetY400MF/octmnist/L30_G30/fioretto_ldf/seed_1,octmnist,L30_G30,RegNetY400MF,1,fioretto_ldf,1,75,2,125,0.6941591535566026,0.8666666666666667,0.26,975,0.087,0.999979,,15.0,min_excess,15.0,99.0,29,15,29,0,15,0,1.0,0,,15.7655,1,-0.6666666666666666,0,,5.013333333333334,2.6933333333333334,43.08,lrc1e-04_ceskip,0.0001,0.7130774306587018,0.8173333333333334,-0.018918277102099146,0.04933333333333334,0.0,0.6666666666666666
results/headroom/headroom_b30_lrc0.0001/lane2/RegNetY400MF/octmnist/L30_G30/fioretto_ldf/seed_2,octmnist,L30_G30,RegNetY400MF,2,fioretto_ldf,1,75,2,57,0.6921825660756759,0.88,0.264,875,0.252,0.999944,29.0,,nan,29.0,0.0,29,29,28,1,28,1,0.9655172413793104,1,29.0,12.276099,0,0.24,0,,4.906666666666666,3.9066666666666667,62.53333333333333,lrc1e-04_ceskip,0.0001,0.754518911767582,0.8453333333333333,-0.06233634569190616,0.034666666666666734,0.24,0.24
results/headroom/headroom_b30_lrc0.0001/lane2/RegNetY400MF/octmnist/L30_G30/fioretto_ldf/seed_3,octmnist,L30_G30,RegNetY400MF,3,fioretto_ldf,1,75,2,106,0.7169548360754253,0.8666666666666667,0.26,983,0.0,0.99831855,,3.0,min_excess,3.0,61.0,29,3,29,0,3,0,1.0,0,,14.73422,1,-0.41333333333333333,0,,4.746666666666667,2.933333333333333,5.8,lrc1e-04_ceskip,0.0001,0.680427716868293,0.8306666666666667,0.036527119207132364,0.03600000000000003,0.0,0.41333333333333333
results/headroom/headroom_b30_lrc0.0001/lane2/RegNetY400MF/octmnist/L30_G30/fioretto_ldf/seed_4,octmnist,L30_G30,RegNetY400MF,4,fioretto_ldf,1,75,2,127,0.7420239925268304,0.88,0.264,980,0.001,0.9999354,,7.0,min_excess,7.0,103.0,29,7,29,0,7,0,1.0,0,,13.515015,1,-0.6933333333333334,0,,4.64,2.2666666666666666,19.48,lrc1e-04_ceskip,0.0001,0.7490056135725762,0.8573333333333333,-0.006981621045745845,0.022666666666666724,0.0,0.6933333333333334
results/headroom/headroom_b30_lrc0.0001/lane2/RegNetY400MF/octmnist/L30_G30/hounie_rcl/seed_1,octmnist,L30_G30,RegNetY400MF,1,hounie_rcl,1,75,2,107,0.7439418154228263,0.9066666666666666,0.272,914,0.172,0.99999917,,23.0,min_excess,23.0,63.0,29,23,29,0,23,0,1.0,0,,0.026427,1,-0.4266666666666667,0,,4.826666666666667,2.986666666666667,54.733333333333334,lrc1e-04_ceskip,0.0001,0.7130774306587018,0.8173333333333334,0.030864384764124564,0.08933333333333326,0.0,0.4266666666666667
results/headroom/headroom_b30_lrc0.0001/lane2/RegNetY400MF/octmnist/L30_G30/hounie_rcl/seed_2,octmnist,L30_G30,RegNetY400MF,2,hounie_rcl,1,75,2,108,0.7354033173452216,0.8666666666666667,0.26,980,0.002,0.9999815,,6.0,min_excess,6.0,65.0,29,6,29,0,6,0,1.0,0,,0.028363,1,-0.44,0,,4.56,2.6933333333333334,12.933333333333334,lrc1e-04_ceskip,0.0001,0.754518911767582,0.8453333333333333,-0.019115594422360438,0.021333333333333426,0.0,0.44
results/headroom/headroom_b30_lrc0.0001/lane2/RegNetY400MF/octmnist/L30_G30/hounie_rcl/seed_3,octmnist,L30_G30,RegNetY400MF,3,hounie_rcl,1,75,2,69,0.7309683404383006,0.8666666666666667,0.26,882,0.276,0.9999949,,,nan,29.0,63.0,29,29,29,0,29,0,1.0,0,,0.025368,0,0.08,0,,5.36,3.52,65.34666666666666,lrc1e-04_ceskip,0.0001,0.680427716868293,0.8306666666666667,0.05054062357000766,0.03600000000000003,0.08,0.08
results/headroom/headroom_b30_lrc0.0001/lane2/RegNetY400MF/octmnist/L30_G30/hounie_rcl/seed_4,octmnist,L30_G30,RegNetY400MF,4,hounie_rcl,1,75,2,94,0.7363880807584706,0.88,0.264,900,0.223,0.99997807,,,nan,7.0,67.0,29,29,29,0,29,0,1.0,0,,0.028196,0,-0.25333333333333335,0,,5.333333333333333,3.44,74.36,lrc1e-04_ceskip,0.0001,0.7490056135725762,0.8573333333333333,-0.012617532814105603,0.022666666666666724,0.0,0.25333333333333335
results/headroom/headroom_b30_lrc0.0001/lane2/RegNetY400MF/octmnist/L30_G30/tralo/seed_1,octmnist,L30_G30,RegNetY400MF,1,tralo,1,75,2,121,0.7520266239331184,0.92,0.276,916,0.169,0.9999877,,24.0,min_excess,24.0,91.0,29,23,29,0,23,0,1.0,0,,0.11,1,-0.6133333333333333,1,1.8666666666666667,2.84,0.9733333333333334,6.546666666666667,lrc1e-04_ceskip,0.0001,0.7130774306587018,0.8173333333333334,0.038949193274416594,0.10266666666666668,0.0,0.6133333333333333
results/headroom/headroom_b30_lrc0.0001/lane2/RegNetY400MF/octmnist/L30_G30/tralo/seed_2,octmnist,L30_G30,RegNetY400MF,2,tralo,1,75,2,124,0.7160146073244622,0.8666666666666667,0.26,915,0.22,0.9999999,,29.0,min_excess,29.0,97.0,29,28,29,0,28,0,1.0,0,,0.11,1,-0.6533333333333333,1,1.72,3.2133333333333334,1.4933333333333334,7.68,lrc1e-04_ceskip,0.0001,0.754518911767582,0.8453333333333333,-0.03850430444311981,0.021333333333333426,0.0,0.6533333333333333
results/headroom/headroom_b30_lrc0.0001/lane2/RegNetY400MF/octmnist/L30_G30/tralo/seed_3,octmnist,L30_G30,RegNetY400MF,3,tralo,1,75,2,126,0.7009144846064651,0.8266666666666667,0.248,925,0.209,0.99999976,,,nan,10.0,101.0,29,29,29,0,29,0,1.0,0,,0.11,0,-0.68,1,1.68,2.9466666666666668,1.2666666666666666,8.866666666666667,lrc1e-04_ceskip,0.0001,0.680427716868293,0.8306666666666667,0.02048676773817215,-0.0040000000000000036,0.0,0.68
results/headroom/headroom_b30_lrc0.0001/lane2/RegNetY400MF/octmnist/L30_G30/tralo/seed_4,octmnist,L30_G30,RegNetY400MF,4,tralo,1,75,2,89,0.7363577678094129,0.88,0.264,980,0.008,0.99959165,,8.0,min_excess,8.0,27.0,29,7,29,0,7,0,1.0,0,,0.11,1,-0.18666666666666668,1,2.4,2.506666666666667,0.10666666666666667,2.9066666666666667,lrc1e-04_ceskip,0.0001,0.7490056135725762,0.8573333333333333,-0.012647845763163357,0.022666666666666724,0.0,0.18666666666666668
results/headroom/headroom_b30_lrc0.0001/lane2/RegNetY400MF/tissuemnist/L30_G30/fioretto_ldf/seed_1,tissuemnist,L30_G30,RegNetY400MF,1,fioretto_ldf,1,51,4,74,0.36602478743763034,0.5294117647058824,0.15789473684210525,2400,0.0,0.9671545,,5.0,min_excess,5.0,46.0,29,5,29,0,5,0,1.0,0,,21.250313,1,-0.45098039215686275,0,,7.549019607843137,5.647058823529412,23.215686274509803,lrc1e-04_ceskip,0.0001,0.3815545842815669,0.5637254901960784,-0.015529796843936572,-0.03431372549019607,0.0,0.45098039215686275
results/headroom/headroom_b30_lrc0.0001/lane2/RegNetY400MF/tissuemnist/L30_G30/fioretto_ldf/seed_2,tissuemnist,L30_G30,RegNetY400MF,2,fioretto_ldf,1,51,4,101,0.41595866292658606,0.6470588235294118,0.19298245614035087,2400,0.0,0.8684517,,2.0,min_excess,2.0,100.0,29,2,29,0,2,0,1.0,0,,18.932156,1,-0.9803921568627451,0,,7.196078431372549,4.235294117647059,8.156862745098039,lrc1e-04_ceskip,0.0001,0.3462893098101365,0.5168718650250798,0.06966935311644956,0.13018695850433204,0.0,0.9803921568627451
results/headroom/headroom_b30_lrc0.0001/lane2/RegNetY400MF/tissuemnist/L30_G30/fioretto_ldf/seed_3,tissuemnist,L30_G30,RegNetY400MF,3,fioretto_ldf,1,51,4,78,0.4160321002580541,0.6470588235294118,0.19298245614035087,2398,0.0,0.97070307,,3.0,min_excess,3.0,54.0,29,3,29,0,3,0,1.0,0,,18.468748,1,-0.5294117647058824,0,,5.196078431372549,3.1372549019607843,8.980392156862745,lrc1e-04_ceskip,0.0001,0.3973471766257748,0.5557455540355678,0.018684923632279304,0.091313269493844,0.0,0.5294117647058824
results/headroom/headroom_b30_lrc0.0001/lane2/RegNetY400MF/tissuemnist/L30_G30/fioretto_ldf/seed_4,tissuemnist,L30_G30,RegNetY400MF,4,fioretto_ldf,1,51,4,107,0.38487164601217827,0.5490196078431373,0.16374269005847952,2400,0.0,0.9998789,,8.0,min_excess,8.0,112.0,29,8,29,0,8,0,1.0,0,,20.499089,1,-1.0980392156862746,0,,7.862745098039215,4.666666666666667,36.15686274509804,lrc1e-04_ceskip,0.0001,0.4114904495777295,0.6084131326949385,-0.02661880356555124,-0.05939352485180116,0.0,1.0980392156862746
results/headroom/headroom_b30_lrc0.0001/lane2/RegNetY400MF/tissuemnist/L30_G30/hounie_rcl/seed_1,tissuemnist,L30_G30,RegNetY400MF,1,hounie_rcl,1,51,4,103,0.3865354881989905,0.5882352941176471,0.17543859649122806,2384,0.034583333333333334,0.99999976,,23.0,min_excess,23.0,104.0,29,23,29,0,23,0,1.0,0,,0.016624,1,-1.0196078431372548,0,,11.235294117647058,8.196078431372548,125.49019607843137,lrc1e-04_ceskip,0.0001,0.3815545842815669,0.5637254901960784,0.0049809039174235625,0.02450980392156865,0.0,1.0196078431372548
results/headroom/headroom_b30_lrc0.0001/lane2/RegNetY400MF/tissuemnist/L30_G30/hounie_rcl/seed_2,tissuemnist,L30_G30,RegNetY400MF,2,hounie_rcl,1,51,4,101,0.41595866292658606,0.6470588235294118,0.19298245614035087,2400,0.0,0.8684517,,2.0,min_excess,2.0,100.0,29,2,29,0,2,0,1.0,0,,0.015842,1,-0.9803921568627451,0,,7.196078431372549,4.235294117647059,8.156862745098039,lrc1e-04_ceskip,0.0001,0.3462893098101365,0.5168718650250798,0.06966935311644956,0.13018695850433204,0.0,0.9803921568627451
results/headroom/headroom_b30_lrc0.0001/lane2/RegNetY400MF/tissuemnist/L30_G30/hounie_rcl/seed_3,tissuemnist,L30_G30,RegNetY400MF,3,hounie_rcl,1,51,4,86,0.4429713849593309,0.5882352941176471,0.17543859649122806,2400,0.0,0.91689706,,3.0,min_excess,3.0,70.0,29,3,29,0,3,0,1.0,0,,0.016514,1,-0.6862745098039216,0,,5.196078431372549,2.823529411764706,9.294117647058824,lrc1e-04_ceskip,0.0001,0.3973471766257748,0.5557455540355678,0.04562420833355613,0.03248974008207928,0.0,0.6862745098039216
results/headroom/headroom_b30_lrc0.0001/lane2/RegNetY400MF/tissuemnist/L30_G30/hounie_rcl/seed_4,tissuemnist,L30_G30,RegNetY400MF,4,hounie_rcl,1,51,4,105,0.3562319557558725,0.5882352941176471,0.17543859649122806,2397,0.015,0.99998736,,22.0,min_excess,22.0,108.0,29,22,29,0,22,0,1.0,0,,0.016056,1,-1.0588235294117647,0,,10.92156862745098,7.803921568627451,121.45098039215686,lrc1e-04_ceskip,0.0001,0.4114904495777295,0.6084131326949385,-0.05525849382185699,-0.020177838577291385,0.0,1.0588235294117647
results/headroom/headroom_b30_lrc0.0001/lane2/RegNetY400MF/tissuemnist/L30_G30/tralo/seed_1,tissuemnist,L30_G30,RegNetY400MF,1,tralo,1,51,4,105,0.3517354705612637,0.5882352941176471,0.17543859649122806,2397,0.0033333333333333335,0.9999348,,17.0,min_excess,17.0,108.0,29,16,29,0,16,0,1.0,0,,0.11,1,-1.0588235294117647,1,2.843137254901961,6.0588235294117645,3.215686274509804,11.96078431372549,lrc1e-04_ceskip,0.0001,0.3815545842815669,0.5637254901960784,-0.029819113720303214,0.02450980392156865,0.0,1.0588235294117647
results/headroom/headroom_b30_lrc0.0001/lane2/RegNetY400MF/tissuemnist/L30_G30/tralo/seed_2,tissuemnist,L30_G30,RegNetY400MF,2,tralo,1,51,4,123,0.4170239495472287,0.6274509803921569,0.1871345029239766,2399,0.0,0.98395145,,5.0,min_excess,5.0,144.0,29,4,29,0,4,0,1.0,0,,0.11,1,-1.411764705882353,1,2.411764705882353,4.098039215686274,1.6862745098039216,4.509803921568627,lrc1e-04_ceskip,0.0001,0.3462893098101365,0.5168718650250798,0.07073463973709221,0.1105791153670771,0.0,1.411764705882353
results/headroom/headroom_b30_lrc0.0001/lane2/RegNetY400MF/tissuemnist/L30_G30/tralo/seed_3,tissuemnist,L30_G30,RegNetY400MF,3,tralo,1,51,4,111,0.4104309011286234,0.5490196078431373,0.16374269005847952,2400,0.0,0.9559435,,4.0,min_excess,4.0,120.0,29,3,29,0,3,0,1.0,0,,0.11,1,-1.1764705882352942,1,3.0980392156862746,3.0980392156862746,0.0,2.0980392156862746,lrc1e-04_ceskip,0.0001,0.3973471766257748,0.5557455540355678,0.013083724502848615,-0.006725946192430499,0.0,1.1764705882352942
results/headroom/headroom_b30_lrc0.0001/lane2/RegNetY400MF/tissuemnist/L30_G30/tralo/seed_4,tissuemnist,L30_G30,RegNetY400MF,4,tralo,1,51,4,136,0.36359285552718557,0.5882352941176471,0.17543859649122806,2391,0.03875,0.9999962,,28.0,min_excess,28.0,170.0,29,27,29,0,27,0,1.0,0,,0.11,1,-1.6666666666666667,1,3.3529411764705883,5.0,1.6470588235294117,19.07843137254902,lrc1e-04_ceskip,0.0001,0.4114904495777295,0.6084131326949385,-0.047897594050543946,-0.020177838577291385,0.0,1.6666666666666667
results/headroom/headroom_b30_lrc0.0001/lane3/RegNetY400MF/dermmnist/L50_G50/fioretto_ldf/seed_1,dermmnist,L50_G50,RegNetY400MF,1,fioretto_ldf,1,112,4,91,0.6183982790447494,0.75,0.37668161434977576,1993,0.016475287069395907,0.9999746,16.0,,nan,16.0,0.0,20,20,15,5,15,5,0.75,1,16.0,6.337145,0,0.1875,0,,3.6339285714285716,2.6339285714285716,19.705357142857142,lrc1e-04_ceskip,0.0001,0.7013511596879296,0.8674040511727079,-0.08295288064318018,-0.11740405117270791,0.1875,0.1875
results/headroom/headroom_b30_lrc0.0001/lane3/RegNetY400MF/dermmnist/L50_G50/fioretto_ldf/seed_2,dermmnist,L50_G50,RegNetY400MF,2,fioretto_ldf,1,112,4,69,0.618833706892146,0.7589285714285714,0.3811659192825112,1983,0.04792810783824263,0.99994516,18.0,,nan,18.0,0.0,22,22,17,5,17,5,0.7727272727272727,1,18.0,5.997639,0,0.38392857142857145,0,,3.3660714285714284,2.3660714285714284,18.598214285714285,lrc1e-04_ceskip,0.0001,0.640130894062552,0.7973747334754797,-0.021297187170405962,-0.038446162046908317,0.38392857142857145,0.38392857142857145
results/headroom/headroom_b30_lrc0.0001/lane3/RegNetY400MF/dermmnist/L50_G50/fioretto_ldf/seed_3,dermmnist,L50_G50,RegNetY400MF,3,fioretto_ldf,1,112,4,48,0.6050725719671165,0.7678571428571429,0.38565022421524664,1976,0.046929605591612585,0.99998224,17.0,,nan,17.0,0.0,21,21,16,5,16,5,0.7619047619047619,1,17.0,6.6591,0,0.5714285714285714,0,,4.491071428571429,3.4910714285714284,22.044642857142858,lrc1e-04_ceskip,0.0001,0.7020126218145958,0.8376199360341151,-0.09694004984747928,-0.0697627931769722,0.5714285714285714,0.5714285714285714
results/headroom/headroom_b30_lrc0.0001/lane3/RegNetY400MF/dermmnist/L50_G50/fioretto_ldf/seed_4,dermmnist,L50_G50,RegNetY400MF,4,fioretto_ldf,1,112,4,99,0.5969347987551573,0.7053571428571429,0.3542600896860987,1998,0.021467798302546182,0.9999944,15.0,,nan,15.0,0.0,19,19,14,5,14,5,0.7368421052631579,1,15.0,4.862887,0,0.11607142857142858,0,,2.919642857142857,1.9196428571428572,14.776785714285714,lrc1e-04_ceskip,0.0001,0.7005271208528738,0.8510127931769722,-0.10359232209771652,-0.1456556503198293,0.11607142857142858,0.11607142857142858
results/headroom/headroom_b30_lrc0.0001/lane3/RegNetY400MF/dermmnist/L50_G50/hounie_rcl/seed_1,dermmnist,L50_G50,RegNetY400MF,1,hounie_rcl,1,112,4,42,0.5129203106947028,0.6964285714285714,0.34977578475336324,1959,0.08936595107338992,0.99985945,20.0,,nan,20.0,0.0,24,24,19,5,19,5,0.7916666666666666,1,20.0,0.007413,0,0.625,0,,3.2589285714285716,2.2589285714285716,23.107142857142858,lrc1e-04_ceskip,0.0001,0.7013511596879296,0.8674040511727079,-0.18843084899322682,-0.17097547974413652,0.625,0.625
results/headroom/headroom_b30_lrc0.0001/lane3/RegNetY400MF/dermmnist/L50_G50/hounie_rcl/seed_2,dermmnist,L50_G50,RegNetY400MF,2,hounie_rcl,1,112,4,34,0.5211105933433501,0.7053571428571429,0.3542600896860987,1947,0.1163255117324014,0.99970055,25.0,,nan,25.0,0.0,29,29,24,5,24,5,0.8275862068965517,1,25.0,0.008477,0,0.6964285714285714,0,,3.169642857142857,2.169642857142857,26.741071428571427,lrc1e-04_ceskip,0.0001,0.640130894062552,0.7973747334754797,-0.11902030071920189,-0.09201759061833681,0.6964285714285714,0.6964285714285714
results/headroom/headroom_b30_lrc0.0001/lane3/RegNetY400MF/dermmnist/L50_G50/hounie_rcl/seed_3,dermmnist,L50_G50,RegNetY400MF,3,hounie_rcl,1,112,4,28,0.5308312386335917,0.7321428571428571,0.36771300448430494,1945,0.10683974038941588,0.9999908,22.0,,nan,22.0,0.0,26,26,21,5,21,5,0.8076923076923077,1,22.0,0.007449,0,0.75,0,,4.491071428571429,3.4910714285714284,24.8125,lrc1e-04_ceskip,0.0001,0.7020126218145958,0.8376199360341151,-0.17118138318100407,-0.10547707889125801,0.75,0.75
results/headroom/headroom_b30_lrc0.0001/lane3/RegNetY400MF/dermmnist/L50_G50/hounie_rcl/seed_4,dermmnist,L50_G50,RegNetY400MF,4,hounie_rcl,1,112,4,16,0.5026997410940586,0.6785714285714286,0.34080717488789236,1947,0.09136295556665003,0.99658465,22.0,,nan,22.0,0.0,26,26,21,5,21,5,0.8076923076923077,1,22.0,0.007456,0,0.8571428571428571,0,,3.419642857142857,2.419642857142857,23.508928571428573,lrc1e-04_ceskip,0.0001,0.7005271208528738,0.8510127931769722,-0.19782737975881526,-0.1724413646055436,0.8571428571428571,0.8571428571428571
results/headroom/headroom_b30_lrc0.0001/lane3/RegNetY400MF/dermmnist/L50_G50/tralo/seed_1,dermmnist,L50_G50,RegNetY400MF,1,tralo,1,112,4,12,0.12536184997925404,0.16964285714285715,0.08520179372197309,2002,0.0,0.30505633,17.0,,nan,17.0,0.0,25,25,19,6,19,6,0.76,3,16.0,0.08,0,0.8928571428571429,1,0.0,15.3125,15.3125,17.517857142857142,lrc1e-04_ceskip,0.0001,0.7013511596879296,0.8674040511727079,-0.5759893097086756,-0.6977611940298507,0.8928571428571429,0.8928571428571429
results/headroom/headroom_b30_lrc0.0001/lane3/RegNetY400MF/dermmnist/L50_G50/tralo/seed_2,dermmnist,L50_G50,RegNetY400MF,2,tralo,1,112,4,1,0.15901742280013337,0.22321428571428573,0.11210762331838565,1993,0.000998502246630055,0.25586668,20.0,,nan,20.0,0.0,27,27,21,6,21,6,0.7777777777777778,3,19.0,0.09,0,0.9910714285714286,1,0.0,1.8571428571428572,1.8571428571428572,2.6517857142857144,lrc1e-04_ceskip,0.0001,0.640130894062552,0.7973747334754797,-0.4811134712624186,-0.574160447761194,0.9910714285714286,0.9910714285714286
results/headroom/headroom_b30_lrc0.0001/lane3/RegNetY400MF/dermmnist/L50_G50/tralo/seed_3,dermmnist,L50_G50,RegNetY400MF,3,tralo,1,112,4,0,0.10469021939197323,0.10714285714285714,0.053811659192825115,1992,0.006989515726410384,0.029316468,20.0,,nan,20.0,0.0,28,28,22,6,22,6,0.7857142857142857,3,19.0,0.09,0,1.0,1,0.0,2.7410714285714284,2.7410714285714284,4.732142857142857,lrc1e-04_ceskip,0.0001,0.7020126218145958,0.8376199360341151,-0.5973224024226226,-0.730477078891258,1.0,1.0
results/headroom/headroom_b30_lrc0.0001/lane3/RegNetY400MF/dermmnist/L50_G50/tralo/seed_4,dermmnist,L50_G50,RegNetY400MF,4,tralo,1,112,4,0,0.12298710130749974,0.13392857142857142,0.06726457399103139,1373,0.5536694957563655,0.061361168,21.0,,nan,21.0,0.0,28,28,22,6,22,6,0.7857142857142857,3,20.0,0.09,0,1.0,1,0.0,2.232142857142857,2.232142857142857,3.607142857142857,lrc1e-04_ceskip,0.0001,0.7005271208528738,0.8510127931769722,-0.5775400195453742,-0.7170842217484008,1.0,1.0
results/headroom/headroom_b30_lrc0.0001/lane3/RegNetY400MF/octmnist/L50_G50/fioretto_ldf/seed_1,octmnist,L50_G50,RegNetY400MF,1,fioretto_ldf,1,125,2,134,0.7502314134286019,0.856,0.428,934,0.155,0.9999918,,24.0,min_excess,24.0,20.0,29,24,29,0,24,0,1.0,0,,8.872518,1,-0.072,0,,3.352,2.192,23.216,lrc1e-04_ceskip,0.0001,0.7130774306587018,0.8173333333333334,0.03715398276990012,0.03866666666666663,0.0,0.072
results/headroom/headroom_b30_lrc0.0001/lane3/RegNetY400MF/octmnist/L50_G50/fioretto_ldf/seed_2,octmnist,L50_G50,RegNetY400MF,2,fioretto_ldf,1,125,2,81,0.7711450729600202,0.84,0.42,895,0.272,0.999998,26.0,26.0,fully_satisfied,26.0,0.0,29,26,28,1,25,1,0.9615384615384616,2,26.0,5.80123,1,0.352,0,,2.552,1.552,15.8,lrc1e-04_ceskip,0.0001,0.754518911767582,0.8453333333333333,0.016626161192438205,-0.005333333333333301,0.352,0.352
results/headroom/headroom_b30_lrc0.0001/lane3/RegNetY400MF/octmnist/L50_G50/fioretto_ldf/seed_3,octmnist,L50_G50,RegNetY400MF,3,fioretto_ldf,1,125,2,116,0.6524936729647852,0.736,0.368,974,0.065,0.99997973,3.0,18.0,fully_satisfied,3.0,0.0,29,18,25,4,14,4,0.7777777777777778,4,3.0,6.372962,1,0.072,0,,2.872,1.872,9.296,lrc1e-04_ceskip,0.0001,0.680427716868293,0.8306666666666667,-0.027934043903507733,-0.09466666666666668,0.072,0.072
results/headroom/headroom_b30_lrc0.0001/lane3/RegNetY400MF/octmnist/L50_G50/fioretto_ldf/seed_4,octmnist,L50_G50,RegNetY400MF,4,fioretto_ldf,1,125,2,110,0.6985667867227979,0.768,0.384,968,0.115,0.99998355,15.0,17.0,fully_satisfied,15.0,0.0,29,17,27,2,15,2,0.8823529411764706,4,15.0,6.31548,1,0.12,0,,2.392,1.392,10.984,lrc1e-04_ceskip,0.0001,0.7490056135725762,0.8573333333333333,-0.050438826849778295,-0.08933333333333326,0.12,0.12
results/headroom/headroom_b30_lrc0.0001/lane3/RegNetY400MF/octmnist/L50_G50/hounie_rcl/seed_1,octmnist,L50_G50,RegNetY400MF,1,hounie_rcl,1,125,2,135,0.6936655776390206,0.752,0.376,977,0.109,0.99999905,,16.0,min_excess,16.0,20.0,29,16,29,0,16,0,1.0,0,,0.015889,1,-0.08,0,,2.904,1.744,12.88,lrc1e-04_ceskip,0.0001,0.7130774306587018,0.8173333333333334,-0.01941185301968118,-0.06533333333333335,0.0,0.08
results/headroom/headroom_b30_lrc0.0001/lane3/RegNetY400MF/octmnist/L50_G50/hounie_rcl/seed_2,octmnist,L50_G50,RegNetY400MF,2,hounie_rcl,1,125,2,111,0.7359659590527486,0.8,0.4,882,0.274,0.99999976,3.0,27.0,fully_satisfied,3.0,0.0,29,27,24,5,22,5,0.8148148148148148,10,3.0,0.008697,1,0.112,0,,2.36,1.36,13.288,lrc1e-04_ceskip,0.0001,0.754518911767582,0.8453333333333333,-0.01855295271483337,-0.045333333333333226,0.112,0.112
results/headroom/headroom_b30_lrc0.0001/lane3/RegNetY400MF/octmnist/L50_G50/hounie_rcl/seed_3,octmnist,L50_G50,RegNetY400MF,3,hounie_rcl,1,125,2,115,0.6970791274014569,0.792,0.396,980,0.0,0.99983406,3.0,5.0,fully_satisfied,3.0,0.0,29,5,27,2,3,2,0.6,4,3.0,0.013855,1,0.08,0,,2.456,1.456,1.528,lrc1e-04_ceskip,0.0001,0.680427716868293,0.8306666666666667,0.01665141053316399,-0.03866666666666663,0.08,0.08
results/headroom/headroom_b30_lrc0.0001/lane3/RegNetY400MF/octmnist/L50_G50/hounie_rcl/seed_4,octmnist,L50_G50,RegNetY400MF,4,hounie_rcl,1,125,2,99,0.7252840383350404,0.816,0.408,940,0.181,0.9999999,,,nan,9.0,2.0,29,29,29,0,29,0,1.0,0,,0.011981,0,0.208,0,,3.24,2.224,19.32,lrc1e-04_ceskip,0.0001,0.7490056135725762,0.8573333333333333,-0.02372157523753582,-0.04133333333333333,0.208,0.208
results/headroom/headroom_b30_lrc0.0001/lane3/RegNetY400MF/octmnist/L50_G50/tralo/seed_1,octmnist,L50_G50,RegNetY400MF,1,tralo,1,125,2,110,0.7562600735270854,0.848,0.424,960,0.118,0.9999994,16.0,16.0,fully_satisfied,16.0,0.0,29,15,28,1,14,1,0.9333333333333333,2,15.0,0.08,1,0.12,1,0.88,1.704,0.824,1.408,lrc1e-04_ceskip,0.0001,0.7130774306587018,0.8173333333333334,0.04318264286838358,0.03066666666666662,0.12,0.12
results/headroom/headroom_b30_lrc0.0001/lane3/RegNetY400MF/octmnist/L50_G50/tralo/seed_2,octmnist,L50_G50,RegNetY400MF,2,tralo,1,125,2,101,0.6972478198434332,0.776,0.388,844,0.304,0.99998343,7.0,,nan,7.0,0.0,29,29,27,2,27,2,0.9310344827586207,4,6.0,0.06,0,0.192,1,0.856,1.904,1.048,2.256,lrc1e-04_ceskip,0.0001,0.754518911767582,0.8453333333333333,-0.05727109192414881,-0.06933333333333325,0.192,0.192
results/headroom/headroom_b30_lrc0.0001/lane3/RegNetY400MF/octmnist/L50_G50/tralo/seed_3,octmnist,L50_G50,RegNetY400MF,3,tralo,1,125,2,109,0.6989346154196986,0.824,0.412,984,0.0,0.99815387,4.0,4.0,fully_satisfied,4.0,0.0,29,3,28,1,2,1,0.6666666666666666,2,3.0,0.05,1,0.128,1,0.872,1.728,0.856,0.728,lrc1e-04_ceskip,0.0001,0.680427716868293,0.8306666666666667,0.018506898551405637,-0.00666666666666671,0.128,0.128
results/headroom/headroom_b30_lrc0.0001/lane3/RegNetY400MF/octmnist/L50_G50/tralo/seed_4,octmnist,L50_G50,RegNetY400MF,4,tralo,1,125,2,112,0.7575557892552348,0.824,0.412,911,0.236,0.9999888,8.0,,nan,8.0,0.0,29,29,26,3,26,3,0.896551724137931,6,7.0,0.06,0,0.104,1,0.608,2.24,1.632,2.44,lrc1e-04_ceskip,0.0001,0.7490056135725762,0.8573333333333333,0.00855017568265859,-0.033333333333333326,0.104,0.104
results/headroom/headroom_b30_lrc0.0001/lane3/RegNetY400MF/tissuemnist/L50_G50/fioretto_ldf/seed_1,tissuemnist,L50_G50,RegNetY400MF,1,fioretto_ldf,1,86,4,74,0.36602478743763034,0.46511627906976744,0.23391812865497075,2400,0.0,0.9671545,5.0,5.0,fully_satisfied,5.0,0.0,29,5,28,1,4,1,0.8,2,5.0,15.469774,1,0.13953488372093023,0,,4.069767441860465,3.0697674418604652,9.976744186046512,lrc1e-04_ceskip,0.0001,0.3815545842815669,0.5637254901960784,-0.015529796843936572,-0.09860921112631099,0.13953488372093023,0.13953488372093023
results/headroom/headroom_b30_lrc0.0001/lane3/RegNetY400MF/tissuemnist/L50_G50/fioretto_ldf/seed_2,tissuemnist,L50_G50,RegNetY400MF,2,fioretto_ldf,1,86,4,101,0.41595866292658606,0.5348837209302325,0.26900584795321636,2400,0.0,0.8684517,,2.0,min_excess,2.0,30.0,29,2,29,0,2,0,1.0,0,,15.134693,1,-0.1744186046511628,0,,3.86046511627907,2.511627906976744,3.2093023255813953,lrc1e-04_ceskip,0.0001,0.3462893098101365,0.5168718650250798,0.06966935311644956,0.01801185590515275,0.0,0.1744186046511628
results/headroom/headroom_b30_lrc0.0001/lane3/RegNetY400MF/tissuemnist/L50_G50/fioretto_ldf/seed_3,tissuemnist,L50_G50,RegNetY400MF,3,fioretto_ldf,1,86,4,78,0.4160321002580541,0.5697674418604651,0.28654970760233917,2398,0.0,0.97070307,3.0,3.0,fully_satisfied,3.0,0.0,29,3,28,1,2,1,0.6666666666666666,2,3.0,13.275712,1,0.09302325581395349,0,,2.6744186046511627,1.6744186046511629,3.0697674418604652,lrc1e-04_ceskip,0.0001,0.3973471766257748,0.5557455540355678,0.018684923632279304,0.014021887824897328,0.09302325581395349,0.09302325581395349
results/headroom/headroom_b30_lrc0.0001/lane3/RegNetY400MF/tissuemnist/L50_G50/fioretto_ldf/seed_4,tissuemnist,L50_G50,RegNetY400MF,4,fioretto_ldf,1,86,4,107,0.38487164601217827,0.5348837209302325,0.26900584795321636,2400,0.0,0.9998789,,8.0,min_excess,8.0,42.0,29,8,29,0,8,0,1.0,0,,14.240368,1,-0.2441860465116279,0,,4.255813953488372,2.7674418604651163,14.930232558139535,lrc1e-04_ceskip,0.0001,0.4114904495777295,0.6084131326949385,-0.02661880356555124,-0.07352941176470595,0.0,0.2441860465116279
results/headroom/headroom_b30_lrc0.0001/lane3/RegNetY400MF/tissuemnist/L50_G50/hounie_rcl/seed_1,tissuemnist,L50_G50,RegNetY400MF,1,hounie_rcl,1,86,4,81,0.3585065445090276,0.46511627906976744,0.23391812865497075,2399,0.0004166666666666667,0.99868864,,9.0,min_excess,9.0,3.0,29,9,29,0,9,0,1.0,0,,0.01144,1,0.05813953488372093,0,,7.4186046511627906,6.383720930232558,21.011627906976745,lrc1e-04_ceskip,0.0001,0.3815545842815669,0.5637254901960784,-0.02304803977253933,-0.09860921112631099,0.05813953488372093,0.05813953488372093
results/headroom/headroom_b30_lrc0.0001/lane3/RegNetY400MF/tissuemnist/L50_G50/hounie_rcl/seed_2,tissuemnist,L50_G50,RegNetY400MF,2,hounie_rcl,1,86,4,101,0.41595866292658606,0.5348837209302325,0.26900584795321636,2400,0.0,0.8684517,,2.0,min_excess,2.0,30.0,29,2,29,0,2,0,1.0,0,,0.01376,1,-0.1744186046511628,0,,3.86046511627907,2.511627906976744,3.2093023255813953,lrc1e-04_ceskip,0.0001,0.3462893098101365,0.5168718650250798,0.06966935311644956,0.01801185590515275,0.0,0.1744186046511628
results/headroom/headroom_b30_lrc0.0001/lane3/RegNetY400MF/tissuemnist/L50_G50/hounie_rcl/seed_3,tissuemnist,L50_G50,RegNetY400MF,3,hounie_rcl,1,86,4,93,0.4244925949660376,0.5348837209302325,0.26900584795321636,2400,0.0,0.95624006,,3.0,min_excess,3.0,14.0,29,3,29,0,3,0,1.0,0,,0.011929,1,-0.08139534883720931,0,,2.6744186046511627,1.5116279069767442,3.2325581395348837,lrc1e-04_ceskip,0.0001,0.3973471766257748,0.5557455540355678,0.027145418340262795,-0.020861833105335292,0.0,0.08139534883720931
results/headroom/headroom_b30_lrc0.0001/lane3/RegNetY400MF/tissuemnist/L50_G50/hounie_rcl/seed_4,tissuemnist,L50_G50,RegNetY400MF,4,hounie_rcl,1,86,4,102,0.3541704193938009,0.47674418604651164,0.23976608187134502,2399,0.0008333333333333334,0.99994874,,9.0,min_excess,9.0,32.0,29,9,29,0,9,0,1.0,0,,0.011583,1,-0.18604651162790697,0,,4.0,2.627906976744186,14.813953488372093,lrc1e-04_ceskip,0.0001,0.4114904495777295,0.6084131326949385,-0.057320030183928616,-0.13166894664842682,0.0,0.18604651162790697
results/headroom/headroom_b30_lrc0.0001/lane3/RegNetY400MF/tissuemnist/L50_G50/tralo/seed_1,tissuemnist,L50_G50,RegNetY400MF,1,tralo,1,86,4,100,0.3974722289625047,0.5348837209302325,0.26900584795321636,2400,0.0,0.97483623,,6.0,min_excess,6.0,28.0,29,5,29,0,5,0,1.0,0,,0.11,1,-0.16279069767441862,1,1.686046511627907,2.8255813953488373,1.1395348837209303,2.511627906976744,lrc1e-04_ceskip,0.0001,0.3815545842815669,0.5637254901960784,0.015917644680937815,-0.028841769265845918,0.0,0.16279069767441862
results/headroom/headroom_b30_lrc0.0001/lane3/RegNetY400MF/tissuemnist/L50_G50/tralo/seed_2,tissuemnist,L50_G50,RegNetY400MF,2,tralo,1,86,4,114,0.4229122626676135,0.5232558139534884,0.2631578947368421,2400,0.0,0.88923424,,3.0,min_excess,3.0,56.0,29,2,29,0,2,0,1.0,0,,0.11,1,-0.32558139534883723,1,2.4302325581395348,2.4302325581395348,0.0,1.430232558139535,lrc1e-04_ceskip,0.0001,0.3462893098101365,0.5168718650250798,0.076622952857477,0.006383948928408656,0.0,0.32558139534883723
results/headroom/headroom_b30_lrc0.0001/lane3/RegNetY400MF/tissuemnist/L50_G50/tralo/seed_3,tissuemnist,L50_G50,RegNetY400MF,3,tralo,1,86,4,82,0.333484059597683,0.4883720930232558,0.24561403508771928,2400,0.0,0.99836344,,7.0,min_excess,7.0,3.0,29,6,29,0,6,0,1.0,0,,0.11,1,0.046511627906976744,1,1.8372093023255813,2.186046511627907,0.3488372093023256,2.0232558139534884,lrc1e-04_ceskip,0.0001,0.3973471766257748,0.5557455540355678,-0.06386311702809178,-0.06737346101231201,0.046511627906976744,0.046511627906976744
results/headroom/headroom_b30_lrc0.0001/lane3/RegNetY400MF/tissuemnist/L50_G50/tralo/seed_4,tissuemnist,L50_G50,RegNetY400MF,4,tralo,1,86,4,91,0.3578201538927332,0.5116279069767442,0.2573099415204678,2400,0.0004166666666666667,0.99997497,,11.0,min_excess,11.0,11.0,29,10,29,0,10,0,1.0,0,,0.11,1,-0.05813953488372093,1,2.4069767441860463,2.604651162790698,0.19767441860465115,4.511627906976744,lrc1e-04_ceskip,0.0001,0.4114904495777295,0.6084131326949385,-0.053670295684996316,-0.09678522571819426,0.0,0.05813953488372093
results/headroom/headroom_b30_lrc0.0001_noceskip/lane0/MobileNetV3/dermmnist/L30_G30/fioretto_ldf/seed_1,dermmnist,L30_G30,MobileNetV3,1,fioretto_ldf,1,67,4,39,0.557781578181268,0.8507462686567164,0.2556053811659193,601,0.7873190214677983,1.0,22.0,,nan,22.0,0.0,26,26,21,5,21,5,0.8076923076923077,1,22.0,10.463698,0,0.417910447761194,0,,8.134328358208956,7.134328358208955,59.38805970149254,lrc1e-04_noskip,0.0001,0.6994360828307511,0.8837953091684434,-0.14165450464948315,-0.03304904051172697,0.417910447761194,0.417910447761194
results/headroom/headroom_b30_lrc0.0001_noceskip/lane0/MobileNetV3/dermmnist/L30_G30/fioretto_ldf/seed_2,dermmnist,L30_G30,MobileNetV3,2,fioretto_ldf,1,67,4,23,0.5539393406932882,0.8059701492537313,0.242152466367713,568,0.8217673489765353,0.9999914,19.0,,nan,19.0,0.0,23,23,18,5,18,5,0.782608695652174,1,19.0,8.564764,0,0.6567164179104478,0,,5.835820895522388,4.835820895522388,47.59701492537314,lrc1e-04_noskip,0.0001,0.6850627078056499,0.818230277185501,-0.13112336711236172,-0.012260127931769671,0.6567164179104478,0.6567164179104478
results/headroom/headroom_b30_lrc0.0001_noceskip/lane0/MobileNetV3/dermmnist/L30_G30/fioretto_ldf/seed_3,dermmnist,L30_G30,MobileNetV3,3,fioretto_ldf,1,67,4,34,0.5516436037750767,0.7910447761194029,0.23766816143497757,773,0.7139291063404892,0.9999876,18.0,,nan,18.0,0.0,22,22,17,5,17,5,0.7727272727272727,1,18.0,10.408058,0,0.4925373134328358,0,,8.164179104477611,7.164179104477612,59.298507462686565,lrc1e-04_noskip,0.0001,0.7056520413443165,0.8852611940298507,-0.15400843756923976,-0.09421641791044777,0.4925373134328358,0.4925373134328358
results/headroom/headroom_b30_lrc0.0001_noceskip/lane0/MobileNetV3/dermmnist/L30_G30/fioretto_ldf/seed_4,dermmnist,L30_G30,MobileNetV3,4,fioretto_ldf,1,67,4,57,0.5923911134100882,0.8208955223880597,0.24663677130044842,648,0.7618572141787319,0.9999994,19.0,,nan,19.0,0.0,23,23,18,5,18,5,0.782608695652174,1,19.0,9.962893,0,0.14925373134328357,0,,6.641791044776119,5.641791044776119,54.62686567164179,lrc1e-04_noskip,0.0001,0.679767880298651,0.8600079957356077,-0.08737676688856277,-0.03911247334754797,0.14925373134328357,0.14925373134328357
results/headroom/headroom_b30_lrc0.0001_noceskip/lane0/MobileNetV3/dermmnist/L30_G30/hounie_rcl/seed_1,dermmnist,L30_G30,MobileNetV3,1,hounie_rcl,1,67,4,16,0.5068057641748468,0.7014925373134329,0.21076233183856502,514,0.836245631552671,0.9999453,24.0,,nan,24.0,0.0,28,28,23,5,23,5,0.8214285714285714,1,24.0,0.009394,0,0.7611940298507462,0,,5.686567164179104,4.686567164179104,53.11940298507463,lrc1e-04_noskip,0.0001,0.6994360828307511,0.8837953091684434,-0.1926303186559043,-0.18230277185501054,0.7611940298507462,0.7611940298507462
results/headroom/headroom_b30_lrc0.0001_noceskip/lane0/MobileNetV3/dermmnist/L30_G30/hounie_rcl/seed_2,dermmnist,L30_G30,MobileNetV3,2,hounie_rcl,1,67,4,28,0.43485538652617683,0.746268656716418,0.2242152466367713,398,0.8876684972541188,0.9999995,25.0,,nan,25.0,0.0,29,29,24,5,24,5,0.8275862068965517,1,25.0,0.011174,0,0.582089552238806,0,,8.074626865671641,7.074626865671642,63.44776119402985,lrc1e-04_noskip,0.0001,0.6850627078056499,0.818230277185501,-0.2502073212794731,-0.07196162046908305,0.582089552238806,0.582089552238806
results/headroom/headroom_b30_lrc0.0001_noceskip/lane0/MobileNetV3/dermmnist/L30_G30/hounie_rcl/seed_3,dermmnist,L30_G30,MobileNetV3,3,hounie_rcl,1,67,4,18,0.5486722039019932,0.8059701492537313,0.242152466367713,520,0.8322516225661508,0.9995431,18.0,,nan,18.0,0.0,22,22,17,5,17,5,0.7727272727272727,1,18.0,0.008803,0,0.7313432835820896,0,,7.597014925373134,6.597014925373134,50.8955223880597,lrc1e-04_noskip,0.0001,0.7056520413443165,0.8852611940298507,-0.15697983744232324,-0.07929104477611937,0.7313432835820896,0.7313432835820896
results/headroom/headroom_b30_lrc0.0001_noceskip/lane0/MobileNetV3/dermmnist/L30_G30/hounie_rcl/seed_4,dermmnist,L30_G30,MobileNetV3,4,hounie_rcl,1,67,4,25,0.44334112674430176,0.7014925373134329,0.21076233183856502,556,0.8207688467299051,1.0,23.0,,nan,23.0,0.0,27,27,22,5,22,5,0.8148148148148148,1,23.0,0.01171,0,0.6268656716417911,0,,6.074626865671642,5.074626865671642,65.67164179104478,lrc1e-04_noskip,0.0001,0.679767880298651,0.8600079957356077,-0.23642675355434922,-0.15851545842217485,0.6268656716417911,0.6268656716417911
results/headroom/headroom_b30_lrc0.0001_noceskip/lane0/MobileNetV3/dermmnist/L30_G30/tralo/seed_1,dermmnist,L30_G30,MobileNetV3,1,tralo,1,67,4,68,0.5908519673325173,0.8656716417910447,0.2600896860986547,1339,0.4677983025461807,0.9999759,,6.0,min_excess,6.0,3.0,29,5,29,0,5,0,1.0,0,,0.11,1,-0.014925373134328358,1,1.0149253731343284,2.1791044776119404,1.164179104477612,1.1940298507462686,lrc1e-04_noskip,0.0001,0.6994360828307511,0.8837953091684434,-0.10858411549823377,-0.018123667377398678,0.0,0.014925373134328358
results/headroom/headroom_b30_lrc0.0001_noceskip/lane0/MobileNetV3/dermmnist/L30_G30/tralo/seed_2,dermmnist,L30_G30,MobileNetV3,2,tralo,1,67,4,63,0.6222895028460954,0.8805970149253731,0.2645739910313901,1425,0.4438342486270594,0.99999964,6.0,6.0,fully_satisfied,6.0,0.0,29,5,28,1,4,1,0.8,2,5.0,0.06,1,0.05970149253731343,1,0.9402985074626866,2.08955223880597,1.1492537313432836,1.9402985074626866,lrc1e-04_noskip,0.0001,0.6850627078056499,0.818230277185501,-0.06277320495955452,0.06236673773987211,0.05970149253731343,0.05970149253731343
results/headroom/headroom_b30_lrc0.0001_noceskip/lane0/MobileNetV3/dermmnist/L30_G30/tralo/seed_3,dermmnist,L30_G30,MobileNetV3,3,tralo,1,67,4,49,0.6341374072393323,0.8805970149253731,0.2645739910313901,696,0.7503744383424863,0.9999999,13.0,13.0,fully_satisfied,13.0,0.0,29,12,28,1,11,1,0.9166666666666666,2,12.0,0.07,1,0.26865671641791045,1,0.7313432835820896,4.0,3.2686567164179103,4.7611940298507465,lrc1e-04_noskip,0.0001,0.7056520413443165,0.8852611940298507,-0.07151463410498415,-0.004664179104477584,0.26865671641791045,0.26865671641791045
results/headroom/headroom_b30_lrc0.0001_noceskip/lane0/MobileNetV3/dermmnist/L30_G30/tralo/seed_4,dermmnist,L30_G30,MobileNetV3,4,tralo,1,67,4,72,0.525257397427119,0.8059701492537313,0.242152466367713,985,0.6275586620069895,0.99999964,,10.0,min_excess,10.0,13.0,29,9,29,0,9,0,1.0,0,,0.11,1,-0.07462686567164178,1,1.0746268656716418,2.5970149253731343,1.5223880597014925,2.343283582089552,lrc1e-04_noskip,0.0001,0.679767880298651,0.8600079957356077,-0.15451048287153202,-0.05403784648187637,0.0,0.07462686567164178
results/headroom/headroom_b30_lrc0.0001_noceskip/lane0/MobileNetV3/octmnist/L30_G30/fioretto_ldf/seed_1,octmnist,L30_G30,MobileNetV3,1,fioretto_ldf,1,75,2,67,0.7996058204591205,0.9866666666666667,0.296,624,0.498,0.9999994,,17.0,min_excess,17.0,2.0,29,17,29,0,17,0,1.0,0,,13.142254,1,0.10666666666666667,0,,5.546666666666667,4.52,40.0,lrc1e-04_noskip,0.0001,0.7580042313731934,0.88,0.04160158908592715,0.10666666666666669,0.10666666666666667,0.10666666666666667
results/headroom/headroom_b30_lrc0.0001_noceskip/lane0/MobileNetV3/octmnist/L30_G30/fioretto_ldf/seed_2,octmnist,L30_G30,MobileNetV3,2,fioretto_ldf,1,75,2,67,0.8113992231442291,0.9733333333333334,0.292,574,0.561,1.0,28.0,,nan,28.0,0.0,29,29,27,2,27,2,0.9310344827586207,1,28.0,9.593503,0,0.10666666666666667,0,,5.8133333333333335,4.8133333333333335,47.373333333333335,lrc1e-04_noskip,0.0001,0.8108231951833579,0.9199999999999999,0.0005760279608711949,0.053333333333333455,0.10666666666666667,0.10666666666666667
results/headroom/headroom_b30_lrc0.0001_noceskip/lane0/MobileNetV3/octmnist/L30_G30/fioretto_ldf/seed_3,octmnist,L30_G30,MobileNetV3,3,fioretto_ldf,1,75,2,102,0.768791431185973,0.9466666666666667,0.284,566,0.56,0.9999999,,19.0,min_excess,19.0,53.0,29,19,29,0,19,0,1.0,0,,13.152993,1,-0.36,0,,5.28,3.5733333333333333,49.986666666666665,lrc1e-04_noskip,0.0001,0.8262172810605988,0.9293333333333333,-0.057425849874625734,0.01733333333333331,0.0,0.36
results/headroom/headroom_b30_lrc0.0001_noceskip/lane0/MobileNetV3/octmnist/L30_G30/fioretto_ldf/seed_4,octmnist,L30_G30,MobileNetV3,4,fioretto_ldf,1,75,2,42,0.7812688709961337,0.92,0.276,287,0.786,0.99999976,29.0,,nan,29.0,0.0,29,29,28,1,28,1,0.9655172413793104,1,29.0,12.819699,0,0.44,0,,6.1866666666666665,5.1866666666666665,66.05333333333333,lrc1e-04_noskip,0.0001,0.72638479977456,0.8280000000000001,0.05488407122157368,0.09199999999999997,0.44,0.44
results/headroom/headroom_b30_lrc0.0001_noceskip/lane0/MobileNetV3/octmnist/L30_G30/hounie_rcl/seed_1,octmnist,L30_G30,MobileNetV3,1,hounie_rcl,1,75,2,78,0.6724310077809804,0.8933333333333333,0.268,983,0.001,0.94817674,,2.0,min_excess,2.0,5.0,29,2,29,0,2,0,1.0,0,,0.025465,1,-0.04,0,,5.466666666666667,4.4,4.533333333333333,lrc1e-04_noskip,0.0001,0.7580042313731934,0.88,-0.08557322359221298,0.013333333333333308,0.0,0.04
results/headroom/headroom_b30_lrc0.0001_noceskip/lane0/MobileNetV3/octmnist/L30_G30/hounie_rcl/seed_2,octmnist,L30_G30,MobileNetV3,2,hounie_rcl,1,75,2,83,0.7709434517479001,0.96,0.288,985,0.001,0.97591454,,2.0,min_excess,2.0,15.0,29,2,29,0,2,0,1.0,0,,0.022407,1,-0.10666666666666667,0,,1.7866666666666666,0.5866666666666667,0.9866666666666667,lrc1e-04_noskip,0.0001,0.8108231951833579,0.9199999999999999,-0.03987974343545775,0.040000000000000036,0.0,0.10666666666666667
results/headroom/headroom_b30_lrc0.0001_noceskip/lane0/MobileNetV3/octmnist/L30_G30/hounie_rcl/seed_3,octmnist,L30_G30,MobileNetV3,3,hounie_rcl,1,75,2,92,0.7862795066722891,0.9333333333333333,0.28,753,0.398,0.9999999,,11.0,min_excess,11.0,33.0,29,11,29,0,11,0,1.0,0,,0.024806,1,-0.22666666666666666,0,,6.026666666666666,4.586666666666667,27.85333333333333,lrc1e-04_noskip,0.0001,0.8262172810605988,0.9293333333333333,-0.0399377743883097,0.0040000000000000036,0.0,0.22666666666666666
results/headroom/headroom_b30_lrc0.0001_noceskip/lane0/MobileNetV3/octmnist/L30_G30/hounie_rcl/seed_4,octmnist,L30_G30,MobileNetV3,4,hounie_rcl,1,75,2,92,0.7294685944169343,0.9066666666666666,0.272,567,0.529,1.0,,,nan,4.0,41.0,29,29,29,0,29,0,1.0,0,,0.027011,0,-0.22666666666666666,0,,5.386666666666667,3.84,69.82666666666667,lrc1e-04_noskip,0.0001,0.72638479977456,0.8280000000000001,0.0030837946423742935,0.07866666666666655,0.0,0.22666666666666666
results/headroom/headroom_b30_lrc0.0001_noceskip/lane0/MobileNetV3/octmnist/L30_G30/tralo/seed_1,octmnist,L30_G30,MobileNetV3,1,tralo,1,75,2,42,0.6369146177540105,0.8933333333333333,0.268,984,0.004,0.9016115,3.0,3.0,fully_satisfied,3.0,0.0,29,2,28,1,1,1,0.5,2,2.0,0.05,1,0.44,1,0.56,3.24,2.68,2.24,lrc1e-04_noskip,0.0001,0.7580042313731934,0.88,-0.12108961361918291,0.013333333333333308,0.44,0.44
results/headroom/headroom_b30_lrc0.0001_noceskip/lane0/MobileNetV3/octmnist/L30_G30/tralo/seed_2,octmnist,L30_G30,MobileNetV3,2,tralo,1,75,2,55,0.7359002455600738,0.9466666666666667,0.284,982,0.001,0.9748001,3.0,3.0,fully_satisfied,3.0,0.0,29,2,28,1,1,1,0.5,2,2.0,0.05,1,0.26666666666666666,1,0.7333333333333333,1.4,0.6666666666666666,0.4,lrc1e-04_noskip,0.0001,0.8108231951833579,0.9199999999999999,-0.07492294962328405,0.026666666666666727,0.26666666666666666,0.26666666666666666
results/headroom/headroom_b30_lrc0.0001_noceskip/lane0/MobileNetV3/octmnist/L30_G30/tralo/seed_3,octmnist,L30_G30,MobileNetV3,3,tralo,1,75,2,77,0.8021110309994195,0.92,0.276,720,0.43,0.99999976,,12.0,min_excess,12.0,4.0,29,11,29,0,11,0,1.0,0,,0.11,1,-0.02666666666666667,1,1.9866666666666666,3.1466666666666665,1.16,4.72,lrc1e-04_noskip,0.0001,0.8262172810605988,0.9293333333333333,-0.02410625006117928,-0.009333333333333305,0.0,0.02666666666666667
results/headroom/headroom_b30_lrc0.0001_noceskip/lane0/MobileNetV3/octmnist/L30_G30/tralo/seed_4,octmnist,L30_G30,MobileNetV3,4,tralo,1,75,2,77,0.7536887594602821,0.8933333333333333,0.268,593,0.514,0.99992526,,10.0,min_excess,10.0,8.0,29,9,29,0,9,0,1.0,0,,0.11,1,-0.02666666666666667,1,1.0266666666666666,1.7466666666666666,0.72,1.2133333333333334,lrc1e-04_noskip,0.0001,0.72638479977456,0.8280000000000001,0.02730395968572208,0.06533333333333324,0.0,0.02666666666666667
results/headroom/headroom_b30_lrc0.0001_noceskip/lane0/MobileNetV3/tissuemnist/L30_G30/fioretto_ldf/seed_1,tissuemnist,L30_G30,MobileNetV3,1,fioretto_ldf,1,51,4,35,0.3954645792438441,0.6470588235294118,0.19298245614035087,2400,0.0,0.4245388,1.0,1.0,fully_satisfied,1.0,0.0,29,1,28,1,0,1,0.0,1,1.0,16.668755,1,0.3137254901960784,0,,1.0,0.0,0.0,lrc1e-04_noskip,0.0001,0.39853999493550796,0.5557455540355678,-0.003075415691663863,0.091313269493844,0.3137254901960784,0.3137254901960784
results/headroom/headroom_b30_lrc0.0001_noceskip/lane0/MobileNetV3/tissuemnist/L30_G30/fioretto_ldf/seed_2,tissuemnist,L30_G30,MobileNetV3,2,fioretto_ldf,1,51,4,55,0.3406587642309829,0.5294117647058824,0.15789473684210525,1969,0.28708333333333336,0.99899393,,11.0,min_excess,11.0,9.0,29,11,29,0,11,0,1.0,0,,20.279484,1,-0.0784313725490196,0,,15.470588235294118,14.294117647058824,62.88235294117647,lrc1e-04_noskip,0.0001,0.38482688231431644,0.6065891472868217,-0.04416811808333354,-0.07717738258093931,0.0,0.0784313725490196
results/headroom/headroom_b30_lrc0.0001_noceskip/lane0/MobileNetV3/tissuemnist/L30_G30/fioretto_ldf/seed_3,tissuemnist,L30_G30,MobileNetV3,3,fioretto_ldf,1,51,4,20,0.25884573543613204,0.47058823529411764,0.14035087719298245,1531,0.4875,0.99938047,24.0,24.0,fully_satisfied,24.0,0.0,29,24,28,1,23,1,0.9583333333333334,2,24.0,15.221057,1,0.6078431372549019,0,,16.333333333333332,15.333333333333334,90.07843137254902,lrc1e-04_noskip,0.0001,0.411828463207173,0.5691974464204286,-0.15298272777104094,-0.09860921112631094,0.6078431372549019,0.6078431372549019
results/headroom/headroom_b30_lrc0.0001_noceskip/lane0/MobileNetV3/tissuemnist/L30_G30/fioretto_ldf/seed_4,tissuemnist,L30_G30,MobileNetV3,4,fioretto_ldf,1,51,4,44,0.3860343293557206,0.5686274509803921,0.1695906432748538,2400,0.0008333333333333334,0.802076,1.0,3.0,fully_satisfied,1.0,0.0,29,3,26,3,0,3,0.0,1,1.0,15.939243,1,0.13725490196078433,0,,1.0,0.0,0.0,lrc1e-04_noskip,0.0001,0.38274006452985887,0.4990880072959416,0.0032942648258617035,0.06953944368445053,0.13725490196078433,0.13725490196078433
results/headroom/headroom_b30_lrc0.0001_noceskip/lane0/MobileNetV3/tissuemnist/L30_G30/hounie_rcl/seed_1,tissuemnist,L30_G30,MobileNetV3,1,hounie_rcl,1,51,4,35,0.3954645792438441,0.6470588235294118,0.19298245614035087,2400,0.0,0.4245388,1.0,1.0,fully_satisfied,1.0,0.0,29,1,28,1,0,1,0.0,1,1.0,0.018077,1,0.3137254901960784,0,,1.0,0.0,0.0,lrc1e-04_noskip,0.0001,0.39853999493550796,0.5557455540355678,-0.003075415691663863,0.091313269493844,0.3137254901960784,0.3137254901960784
results/headroom/headroom_b30_lrc0.0001_noceskip/lane0/MobileNetV3/tissuemnist/L30_G30/hounie_rcl/seed_2,tissuemnist,L30_G30,MobileNetV3,2,hounie_rcl,1,51,4,80,0.36162257750423865,0.5490196078431373,0.16374269005847952,1414,0.5254166666666666,0.99998736,,17.0,min_excess,17.0,58.0,29,17,29,0,17,0,1.0,0,,0.017967,1,-0.5686274509803921,0,,13.666666666666666,11.529411764705882,99.84313725490196,lrc1e-04_noskip,0.0001,0.38482688231431644,0.6065891472868217,-0.02320430481007779,-0.05756953944368437,0.0,0.5686274509803921
results/headroom/headroom_b30_lrc0.0001_noceskip/lane0/MobileNetV3/tissuemnist/L30_G30/hounie_rcl/seed_3,tissuemnist,L30_G30,MobileNetV3,3,hounie_rcl,1,51,4,53,0.37836715294566153,0.6078431372549019,0.18128654970760233,2398,0.005833333333333334,0.7250193,,3.0,min_excess,3.0,4.0,29,3,29,0,3,0,1.0,0,,0.012733,1,-0.0392156862745098,0,,2.372549019607843,1.2941176470588236,2.4313725490196076,lrc1e-04_noskip,0.0001,0.411828463207173,0.5691974464204286,-0.033461310261511445,0.038645690834473334,0.0,0.0392156862745098
results/headroom/headroom_b30_lrc0.0001_noceskip/lane0/MobileNetV3/tissuemnist/L30_G30/hounie_rcl/seed_4,tissuemnist,L30_G30,MobileNetV3,4,hounie_rcl,1,51,4,47,0.3808957268250199,0.5686274509803921,0.1695906432748538,2400,0.0,0.5758037,1.0,2.0,fully_satisfied,1.0,0.0,29,2,27,2,0,2,0.0,1,1.0,0.014354,1,0.0784313725490196,0,,1.0,0.0,0.0,lrc1e-04_noskip,0.0001,0.38274006452985887,0.4990880072959416,-0.0018443377048389942,0.06953944368445053,0.0784313725490196,0.0784313725490196
results/headroom/headroom_b30_lrc0.0001_noceskip/lane0/MobileNetV3/tissuemnist/L30_G30/tralo/seed_1,tissuemnist,L30_G30,MobileNetV3,1,tralo,1,51,4,35,0.3954645792438441,0.6470588235294118,0.19298245614035087,2400,0.0,0.4245388,2.0,2.0,fully_satisfied,2.0,0.0,29,1,28,1,0,1,0.0,1,1.0,0.05,1,0.3137254901960784,1,0.6862745098039216,0.6862745098039216,0.0,0.0,lrc1e-04_noskip,0.0001,0.39853999493550796,0.5557455540355678,-0.003075415691663863,0.091313269493844,0.3137254901960784,0.3137254901960784
results/headroom/headroom_b30_lrc0.0001_noceskip/lane0/MobileNetV3/tissuemnist/L30_G30/tralo/seed_2,tissuemnist,L30_G30,MobileNetV3,2,tralo,1,51,4,73,0.444779157439954,0.6862745098039216,0.2046783625730994,1351,0.5491666666666667,0.99999666,,29.0,min_excess,29.0,44.0,29,28,29,0,28,0,1.0,0,,0.11,1,-0.43137254901960786,1,1.6470588235294117,4.980392156862745,3.3333333333333335,11.431372549019608,lrc1e-04_noskip,0.0001,0.38482688231431644,0.6065891472868217,0.059952275125637555,0.0796853625170999,0.0,0.43137254901960786
results/headroom/headroom_b30_lrc0.0001_noceskip/lane0/MobileNetV3/tissuemnist/L30_G30/tralo/seed_3,tissuemnist,L30_G30,MobileNetV3,3,tralo,1,51,4,36,0.3267056656925248,0.5490196078431373,0.16374269005847952,1515,0.49041666666666667,0.99996686,9.0,17.0,fully_satisfied,9.0,0.0,29,16,27,2,14,2,0.875,4,8.0,0.06,1,0.29411764705882354,1,0.5882352941176471,3.980392156862745,3.392156862745098,5.392156862745098,lrc1e-04_noskip,0.0001,0.411828463207173,0.5691974464204286,-0.08512279751464819,-0.020177838577291274,0.29411764705882354,0.29411764705882354
results/headroom/headroom_b30_lrc0.0001_noceskip/lane0/MobileNetV3/tissuemnist/L30_G30/tralo/seed_4,tissuemnist,L30_G30,MobileNetV3,4,tralo,1,51,4,42,0.42230281926866087,0.6274509803921569,0.1871345029239766,2347,0.07416666666666667,0.95665157,2.0,5.0,fully_satisfied,2.0,0.0,29,4,26,3,1,3,0.25,3,1.0,0.05,1,0.17647058823529413,1,0.49019607843137253,0.8235294117647058,0.3333333333333333,0.0,lrc1e-04_noskip,0.0001,0.38274006452985887,0.4990880072959416,0.039562754738802,0.12836297309621525,0.17647058823529413,0.17647058823529413
results/headroom/headroom_b30_lrc0.0001_noceskip/lane1/MobileNetV3/dermmnist/L50_G50/fioretto_ldf/seed_1,dermmnist,L50_G50,MobileNetV3,1,fioretto_ldf,1,112,4,78,0.6420835526670444,0.8125,0.4080717488789238,752,0.7199201198202696,0.9999995,14.0,,nan,14.0,0.0,24,24,18,6,18,6,0.75,3,14.0,6.152846,0,0.30357142857142855,0,,4.473214285714286,3.4732142857142856,20.321428571428573,lrc1e-04_noskip,0.0001,0.6994360828307511,0.8837953091684434,-0.05735253016370667,-0.0712953091684434,0.30357142857142855,0.30357142857142855
results/headroom/headroom_b30_lrc0.0001_noceskip/lane1/MobileNetV3/dermmnist/L50_G50/fioretto_ldf/seed_2,dermmnist,L50_G50,MobileNetV3,2,fioretto_ldf,1,112,4,110,0.6517579261994727,0.8125,0.4080717488789238,850,0.6789815277084373,1.0,,,nan,16.0,1.0,29,29,29,0,29,0,1.0,0,,4.535734,0,0.017857142857142856,0,,3.0982142857142856,2.0892857142857144,14.366071428571429,lrc1e-04_noskip,0.0001,0.6850627078056499,0.818230277185501,-0.033304781606177225,-0.005730277185501009,0.017857142857142856,0.017857142857142856
results/headroom/headroom_b30_lrc0.0001_noceskip/lane1/MobileNetV3/dermmnist/L50_G50/fioretto_ldf/seed_3,dermmnist,L50_G50,MobileNetV3,3,fioretto_ldf,1,112,4,76,0.6254235776780518,0.7410714285714286,0.3721973094170404,950,0.6195706440339491,0.9999988,16.0,,nan,16.0,0.0,20,20,15,5,15,5,0.75,1,16.0,6.142482,0,0.32142857142857145,0,,4.491071428571429,3.4910714285714284,20.633928571428573,lrc1e-04_noskip,0.0001,0.7056520413443165,0.8852611940298507,-0.08022846366626468,-0.1441897654584221,0.32142857142857145,0.32142857142857145
results/headroom/headroom_b30_lrc0.0001_noceskip/lane1/MobileNetV3/dermmnist/L50_G50/fioretto_ldf/seed_4,dermmnist,L50_G50,MobileNetV3,4,fioretto_ldf,1,112,4,97,0.635610149084322,0.8125,0.4080717488789238,868,0.673489765351972,1.0,17.0,,nan,17.0,0.0,21,21,16,5,16,5,0.7619047619047619,1,17.0,5.856017,0,0.13392857142857142,0,,3.580357142857143,2.580357142857143,18.330357142857142,lrc1e-04_noskip,0.0001,0.679767880298651,0.8600079957356077,-0.04415773121432898,-0.04750799573560771,0.13392857142857142,0.13392857142857142
results/headroom/headroom_b30_lrc0.0001_noceskip/lane1/MobileNetV3/dermmnist/L50_G50/hounie_rcl/seed_1,dermmnist,L50_G50,MobileNetV3,1,hounie_rcl,1,112,4,54,0.48416291677517437,0.6428571428571429,0.32286995515695066,660,0.7598602096854717,1.0,27.0,,nan,27.0,0.0,29,29,26,3,26,3,0.896551724137931,1,27.0,0.007864,0,0.5178571428571429,0,,2.8839285714285716,1.8839285714285714,26.0625,lrc1e-04_noskip,0.0001,0.6994360828307511,0.8837953091684434,-0.21527316605557673,-0.2409381663113005,0.5178571428571429,0.5178571428571429
results/headroom/headroom_b30_lrc0.0001_noceskip/lane1/MobileNetV3/dermmnist/L50_G50/hounie_rcl/seed_2,dermmnist,L50_G50,MobileNetV3,2,hounie_rcl,1,112,4,71,0.6082769508687245,0.7767857142857143,0.3901345291479821,728,0.7309036445332002,1.0,26.0,,nan,26.0,0.0,29,29,25,4,25,4,0.8620689655172413,1,26.0,0.006559,0,0.36607142857142855,0,,2.919642857142857,1.9196428571428572,21.008928571428573,lrc1e-04_noskip,0.0001,0.6850627078056499,0.818230277185501,-0.07678575693692546,-0.04144456289978671,0.36607142857142855,0.36607142857142855
results/headroom/headroom_b30_lrc0.0001_noceskip/lane1/MobileNetV3/dermmnist/L50_G50/hounie_rcl/seed_3,dermmnist,L50_G50,MobileNetV3,3,hounie_rcl,1,112,4,38,0.564949066665863,0.7232142857142857,0.3632286995515695,586,0.7903145282076884,0.9999994,21.0,,nan,21.0,0.0,25,25,20,5,20,5,0.8,1,21.0,0.006752,0,0.6607142857142857,0,,4.008928571428571,3.0089285714285716,23.776785714285715,lrc1e-04_noskip,0.0001,0.7056520413443165,0.8852611940298507,-0.1407029746784535,-0.162046908315565,0.6607142857142857,0.6607142857142857
results/headroom/headroom_b30_lrc0.0001_noceskip/lane1/MobileNetV3/dermmnist/L50_G50/hounie_rcl/seed_4,dermmnist,L50_G50,MobileNetV3,4,hounie_rcl,1,112,4,52,0.5235007484841816,0.6607142857142857,0.33183856502242154,975,0.6385421867199201,0.99999547,8.0,,nan,8.0,0.0,28,28,22,6,22,6,0.7857142857142857,3,8.0,0.005601,0,0.5357142857142857,0,,3.2410714285714284,2.2410714285714284,18.098214285714285,lrc1e-04_noskip,0.0001,0.679767880298651,0.8600079957356077,-0.15626713181446938,-0.199293710021322,0.5357142857142857,0.5357142857142857
results/headroom/headroom_b30_lrc0.0001_noceskip/lane1/MobileNetV3/dermmnist/L50_G50/tralo/seed_1,dermmnist,L50_G50,MobileNetV3,1,tralo,1,112,4,80,0.6335067813669428,0.8214285714285714,0.4125560538116592,665,0.7408886669995007,0.9999994,4.0,26.0,fully_satisfied,4.0,0.0,29,25,23,6,19,6,0.76,12,3.0,0.05,1,0.2857142857142857,1,0.7053571428571429,1.7767857142857142,1.0714285714285714,2.2857142857142856,lrc1e-04_noskip,0.0001,0.6994360828307511,0.8837953091684434,-0.06592930146380827,-0.062366737739872,0.2857142857142857,0.2857142857142857
results/headroom/headroom_b30_lrc0.0001_noceskip/lane1/MobileNetV3/dermmnist/L50_G50/tralo/seed_2,dermmnist,L50_G50,MobileNetV3,2,tralo,1,112,4,95,0.6591550666068976,0.8125,0.4080717488789238,664,0.7578632051922117,1.0,3.0,,nan,3.0,0.0,29,29,19,10,19,10,0.6551724137931034,17,2.0,0.05,0,0.15178571428571427,1,0.6607142857142857,2.3392857142857144,1.6785714285714286,2.482142857142857,lrc1e-04_noskip,0.0001,0.6850627078056499,0.818230277185501,-0.02590764119875233,-0.005730277185501009,0.15178571428571427,0.15178571428571427
results/headroom/headroom_b30_lrc0.0001_noceskip/lane1/MobileNetV3/dermmnist/L50_G50/tralo/seed_3,dermmnist,L50_G50,MobileNetV3,3,tralo,1,112,4,99,0.6558994453298156,0.8125,0.4080717488789238,571,0.782326510234648,1.0,10.0,,nan,10.0,0.0,29,29,24,5,24,5,0.8275862068965517,10,9.0,0.06,0,0.11607142857142858,1,0.7321428571428571,2.5089285714285716,1.7767857142857142,3.9285714285714284,lrc1e-04_noskip,0.0001,0.7056520413443165,0.8852611940298507,-0.04975259601450088,-0.0727611940298507,0.11607142857142858,0.11607142857142858
results/headroom/headroom_b30_lrc0.0001_noceskip/lane1/MobileNetV3/dermmnist/L50_G50/tralo/seed_4,dermmnist,L50_G50,MobileNetV3,4,tralo,1,112,4,66,0.6431543255398516,0.8125,0.4080717488789238,613,0.7798302546180729,1.0,4.0,23.0,fully_satisfied,4.0,0.0,29,22,22,7,15,7,0.6818181818181818,14,3.0,0.05,1,0.4107142857142857,1,0.5892857142857143,2.142857142857143,1.5535714285714286,3.5089285714285716,lrc1e-04_noskip,0.0001,0.679767880298651,0.8600079957356077,-0.03661355475879935,-0.04750799573560771,0.4107142857142857,0.4107142857142857
results/headroom/headroom_b30_lrc0.0001_noceskip/lane1/MobileNetV3/octmnist/L50_G50/fioretto_ldf/seed_1,octmnist,L50_G50,MobileNetV3,1,fioretto_ldf,1,125,2,108,0.7215008445074367,0.792,0.396,583,0.507,1.0,2.0,28.0,fully_satisfied,2.0,0.0,29,28,23,6,22,6,0.7857142857142857,8,2.0,5.422317,1,0.136,0,,3.128,2.128,16.304,lrc1e-04_noskip,0.0001,0.7580042313731934,0.88,-0.036503386865756715,-0.08799999999999997,0.136,0.136
results/headroom/headroom_b30_lrc0.0001_noceskip/lane1/MobileNetV3/octmnist/L50_G50/fioretto_ldf/seed_2,octmnist,L50_G50,MobileNetV3,2,fioretto_ldf,1,125,2,111,0.8295688576114865,0.936,0.468,567,0.55,1.0,2.0,,nan,2.0,0.0,29,29,18,11,18,11,0.6206896551724138,11,2.0,4.564279,0,0.112,0,,3.096,2.096,14.08,lrc1e-04_noskip,0.0001,0.8108231951833579,0.9199999999999999,0.018745662428128584,0.016000000000000125,0.112,0.112
results/headroom/headroom_b30_lrc0.0001_noceskip/lane1/MobileNetV3/octmnist/L50_G50/fioretto_ldf/seed_3,octmnist,L50_G50,MobileNetV3,3,fioretto_ldf,1,125,2,111,0.7651043720875812,0.856,0.428,587,0.512,1.0,26.0,26.0,fully_satisfied,26.0,0.0,29,26,28,1,25,1,0.9615384615384616,2,26.0,5.907403,1,0.112,0,,2.776,1.776,17.064,lrc1e-04_noskip,0.0001,0.8262172810605988,0.9293333333333333,-0.06111290897301758,-0.07333333333333336,0.112,0.112
results/headroom/headroom_b30_lrc0.0001_noceskip/lane1/MobileNetV3/octmnist/L50_G50/fioretto_ldf/seed_4,octmnist,L50_G50,MobileNetV3,4,fioretto_ldf,1,125,2,117,0.8121980585359813,0.896,0.448,477,0.616,1.0,5.0,,nan,5.0,0.0,29,29,22,7,22,7,0.7586206896551724,7,5.0,5.633906,0,0.064,0,,3.496,2.496,17.152,lrc1e-04_noskip,0.0001,0.72638479977456,0.8280000000000001,0.08581325876142121,0.06799999999999995,0.064,0.064
results/headroom/headroom_b30_lrc0.0001_noceskip/lane1/MobileNetV3/octmnist/L50_G50/hounie_rcl/seed_1,octmnist,L50_G50,MobileNetV3,1,hounie_rcl,1,125,2,96,0.7869481365119021,0.888,0.444,644,0.455,1.0,2.0,13.0,fully_satisfied,2.0,0.0,29,13,26,3,10,3,0.7692307692307693,6,2.0,0.01187,1,0.232,0,,3.272,2.272,6.984,lrc1e-04_noskip,0.0001,0.7580042313731934,0.88,0.028943905138708703,0.008000000000000007,0.232,0.232
results/headroom/headroom_b30_lrc0.0001_noceskip/lane1/MobileNetV3/octmnist/L50_G50/hounie_rcl/seed_2,octmnist,L50_G50,MobileNetV3,2,hounie_rcl,1,125,2,113,0.8264072779293988,0.928,0.464,983,0.006,0.9984047,2.0,3.0,fully_satisfied,2.0,0.0,29,3,27,2,1,2,0.3333333333333333,2,2.0,0.009058,1,0.096,0,,1.048,0.048,0.048,lrc1e-04_noskip,0.0001,0.8108231951833579,0.9199999999999999,0.01558408274604095,0.008000000000000118,0.096,0.096
results/headroom/headroom_b30_lrc0.0001_noceskip/lane1/MobileNetV3/octmnist/L50_G50/hounie_rcl/seed_3,octmnist,L50_G50,MobileNetV3,3,hounie_rcl,1,125,2,86,0.7534063613721464,0.848,0.424,501,0.603,1.0,11.0,,nan,11.0,0.0,29,29,25,4,25,4,0.8620689655172413,7,11.0,0.008074,0,0.312,0,,2.776,1.776,14.032,lrc1e-04_noskip,0.0001,0.8262172810605988,0.9293333333333333,-0.07281091968845232,-0.08133333333333337,0.312,0.312
results/headroom/headroom_b30_lrc0.0001_noceskip/lane1/MobileNetV3/octmnist/L50_G50/hounie_rcl/seed_4,octmnist,L50_G50,MobileNetV3,4,hounie_rcl,1,125,2,64,0.8223765465515465,0.936,0.468,356,0.745,0.9999994,8.0,,nan,8.0,0.0,29,29,25,4,25,4,0.8620689655172413,5,8.0,0.011016,0,0.488,0,,2.776,1.776,16.928,lrc1e-04_noskip,0.0001,0.72638479977456,0.8280000000000001,0.09599174677698641,0.10799999999999998,0.488,0.488
results/headroom/headroom_b30_lrc0.0001_noceskip/lane1/MobileNetV3/octmnist/L50_G50/tralo/seed_1,octmnist,L50_G50,MobileNetV3,1,tralo,1,125,2,103,0.7709309982736356,0.856,0.428,554,0.544,1.0,3.0,,nan,3.0,0.0,29,29,25,4,25,4,0.8620689655172413,8,2.0,0.05,0,0.176,1,0.424,1.944,1.52,1.84,lrc1e-04_noskip,0.0001,0.7580042313731934,0.88,0.012926766900442255,-0.02400000000000002,0.176,0.176
results/headroom/headroom_b30_lrc0.0001_noceskip/lane1/MobileNetV3/octmnist/L50_G50/tralo/seed_2,octmnist,L50_G50,MobileNetV3,2,tralo,1,125,2,99,0.7560338499848368,0.816,0.408,605,0.526,1.0,3.0,22.0,fully_satisfied,3.0,0.0,29,21,22,7,14,7,0.6666666666666666,8,2.0,0.05,1,0.208,1,0.376,1.44,1.064,0.616,lrc1e-04_noskip,0.0001,0.8108231951833579,0.9199999999999999,-0.05478934519852108,-0.10399999999999998,0.208,0.208
results/headroom/headroom_b30_lrc0.0001_noceskip/lane1/MobileNetV3/octmnist/L50_G50/tralo/seed_3,octmnist,L50_G50,MobileNetV3,3,tralo,1,125,2,108,0.8145282858354329,0.896,0.448,549,0.56,1.0,8.0,26.0,fully_satisfied,8.0,0.0,29,25,24,5,20,5,0.8,10,7.0,0.06,1,0.136,1,0.856,1.888,1.032,2.992,lrc1e-04_noskip,0.0001,0.8262172810605988,0.9293333333333333,-0.011688995225165866,-0.033333333333333326,0.136,0.136
results/headroom/headroom_b30_lrc0.0001_noceskip/lane1/MobileNetV3/octmnist/L50_G50/tralo/seed_4,octmnist,L50_G50,MobileNetV3,4,tralo,1,125,2,122,0.8286873641921993,0.928,0.464,738,0.401,1.0,5.0,14.0,fully_satisfied,5.0,0.0,29,13,26,3,10,3,0.7692307692307693,6,4.0,0.06,1,0.024,1,0.608,1.256,0.648,0.304,lrc1e-04_noskip,0.0001,0.72638479977456,0.8280000000000001,0.1023025644176393,0.09999999999999998,0.024,0.024
results/headroom/headroom_b30_lrc0.0001_noceskip/lane1/MobileNetV3/tissuemnist/L50_G50/fioretto_ldf/seed_1,tissuemnist,L50_G50,MobileNetV3,1,fioretto_ldf,1,86,4,61,0.28715025236541913,0.45348837209302323,0.22807017543859648,1499,0.49625,0.9999987,1.0,,nan,1.0,0.0,29,29,28,1,28,1,0.9655172413793104,1,1.0,12.972226,0,0.29069767441860467,0,,6.395348837209302,5.395348837209302,52.46511627906977,lrc1e-04_noskip,0.0001,0.39853999493550796,0.5557455540355678,-0.11138974257008882,-0.10225718194254457,0.29069767441860467,0.29069767441860467
results/headroom/headroom_b30_lrc0.0001_noceskip/lane1/MobileNetV3/tissuemnist/L50_G50/fioretto_ldf/seed_2,tissuemnist,L50_G50,MobileNetV3,2,fioretto_ldf,1,86,4,83,0.3616882355063031,0.5116279069767442,0.2573099415204678,1567,0.4666666666666667,0.99997616,11.0,23.0,fully_satisfied,11.0,0.0,29,23,27,2,21,2,0.9130434782608695,4,11.0,16.706546,1,0.03488372093023256,0,,8.767441860465116,7.767441860465116,60.16279069767442,lrc1e-04_noskip,0.0001,0.38482688231431644,0.6065891472868217,-0.023138646808013363,-0.09496124031007747,0.03488372093023256,0.03488372093023256
results/headroom/headroom_b30_lrc0.0001_noceskip/lane1/MobileNetV3/tissuemnist/L50_G50/fioretto_ldf/seed_3,tissuemnist,L50_G50,MobileNetV3,3,fioretto_ldf,1,86,4,66,0.34349446917416493,0.45348837209302323,0.22807017543859648,1425,0.52125,0.9997844,1.0,19.0,fully_satisfied,1.0,0.0,29,19,24,5,14,5,0.7368421052631579,5,1.0,11.184887,1,0.23255813953488372,0,,9.279069767441861,8.279069767441861,27.13953488372093,lrc1e-04_noskip,0.0001,0.411828463207173,0.5691974464204286,-0.06833399403300805,-0.11570907432740535,0.23255813953488372,0.23255813953488372
results/headroom/headroom_b30_lrc0.0001_noceskip/lane1/MobileNetV3/tissuemnist/L50_G50/fioretto_ldf/seed_4,tissuemnist,L50_G50,MobileNetV3,4,fioretto_ldf,1,86,4,77,0.3111756289946287,0.46511627906976744,0.23391812865497075,1886,0.3275,0.9999968,1.0,11.0,fully_satisfied,1.0,0.0,29,11,24,5,6,5,0.5454545454545454,3,1.0,11.050336,1,0.10465116279069768,0,,5.162790697674419,4.162790697674419,10.465116279069768,lrc1e-04_noskip,0.0001,0.38274006452985887,0.4990880072959416,-0.07156443553523018,-0.03397172822617417,0.10465116279069768,0.10465116279069768
results/headroom/headroom_b30_lrc0.0001_noceskip/lane1/MobileNetV3/tissuemnist/L50_G50/hounie_rcl/seed_1,tissuemnist,L50_G50,MobileNetV3,1,hounie_rcl,1,86,4,35,0.3954645792438441,0.4883720930232558,0.24561403508771928,2400,0.0,0.4245388,1.0,1.0,fully_satisfied,1.0,0.0,29,1,28,1,0,1,0.0,1,1.0,0.012732,1,0.5930232558139535,0,,1.0,0.0,0.0,lrc1e-04_noskip,0.0001,0.39853999493550796,0.5557455540355678,-0.003075415691663863,-0.06737346101231201,0.5930232558139535,0.5930232558139535
results/headroom/headroom_b30_lrc0.0001_noceskip/lane1/MobileNetV3/tissuemnist/L50_G50/hounie_rcl/seed_2,tissuemnist,L50_G50,MobileNetV3,2,hounie_rcl,1,86,4,81,0.337777312890084,0.46511627906976744,0.23391812865497075,1411,0.5316666666666666,0.99991846,,26.0,min_excess,26.0,2.0,29,26,29,0,26,0,1.0,0,,0.012818,1,0.05813953488372093,0,,6.209302325581396,5.186046511627907,63.02325581395349,lrc1e-04_noskip,0.0001,0.38482688231431644,0.6065891472868217,-0.04704956942423244,-0.14147286821705424,0.05813953488372093,0.05813953488372093
results/headroom/headroom_b30_lrc0.0001_noceskip/lane1/MobileNetV3/tissuemnist/L50_G50/hounie_rcl/seed_3,tissuemnist,L50_G50,MobileNetV3,3,hounie_rcl,1,86,4,54,0.231607236675273,0.3488372093023256,0.17543859649122806,1897,0.32875,0.99987125,1.0,14.0,fully_satisfied,1.0,0.0,29,14,23,6,8,6,0.5714285714285714,5,1.0,0.008757,1,0.37209302325581395,0,,9.023255813953488,8.023255813953488,20.372093023255815,lrc1e-04_noskip,0.0001,0.411828463207173,0.5691974464204286,-0.18022122653189998,-0.220360237118103,0.37209302325581395,0.37209302325581395
results/headroom/headroom_b30_lrc0.0001_noceskip/lane1/MobileNetV3/tissuemnist/L50_G50/hounie_rcl/seed_4,tissuemnist,L50_G50,MobileNetV3,4,hounie_rcl,1,86,4,85,0.27084350661726264,0.43023255813953487,0.21637426900584794,1865,0.3516666666666667,1.0,1.0,21.0,fully_satisfied,1.0,0.0,29,21,25,4,17,4,0.8095238095238095,3,1.0,0.009998,1,0.011627906976744186,0,,5.627906976744186,4.627906976744186,32.30232558139535,lrc1e-04_noskip,0.0001,0.38274006452985887,0.4990880072959416,-0.11189655791259623,-0.06885544915640673,0.011627906976744186,0.011627906976744186
results/headroom/headroom_b30_lrc0.0001_noceskip/lane1/MobileNetV3/tissuemnist/L50_G50/tralo/seed_1,tissuemnist,L50_G50,MobileNetV3,1,tralo,1,86,4,46,0.41318960123149534,0.5,0.25146198830409355,2364,0.059583333333333335,0.83171844,2.0,5.0,fully_satisfied,2.0,0.0,29,4,27,2,2,2,0.5,3,1.0,0.05,1,0.46511627906976744,1,0.4069767441860465,0.5348837209302325,0.12790697674418605,0.0,lrc1e-04_noskip,0.0001,0.39853999493550796,0.5557455540355678,0.014649606295987383,-0.0557455540355678,0.46511627906976744,0.46511627906976744
results/headroom/headroom_b30_lrc0.0001_noceskip/lane1/MobileNetV3/tissuemnist/L50_G50/tralo/seed_2,tissuemnist,L50_G50,MobileNetV3,2,tralo,1,86,4,58,0.42791533550486804,0.5930232558139535,0.2982456140350877,1248,0.6008333333333333,0.9999995,5.0,28.0,fully_satisfied,5.0,0.0,29,27,27,2,25,2,0.9259259259259259,4,4.0,0.06,1,0.32558139534883723,1,0.6744186046511628,3.488372093023256,2.813953488372093,6.232558139534884,lrc1e-04_noskip,0.0001,0.38482688231431644,0.6065891472868217,0.0430884531905516,-0.01356589147286813,0.32558139534883723,0.32558139534883723
results/headroom/headroom_b30_lrc0.0001_noceskip/lane1/MobileNetV3/tissuemnist/L50_G50/tralo/seed_3,tissuemnist,L50_G50,MobileNetV3,3,tralo,1,86,4,63,0.3976203801948647,0.5232558139534884,0.2631578947368421,2291,0.12458333333333334,0.9805222,2.0,,nan,2.0,0.0,4,4,0,4,0,4,0.0,0,1.0,0.05,0,0.26744186046511625,1,0.5813953488372093,0.8837209302325582,0.3023255813953488,0.0,lrc1e-04_noskip,0.0001,0.411828463207173,0.5691974464204286,-0.014208083012308304,-0.04594163246694016,0.26744186046511625,0.26744186046511625
results/headroom/headroom_b30_lrc0.0001_noceskip/lane1/MobileNetV3/tissuemnist/L50_G50/tralo/seed_4,tissuemnist,L50_G50,MobileNetV3,4,tralo,1,86,4,68,0.3278875194271938,0.45348837209302323,0.22807017543859648,1700,0.4325,0.99999905,2.0,15.0,fully_satisfied,2.0,0.0,29,14,24,5,9,5,0.6428571428571429,3,1.0,0.05,1,0.20930232558139536,1,0.29069767441860467,1.1744186046511629,0.8837209302325582,0.1744186046511628,lrc1e-04_noskip,0.0001,0.38274006452985887,0.4990880072959416,-0.05485254510266507,-0.045599635202918376,0.20930232558139536,0.20930232558139536
results/headroom/headroom_b30_lrc0.0001_noceskip/lane2/RegNetY400MF/dermmnist/L30_G30/fioretto_ldf/seed_1,dermmnist,L30_G30,RegNetY400MF,1,fioretto_ldf,1,67,4,21,0.5673747534459136,0.835820895522388,0.25112107623318386,1987,0.03544682975536695,0.9999559,17.0,,nan,17.0,0.0,21,21,16,5,16,5,0.7619047619047619,1,17.0,9.217104,0,0.6865671641791045,0,,6.611940298507463,5.611940298507463,50.149253731343286,lrc1e-04_noskip,0.0001,0.7013511596879296,0.8674040511727079,-0.133976406242016,-0.03158315565031988,0.6865671641791045,0.6865671641791045
results/headroom/headroom_b30_lrc0.0001_noceskip/lane2/RegNetY400MF/dermmnist/L30_G30/fioretto_ldf/seed_2,dermmnist,L30_G30,RegNetY400MF,2,fioretto_ldf,1,67,4,51,0.5571203326042151,0.7761194029850746,0.23318385650224216,1990,0.029955067398901646,0.9999887,15.0,,nan,15.0,0.0,19,19,14,5,14,5,0.7368421052631579,1,15.0,7.436964,0,0.23880597014925373,0,,6.2835820895522385,5.2835820895522385,39.37313432835821,lrc1e-04_noskip,0.0001,0.640130894062552,0.7973747334754797,-0.08301056145833685,-0.021255330490405067,0.23880597014925373,0.23880597014925373
results/headroom/headroom_b30_lrc0.0001_noceskip/lane2/RegNetY400MF/dermmnist/L30_G30/fioretto_ldf/seed_3,dermmnist,L30_G30,RegNetY400MF,3,fioretto_ldf,1,67,4,51,0.6063083218708846,0.9104477611940298,0.273542600896861,1970,0.05591612581128307,0.9999888,16.0,,nan,16.0,0.0,20,20,15,5,15,5,0.75,1,16.0,9.420796,0,0.23880597014925373,0,,8.164179104477611,7.164179104477612,52.80597014925373,lrc1e-04_noskip,0.0001,0.7020126218145958,0.8376199360341151,-0.09570429994371121,0.0728278251599147,0.23880597014925373,0.23880597014925373
results/headroom/headroom_b30_lrc0.0001_noceskip/lane2/RegNetY400MF/dermmnist/L30_G30/fioretto_ldf/seed_4,dermmnist,L30_G30,RegNetY400MF,4,fioretto_ldf,1,67,4,52,0.5004014913308018,0.7313432835820896,0.21973094170403587,1986,0.022466300549176237,0.99998,,,nan,16.0,2.0,29,29,29,0,29,0,1.0,0,,8.068637,0,0.22388059701492538,0,,5.537313432835821,4.507462686567164,43.40298507462686,lrc1e-04_noskip,0.0001,0.7005271208528738,0.8510127931769722,-0.20012562952207202,-0.11966950959488265,0.22388059701492538,0.22388059701492538
results/headroom/headroom_b30_lrc0.0001_noceskip/lane2/RegNetY400MF/dermmnist/L30_G30/hounie_rcl/seed_1,dermmnist,L30_G30,RegNetY400MF,1,hounie_rcl,1,67,4,16,0.5090260122722069,0.8208955223880597,0.24663677130044842,1915,0.127309036445332,0.9998857,27.0,,nan,27.0,0.0,29,29,26,3,26,3,0.896551724137931,1,27.0,0.015795,0,0.7611940298507462,0,,7.059701492537314,6.059701492537314,90.11940298507463,lrc1e-04_noskip,0.0001,0.7013511596879296,0.8674040511727079,-0.1923251474157227,-0.04650852878464817,0.7611940298507462,0.7611940298507462
results/headroom/headroom_b30_lrc0.0001_noceskip/lane2/RegNetY400MF/dermmnist/L30_G30/hounie_rcl/seed_2,dermmnist,L30_G30,RegNetY400MF,2,hounie_rcl,1,67,4,5,0.36470269415610734,0.4925373134328358,0.14798206278026907,1902,0.15776335496754867,0.9754242,21.0,,nan,21.0,0.0,25,25,20,5,20,5,0.8,1,21.0,0.010066,0,0.9253731343283582,0,,5.358208955223881,4.358208955223881,54.656716417910445,lrc1e-04_noskip,0.0001,0.640130894062552,0.7973747334754797,-0.2754281999064446,-0.3048374200426439,0.9253731343283582,0.9253731343283582
results/headroom/headroom_b30_lrc0.0001_noceskip/lane2/RegNetY400MF/dermmnist/L30_G30/hounie_rcl/seed_3,dermmnist,L30_G30,RegNetY400MF,3,hounie_rcl,1,67,4,8,0.37381258850952215,0.6119402985074627,0.18385650224215247,1990,0.025961058412381426,0.995998,17.0,,nan,17.0,0.0,21,21,16,5,16,5,0.7619047619047619,1,17.0,0.008937,0,0.8805970149253731,0,,8.164179104477611,7.164179104477612,50.19402985074627,lrc1e-04_noskip,0.0001,0.7020126218145958,0.8376199360341151,-0.32820003330507364,-0.22567963752665243,0.8805970149253731,0.8805970149253731
results/headroom/headroom_b30_lrc0.0001_noceskip/lane2/RegNetY400MF/dermmnist/L30_G30/hounie_rcl/seed_4,dermmnist,L30_G30,RegNetY400MF,4,hounie_rcl,1,67,4,9,0.34403368993858147,0.6417910447761194,0.19282511210762332,1950,0.04143784323514728,0.9993585,22.0,,nan,22.0,0.0,26,26,21,5,21,5,0.8076923076923077,1,22.0,0.0113,0,0.8656716417910447,0,,5.865671641791045,4.865671641791045,61.97014925373134,lrc1e-04_noskip,0.0001,0.7005271208528738,0.8510127931769722,-0.35649343091429236,-0.20922174840085284,0.8656716417910447,0.8656716417910447
results/headroom/headroom_b30_lrc0.0001_noceskip/lane2/RegNetY400MF/dermmnist/L30_G30/tralo/seed_1,dermmnist,L30_G30,RegNetY400MF,1,tralo,1,67,4,124,0.6965820998089212,0.9552238805970149,0.28699551569506726,1942,0.10983524712930604,1.0,,,nan,7.0,156.0,29,29,29,0,29,0,1.0,0,,0.11,0,-0.8507462686567164,1,2.253731343283582,3.3582089552238807,1.1044776119402986,13.447761194029852,lrc1e-04_noskip,0.0001,0.7013511596879296,0.8674040511727079,-0.0047690598790084415,0.087819829424307,0.0,0.8507462686567164
results/headroom/headroom_b30_lrc0.0001_noceskip/lane2/RegNetY400MF/dermmnist/L30_G30/tralo/seed_2,dermmnist,L30_G30,RegNetY400MF,2,tralo,1,67,4,152,0.6376213629758776,0.8656716417910447,0.2600896860986547,2000,0.0,0.99989367,,5.0,min_excess,5.0,170.0,29,4,29,0,4,0,1.0,0,,0.11,1,-1.2686567164179106,1,2.2686567164179103,2.5671641791044775,0.29850746268656714,2.8358208955223883,lrc1e-04_noskip,0.0001,0.640130894062552,0.7973747334754797,-0.002509531086674399,0.06829690831556501,0.0,1.2686567164179106
results/headroom/headroom_b30_lrc0.0001_noceskip/lane2/RegNetY400MF/dermmnist/L30_G30/tralo/seed_3,dermmnist,L30_G30,RegNetY400MF,3,tralo,1,67,4,96,0.6039074658861605,0.8805970149253731,0.2645739910313901,2002,0.0,0.99773103,,4.0,min_excess,4.0,58.0,29,3,29,0,3,0,1.0,0,,0.11,1,-0.43283582089552236,1,4.582089552238806,4.582089552238806,0.0,3.582089552238806,lrc1e-04_noskip,0.0001,0.7020126218145958,0.8376199360341151,-0.09810515592843527,0.042977078891258014,0.0,0.43283582089552236
results/headroom/headroom_b30_lrc0.0001_noceskip/lane2/RegNetY400MF/dermmnist/L30_G30/tralo/seed_4,dermmnist,L30_G30,RegNetY400MF,4,tralo,1,67,4,90,0.6007235320556298,0.8208955223880597,0.24663677130044842,1955,0.08037943085371942,0.9999931,,,nan,30.0,46.0,29,29,29,0,29,0,1.0,0,,0.11,0,-0.34328358208955223,1,1.3432835820895523,3.044776119402985,1.7014925373134329,9.805970149253731,lrc1e-04_noskip,0.0001,0.7005271208528738,0.8510127931769722,-0.09980358879724405,-0.030117270788912465,0.0,0.34328358208955223
results/headroom/headroom_b30_lrc0.0001_noceskip/lane2/RegNetY400MF/octmnist/L30_G30/fioretto_ldf/seed_1,octmnist,L30_G30,RegNetY400MF,1,fioretto_ldf,1,75,2,125,0.6941591535566026,0.8666666666666667,0.26,975,0.087,0.999979,,15.0,min_excess,15.0,99.0,29,15,29,0,15,0,1.0,0,,15.7655,1,-0.6666666666666666,0,,5.013333333333334,2.6933333333333334,43.08,lrc1e-04_noskip,0.0001,0.7130774306587018,0.8173333333333334,-0.018918277102099146,0.04933333333333334,0.0,0.6666666666666666
results/headroom/headroom_b30_lrc0.0001_noceskip/lane2/RegNetY400MF/octmnist/L30_G30/fioretto_ldf/seed_2,octmnist,L30_G30,RegNetY400MF,2,fioretto_ldf,1,75,2,57,0.6921825660756759,0.88,0.264,875,0.252,0.999944,29.0,,nan,29.0,0.0,29,29,28,1,28,1,0.9655172413793104,1,29.0,12.276099,0,0.24,0,,4.906666666666666,3.9066666666666667,62.53333333333333,lrc1e-04_noskip,0.0001,0.754518911767582,0.8453333333333333,-0.06233634569190616,0.034666666666666734,0.24,0.24
results/headroom/headroom_b30_lrc0.0001_noceskip/lane2/RegNetY400MF/octmnist/L30_G30/fioretto_ldf/seed_3,octmnist,L30_G30,RegNetY400MF,3,fioretto_ldf,1,75,2,106,0.7169548360754253,0.8666666666666667,0.26,983,0.0,0.99831855,,3.0,min_excess,3.0,61.0,29,3,29,0,3,0,1.0,0,,14.73422,1,-0.41333333333333333,0,,4.746666666666667,2.933333333333333,5.8,lrc1e-04_noskip,0.0001,0.680427716868293,0.8306666666666667,0.036527119207132364,0.03600000000000003,0.0,0.41333333333333333
results/headroom/headroom_b30_lrc0.0001_noceskip/lane2/RegNetY400MF/octmnist/L30_G30/fioretto_ldf/seed_4,octmnist,L30_G30,RegNetY400MF,4,fioretto_ldf,1,75,2,127,0.7420239925268304,0.88,0.264,980,0.001,0.9999354,,7.0,min_excess,7.0,103.0,29,7,29,0,7,0,1.0,0,,13.515015,1,-0.6933333333333334,0,,4.64,2.2666666666666666,19.48,lrc1e-04_noskip,0.0001,0.7490056135725762,0.8573333333333333,-0.006981621045745845,0.022666666666666724,0.0,0.6933333333333334
results/headroom/headroom_b30_lrc0.0001_noceskip/lane2/RegNetY400MF/octmnist/L30_G30/hounie_rcl/seed_1,octmnist,L30_G30,RegNetY400MF,1,hounie_rcl,1,75,2,107,0.7439418154228263,0.9066666666666666,0.272,914,0.172,0.99999917,,23.0,min_excess,23.0,63.0,29,23,29,0,23,0,1.0,0,,0.026427,1,-0.4266666666666667,0,,4.826666666666667,2.986666666666667,54.733333333333334,lrc1e-04_noskip,0.0001,0.7130774306587018,0.8173333333333334,0.030864384764124564,0.08933333333333326,0.0,0.4266666666666667
results/headroom/headroom_b30_lrc0.0001_noceskip/lane2/RegNetY400MF/octmnist/L30_G30/hounie_rcl/seed_2,octmnist,L30_G30,RegNetY400MF,2,hounie_rcl,1,75,2,108,0.7354033173452216,0.8666666666666667,0.26,980,0.002,0.9999815,,6.0,min_excess,6.0,65.0,29,6,29,0,6,0,1.0,0,,0.028363,1,-0.44,0,,4.56,2.6933333333333334,12.933333333333334,lrc1e-04_noskip,0.0001,0.754518911767582,0.8453333333333333,-0.019115594422360438,0.021333333333333426,0.0,0.44
results/headroom/headroom_b30_lrc0.0001_noceskip/lane2/RegNetY400MF/octmnist/L30_G30/hounie_rcl/seed_3,octmnist,L30_G30,RegNetY400MF,3,hounie_rcl,1,75,2,69,0.7309683404383006,0.8666666666666667,0.26,882,0.276,0.9999949,,,nan,29.0,63.0,29,29,29,0,29,0,1.0,0,,0.025368,0,0.08,0,,5.36,3.52,65.34666666666666,lrc1e-04_noskip,0.0001,0.680427716868293,0.8306666666666667,0.05054062357000766,0.03600000000000003,0.08,0.08
results/headroom/headroom_b30_lrc0.0001_noceskip/lane2/RegNetY400MF/octmnist/L30_G30/hounie_rcl/seed_4,octmnist,L30_G30,RegNetY400MF,4,hounie_rcl,1,75,2,94,0.7363880807584706,0.88,0.264,900,0.223,0.99997807,,,nan,7.0,67.0,29,29,29,0,29,0,1.0,0,,0.028196,0,-0.25333333333333335,0,,5.333333333333333,3.44,74.36,lrc1e-04_noskip,0.0001,0.7490056135725762,0.8573333333333333,-0.012617532814105603,0.022666666666666724,0.0,0.25333333333333335
results/headroom/headroom_b30_lrc0.0001_noceskip/lane2/RegNetY400MF/octmnist/L30_G30/tralo/seed_1,octmnist,L30_G30,RegNetY400MF,1,tralo,1,75,2,121,0.7520266239331184,0.92,0.276,916,0.169,0.9999877,,24.0,min_excess,24.0,91.0,29,23,29,0,23,0,1.0,0,,0.11,1,-0.6133333333333333,1,1.8666666666666667,2.84,0.9733333333333334,6.546666666666667,lrc1e-04_noskip,0.0001,0.7130774306587018,0.8173333333333334,0.038949193274416594,0.10266666666666668,0.0,0.6133333333333333
results/headroom/headroom_b30_lrc0.0001_noceskip/lane2/RegNetY400MF/octmnist/L30_G30/tralo/seed_2,octmnist,L30_G30,RegNetY400MF,2,tralo,1,75,2,124,0.7160146073244622,0.8666666666666667,0.26,915,0.22,0.9999999,,29.0,min_excess,29.0,97.0,29,28,29,0,28,0,1.0,0,,0.11,1,-0.6533333333333333,1,1.72,3.2133333333333334,1.4933333333333334,7.68,lrc1e-04_noskip,0.0001,0.754518911767582,0.8453333333333333,-0.03850430444311981,0.021333333333333426,0.0,0.6533333333333333
results/headroom/headroom_b30_lrc0.0001_noceskip/lane2/RegNetY400MF/octmnist/L30_G30/tralo/seed_3,octmnist,L30_G30,RegNetY400MF,3,tralo,1,75,2,126,0.7009144846064651,0.8266666666666667,0.248,925,0.209,0.99999976,,,nan,10.0,101.0,29,29,29,0,29,0,1.0,0,,0.11,0,-0.68,1,1.68,2.9466666666666668,1.2666666666666666,8.866666666666667,lrc1e-04_noskip,0.0001,0.680427716868293,0.8306666666666667,0.02048676773817215,-0.0040000000000000036,0.0,0.68
results/headroom/headroom_b30_lrc0.0001_noceskip/lane2/RegNetY400MF/octmnist/L30_G30/tralo/seed_4,octmnist,L30_G30,RegNetY400MF,4,tralo,1,75,2,89,0.7363577678094129,0.88,0.264,980,0.008,0.99959165,,8.0,min_excess,8.0,27.0,29,7,29,0,7,0,1.0,0,,0.11,1,-0.18666666666666668,1,2.4,2.506666666666667,0.10666666666666667,2.9066666666666667,lrc1e-04_noskip,0.0001,0.7490056135725762,0.8573333333333333,-0.012647845763163357,0.022666666666666724,0.0,0.18666666666666668
results/headroom/headroom_b30_lrc0.0001_noceskip/lane2/RegNetY400MF/tissuemnist/L30_G30/fioretto_ldf/seed_1,tissuemnist,L30_G30,RegNetY400MF,1,fioretto_ldf,1,51,4,74,0.36602478743763034,0.5294117647058824,0.15789473684210525,2400,0.0,0.9671545,,5.0,min_excess,5.0,46.0,29,5,29,0,5,0,1.0,0,,21.250313,1,-0.45098039215686275,0,,7.549019607843137,5.647058823529412,23.215686274509803,lrc1e-04_noskip,0.0001,0.3815545842815669,0.5637254901960784,-0.015529796843936572,-0.03431372549019607,0.0,0.45098039215686275
results/headroom/headroom_b30_lrc0.0001_noceskip/lane2/RegNetY400MF/tissuemnist/L30_G30/fioretto_ldf/seed_2,tissuemnist,L30_G30,RegNetY400MF,2,fioretto_ldf,1,51,4,101,0.41595866292658606,0.6470588235294118,0.19298245614035087,2400,0.0,0.8684517,,2.0,min_excess,2.0,100.0,29,2,29,0,2,0,1.0,0,,18.932156,1,-0.9803921568627451,0,,7.196078431372549,4.235294117647059,8.156862745098039,lrc1e-04_noskip,0.0001,0.3462893098101365,0.5168718650250798,0.06966935311644956,0.13018695850433204,0.0,0.9803921568627451
results/headroom/headroom_b30_lrc0.0001_noceskip/lane2/RegNetY400MF/tissuemnist/L30_G30/fioretto_ldf/seed_3,tissuemnist,L30_G30,RegNetY400MF,3,fioretto_ldf,1,51,4,78,0.4160321002580541,0.6470588235294118,0.19298245614035087,2398,0.0,0.97070307,,3.0,min_excess,3.0,54.0,29,3,29,0,3,0,1.0,0,,18.468748,1,-0.5294117647058824,0,,5.196078431372549,3.1372549019607843,8.980392156862745,lrc1e-04_noskip,0.0001,0.3973471766257748,0.5557455540355678,0.018684923632279304,0.091313269493844,0.0,0.5294117647058824
results/headroom/headroom_b30_lrc0.0001_noceskip/lane2/RegNetY400MF/tissuemnist/L30_G30/fioretto_ldf/seed_4,tissuemnist,L30_G30,RegNetY400MF,4,fioretto_ldf,1,51,4,107,0.38487164601217827,0.5490196078431373,0.16374269005847952,2400,0.0,0.9998789,,8.0,min_excess,8.0,112.0,29,8,29,0,8,0,1.0,0,,20.499089,1,-1.0980392156862746,0,,7.862745098039215,4.666666666666667,36.15686274509804,lrc1e-04_noskip,0.0001,0.4114904495777295,0.6084131326949385,-0.02661880356555124,-0.05939352485180116,0.0,1.0980392156862746
results/headroom/headroom_b30_lrc0.0001_noceskip/lane2/RegNetY400MF/tissuemnist/L30_G30/hounie_rcl/seed_1,tissuemnist,L30_G30,RegNetY400MF,1,hounie_rcl,1,51,4,103,0.3865354881989905,0.5882352941176471,0.17543859649122806,2384,0.034583333333333334,0.99999976,,23.0,min_excess,23.0,104.0,29,23,29,0,23,0,1.0,0,,0.016624,1,-1.0196078431372548,0,,11.235294117647058,8.196078431372548,125.49019607843137,lrc1e-04_noskip,0.0001,0.3815545842815669,0.5637254901960784,0.0049809039174235625,0.02450980392156865,0.0,1.0196078431372548
results/headroom/headroom_b30_lrc0.0001_noceskip/lane2/RegNetY400MF/tissuemnist/L30_G30/hounie_rcl/seed_2,tissuemnist,L30_G30,RegNetY400MF,2,hounie_rcl,1,51,4,101,0.41595866292658606,0.6470588235294118,0.19298245614035087,2400,0.0,0.8684517,,2.0,min_excess,2.0,100.0,29,2,29,0,2,0,1.0,0,,0.015842,1,-0.9803921568627451,0,,7.196078431372549,4.235294117647059,8.156862745098039,lrc1e-04_noskip,0.0001,0.3462893098101365,0.5168718650250798,0.06966935311644956,0.13018695850433204,0.0,0.9803921568627451
results/headroom/headroom_b30_lrc0.0001_noceskip/lane2/RegNetY400MF/tissuemnist/L30_G30/hounie_rcl/seed_3,tissuemnist,L30_G30,RegNetY400MF,3,hounie_rcl,1,51,4,86,0.4429713849593309,0.5882352941176471,0.17543859649122806,2400,0.0,0.91689706,,3.0,min_excess,3.0,70.0,29,3,29,0,3,0,1.0,0,,0.016514,1,-0.6862745098039216,0,,5.196078431372549,2.823529411764706,9.294117647058824,lrc1e-04_noskip,0.0001,0.3973471766257748,0.5557455540355678,0.04562420833355613,0.03248974008207928,0.0,0.6862745098039216
results/headroom/headroom_b30_lrc0.0001_noceskip/lane2/RegNetY400MF/tissuemnist/L30_G30/hounie_rcl/seed_4,tissuemnist,L30_G30,RegNetY400MF,4,hounie_rcl,1,51,4,105,0.3562319557558725,0.5882352941176471,0.17543859649122806,2397,0.015,0.99998736,,22.0,min_excess,22.0,108.0,29,22,29,0,22,0,1.0,0,,0.016056,1,-1.0588235294117647,0,,10.92156862745098,7.803921568627451,121.45098039215686,lrc1e-04_noskip,0.0001,0.4114904495777295,0.6084131326949385,-0.05525849382185699,-0.020177838577291385,0.0,1.0588235294117647
results/headroom/headroom_b30_lrc0.0001_noceskip/lane2/RegNetY400MF/tissuemnist/L30_G30/tralo/seed_1,tissuemnist,L30_G30,RegNetY400MF,1,tralo,1,51,4,105,0.3517354705612637,0.5882352941176471,0.17543859649122806,2397,0.0033333333333333335,0.9999348,,17.0,min_excess,17.0,108.0,29,16,29,0,16,0,1.0,0,,0.11,1,-1.0588235294117647,1,2.843137254901961,6.0588235294117645,3.215686274509804,11.96078431372549,lrc1e-04_noskip,0.0001,0.3815545842815669,0.5637254901960784,-0.029819113720303214,0.02450980392156865,0.0,1.0588235294117647
results/headroom/headroom_b30_lrc0.0001_noceskip/lane2/RegNetY400MF/tissuemnist/L30_G30/tralo/seed_2,tissuemnist,L30_G30,RegNetY400MF,2,tralo,1,51,4,123,0.4170239495472287,0.6274509803921569,0.1871345029239766,2399,0.0,0.98395145,,5.0,min_excess,5.0,144.0,29,4,29,0,4,0,1.0,0,,0.11,1,-1.411764705882353,1,2.411764705882353,4.098039215686274,1.6862745098039216,4.509803921568627,lrc1e-04_noskip,0.0001,0.3462893098101365,0.5168718650250798,0.07073463973709221,0.1105791153670771,0.0,1.411764705882353
results/headroom/headroom_b30_lrc0.0001_noceskip/lane2/RegNetY400MF/tissuemnist/L30_G30/tralo/seed_3,tissuemnist,L30_G30,RegNetY400MF,3,tralo,1,51,4,111,0.4104309011286234,0.5490196078431373,0.16374269005847952,2400,0.0,0.9559435,,4.0,min_excess,4.0,120.0,29,3,29,0,3,0,1.0,0,,0.11,1,-1.1764705882352942,1,3.0980392156862746,3.0980392156862746,0.0,2.0980392156862746,lrc1e-04_noskip,0.0001,0.3973471766257748,0.5557455540355678,0.013083724502848615,-0.006725946192430499,0.0,1.1764705882352942
results/headroom/headroom_b30_lrc0.0001_noceskip/lane2/RegNetY400MF/tissuemnist/L30_G30/tralo/seed_4,tissuemnist,L30_G30,RegNetY400MF,4,tralo,1,51,4,136,0.36359285552718557,0.5882352941176471,0.17543859649122806,2391,0.03875,0.9999962,,28.0,min_excess,28.0,170.0,29,27,29,0,27,0,1.0,0,,0.11,1,-1.6666666666666667,1,3.3529411764705883,5.0,1.6470588235294117,19.07843137254902,lrc1e-04_noskip,0.0001,0.4114904495777295,0.6084131326949385,-0.047897594050543946,-0.020177838577291385,0.0,1.6666666666666667
results/headroom/headroom_b30_lrc0.0001_noceskip/lane3/RegNetY400MF/dermmnist/L50_G50/fioretto_ldf/seed_1,dermmnist,L50_G50,RegNetY400MF,1,fioretto_ldf,1,112,4,91,0.6183982790447494,0.75,0.37668161434977576,1993,0.016475287069395907,0.9999746,16.0,,nan,16.0,0.0,20,20,15,5,15,5,0.75,1,16.0,6.337145,0,0.1875,0,,3.6339285714285716,2.6339285714285716,19.705357142857142,lrc1e-04_noskip,0.0001,0.7013511596879296,0.8674040511727079,-0.08295288064318018,-0.11740405117270791,0.1875,0.1875
results/headroom/headroom_b30_lrc0.0001_noceskip/lane3/RegNetY400MF/dermmnist/L50_G50/fioretto_ldf/seed_2,dermmnist,L50_G50,RegNetY400MF,2,fioretto_ldf,1,112,4,69,0.618833706892146,0.7589285714285714,0.3811659192825112,1983,0.04792810783824263,0.99994516,18.0,,nan,18.0,0.0,22,22,17,5,17,5,0.7727272727272727,1,18.0,5.997639,0,0.38392857142857145,0,,3.3660714285714284,2.3660714285714284,18.598214285714285,lrc1e-04_noskip,0.0001,0.640130894062552,0.7973747334754797,-0.021297187170405962,-0.038446162046908317,0.38392857142857145,0.38392857142857145
results/headroom/headroom_b30_lrc0.0001_noceskip/lane3/RegNetY400MF/dermmnist/L50_G50/fioretto_ldf/seed_3,dermmnist,L50_G50,RegNetY400MF,3,fioretto_ldf,1,112,4,48,0.6050725719671165,0.7678571428571429,0.38565022421524664,1976,0.046929605591612585,0.99998224,17.0,,nan,17.0,0.0,21,21,16,5,16,5,0.7619047619047619,1,17.0,6.6591,0,0.5714285714285714,0,,4.491071428571429,3.4910714285714284,22.044642857142858,lrc1e-04_noskip,0.0001,0.7020126218145958,0.8376199360341151,-0.09694004984747928,-0.0697627931769722,0.5714285714285714,0.5714285714285714
results/headroom/headroom_b30_lrc0.0001_noceskip/lane3/RegNetY400MF/dermmnist/L50_G50/fioretto_ldf/seed_4,dermmnist,L50_G50,RegNetY400MF,4,fioretto_ldf,1,112,4,99,0.5969347987551573,0.7053571428571429,0.3542600896860987,1998,0.021467798302546182,0.9999944,15.0,,nan,15.0,0.0,19,19,14,5,14,5,0.7368421052631579,1,15.0,4.862887,0,0.11607142857142858,0,,2.919642857142857,1.9196428571428572,14.776785714285714,lrc1e-04_noskip,0.0001,0.7005271208528738,0.8510127931769722,-0.10359232209771652,-0.1456556503198293,0.11607142857142858,0.11607142857142858
results/headroom/headroom_b30_lrc0.0001_noceskip/lane3/RegNetY400MF/dermmnist/L50_G50/hounie_rcl/seed_1,dermmnist,L50_G50,RegNetY400MF,1,hounie_rcl,1,112,4,42,0.5129203106947028,0.6964285714285714,0.34977578475336324,1959,0.08936595107338992,0.99985945,20.0,,nan,20.0,0.0,24,24,19,5,19,5,0.7916666666666666,1,20.0,0.007413,0,0.625,0,,3.2589285714285716,2.2589285714285716,23.107142857142858,lrc1e-04_noskip,0.0001,0.7013511596879296,0.8674040511727079,-0.18843084899322682,-0.17097547974413652,0.625,0.625
results/headroom/headroom_b30_lrc0.0001_noceskip/lane3/RegNetY400MF/dermmnist/L50_G50/hounie_rcl/seed_2,dermmnist,L50_G50,RegNetY400MF,2,hounie_rcl,1,112,4,34,0.5211105933433501,0.7053571428571429,0.3542600896860987,1947,0.1163255117324014,0.99970055,25.0,,nan,25.0,0.0,29,29,24,5,24,5,0.8275862068965517,1,25.0,0.008477,0,0.6964285714285714,0,,3.169642857142857,2.169642857142857,26.741071428571427,lrc1e-04_noskip,0.0001,0.640130894062552,0.7973747334754797,-0.11902030071920189,-0.09201759061833681,0.6964285714285714,0.6964285714285714
results/headroom/headroom_b30_lrc0.0001_noceskip/lane3/RegNetY400MF/dermmnist/L50_G50/hounie_rcl/seed_3,dermmnist,L50_G50,RegNetY400MF,3,hounie_rcl,1,112,4,28,0.5308312386335917,0.7321428571428571,0.36771300448430494,1945,0.10683974038941588,0.9999908,22.0,,nan,22.0,0.0,26,26,21,5,21,5,0.8076923076923077,1,22.0,0.007449,0,0.75,0,,4.491071428571429,3.4910714285714284,24.8125,lrc1e-04_noskip,0.0001,0.7020126218145958,0.8376199360341151,-0.17118138318100407,-0.10547707889125801,0.75,0.75
results/headroom/headroom_b30_lrc0.0001_noceskip/lane3/RegNetY400MF/dermmnist/L50_G50/hounie_rcl/seed_4,dermmnist,L50_G50,RegNetY400MF,4,hounie_rcl,1,112,4,16,0.5026997410940586,0.6785714285714286,0.34080717488789236,1947,0.09136295556665003,0.99658465,22.0,,nan,22.0,0.0,26,26,21,5,21,5,0.8076923076923077,1,22.0,0.007456,0,0.8571428571428571,0,,3.419642857142857,2.419642857142857,23.508928571428573,lrc1e-04_noskip,0.0001,0.7005271208528738,0.8510127931769722,-0.19782737975881526,-0.1724413646055436,0.8571428571428571,0.8571428571428571
results/headroom/headroom_b30_lrc0.0001_noceskip/lane3/RegNetY400MF/dermmnist/L50_G50/tralo/seed_1,dermmnist,L50_G50,RegNetY400MF,1,tralo,1,112,4,114,0.6470455530065607,0.7946428571428571,0.3991031390134529,1936,0.12231652521218173,0.99999344,,,nan,17.0,8.0,29,29,29,0,29,0,1.0,0,,0.11,0,-0.017857142857142856,1,1.2321428571428572,1.9821428571428572,0.75,4.241071428571429,lrc1e-04_noskip,0.0001,0.7013511596879296,0.8674040511727079,-0.054305606681368856,-0.07276119402985082,0.0,0.017857142857142856
results/headroom/headroom_b30_lrc0.0001_noceskip/lane3/RegNetY400MF/dermmnist/L50_G50/tralo/seed_2,dermmnist,L50_G50,RegNetY400MF,2,tralo,1,112,4,132,0.6200126260675138,0.7678571428571429,0.38565022421524664,1984,0.0399400898652022,0.9999964,,20.0,min_excess,20.0,41.0,29,19,29,0,19,0,1.0,0,,0.11,1,-0.17857142857142858,1,1.1785714285714286,1.8571428571428572,0.6785714285714286,2.830357142857143,lrc1e-04_noskip,0.0001,0.640130894062552,0.7973747334754797,-0.02011826799503813,-0.02951759061833681,0.0,0.17857142857142858
results/headroom/headroom_b30_lrc0.0001_noceskip/lane3/RegNetY400MF/dermmnist/L50_G50/tralo/seed_3,dermmnist,L50_G50,RegNetY400MF,3,tralo,1,112,4,116,0.630866696444342,0.7410714285714286,0.3721973094170404,2002,0.0,0.99819046,,4.0,min_excess,4.0,12.0,29,3,29,0,3,0,1.0,0,,0.11,1,-0.03571428571428571,1,2.7410714285714284,2.7410714285714284,0.0,1.7410714285714286,lrc1e-04_noskip,0.0001,0.7020126218145958,0.8376199360341151,-0.07114592537025377,-0.0965485074626865,0.0,0.03571428571428571
results/headroom/headroom_b30_lrc0.0001_noceskip/lane3/RegNetY400MF/dermmnist/L50_G50/tralo/seed_4,dermmnist,L50_G50,RegNetY400MF,4,tralo,1,112,4,112,0.6757518935962892,0.8392857142857143,0.42152466367713004,1928,0.13379930104842735,0.9999944,,,nan,11.0,15.0,29,29,29,0,29,0,1.0,0,,0.11,0,0.0,1,1.2053571428571428,2.232142857142857,1.0267857142857142,4.098214285714286,lrc1e-04_noskip,0.0001,0.7005271208528738,0.8510127931769722,-0.024775227256584653,-0.011727078891257903,0.0,0.0
results/headroom/headroom_b30_lrc0.0001_noceskip/lane3/RegNetY400MF/octmnist/L50_G50/fioretto_ldf/seed_1,octmnist,L50_G50,RegNetY400MF,1,fioretto_ldf,1,125,2,134,0.7502314134286019,0.856,0.428,934,0.155,0.9999918,,24.0,min_excess,24.0,20.0,29,24,29,0,24,0,1.0,0,,8.872518,1,-0.072,0,,3.352,2.192,23.216,lrc1e-04_noskip,0.0001,0.7130774306587018,0.8173333333333334,0.03715398276990012,0.03866666666666663,0.0,0.072
results/headroom/headroom_b30_lrc0.0001_noceskip/lane3/RegNetY400MF/octmnist/L50_G50/fioretto_ldf/seed_2,octmnist,L50_G50,RegNetY400MF,2,fioretto_ldf,1,125,2,81,0.7711450729600202,0.84,0.42,895,0.272,0.999998,26.0,26.0,fully_satisfied,26.0,0.0,29,26,28,1,25,1,0.9615384615384616,2,26.0,5.80123,1,0.352,0,,2.552,1.552,15.8,lrc1e-04_noskip,0.0001,0.754518911767582,0.8453333333333333,0.016626161192438205,-0.005333333333333301,0.352,0.352
results/headroom/headroom_b30_lrc0.0001_noceskip/lane3/RegNetY400MF/octmnist/L50_G50/fioretto_ldf/seed_3,octmnist,L50_G50,RegNetY400MF,3,fioretto_ldf,1,125,2,116,0.6524936729647852,0.736,0.368,974,0.065,0.99997973,3.0,18.0,fully_satisfied,3.0,0.0,29,18,25,4,14,4,0.7777777777777778,4,3.0,6.372962,1,0.072,0,,2.872,1.872,9.296,lrc1e-04_noskip,0.0001,0.680427716868293,0.8306666666666667,-0.027934043903507733,-0.09466666666666668,0.072,0.072
results/headroom/headroom_b30_lrc0.0001_noceskip/lane3/RegNetY400MF/octmnist/L50_G50/fioretto_ldf/seed_4,octmnist,L50_G50,RegNetY400MF,4,fioretto_ldf,1,125,2,110,0.6985667867227979,0.768,0.384,968,0.115,0.99998355,15.0,17.0,fully_satisfied,15.0,0.0,29,17,27,2,15,2,0.8823529411764706,4,15.0,6.31548,1,0.12,0,,2.392,1.392,10.984,lrc1e-04_noskip,0.0001,0.7490056135725762,0.8573333333333333,-0.050438826849778295,-0.08933333333333326,0.12,0.12
results/headroom/headroom_b30_lrc0.0001_noceskip/lane3/RegNetY400MF/octmnist/L50_G50/hounie_rcl/seed_1,octmnist,L50_G50,RegNetY400MF,1,hounie_rcl,1,125,2,135,0.6936655776390206,0.752,0.376,977,0.109,0.99999905,,16.0,min_excess,16.0,20.0,29,16,29,0,16,0,1.0,0,,0.015889,1,-0.08,0,,2.904,1.744,12.88,lrc1e-04_noskip,0.0001,0.7130774306587018,0.8173333333333334,-0.01941185301968118,-0.06533333333333335,0.0,0.08
results/headroom/headroom_b30_lrc0.0001_noceskip/lane3/RegNetY400MF/octmnist/L50_G50/hounie_rcl/seed_2,octmnist,L50_G50,RegNetY400MF,2,hounie_rcl,1,125,2,111,0.7359659590527486,0.8,0.4,882,0.274,0.99999976,3.0,27.0,fully_satisfied,3.0,0.0,29,27,24,5,22,5,0.8148148148148148,10,3.0,0.008697,1,0.112,0,,2.36,1.36,13.288,lrc1e-04_noskip,0.0001,0.754518911767582,0.8453333333333333,-0.01855295271483337,-0.045333333333333226,0.112,0.112
results/headroom/headroom_b30_lrc0.0001_noceskip/lane3/RegNetY400MF/octmnist/L50_G50/hounie_rcl/seed_3,octmnist,L50_G50,RegNetY400MF,3,hounie_rcl,1,125,2,115,0.6970791274014569,0.792,0.396,980,0.0,0.99983406,3.0,5.0,fully_satisfied,3.0,0.0,29,5,27,2,3,2,0.6,4,3.0,0.013855,1,0.08,0,,2.456,1.456,1.528,lrc1e-04_noskip,0.0001,0.680427716868293,0.8306666666666667,0.01665141053316399,-0.03866666666666663,0.08,0.08
results/headroom/headroom_b30_lrc0.0001_noceskip/lane3/RegNetY400MF/octmnist/L50_G50/hounie_rcl/seed_4,octmnist,L50_G50,RegNetY400MF,4,hounie_rcl,1,125,2,99,0.7252840383350404,0.816,0.408,940,0.181,0.9999999,,,nan,9.0,2.0,29,29,29,0,29,0,1.0,0,,0.011981,0,0.208,0,,3.24,2.224,19.32,lrc1e-04_noskip,0.0001,0.7490056135725762,0.8573333333333333,-0.02372157523753582,-0.04133333333333333,0.208,0.208
results/headroom/headroom_b30_lrc0.0001_noceskip/lane3/RegNetY400MF/octmnist/L50_G50/tralo/seed_1,octmnist,L50_G50,RegNetY400MF,1,tralo,1,125,2,110,0.7562600735270854,0.848,0.424,960,0.118,0.9999994,16.0,16.0,fully_satisfied,16.0,0.0,29,15,28,1,14,1,0.9333333333333333,2,15.0,0.08,1,0.12,1,0.88,1.704,0.824,1.408,lrc1e-04_noskip,0.0001,0.7130774306587018,0.8173333333333334,0.04318264286838358,0.03066666666666662,0.12,0.12
results/headroom/headroom_b30_lrc0.0001_noceskip/lane3/RegNetY400MF/octmnist/L50_G50/tralo/seed_2,octmnist,L50_G50,RegNetY400MF,2,tralo,1,125,2,108,0.7029863068889415,0.736,0.368,845,0.307,0.99995387,7.0,,nan,7.0,0.0,29,29,26,3,26,3,0.896551724137931,5,6.0,0.06,0,0.136,1,0.856,1.904,1.048,2.152,lrc1e-04_noskip,0.0001,0.754518911767582,0.8453333333333333,-0.05153260487864053,-0.10933333333333328,0.136,0.136
results/headroom/headroom_b30_lrc0.0001_noceskip/lane3/RegNetY400MF/octmnist/L50_G50/tralo/seed_3,octmnist,L50_G50,RegNetY400MF,3,tralo,1,125,2,109,0.6989346154196986,0.824,0.412,984,0.0,0.99815387,4.0,4.0,fully_satisfied,4.0,0.0,29,3,28,1,2,1,0.6666666666666666,2,3.0,0.05,1,0.128,1,0.872,1.728,0.856,0.728,lrc1e-04_noskip,0.0001,0.680427716868293,0.8306666666666667,0.018506898551405637,-0.00666666666666671,0.128,0.128
results/headroom/headroom_b30_lrc0.0001_noceskip/lane3/RegNetY400MF/octmnist/L50_G50/tralo/seed_4,octmnist,L50_G50,RegNetY400MF,4,tralo,1,125,2,112,0.7575557892552348,0.824,0.412,911,0.236,0.9999888,8.0,,nan,8.0,0.0,29,29,26,3,26,3,0.896551724137931,6,7.0,0.06,0,0.104,1,0.608,2.24,1.632,2.44,lrc1e-04_noskip,0.0001,0.7490056135725762,0.8573333333333333,0.00855017568265859,-0.033333333333333326,0.104,0.104
results/headroom/headroom_b30_lrc0.0001_noceskip/lane3/RegNetY400MF/tissuemnist/L50_G50/fioretto_ldf/seed_1,tissuemnist,L50_G50,RegNetY400MF,1,fioretto_ldf,1,86,4,74,0.36602478743763034,0.46511627906976744,0.23391812865497075,2400,0.0,0.9671545,5.0,5.0,fully_satisfied,5.0,0.0,29,5,28,1,4,1,0.8,2,5.0,15.469774,1,0.13953488372093023,0,,4.069767441860465,3.0697674418604652,9.976744186046512,lrc1e-04_noskip,0.0001,0.3815545842815669,0.5637254901960784,-0.015529796843936572,-0.09860921112631099,0.13953488372093023,0.13953488372093023
results/headroom/headroom_b30_lrc0.0001_noceskip/lane3/RegNetY400MF/tissuemnist/L50_G50/fioretto_ldf/seed_2,tissuemnist,L50_G50,RegNetY400MF,2,fioretto_ldf,1,86,4,101,0.41595866292658606,0.5348837209302325,0.26900584795321636,2400,0.0,0.8684517,,2.0,min_excess,2.0,30.0,29,2,29,0,2,0,1.0,0,,15.134693,1,-0.1744186046511628,0,,3.86046511627907,2.511627906976744,3.2093023255813953,lrc1e-04_noskip,0.0001,0.3462893098101365,0.5168718650250798,0.06966935311644956,0.01801185590515275,0.0,0.1744186046511628
results/headroom/headroom_b30_lrc0.0001_noceskip/lane3/RegNetY400MF/tissuemnist/L50_G50/fioretto_ldf/seed_3,tissuemnist,L50_G50,RegNetY400MF,3,fioretto_ldf,1,86,4,78,0.4160321002580541,0.5697674418604651,0.28654970760233917,2398,0.0,0.97070307,3.0,3.0,fully_satisfied,3.0,0.0,29,3,28,1,2,1,0.6666666666666666,2,3.0,13.275712,1,0.09302325581395349,0,,2.6744186046511627,1.6744186046511629,3.0697674418604652,lrc1e-04_noskip,0.0001,0.3973471766257748,0.5557455540355678,0.018684923632279304,0.014021887824897328,0.09302325581395349,0.09302325581395349
results/headroom/headroom_b30_lrc0.0001_noceskip/lane3/RegNetY400MF/tissuemnist/L50_G50/fioretto_ldf/seed_4,tissuemnist,L50_G50,RegNetY400MF,4,fioretto_ldf,1,86,4,107,0.38487164601217827,0.5348837209302325,0.26900584795321636,2400,0.0,0.9998789,,8.0,min_excess,8.0,42.0,29,8,29,0,8,0,1.0,0,,14.240368,1,-0.2441860465116279,0,,4.255813953488372,2.7674418604651163,14.930232558139535,lrc1e-04_noskip,0.0001,0.4114904495777295,0.6084131326949385,-0.02661880356555124,-0.07352941176470595,0.0,0.2441860465116279
results/headroom/headroom_b30_lrc0.0001_noceskip/lane3/RegNetY400MF/tissuemnist/L50_G50/hounie_rcl/seed_1,tissuemnist,L50_G50,RegNetY400MF,1,hounie_rcl,1,86,4,81,0.3585065445090276,0.46511627906976744,0.23391812865497075,2399,0.0004166666666666667,0.99868864,,9.0,min_excess,9.0,3.0,29,9,29,0,9,0,1.0,0,,0.01144,1,0.05813953488372093,0,,7.4186046511627906,6.383720930232558,21.011627906976745,lrc1e-04_noskip,0.0001,0.3815545842815669,0.5637254901960784,-0.02304803977253933,-0.09860921112631099,0.05813953488372093,0.05813953488372093
results/headroom/headroom_b30_lrc0.0001_noceskip/lane3/RegNetY400MF/tissuemnist/L50_G50/hounie_rcl/seed_2,tissuemnist,L50_G50,RegNetY400MF,2,hounie_rcl,1,86,4,101,0.41595866292658606,0.5348837209302325,0.26900584795321636,2400,0.0,0.8684517,,2.0,min_excess,2.0,30.0,29,2,29,0,2,0,1.0,0,,0.01376,1,-0.1744186046511628,0,,3.86046511627907,2.511627906976744,3.2093023255813953,lrc1e-04_noskip,0.0001,0.3462893098101365,0.5168718650250798,0.06966935311644956,0.01801185590515275,0.0,0.1744186046511628
results/headroom/headroom_b30_lrc0.0001_noceskip/lane3/RegNetY400MF/tissuemnist/L50_G50/hounie_rcl/seed_3,tissuemnist,L50_G50,RegNetY400MF,3,hounie_rcl,1,86,4,93,0.4244925949660376,0.5348837209302325,0.26900584795321636,2400,0.0,0.95624006,,3.0,min_excess,3.0,14.0,29,3,29,0,3,0,1.0,0,,0.011929,1,-0.08139534883720931,0,,2.6744186046511627,1.5116279069767442,3.2325581395348837,lrc1e-04_noskip,0.0001,0.3973471766257748,0.5557455540355678,0.027145418340262795,-0.020861833105335292,0.0,0.08139534883720931
results/headroom/headroom_b30_lrc0.0001_noceskip/lane3/RegNetY400MF/tissuemnist/L50_G50/hounie_rcl/seed_4,tissuemnist,L50_G50,RegNetY400MF,4,hounie_rcl,1,86,4,102,0.3541704193938009,0.47674418604651164,0.23976608187134502,2399,0.0008333333333333334,0.99994874,,9.0,min_excess,9.0,32.0,29,9,29,0,9,0,1.0,0,,0.011583,1,-0.18604651162790697,0,,4.0,2.627906976744186,14.813953488372093,lrc1e-04_noskip,0.0001,0.4114904495777295,0.6084131326949385,-0.057320030183928616,-0.13166894664842682,0.0,0.18604651162790697
results/headroom/headroom_b30_lrc0.0001_noceskip/lane3/RegNetY400MF/tissuemnist/L50_G50/tralo/seed_1,tissuemnist,L50_G50,RegNetY400MF,1,tralo,1,86,4,100,0.3974722289625047,0.5348837209302325,0.26900584795321636,2400,0.0,0.97483623,,6.0,min_excess,6.0,28.0,29,5,29,0,5,0,1.0,0,,0.11,1,-0.16279069767441862,1,1.686046511627907,2.8255813953488373,1.1395348837209303,2.511627906976744,lrc1e-04_noskip,0.0001,0.3815545842815669,0.5637254901960784,0.015917644680937815,-0.028841769265845918,0.0,0.16279069767441862
results/headroom/headroom_b30_lrc0.0001_noceskip/lane3/RegNetY400MF/tissuemnist/L50_G50/tralo/seed_2,tissuemnist,L50_G50,RegNetY400MF,2,tralo,1,86,4,114,0.4229122626676135,0.5232558139534884,0.2631578947368421,2400,0.0,0.88923424,,3.0,min_excess,3.0,56.0,29,2,29,0,2,0,1.0,0,,0.11,1,-0.32558139534883723,1,2.4302325581395348,2.4302325581395348,0.0,1.430232558139535,lrc1e-04_noskip,0.0001,0.3462893098101365,0.5168718650250798,0.076622952857477,0.006383948928408656,0.0,0.32558139534883723
results/headroom/headroom_b30_lrc0.0001_noceskip/lane3/RegNetY400MF/tissuemnist/L50_G50/tralo/seed_3,tissuemnist,L50_G50,RegNetY400MF,3,tralo,1,86,4,82,0.333484059597683,0.4883720930232558,0.24561403508771928,2400,0.0,0.99836344,,7.0,min_excess,7.0,3.0,29,6,29,0,6,0,1.0,0,,0.11,1,0.046511627906976744,1,1.8372093023255813,2.186046511627907,0.3488372093023256,2.0232558139534884,lrc1e-04_noskip,0.0001,0.3973471766257748,0.5557455540355678,-0.06386311702809178,-0.06737346101231201,0.046511627906976744,0.046511627906976744
results/headroom/headroom_b30_lrc0.0001_noceskip/lane3/RegNetY400MF/tissuemnist/L50_G50/tralo/seed_4,tissuemnist,L50_G50,RegNetY400MF,4,tralo,1,86,4,91,0.3578201538927332,0.5116279069767442,0.2573099415204678,2400,0.0004166666666666667,0.99997497,,11.0,min_excess,11.0,11.0,29,10,29,0,10,0,1.0,0,,0.11,1,-0.05813953488372093,1,2.4069767441860463,2.604651162790698,0.19767441860465115,4.511627906976744,lrc1e-04_noskip,0.0001,0.4114904495777295,0.6084131326949385,-0.053670295684996316,-0.09678522571819426,0.0,0.05813953488372093
