dataset,cap,model,seed,method,warmup,cepochs,K,count,count_raw,sat,AP,ccF1eq,macroEq,cls,n_pool,n_true_cls,last_epoch,ce_skip,lr,lr_constraint,stable_thr,campaign,collapsed,constraint_epochs_run
dermmnist,L50_G50,MobileNetV3,4,hounie_rcl,1,29,112,111,146,0,0.5608211311755842,0.47305389221556887,0.3921696527391641,4,2003,223,28.0,,0.0001,5e-06,,headroom_b30,False,29.0
dermmnist,L50_G50,MobileNetV3,3,hounie_rcl,1,29,112,111,126,0,0.5163201087274673,0.4311377245508982,0.36155341178223804,4,2003,223,28.0,,0.0001,5e-06,,headroom_b30,False,29.0
dermmnist,L50_G50,MobileNetV3,1,hounie_rcl,1,29,112,111,147,0,0.5432105794103793,0.4491017964071856,0.3705056670046706,4,2003,223,28.0,,0.0001,5e-06,,headroom_b30,False,29.0
dermmnist,L50_G50,MobileNetV3,2,hounie_rcl,1,29,112,111,142,0,0.5516735419208363,0.4550898203592814,0.3849372192615969,4,2003,223,28.0,,0.0001,5e-06,,headroom_b30,False,29.0
dermmnist,L50_G50,MobileNetV3,4,tralo,1,29,112,111,138,0,0.5609166120489655,0.47305389221556887,0.3921830134663356,4,2003,223,30.0,True,0.0001,5e-06,,headroom_b30,False,29.0
dermmnist,L50_G50,MobileNetV3,3,tralo,1,29,112,111,126,0,0.5163201087274673,0.4311377245508982,0.36155341178223804,4,2003,223,30.0,True,0.0001,5e-06,,headroom_b30,False,29.0
dermmnist,L50_G50,MobileNetV3,1,tralo,1,29,112,111,143,0,0.5788164986398014,0.4550898203592814,0.4385498116166723,4,2003,223,30.0,True,0.0001,5e-06,,headroom_b30,False,29.0
dermmnist,L50_G50,MobileNetV3,2,tralo,1,29,112,111,138,0,0.5520523186718963,0.46706586826347307,0.3829526885709034,4,2003,223,30.0,True,0.0001,5e-06,,headroom_b30,False,29.0
dermmnist,L50_G50,MobileNetV3,4,danits_lp,30,0,112,111,164,0,0.679767880298651,0.562874251497006,0.7346920200907782,4,2003,223,,,0.0001,5e-06,,headroom_b30,False,0.0
dermmnist,L50_G50,MobileNetV3,3,danits_lp,30,0,112,111,167,0,0.7056520413443165,0.592814371257485,0.7570039873382617,4,2003,223,,,0.0001,5e-06,,headroom_b30,False,0.0
dermmnist,L50_G50,MobileNetV3,1,danits_lp,30,0,112,111,184,0,0.6994360828307511,0.5808383233532934,0.7234773854630517,4,2003,223,,,0.0001,5e-06,,headroom_b30,False,0.0
dermmnist,L50_G50,MobileNetV3,2,danits_lp,30,0,112,111,198,0,0.6850627078056499,0.5329341317365269,0.7306011249175335,4,2003,223,,,0.0001,5e-06,,headroom_b30,False,0.0
dermmnist,L50_G50,MobileNetV3,4,fioretto_ldf,1,29,112,111,146,0,0.5613145102806214,0.47305389221556887,0.3921696527391641,4,2003,223,28.0,,0.0001,5e-06,,headroom_b30,False,29.0
dermmnist,L50_G50,MobileNetV3,3,fioretto_ldf,1,29,112,111,126,0,0.5163201087274673,0.4311377245508982,0.36155341178223804,4,2003,223,28.0,,0.0001,5e-06,,headroom_b30,False,29.0
dermmnist,L50_G50,MobileNetV3,1,fioretto_ldf,1,29,112,111,147,0,0.5432105794103793,0.4491017964071856,0.3705056670046706,4,2003,223,28.0,,0.0001,5e-06,,headroom_b30,False,29.0
dermmnist,L50_G50,MobileNetV3,2,fioretto_ldf,1,29,112,111,142,0,0.5517097200216945,0.4550898203592814,0.38902043801676955,4,2003,223,28.0,,0.0001,5e-06,,headroom_b30,False,29.0
dermmnist,L50_G50,MobileNetV3,4,heuristic,30,0,112,111,164,0,0.679767880298651,0.562874251497006,0.7346920200907782,4,2003,223,,,0.0001,5e-06,,headroom_b30,False,0.0
dermmnist,L50_G50,MobileNetV3,3,heuristic,30,0,112,111,167,0,0.7056520413443165,0.592814371257485,0.7570039873382617,4,2003,223,,,0.0001,5e-06,,headroom_b30,False,0.0
dermmnist,L50_G50,MobileNetV3,1,heuristic,30,0,112,111,184,0,0.6994360828307511,0.5808383233532934,0.7234773854630517,4,2003,223,,,0.0001,5e-06,,headroom_b30,False,0.0
dermmnist,L50_G50,MobileNetV3,2,heuristic,30,0,112,111,198,0,0.6850627078056499,0.5329341317365269,0.7306011249175335,4,2003,223,,,0.0001,5e-06,,headroom_b30,False,0.0
tissuemnist,L50_G50,MobileNetV3,4,hounie_rcl,1,29,86,86,75,0,0.3665665373895031,0.3424124513618677,0.32052155518912634,4,2400,171,28.0,,0.0001,5e-06,,headroom_b30,False,29.0
tissuemnist,L50_G50,MobileNetV3,3,hounie_rcl,1,29,86,86,70,0,0.35384278086159765,0.3035019455252918,0.3039216854719509,4,2400,171,28.0,,0.0001,5e-06,,headroom_b30,False,29.0
tissuemnist,L50_G50,MobileNetV3,1,hounie_rcl,1,29,86,86,74,0,0.31931487639729955,0.28793774319066145,0.37963290064063226,4,2400,171,28.0,,0.0001,5e-06,,headroom_b30,False,29.0
tissuemnist,L50_G50,MobileNetV3,2,hounie_rcl,1,29,86,86,137,0,0.3855648910870522,0.35019455252918286,0.38428146604282676,4,2400,171,28.0,,0.0001,5e-06,,headroom_b30,False,29.0
tissuemnist,L50_G50,MobileNetV3,4,tralo,1,29,86,86,74,0,0.36257279636828216,0.3424124513618677,0.3215943035067486,4,2400,171,30.0,True,0.0001,5e-06,,headroom_b30,False,29.0
tissuemnist,L50_G50,MobileNetV3,3,tralo,1,29,86,86,70,0,0.3557233348511057,0.3035019455252918,0.308413780978731,4,2400,171,30.0,True,0.0001,5e-06,,headroom_b30,False,29.0
tissuemnist,L50_G50,MobileNetV3,1,tralo,1,29,86,86,69,0,0.31831840230482195,0.28793774319066145,0.380394023444981,4,2400,171,30.0,True,0.0001,5e-06,,headroom_b30,False,29.0
tissuemnist,L50_G50,MobileNetV3,2,tralo,1,29,86,86,128,0,0.3866102454582963,0.35019455252918286,0.38657072118877783,4,2400,171,30.0,True,0.0001,5e-06,,headroom_b30,False,29.0
tissuemnist,L50_G50,MobileNetV3,4,danits_lp,30,0,86,86,157,0,0.38274006452985887,0.311284046692607,0.3683546409143605,4,2400,171,,,0.0001,5e-06,,headroom_b30,False,0.0
tissuemnist,L50_G50,MobileNetV3,3,danits_lp,30,0,86,86,218,0,0.411828463207173,0.3657587548638132,0.4391614076110588,4,2400,171,,,0.0001,5e-06,,headroom_b30,False,0.0
tissuemnist,L50_G50,MobileNetV3,1,danits_lp,30,0,86,86,288,0,0.39853999493550796,0.35019455252918286,0.42422868333714003,4,2400,171,,,0.0001,5e-06,,headroom_b30,False,0.0
tissuemnist,L50_G50,MobileNetV3,2,danits_lp,30,0,86,86,262,0,0.38482688231431644,0.35019455252918286,0.41322398914316827,4,2400,171,,,0.0001,5e-06,,headroom_b30,False,0.0
tissuemnist,L50_G50,MobileNetV3,4,fioretto_ldf,1,29,86,86,74,0,0.36295045079549143,0.3346303501945525,0.31957032679786634,4,2400,171,28.0,,0.0001,5e-06,,headroom_b30,False,29.0
tissuemnist,L50_G50,MobileNetV3,3,fioretto_ldf,1,29,86,86,70,0,0.3557233348511057,0.3035019455252918,0.308413780978731,4,2400,171,28.0,,0.0001,5e-06,,headroom_b30,False,29.0
tissuemnist,L50_G50,MobileNetV3,1,fioretto_ldf,1,29,86,86,72,0,0.31524172067446754,0.28793774319066145,0.38041955887019535,4,2400,171,28.0,,0.0001,5e-06,,headroom_b30,False,29.0
tissuemnist,L50_G50,MobileNetV3,2,fioretto_ldf,1,29,86,86,137,0,0.3866093652910375,0.35019455252918286,0.38756704944644405,4,2400,171,28.0,,0.0001,5e-06,,headroom_b30,False,29.0
tissuemnist,L50_G50,MobileNetV3,4,heuristic,30,0,86,86,157,0,0.38274006452985887,0.311284046692607,0.3683546409143605,4,2400,171,,,0.0001,5e-06,,headroom_b30,False,0.0
tissuemnist,L50_G50,MobileNetV3,3,heuristic,30,0,86,86,218,0,0.411828463207173,0.3657587548638132,0.4391614076110588,4,2400,171,,,0.0001,5e-06,,headroom_b30,False,0.0
tissuemnist,L50_G50,MobileNetV3,1,heuristic,30,0,86,86,288,0,0.39853999493550796,0.35019455252918286,0.42422868333714003,4,2400,171,,,0.0001,5e-06,,headroom_b30,False,0.0
tissuemnist,L50_G50,MobileNetV3,2,heuristic,30,0,86,86,262,0,0.38482688231431644,0.35019455252918286,0.41322398914316827,4,2400,171,,,0.0001,5e-06,,headroom_b30,False,0.0
octmnist,L50_G50,MobileNetV3,4,hounie_rcl,1,29,125,125,134,0,0.43086635518190897,0.288,0.5012360138649224,2,1000,250,28.0,,0.0001,5e-06,,headroom_b30,False,29.0
octmnist,L50_G50,MobileNetV3,3,hounie_rcl,1,29,125,125,132,0,0.5911626348643209,0.42133333333333334,0.5595970111795816,2,1000,250,28.0,,0.0001,5e-06,,headroom_b30,False,29.0
octmnist,L50_G50,MobileNetV3,1,hounie_rcl,1,29,125,125,164,0,0.7678299227915589,0.576,0.7688154867013784,2,1000,250,28.0,,0.0001,5e-06,,headroom_b30,False,29.0
octmnist,L50_G50,MobileNetV3,2,hounie_rcl,1,29,125,125,153,0,0.8095806268481923,0.6026666666666667,0.7827585427522238,2,1000,250,28.0,,0.0001,5e-06,,headroom_b30,False,29.0
octmnist,L50_G50,MobileNetV3,4,tralo,1,29,125,125,144,0,0.43410640570626075,0.288,0.4892222244067912,2,1000,250,30.0,True,0.0001,5e-06,,headroom_b30,False,29.0
octmnist,L50_G50,MobileNetV3,3,tralo,1,29,125,125,128,0,0.5573885508163413,0.39466666666666667,0.5371969439876547,2,1000,250,30.0,True,0.0001,5e-06,,headroom_b30,False,29.0
octmnist,L50_G50,MobileNetV3,1,tralo,1,29,125,125,161,0,0.7718928148594085,0.5866666666666667,0.7754229768850335,2,1000,250,30.0,True,0.0001,5e-06,,headroom_b30,False,29.0
octmnist,L50_G50,MobileNetV3,2,tralo,1,29,125,125,151,0,0.8079092098115036,0.6026666666666667,0.7808264801215512,2,1000,250,30.0,True,0.0001,5e-06,,headroom_b30,False,29.0
octmnist,L50_G50,MobileNetV3,4,danits_lp,30,0,125,125,149,0,0.72638479977456,0.5226666666666666,0.7318012512635788,2,1000,250,,,0.0001,5e-06,,headroom_b30,False,0.0
octmnist,L50_G50,MobileNetV3,3,danits_lp,30,0,125,125,188,0,0.8262172810605988,0.608,0.7744618742888358,2,1000,250,,,0.0001,5e-06,,headroom_b30,False,0.0
octmnist,L50_G50,MobileNetV3,1,danits_lp,30,0,125,106,113,0,0.7580042313731934,0.56,0.740510254501105,2,1000,250,,,0.0001,5e-06,,headroom_b30,False,0.0
octmnist,L50_G50,MobileNetV3,2,danits_lp,30,0,125,125,191,0,0.8108231951833579,0.592,0.7730720213580264,2,1000,250,,,0.0001,5e-06,,headroom_b30,False,0.0
octmnist,L50_G50,MobileNetV3,4,fioretto_ldf,1,29,125,125,144,0,0.43410640570626075,0.288,0.4892222244067912,2,1000,250,28.0,,0.0001,5e-06,,headroom_b30,False,29.0
octmnist,L50_G50,MobileNetV3,3,fioretto_ldf,1,29,125,125,128,0,0.5573885508163413,0.39466666666666667,0.5371969439876547,2,1000,250,28.0,,0.0001,5e-06,,headroom_b30,False,29.0
octmnist,L50_G50,MobileNetV3,1,fioretto_ldf,1,29,125,125,163,0,0.7728205123149603,0.5813333333333334,0.7711889493426696,2,1000,250,28.0,,0.0001,5e-06,,headroom_b30,False,29.0
octmnist,L50_G50,MobileNetV3,2,fioretto_ldf,1,29,125,125,154,0,0.8079728106236416,0.6026666666666667,0.7828051056244696,2,1000,250,28.0,,0.0001,5e-06,,headroom_b30,False,29.0
octmnist,L50_G50,MobileNetV3,4,heuristic,30,0,125,125,149,0,0.72638479977456,0.5226666666666666,0.7318012512635788,2,1000,250,,,0.0001,5e-06,,headroom_b30,False,0.0
octmnist,L50_G50,MobileNetV3,3,heuristic,30,0,125,125,188,0,0.8262172810605988,0.608,0.7744618742888358,2,1000,250,,,0.0001,5e-06,,headroom_b30,False,0.0
octmnist,L50_G50,MobileNetV3,1,heuristic,30,0,125,125,113,0,0.7580042313731934,0.56,0.740510254501105,2,1000,250,,,0.0001,5e-06,,headroom_b30,False,0.0
octmnist,L50_G50,MobileNetV3,2,heuristic,30,0,125,125,191,0,0.8108231951833579,0.592,0.7730720213580264,2,1000,250,,,0.0001,5e-06,,headroom_b30,False,0.0
dermmnist,L30_G30,RegNetY400MF,4,hounie_rcl,1,29,67,67,145,0,0.5755695723460872,0.36551724137931035,0.5216392010267038,4,2003,223,28.0,,0.0001,5e-06,,headroom_b30,False,29.0
dermmnist,L30_G30,RegNetY400MF,3,hounie_rcl,1,29,67,67,152,0,0.5836500019270765,0.3448275862068966,0.5174413575080286,4,2003,223,28.0,,0.0001,5e-06,,headroom_b30,False,29.0
dermmnist,L30_G30,RegNetY400MF,1,hounie_rcl,1,29,67,67,154,0,0.5495148794425885,0.3586206896551724,0.4936978075472873,4,2003,223,28.0,,0.0001,5e-06,,headroom_b30,False,29.0
dermmnist,L30_G30,RegNetY400MF,2,hounie_rcl,1,29,67,67,97,0,0.47539561398979624,0.3448275862068966,0.324650781176371,4,2003,223,28.0,,0.0001,5e-06,,headroom_b30,False,29.0
dermmnist,L30_G30,RegNetY400MF,4,tralo,1,29,67,67,146,0,0.5680656118373475,0.3448275862068966,0.517183625840352,4,2003,223,30.0,True,0.0001,5e-06,,headroom_b30,False,29.0
dermmnist,L30_G30,RegNetY400MF,3,tralo,1,29,67,67,151,0,0.5828955536052339,0.3448275862068966,0.5186103707924771,4,2003,223,30.0,True,0.0001,5e-06,,headroom_b30,False,29.0
dermmnist,L30_G30,RegNetY400MF,1,tralo,1,29,67,67,152,0,0.549681107218592,0.3586206896551724,0.4944130770749166,4,2003,223,30.0,True,0.0001,5e-06,,headroom_b30,False,29.0
dermmnist,L30_G30,RegNetY400MF,2,tralo,1,29,67,67,97,0,0.47539561398979624,0.3448275862068966,0.324650781176371,4,2003,223,30.0,True,0.0001,5e-06,,headroom_b30,False,29.0
dermmnist,L30_G30,RegNetY400MF,4,danits_lp,30,0,67,67,182,0,0.7005271208528738,0.4,0.7070703876534047,4,2003,223,,,0.0001,5e-06,,headroom_b30,False,0.0
dermmnist,L30_G30,RegNetY400MF,3,danits_lp,30,0,67,67,153,0,0.7020126218145958,0.4068965517241379,0.7283322484106687,4,2003,223,,,0.0001,5e-06,,headroom_b30,False,0.0
dermmnist,L30_G30,RegNetY400MF,1,danits_lp,30,0,67,67,170,0,0.7013511596879296,0.4068965517241379,0.7065199143464719,4,2003,223,,,0.0001,5e-06,,headroom_b30,False,0.0
dermmnist,L30_G30,RegNetY400MF,2,danits_lp,30,0,67,67,184,0,0.640130894062552,0.38620689655172413,0.7027304869980979,4,2003,223,,,0.0001,5e-06,,headroom_b30,False,0.0
dermmnist,L30_G30,RegNetY400MF,4,fioretto_ldf,1,29,67,67,145,0,0.5746860468571985,0.3724137931034483,0.5221244954200367,4,2003,223,28.0,,0.0001,5e-06,,headroom_b30,False,29.0
dermmnist,L30_G30,RegNetY400MF,3,fioretto_ldf,1,29,67,67,151,0,0.585420906316723,0.3586206896551724,0.520515225753191,4,2003,223,28.0,,0.0001,5e-06,,headroom_b30,False,29.0
dermmnist,L30_G30,RegNetY400MF,1,fioretto_ldf,1,29,67,67,154,0,0.5496560924784925,0.3586206896551724,0.491982416985885,4,2003,223,28.0,,0.0001,5e-06,,headroom_b30,False,29.0
dermmnist,L30_G30,RegNetY400MF,2,fioretto_ldf,1,29,67,67,97,0,0.47539561398979624,0.3448275862068966,0.324650781176371,4,2003,223,28.0,,0.0001,5e-06,,headroom_b30,False,29.0
dermmnist,L30_G30,RegNetY400MF,4,heuristic,30,0,67,67,182,0,0.7005271208528738,0.4,0.7070703876534047,4,2003,223,,,0.0001,5e-06,,headroom_b30,False,0.0
dermmnist,L30_G30,RegNetY400MF,3,heuristic,30,0,67,67,153,0,0.7020126218145958,0.4068965517241379,0.7283322484106687,4,2003,223,,,0.0001,5e-06,,headroom_b30,False,0.0
dermmnist,L30_G30,RegNetY400MF,1,heuristic,30,0,67,67,170,0,0.7013511596879296,0.4068965517241379,0.7065199143464719,4,2003,223,,,0.0001,5e-06,,headroom_b30,False,0.0
dermmnist,L30_G30,RegNetY400MF,2,heuristic,30,0,67,67,184,0,0.640130894062552,0.38620689655172413,0.7027304869980979,4,2003,223,,,0.0001,5e-06,,headroom_b30,False,0.0
tissuemnist,L30_G30,RegNetY400MF,4,hounie_rcl,1,29,51,51,133,0,0.4369495681964433,0.2972972972972973,0.42360330297243354,4,2400,171,28.0,,0.0001,5e-06,,headroom_b30,False,29.0
tissuemnist,L30_G30,RegNetY400MF,3,hounie_rcl,1,29,51,51,132,0,0.41321954313649967,0.3063063063063063,0.4113093780157843,4,2400,171,28.0,,0.0001,5e-06,,headroom_b30,False,29.0
tissuemnist,L30_G30,RegNetY400MF,1,hounie_rcl,1,29,51,51,133,0,0.3748917714372076,0.23423423423423423,0.36012927061813527,4,2400,171,28.0,,0.0001,5e-06,,headroom_b30,False,29.0
tissuemnist,L30_G30,RegNetY400MF,2,hounie_rcl,1,29,51,51,123,0,0.34693962624465396,0.24324324324324326,0.3560539245611453,4,2400,171,28.0,,0.0001,5e-06,,headroom_b30,False,29.0
tissuemnist,L30_G30,RegNetY400MF,4,tralo,1,29,51,51,133,0,0.4349210897825113,0.2702702702702703,0.423518368335303,4,2400,171,30.0,True,0.0001,5e-06,,headroom_b30,False,29.0
tissuemnist,L30_G30,RegNetY400MF,3,tralo,1,29,51,51,126,0,0.4055870762032498,0.2702702702702703,0.4073926868622042,4,2400,171,30.0,True,0.0001,5e-06,,headroom_b30,False,29.0
tissuemnist,L30_G30,RegNetY400MF,1,tralo,1,29,51,51,132,0,0.36679882165949684,0.25225225225225223,0.3663599030942444,4,2400,171,30.0,True,0.0001,5e-06,,headroom_b30,False,29.0
tissuemnist,L30_G30,RegNetY400MF,2,tralo,1,29,51,51,123,0,0.3471547545101021,0.24324324324324326,0.35423238441736327,4,2400,171,30.0,True,0.0001,5e-06,,headroom_b30,False,29.0
tissuemnist,L30_G30,RegNetY400MF,4,danits_lp,30,0,51,51,148,0,0.4114904495777295,0.2882882882882883,0.4287163415199384,4,2400,171,,,0.0001,5e-06,,headroom_b30,False,0.0
tissuemnist,L30_G30,RegNetY400MF,3,danits_lp,30,0,51,51,210,0,0.3973471766257748,0.27927927927927926,0.4345307554005374,4,2400,171,,,0.0001,5e-06,,headroom_b30,False,0.0
tissuemnist,L30_G30,RegNetY400MF,1,danits_lp,30,0,51,51,172,0,0.3815545842815669,0.2882882882882883,0.39386802048374037,4,2400,171,,,0.0001,5e-06,,headroom_b30,False,0.0
tissuemnist,L30_G30,RegNetY400MF,2,danits_lp,30,0,51,51,142,0,0.3462893098101365,0.24324324324324326,0.4018759945774708,4,2400,171,,,0.0001,5e-06,,headroom_b30,False,0.0
tissuemnist,L30_G30,RegNetY400MF,4,fioretto_ldf,1,29,51,51,134,0,0.4366819016100322,0.2882882882882883,0.42248983735873247,4,2400,171,28.0,,0.0001,5e-06,,headroom_b30,False,29.0
tissuemnist,L30_G30,RegNetY400MF,3,fioretto_ldf,1,29,51,51,127,0,0.4063163376000651,0.2972972972972973,0.3926908611319916,4,2400,171,28.0,,0.0001,5e-06,,headroom_b30,False,29.0
tissuemnist,L30_G30,RegNetY400MF,1,fioretto_ldf,1,29,51,51,132,0,0.36679882165949684,0.25225225225225223,0.3663599030942444,4,2400,171,28.0,,0.0001,5e-06,,headroom_b30,False,29.0
tissuemnist,L30_G30,RegNetY400MF,2,fioretto_ldf,1,29,51,51,123,0,0.34662210672393307,0.23423423423423423,0.3554388215204184,4,2400,171,28.0,,0.0001,5e-06,,headroom_b30,False,29.0
tissuemnist,L30_G30,RegNetY400MF,4,heuristic,30,0,51,51,148,0,0.4114904495777295,0.2882882882882883,0.4287163415199384,4,2400,171,,,0.0001,5e-06,,headroom_b30,False,0.0
tissuemnist,L30_G30,RegNetY400MF,3,heuristic,30,0,51,51,210,0,0.3973471766257748,0.27927927927927926,0.4345307554005374,4,2400,171,,,0.0001,5e-06,,headroom_b30,False,0.0
tissuemnist,L30_G30,RegNetY400MF,1,heuristic,30,0,51,51,172,0,0.3815545842815669,0.2882882882882883,0.39386802048374037,4,2400,171,,,0.0001,5e-06,,headroom_b30,False,0.0
tissuemnist,L30_G30,RegNetY400MF,2,heuristic,30,0,51,51,142,0,0.3462893098101365,0.24324324324324326,0.4018759945774708,4,2400,171,,,0.0001,5e-06,,headroom_b30,False,0.0
octmnist,L30_G30,RegNetY400MF,4,hounie_rcl,1,29,75,75,157,0,0.7110959870939545,0.36923076923076925,0.6873678770430419,2,1000,250,28.0,,0.0001,5e-06,,headroom_b30,False,29.0
octmnist,L30_G30,RegNetY400MF,3,hounie_rcl,1,29,75,75,160,0,0.7158867921942127,0.40615384615384614,0.700098005594523,2,1000,250,28.0,,0.0001,5e-06,,headroom_b30,False,29.0
octmnist,L30_G30,RegNetY400MF,1,hounie_rcl,1,29,75,75,160,0,0.7174580878315604,0.4,0.6969736492014222,2,1000,250,28.0,,0.0001,5e-06,,headroom_b30,False,29.0
octmnist,L30_G30,RegNetY400MF,2,hounie_rcl,1,29,75,75,142,0,0.6889747530528278,0.38153846153846155,0.6907062243640575,2,1000,250,28.0,,0.0001,5e-06,,headroom_b30,False,29.0
octmnist,L30_G30,RegNetY400MF,4,tralo,1,29,75,75,160,0,0.7064970213615076,0.36923076923076925,0.6799884966976459,2,1000,250,30.0,True,0.0001,5e-06,,headroom_b30,False,29.0
octmnist,L30_G30,RegNetY400MF,3,tralo,1,29,75,75,160,0,0.7151561084144132,0.4,0.6980361017054503,2,1000,250,30.0,True,0.0001,5e-06,,headroom_b30,False,29.0
octmnist,L30_G30,RegNetY400MF,1,tralo,1,29,75,75,159,0,0.7230393794404992,0.4,0.7009161360606471,2,1000,250,30.0,True,0.0001,5e-06,,headroom_b30,False,29.0
octmnist,L30_G30,RegNetY400MF,2,tralo,1,29,75,75,141,0,0.6971942825930206,0.39384615384615385,0.6928750236414256,2,1000,250,30.0,True,0.0001,5e-06,,headroom_b30,False,29.0
octmnist,L30_G30,RegNetY400MF,4,danits_lp,30,0,75,75,163,0,0.7490056135725762,0.39384615384615385,0.7025736112196178,2,1000,250,,,0.0001,5e-06,,headroom_b30,False,0.0
octmnist,L30_G30,RegNetY400MF,3,danits_lp,30,0,75,75,133,0,0.680427716868293,0.38153846153846155,0.7000326235061585,2,1000,250,,,0.0001,5e-06,,headroom_b30,False,0.0
octmnist,L30_G30,RegNetY400MF,1,danits_lp,30,0,75,75,167,0,0.7130774306587018,0.4,0.6912000777355045,2,1000,250,,,0.0001,5e-06,,headroom_b30,False,0.0
octmnist,L30_G30,RegNetY400MF,2,danits_lp,30,0,75,75,155,0,0.754518911767582,0.4123076923076923,0.7124158063974089,2,1000,250,,,0.0001,5e-06,,headroom_b30,False,0.0
octmnist,L30_G30,RegNetY400MF,4,fioretto_ldf,1,29,75,75,162,0,0.6933487598533459,0.36923076923076925,0.6872381536793695,2,1000,250,28.0,,0.0001,5e-06,,headroom_b30,False,29.0
octmnist,L30_G30,RegNetY400MF,3,fioretto_ldf,1,29,75,75,160,0,0.7185508772615092,0.4,0.6953563784568287,2,1000,250,28.0,,0.0001,5e-06,,headroom_b30,False,29.0
octmnist,L30_G30,RegNetY400MF,1,fioretto_ldf,1,29,75,75,157,0,0.7113377084986499,0.38769230769230767,0.6934537634115829,2,1000,250,28.0,,0.0001,5e-06,,headroom_b30,False,29.0
octmnist,L30_G30,RegNetY400MF,2,fioretto_ldf,1,29,75,75,142,0,0.6937246552381665,0.39384615384615385,0.6935598058033292,2,1000,250,28.0,,0.0001,5e-06,,headroom_b30,False,29.0
octmnist,L30_G30,RegNetY400MF,4,heuristic,30,0,75,75,163,0,0.7490056135725762,0.39384615384615385,0.7025736112196178,2,1000,250,,,0.0001,5e-06,,headroom_b30,False,0.0
octmnist,L30_G30,RegNetY400MF,3,heuristic,30,0,75,75,133,0,0.680427716868293,0.38153846153846155,0.7000326235061585,2,1000,250,,,0.0001,5e-06,,headroom_b30,False,0.0
octmnist,L30_G30,RegNetY400MF,1,heuristic,30,0,75,75,167,0,0.7130774306587018,0.4,0.6912000777355045,2,1000,250,,,0.0001,5e-06,,headroom_b30,False,0.0
octmnist,L30_G30,RegNetY400MF,2,heuristic,30,0,75,75,155,0,0.754518911767582,0.4123076923076923,0.7124158063974089,2,1000,250,,,0.0001,5e-06,,headroom_b30,False,0.0
dermmnist,L50_G50,RegNetY400MF,4,hounie_rcl,1,29,112,111,145,0,0.5757420376227959,0.46706586826347307,0.5366147070967564,4,2003,223,28.0,,0.0001,5e-06,,headroom_b30,False,29.0
dermmnist,L50_G50,RegNetY400MF,3,hounie_rcl,1,29,112,111,151,0,0.5849547190364013,0.48502994011976047,0.5418412414221034,4,2003,223,28.0,,0.0001,5e-06,,headroom_b30,False,29.0
dermmnist,L50_G50,RegNetY400MF,1,hounie_rcl,1,29,112,111,154,0,0.5502245936314577,0.41916167664670656,0.49637323033390096,4,2003,223,28.0,,0.0001,5e-06,,headroom_b30,False,29.0
dermmnist,L50_G50,RegNetY400MF,2,hounie_rcl,1,29,112,111,97,0,0.47539561398979624,0.4311377245508982,0.3383460932549501,4,2003,223,28.0,,0.0001,5e-06,,headroom_b30,False,29.0
dermmnist,L50_G50,RegNetY400MF,4,tralo,1,29,112,111,145,0,0.5749778697129968,0.46107784431137727,0.5338621580794716,4,2003,223,30.0,True,0.0001,5e-06,,headroom_b30,False,29.0
dermmnist,L50_G50,RegNetY400MF,3,tralo,1,29,112,111,152,0,0.584660938620917,0.48502994011976047,0.5424268237698227,4,2003,223,30.0,True,0.0001,5e-06,,headroom_b30,False,29.0
dermmnist,L50_G50,RegNetY400MF,1,tralo,1,29,112,111,154,0,0.5498940065124495,0.41916167664670656,0.4991926461415467,4,2003,223,30.0,True,0.0001,5e-06,,headroom_b30,False,29.0
dermmnist,L50_G50,RegNetY400MF,2,tralo,1,29,112,111,97,0,0.47539561398979624,0.4311377245508982,0.3383460932549501,4,2003,223,30.0,True,0.0001,5e-06,,headroom_b30,False,29.0
dermmnist,L50_G50,RegNetY400MF,4,danits_lp,30,0,112,111,182,0,0.7005271208528738,0.5508982035928144,0.7387823207767367,4,2003,223,,,0.0001,5e-06,,headroom_b30,False,0.0
dermmnist,L50_G50,RegNetY400MF,3,danits_lp,30,0,112,111,153,0,0.7020126218145958,0.5449101796407185,0.75359961412113,4,2003,223,,,0.0001,5e-06,,headroom_b30,False,0.0
dermmnist,L50_G50,RegNetY400MF,1,danits_lp,30,0,112,111,170,0,0.7013511596879296,0.562874251497006,0.7381695625459648,4,2003,223,,,0.0001,5e-06,,headroom_b30,False,0.0
dermmnist,L50_G50,RegNetY400MF,2,danits_lp,30,0,112,111,184,0,0.640130894062552,0.5269461077844312,0.7260305360129392,4,2003,223,,,0.0001,5e-06,,headroom_b30,False,0.0
dermmnist,L50_G50,RegNetY400MF,4,fioretto_ldf,1,29,112,111,145,0,0.5746860468571985,0.46706586826347307,0.5364843991704025,4,2003,223,28.0,,0.0001,5e-06,,headroom_b30,False,29.0
dermmnist,L50_G50,RegNetY400MF,3,fioretto_ldf,1,29,112,111,153,0,0.5847761104045811,0.48502994011976047,0.5424268237698227,4,2003,223,28.0,,0.0001,5e-06,,headroom_b30,False,29.0
dermmnist,L50_G50,RegNetY400MF,1,fioretto_ldf,1,29,112,111,154,0,0.5496560924784925,0.41916167664670656,0.497063729351167,4,2003,223,28.0,,0.0001,5e-06,,headroom_b30,False,29.0
dermmnist,L50_G50,RegNetY400MF,2,fioretto_ldf,1,29,112,111,97,0,0.47539561398979624,0.4311377245508982,0.3383460932549501,4,2003,223,28.0,,0.0001,5e-06,,headroom_b30,False,29.0
dermmnist,L50_G50,RegNetY400MF,4,heuristic,30,0,112,111,182,0,0.7005271208528738,0.5508982035928144,0.7387823207767367,4,2003,223,,,0.0001,5e-06,,headroom_b30,False,0.0
dermmnist,L50_G50,RegNetY400MF,3,heuristic,30,0,112,111,153,0,0.7020126218145958,0.5449101796407185,0.75359961412113,4,2003,223,,,0.0001,5e-06,,headroom_b30,False,0.0
dermmnist,L50_G50,RegNetY400MF,1,heuristic,30,0,112,111,170,0,0.7013511596879296,0.562874251497006,0.7381695625459648,4,2003,223,,,0.0001,5e-06,,headroom_b30,False,0.0
dermmnist,L50_G50,RegNetY400MF,2,heuristic,30,0,112,111,184,0,0.640130894062552,0.5269461077844312,0.7260305360129392,4,2003,223,,,0.0001,5e-06,,headroom_b30,False,0.0
tissuemnist,L50_G50,RegNetY400MF,4,hounie_rcl,1,29,86,86,129,0,0.43962775747051164,0.3657587548638132,0.43221447491709375,4,2400,171,28.0,,0.0001,5e-06,,headroom_b30,False,29.0
tissuemnist,L50_G50,RegNetY400MF,3,hounie_rcl,1,29,86,86,128,0,0.40171454228234116,0.32684824902723736,0.4027210695084486,4,2400,171,28.0,,0.0001,5e-06,,headroom_b30,False,29.0
tissuemnist,L50_G50,RegNetY400MF,1,hounie_rcl,1,29,86,86,133,0,0.3748917714372076,0.32684824902723736,0.37219073807043696,4,2400,171,28.0,,0.0001,5e-06,,headroom_b30,False,29.0
tissuemnist,L50_G50,RegNetY400MF,2,hounie_rcl,1,29,86,86,123,0,0.3601335775613451,0.3346303501945525,0.3708968589614541,4,2400,171,28.0,,0.0001,5e-06,,headroom_b30,False,29.0
tissuemnist,L50_G50,RegNetY400MF,4,tralo,1,29,86,86,129,0,0.4376107743300607,0.35797665369649806,0.4323998387169681,4,2400,171,30.0,True,0.0001,5e-06,,headroom_b30,False,29.0
tissuemnist,L50_G50,RegNetY400MF,3,tralo,1,29,86,86,125,0,0.4093958789683628,0.35797665369649806,0.41282704993257674,4,2400,171,30.0,True,0.0001,5e-06,,headroom_b30,False,29.0
tissuemnist,L50_G50,RegNetY400MF,1,tralo,1,29,86,86,132,0,0.36679882165949684,0.29571984435797666,0.36743499007785696,4,2400,171,30.0,True,0.0001,5e-06,,headroom_b30,False,29.0
tissuemnist,L50_G50,RegNetY400MF,2,tralo,1,29,86,86,122,0,0.34691988624905684,0.32684824902723736,0.3687349468865432,4,2400,171,30.0,True,0.0001,5e-06,,headroom_b30,False,29.0
tissuemnist,L50_G50,RegNetY400MF,4,danits_lp,30,0,86,86,148,0,0.4114904495777295,0.3735408560311284,0.43988125245241816,4,2400,171,,,0.0001,5e-06,,headroom_b30,False,0.0
tissuemnist,L50_G50,RegNetY400MF,3,danits_lp,30,0,86,86,210,0,0.3973471766257748,0.35019455252918286,0.4455740111093849,4,2400,171,,,0.0001,5e-06,,headroom_b30,False,0.0
tissuemnist,L50_G50,RegNetY400MF,1,danits_lp,30,0,86,86,172,0,0.3815545842815669,0.3424124513618677,0.4003897030890011,4,2400,171,,,0.0001,5e-06,,headroom_b30,False,0.0
tissuemnist,L50_G50,RegNetY400MF,2,danits_lp,30,0,86,86,142,0,0.3462893098101365,0.32684824902723736,0.4109157706736376,4,2400,171,,,0.0001,5e-06,,headroom_b30,False,0.0
tissuemnist,L50_G50,RegNetY400MF,4,fioretto_ldf,1,29,86,86,129,0,0.4378202572093222,0.35797665369649806,0.433677541762683,4,2400,171,28.0,,0.0001,5e-06,,headroom_b30,False,29.0
tissuemnist,L50_G50,RegNetY400MF,3,fioretto_ldf,1,29,86,86,130,0,0.40669217396822727,0.35019455252918286,0.4180062334547785,4,2400,171,28.0,,0.0001,5e-06,,headroom_b30,False,29.0
tissuemnist,L50_G50,RegNetY400MF,1,fioretto_ldf,1,29,86,86,132,0,0.36679882165949684,0.29571984435797666,0.36743499007785696,4,2400,171,28.0,,0.0001,5e-06,,headroom_b30,False,29.0
tissuemnist,L50_G50,RegNetY400MF,2,fioretto_ldf,1,29,86,86,123,0,0.34662210672393307,0.3035019455252918,0.36287408621109973,4,2400,171,28.0,,0.0001,5e-06,,headroom_b30,False,29.0
tissuemnist,L50_G50,RegNetY400MF,4,heuristic,30,0,86,86,148,0,0.4114904495777295,0.3735408560311284,0.43988125245241816,4,2400,171,,,0.0001,5e-06,,headroom_b30,False,0.0
tissuemnist,L50_G50,RegNetY400MF,3,heuristic,30,0,86,86,210,0,0.3973471766257748,0.35019455252918286,0.4455740111093849,4,2400,171,,,0.0001,5e-06,,headroom_b30,False,0.0
tissuemnist,L50_G50,RegNetY400MF,1,heuristic,30,0,86,86,172,0,0.3815545842815669,0.3424124513618677,0.4003897030890011,4,2400,171,,,0.0001,5e-06,,headroom_b30,False,0.0
tissuemnist,L50_G50,RegNetY400MF,2,heuristic,30,0,86,86,142,0,0.3462893098101365,0.32684824902723736,0.4109157706736376,4,2400,171,,,0.0001,5e-06,,headroom_b30,False,0.0
octmnist,L50_G50,RegNetY400MF,4,hounie_rcl,1,29,125,125,159,0,0.7157951549042353,0.528,0.7328437688394845,2,1000,250,28.0,,0.0001,5e-06,,headroom_b30,False,29.0
octmnist,L50_G50,RegNetY400MF,3,hounie_rcl,1,29,125,125,161,0,0.7267549259509022,0.5386666666666666,0.7379837134922189,2,1000,250,28.0,,0.0001,5e-06,,headroom_b30,False,29.0
octmnist,L50_G50,RegNetY400MF,1,hounie_rcl,1,29,125,125,158,0,0.715055426592856,0.5173333333333333,0.7316797753136991,2,1000,250,28.0,,0.0001,5e-06,,headroom_b30,False,29.0
octmnist,L50_G50,RegNetY400MF,2,hounie_rcl,1,29,125,125,143,0,0.6925281130978698,0.49066666666666664,0.719486372560148,2,1000,250,28.0,,0.0001,5e-06,,headroom_b30,False,29.0
octmnist,L50_G50,RegNetY400MF,4,tralo,1,29,125,125,159,0,0.6944421457701101,0.5173333333333333,0.7321445191211727,2,1000,250,30.0,True,0.0001,5e-06,,headroom_b30,False,29.0
octmnist,L50_G50,RegNetY400MF,3,tralo,1,29,125,125,164,0,0.7169475891311943,0.5066666666666667,0.7277286818492434,2,1000,250,30.0,True,0.0001,5e-06,,headroom_b30,False,29.0
octmnist,L50_G50,RegNetY400MF,1,tralo,1,29,125,125,158,0,0.7233759250841864,0.528,0.7404207667045188,2,1000,250,30.0,True,0.0001,5e-06,,headroom_b30,False,29.0
octmnist,L50_G50,RegNetY400MF,2,tralo,1,29,125,125,140,0,0.6951524692282769,0.49066666666666664,0.7184553912914666,2,1000,250,30.0,True,0.0001,5e-06,,headroom_b30,False,29.0
octmnist,L50_G50,RegNetY400MF,4,danits_lp,30,0,125,125,163,0,0.7490056135725762,0.5546666666666666,0.7558543009110547,2,1000,250,,,0.0001,5e-06,,headroom_b30,False,0.0
octmnist,L50_G50,RegNetY400MF,3,danits_lp,30,0,125,125,133,0,0.680427716868293,0.5333333333333333,0.7472643967226814,2,1000,250,,,0.0001,5e-06,,headroom_b30,False,0.0
octmnist,L50_G50,RegNetY400MF,1,danits_lp,30,0,125,125,167,0,0.7130774306587018,0.5226666666666666,0.7261965588503102,2,1000,250,,,0.0001,5e-06,,headroom_b30,False,0.0
octmnist,L50_G50,RegNetY400MF,2,danits_lp,30,0,125,125,155,0,0.754518911767582,0.5546666666666666,0.7612808528932395,2,1000,250,,,0.0001,5e-06,,headroom_b30,False,0.0
octmnist,L50_G50,RegNetY400MF,4,fioretto_ldf,1,29,125,125,156,0,0.713544110414662,0.528,0.7316597467762063,2,1000,250,28.0,,0.0001,5e-06,,headroom_b30,False,29.0
octmnist,L50_G50,RegNetY400MF,3,fioretto_ldf,1,29,125,125,159,0,0.7160814901995438,0.512,0.7300139002520067,2,1000,250,28.0,,0.0001,5e-06,,headroom_b30,False,29.0
octmnist,L50_G50,RegNetY400MF,1,fioretto_ldf,1,29,125,125,158,0,0.7099319087679232,0.5226666666666666,0.7321692795956599,2,1000,250,28.0,,0.0001,5e-06,,headroom_b30,False,29.0
octmnist,L50_G50,RegNetY400MF,2,fioretto_ldf,1,29,125,125,134,0,0.691921334516261,0.496,0.7209581708401751,2,1000,250,28.0,,0.0001,5e-06,,headroom_b30,False,29.0
octmnist,L50_G50,RegNetY400MF,4,heuristic,30,0,125,125,163,0,0.7490056135725762,0.5546666666666666,0.7558543009110547,2,1000,250,,,0.0001,5e-06,,headroom_b30,False,0.0
octmnist,L50_G50,RegNetY400MF,3,heuristic,30,0,125,125,133,0,0.680427716868293,0.5333333333333333,0.7472643967226814,2,1000,250,,,0.0001,5e-06,,headroom_b30,False,0.0
octmnist,L50_G50,RegNetY400MF,1,heuristic,30,0,125,125,167,0,0.7130774306587018,0.5226666666666666,0.7261965588503102,2,1000,250,,,0.0001,5e-06,,headroom_b30,False,0.0
octmnist,L50_G50,RegNetY400MF,2,heuristic,30,0,125,125,155,0,0.754518911767582,0.5546666666666666,0.7612808528932395,2,1000,250,,,0.0001,5e-06,,headroom_b30,False,0.0
dermmnist,L30_G30,MobileNetV3,4,hounie_rcl,1,29,67,67,145,0,0.5611486805907218,0.3793103448275862,0.3784810844865056,4,2003,223,28.0,,0.0001,5e-06,,headroom_b30,False,29.0
dermmnist,L30_G30,MobileNetV3,3,hounie_rcl,1,29,67,67,126,0,0.5163201087274673,0.3448275862068966,0.3494482746908108,4,2003,223,28.0,,0.0001,5e-06,,headroom_b30,False,29.0
dermmnist,L30_G30,MobileNetV3,1,hounie_rcl,1,29,67,67,147,0,0.5432105794103793,0.32413793103448274,0.35133929854513596,4,2003,223,28.0,,0.0001,5e-06,,headroom_b30,False,29.0
dermmnist,L30_G30,MobileNetV3,2,hounie_rcl,1,29,67,67,142,0,0.5517546384191296,0.38620689655172413,0.37969192335754237,4,2003,223,28.0,,0.0001,5e-06,,headroom_b30,False,29.0
dermmnist,L30_G30,MobileNetV3,4,tralo,1,29,67,67,140,0,0.5607380501310859,0.3793103448275862,0.3789286427132053,4,2003,223,30.0,True,0.0001,5e-06,,headroom_b30,False,29.0
dermmnist,L30_G30,MobileNetV3,3,tralo,1,29,67,67,126,0,0.5163201087274673,0.3448275862068966,0.3494482746908108,4,2003,223,30.0,True,0.0001,5e-06,,headroom_b30,False,29.0
dermmnist,L30_G30,MobileNetV3,1,tralo,1,29,67,67,143,0,0.5796024181896113,0.3724137931034483,0.4285891804209046,4,2003,223,30.0,True,0.0001,5e-06,,headroom_b30,False,29.0
dermmnist,L30_G30,MobileNetV3,2,tralo,1,29,67,67,138,0,0.5523733111020024,0.3793103448275862,0.3737916283315851,4,2003,223,30.0,True,0.0001,5e-06,,headroom_b30,False,29.0
dermmnist,L30_G30,MobileNetV3,4,danits_lp,30,0,67,67,164,0,0.679767880298651,0.4206896551724138,0.7049532090003271,4,2003,223,,,0.0001,5e-06,,headroom_b30,False,0.0
dermmnist,L30_G30,MobileNetV3,3,danits_lp,30,0,67,67,167,0,0.7056520413443165,0.4206896551724138,0.7232250955052264,4,2003,223,,,0.0001,5e-06,,headroom_b30,False,0.0
dermmnist,L30_G30,MobileNetV3,1,danits_lp,30,0,67,67,184,0,0.6994360828307511,0.42758620689655175,0.6932500096928088,4,2003,223,,,0.0001,5e-06,,headroom_b30,False,0.0
dermmnist,L30_G30,MobileNetV3,2,danits_lp,30,0,67,67,198,0,0.6850627078056499,0.3724137931034483,0.699601303620609,4,2003,223,,,0.0001,5e-06,,headroom_b30,False,0.0
dermmnist,L30_G30,MobileNetV3,4,fioretto_ldf,1,29,67,67,146,0,0.5613145102806214,0.3793103448275862,0.3784810844865056,4,2003,223,28.0,,0.0001,5e-06,,headroom_b30,False,29.0
dermmnist,L30_G30,MobileNetV3,3,fioretto_ldf,1,29,67,67,126,0,0.5163201087274673,0.3448275862068966,0.3494482746908108,4,2003,223,28.0,,0.0001,5e-06,,headroom_b30,False,29.0
dermmnist,L30_G30,MobileNetV3,1,fioretto_ldf,1,29,67,67,147,0,0.5432105794103793,0.32413793103448274,0.35133929854513596,4,2003,223,28.0,,0.0001,5e-06,,headroom_b30,False,29.0
dermmnist,L30_G30,MobileNetV3,2,fioretto_ldf,1,29,67,67,142,0,0.5517097200216945,0.38620689655172413,0.37969192335754237,4,2003,223,28.0,,0.0001,5e-06,,headroom_b30,False,29.0
dermmnist,L30_G30,MobileNetV3,4,heuristic,30,0,67,67,164,0,0.679767880298651,0.4206896551724138,0.7049532090003271,4,2003,223,,,0.0001,5e-06,,headroom_b30,False,0.0
dermmnist,L30_G30,MobileNetV3,3,heuristic,30,0,67,67,167,0,0.7056520413443165,0.4206896551724138,0.7232250955052264,4,2003,223,,,0.0001,5e-06,,headroom_b30,False,0.0
dermmnist,L30_G30,MobileNetV3,1,heuristic,30,0,67,67,184,0,0.6994360828307511,0.42758620689655175,0.6932500096928088,4,2003,223,,,0.0001,5e-06,,headroom_b30,False,0.0
dermmnist,L30_G30,MobileNetV3,2,heuristic,30,0,67,67,198,0,0.6850627078056499,0.3724137931034483,0.699601303620609,4,2003,223,,,0.0001,5e-06,,headroom_b30,False,0.0
tissuemnist,L30_G30,MobileNetV3,4,hounie_rcl,1,29,51,51,72,0,0.34822169970324196,0.23423423423423423,0.3047293981077469,4,2400,171,28.0,,0.0001,5e-06,,headroom_b30,False,29.0
tissuemnist,L30_G30,MobileNetV3,3,hounie_rcl,1,29,51,51,70,0,0.3557233348511057,0.22522522522522523,0.2990656402292571,4,2400,171,28.0,,0.0001,5e-06,,headroom_b30,False,29.0
tissuemnist,L30_G30,MobileNetV3,1,hounie_rcl,1,29,51,51,47,0,0.3189120253961178,0.2072072072072072,0.3562906505323404,4,2400,171,28.0,,0.0001,5e-06,,headroom_b30,False,29.0
tissuemnist,L30_G30,MobileNetV3,2,hounie_rcl,1,29,51,51,132,0,0.3871030355733324,0.25225225225225223,0.3741717518611767,4,2400,171,28.0,,0.0001,5e-06,,headroom_b30,False,29.0
tissuemnist,L30_G30,MobileNetV3,4,tralo,1,29,51,51,72,0,0.34822169970324196,0.23423423423423423,0.3047293981077469,4,2400,171,30.0,True,0.0001,5e-06,,headroom_b30,False,29.0
tissuemnist,L30_G30,MobileNetV3,3,tralo,1,29,51,51,70,0,0.3557233348511057,0.22522522522522523,0.2990656402292571,4,2400,171,30.0,True,0.0001,5e-06,,headroom_b30,False,29.0
tissuemnist,L30_G30,MobileNetV3,1,tralo,1,29,51,51,48,0,0.318247173242237,0.2072072072072072,0.35645581975320256,4,2400,171,30.0,True,0.0001,5e-06,,headroom_b30,False,29.0
tissuemnist,L30_G30,MobileNetV3,2,tralo,1,29,51,51,128,0,0.3873817094017096,0.25225225225225223,0.37415296841655277,4,2400,171,30.0,True,0.0001,5e-06,,headroom_b30,False,29.0
tissuemnist,L30_G30,MobileNetV3,4,danits_lp,30,0,51,51,157,0,0.38274006452985887,0.25225225225225223,0.3618138665338586,4,2400,171,,,0.0001,5e-06,,headroom_b30,False,0.0
tissuemnist,L30_G30,MobileNetV3,3,danits_lp,30,0,51,51,218,0,0.411828463207173,0.25225225225225223,0.4226571721581698,4,2400,171,,,0.0001,5e-06,,headroom_b30,False,0.0
tissuemnist,L30_G30,MobileNetV3,1,danits_lp,30,0,51,51,288,0,0.39853999493550796,0.2702702702702703,0.4128772535422989,4,2400,171,,,0.0001,5e-06,,headroom_b30,False,0.0
tissuemnist,L30_G30,MobileNetV3,2,danits_lp,30,0,51,51,262,0,0.38482688231431644,0.3063063063063063,0.40808576856403944,4,2400,171,,,0.0001,5e-06,,headroom_b30,False,0.0
tissuemnist,L30_G30,MobileNetV3,4,fioretto_ldf,1,29,51,51,72,0,0.34822169970324196,0.23423423423423423,0.3047293981077469,4,2400,171,28.0,,0.0001,5e-06,,headroom_b30,False,29.0
tissuemnist,L30_G30,MobileNetV3,3,fioretto_ldf,1,29,51,51,70,0,0.3557233348511057,0.22522522522522523,0.2990656402292571,4,2400,171,28.0,,0.0001,5e-06,,headroom_b30,False,29.0
tissuemnist,L30_G30,MobileNetV3,1,fioretto_ldf,1,29,51,51,47,0,0.3189120253961178,0.2072072072072072,0.3562906505323404,4,2400,171,28.0,,0.0001,5e-06,,headroom_b30,False,29.0
tissuemnist,L30_G30,MobileNetV3,2,fioretto_ldf,1,29,51,51,137,0,0.3866093652910375,0.25225225225225223,0.37602819848486285,4,2400,171,28.0,,0.0001,5e-06,,headroom_b30,False,29.0
tissuemnist,L30_G30,MobileNetV3,4,heuristic,30,0,51,51,157,0,0.38274006452985887,0.25225225225225223,0.3618138665338586,4,2400,171,,,0.0001,5e-06,,headroom_b30,False,0.0
tissuemnist,L30_G30,MobileNetV3,3,heuristic,30,0,51,51,218,0,0.411828463207173,0.25225225225225223,0.4226571721581698,4,2400,171,,,0.0001,5e-06,,headroom_b30,False,0.0
tissuemnist,L30_G30,MobileNetV3,1,heuristic,30,0,51,51,288,0,0.39853999493550796,0.2702702702702703,0.4128772535422989,4,2400,171,,,0.0001,5e-06,,headroom_b30,False,0.0
tissuemnist,L30_G30,MobileNetV3,2,heuristic,30,0,51,51,262,0,0.38482688231431644,0.3063063063063063,0.40808576856403944,4,2400,171,,,0.0001,5e-06,,headroom_b30,False,0.0
octmnist,L30_G30,MobileNetV3,4,hounie_rcl,1,29,75,74,144,0,0.43410640570626075,0.24,0.49848025082868985,2,1000,250,28.0,,0.0001,5e-06,,headroom_b30,False,29.0
octmnist,L30_G30,MobileNetV3,3,hounie_rcl,1,29,75,70,128,0,0.5573885508163413,0.3076923076923077,0.5233591821597313,2,1000,250,28.0,,0.0001,5e-06,,headroom_b30,False,29.0
octmnist,L30_G30,MobileNetV3,1,hounie_rcl,1,29,75,75,162,0,0.7746305718941882,0.4430769230769231,0.7295766551051766,2,1000,250,28.0,,0.0001,5e-06,,headroom_b30,False,29.0
octmnist,L30_G30,MobileNetV3,2,hounie_rcl,1,29,75,75,153,0,0.8098639554244973,0.4430769230769231,0.7296898427709966,2,1000,250,28.0,,0.0001,5e-06,,headroom_b30,False,29.0
octmnist,L30_G30,MobileNetV3,4,tralo,1,29,75,74,144,0,0.43410640570626075,0.24,0.49848025082868985,2,1000,250,30.0,True,0.0001,5e-06,,headroom_b30,False,29.0
octmnist,L30_G30,MobileNetV3,3,tralo,1,29,75,70,128,0,0.5573885508163413,0.3076923076923077,0.5233591821597313,2,1000,250,30.0,True,0.0001,5e-06,,headroom_b30,False,29.0
octmnist,L30_G30,MobileNetV3,1,tralo,1,29,75,75,164,0,0.7928169505600959,0.4430769230769231,0.7298862529764566,2,1000,250,30.0,True,0.0001,5e-06,,headroom_b30,False,29.0
octmnist,L30_G30,MobileNetV3,2,tralo,1,29,75,75,150,0,0.8082468508908333,0.4430769230769231,0.7296085563751622,2,1000,250,30.0,True,0.0001,5e-06,,headroom_b30,False,29.0
octmnist,L30_G30,MobileNetV3,4,danits_lp,30,0,75,75,149,0,0.72638479977456,0.40615384615384614,0.7010586682796408,2,1000,250,,,0.0001,5e-06,,headroom_b30,False,0.0
octmnist,L30_G30,MobileNetV3,3,danits_lp,30,0,75,75,188,0,0.8262172810605988,0.4307692307692308,0.7142209714082988,2,1000,250,,,0.0001,5e-06,,headroom_b30,False,0.0
octmnist,L30_G30,MobileNetV3,1,danits_lp,30,0,75,75,113,0,0.7580042313731934,0.4246153846153846,0.7001803158106297,2,1000,250,,,0.0001,5e-06,,headroom_b30,False,0.0
octmnist,L30_G30,MobileNetV3,2,danits_lp,30,0,75,75,191,0,0.8108231951833579,0.4369230769230769,0.7236428338530492,2,1000,250,,,0.0001,5e-06,,headroom_b30,False,0.0
octmnist,L30_G30,MobileNetV3,4,fioretto_ldf,1,29,75,74,144,0,0.43410640570626075,0.24,0.49848025082868985,2,1000,250,28.0,,0.0001,5e-06,,headroom_b30,False,29.0
octmnist,L30_G30,MobileNetV3,3,fioretto_ldf,1,29,75,70,128,0,0.5573885508163413,0.3076923076923077,0.5233591821597313,2,1000,250,28.0,,0.0001,5e-06,,headroom_b30,False,29.0
octmnist,L30_G30,MobileNetV3,1,fioretto_ldf,1,29,75,75,163,0,0.776908110856301,0.4430769230769231,0.7295766551051766,2,1000,250,28.0,,0.0001,5e-06,,headroom_b30,False,29.0
octmnist,L30_G30,MobileNetV3,2,fioretto_ldf,1,29,75,75,154,0,0.8079728106236416,0.4430769230769231,0.7296898427709966,2,1000,250,28.0,,0.0001,5e-06,,headroom_b30,False,29.0
octmnist,L30_G30,MobileNetV3,4,heuristic,30,0,75,75,149,0,0.72638479977456,0.40615384615384614,0.7010586682796408,2,1000,250,,,0.0001,5e-06,,headroom_b30,False,0.0
octmnist,L30_G30,MobileNetV3,3,heuristic,30,0,75,75,188,0,0.8262172810605988,0.4307692307692308,0.7142209714082988,2,1000,250,,,0.0001,5e-06,,headroom_b30,False,0.0
octmnist,L30_G30,MobileNetV3,1,heuristic,30,0,75,75,113,0,0.7580042313731934,0.4246153846153846,0.7001803158106297,2,1000,250,,,0.0001,5e-06,,headroom_b30,False,0.0
octmnist,L30_G30,MobileNetV3,2,heuristic,30,0,75,75,191,0,0.8108231951833579,0.4369230769230769,0.7236428338530492,2,1000,250,,,0.0001,5e-06,,headroom_b30,False,0.0
dermmnist,L50_G50,MobileNetV3,4,hounie_rcl,1,29,112,111,52,0,0.5235007484841816,0.4491017964071856,0.6120485289437388,4,2003,223,27.0,,0.0001,0.0001,,lrc0.0001,False,28.0
dermmnist,L50_G50,MobileNetV3,3,hounie_rcl,1,29,112,111,38,0,0.564949066665863,0.48502994011976047,0.6918938892402204,4,2003,223,24.0,,0.0001,0.0001,,lrc0.0001,False,25.0
dermmnist,L50_G50,MobileNetV3,1,hounie_rcl,1,29,112,111,54,0,0.48416291677517437,0.40119760479041916,0.6167989363569445,4,2003,223,28.0,,0.0001,0.0001,,lrc0.0001,False,29.0
dermmnist,L50_G50,MobileNetV3,2,hounie_rcl,1,29,112,111,71,0,0.6082769508687245,0.5089820359281437,0.7112030763810243,4,2003,223,28.0,,0.0001,0.0001,,lrc0.0001,False,29.0
dermmnist,L50_G50,MobileNetV3,4,tralo,1,29,112,111,100,0,0.6826587204646609,0.5568862275449101,0.7341079991440764,4,2003,223,30.0,True,0.0001,0.0001,,lrc0.0001,False,29.0
dermmnist,L50_G50,MobileNetV3,3,tralo,1,29,112,111,101,0,0.5743218542237839,0.5089820359281437,0.6944355353779338,4,2003,223,28.0,True,0.0001,0.0001,,lrc0.0001,False,27.0
dermmnist,L50_G50,MobileNetV3,1,tralo,1,29,112,111,40,0,0.5825059820135083,0.49101796407185627,0.6760529408165475,4,2003,223,23.0,True,0.0001,0.0001,,lrc0.0001,False,22.0
dermmnist,L50_G50,MobileNetV3,2,tralo,1,29,112,111,95,0,0.6714130493363969,0.5568862275449101,0.738847430928889,4,2003,223,27.0,True,0.0001,0.0001,,lrc0.0001,False,26.0
dermmnist,L50_G50,MobileNetV3,4,fioretto_ldf,1,29,112,111,97,0,0.635610149084322,0.5389221556886228,0.7095523572121492,4,2003,223,20.0,,0.0001,0.0001,,lrc0.0001,False,21.0
dermmnist,L50_G50,MobileNetV3,3,fioretto_ldf,1,29,112,111,76,0,0.6254235776780518,0.5029940119760479,0.6990448327160275,4,2003,223,19.0,,0.0001,0.0001,,lrc0.0001,False,20.0
dermmnist,L50_G50,MobileNetV3,1,fioretto_ldf,1,29,112,111,78,0,0.6420835526670444,0.5329341317365269,0.7261095197055006,4,2003,223,23.0,,0.0001,0.0001,,lrc0.0001,False,24.0
dermmnist,L50_G50,MobileNetV3,2,fioretto_ldf,1,29,112,111,110,0,0.6517579261994727,0.5449101796407185,0.740374871845398,4,2003,223,28.0,,0.0001,0.0001,,lrc0.0001,False,29.0
tissuemnist,L50_G50,MobileNetV3,4,hounie_rcl,1,29,86,86,85,0,0.27084350661726264,0.28793774319066145,0.37901328519302907,4,2400,171,28.0,,0.0001,0.0001,,lrc0.0001,False,29.0
tissuemnist,L50_G50,MobileNetV3,3,hounie_rcl,1,29,86,86,54,0,0.231607236675273,0.25680933852140075,0.3645388072604549,4,2400,171,28.0,,0.0001,0.0001,,lrc0.0001,False,29.0
tissuemnist,L50_G50,MobileNetV3,1,hounie_rcl,1,29,86,86,35,0,0.3954645792438441,0.32684824902723736,0.27474906710701075,4,2400,171,28.0,,0.0001,0.0001,,lrc0.0001,False,29.0
tissuemnist,L50_G50,MobileNetV3,2,hounie_rcl,1,29,86,86,81,0,0.337777312890084,0.29571984435797666,0.41055610987454183,4,2400,171,28.0,,0.0001,0.0001,,lrc0.0001,False,29.0
tissuemnist,L50_G50,MobileNetV3,4,tralo,1,29,86,86,68,0,0.3278875194271938,0.29571984435797666,0.3751837811220321,4,2400,171,30.0,True,0.0001,0.0001,,lrc0.0001,False,29.0
tissuemnist,L50_G50,MobileNetV3,3,tralo,1,29,86,86,63,0,0.3976203801948647,0.3346303501945525,0.39859429069232244,4,2400,171,5.0,True,0.0001,0.0001,,lrc0.0001,False,4.0
tissuemnist,L50_G50,MobileNetV3,1,tralo,1,29,86,86,46,0,0.41318960123149534,0.35019455252918286,0.41751776144966934,4,2400,171,30.0,True,0.0001,0.0001,,lrc0.0001,False,29.0
tissuemnist,L50_G50,MobileNetV3,2,tralo,1,29,86,86,58,0,0.42791533550486804,0.38910505836575876,0.4118772349360842,4,2400,171,30.0,True,0.0001,0.0001,,lrc0.0001,False,29.0
tissuemnist,L50_G50,MobileNetV3,4,fioretto_ldf,1,29,86,86,77,0,0.3111756289946287,0.31906614785992216,0.36955405373449907,4,2400,171,28.0,,0.0001,0.0001,,lrc0.0001,False,29.0
tissuemnist,L50_G50,MobileNetV3,3,fioretto_ldf,1,29,86,86,66,0,0.34349446917416493,0.311284046692607,0.3775104919125395,4,2400,171,28.0,,0.0001,0.0001,,lrc0.0001,False,29.0
tissuemnist,L50_G50,MobileNetV3,1,fioretto_ldf,1,29,86,86,61,0,0.28715025236541913,0.29571984435797666,0.4086211436538096,4,2400,171,28.0,,0.0001,0.0001,,lrc0.0001,False,29.0
tissuemnist,L50_G50,MobileNetV3,2,fioretto_ldf,1,29,86,86,83,0,0.3616882355063031,0.3424124513618677,0.38541431936783027,4,2400,171,28.0,,0.0001,0.0001,,lrc0.0001,False,29.0
octmnist,L50_G50,MobileNetV3,4,hounie_rcl,1,29,125,125,64,0,0.8223765465515465,0.6186666666666667,0.7865658664129185,2,1000,250,28.0,,0.0001,0.0001,,lrc0.0001,False,29.0
octmnist,L50_G50,MobileNetV3,3,hounie_rcl,1,29,125,125,86,0,0.7534063613721464,0.5706666666666667,0.73790534964568,2,1000,250,28.0,,0.0001,0.0001,,lrc0.0001,False,29.0
octmnist,L50_G50,MobileNetV3,1,hounie_rcl,1,29,125,125,96,0,0.7869481365119021,0.5973333333333334,0.7278064789015896,2,1000,250,28.0,,0.0001,0.0001,,lrc0.0001,False,29.0
octmnist,L50_G50,MobileNetV3,2,hounie_rcl,1,29,125,125,113,0,0.8264072779293988,0.6133333333333333,0.7766215903763518,2,1000,250,28.0,,0.0001,0.0001,,lrc0.0001,False,29.0
octmnist,L50_G50,MobileNetV3,4,tralo,1,29,125,125,104,0,0.8088961517710282,0.608,0.7893143918982242,2,1000,250,30.0,True,0.0001,0.0001,,lrc0.0001,False,29.0
octmnist,L50_G50,MobileNetV3,3,tralo,1,29,125,125,108,0,0.8145282858354329,0.5973333333333334,0.7798023054399704,2,1000,250,30.0,True,0.0001,0.0001,,lrc0.0001,False,29.0
octmnist,L50_G50,MobileNetV3,1,tralo,1,29,125,125,98,0,0.7934946839136415,0.592,0.7706556591637365,2,1000,250,30.0,True,0.0001,0.0001,,lrc0.0001,False,29.0
octmnist,L50_G50,MobileNetV3,2,tralo,1,29,125,125,99,0,0.831209356597319,0.6133333333333333,0.7040163184919462,2,1000,250,30.0,True,0.0001,0.0001,,lrc0.0001,False,29.0
octmnist,L50_G50,MobileNetV3,4,fioretto_ldf,1,29,125,125,117,0,0.8121980585359813,0.592,0.7789671003792058,2,1000,250,28.0,,0.0001,0.0001,,lrc0.0001,False,29.0
octmnist,L50_G50,MobileNetV3,3,fioretto_ldf,1,29,125,125,111,0,0.7651043720875812,0.5653333333333334,0.7401553927277432,2,1000,250,28.0,,0.0001,0.0001,,lrc0.0001,False,29.0
octmnist,L50_G50,MobileNetV3,1,fioretto_ldf,1,29,125,125,108,0,0.7215008445074367,0.5333333333333333,0.7363432394430335,2,1000,250,28.0,,0.0001,0.0001,,lrc0.0001,False,29.0
octmnist,L50_G50,MobileNetV3,2,fioretto_ldf,1,29,125,125,111,0,0.8295688576114865,0.6186666666666667,0.784711012564671,2,1000,250,28.0,,0.0001,0.0001,,lrc0.0001,False,29.0
dermmnist,L30_G30,RegNetY400MF,4,hounie_rcl,1,29,67,67,9,0,0.34403368993858147,0.2827586206896552,0.5804516055245933,4,2003,223,25.0,,0.0001,0.0001,,lrc0.0001,True,26.0
dermmnist,L30_G30,RegNetY400MF,3,hounie_rcl,1,29,67,67,8,0,0.37381258850952215,0.2689655172413793,0.6097409135685086,4,2003,223,20.0,,0.0001,0.0001,,lrc0.0001,True,21.0
dermmnist,L30_G30,RegNetY400MF,1,hounie_rcl,1,29,67,67,16,0,0.5090260122722069,0.3586206896551724,0.6489867752201384,4,2003,223,28.0,,0.0001,0.0001,,lrc0.0001,True,29.0
dermmnist,L30_G30,RegNetY400MF,2,hounie_rcl,1,29,67,67,5,0,0.36470269415610734,0.2413793103448276,0.6157227653644753,4,2003,223,24.0,,0.0001,0.0001,,lrc0.0001,True,25.0
dermmnist,L30_G30,RegNetY400MF,4,tralo,1,29,67,67,6,0,0.1521288247990791,0.06206896551724138,0.05158124454459047,4,2003,223,25.0,True,0.0001,0.0001,,lrc0.0001,True,24.0
dermmnist,L30_G30,RegNetY400MF,3,tralo,1,29,67,67,26,0,0.20848711562436573,0.14482758620689656,0.03473847648174245,4,2003,223,28.0,True,0.0001,0.0001,,lrc0.0001,False,27.0
dermmnist,L30_G30,RegNetY400MF,1,tralo,1,29,67,67,0,0,0.17737514090634462,0.11724137931034483,0.0788517295925368,4,2003,223,30.0,True,0.0001,0.0001,,lrc0.0001,True,29.0
dermmnist,L30_G30,RegNetY400MF,2,tralo,1,29,67,67,0,0,0.15933346851698235,0.08275862068965517,0.12708487728322942,4,2003,223,28.0,True,0.0001,0.0001,,lrc0.0001,True,27.0
dermmnist,L30_G30,RegNetY400MF,4,fioretto_ldf,1,29,67,67,52,0,0.5004014913308018,0.3448275862068966,0.6777103272506845,4,2003,223,28.0,,0.0001,0.0001,,lrc0.0001,False,29.0
dermmnist,L30_G30,RegNetY400MF,3,fioretto_ldf,1,29,67,67,51,0,0.6063083218708846,0.4,0.6362610526390272,4,2003,223,19.0,,0.0001,0.0001,,lrc0.0001,False,20.0
dermmnist,L30_G30,RegNetY400MF,1,fioretto_ldf,1,29,67,67,21,0,0.5673747534459136,0.4,0.6447995230044238,4,2003,223,20.0,,0.0001,0.0001,,lrc0.0001,True,21.0
dermmnist,L30_G30,RegNetY400MF,2,fioretto_ldf,1,29,67,67,51,0,0.5571203326042151,0.3586206896551724,0.6689971169303742,4,2003,223,18.0,,0.0001,0.0001,,lrc0.0001,False,19.0
tissuemnist,L30_G30,RegNetY400MF,4,hounie_rcl,1,29,51,51,105,0,0.3562319557558725,0.2882882882882883,0.42042992399966916,4,2400,171,28.0,,0.0001,0.0001,,lrc0.0001,False,29.0
tissuemnist,L30_G30,RegNetY400MF,3,hounie_rcl,1,29,51,51,86,0,0.4429713849593309,0.2702702702702703,0.426064875901248,4,2400,171,28.0,,0.0001,0.0001,,lrc0.0001,False,29.0
tissuemnist,L30_G30,RegNetY400MF,1,hounie_rcl,1,29,51,51,103,0,0.3865354881989905,0.27927927927927926,0.40561815923953803,4,2400,171,28.0,,0.0001,0.0001,,lrc0.0001,False,29.0
tissuemnist,L30_G30,RegNetY400MF,2,hounie_rcl,1,29,51,51,101,0,0.41595866292658606,0.2972972972972973,0.39990947208256344,4,2400,171,28.0,,0.0001,0.0001,,lrc0.0001,False,29.0
tissuemnist,L30_G30,RegNetY400MF,4,tralo,1,29,51,51,136,0,0.36359285552718557,0.2702702702702703,0.4104444797216465,4,2400,171,30.0,True,0.0001,0.0001,,lrc0.0001,False,29.0
tissuemnist,L30_G30,RegNetY400MF,3,tralo,1,29,51,51,111,0,0.4104309011286234,0.26126126126126126,0.40949972362566733,4,2400,171,30.0,True,0.0001,0.0001,,lrc0.0001,False,29.0
tissuemnist,L30_G30,RegNetY400MF,1,tralo,1,29,51,51,105,0,0.3517354705612637,0.2702702702702703,0.39547661531153033,4,2400,171,30.0,True,0.0001,0.0001,,lrc0.0001,False,29.0
tissuemnist,L30_G30,RegNetY400MF,2,tralo,1,29,51,51,123,0,0.4170239495472287,0.26126126126126126,0.40149016512146013,4,2400,171,30.0,True,0.0001,0.0001,,lrc0.0001,False,29.0
tissuemnist,L30_G30,RegNetY400MF,4,fioretto_ldf,1,29,51,51,107,0,0.38487164601217827,0.2702702702702703,0.41563952747503374,4,2400,171,28.0,,0.0001,0.0001,,lrc0.0001,False,29.0
tissuemnist,L30_G30,RegNetY400MF,3,fioretto_ldf,1,29,51,51,78,0,0.4160321002580541,0.2882882882882883,0.3888966292692315,4,2400,171,28.0,,0.0001,0.0001,,lrc0.0001,False,29.0
tissuemnist,L30_G30,RegNetY400MF,1,fioretto_ldf,1,29,51,51,74,0,0.36602478743763034,0.24324324324324326,0.4220430379136828,4,2400,171,28.0,,0.0001,0.0001,,lrc0.0001,False,29.0
tissuemnist,L30_G30,RegNetY400MF,2,fioretto_ldf,1,29,51,51,101,0,0.41595866292658606,0.2972972972972973,0.39990947208256344,4,2400,171,28.0,,0.0001,0.0001,,lrc0.0001,False,29.0
octmnist,L30_G30,RegNetY400MF,4,hounie_rcl,1,29,75,75,94,0,0.7363880807584706,0.40615384615384614,0.6973963865231367,2,1000,250,28.0,,0.0001,0.0001,,lrc0.0001,False,29.0
octmnist,L30_G30,RegNetY400MF,3,hounie_rcl,1,29,75,66,69,0,0.7309683404383006,0.4123076923076923,0.6848567588736945,2,1000,250,28.0,,0.0001,0.0001,,lrc0.0001,False,29.0
octmnist,L30_G30,RegNetY400MF,1,hounie_rcl,1,29,75,75,107,0,0.7439418154228263,0.4246153846153846,0.69349924138228,2,1000,250,28.0,,0.0001,0.0001,,lrc0.0001,False,29.0
octmnist,L30_G30,RegNetY400MF,2,hounie_rcl,1,29,75,75,108,0,0.7354033173452216,0.40615384615384614,0.6959558369892311,2,1000,250,28.0,,0.0001,0.0001,,lrc0.0001,False,29.0
octmnist,L30_G30,RegNetY400MF,4,tralo,1,29,75,75,89,0,0.7363577678094129,0.40615384615384614,0.7122116177661988,2,1000,250,30.0,True,0.0001,0.0001,,lrc0.0001,False,29.0
octmnist,L30_G30,RegNetY400MF,3,tralo,1,29,75,75,126,0,0.7009144846064651,0.38769230769230767,0.6868060638446836,2,1000,250,30.0,True,0.0001,0.0001,,lrc0.0001,False,29.0
octmnist,L30_G30,RegNetY400MF,1,tralo,1,29,75,75,121,0,0.7520266239331184,0.4246153846153846,0.7206851747787016,2,1000,250,30.0,True,0.0001,0.0001,,lrc0.0001,False,29.0
octmnist,L30_G30,RegNetY400MF,2,tralo,1,29,75,75,124,0,0.7160146073244622,0.4,0.6789038208157052,2,1000,250,30.0,True,0.0001,0.0001,,lrc0.0001,False,29.0
octmnist,L30_G30,RegNetY400MF,4,fioretto_ldf,1,29,75,75,127,0,0.7420239925268304,0.4123076923076923,0.7072122274899808,2,1000,250,28.0,,0.0001,0.0001,,lrc0.0001,False,29.0
octmnist,L30_G30,RegNetY400MF,3,fioretto_ldf,1,29,75,75,106,0,0.7169548360754253,0.4,0.7011544069233411,2,1000,250,28.0,,0.0001,0.0001,,lrc0.0001,False,29.0
octmnist,L30_G30,RegNetY400MF,1,fioretto_ldf,1,29,75,75,125,0,0.6941591535566026,0.39384615384615385,0.6946376983280925,2,1000,250,28.0,,0.0001,0.0001,,lrc0.0001,False,29.0
octmnist,L30_G30,RegNetY400MF,2,fioretto_ldf,1,29,75,57,57,1,0.6921825660756759,0.40615384615384614,0.6748218784147764,2,1000,250,28.0,,0.0001,0.0001,,lrc0.0001,False,29.0
dermmnist,L50_G50,RegNetY400MF,4,hounie_rcl,1,29,112,111,16,0,0.5026997410940586,0.46107784431137727,0.652774993303165,4,2003,223,25.0,,0.0001,0.0001,,lrc0.0001,True,26.0
dermmnist,L50_G50,RegNetY400MF,3,hounie_rcl,1,29,112,111,28,0,0.5308312386335917,0.46706586826347307,0.6878995980902278,4,2003,223,25.0,,0.0001,0.0001,,lrc0.0001,True,26.0
dermmnist,L50_G50,RegNetY400MF,1,hounie_rcl,1,29,112,111,42,0,0.5129203106947028,0.4550898203592814,0.5938830807998067,4,2003,223,23.0,,0.0001,0.0001,,lrc0.0001,False,24.0
dermmnist,L50_G50,RegNetY400MF,2,hounie_rcl,1,29,112,111,34,0,0.5211105933433501,0.46107784431137727,0.6851637832017671,4,2003,223,28.0,,0.0001,0.0001,,lrc0.0001,True,29.0
dermmnist,L50_G50,RegNetY400MF,4,tralo,1,29,112,111,0,0,0.12298710130749974,0.05389221556886228,0.12311579395228367,4,2003,223,29.0,True,0.0001,0.0001,,lrc0.0001,True,28.0
dermmnist,L50_G50,RegNetY400MF,3,tralo,1,29,112,111,0,0,0.10469021939197323,0.0718562874251497,0.10240631299246951,4,2003,223,29.0,True,0.0001,0.0001,,lrc0.0001,True,28.0
dermmnist,L50_G50,RegNetY400MF,1,tralo,1,29,112,111,12,0,0.12536184997925404,0.09580838323353294,0.09983848641417224,4,2003,223,26.0,True,0.0001,0.0001,,lrc0.0001,True,25.0
dermmnist,L50_G50,RegNetY400MF,2,tralo,1,29,112,111,1,0,0.15901742280013337,0.15568862275449102,0.13739301477465732,4,2003,223,28.0,True,0.0001,0.0001,,lrc0.0001,True,27.0
dermmnist,L50_G50,RegNetY400MF,4,fioretto_ldf,1,29,112,111,99,0,0.5969347987551573,0.46706586826347307,0.7014275466195878,4,2003,223,18.0,,0.0001,0.0001,,lrc0.0001,False,19.0
dermmnist,L50_G50,RegNetY400MF,3,fioretto_ldf,1,29,112,111,48,0,0.6050725719671165,0.5149700598802395,0.6656308157008687,4,2003,223,20.0,,0.0001,0.0001,,lrc0.0001,False,21.0
dermmnist,L50_G50,RegNetY400MF,1,fioretto_ldf,1,29,112,111,91,0,0.6183982790447494,0.49700598802395207,0.6627633199498756,4,2003,223,19.0,,0.0001,0.0001,,lrc0.0001,False,20.0
dermmnist,L50_G50,RegNetY400MF,2,fioretto_ldf,1,29,112,111,69,0,0.618833706892146,0.49101796407185627,0.6852589485616668,4,2003,223,21.0,,0.0001,0.0001,,lrc0.0001,False,22.0
tissuemnist,L50_G50,RegNetY400MF,4,hounie_rcl,1,29,86,86,102,0,0.3541704193938009,0.32684824902723736,0.4412896492185993,4,2400,171,28.0,,0.0001,0.0001,,lrc0.0001,False,29.0
tissuemnist,L50_G50,RegNetY400MF,3,hounie_rcl,1,29,86,86,93,0,0.4244925949660376,0.35797665369649806,0.4059285422489417,4,2400,171,28.0,,0.0001,0.0001,,lrc0.0001,False,29.0
tissuemnist,L50_G50,RegNetY400MF,1,hounie_rcl,1,29,86,86,81,0,0.3585065445090276,0.311284046692607,0.3816582329117909,4,2400,171,28.0,,0.0001,0.0001,,lrc0.0001,False,29.0
tissuemnist,L50_G50,RegNetY400MF,2,hounie_rcl,1,29,86,86,101,0,0.41595866292658606,0.35797665369649806,0.4020501471992479,4,2400,171,28.0,,0.0001,0.0001,,lrc0.0001,False,29.0
tissuemnist,L50_G50,RegNetY400MF,4,tralo,1,29,86,86,91,0,0.3578201538927332,0.35797665369649806,0.4147074353451754,4,2400,171,30.0,True,0.0001,0.0001,,lrc0.0001,False,29.0
tissuemnist,L50_G50,RegNetY400MF,3,tralo,1,29,86,86,82,0,0.333484059597683,0.311284046692607,0.4379547484434856,4,2400,171,30.0,True,0.0001,0.0001,,lrc0.0001,False,29.0
tissuemnist,L50_G50,RegNetY400MF,1,tralo,1,29,86,86,100,0,0.3974722289625047,0.35797665369649806,0.4311589986920036,4,2400,171,30.0,True,0.0001,0.0001,,lrc0.0001,False,29.0
tissuemnist,L50_G50,RegNetY400MF,2,tralo,1,29,86,86,114,0,0.4229122626676135,0.3346303501945525,0.41373178358270757,4,2400,171,30.0,True,0.0001,0.0001,,lrc0.0001,False,29.0
tissuemnist,L50_G50,RegNetY400MF,4,fioretto_ldf,1,29,86,86,107,0,0.38487164601217827,0.35019455252918286,0.4270067046494453,4,2400,171,28.0,,0.0001,0.0001,,lrc0.0001,False,29.0
tissuemnist,L50_G50,RegNetY400MF,3,fioretto_ldf,1,29,86,86,78,0,0.4160321002580541,0.38132295719844356,0.40159907188527083,4,2400,171,28.0,,0.0001,0.0001,,lrc0.0001,False,29.0
tissuemnist,L50_G50,RegNetY400MF,1,fioretto_ldf,1,29,86,86,74,0,0.36602478743763034,0.29571984435797666,0.42797086515881944,4,2400,171,28.0,,0.0001,0.0001,,lrc0.0001,False,29.0
tissuemnist,L50_G50,RegNetY400MF,2,fioretto_ldf,1,29,86,86,101,0,0.41595866292658606,0.35797665369649806,0.4020501471992479,4,2400,171,28.0,,0.0001,0.0001,,lrc0.0001,False,29.0
octmnist,L50_G50,RegNetY400MF,4,hounie_rcl,1,29,125,125,99,0,0.7252840383350404,0.544,0.7346271071782869,2,1000,250,28.0,,0.0001,0.0001,,lrc0.0001,False,29.0
octmnist,L50_G50,RegNetY400MF,3,hounie_rcl,1,29,125,125,115,0,0.6970791274014569,0.5333333333333333,0.7154656399099769,2,1000,250,28.0,,0.0001,0.0001,,lrc0.0001,False,29.0
octmnist,L50_G50,RegNetY400MF,1,hounie_rcl,1,29,125,125,135,0,0.6936655776390206,0.512,0.7106984289646607,2,1000,250,28.0,,0.0001,0.0001,,lrc0.0001,False,29.0
octmnist,L50_G50,RegNetY400MF,2,hounie_rcl,1,29,125,125,111,0,0.7359659590527486,0.5333333333333333,0.7297175630972639,2,1000,250,28.0,,0.0001,0.0001,,lrc0.0001,False,29.0
octmnist,L50_G50,RegNetY400MF,4,tralo,1,29,125,125,112,0,0.7575557892552348,0.5546666666666666,0.7268513769538416,2,1000,250,30.0,True,0.0001,0.0001,,lrc0.0001,False,29.0
octmnist,L50_G50,RegNetY400MF,3,tralo,1,29,125,125,109,0,0.6989346154196986,0.544,0.7452694744617822,2,1000,250,30.0,True,0.0001,0.0001,,lrc0.0001,False,29.0
octmnist,L50_G50,RegNetY400MF,1,tralo,1,29,125,125,110,0,0.7562600735270854,0.5706666666666667,0.77123868065282,2,1000,250,30.0,True,0.0001,0.0001,,lrc0.0001,False,29.0
octmnist,L50_G50,RegNetY400MF,2,tralo,1,29,125,125,101,0,0.6972478198434332,0.5226666666666666,0.729010974075783,2,1000,250,30.0,True,0.0001,0.0001,,lrc0.0001,False,29.0
octmnist,L50_G50,RegNetY400MF,4,fioretto_ldf,1,29,125,125,110,0,0.6985667867227979,0.512,0.6881611554736555,2,1000,250,28.0,,0.0001,0.0001,,lrc0.0001,False,29.0
octmnist,L50_G50,RegNetY400MF,3,fioretto_ldf,1,29,125,125,116,0,0.6524936729647852,0.5013333333333333,0.7157342353049445,2,1000,250,28.0,,0.0001,0.0001,,lrc0.0001,False,29.0
octmnist,L50_G50,RegNetY400MF,1,fioretto_ldf,1,29,125,125,134,0,0.7502314134286019,0.576,0.7724880231368154,2,1000,250,28.0,,0.0001,0.0001,,lrc0.0001,False,29.0
octmnist,L50_G50,RegNetY400MF,2,fioretto_ldf,1,29,125,125,81,0,0.7711450729600202,0.5546666666666666,0.754878553534144,2,1000,250,28.0,,0.0001,0.0001,,lrc0.0001,False,29.0
dermmnist,L30_G30,MobileNetV3,4,hounie_rcl,1,29,67,67,25,0,0.44334112674430176,0.31724137931034485,0.5971197071528221,4,2003,223,26.0,,0.0001,0.0001,,lrc0.0001,False,27.0
dermmnist,L30_G30,MobileNetV3,3,hounie_rcl,1,29,67,67,18,0,0.5486722039019932,0.3793103448275862,0.6802899869835946,4,2003,223,21.0,,0.0001,0.0001,,lrc0.0001,True,22.0
dermmnist,L30_G30,MobileNetV3,1,hounie_rcl,1,29,67,67,16,0,0.5068057641748468,0.3310344827586207,0.6525260774790133,4,2003,223,27.0,,0.0001,0.0001,,lrc0.0001,True,28.0
dermmnist,L30_G30,MobileNetV3,2,hounie_rcl,1,29,67,67,28,0,0.43485538652617683,0.33793103448275863,0.7004964515777842,4,2003,223,28.0,,0.0001,0.0001,,lrc0.0001,False,29.0
dermmnist,L30_G30,MobileNetV3,4,tralo,1,29,67,67,1,0,0.24219784038195633,0.15172413793103448,0.17503233194293916,4,2003,223,23.0,True,0.0001,0.0001,,lrc0.0001,True,22.0
dermmnist,L30_G30,MobileNetV3,3,tralo,1,29,67,67,11,0,0.41525404585079156,0.32413793103448274,0.6443443939260947,4,2003,223,22.0,True,0.0001,0.0001,,lrc0.0001,True,21.0
dermmnist,L30_G30,MobileNetV3,1,tralo,1,29,67,67,4,0,0.2489785572981033,0.1793103448275862,0.3899443504996513,4,2003,223,27.0,True,0.0001,0.0001,,lrc0.0001,True,26.0
dermmnist,L30_G30,MobileNetV3,2,tralo,1,29,67,67,22,0,0.5354725637117137,0.4068965517241379,0.698362210862129,4,2003,223,23.0,True,0.0001,0.0001,,lrc0.0001,True,22.0
dermmnist,L30_G30,MobileNetV3,4,fioretto_ldf,1,29,67,67,57,0,0.5923911134100882,0.3793103448275862,0.6795426535199438,4,2003,223,22.0,,0.0001,0.0001,,lrc0.0001,False,23.0
dermmnist,L30_G30,MobileNetV3,3,fioretto_ldf,1,29,67,67,34,0,0.5516436037750767,0.3448275862068966,0.6622443743759899,4,2003,223,21.0,,0.0001,0.0001,,lrc0.0001,False,22.0
dermmnist,L30_G30,MobileNetV3,1,fioretto_ldf,1,29,67,67,39,0,0.557781578181268,0.3931034482758621,0.6837560193962464,4,2003,223,25.0,,0.0001,0.0001,,lrc0.0001,False,26.0
dermmnist,L30_G30,MobileNetV3,2,fioretto_ldf,1,29,67,67,23,0,0.5539393406932882,0.3793103448275862,0.7036070437278547,4,2003,223,22.0,,0.0001,0.0001,,lrc0.0001,False,23.0
tissuemnist,L30_G30,MobileNetV3,4,hounie_rcl,1,29,51,51,47,0,0.3808957268250199,0.2702702702702703,0.36949761740680337,4,2400,171,28.0,,0.0001,0.0001,,lrc0.0001,False,29.0
tissuemnist,L30_G30,MobileNetV3,3,hounie_rcl,1,29,51,51,53,0,0.37836715294566153,0.2702702702702703,0.3676691044795339,4,2400,171,28.0,,0.0001,0.0001,,lrc0.0001,False,29.0
tissuemnist,L30_G30,MobileNetV3,1,hounie_rcl,1,29,51,51,35,0,0.3954645792438441,0.2882882882882883,0.271492375243205,4,2400,171,28.0,,0.0001,0.0001,,lrc0.0001,False,29.0
tissuemnist,L30_G30,MobileNetV3,2,hounie_rcl,1,29,51,51,80,0,0.36162257750423865,0.25225225225225223,0.4047882685544954,4,2400,171,28.0,,0.0001,0.0001,,lrc0.0001,False,29.0
tissuemnist,L30_G30,MobileNetV3,4,tralo,1,29,51,51,42,0,0.42230281926866087,0.2882882882882883,0.4375330829037124,4,2400,171,30.0,True,0.0001,0.0001,,lrc0.0001,False,29.0
tissuemnist,L30_G30,MobileNetV3,3,tralo,1,29,51,51,36,0,0.3267056656925248,0.26126126126126126,0.3985405801876154,4,2400,171,30.0,True,0.0001,0.0001,,lrc0.0001,False,29.0
tissuemnist,L30_G30,MobileNetV3,1,tralo,1,29,51,51,35,0,0.3954645792438441,0.2882882882882883,0.271492375243205,4,2400,171,30.0,True,0.0001,0.0001,,lrc0.0001,False,29.0
tissuemnist,L30_G30,MobileNetV3,2,tralo,1,29,51,51,73,0,0.444779157439954,0.32432432432432434,0.3874301069042014,4,2400,171,30.0,True,0.0001,0.0001,,lrc0.0001,False,29.0
tissuemnist,L30_G30,MobileNetV3,4,fioretto_ldf,1,29,51,51,44,0,0.3860343293557206,0.26126126126126126,0.41451507129834697,4,2400,171,28.0,,0.0001,0.0001,,lrc0.0001,False,29.0
tissuemnist,L30_G30,MobileNetV3,3,fioretto_ldf,1,29,51,51,20,0,0.25884573543613204,0.1981981981981982,0.37030025242508224,4,2400,171,28.0,,0.0001,0.0001,,lrc0.0001,False,29.0
tissuemnist,L30_G30,MobileNetV3,1,fioretto_ldf,1,29,51,51,35,0,0.3954645792438441,0.2882882882882883,0.271492375243205,4,2400,171,28.0,,0.0001,0.0001,,lrc0.0001,False,29.0
tissuemnist,L30_G30,MobileNetV3,2,fioretto_ldf,1,29,51,51,55,0,0.3406587642309829,0.23423423423423423,0.37761692369750366,4,2400,171,28.0,,0.0001,0.0001,,lrc0.0001,False,29.0
octmnist,L30_G30,MobileNetV3,4,hounie_rcl,1,29,75,75,92,0,0.7294685944169343,0.41846153846153844,0.7115720995194944,2,1000,250,28.0,,0.0001,0.0001,,lrc0.0001,False,29.0
octmnist,L30_G30,MobileNetV3,3,hounie_rcl,1,29,75,75,92,0,0.7862795066722891,0.4307692307692308,0.6987212623182766,2,1000,250,28.0,,0.0001,0.0001,,lrc0.0001,False,29.0
octmnist,L30_G30,MobileNetV3,1,hounie_rcl,1,29,75,74,78,0,0.6724310077809804,0.41846153846153844,0.7203785202255159,2,1000,250,28.0,,0.0001,0.0001,,lrc0.0001,False,29.0
octmnist,L30_G30,MobileNetV3,2,hounie_rcl,1,29,75,75,83,0,0.7709434517479001,0.4430769230769231,0.7277579902302982,2,1000,250,28.0,,0.0001,0.0001,,lrc0.0001,False,29.0
octmnist,L30_G30,MobileNetV3,4,tralo,1,29,75,71,73,0,0.797656133267915,0.4492307692307692,0.6930621021481339,2,1000,250,30.0,True,0.0001,0.0001,,lrc0.0001,False,29.0
octmnist,L30_G30,MobileNetV3,3,tralo,1,29,75,47,47,1,0.7688488656529678,0.4369230769230769,0.6860671193482567,2,1000,250,30.0,True,0.0001,0.0001,,lrc0.0001,False,29.0
octmnist,L30_G30,MobileNetV3,1,tralo,1,29,75,42,42,1,0.6369146177540105,0.41846153846153844,0.7075015926393828,2,1000,250,30.0,True,0.0001,0.0001,,lrc0.0001,False,29.0
octmnist,L30_G30,MobileNetV3,2,tralo,1,29,75,55,55,1,0.7359002455600738,0.4369230769230769,0.7273981925712102,2,1000,250,30.0,True,0.0001,0.0001,,lrc0.0001,False,29.0
octmnist,L30_G30,MobileNetV3,4,fioretto_ldf,1,29,75,42,42,1,0.7812688709961337,0.4369230769230769,0.6872786123162394,2,1000,250,28.0,,0.0001,0.0001,,lrc0.0001,False,29.0
octmnist,L30_G30,MobileNetV3,3,fioretto_ldf,1,29,75,75,102,0,0.768791431185973,0.4369230769230769,0.721318402795267,2,1000,250,28.0,,0.0001,0.0001,,lrc0.0001,False,29.0
octmnist,L30_G30,MobileNetV3,1,fioretto_ldf,1,29,75,65,67,0,0.7996058204591205,0.4553846153846154,0.7156206108573397,2,1000,250,28.0,,0.0001,0.0001,,lrc0.0001,False,29.0
octmnist,L30_G30,MobileNetV3,2,fioretto_ldf,1,29,75,67,67,1,0.8113992231442291,0.4492307692307692,0.7123050810234628,2,1000,250,28.0,,0.0001,0.0001,,lrc0.0001,False,29.0
dermmnist,L50_G50,MobileNetV3,4,hounie_rcl,1,29,112,111,52,0,0.5235007484841816,0.4491017964071856,0.6120485289437388,4,2003,223,27.0,,0.0001,0.0001,,lrc0.0001_noceskip,False,28.0
dermmnist,L50_G50,MobileNetV3,3,hounie_rcl,1,29,112,111,38,0,0.564949066665863,0.48502994011976047,0.6918938892402204,4,2003,223,24.0,,0.0001,0.0001,,lrc0.0001_noceskip,False,25.0
dermmnist,L50_G50,MobileNetV3,1,hounie_rcl,1,29,112,111,54,0,0.48416291677517437,0.40119760479041916,0.6167989363569445,4,2003,223,28.0,,0.0001,0.0001,,lrc0.0001_noceskip,False,29.0
dermmnist,L50_G50,MobileNetV3,2,hounie_rcl,1,29,112,111,71,0,0.6082769508687245,0.5089820359281437,0.7112030763810243,4,2003,223,28.0,,0.0001,0.0001,,lrc0.0001_noceskip,False,29.0
dermmnist,L50_G50,MobileNetV3,4,tralo,1,29,112,111,66,0,0.6431543255398516,0.5389221556886228,0.7340865626018778,4,2003,223,30.0,False,0.0001,0.0001,,lrc0.0001_noceskip,False,29.0
dermmnist,L50_G50,MobileNetV3,3,tralo,1,29,112,111,99,0,0.6558994453298156,0.5508982035928144,0.7224192154795624,4,2003,223,30.0,False,0.0001,0.0001,,lrc0.0001_noceskip,False,29.0
dermmnist,L50_G50,MobileNetV3,1,tralo,1,29,112,111,80,0,0.6335067813669428,0.5568862275449101,0.7356062435619075,4,2003,223,30.0,False,0.0001,0.0001,,lrc0.0001_noceskip,False,29.0
dermmnist,L50_G50,MobileNetV3,2,tralo,1,29,112,111,95,0,0.6591550666068976,0.5449101796407185,0.7296964057088103,4,2003,223,30.0,False,0.0001,0.0001,,lrc0.0001_noceskip,False,29.0
dermmnist,L50_G50,MobileNetV3,4,fioretto_ldf,1,29,112,111,97,0,0.635610149084322,0.5389221556886228,0.7095523572121492,4,2003,223,20.0,,0.0001,0.0001,,lrc0.0001_noceskip,False,21.0
dermmnist,L50_G50,MobileNetV3,3,fioretto_ldf,1,29,112,111,76,0,0.6254235776780518,0.5029940119760479,0.6990448327160275,4,2003,223,19.0,,0.0001,0.0001,,lrc0.0001_noceskip,False,20.0
dermmnist,L50_G50,MobileNetV3,1,fioretto_ldf,1,29,112,111,78,0,0.6420835526670444,0.5329341317365269,0.7261095197055006,4,2003,223,23.0,,0.0001,0.0001,,lrc0.0001_noceskip,False,24.0
dermmnist,L50_G50,MobileNetV3,2,fioretto_ldf,1,29,112,111,110,0,0.6517579261994727,0.5449101796407185,0.740374871845398,4,2003,223,28.0,,0.0001,0.0001,,lrc0.0001_noceskip,False,29.0
tissuemnist,L50_G50,MobileNetV3,4,hounie_rcl,1,29,86,86,85,0,0.27084350661726264,0.28793774319066145,0.37901328519302907,4,2400,171,28.0,,0.0001,0.0001,,lrc0.0001_noceskip,False,29.0
tissuemnist,L50_G50,MobileNetV3,3,hounie_rcl,1,29,86,86,54,0,0.231607236675273,0.25680933852140075,0.3645388072604549,4,2400,171,28.0,,0.0001,0.0001,,lrc0.0001_noceskip,False,29.0
tissuemnist,L50_G50,MobileNetV3,1,hounie_rcl,1,29,86,86,35,0,0.3954645792438441,0.32684824902723736,0.27474906710701075,4,2400,171,28.0,,0.0001,0.0001,,lrc0.0001_noceskip,False,29.0
tissuemnist,L50_G50,MobileNetV3,2,hounie_rcl,1,29,86,86,81,0,0.337777312890084,0.29571984435797666,0.41055610987454183,4,2400,171,28.0,,0.0001,0.0001,,lrc0.0001_noceskip,False,29.0
tissuemnist,L50_G50,MobileNetV3,4,tralo,1,29,86,86,68,0,0.3278875194271938,0.29571984435797666,0.3751837811220321,4,2400,171,30.0,False,0.0001,0.0001,,lrc0.0001_noceskip,False,29.0
tissuemnist,L50_G50,MobileNetV3,3,tralo,1,29,86,86,63,0,0.3976203801948647,0.3346303501945525,0.39859429069232244,4,2400,171,5.0,False,0.0001,0.0001,,lrc0.0001_noceskip,False,4.0
tissuemnist,L50_G50,MobileNetV3,1,tralo,1,29,86,86,46,0,0.41318960123149534,0.35019455252918286,0.41751776144966934,4,2400,171,30.0,False,0.0001,0.0001,,lrc0.0001_noceskip,False,29.0
tissuemnist,L50_G50,MobileNetV3,2,tralo,1,29,86,86,58,0,0.42791533550486804,0.38910505836575876,0.4118772349360842,4,2400,171,30.0,False,0.0001,0.0001,,lrc0.0001_noceskip,False,29.0
tissuemnist,L50_G50,MobileNetV3,4,fioretto_ldf,1,29,86,86,77,0,0.3111756289946287,0.31906614785992216,0.36955405373449907,4,2400,171,28.0,,0.0001,0.0001,,lrc0.0001_noceskip,False,29.0
tissuemnist,L50_G50,MobileNetV3,3,fioretto_ldf,1,29,86,86,66,0,0.34349446917416493,0.311284046692607,0.3775104919125395,4,2400,171,28.0,,0.0001,0.0001,,lrc0.0001_noceskip,False,29.0
tissuemnist,L50_G50,MobileNetV3,1,fioretto_ldf,1,29,86,86,61,0,0.28715025236541913,0.29571984435797666,0.4086211436538096,4,2400,171,28.0,,0.0001,0.0001,,lrc0.0001_noceskip,False,29.0
tissuemnist,L50_G50,MobileNetV3,2,fioretto_ldf,1,29,86,86,83,0,0.3616882355063031,0.3424124513618677,0.38541431936783027,4,2400,171,28.0,,0.0001,0.0001,,lrc0.0001_noceskip,False,29.0
octmnist,L50_G50,MobileNetV3,4,hounie_rcl,1,29,125,125,64,0,0.8223765465515465,0.6186666666666667,0.7865658664129185,2,1000,250,28.0,,0.0001,0.0001,,lrc0.0001_noceskip,False,29.0
octmnist,L50_G50,MobileNetV3,3,hounie_rcl,1,29,125,125,86,0,0.7534063613721464,0.5706666666666667,0.73790534964568,2,1000,250,28.0,,0.0001,0.0001,,lrc0.0001_noceskip,False,29.0
octmnist,L50_G50,MobileNetV3,1,hounie_rcl,1,29,125,125,96,0,0.7869481365119021,0.5973333333333334,0.7278064789015896,2,1000,250,28.0,,0.0001,0.0001,,lrc0.0001_noceskip,False,29.0
octmnist,L50_G50,MobileNetV3,2,hounie_rcl,1,29,125,125,113,0,0.8264072779293988,0.6133333333333333,0.7766215903763518,2,1000,250,28.0,,0.0001,0.0001,,lrc0.0001_noceskip,False,29.0
octmnist,L50_G50,MobileNetV3,4,tralo,1,29,125,125,122,0,0.8286873641921993,0.608,0.7851120818260916,2,1000,250,30.0,False,0.0001,0.0001,,lrc0.0001_noceskip,False,29.0
octmnist,L50_G50,MobileNetV3,3,tralo,1,29,125,125,108,0,0.8145282858354329,0.5973333333333334,0.7798023054399704,2,1000,250,30.0,False,0.0001,0.0001,,lrc0.0001_noceskip,False,29.0
octmnist,L50_G50,MobileNetV3,1,tralo,1,29,125,125,103,0,0.7709309982736356,0.576,0.7270758304154319,2,1000,250,30.0,False,0.0001,0.0001,,lrc0.0001_noceskip,False,29.0
octmnist,L50_G50,MobileNetV3,2,tralo,1,29,125,125,99,0,0.7560338499848368,0.544,0.7354825864860565,2,1000,250,30.0,False,0.0001,0.0001,,lrc0.0001_noceskip,False,29.0
octmnist,L50_G50,MobileNetV3,4,fioretto_ldf,1,29,125,125,117,0,0.8121980585359813,0.592,0.7789671003792058,2,1000,250,28.0,,0.0001,0.0001,,lrc0.0001_noceskip,False,29.0
octmnist,L50_G50,MobileNetV3,3,fioretto_ldf,1,29,125,125,111,0,0.7651043720875812,0.5653333333333334,0.7401553927277432,2,1000,250,28.0,,0.0001,0.0001,,lrc0.0001_noceskip,False,29.0
octmnist,L50_G50,MobileNetV3,1,fioretto_ldf,1,29,125,125,108,0,0.7215008445074367,0.5333333333333333,0.7363432394430335,2,1000,250,28.0,,0.0001,0.0001,,lrc0.0001_noceskip,False,29.0
octmnist,L50_G50,MobileNetV3,2,fioretto_ldf,1,29,125,125,111,0,0.8295688576114865,0.6186666666666667,0.784711012564671,2,1000,250,28.0,,0.0001,0.0001,,lrc0.0001_noceskip,False,29.0
dermmnist,L30_G30,RegNetY400MF,4,hounie_rcl,1,29,67,67,9,0,0.34403368993858147,0.2827586206896552,0.5804516055245933,4,2003,223,25.0,,0.0001,0.0001,,lrc0.0001_noceskip,True,26.0
dermmnist,L30_G30,RegNetY400MF,3,hounie_rcl,1,29,67,67,8,0,0.37381258850952215,0.2689655172413793,0.6097409135685086,4,2003,223,20.0,,0.0001,0.0001,,lrc0.0001_noceskip,True,21.0
dermmnist,L30_G30,RegNetY400MF,1,hounie_rcl,1,29,67,67,16,0,0.5090260122722069,0.3586206896551724,0.6489867752201384,4,2003,223,28.0,,0.0001,0.0001,,lrc0.0001_noceskip,True,29.0
dermmnist,L30_G30,RegNetY400MF,2,hounie_rcl,1,29,67,67,5,0,0.36470269415610734,0.2413793103448276,0.6157227653644753,4,2003,223,24.0,,0.0001,0.0001,,lrc0.0001_noceskip,True,25.0
dermmnist,L30_G30,RegNetY400MF,4,tralo,1,29,67,67,90,0,0.6007235320556298,0.3931034482758621,0.7029446374348323,4,2003,223,30.0,False,0.0001,0.0001,,lrc0.0001_noceskip,False,29.0
dermmnist,L30_G30,RegNetY400MF,3,tralo,1,29,67,67,96,0,0.6039074658861605,0.4068965517241379,0.6103296415670602,4,2003,223,30.0,False,0.0001,0.0001,,lrc0.0001_noceskip,False,29.0
dermmnist,L30_G30,RegNetY400MF,1,tralo,1,29,67,67,124,0,0.6965820998089212,0.43448275862068964,0.6977928217742075,4,2003,223,30.0,False,0.0001,0.0001,,lrc0.0001_noceskip,False,29.0
dermmnist,L30_G30,RegNetY400MF,2,tralo,1,29,67,67,152,0,0.6376213629758776,0.38620689655172413,0.6503114442823917,4,2003,223,30.0,False,0.0001,0.0001,,lrc0.0001_noceskip,False,29.0
dermmnist,L30_G30,RegNetY400MF,4,fioretto_ldf,1,29,67,67,52,0,0.5004014913308018,0.3448275862068966,0.6777103272506845,4,2003,223,28.0,,0.0001,0.0001,,lrc0.0001_noceskip,False,29.0
dermmnist,L30_G30,RegNetY400MF,3,fioretto_ldf,1,29,67,67,51,0,0.6063083218708846,0.4,0.6362610526390272,4,2003,223,19.0,,0.0001,0.0001,,lrc0.0001_noceskip,False,20.0
dermmnist,L30_G30,RegNetY400MF,1,fioretto_ldf,1,29,67,67,21,0,0.5673747534459136,0.4,0.6447995230044238,4,2003,223,20.0,,0.0001,0.0001,,lrc0.0001_noceskip,True,21.0
dermmnist,L30_G30,RegNetY400MF,2,fioretto_ldf,1,29,67,67,51,0,0.5571203326042151,0.3586206896551724,0.6689971169303742,4,2003,223,18.0,,0.0001,0.0001,,lrc0.0001_noceskip,False,19.0
tissuemnist,L30_G30,RegNetY400MF,4,hounie_rcl,1,29,51,51,105,0,0.3562319557558725,0.2882882882882883,0.42042992399966916,4,2400,171,28.0,,0.0001,0.0001,,lrc0.0001_noceskip,False,29.0
tissuemnist,L30_G30,RegNetY400MF,3,hounie_rcl,1,29,51,51,86,0,0.4429713849593309,0.2702702702702703,0.426064875901248,4,2400,171,28.0,,0.0001,0.0001,,lrc0.0001_noceskip,False,29.0
tissuemnist,L30_G30,RegNetY400MF,1,hounie_rcl,1,29,51,51,103,0,0.3865354881989905,0.27927927927927926,0.40561815923953803,4,2400,171,28.0,,0.0001,0.0001,,lrc0.0001_noceskip,False,29.0
tissuemnist,L30_G30,RegNetY400MF,2,hounie_rcl,1,29,51,51,101,0,0.41595866292658606,0.2972972972972973,0.39990947208256344,4,2400,171,28.0,,0.0001,0.0001,,lrc0.0001_noceskip,False,29.0
tissuemnist,L30_G30,RegNetY400MF,4,tralo,1,29,51,51,136,0,0.36359285552718557,0.2702702702702703,0.4104444797216465,4,2400,171,30.0,False,0.0001,0.0001,,lrc0.0001_noceskip,False,29.0
tissuemnist,L30_G30,RegNetY400MF,3,tralo,1,29,51,51,111,0,0.4104309011286234,0.26126126126126126,0.40949972362566733,4,2400,171,30.0,False,0.0001,0.0001,,lrc0.0001_noceskip,False,29.0
tissuemnist,L30_G30,RegNetY400MF,1,tralo,1,29,51,51,105,0,0.3517354705612637,0.2702702702702703,0.39547661531153033,4,2400,171,30.0,False,0.0001,0.0001,,lrc0.0001_noceskip,False,29.0
tissuemnist,L30_G30,RegNetY400MF,2,tralo,1,29,51,51,123,0,0.4170239495472287,0.26126126126126126,0.40149016512146013,4,2400,171,30.0,False,0.0001,0.0001,,lrc0.0001_noceskip,False,29.0
tissuemnist,L30_G30,RegNetY400MF,4,fioretto_ldf,1,29,51,51,107,0,0.38487164601217827,0.2702702702702703,0.41563952747503374,4,2400,171,28.0,,0.0001,0.0001,,lrc0.0001_noceskip,False,29.0
tissuemnist,L30_G30,RegNetY400MF,3,fioretto_ldf,1,29,51,51,78,0,0.4160321002580541,0.2882882882882883,0.3888966292692315,4,2400,171,28.0,,0.0001,0.0001,,lrc0.0001_noceskip,False,29.0
tissuemnist,L30_G30,RegNetY400MF,1,fioretto_ldf,1,29,51,51,74,0,0.36602478743763034,0.24324324324324326,0.4220430379136828,4,2400,171,28.0,,0.0001,0.0001,,lrc0.0001_noceskip,False,29.0
tissuemnist,L30_G30,RegNetY400MF,2,fioretto_ldf,1,29,51,51,101,0,0.41595866292658606,0.2972972972972973,0.39990947208256344,4,2400,171,28.0,,0.0001,0.0001,,lrc0.0001_noceskip,False,29.0
octmnist,L30_G30,RegNetY400MF,4,hounie_rcl,1,29,75,75,94,0,0.7363880807584706,0.40615384615384614,0.6973963865231367,2,1000,250,28.0,,0.0001,0.0001,,lrc0.0001_noceskip,False,29.0
octmnist,L30_G30,RegNetY400MF,3,hounie_rcl,1,29,75,66,69,0,0.7309683404383006,0.4123076923076923,0.6848567588736945,2,1000,250,28.0,,0.0001,0.0001,,lrc0.0001_noceskip,False,29.0
octmnist,L30_G30,RegNetY400MF,1,hounie_rcl,1,29,75,75,107,0,0.7439418154228263,0.4246153846153846,0.69349924138228,2,1000,250,28.0,,0.0001,0.0001,,lrc0.0001_noceskip,False,29.0
octmnist,L30_G30,RegNetY400MF,2,hounie_rcl,1,29,75,75,108,0,0.7354033173452216,0.40615384615384614,0.6959558369892311,2,1000,250,28.0,,0.0001,0.0001,,lrc0.0001_noceskip,False,29.0
octmnist,L30_G30,RegNetY400MF,4,tralo,1,29,75,75,89,0,0.7363577678094129,0.40615384615384614,0.7122116177661988,2,1000,250,30.0,False,0.0001,0.0001,,lrc0.0001_noceskip,False,29.0
octmnist,L30_G30,RegNetY400MF,3,tralo,1,29,75,75,126,0,0.7009144846064651,0.38769230769230767,0.6868060638446836,2,1000,250,30.0,False,0.0001,0.0001,,lrc0.0001_noceskip,False,29.0
octmnist,L30_G30,RegNetY400MF,1,tralo,1,29,75,75,121,0,0.7520266239331184,0.4246153846153846,0.7206851747787016,2,1000,250,30.0,False,0.0001,0.0001,,lrc0.0001_noceskip,False,29.0
octmnist,L30_G30,RegNetY400MF,2,tralo,1,29,75,75,124,0,0.7160146073244622,0.4,0.6789038208157052,2,1000,250,30.0,False,0.0001,0.0001,,lrc0.0001_noceskip,False,29.0
octmnist,L30_G30,RegNetY400MF,4,fioretto_ldf,1,29,75,75,127,0,0.7420239925268304,0.4123076923076923,0.7072122274899808,2,1000,250,28.0,,0.0001,0.0001,,lrc0.0001_noceskip,False,29.0
octmnist,L30_G30,RegNetY400MF,3,fioretto_ldf,1,29,75,75,106,0,0.7169548360754253,0.4,0.7011544069233411,2,1000,250,28.0,,0.0001,0.0001,,lrc0.0001_noceskip,False,29.0
octmnist,L30_G30,RegNetY400MF,1,fioretto_ldf,1,29,75,75,125,0,0.6941591535566026,0.39384615384615385,0.6946376983280925,2,1000,250,28.0,,0.0001,0.0001,,lrc0.0001_noceskip,False,29.0
octmnist,L30_G30,RegNetY400MF,2,fioretto_ldf,1,29,75,57,57,1,0.6921825660756759,0.40615384615384614,0.6748218784147764,2,1000,250,28.0,,0.0001,0.0001,,lrc0.0001_noceskip,False,29.0
dermmnist,L50_G50,RegNetY400MF,4,hounie_rcl,1,29,112,111,16,0,0.5026997410940586,0.46107784431137727,0.652774993303165,4,2003,223,25.0,,0.0001,0.0001,,lrc0.0001_noceskip,True,26.0
dermmnist,L50_G50,RegNetY400MF,3,hounie_rcl,1,29,112,111,28,0,0.5308312386335917,0.46706586826347307,0.6878995980902278,4,2003,223,25.0,,0.0001,0.0001,,lrc0.0001_noceskip,True,26.0
dermmnist,L50_G50,RegNetY400MF,1,hounie_rcl,1,29,112,111,42,0,0.5129203106947028,0.4550898203592814,0.5938830807998067,4,2003,223,23.0,,0.0001,0.0001,,lrc0.0001_noceskip,False,24.0
dermmnist,L50_G50,RegNetY400MF,2,hounie_rcl,1,29,112,111,34,0,0.5211105933433501,0.46107784431137727,0.6851637832017671,4,2003,223,28.0,,0.0001,0.0001,,lrc0.0001_noceskip,True,29.0
dermmnist,L50_G50,RegNetY400MF,4,tralo,1,29,112,111,112,0,0.6757518935962892,0.5568862275449101,0.7237228544736592,4,2003,223,30.0,False,0.0001,0.0001,,lrc0.0001_noceskip,False,29.0
dermmnist,L50_G50,RegNetY400MF,3,tralo,1,29,112,111,116,0,0.630866696444342,0.5209580838323353,0.6343020630676904,4,2003,223,30.0,False,0.0001,0.0001,,lrc0.0001_noceskip,False,29.0
dermmnist,L50_G50,RegNetY400MF,1,tralo,1,29,112,111,114,0,0.6470455530065607,0.5149700598802395,0.7192927707375489,4,2003,223,30.0,False,0.0001,0.0001,,lrc0.0001_noceskip,False,29.0
dermmnist,L50_G50,RegNetY400MF,2,tralo,1,29,112,111,132,0,0.6200126260675138,0.5029940119760479,0.7106074080877033,4,2003,223,30.0,False,0.0001,0.0001,,lrc0.0001_noceskip,False,29.0
dermmnist,L50_G50,RegNetY400MF,4,fioretto_ldf,1,29,112,111,99,0,0.5969347987551573,0.46706586826347307,0.7014275466195878,4,2003,223,18.0,,0.0001,0.0001,,lrc0.0001_noceskip,False,19.0
dermmnist,L50_G50,RegNetY400MF,3,fioretto_ldf,1,29,112,111,48,0,0.6050725719671165,0.5149700598802395,0.6656308157008687,4,2003,223,20.0,,0.0001,0.0001,,lrc0.0001_noceskip,False,21.0
dermmnist,L50_G50,RegNetY400MF,1,fioretto_ldf,1,29,112,111,91,0,0.6183982790447494,0.49700598802395207,0.6627633199498756,4,2003,223,19.0,,0.0001,0.0001,,lrc0.0001_noceskip,False,20.0
dermmnist,L50_G50,RegNetY400MF,2,fioretto_ldf,1,29,112,111,69,0,0.618833706892146,0.49101796407185627,0.6852589485616668,4,2003,223,21.0,,0.0001,0.0001,,lrc0.0001_noceskip,False,22.0
tissuemnist,L50_G50,RegNetY400MF,4,hounie_rcl,1,29,86,86,102,0,0.3541704193938009,0.32684824902723736,0.4412896492185993,4,2400,171,28.0,,0.0001,0.0001,,lrc0.0001_noceskip,False,29.0
tissuemnist,L50_G50,RegNetY400MF,3,hounie_rcl,1,29,86,86,93,0,0.4244925949660376,0.35797665369649806,0.4059285422489417,4,2400,171,28.0,,0.0001,0.0001,,lrc0.0001_noceskip,False,29.0
tissuemnist,L50_G50,RegNetY400MF,1,hounie_rcl,1,29,86,86,81,0,0.3585065445090276,0.311284046692607,0.3816582329117909,4,2400,171,28.0,,0.0001,0.0001,,lrc0.0001_noceskip,False,29.0
tissuemnist,L50_G50,RegNetY400MF,2,hounie_rcl,1,29,86,86,101,0,0.41595866292658606,0.35797665369649806,0.4020501471992479,4,2400,171,28.0,,0.0001,0.0001,,lrc0.0001_noceskip,False,29.0
tissuemnist,L50_G50,RegNetY400MF,4,tralo,1,29,86,86,91,0,0.3578201538927332,0.35797665369649806,0.4147074353451754,4,2400,171,30.0,False,0.0001,0.0001,,lrc0.0001_noceskip,False,29.0
tissuemnist,L50_G50,RegNetY400MF,3,tralo,1,29,86,86,82,0,0.333484059597683,0.311284046692607,0.4379547484434856,4,2400,171,30.0,False,0.0001,0.0001,,lrc0.0001_noceskip,False,29.0
tissuemnist,L50_G50,RegNetY400MF,1,tralo,1,29,86,86,100,0,0.3974722289625047,0.35797665369649806,0.4311589986920036,4,2400,171,30.0,False,0.0001,0.0001,,lrc0.0001_noceskip,False,29.0
tissuemnist,L50_G50,RegNetY400MF,2,tralo,1,29,86,86,114,0,0.4229122626676135,0.3346303501945525,0.41373178358270757,4,2400,171,30.0,False,0.0001,0.0001,,lrc0.0001_noceskip,False,29.0
tissuemnist,L50_G50,RegNetY400MF,4,fioretto_ldf,1,29,86,86,107,0,0.38487164601217827,0.35019455252918286,0.4270067046494453,4,2400,171,28.0,,0.0001,0.0001,,lrc0.0001_noceskip,False,29.0
tissuemnist,L50_G50,RegNetY400MF,3,fioretto_ldf,1,29,86,86,78,0,0.4160321002580541,0.38132295719844356,0.40159907188527083,4,2400,171,28.0,,0.0001,0.0001,,lrc0.0001_noceskip,False,29.0
tissuemnist,L50_G50,RegNetY400MF,1,fioretto_ldf,1,29,86,86,74,0,0.36602478743763034,0.29571984435797666,0.42797086515881944,4,2400,171,28.0,,0.0001,0.0001,,lrc0.0001_noceskip,False,29.0
tissuemnist,L50_G50,RegNetY400MF,2,fioretto_ldf,1,29,86,86,101,0,0.41595866292658606,0.35797665369649806,0.4020501471992479,4,2400,171,28.0,,0.0001,0.0001,,lrc0.0001_noceskip,False,29.0
octmnist,L50_G50,RegNetY400MF,4,hounie_rcl,1,29,125,125,99,0,0.7252840383350404,0.544,0.7346271071782869,2,1000,250,28.0,,0.0001,0.0001,,lrc0.0001_noceskip,False,29.0
octmnist,L50_G50,RegNetY400MF,3,hounie_rcl,1,29,125,125,115,0,0.6970791274014569,0.5333333333333333,0.7154656399099769,2,1000,250,28.0,,0.0001,0.0001,,lrc0.0001_noceskip,False,29.0
octmnist,L50_G50,RegNetY400MF,1,hounie_rcl,1,29,125,125,135,0,0.6936655776390206,0.512,0.7106984289646607,2,1000,250,28.0,,0.0001,0.0001,,lrc0.0001_noceskip,False,29.0
octmnist,L50_G50,RegNetY400MF,2,hounie_rcl,1,29,125,125,111,0,0.7359659590527486,0.5333333333333333,0.7297175630972639,2,1000,250,28.0,,0.0001,0.0001,,lrc0.0001_noceskip,False,29.0
octmnist,L50_G50,RegNetY400MF,4,tralo,1,29,125,125,112,0,0.7575557892552348,0.5546666666666666,0.7268513769538416,2,1000,250,30.0,False,0.0001,0.0001,,lrc0.0001_noceskip,False,29.0
octmnist,L50_G50,RegNetY400MF,3,tralo,1,29,125,125,109,0,0.6989346154196986,0.544,0.7452694744617822,2,1000,250,30.0,False,0.0001,0.0001,,lrc0.0001_noceskip,False,29.0
octmnist,L50_G50,RegNetY400MF,1,tralo,1,29,125,125,110,0,0.7562600735270854,0.5706666666666667,0.77123868065282,2,1000,250,30.0,False,0.0001,0.0001,,lrc0.0001_noceskip,False,29.0
octmnist,L50_G50,RegNetY400MF,2,tralo,1,29,125,125,108,0,0.7029863068889415,0.496,0.730209740129271,2,1000,250,30.0,False,0.0001,0.0001,,lrc0.0001_noceskip,False,29.0
octmnist,L50_G50,RegNetY400MF,4,fioretto_ldf,1,29,125,125,110,0,0.6985667867227979,0.512,0.6881611554736555,2,1000,250,28.0,,0.0001,0.0001,,lrc0.0001_noceskip,False,29.0
octmnist,L50_G50,RegNetY400MF,3,fioretto_ldf,1,29,125,125,116,0,0.6524936729647852,0.5013333333333333,0.7157342353049445,2,1000,250,28.0,,0.0001,0.0001,,lrc0.0001_noceskip,False,29.0
octmnist,L50_G50,RegNetY400MF,1,fioretto_ldf,1,29,125,125,134,0,0.7502314134286019,0.576,0.7724880231368154,2,1000,250,28.0,,0.0001,0.0001,,lrc0.0001_noceskip,False,29.0
octmnist,L50_G50,RegNetY400MF,2,fioretto_ldf,1,29,125,125,81,0,0.7711450729600202,0.5546666666666666,0.754878553534144,2,1000,250,28.0,,0.0001,0.0001,,lrc0.0001_noceskip,False,29.0
dermmnist,L30_G30,MobileNetV3,4,hounie_rcl,1,29,67,67,25,0,0.44334112674430176,0.31724137931034485,0.5971197071528221,4,2003,223,26.0,,0.0001,0.0001,,lrc0.0001_noceskip,False,27.0
dermmnist,L30_G30,MobileNetV3,3,hounie_rcl,1,29,67,67,18,0,0.5486722039019932,0.3793103448275862,0.6802899869835946,4,2003,223,21.0,,0.0001,0.0001,,lrc0.0001_noceskip,True,22.0
dermmnist,L30_G30,MobileNetV3,1,hounie_rcl,1,29,67,67,16,0,0.5068057641748468,0.3310344827586207,0.6525260774790133,4,2003,223,27.0,,0.0001,0.0001,,lrc0.0001_noceskip,True,28.0
dermmnist,L30_G30,MobileNetV3,2,hounie_rcl,1,29,67,67,28,0,0.43485538652617683,0.33793103448275863,0.7004964515777842,4,2003,223,28.0,,0.0001,0.0001,,lrc0.0001_noceskip,False,29.0
dermmnist,L30_G30,MobileNetV3,4,tralo,1,29,67,67,72,0,0.525257397427119,0.3793103448275862,0.64123665417043,4,2003,223,30.0,False,0.0001,0.0001,,lrc0.0001_noceskip,False,29.0
dermmnist,L30_G30,MobileNetV3,3,tralo,1,29,67,67,49,0,0.6341374072393323,0.4206896551724138,0.7118167297646911,4,2003,223,30.0,False,0.0001,0.0001,,lrc0.0001_noceskip,False,29.0
dermmnist,L30_G30,MobileNetV3,1,tralo,1,29,67,67,68,0,0.5908519673325173,0.4,0.6850382843900451,4,2003,223,30.0,False,0.0001,0.0001,,lrc0.0001_noceskip,False,29.0
dermmnist,L30_G30,MobileNetV3,2,tralo,1,29,67,67,63,0,0.6222895028460954,0.4068965517241379,0.6925745804660509,4,2003,223,30.0,False,0.0001,0.0001,,lrc0.0001_noceskip,False,29.0
dermmnist,L30_G30,MobileNetV3,4,fioretto_ldf,1,29,67,67,57,0,0.5923911134100882,0.3793103448275862,0.6795426535199438,4,2003,223,22.0,,0.0001,0.0001,,lrc0.0001_noceskip,False,23.0
dermmnist,L30_G30,MobileNetV3,3,fioretto_ldf,1,29,67,67,34,0,0.5516436037750767,0.3448275862068966,0.6622443743759899,4,2003,223,21.0,,0.0001,0.0001,,lrc0.0001_noceskip,False,22.0
dermmnist,L30_G30,MobileNetV3,1,fioretto_ldf,1,29,67,67,39,0,0.557781578181268,0.3931034482758621,0.6837560193962464,4,2003,223,25.0,,0.0001,0.0001,,lrc0.0001_noceskip,False,26.0
dermmnist,L30_G30,MobileNetV3,2,fioretto_ldf,1,29,67,67,23,0,0.5539393406932882,0.3793103448275862,0.7036070437278547,4,2003,223,22.0,,0.0001,0.0001,,lrc0.0001_noceskip,False,23.0
tissuemnist,L30_G30,MobileNetV3,4,hounie_rcl,1,29,51,51,47,0,0.3808957268250199,0.2702702702702703,0.36949761740680337,4,2400,171,28.0,,0.0001,0.0001,,lrc0.0001_noceskip,False,29.0
tissuemnist,L30_G30,MobileNetV3,3,hounie_rcl,1,29,51,51,53,0,0.37836715294566153,0.2702702702702703,0.3676691044795339,4,2400,171,28.0,,0.0001,0.0001,,lrc0.0001_noceskip,False,29.0
tissuemnist,L30_G30,MobileNetV3,1,hounie_rcl,1,29,51,51,35,0,0.3954645792438441,0.2882882882882883,0.271492375243205,4,2400,171,28.0,,0.0001,0.0001,,lrc0.0001_noceskip,False,29.0
tissuemnist,L30_G30,MobileNetV3,2,hounie_rcl,1,29,51,51,80,0,0.36162257750423865,0.25225225225225223,0.4047882685544954,4,2400,171,28.0,,0.0001,0.0001,,lrc0.0001_noceskip,False,29.0
tissuemnist,L30_G30,MobileNetV3,4,tralo,1,29,51,51,42,0,0.42230281926866087,0.2882882882882883,0.4375330829037124,4,2400,171,30.0,False,0.0001,0.0001,,lrc0.0001_noceskip,False,29.0
tissuemnist,L30_G30,MobileNetV3,3,tralo,1,29,51,51,36,0,0.3267056656925248,0.26126126126126126,0.3985405801876154,4,2400,171,30.0,False,0.0001,0.0001,,lrc0.0001_noceskip,False,29.0
tissuemnist,L30_G30,MobileNetV3,1,tralo,1,29,51,51,35,0,0.3954645792438441,0.2882882882882883,0.271492375243205,4,2400,171,30.0,False,0.0001,0.0001,,lrc0.0001_noceskip,False,29.0
tissuemnist,L30_G30,MobileNetV3,2,tralo,1,29,51,51,73,0,0.444779157439954,0.32432432432432434,0.3874301069042014,4,2400,171,30.0,False,0.0001,0.0001,,lrc0.0001_noceskip,False,29.0
tissuemnist,L30_G30,MobileNetV3,4,fioretto_ldf,1,29,51,51,44,0,0.3860343293557206,0.26126126126126126,0.41451507129834697,4,2400,171,28.0,,0.0001,0.0001,,lrc0.0001_noceskip,False,29.0
tissuemnist,L30_G30,MobileNetV3,3,fioretto_ldf,1,29,51,51,20,0,0.25884573543613204,0.1981981981981982,0.37030025242508224,4,2400,171,28.0,,0.0001,0.0001,,lrc0.0001_noceskip,False,29.0
tissuemnist,L30_G30,MobileNetV3,1,fioretto_ldf,1,29,51,51,35,0,0.3954645792438441,0.2882882882882883,0.271492375243205,4,2400,171,28.0,,0.0001,0.0001,,lrc0.0001_noceskip,False,29.0
tissuemnist,L30_G30,MobileNetV3,2,fioretto_ldf,1,29,51,51,55,0,0.3406587642309829,0.23423423423423423,0.37761692369750366,4,2400,171,28.0,,0.0001,0.0001,,lrc0.0001_noceskip,False,29.0
octmnist,L30_G30,MobileNetV3,4,hounie_rcl,1,29,75,75,92,0,0.7294685944169343,0.41846153846153844,0.7115720995194944,2,1000,250,28.0,,0.0001,0.0001,,lrc0.0001_noceskip,False,29.0
octmnist,L30_G30,MobileNetV3,3,hounie_rcl,1,29,75,75,92,0,0.7862795066722891,0.4307692307692308,0.6987212623182766,2,1000,250,28.0,,0.0001,0.0001,,lrc0.0001_noceskip,False,29.0
octmnist,L30_G30,MobileNetV3,1,hounie_rcl,1,29,75,74,78,0,0.6724310077809804,0.41846153846153844,0.7203785202255159,2,1000,250,28.0,,0.0001,0.0001,,lrc0.0001_noceskip,False,29.0
octmnist,L30_G30,MobileNetV3,2,hounie_rcl,1,29,75,75,83,0,0.7709434517479001,0.4430769230769231,0.7277579902302982,2,1000,250,28.0,,0.0001,0.0001,,lrc0.0001_noceskip,False,29.0
octmnist,L30_G30,MobileNetV3,4,tralo,1,29,75,71,77,0,0.7536887594602821,0.4246153846153846,0.6803470159212821,2,1000,250,30.0,False,0.0001,0.0001,,lrc0.0001_noceskip,False,29.0
octmnist,L30_G30,MobileNetV3,3,tralo,1,29,75,75,77,0,0.8021110309994195,0.4246153846153846,0.7255519340140391,2,1000,250,30.0,False,0.0001,0.0001,,lrc0.0001_noceskip,False,29.0
octmnist,L30_G30,MobileNetV3,1,tralo,1,29,75,42,42,1,0.6369146177540105,0.41846153846153844,0.7075015926393828,2,1000,250,30.0,False,0.0001,0.0001,,lrc0.0001_noceskip,False,29.0
octmnist,L30_G30,MobileNetV3,2,tralo,1,29,75,55,55,1,0.7359002455600738,0.4369230769230769,0.7273981925712102,2,1000,250,30.0,False,0.0001,0.0001,,lrc0.0001_noceskip,False,29.0
octmnist,L30_G30,MobileNetV3,4,fioretto_ldf,1,29,75,42,42,1,0.7812688709961337,0.4369230769230769,0.6872786123162394,2,1000,250,28.0,,0.0001,0.0001,,lrc0.0001_noceskip,False,29.0
octmnist,L30_G30,MobileNetV3,3,fioretto_ldf,1,29,75,75,102,0,0.768791431185973,0.4369230769230769,0.721318402795267,2,1000,250,28.0,,0.0001,0.0001,,lrc0.0001_noceskip,False,29.0
octmnist,L30_G30,MobileNetV3,1,fioretto_ldf,1,29,75,65,67,0,0.7996058204591205,0.4553846153846154,0.7156206108573397,2,1000,250,28.0,,0.0001,0.0001,,lrc0.0001_noceskip,False,29.0
octmnist,L30_G30,MobileNetV3,2,fioretto_ldf,1,29,75,67,67,1,0.8113992231442291,0.4492307692307692,0.7123050810234628,2,1000,250,28.0,,0.0001,0.0001,,lrc0.0001_noceskip,False,29.0
dermmnist,L50_G50,MobileNetV3,4,hounie_rcl,1,29,112,111,45,0,0.5118906546851639,0.437125748502994,0.6024592022449892,4,2003,223,28.0,,0.0001,0.0001,31,lrc0.0001_noceskip_full,False,29.0
dermmnist,L50_G50,MobileNetV3,3,hounie_rcl,1,29,112,111,24,0,0.5132600179270118,0.4550898203592814,0.6578122447021438,4,2003,223,28.0,,0.0001,0.0001,31,lrc0.0001_noceskip_full,True,29.0
dermmnist,L50_G50,MobileNetV3,1,hounie_rcl,1,29,112,111,54,0,0.48416291677517437,0.40119760479041916,0.6167989363569445,4,2003,223,28.0,,0.0001,0.0001,31,lrc0.0001_noceskip_full,False,29.0
dermmnist,L50_G50,MobileNetV3,2,hounie_rcl,1,29,112,111,71,0,0.6082769508687245,0.5089820359281437,0.7112030763810243,4,2003,223,28.0,,0.0001,0.0001,31,lrc0.0001_noceskip_full,False,29.0
dermmnist,L50_G50,MobileNetV3,4,tralo,1,29,112,111,66,0,0.6431543255398516,0.5389221556886228,0.7340865626018778,4,2003,223,30.0,False,0.0001,0.0001,31,lrc0.0001_noceskip_full,False,29.0
dermmnist,L50_G50,MobileNetV3,3,tralo,1,29,112,111,99,0,0.6558994453298156,0.5508982035928144,0.7224192154795624,4,2003,223,30.0,False,0.0001,0.0001,31,lrc0.0001_noceskip_full,False,29.0
dermmnist,L50_G50,MobileNetV3,1,tralo,1,29,112,111,80,0,0.6335067813669428,0.5568862275449101,0.7356062435619075,4,2003,223,30.0,False,0.0001,0.0001,31,lrc0.0001_noceskip_full,False,29.0
dermmnist,L50_G50,MobileNetV3,2,tralo,1,29,112,111,95,0,0.6591550666068976,0.5449101796407185,0.7296964057088103,4,2003,223,30.0,False,0.0001,0.0001,31,lrc0.0001_noceskip_full,False,29.0
dermmnist,L30_G30,RegNetY400MF,4,hounie_rcl,1,29,67,67,4,0,0.25876103930610866,0.2206896551724138,0.47649903264480686,4,2003,223,28.0,,0.0001,0.0001,31,lrc0.0001_noceskip_full,True,29.0
dermmnist,L30_G30,RegNetY400MF,3,hounie_rcl,1,29,67,67,3,0,0.2261696564018034,0.16551724137931034,0.5629429847868255,4,2003,223,28.0,,0.0001,0.0001,31,lrc0.0001_noceskip_full,True,29.0
dermmnist,L30_G30,RegNetY400MF,1,hounie_rcl,1,29,67,67,16,0,0.5090260122722069,0.3586206896551724,0.6489867752201384,4,2003,223,28.0,,0.0001,0.0001,31,lrc0.0001_noceskip_full,True,29.0
dermmnist,L30_G30,RegNetY400MF,2,hounie_rcl,1,29,67,67,0,0,0.2950515144027729,0.2,0.5577721974828056,4,2003,223,28.0,,0.0001,0.0001,31,lrc0.0001_noceskip_full,True,29.0
dermmnist,L50_G50,RegNetY400MF,4,hounie_rcl,1,29,112,111,5,0,0.39657916939901494,0.3532934131736527,0.5985996694788901,4,2003,223,28.0,,0.0001,0.0001,31,lrc0.0001_noceskip_full,True,29.0
dermmnist,L50_G50,RegNetY400MF,3,hounie_rcl,1,29,112,111,16,0,0.4489621853857714,0.41317365269461076,0.6597794912953977,4,2003,223,28.0,,0.0001,0.0001,31,lrc0.0001_noceskip_full,True,29.0
dermmnist,L50_G50,RegNetY400MF,1,hounie_rcl,1,29,112,111,15,0,0.39066551328687693,0.3413173652694611,0.5229992564840126,4,2003,223,28.0,,0.0001,0.0001,31,lrc0.0001_noceskip_full,True,29.0
dermmnist,L30_G30,MobileNetV3,4,hounie_rcl,1,29,67,67,19,0,0.4034960263249219,0.2896551724137931,0.5796357383598579,4,2003,223,28.0,,0.0001,0.0001,31,lrc0.0001_noceskip_full,True,29.0
dermmnist,L30_G30,MobileNetV3,3,hounie_rcl,1,29,67,67,6,0,0.4185151301764607,0.2827586206896552,0.6279316193946023,4,2003,223,28.0,,0.0001,0.0001,31,lrc0.0001_noceskip_full,True,29.0
dermmnist,L30_G30,MobileNetV3,1,hounie_rcl,1,29,67,67,16,0,0.49521288945641917,0.32413793103448274,0.6521845651236134,4,2003,223,28.0,,0.0001,0.0001,31,lrc0.0001_noceskip_full,True,29.0
dermmnist,L30_G30,MobileNetV3,2,hounie_rcl,1,29,67,67,28,0,0.43485538652617683,0.33793103448275863,0.7004964515777842,4,2003,223,28.0,,0.0001,0.0001,31,lrc0.0001_noceskip_full,False,29.0
dermmnist,L50_G50,MobileNetV3,4,hounie_rcl,1,29,112,111,55,0,0.49844451630680814,0.4311377245508982,0.7224404439220361,4,2003,223,26.0,,0.0001,5e-05,,lrc5e-05,False,27.0
dermmnist,L50_G50,MobileNetV3,3,hounie_rcl,1,29,112,111,58,0,0.5562836416155453,0.47305389221556887,0.6516744026840805,4,2003,223,27.0,,0.0001,5e-05,,lrc5e-05,False,28.0
dermmnist,L50_G50,MobileNetV3,1,hounie_rcl,1,29,112,111,55,0,0.5725135201952637,0.46107784431137727,0.6592595876864792,4,2003,223,28.0,,0.0001,5e-05,,lrc5e-05,False,29.0
dermmnist,L50_G50,MobileNetV3,2,hounie_rcl,1,29,112,111,55,0,0.5789787923693491,0.49101796407185627,0.6983806573275485,4,2003,223,26.0,,0.0001,5e-05,,lrc5e-05,False,27.0
dermmnist,L50_G50,MobileNetV3,4,tralo,1,29,112,111,90,0,0.5721085218340268,0.47305389221556887,0.7206319015049539,4,2003,223,22.0,True,0.0001,5e-05,,lrc5e-05,False,21.0
dermmnist,L50_G50,MobileNetV3,3,tralo,1,29,112,111,93,0,0.6298202339892037,0.5089820359281437,0.7110723294815681,4,2003,223,30.0,True,0.0001,5e-05,,lrc5e-05,False,29.0
dermmnist,L50_G50,MobileNetV3,1,tralo,1,29,112,111,3,0,0.3704606464206333,0.31736526946107785,0.5334870408819452,4,2003,223,25.0,True,0.0001,5e-05,,lrc5e-05,True,24.0
dermmnist,L50_G50,MobileNetV3,2,tralo,1,29,112,111,100,0,0.607899239957911,0.5269461077844312,0.6977901210318022,4,2003,223,27.0,True,0.0001,5e-05,,lrc5e-05,False,26.0
dermmnist,L50_G50,MobileNetV3,4,fioretto_ldf,1,29,112,111,87,0,0.5603189427060886,0.5089820359281437,0.7297253941846099,4,2003,223,22.0,,0.0001,5e-05,,lrc5e-05,False,23.0
dermmnist,L50_G50,MobileNetV3,3,fioretto_ldf,1,29,112,111,94,0,0.6290074924539508,0.5209580838323353,0.7374727198529349,4,2003,223,19.0,,0.0001,5e-05,,lrc5e-05,False,20.0
dermmnist,L50_G50,MobileNetV3,1,fioretto_ldf,1,29,112,111,97,0,0.617997817223513,0.5209580838323353,0.7337751715008414,4,2003,223,20.0,,0.0001,5e-05,,lrc5e-05,False,21.0
dermmnist,L50_G50,MobileNetV3,2,fioretto_ldf,1,29,112,111,72,0,0.5965517994410625,0.49101796407185627,0.7164108826468253,4,2003,223,21.0,,0.0001,5e-05,,lrc5e-05,False,22.0
tissuemnist,L50_G50,MobileNetV3,4,hounie_rcl,1,29,86,86,69,0,0.41077445869237894,0.35797665369649806,0.3983326932715045,4,2400,171,28.0,,0.0001,5e-05,,lrc5e-05,False,29.0
tissuemnist,L50_G50,MobileNetV3,3,hounie_rcl,1,29,86,86,84,0,0.39560492866535446,0.3346303501945525,0.4075968626739373,4,2400,171,28.0,,0.0001,5e-05,,lrc5e-05,False,29.0
tissuemnist,L50_G50,MobileNetV3,1,hounie_rcl,1,29,86,86,69,0,0.3723792694842088,0.31906614785992216,0.2895669696556652,4,2400,171,28.0,,0.0001,5e-05,,lrc5e-05,False,29.0
tissuemnist,L50_G50,MobileNetV3,2,hounie_rcl,1,29,86,86,81,0,0.30219320697536933,0.2723735408560311,0.39721092379435746,4,2400,171,28.0,,0.0001,5e-05,,lrc5e-05,False,29.0
tissuemnist,L50_G50,MobileNetV3,4,tralo,1,29,86,86,61,0,0.4115840946192625,0.3424124513618677,0.4313549292293358,4,2400,171,5.0,True,0.0001,5e-05,,lrc5e-05,False,4.0
tissuemnist,L50_G50,MobileNetV3,3,tralo,1,29,86,86,74,0,0.3956867283663604,0.3968871595330739,0.44461712129779685,4,2400,171,30.0,True,0.0001,5e-05,,lrc5e-05,False,29.0
tissuemnist,L50_G50,MobileNetV3,1,tralo,1,29,86,86,70,0,0.4228973060575455,0.38132295719844356,0.4518382771595124,4,2400,171,30.0,True,0.0001,5e-05,,lrc5e-05,False,29.0
tissuemnist,L50_G50,MobileNetV3,2,tralo,1,29,86,86,106,0,0.4358191789225598,0.38910505836575876,0.4168374608819918,4,2400,171,30.0,True,0.0001,5e-05,,lrc5e-05,False,29.0
tissuemnist,L50_G50,MobileNetV3,4,fioretto_ldf,1,29,86,86,73,0,0.40698453685736175,0.3346303501945525,0.43085833014398056,4,2400,171,4.0,,0.0001,5e-05,,lrc5e-05,False,5.0
tissuemnist,L50_G50,MobileNetV3,3,fioretto_ldf,1,29,86,86,68,0,0.3654601491969832,0.35797665369649806,0.4043066051148335,4,2400,171,28.0,,0.0001,5e-05,,lrc5e-05,False,29.0
tissuemnist,L50_G50,MobileNetV3,1,fioretto_ldf,1,29,86,86,76,0,0.4201105916345517,0.3657587548638132,0.4555407073943878,4,2400,171,28.0,,0.0001,5e-05,,lrc5e-05,False,29.0
tissuemnist,L50_G50,MobileNetV3,2,fioretto_ldf,1,29,86,86,98,0,0.3205376182552934,0.3346303501945525,0.403443667930157,4,2400,171,28.0,,0.0001,5e-05,,lrc5e-05,False,29.0
octmnist,L50_G50,MobileNetV3,4,hounie_rcl,1,29,125,125,58,0,0.7600096272892373,0.576,0.7609403763719005,2,1000,250,24.0,,0.0001,5e-05,,lrc5e-05,False,25.0
octmnist,L50_G50,MobileNetV3,3,hounie_rcl,1,29,125,125,76,0,0.7517190748766893,0.576,0.7663000217446894,2,1000,250,28.0,,0.0001,5e-05,,lrc5e-05,False,29.0
octmnist,L50_G50,MobileNetV3,1,hounie_rcl,1,29,125,125,39,0,0.7741479691333015,0.5866666666666667,0.7737945871338597,2,1000,250,28.0,,0.0001,5e-05,,lrc5e-05,True,29.0
octmnist,L50_G50,MobileNetV3,2,hounie_rcl,1,29,125,125,54,0,0.8005936892376107,0.6133333333333333,0.7769702107013042,2,1000,250,28.0,,0.0001,5e-05,,lrc5e-05,False,29.0
octmnist,L50_G50,MobileNetV3,4,tralo,1,29,125,125,97,0,0.7879921052878472,0.608,0.7713203561617883,2,1000,250,30.0,True,0.0001,5e-05,,lrc5e-05,False,29.0
octmnist,L50_G50,MobileNetV3,3,tralo,1,29,125,125,89,0,0.7482427618969594,0.56,0.7442867051762978,2,1000,250,30.0,True,0.0001,5e-05,,lrc5e-05,False,29.0
octmnist,L50_G50,MobileNetV3,1,tralo,1,29,125,125,111,0,0.8049718569530617,0.608,0.7713644163805152,2,1000,250,24.0,True,0.0001,5e-05,,lrc5e-05,False,23.0
octmnist,L50_G50,MobileNetV3,2,tralo,1,29,125,125,100,0,0.8097262492029692,0.608,0.7587591616568801,2,1000,250,29.0,True,0.0001,5e-05,,lrc5e-05,False,28.0
octmnist,L50_G50,MobileNetV3,4,fioretto_ldf,1,29,125,125,113,0,0.7732103909049659,0.5706666666666667,0.7673245582574872,2,1000,250,21.0,,0.0001,5e-05,,lrc5e-05,False,22.0
octmnist,L50_G50,MobileNetV3,3,fioretto_ldf,1,29,125,125,91,0,0.748031793455753,0.56,0.7380696263174704,2,1000,250,28.0,,0.0001,5e-05,,lrc5e-05,False,29.0
octmnist,L50_G50,MobileNetV3,1,fioretto_ldf,1,29,125,125,115,0,0.7935901398376816,0.608,0.783926806091701,2,1000,250,22.0,,0.0001,5e-05,,lrc5e-05,False,23.0
octmnist,L50_G50,MobileNetV3,2,fioretto_ldf,1,29,125,125,105,0,0.8100390074229084,0.5813333333333334,0.760545609782737,2,1000,250,27.0,,0.0001,5e-05,,lrc5e-05,False,28.0
dermmnist,L30_G30,RegNetY400MF,4,hounie_rcl,1,29,67,67,15,0,0.3975006759149397,0.25517241379310346,0.6550309430476788,4,2003,223,25.0,,0.0001,5e-05,,lrc5e-05,True,26.0
dermmnist,L30_G30,RegNetY400MF,3,hounie_rcl,1,29,67,67,10,0,0.441104917133352,0.33793103448275863,0.6423030077474868,4,2003,223,27.0,,0.0001,5e-05,,lrc5e-05,True,28.0
dermmnist,L30_G30,RegNetY400MF,1,hounie_rcl,1,29,67,67,11,0,0.4217832511455483,0.30344827586206896,0.5858829233061138,4,2003,223,25.0,,0.0001,5e-05,,lrc5e-05,True,26.0
dermmnist,L30_G30,RegNetY400MF,2,hounie_rcl,1,29,67,67,21,0,0.4663191981281279,0.3448275862068966,0.6048703103107539,4,2003,223,25.0,,0.0001,5e-05,,lrc5e-05,True,26.0
dermmnist,L30_G30,RegNetY400MF,4,tralo,1,29,67,67,64,0,0.48551538457452204,0.3586206896551724,0.6377378172999906,4,2003,223,27.0,True,0.0001,5e-05,,lrc5e-05,False,26.0
dermmnist,L30_G30,RegNetY400MF,3,tralo,1,29,67,67,57,0,0.4502254865765088,0.3931034482758621,0.6253933313386613,4,2003,223,30.0,True,0.0001,5e-05,,lrc5e-05,False,29.0
dermmnist,L30_G30,RegNetY400MF,1,tralo,1,29,67,67,22,0,0.3745273244415375,0.32413793103448274,0.5765829380794213,4,2003,223,30.0,True,0.0001,5e-05,,lrc5e-05,True,29.0
dermmnist,L30_G30,RegNetY400MF,2,tralo,1,29,67,67,37,0,0.3934488179112767,0.3103448275862069,0.5987720917057607,4,2003,223,25.0,True,0.0001,5e-05,,lrc5e-05,False,24.0
dermmnist,L30_G30,RegNetY400MF,4,fioretto_ldf,1,29,67,67,47,0,0.5402848206678398,0.3586206896551724,0.6710076394793861,4,2003,223,21.0,,0.0001,5e-05,,lrc5e-05,False,22.0
dermmnist,L30_G30,RegNetY400MF,3,fioretto_ldf,1,29,67,67,38,0,0.5196508423077282,0.4,0.6452384542508012,4,2003,223,19.0,,0.0001,5e-05,,lrc5e-05,False,20.0
dermmnist,L30_G30,RegNetY400MF,1,fioretto_ldf,1,29,67,67,33,0,0.5256425019397256,0.3793103448275862,0.6232764457041051,4,2003,223,20.0,,0.0001,5e-05,,lrc5e-05,False,21.0
dermmnist,L30_G30,RegNetY400MF,2,fioretto_ldf,1,29,67,67,29,0,0.4679621344043263,0.32413793103448274,0.6072316159813587,4,2003,223,20.0,,0.0001,5e-05,,lrc5e-05,False,21.0
tissuemnist,L30_G30,RegNetY400MF,4,hounie_rcl,1,29,51,51,87,0,0.2994234331740622,0.24324324324324326,0.3986583079119491,4,2400,171,28.0,,0.0001,5e-05,,lrc5e-05,False,29.0
tissuemnist,L30_G30,RegNetY400MF,3,hounie_rcl,1,29,51,51,106,0,0.43227553207458946,0.3063063063063063,0.3991290088709763,4,2400,171,28.0,,0.0001,5e-05,,lrc5e-05,False,29.0
tissuemnist,L30_G30,RegNetY400MF,1,hounie_rcl,1,29,51,51,93,0,0.3251551415020001,0.2072072072072072,0.40004073849473454,4,2400,171,28.0,,0.0001,5e-05,,lrc5e-05,False,29.0
tissuemnist,L30_G30,RegNetY400MF,2,hounie_rcl,1,29,51,51,134,0,0.4046341565891866,0.25225225225225223,0.40706448523186683,4,2400,171,28.0,,0.0001,5e-05,,lrc5e-05,False,29.0
tissuemnist,L30_G30,RegNetY400MF,4,tralo,1,29,51,51,101,0,0.40092343466096886,0.26126126126126126,0.4206620209399142,4,2400,171,30.0,True,0.0001,5e-05,,lrc5e-05,False,29.0
tissuemnist,L30_G30,RegNetY400MF,3,tralo,1,29,51,51,110,0,0.3759144648657322,0.26126126126126126,0.3491186023087646,4,2400,171,30.0,True,0.0001,5e-05,,lrc5e-05,False,29.0
tissuemnist,L30_G30,RegNetY400MF,1,tralo,1,29,51,51,104,0,0.3033451616020711,0.2072072072072072,0.37240329647993753,4,2400,171,30.0,True,0.0001,5e-05,,lrc5e-05,False,29.0
tissuemnist,L30_G30,RegNetY400MF,2,tralo,1,29,51,51,135,0,0.41575067912032154,0.2882882882882883,0.4130731983484123,4,2400,171,30.0,True,0.0001,5e-05,,lrc5e-05,False,29.0
tissuemnist,L30_G30,RegNetY400MF,4,fioretto_ldf,1,29,51,51,107,0,0.4163275329490183,0.2972972972972973,0.414439797577971,4,2400,171,28.0,,0.0001,5e-05,,lrc5e-05,False,29.0
tissuemnist,L30_G30,RegNetY400MF,3,fioretto_ldf,1,29,51,51,97,0,0.30700688898803163,0.2072072072072072,0.39777311278894223,4,2400,171,28.0,,0.0001,5e-05,,lrc5e-05,False,29.0
tissuemnist,L30_G30,RegNetY400MF,1,fioretto_ldf,1,29,51,51,122,0,0.4098524849291388,0.2972972972972973,0.4149923232301113,4,2400,171,28.0,,0.0001,5e-05,,lrc5e-05,False,29.0
tissuemnist,L30_G30,RegNetY400MF,2,fioretto_ldf,1,29,51,51,126,0,0.390670028662918,0.25225225225225223,0.38860230418847075,4,2400,171,28.0,,0.0001,5e-05,,lrc5e-05,False,29.0
octmnist,L30_G30,RegNetY400MF,4,hounie_rcl,1,29,75,2,2,1,0.5407112158222585,0.32,0.6332610153460629,2,1000,250,28.0,,0.0001,5e-05,,lrc5e-05,True,29.0
octmnist,L30_G30,RegNetY400MF,3,hounie_rcl,1,29,75,75,88,0,0.7220799137744184,0.39384615384615385,0.6845998280760918,2,1000,250,28.0,,0.0001,5e-05,,lrc5e-05,False,29.0
octmnist,L30_G30,RegNetY400MF,1,hounie_rcl,1,29,75,13,13,1,0.7009554274725145,0.4307692307692308,0.7022174211209531,2,1000,250,28.0,,0.0001,5e-05,,lrc5e-05,True,29.0
octmnist,L30_G30,RegNetY400MF,2,hounie_rcl,1,29,75,75,112,0,0.7348927415418249,0.4246153846153846,0.7031651333893189,2,1000,250,28.0,,0.0001,5e-05,,lrc5e-05,False,29.0
octmnist,L30_G30,RegNetY400MF,4,tralo,1,29,75,75,130,0,0.7199317831560931,0.38769230769230767,0.6969031521175603,2,1000,250,30.0,True,0.0001,5e-05,,lrc5e-05,False,29.0
octmnist,L30_G30,RegNetY400MF,3,tralo,1,29,75,75,118,0,0.6850386025480567,0.40615384615384614,0.6923262541688182,2,1000,250,30.0,True,0.0001,5e-05,,lrc5e-05,False,29.0
octmnist,L30_G30,RegNetY400MF,1,tralo,1,29,75,43,43,1,0.6692035137718533,0.38153846153846155,0.6815532379140405,2,1000,250,30.0,True,0.0001,5e-05,,lrc5e-05,False,29.0
octmnist,L30_G30,RegNetY400MF,2,tralo,1,29,75,58,58,1,0.7067868062134387,0.40615384615384614,0.6843283617511932,2,1000,250,30.0,True,0.0001,5e-05,,lrc5e-05,False,29.0
octmnist,L30_G30,RegNetY400MF,4,fioretto_ldf,1,29,75,40,40,1,0.7125561398812812,0.4123076923076923,0.7128494283118614,2,1000,250,28.0,,0.0001,5e-05,,lrc5e-05,False,29.0
octmnist,L30_G30,RegNetY400MF,3,fioretto_ldf,1,29,75,75,128,0,0.6771864308415789,0.38769230769230767,0.6729538594661874,2,1000,250,28.0,,0.0001,5e-05,,lrc5e-05,False,29.0
octmnist,L30_G30,RegNetY400MF,1,fioretto_ldf,1,29,75,59,59,1,0.6834713831987339,0.39384615384615385,0.6960106362860794,2,1000,250,28.0,,0.0001,5e-05,,lrc5e-05,False,29.0
octmnist,L30_G30,RegNetY400MF,2,fioretto_ldf,1,29,75,75,135,0,0.6518680150839817,0.37538461538461537,0.6660234796508622,2,1000,250,28.0,,0.0001,5e-05,,lrc5e-05,False,29.0
dermmnist,L50_G50,RegNetY400MF,4,hounie_rcl,1,29,112,111,43,0,0.5294354013121445,0.437125748502994,0.6754959736118081,4,2003,223,23.0,,0.0001,5e-05,,lrc5e-05,False,24.0
dermmnist,L50_G50,RegNetY400MF,3,hounie_rcl,1,29,112,111,47,0,0.5778678314116747,0.47904191616766467,0.6550929147155299,4,2003,223,24.0,,0.0001,5e-05,,lrc5e-05,False,25.0
dermmnist,L50_G50,RegNetY400MF,1,hounie_rcl,1,29,112,111,40,0,0.5302999921749598,0.47904191616766467,0.6591701731137917,4,2003,223,23.0,,0.0001,5e-05,,lrc5e-05,False,24.0
dermmnist,L50_G50,RegNetY400MF,2,hounie_rcl,1,29,112,111,33,0,0.5170701445203307,0.4431137724550898,0.6246411480281385,4,2003,223,27.0,,0.0001,5e-05,,lrc5e-05,True,28.0
dermmnist,L50_G50,RegNetY400MF,4,tralo,1,29,112,111,0,0,0.11176676007472061,0.08383233532934131,0.287141222118397,4,2003,223,24.0,True,0.0001,5e-05,,lrc5e-05,True,23.0
dermmnist,L50_G50,RegNetY400MF,3,tralo,1,29,112,111,64,0,0.4780336067592068,0.41317365269461076,0.6490897518150709,4,2003,223,25.0,True,0.0001,5e-05,,lrc5e-05,False,24.0
dermmnist,L50_G50,RegNetY400MF,1,tralo,1,29,112,111,0,0,0.14005172646549402,0.11976047904191617,0.4334900238429101,4,2003,223,26.0,True,0.0001,5e-05,,lrc5e-05,True,25.0
dermmnist,L50_G50,RegNetY400MF,2,tralo,1,29,112,111,0,0,0.10694495404993558,0.07784431137724551,0.17463655577244705,4,2003,223,24.0,True,0.0001,5e-05,,lrc5e-05,True,23.0
dermmnist,L50_G50,RegNetY400MF,4,fioretto_ldf,1,29,112,111,85,0,0.5895170671114015,0.49700598802395207,0.709378332174927,4,2003,223,19.0,,0.0001,5e-05,,lrc5e-05,False,20.0
dermmnist,L50_G50,RegNetY400MF,3,fioretto_ldf,1,29,112,111,79,0,0.5762022635973186,0.48502994011976047,0.6560452915490613,4,2003,223,19.0,,0.0001,5e-05,,lrc5e-05,False,20.0
dermmnist,L50_G50,RegNetY400MF,1,fioretto_ldf,1,29,112,111,70,0,0.5985968166005495,0.5149700598802395,0.6700950300493156,4,2003,223,20.0,,0.0001,5e-05,,lrc5e-05,False,21.0
dermmnist,L50_G50,RegNetY400MF,2,fioretto_ldf,1,29,112,111,92,0,0.5755747937381381,0.47904191616766467,0.6790314878007565,4,2003,223,28.0,,0.0001,5e-05,,lrc5e-05,False,29.0
tissuemnist,L50_G50,RegNetY400MF,4,hounie_rcl,1,29,86,86,121,0,0.34594582620225245,0.32684824902723736,0.4383064908338037,4,2400,171,28.0,,0.0001,5e-05,,lrc5e-05,False,29.0
tissuemnist,L50_G50,RegNetY400MF,3,hounie_rcl,1,29,86,86,110,0,0.3759144648657322,0.3424124513618677,0.3541878120365579,4,2400,171,28.0,,0.0001,5e-05,,lrc5e-05,False,29.0
tissuemnist,L50_G50,RegNetY400MF,1,hounie_rcl,1,29,86,86,102,0,0.35306470277429836,0.3346303501945525,0.41398776546767413,4,2400,171,28.0,,0.0001,5e-05,,lrc5e-05,False,29.0
tissuemnist,L50_G50,RegNetY400MF,2,hounie_rcl,1,29,86,86,122,0,0.4096785993287552,0.3035019455252918,0.3800246252963975,4,2400,171,28.0,,0.0001,5e-05,,lrc5e-05,False,29.0
tissuemnist,L50_G50,RegNetY400MF,4,tralo,1,29,86,86,102,0,0.3128120627601975,0.3035019455252918,0.40069257269787156,4,2400,171,30.0,True,0.0001,5e-05,,lrc5e-05,False,29.0
tissuemnist,L50_G50,RegNetY400MF,3,tralo,1,29,86,86,110,0,0.3759144648657322,0.3424124513618677,0.3541878120365579,4,2400,171,30.0,True,0.0001,5e-05,,lrc5e-05,False,29.0
tissuemnist,L50_G50,RegNetY400MF,1,tralo,1,29,86,86,121,0,0.429430289815929,0.32684824902723736,0.416865985180464,4,2400,171,30.0,True,0.0001,5e-05,,lrc5e-05,False,29.0
tissuemnist,L50_G50,RegNetY400MF,2,tralo,1,29,86,86,125,0,0.3920907614220151,0.31906614785992216,0.39461120182890275,4,2400,171,30.0,True,0.0001,5e-05,,lrc5e-05,False,29.0
tissuemnist,L50_G50,RegNetY400MF,4,fioretto_ldf,1,29,86,86,107,0,0.4163275329490183,0.3424124513618677,0.41519043917890375,4,2400,171,28.0,,0.0001,5e-05,,lrc5e-05,False,29.0
tissuemnist,L50_G50,RegNetY400MF,3,fioretto_ldf,1,29,86,86,110,0,0.3759144648657322,0.3424124513618677,0.3541878120365579,4,2400,171,28.0,,0.0001,5e-05,,lrc5e-05,False,29.0
tissuemnist,L50_G50,RegNetY400MF,1,fioretto_ldf,1,29,86,86,122,0,0.4098524849291388,0.3424124513618677,0.41943497339533914,4,2400,171,28.0,,0.0001,5e-05,,lrc5e-05,False,29.0
tissuemnist,L50_G50,RegNetY400MF,2,fioretto_ldf,1,29,86,86,120,0,0.3151625185626379,0.28793774319066145,0.4178991905983333,4,2400,171,28.0,,0.0001,5e-05,,lrc5e-05,False,29.0
octmnist,L50_G50,RegNetY400MF,4,hounie_rcl,1,29,125,125,41,0,0.6117574043929168,0.49066666666666664,0.6954197758777044,2,1000,250,28.0,,0.0001,5e-05,,lrc5e-05,True,29.0
octmnist,L50_G50,RegNetY400MF,3,hounie_rcl,1,29,125,125,121,0,0.6328718306533957,0.4746666666666667,0.7104870219179157,2,1000,250,28.0,,0.0001,5e-05,,lrc5e-05,False,29.0
octmnist,L50_G50,RegNetY400MF,1,hounie_rcl,1,29,125,125,86,0,0.6920897081695078,0.5386666666666666,0.733533957030383,2,1000,250,28.0,,0.0001,5e-05,,lrc5e-05,False,29.0
octmnist,L50_G50,RegNetY400MF,2,hounie_rcl,1,29,125,125,32,0,0.6713012213511901,0.5546666666666666,0.7470673920031532,2,1000,250,28.0,,0.0001,5e-05,,lrc5e-05,True,29.0
octmnist,L50_G50,RegNetY400MF,4,tralo,1,29,125,125,80,0,0.7256819271693025,0.528,0.7349291936751569,2,1000,250,30.0,True,0.0001,5e-05,,lrc5e-05,False,29.0
octmnist,L50_G50,RegNetY400MF,3,tralo,1,29,125,125,131,0,0.7077795745048113,0.512,0.7354131716178005,2,1000,250,30.0,True,0.0001,5e-05,,lrc5e-05,False,29.0
octmnist,L50_G50,RegNetY400MF,1,tralo,1,29,125,125,84,0,0.6850387384603875,0.5173333333333333,0.7084038423286544,2,1000,250,30.0,True,0.0001,5e-05,,lrc5e-05,False,29.0
octmnist,L50_G50,RegNetY400MF,2,tralo,1,29,125,125,105,0,0.7050207221996209,0.528,0.73823521438945,2,1000,250,30.0,True,0.0001,5e-05,,lrc5e-05,False,29.0
octmnist,L50_G50,RegNetY400MF,4,fioretto_ldf,1,29,125,125,142,0,0.7240882230600514,0.5333333333333333,0.7236439411082995,2,1000,250,28.0,,0.0001,5e-05,,lrc5e-05,False,29.0
octmnist,L50_G50,RegNetY400MF,3,fioretto_ldf,1,29,125,125,136,0,0.6661121265214518,0.5066666666666667,0.7126229319068201,2,1000,250,28.0,,0.0001,5e-05,,lrc5e-05,False,29.0
octmnist,L50_G50,RegNetY400MF,1,fioretto_ldf,1,29,125,125,110,0,0.7451864762949474,0.5333333333333333,0.7356831210166785,2,1000,250,28.0,,0.0001,5e-05,,lrc5e-05,False,29.0
octmnist,L50_G50,RegNetY400MF,2,fioretto_ldf,1,29,125,125,106,0,0.725920217598725,0.5386666666666666,0.7374129961122742,2,1000,250,28.0,,0.0001,5e-05,,lrc5e-05,False,29.0
dermmnist,L30_G30,MobileNetV3,4,hounie_rcl,1,29,67,67,30,0,0.47196643496033996,0.35172413793103446,0.6620589003730741,4,2003,223,28.0,,0.0001,5e-05,,lrc5e-05,False,29.0
dermmnist,L30_G30,MobileNetV3,3,hounie_rcl,1,29,67,67,31,0,0.5513384906845996,0.38620689655172413,0.6724114782718863,4,2003,223,27.0,,0.0001,5e-05,,lrc5e-05,False,28.0
dermmnist,L30_G30,MobileNetV3,1,hounie_rcl,1,29,67,67,41,0,0.6103578625451181,0.41379310344827586,0.7005653228385614,4,2003,223,28.0,,0.0001,5e-05,,lrc5e-05,False,29.0
dermmnist,L30_G30,MobileNetV3,2,hounie_rcl,1,29,67,67,25,0,0.5392398554286428,0.36551724137931035,0.6929053198421941,4,2003,223,28.0,,0.0001,5e-05,,lrc5e-05,False,29.0
dermmnist,L30_G30,MobileNetV3,4,tralo,1,29,67,67,29,0,0.3631361930785864,0.27586206896551724,0.6429169672534496,4,2003,223,26.0,True,0.0001,5e-05,,lrc5e-05,False,25.0
dermmnist,L30_G30,MobileNetV3,3,tralo,1,29,67,67,59,0,0.538059450642133,0.38620689655172413,0.6714948769644703,4,2003,223,27.0,True,0.0001,5e-05,,lrc5e-05,False,26.0
dermmnist,L30_G30,MobileNetV3,1,tralo,1,29,67,67,57,0,0.5498123258321266,0.4068965517241379,0.7221160622699517,4,2003,223,30.0,True,0.0001,5e-05,,lrc5e-05,False,29.0
dermmnist,L30_G30,MobileNetV3,2,tralo,1,29,67,67,57,0,0.46161783240307525,0.3793103448275862,0.6465508738826893,4,2003,223,27.0,True,0.0001,5e-05,,lrc5e-05,False,26.0
dermmnist,L30_G30,MobileNetV3,4,fioretto_ldf,1,29,67,67,54,0,0.5276397058499075,0.38620689655172413,0.7112381277080074,4,2003,223,22.0,,0.0001,5e-05,,lrc5e-05,False,23.0
dermmnist,L30_G30,MobileNetV3,3,fioretto_ldf,1,29,67,67,57,0,0.5888491006730963,0.4068965517241379,0.6956939567629725,4,2003,223,21.0,,0.0001,5e-05,,lrc5e-05,False,22.0
dermmnist,L30_G30,MobileNetV3,1,fioretto_ldf,1,29,67,67,61,0,0.5690829275345441,0.41379310344827586,0.7030948578180309,4,2003,223,21.0,,0.0001,5e-05,,lrc5e-05,False,22.0
dermmnist,L30_G30,MobileNetV3,2,fioretto_ldf,1,29,67,67,46,0,0.5375008775651788,0.4,0.6906472027467332,4,2003,223,23.0,,0.0001,5e-05,,lrc5e-05,False,24.0
tissuemnist,L30_G30,MobileNetV3,4,hounie_rcl,1,29,51,51,39,0,0.3668206069141085,0.26126126126126126,0.31598356716825976,4,2400,171,28.0,,0.0001,5e-05,,lrc5e-05,False,29.0
tissuemnist,L30_G30,MobileNetV3,3,hounie_rcl,1,29,51,51,66,0,0.33533529643253845,0.2702702702702703,0.4101418188256962,4,2400,171,28.0,,0.0001,5e-05,,lrc5e-05,False,29.0
tissuemnist,L30_G30,MobileNetV3,1,hounie_rcl,1,29,51,51,69,0,0.3723792694842088,0.26126126126126126,0.283276005542205,4,2400,171,28.0,,0.0001,5e-05,,lrc5e-05,False,29.0
tissuemnist,L30_G30,MobileNetV3,2,hounie_rcl,1,29,51,51,90,0,0.3126053721399698,0.22522522522522523,0.38595608470097753,4,2400,171,28.0,,0.0001,5e-05,,lrc5e-05,False,29.0
tissuemnist,L30_G30,MobileNetV3,4,tralo,1,29,51,51,39,0,0.3668206069141085,0.26126126126126126,0.31598356716825976,4,2400,171,30.0,True,0.0001,5e-05,,lrc5e-05,False,29.0
tissuemnist,L30_G30,MobileNetV3,3,tralo,1,29,51,51,69,0,0.33114298846904283,0.21621621621621623,0.3376976901691151,4,2400,171,30.0,True,0.0001,5e-05,,lrc5e-05,False,29.0
tissuemnist,L30_G30,MobileNetV3,1,tralo,1,29,51,51,69,0,0.3723792694842088,0.26126126126126126,0.283276005542205,4,2400,171,30.0,True,0.0001,5e-05,,lrc5e-05,False,29.0
tissuemnist,L30_G30,MobileNetV3,2,tralo,1,29,51,51,108,0,0.31237368019106854,0.23423423423423423,0.391539838471492,4,2400,171,30.0,True,0.0001,5e-05,,lrc5e-05,False,29.0
tissuemnist,L30_G30,MobileNetV3,4,fioretto_ldf,1,29,51,51,39,0,0.3668206069141085,0.26126126126126126,0.31598356716825976,4,2400,171,28.0,,0.0001,5e-05,,lrc5e-05,False,29.0
tissuemnist,L30_G30,MobileNetV3,3,fioretto_ldf,1,29,51,51,70,0,0.3560287132311669,0.27927927927927926,0.4234034188750616,4,2400,171,28.0,,0.0001,5e-05,,lrc5e-05,False,29.0
tissuemnist,L30_G30,MobileNetV3,1,fioretto_ldf,1,29,51,51,69,0,0.3723792694842088,0.26126126126126126,0.283276005542205,4,2400,171,28.0,,0.0001,5e-05,,lrc5e-05,False,29.0
tissuemnist,L30_G30,MobileNetV3,2,fioretto_ldf,1,29,51,51,98,0,0.3205376182552934,0.23423423423423423,0.38840156817630767,4,2400,171,28.0,,0.0001,5e-05,,lrc5e-05,False,29.0
octmnist,L30_G30,MobileNetV3,4,hounie_rcl,1,29,75,7,7,1,0.7232789808339614,0.4246153846153846,0.6737280088260569,2,1000,250,26.0,,0.0001,5e-05,,lrc5e-05,True,27.0
octmnist,L30_G30,MobileNetV3,3,hounie_rcl,1,29,75,9,9,1,0.6225184022993497,0.38153846153846155,0.6727612910597763,2,1000,250,28.0,,0.0001,5e-05,,lrc5e-05,True,29.0
octmnist,L30_G30,MobileNetV3,1,hounie_rcl,1,29,75,9,9,1,0.6449057924860467,0.38153846153846155,0.690562873785359,2,1000,250,28.0,,0.0001,5e-05,,lrc5e-05,True,29.0
octmnist,L30_G30,MobileNetV3,2,hounie_rcl,1,29,75,37,37,1,0.7660729968037757,0.4430769230769231,0.7112166997177289,2,1000,250,28.0,,0.0001,5e-05,,lrc5e-05,False,29.0
octmnist,L30_G30,MobileNetV3,4,tralo,1,29,75,43,43,1,0.521733807672501,0.3569230769230769,0.6310323366473058,2,1000,250,30.0,True,0.0001,5e-05,,lrc5e-05,False,29.0
octmnist,L30_G30,MobileNetV3,3,tralo,1,29,75,40,40,1,0.7668064497263221,0.41846153846153844,0.700591170244688,2,1000,250,30.0,True,0.0001,5e-05,,lrc5e-05,False,29.0
octmnist,L30_G30,MobileNetV3,1,tralo,1,29,75,41,41,1,0.7703629035879024,0.41846153846153844,0.7077628339645675,2,1000,250,30.0,True,0.0001,5e-05,,lrc5e-05,False,29.0
octmnist,L30_G30,MobileNetV3,2,tralo,1,29,75,61,61,1,0.776197021568174,0.4492307692307692,0.7287476033750662,2,1000,250,30.0,True,0.0001,5e-05,,lrc5e-05,False,29.0
octmnist,L30_G30,MobileNetV3,4,fioretto_ldf,1,29,75,62,62,1,0.7869874484499569,0.4492307692307692,0.7345373726392828,2,1000,250,28.0,,0.0001,5e-05,,lrc5e-05,False,29.0
octmnist,L30_G30,MobileNetV3,3,fioretto_ldf,1,29,75,54,54,1,0.7722440816395916,0.4369230769230769,0.7224407668069515,2,1000,250,28.0,,0.0001,5e-05,,lrc5e-05,False,29.0
octmnist,L30_G30,MobileNetV3,1,fioretto_ldf,1,29,75,71,74,0,0.8094606034201336,0.4430769230769231,0.7304704086859517,2,1000,250,28.0,,0.0001,5e-05,,lrc5e-05,False,29.0
octmnist,L30_G30,MobileNetV3,2,fioretto_ldf,1,29,75,62,62,1,0.7601791369054937,0.4246153846153846,0.7122765496885738,2,1000,250,28.0,,0.0001,5e-05,,lrc5e-05,False,29.0
dermmnist,L50_G50,MobileNetV3,4,hounie_rcl,1,29,112,111,52,0,0.5235007484841816,0.4491017964071856,0.6120485289437388,4,2003,223,27.0,,0.0001,0.0001,,fixsel_derm,False,28.0
dermmnist,L50_G50,MobileNetV3,3,hounie_rcl,1,29,112,111,38,0,0.564949066665863,0.48502994011976047,0.6918938892402204,4,2003,223,24.0,,0.0001,0.0001,,fixsel_derm,False,25.0
dermmnist,L50_G50,MobileNetV3,1,hounie_rcl,1,29,112,111,54,0,0.48416291677517437,0.40119760479041916,0.6167989363569445,4,2003,223,28.0,,0.0001,0.0001,,fixsel_derm,False,29.0
dermmnist,L50_G50,MobileNetV3,2,hounie_rcl,1,29,112,111,71,0,0.6082769508687245,0.5089820359281437,0.7112030763810243,4,2003,223,28.0,,0.0001,0.0001,,fixsel_derm,False,29.0
dermmnist,L50_G50,MobileNetV3,4,tralo,1,29,112,111,103,0,0.6879515403009022,0.5508982035928144,0.7353245152579991,4,2003,223,30.0,True,0.0001,0.0001,,fixsel_derm,False,29.0
dermmnist,L50_G50,MobileNetV3,3,tralo,1,29,112,111,105,0,0.6043359878050859,0.5089820359281437,0.6890219009165197,4,2003,223,28.0,True,0.0001,0.0001,,fixsel_derm,False,27.0
dermmnist,L50_G50,MobileNetV3,1,tralo,1,29,112,111,100,0,0.6686968010138868,0.5449101796407185,0.7216079750618636,4,2003,223,23.0,True,0.0001,0.0001,,fixsel_derm,False,22.0
dermmnist,L50_G50,MobileNetV3,2,tralo,1,29,112,111,102,0,0.6825100358915925,0.5568862275449101,0.7354483670525066,4,2003,223,27.0,True,0.0001,0.0001,,fixsel_derm,False,26.0
dermmnist,L50_G50,MobileNetV3,4,fioretto_ldf,1,29,112,111,97,0,0.635610149084322,0.5389221556886228,0.7095523572121492,4,2003,223,20.0,,0.0001,0.0001,,fixsel_derm,False,21.0
dermmnist,L50_G50,MobileNetV3,3,fioretto_ldf,1,29,112,111,76,0,0.6254235776780518,0.5029940119760479,0.6990448327160275,4,2003,223,19.0,,0.0001,0.0001,,fixsel_derm,False,20.0
dermmnist,L50_G50,MobileNetV3,1,fioretto_ldf,1,29,112,111,78,0,0.6420835526670444,0.5329341317365269,0.7261095197055006,4,2003,223,23.0,,0.0001,0.0001,,fixsel_derm,False,24.0
dermmnist,L50_G50,MobileNetV3,2,fioretto_ldf,1,29,112,111,110,0,0.6517579261994727,0.5449101796407185,0.740374871845398,4,2003,223,28.0,,0.0001,0.0001,,fixsel_derm,False,29.0
dermmnist,L30_G30,RegNetY400MF,4,hounie_rcl,1,29,67,67,9,0,0.34403368993858147,0.2827586206896552,0.5804516055245933,4,2003,223,25.0,,0.0001,0.0001,,fixsel_derm,True,26.0
dermmnist,L30_G30,RegNetY400MF,3,hounie_rcl,1,29,67,67,8,0,0.37381258850952215,0.2689655172413793,0.6097409135685086,4,2003,223,20.0,,0.0001,0.0001,,fixsel_derm,True,21.0
dermmnist,L30_G30,RegNetY400MF,1,hounie_rcl,1,29,67,67,16,0,0.5090260122722069,0.3586206896551724,0.6489867752201384,4,2003,223,28.0,,0.0001,0.0001,,fixsel_derm,True,29.0
dermmnist,L30_G30,RegNetY400MF,2,hounie_rcl,1,29,67,67,5,0,0.36470269415610734,0.2413793103448276,0.6157227653644753,4,2003,223,24.0,,0.0001,0.0001,,fixsel_derm,True,25.0
dermmnist,L30_G30,RegNetY400MF,4,tralo,1,29,67,67,53,0,0.12193833604492377,0.041379310344827586,0.2028210777807963,4,2003,223,25.0,True,0.0001,0.0001,,fixsel_derm,False,24.0
dermmnist,L30_G30,RegNetY400MF,3,tralo,1,29,67,67,51,0,0.5982547382550446,0.38620689655172413,0.6529071429895595,4,2003,223,28.0,True,0.0001,0.0001,,fixsel_derm,False,27.0
dermmnist,L30_G30,RegNetY400MF,1,tralo,1,29,67,67,22,0,0.49842527778057233,0.35172413793103446,0.6551182475270949,4,2003,223,30.0,True,0.0001,0.0001,,fixsel_derm,True,29.0
dermmnist,L30_G30,RegNetY400MF,2,tralo,1,29,67,67,42,0,0.5950827623955139,0.3724137931034483,0.6794088590571449,4,2003,223,28.0,True,0.0001,0.0001,,fixsel_derm,False,27.0
dermmnist,L30_G30,RegNetY400MF,4,fioretto_ldf,1,29,67,67,52,0,0.5004014913308018,0.3448275862068966,0.6777103272506845,4,2003,223,28.0,,0.0001,0.0001,,fixsel_derm,False,29.0
dermmnist,L30_G30,RegNetY400MF,3,fioretto_ldf,1,29,67,67,51,0,0.6063083218708846,0.4,0.6362610526390272,4,2003,223,19.0,,0.0001,0.0001,,fixsel_derm,False,20.0
dermmnist,L30_G30,RegNetY400MF,1,fioretto_ldf,1,29,67,67,21,0,0.5673747534459136,0.4,0.6447995230044238,4,2003,223,20.0,,0.0001,0.0001,,fixsel_derm,True,21.0
dermmnist,L30_G30,RegNetY400MF,2,fioretto_ldf,1,29,67,67,51,0,0.5571203326042151,0.3586206896551724,0.6689971169303742,4,2003,223,18.0,,0.0001,0.0001,,fixsel_derm,False,19.0
dermmnist,L50_G50,RegNetY400MF,4,hounie_rcl,1,29,112,111,16,0,0.5026997410940586,0.46107784431137727,0.652774993303165,4,2003,223,25.0,,0.0001,0.0001,,fixsel_derm,True,26.0
dermmnist,L50_G50,RegNetY400MF,3,hounie_rcl,1,29,112,111,28,0,0.5308312386335917,0.46706586826347307,0.6878995980902278,4,2003,223,25.0,,0.0001,0.0001,,fixsel_derm,True,26.0
dermmnist,L50_G50,RegNetY400MF,1,hounie_rcl,1,29,112,111,42,0,0.5129203106947028,0.4550898203592814,0.5938830807998067,4,2003,223,23.0,,0.0001,0.0001,,fixsel_derm,False,24.0
dermmnist,L50_G50,RegNetY400MF,2,hounie_rcl,1,29,112,111,34,0,0.5211105933433501,0.46107784431137727,0.6851637832017671,4,2003,223,28.0,,0.0001,0.0001,,fixsel_derm,True,29.0
dermmnist,L50_G50,RegNetY400MF,4,tralo,1,29,112,111,105,0,0.6547035993877166,0.5329341317365269,0.6864972297758918,4,2003,223,29.0,True,0.0001,0.0001,,fixsel_derm,False,28.0
dermmnist,L50_G50,RegNetY400MF,3,tralo,1,29,112,111,93,0,0.6211784546101591,0.5149700598802395,0.6690534424137493,4,2003,223,29.0,True,0.0001,0.0001,,fixsel_derm,False,28.0
dermmnist,L50_G50,RegNetY400MF,1,tralo,1,29,112,111,79,0,0.6765425485214644,0.5329341317365269,0.6836145025876501,4,2003,223,26.0,True,0.0001,0.0001,,fixsel_derm,False,25.0
dermmnist,L50_G50,RegNetY400MF,2,tralo,1,29,112,111,60,0,0.6036697382658354,0.49700598802395207,0.6886166419670087,4,2003,223,28.0,True,0.0001,0.0001,,fixsel_derm,False,27.0
dermmnist,L50_G50,RegNetY400MF,4,fioretto_ldf,1,29,112,111,99,0,0.5969347987551573,0.46706586826347307,0.7014275466195878,4,2003,223,18.0,,0.0001,0.0001,,fixsel_derm,False,19.0
dermmnist,L50_G50,RegNetY400MF,3,fioretto_ldf,1,29,112,111,48,0,0.6050725719671165,0.5149700598802395,0.6656308157008687,4,2003,223,20.0,,0.0001,0.0001,,fixsel_derm,False,21.0
dermmnist,L50_G50,RegNetY400MF,1,fioretto_ldf,1,29,112,111,91,0,0.6183982790447494,0.49700598802395207,0.6627633199498756,4,2003,223,19.0,,0.0001,0.0001,,fixsel_derm,False,20.0
dermmnist,L50_G50,RegNetY400MF,2,fioretto_ldf,1,29,112,111,69,0,0.618833706892146,0.49101796407185627,0.6852589485616668,4,2003,223,21.0,,0.0001,0.0001,,fixsel_derm,False,22.0
dermmnist,L30_G30,MobileNetV3,4,hounie_rcl,1,29,67,67,25,0,0.44334112674430176,0.31724137931034485,0.5971197071528221,4,2003,223,26.0,,0.0001,0.0001,,fixsel_derm,False,27.0
dermmnist,L30_G30,MobileNetV3,3,hounie_rcl,1,29,67,67,18,0,0.5486722039019932,0.3793103448275862,0.6802899869835946,4,2003,223,21.0,,0.0001,0.0001,,fixsel_derm,True,22.0
dermmnist,L30_G30,MobileNetV3,1,hounie_rcl,1,29,67,67,16,0,0.5068057641748468,0.3310344827586207,0.6525260774790133,4,2003,223,27.0,,0.0001,0.0001,,fixsel_derm,True,28.0
dermmnist,L30_G30,MobileNetV3,2,hounie_rcl,1,29,67,67,28,0,0.43485538652617683,0.33793103448275863,0.7004964515777842,4,2003,223,28.0,,0.0001,0.0001,,fixsel_derm,False,29.0
dermmnist,L30_G30,MobileNetV3,4,tralo,1,29,67,67,55,0,0.6037788230835184,0.42758620689655175,0.6759487845176873,4,2003,223,23.0,True,0.0001,0.0001,,fixsel_derm,False,22.0
dermmnist,L30_G30,MobileNetV3,3,tralo,1,29,67,67,49,0,0.6341374072393323,0.4206896551724138,0.7118167297646911,4,2003,223,22.0,True,0.0001,0.0001,,fixsel_derm,False,21.0
dermmnist,L30_G30,MobileNetV3,1,tralo,1,29,67,67,59,0,0.6308896543603989,0.4,0.7072895477227868,4,2003,223,27.0,True,0.0001,0.0001,,fixsel_derm,False,26.0
dermmnist,L30_G30,MobileNetV3,2,tralo,1,29,67,67,63,0,0.6222895028460954,0.4068965517241379,0.6925745804660509,4,2003,223,23.0,True,0.0001,0.0001,,fixsel_derm,False,22.0
dermmnist,L30_G30,MobileNetV3,4,fioretto_ldf,1,29,67,67,57,0,0.5923911134100882,0.3793103448275862,0.6795426535199438,4,2003,223,22.0,,0.0001,0.0001,,fixsel_derm,False,23.0
dermmnist,L30_G30,MobileNetV3,3,fioretto_ldf,1,29,67,67,34,0,0.5516436037750767,0.3448275862068966,0.6622443743759899,4,2003,223,21.0,,0.0001,0.0001,,fixsel_derm,False,22.0
dermmnist,L30_G30,MobileNetV3,1,fioretto_ldf,1,29,67,67,39,0,0.557781578181268,0.3931034482758621,0.6837560193962464,4,2003,223,25.0,,0.0001,0.0001,,fixsel_derm,False,26.0
dermmnist,L30_G30,MobileNetV3,2,fioretto_ldf,1,29,67,67,23,0,0.5539393406932882,0.3793103448275862,0.7036070437278547,4,2003,223,22.0,,0.0001,0.0001,,fixsel_derm,False,23.0
