dataset,cap,model,seed,method,ep_max,warmup,cep,K,taken,count_raw,AP,ccF1adj,ccF1eq,macroEq,placeboF1,placeboAcc,path
aider,L20_G20,MobileNetV2,4,hounie_rcl,44.0,50,300,20,20,0,0.5658821390098887,0.29508196721311475,0.29508196721311475,0.7721868615095587,0.9499694323542561,0.9761029411764706,results/pending_runs/paper_backbones/MobileNetV2/aider/L20_G20/hounie_rcl/seed_4
aider,L20_G20,MobileNetV2,3,hounie_rcl,40.0,50,300,20,20,1,0.34068277117187246,0.2459016393442623,0.2459016393442623,0.7660981092877276,0.9589535265209812,0.9797794117647058,results/pending_runs/paper_backbones/MobileNetV2/aider/L20_G20/hounie_rcl/seed_3
aider,L20_G20,MobileNetV2,1,hounie_rcl,38.0,50,300,20,20,0,0.22598823113575833,0.16393442622950818,0.16393442622950818,0.7076925642035821,0.9178400509400663,0.9623161764705882,results/pending_runs/paper_backbones/MobileNetV2/aider/L20_G20/hounie_rcl/seed_1
aider,L20_G20,MobileNetV2,2,hounie_rcl,43.0,50,300,20,20,0,0.5353603184440169,0.3114754098360656,0.3114754098360656,0.7850832605280457,0.9630745184262827,0.9816176470588235,results/pending_runs/paper_backbones/MobileNetV2/aider/L20_G20/hounie_rcl/seed_2
aider,L20_G20,MobileNetV2,4,tralo,79.0,50,300,20,20,18,0.8919284558614164,0.32786885245901637,0.32786885245901637,0.7896897439663992,0.9609702239364566,0.9806985294117647,results/pending_runs/paper_backbones/MobileNetV2/aider/L20_G20/tralo/seed_4
aider,L20_G20,MobileNetV2,3,tralo,69.0,50,300,20,20,14,0.8179947983893261,0.32786885245901637,0.32786885245901637,0.7944844362202125,0.9688206558929613,0.984375,results/pending_runs/paper_backbones/MobileNetV2/aider/L20_G20/tralo/seed_3
aider,L20_G20,MobileNetV2,1,tralo,89.0,50,300,20,20,18,0.8079118402931407,0.32786885245901637,0.32786885245901637,0.7741452237259226,0.9414954160495072,0.9724264705882353,results/pending_runs/paper_backbones/MobileNetV2/aider/L20_G20/tralo/seed_1
aider,L20_G20,MobileNetV2,2,tralo,69.0,50,300,20,20,17,0.8478228965682602,0.32786885245901637,0.32786885245901637,0.7942237931108946,0.9725901104222019,0.9862132352941176,results/pending_runs/paper_backbones/MobileNetV2/aider/L20_G20/tralo/seed_2
aider,L20_G20,MobileNetV2,4,danits_lp,0.0,50,300,20,20,100,0.9912407856859365,0.32786885245901637,0.32786885245901637,0.7997505028434703,0.9893370223478847,0.9944852941176471,results/pending_runs/paper_backbones/MobileNetV2/aider/L20_G20/danits_lp/seed_4
aider,L20_G20,MobileNetV2,3,danits_lp,0.0,50,300,20,20,98,0.9938725234734405,0.32786885245901637,0.32786885245901637,0.7846396999435479,0.9710866007675993,0.9852941176470589,results/pending_runs/paper_backbones/MobileNetV2/aider/L20_G20/danits_lp/seed_3
aider,L20_G20,MobileNetV2,1,danits_lp,0.0,50,300,20,20,103,0.9992353832892197,0.32786885245901637,0.32786885245901637,0.7786016749177305,0.9874632077775312,0.9935661764705882,results/pending_runs/paper_backbones/MobileNetV2/aider/L20_G20/danits_lp/seed_1
aider,L20_G20,MobileNetV2,2,danits_lp,0.0,50,300,20,20,100,0.9981963654465621,0.32786885245901637,0.32786885245901637,0.7872087594436867,0.9857236620035255,0.9926470588235294,results/pending_runs/paper_backbones/MobileNetV2/aider/L20_G20/danits_lp/seed_2
aider,L20_G20,MobileNetV2,4,fioretto_ldf,27.0,50,300,20,20,8,0.8418513104463456,0.32786885245901637,0.32786885245901637,0.7894930837309798,0.9607065745230657,0.9806985294117647,results/pending_runs/paper_backbones/MobileNetV2/aider/L20_G20/fioretto_ldf/seed_4
aider,L20_G20,MobileNetV2,3,fioretto_ldf,27.0,50,300,20,20,6,0.7656288194318209,0.32786885245901637,0.32786885245901637,0.7965823793702945,0.9688206558929613,0.984375,results/pending_runs/paper_backbones/MobileNetV2/aider/L20_G20/fioretto_ldf/seed_3
aider,L20_G20,MobileNetV2,1,fioretto_ldf,299.0,50,300,20,20,16,0.7906955217502579,0.32786885245901637,0.32786885245901637,0.7718639425575193,0.9370385289682721,0.9705882352941176,results/pending_runs/paper_backbones/MobileNetV2/aider/L20_G20/fioretto_ldf/seed_1
aider,L20_G20,MobileNetV2,2,fioretto_ldf,28.0,50,300,20,20,14,0.7970754071857266,0.32786885245901637,0.32786885245901637,0.790613506260079,0.9650008766818546,0.9825367647058824,results/pending_runs/paper_backbones/MobileNetV2/aider/L20_G20/fioretto_ldf/seed_2
aider,L20_G20,MobileNetV2,4,tralo_bounded,69.0,50,300,20,20,15,0.8790189714812492,0.32786885245901637,0.32786885245901637,0.7909932156950847,0.9627237526067441,0.9816176470588235,results/pending_runs/paper_backbones/MobileNetV2/aider/L20_G20/tralo_bounded/seed_4
aider,L20_G20,MobileNetV2,3,tralo_bounded,69.0,50,300,20,20,4,0.7602449880511076,0.32786885245901637,0.32786885245901637,0.795527540839428,0.9688206558929613,0.984375,results/pending_runs/paper_backbones/MobileNetV2/aider/L20_G20/tralo_bounded/seed_3
aider,L20_G20,MobileNetV2,1,tralo_bounded,69.0,50,300,20,20,14,0.7730958542334949,0.32786885245901637,0.32786885245901637,0.7701791680389288,0.9347768618199656,0.9696691176470589,results/pending_runs/paper_backbones/MobileNetV2/aider/L20_G20/tralo_bounded/seed_1
aider,L20_G20,MobileNetV2,2,tralo_bounded,69.0,50,300,20,20,15,0.8266287150008809,0.32786885245901637,0.32786885245901637,0.7952337087704378,0.9725901104222019,0.9862132352941176,results/pending_runs/paper_backbones/MobileNetV2/aider/L20_G20/tralo_bounded/seed_2
aider,L20_G20,MobileNetV2,4,heuristic,0.0,50,300,20,20,100,0.9912407856859365,0.32786885245901637,0.32786885245901637,0.7997505028434703,0.9893370223478847,0.9944852941176471,results/pending_runs/paper_backbones/MobileNetV2/aider/L20_G20/heuristic/seed_4
aider,L20_G20,MobileNetV2,3,heuristic,0.0,50,300,20,20,98,0.9938725234734405,0.32786885245901637,0.32786885245901637,0.7846396999435479,0.9710866007675993,0.9852941176470589,results/pending_runs/paper_backbones/MobileNetV2/aider/L20_G20/heuristic/seed_3
aider,L20_G20,MobileNetV2,1,heuristic,0.0,50,300,20,20,103,0.9992353832892197,0.32786885245901637,0.32786885245901637,0.7786016749177305,0.9874632077775312,0.9935661764705882,results/pending_runs/paper_backbones/MobileNetV2/aider/L20_G20/heuristic/seed_1
aider,L20_G20,MobileNetV2,2,heuristic,0.0,50,300,20,20,100,0.9981963654465621,0.32786885245901637,0.32786885245901637,0.7872087594436867,0.9857236620035255,0.9926470588235294,results/pending_runs/paper_backbones/MobileNetV2/aider/L20_G20/heuristic/seed_2
aider,L70_G70,MobileNetV2,4,hounie_rcl,53.0,50,300,71,71,42,0.9458582139742329,0.8208092485549133,0.8208092485549133,0.9257837516726056,0.9705834664529065,0.9852941176470589,results/pending_runs/paper_backbones/MobileNetV2/aider/L70_G70/hounie_rcl/seed_4
aider,L70_G70,MobileNetV2,3,hounie_rcl,48.0,50,300,71,71,26,0.8821167269748643,0.8092485549132948,0.8092485549132948,0.9261604031832518,0.9725901104222019,0.9862132352941176,results/pending_runs/paper_backbones/MobileNetV2/aider/L70_G70/hounie_rcl/seed_3
aider,L70_G70,MobileNetV2,1,hounie_rcl,43.0,50,300,71,71,21,0.8602866200319169,0.8208092485549133,0.8208092485549133,0.9087770813803584,0.943691353894598,0.9733455882352942,results/pending_runs/paper_backbones/MobileNetV2/aider/L70_G70/hounie_rcl/seed_1
aider,L70_G70,MobileNetV2,2,hounie_rcl,47.0,50,300,71,71,57,0.9490619558101111,0.8208092485549133,0.8208092485549133,0.9293832667464985,0.9781234177952163,0.9889705882352942,results/pending_runs/paper_backbones/MobileNetV2/aider/L70_G70/hounie_rcl/seed_2
aider,L70_G70,MobileNetV2,4,tralo,78.0,50,300,71,71,70,0.9699524493700853,0.8208092485549133,0.8208092485549133,0.9260815141356934,0.9762702741519704,0.9880514705882353,results/pending_runs/paper_backbones/MobileNetV2/aider/L70_G70/tralo/seed_4
aider,L70_G70,MobileNetV2,3,tralo,75.0,50,300,71,71,69,0.9603065063018391,0.8208092485549133,0.8208092485549133,0.929160230729799,0.9764214284200085,0.9880514705882353,results/pending_runs/paper_backbones/MobileNetV2/aider/L70_G70/tralo/seed_3
aider,L70_G70,MobileNetV2,1,tralo,71.0,50,300,71,71,70,0.9564146098605231,0.8208092485549133,0.8208092485549133,0.9264266022012417,0.9701189467385435,0.9852941176470589,results/pending_runs/paper_backbones/MobileNetV2/aider/L70_G70/tralo/seed_1
aider,L70_G70,MobileNetV2,2,tralo,72.0,50,300,71,71,71,0.975642823978013,0.8208092485549133,0.8208092485549133,0.9293832667464985,0.9781234177952163,0.9889705882352942,results/pending_runs/paper_backbones/MobileNetV2/aider/L70_G70/tralo/seed_2
aider,L70_G70,MobileNetV2,4,danits_lp,0.0,50,300,71,71,100,0.9912407856859365,0.8208092485549133,0.8208092485549133,0.9367660067180924,0.9893370223478847,0.9944852941176471,results/pending_runs/paper_backbones/MobileNetV2/aider/L70_G70/danits_lp/seed_4
aider,L70_G70,MobileNetV2,3,danits_lp,0.0,50,300,71,71,98,0.9938725234734405,0.8208092485549133,0.8208092485549133,0.9242156174041589,0.9710866007675993,0.9852941176470589,results/pending_runs/paper_backbones/MobileNetV2/aider/L70_G70/danits_lp/seed_3
aider,L70_G70,MobileNetV2,1,danits_lp,0.0,50,300,71,71,103,0.9992353832892197,0.8208092485549133,0.8208092485549133,0.9334133558739656,0.9874632077775312,0.9935661764705882,results/pending_runs/paper_backbones/MobileNetV2/aider/L70_G70/danits_lp/seed_1
aider,L70_G70,MobileNetV2,2,danits_lp,0.0,50,300,71,71,100,0.9981963654465621,0.8208092485549133,0.8208092485549133,0.9331580389979639,0.9857236620035255,0.9926470588235294,results/pending_runs/paper_backbones/MobileNetV2/aider/L70_G70/danits_lp/seed_2
aider,L70_G70,MobileNetV2,4,fioretto_ldf,21.0,50,300,71,71,58,0.9626079478008635,0.8208092485549133,0.8208092485549133,0.9252406638551625,0.9725291968925246,0.9862132352941176,results/pending_runs/paper_backbones/MobileNetV2/aider/L70_G70/fioretto_ldf/seed_4
aider,L70_G70,MobileNetV2,3,fioretto_ldf,299.0,50,300,71,71,66,0.9513658988455038,0.8208092485549133,0.8208092485549133,0.931062437667911,0.9762947825994921,0.9880514705882353,results/pending_runs/paper_backbones/MobileNetV2/aider/L70_G70/fioretto_ldf/seed_3
aider,L70_G70,MobileNetV2,1,fioretto_ldf,21.0,50,300,71,71,65,0.9436550680445572,0.8208092485549133,0.8208092485549133,0.9235539205926684,0.9662761500996795,0.9834558823529411,results/pending_runs/paper_backbones/MobileNetV2/aider/L70_G70/fioretto_ldf/seed_1
aider,L70_G70,MobileNetV2,2,fioretto_ldf,21.0,50,300,71,71,68,0.9713691961826144,0.8208092485549133,0.8208092485549133,0.9303869157137823,0.9781234177952163,0.9889705882352942,results/pending_runs/paper_backbones/MobileNetV2/aider/L70_G70/fioretto_ldf/seed_2
aider,L70_G70,MobileNetV2,4,tralo_bounded,64.0,50,300,71,71,69,0.9663314717066385,0.8208092485549133,0.8208092485549133,0.9266823370904187,0.9744576386007129,0.9871323529411765,results/pending_runs/paper_backbones/MobileNetV2/aider/L70_G70/tralo_bounded/seed_4
aider,L70_G70,MobileNetV2,3,tralo_bounded,64.0,50,300,71,71,57,0.9436173249225845,0.8208092485549133,0.8208092485549133,0.931062437667911,0.9762947825994921,0.9880514705882353,results/pending_runs/paper_backbones/MobileNetV2/aider/L70_G70/tralo_bounded/seed_3
aider,L70_G70,MobileNetV2,1,tralo_bounded,64.0,50,300,71,71,70,0.9551426525753977,0.8208092485549133,0.8208092485549133,0.9279078211203556,0.972099852055281,0.9862132352941176,results/pending_runs/paper_backbones/MobileNetV2/aider/L70_G70/tralo_bounded/seed_1
aider,L70_G70,MobileNetV2,2,tralo_bounded,64.0,50,300,71,71,63,0.9634043714428621,0.8208092485549133,0.8208092485549133,0.9303869157137823,0.9781234177952163,0.9889705882352942,results/pending_runs/paper_backbones/MobileNetV2/aider/L70_G70/tralo_bounded/seed_2
aider,L70_G70,MobileNetV2,4,heuristic,0.0,50,300,71,71,100,0.9912407856859365,0.8208092485549133,0.8208092485549133,0.9367660067180924,0.9893370223478847,0.9944852941176471,results/pending_runs/paper_backbones/MobileNetV2/aider/L70_G70/heuristic/seed_4
aider,L70_G70,MobileNetV2,3,heuristic,0.0,50,300,71,71,98,0.9938725234734405,0.8208092485549133,0.8208092485549133,0.9242156174041589,0.9710866007675993,0.9852941176470589,results/pending_runs/paper_backbones/MobileNetV2/aider/L70_G70/heuristic/seed_3
aider,L70_G70,MobileNetV2,1,heuristic,0.0,50,300,71,71,103,0.9992353832892197,0.8208092485549133,0.8208092485549133,0.9334133558739656,0.9874632077775312,0.9935661764705882,results/pending_runs/paper_backbones/MobileNetV2/aider/L70_G70/heuristic/seed_1
aider,L70_G70,MobileNetV2,2,heuristic,0.0,50,300,71,71,100,0.9981963654465621,0.8208092485549133,0.8208092485549133,0.9331580389979639,0.9857236620035255,0.9926470588235294,results/pending_runs/paper_backbones/MobileNetV2/aider/L70_G70/heuristic/seed_2
aider,L30_G30,MobileNetV2,4,hounie_rcl,45.0,50,300,31,31,0,0.6559500589910919,0.42105263157894735,0.42105263157894735,0.8053695665134197,0.952448169314593,0.9770220588235294,results/pending_runs/paper_backbones/MobileNetV2/aider/L30_G30/hounie_rcl/seed_4
aider,L30_G30,MobileNetV2,3,hounie_rcl,40.0,50,300,31,31,1,0.5156569652270944,0.43609022556390975,0.43609022556390975,0.821382070631519,0.9648051441141,0.9825367647058824,results/pending_runs/paper_backbones/MobileNetV2/aider/L30_G30/hounie_rcl/seed_3
aider,L30_G30,MobileNetV2,1,hounie_rcl,37.0,50,300,31,31,2,0.47273164222305064,0.39097744360902253,0.39097744360902253,0.78125135305347,0.9282954150819962,0.9669117647058824,results/pending_runs/paper_backbones/MobileNetV2/aider/L30_G30/hounie_rcl/seed_1
aider,L30_G30,MobileNetV2,2,hounie_rcl,43.0,50,300,31,31,2,0.6765125946880615,0.45112781954887216,0.45112781954887216,0.8214110732449321,0.9630745184262827,0.9816176470588235,results/pending_runs/paper_backbones/MobileNetV2/aider/L30_G30/hounie_rcl/seed_2
aider,L30_G30,MobileNetV2,4,tralo,86.0,50,300,31,31,31,0.9249663462648983,0.46616541353383456,0.46616541353383456,0.8275136962481343,0.9648118654684534,0.9825367647058824,results/pending_runs/paper_backbones/MobileNetV2/aider/L30_G30/tralo/seed_4
aider,L30_G30,MobileNetV2,3,tralo,350.0,50,300,31,31,31,0.8907817800071118,0.46616541353383456,0.46616541353383456,0.8346914284212354,0.9744841159598989,0.9871323529411765,results/pending_runs/paper_backbones/MobileNetV2/aider/L30_G30/tralo/seed_3
aider,L30_G30,MobileNetV2,1,tralo,67.0,50,300,31,31,28,0.8762049520403996,0.46616541353383456,0.46616541353383456,0.8111514189949866,0.9414954160495072,0.9724264705882353,results/pending_runs/paper_backbones/MobileNetV2/aider/L30_G30/tralo/seed_1
aider,L30_G30,MobileNetV2,2,tralo,72.0,50,300,31,31,30,0.888211621871042,0.46616541353383456,0.46616541353383456,0.8292260508303588,0.9725901104222019,0.9862132352941176,results/pending_runs/paper_backbones/MobileNetV2/aider/L30_G30/tralo/seed_2
aider,L30_G30,MobileNetV2,4,danits_lp,0.0,50,300,31,31,100,0.9912407856859365,0.46616541353383456,0.46616541353383456,0.8357783290555981,0.9893370223478847,0.9944852941176471,results/pending_runs/paper_backbones/MobileNetV2/aider/L30_G30/danits_lp/seed_4
aider,L30_G30,MobileNetV2,3,danits_lp,0.0,50,300,31,31,98,0.9938725234734405,0.46616541353383456,0.46616541353383456,0.825349986179417,0.9710866007675993,0.9852941176470589,results/pending_runs/paper_backbones/MobileNetV2/aider/L30_G30/danits_lp/seed_3
aider,L30_G30,MobileNetV2,1,danits_lp,0.0,50,300,31,31,103,0.9992353832892197,0.46616541353383456,0.46616541353383456,0.8221682186609063,0.9874632077775312,0.9935661764705882,results/pending_runs/paper_backbones/MobileNetV2/aider/L30_G30/danits_lp/seed_1
aider,L30_G30,MobileNetV2,2,danits_lp,0.0,50,300,31,31,100,0.9981963654465621,0.46616541353383456,0.46616541353383456,0.8267131859265335,0.9857236620035255,0.9926470588235294,results/pending_runs/paper_backbones/MobileNetV2/aider/L30_G30/danits_lp/seed_2
aider,L30_G30,MobileNetV2,4,fioretto_ldf,27.0,50,300,31,31,19,0.8988146744124071,0.46616541353383456,0.46616541353383456,0.8269790065662905,0.9627237526067441,0.9816176470588235,results/pending_runs/paper_backbones/MobileNetV2/aider/L30_G30/fioretto_ldf/seed_4
aider,L30_G30,MobileNetV2,3,fioretto_ldf,27.0,50,300,31,31,22,0.8502572318617381,0.46616541353383456,0.46616541353383456,0.8315179249716141,0.9688206558929613,0.984375,results/pending_runs/paper_backbones/MobileNetV2/aider/L30_G30/fioretto_ldf/seed_3
aider,L30_G30,MobileNetV2,1,fioretto_ldf,26.0,50,300,31,31,25,0.8606862345433921,0.46616541353383456,0.46616541353383456,0.8111514189949866,0.9414954160495072,0.9724264705882353,results/pending_runs/paper_backbones/MobileNetV2/aider/L30_G30/fioretto_ldf/seed_1
aider,L30_G30,MobileNetV2,2,fioretto_ldf,27.0,50,300,31,31,20,0.8572036629282113,0.46616541353383456,0.46616541353383456,0.83022343127689,0.9725901104222019,0.9862132352941176,results/pending_runs/paper_backbones/MobileNetV2/aider/L30_G30/fioretto_ldf/seed_2
aider,L30_G30,MobileNetV2,4,tralo_bounded,67.0,50,300,31,31,28,0.9123963243293357,0.46616541353383456,0.46616541353383456,0.8259468961423141,0.9627237526067441,0.9816176470588235,results/pending_runs/paper_backbones/MobileNetV2/aider/L30_G30/tralo_bounded/seed_4
aider,L30_G30,MobileNetV2,3,tralo_bounded,67.0,50,300,31,31,20,0.8442081323555086,0.46616541353383456,0.46616541353383456,0.8315179249716141,0.9688206558929613,0.984375,results/pending_runs/paper_backbones/MobileNetV2/aider/L30_G30/tralo_bounded/seed_3
aider,L30_G30,MobileNetV2,1,tralo_bounded,67.0,50,300,31,31,20,0.8419719724821603,0.46616541353383456,0.46616541353383456,0.8111514189949866,0.9414954160495072,0.9724264705882353,results/pending_runs/paper_backbones/MobileNetV2/aider/L30_G30/tralo_bounded/seed_1
aider,L30_G30,MobileNetV2,2,tralo_bounded,67.0,50,300,31,31,17,0.8354840303876764,0.46616541353383456,0.46616541353383456,0.8312317983101194,0.9725901104222019,0.9862132352941176,results/pending_runs/paper_backbones/MobileNetV2/aider/L30_G30/tralo_bounded/seed_2
aider,L30_G30,MobileNetV2,4,heuristic,0.0,50,300,31,31,100,0.9912407856859365,0.46616541353383456,0.46616541353383456,0.8357783290555981,0.9893370223478847,0.9944852941176471,results/pending_runs/paper_backbones/MobileNetV2/aider/L30_G30/heuristic/seed_4
aider,L30_G30,MobileNetV2,3,heuristic,0.0,50,300,31,31,98,0.9938725234734405,0.46616541353383456,0.46616541353383456,0.825349986179417,0.9710866007675993,0.9852941176470589,results/pending_runs/paper_backbones/MobileNetV2/aider/L30_G30/heuristic/seed_3
aider,L30_G30,MobileNetV2,1,heuristic,0.0,50,300,31,31,103,0.9992353832892197,0.46616541353383456,0.46616541353383456,0.8221682186609063,0.9874632077775312,0.9935661764705882,results/pending_runs/paper_backbones/MobileNetV2/aider/L30_G30/heuristic/seed_1
aider,L30_G30,MobileNetV2,2,heuristic,0.0,50,300,31,31,100,0.9981963654465621,0.46616541353383456,0.46616541353383456,0.8267131859265335,0.9857236620035255,0.9926470588235294,results/pending_runs/paper_backbones/MobileNetV2/aider/L30_G30/heuristic/seed_2
aider,L80_G80,MobileNetV2,4,hounie_rcl,61.0,50,300,82,82,65,0.9671070336006445,0.8913043478260869,0.8913043478260869,0.9515547582960823,0.9780677166766356,0.9889705882352942,results/pending_runs/paper_backbones/MobileNetV2/aider/L80_G80/hounie_rcl/seed_4
aider,L80_G80,MobileNetV2,3,hounie_rcl,55.0,50,300,82,82,51,0.9442105371789657,0.8913043478260869,0.8913043478260869,0.9522697735212318,0.9762947825994921,0.9880514705882353,results/pending_runs/paper_backbones/MobileNetV2/aider/L80_G80/hounie_rcl/seed_3
aider,L80_G80,MobileNetV2,1,hounie_rcl,47.0,50,300,82,82,62,0.9427214657120496,0.8913043478260869,0.8913043478260869,0.9447774510210786,0.9662761500996795,0.9834558823529411,results/pending_runs/paper_backbones/MobileNetV2/aider/L80_G80/hounie_rcl/seed_1
aider,L80_G80,MobileNetV2,2,hounie_rcl,47.0,50,300,82,82,77,0.9864553269464835,0.8913043478260869,0.8913043478260869,0.9505333053767964,0.9781234177952163,0.9889705882352942,results/pending_runs/paper_backbones/MobileNetV2/aider/L80_G80/hounie_rcl/seed_2
aider,L80_G80,MobileNetV2,4,tralo,350.0,50,300,82,82,78,0.9728179424434517,0.8913043478260869,0.8913043478260869,0.9502099785652618,0.9762702741519704,0.9880514705882353,results/pending_runs/paper_backbones/MobileNetV2/aider/L80_G80/tralo/seed_4
aider,L80_G80,MobileNetV2,3,tralo,115.0,50,300,82,82,82,0.9705001747286702,0.8913043478260869,0.8913043478260869,0.9522697735212318,0.9762947825994921,0.9880514705882353,results/pending_runs/paper_backbones/MobileNetV2/aider/L80_G80/tralo/seed_3
aider,L80_G80,MobileNetV2,1,tralo,70.0,50,300,82,82,80,0.975605719616743,0.8913043478260869,0.8913043478260869,0.9524006927618729,0.9778657616892911,0.9889705882352942,results/pending_runs/paper_backbones/MobileNetV2/aider/L80_G80/tralo/seed_1
aider,L80_G80,MobileNetV2,2,tralo,66.0,50,300,82,82,80,0.9854709659030085,0.8913043478260869,0.8913043478260869,0.9519511376501999,0.9800180591769925,0.9898897058823529,results/pending_runs/paper_backbones/MobileNetV2/aider/L80_G80/tralo/seed_2
aider,L80_G80,MobileNetV2,4,danits_lp,0.0,50,300,82,82,100,0.9912407856859365,0.8913043478260869,0.8913043478260869,0.9559164107069539,0.9893370223478847,0.9944852941176471,results/pending_runs/paper_backbones/MobileNetV2/aider/L80_G80/danits_lp/seed_4
aider,L80_G80,MobileNetV2,3,danits_lp,0.0,50,300,82,82,98,0.9938725234734405,0.8913043478260869,0.8913043478260869,0.9453620652392298,0.9710866007675993,0.9852941176470589,results/pending_runs/paper_backbones/MobileNetV2/aider/L80_G80/danits_lp/seed_3
aider,L80_G80,MobileNetV2,1,danits_lp,0.0,50,300,82,82,103,0.9992353832892197,0.8913043478260869,0.8913043478260869,0.955504864481876,0.9874632077775312,0.9935661764705882,results/pending_runs/paper_backbones/MobileNetV2/aider/L80_G80/danits_lp/seed_1
aider,L80_G80,MobileNetV2,2,danits_lp,0.0,50,300,82,82,100,0.9981963654465621,0.8913043478260869,0.8913043478260869,0.9552470761234992,0.9857236620035255,0.9926470588235294,results/pending_runs/paper_backbones/MobileNetV2/aider/L80_G80/danits_lp/seed_2
aider,L80_G80,MobileNetV2,4,fioretto_ldf,299.0,50,300,82,82,85,0.9771243325436048,0.8913043478260869,0.8913043478260869,0.9505519645399063,0.9780677166766356,0.9889705882352942,results/pending_runs/paper_backbones/MobileNetV2/aider/L80_G80/fioretto_ldf/seed_4
aider,L80_G80,MobileNetV2,3,fioretto_ldf,18.0,50,300,82,82,79,0.9660209800825071,0.8913043478260869,0.8913043478260869,0.9522697735212318,0.9762947825994921,0.9880514705882353,results/pending_runs/paper_backbones/MobileNetV2/aider/L80_G80/fioretto_ldf/seed_3
aider,L80_G80,MobileNetV2,1,fioretto_ldf,19.0,50,300,82,82,71,0.9642444830075833,0.8913043478260869,0.8913043478260869,0.9491658445940727,0.9721437982307547,0.9862132352941176,results/pending_runs/paper_backbones/MobileNetV2/aider/L80_G80/fioretto_ldf/seed_1
aider,L80_G80,MobileNetV2,2,fioretto_ldf,17.0,50,300,82,82,78,0.989160596420999,0.8913043478260869,0.8913043478260869,0.9505333053767964,0.9781234177952163,0.9889705882352942,results/pending_runs/paper_backbones/MobileNetV2/aider/L80_G80/fioretto_ldf/seed_2
aider,L80_G80,MobileNetV2,4,tralo_bounded,63.0,50,300,82,82,80,0.9736394924417872,0.8913043478260869,0.8913043478260869,0.9502099785652618,0.9762702741519704,0.9880514705882353,results/pending_runs/paper_backbones/MobileNetV2/aider/L80_G80/tralo_bounded/seed_4
aider,L80_G80,MobileNetV2,3,tralo_bounded,63.0,50,300,82,82,81,0.9684038586914542,0.8913043478260869,0.8913043478260869,0.9526417813502213,0.9781892116732624,0.9889705882352942,results/pending_runs/paper_backbones/MobileNetV2/aider/L80_G80/tralo_bounded/seed_3
aider,L80_G80,MobileNetV2,1,tralo_bounded,63.0,50,300,82,82,77,0.9731976226588701,0.8913043478260869,0.8913043478260869,0.9534479678720267,0.9778657616892911,0.9889705882352942,results/pending_runs/paper_backbones/MobileNetV2/aider/L80_G80/tralo_bounded/seed_1
aider,L80_G80,MobileNetV2,2,tralo_bounded,61.0,50,300,82,82,78,0.9834001791942237,0.8913043478260869,0.8913043478260869,0.9505333053767964,0.9781234177952163,0.9889705882352942,results/pending_runs/paper_backbones/MobileNetV2/aider/L80_G80/tralo_bounded/seed_2
aider,L80_G80,MobileNetV2,4,heuristic,0.0,50,300,82,82,100,0.9912407856859365,0.8913043478260869,0.8913043478260869,0.9559164107069539,0.9893370223478847,0.9944852941176471,results/pending_runs/paper_backbones/MobileNetV2/aider/L80_G80/heuristic/seed_4
aider,L80_G80,MobileNetV2,3,heuristic,0.0,50,300,82,82,98,0.9938725234734405,0.8913043478260869,0.8913043478260869,0.9453620652392298,0.9710866007675993,0.9852941176470589,results/pending_runs/paper_backbones/MobileNetV2/aider/L80_G80/heuristic/seed_3
aider,L80_G80,MobileNetV2,1,heuristic,0.0,50,300,82,82,103,0.9992353832892197,0.8913043478260869,0.8913043478260869,0.955504864481876,0.9874632077775312,0.9935661764705882,results/pending_runs/paper_backbones/MobileNetV2/aider/L80_G80/heuristic/seed_1
aider,L80_G80,MobileNetV2,2,heuristic,0.0,50,300,82,82,100,0.9981963654465621,0.8913043478260869,0.8913043478260869,0.9552470761234992,0.9857236620035255,0.9926470588235294,results/pending_runs/paper_backbones/MobileNetV2/aider/L80_G80/heuristic/seed_2
dermmnist,L20_G20,MobileNetV2,4,hounie_rcl,29.0,50,300,45,45,20,0.6312541157886182,0.31343283582089554,0.31343283582089554,0.6816332506210215,0.7876531974475268,0.9123595505617977,results/pending_runs/paper_backbones/MobileNetV2/dermmnist/L20_G20/hounie_rcl/seed_4
dermmnist,L20_G20,MobileNetV2,3,hounie_rcl,34.0,50,300,45,45,24,0.6259007321499401,0.30597014925373134,0.30597014925373134,0.6577008108186052,0.7635684943733861,0.9101123595505618,results/pending_runs/paper_backbones/MobileNetV2/dermmnist/L20_G20/hounie_rcl/seed_3
dermmnist,L20_G20,MobileNetV2,1,hounie_rcl,27.0,50,300,45,45,20,0.5872009592209897,0.29850746268656714,0.29850746268656714,0.6711608057758903,0.7705607712178937,0.9084269662921348,results/pending_runs/paper_backbones/MobileNetV2/dermmnist/L20_G20/hounie_rcl/seed_1
dermmnist,L20_G20,MobileNetV2,2,hounie_rcl,23.0,50,300,45,45,11,0.578167441676417,0.2835820895522388,0.2835820895522388,0.6780246779800099,0.7831742073926676,0.9185393258426966,results/pending_runs/paper_backbones/MobileNetV2/dermmnist/L20_G20/hounie_rcl/seed_2
dermmnist,L20_G20,MobileNetV2,4,tralo,95.0,50,300,45,45,45,0.6565460246900496,0.31343283582089554,0.31343283582089554,0.6889237724765237,0.7968208851695483,0.9140449438202247,results/pending_runs/paper_backbones/MobileNetV2/dermmnist/L20_G20/tralo/seed_4
dermmnist,L20_G20,MobileNetV2,3,tralo,79.0,50,300,45,45,44,0.6424069517319727,0.30597014925373134,0.30597014925373134,0.6651120325046423,0.7719915761109656,0.9095505617977528,results/pending_runs/paper_backbones/MobileNetV2/dermmnist/L20_G20/tralo/seed_3
dermmnist,L20_G20,MobileNetV2,1,tralo,75.0,50,300,45,45,40,0.6120841820321519,0.31343283582089554,0.31343283582089554,0.6745567264188933,0.7668568570584826,0.9061797752808989,results/pending_runs/paper_backbones/MobileNetV2/dermmnist/L20_G20/tralo/seed_1
dermmnist,L20_G20,MobileNetV2,2,tralo,97.0,50,300,45,45,44,0.6299921386395398,0.291044776119403,0.291044776119403,0.6639242787715967,0.7660713825492413,0.9151685393258427,results/pending_runs/paper_backbones/MobileNetV2/dermmnist/L20_G20/tralo/seed_2
dermmnist,L20_G20,MobileNetV2,4,danits_lp,0.0,50,300,45,45,187,0.67448965388653,0.31343283582089554,0.31343283582089554,0.6824067014128671,0.7899807544202923,0.9112359550561798,results/pending_runs/paper_backbones/MobileNetV2/dermmnist/L20_G20/danits_lp/seed_4
dermmnist,L20_G20,MobileNetV2,3,danits_lp,0.0,50,300,45,45,205,0.6740513344216272,0.29850746268656714,0.29850746268656714,0.6591632679665613,0.7654641569207076,0.9061797752808989,results/pending_runs/paper_backbones/MobileNetV2/dermmnist/L20_G20/danits_lp/seed_3
dermmnist,L20_G20,MobileNetV2,1,danits_lp,0.0,50,300,45,45,190,0.6562966050211841,0.29850746268656714,0.29850746268656714,0.6695198618646202,0.7742554848939623,0.9084269662921348,results/pending_runs/paper_backbones/MobileNetV2/dermmnist/L20_G20/danits_lp/seed_1
dermmnist,L20_G20,MobileNetV2,2,danits_lp,0.0,50,300,45,45,183,0.6785281298139196,0.31343283582089554,0.31343283582089554,0.6841227973532016,0.783652808092182,0.9151685393258427,results/pending_runs/paper_backbones/MobileNetV2/dermmnist/L20_G20/danits_lp/seed_2
dermmnist,L20_G20,MobileNetV2,4,fioretto_ldf,25.0,50,300,45,45,34,0.6542024374591829,0.31343283582089554,0.31343283582089554,0.6775010058416852,0.7829658594256287,0.9129213483146067,results/pending_runs/paper_backbones/MobileNetV2/dermmnist/L20_G20/fioretto_ldf/seed_4
dermmnist,L20_G20,MobileNetV2,3,fioretto_ldf,27.0,50,300,45,45,39,0.6350194459891149,0.30597014925373134,0.30597014925373134,0.6599206032518605,0.762544667961711,0.9106741573033708,results/pending_runs/paper_backbones/MobileNetV2/dermmnist/L20_G20/fioretto_ldf/seed_3
dermmnist,L20_G20,MobileNetV2,1,fioretto_ldf,25.0,50,300,45,45,25,0.596597386296603,0.29850746268656714,0.29850746268656714,0.6709765553954444,0.7686522402040703,0.9073033707865169,results/pending_runs/paper_backbones/MobileNetV2/dermmnist/L20_G20/fioretto_ldf/seed_1
dermmnist,L20_G20,MobileNetV2,2,fioretto_ldf,25.0,50,300,45,45,25,0.6112374800061482,0.2835820895522388,0.2835820895522388,0.6658175288411969,0.778004559632325,0.9174157303370787,results/pending_runs/paper_backbones/MobileNetV2/dermmnist/L20_G20/fioretto_ldf/seed_2
dermmnist,L20_G20,MobileNetV2,4,tralo_bounded,64.0,50,300,45,45,42,0.6536471810913034,0.31343283582089554,0.31343283582089554,0.6762691428799458,0.7855092501783326,0.9117977528089888,results/pending_runs/paper_backbones/MobileNetV2/dermmnist/L20_G20/tralo_bounded/seed_4
dermmnist,L20_G20,MobileNetV2,3,tralo_bounded,65.0,50,300,45,45,39,0.6441123703286336,0.30597014925373134,0.30597014925373134,0.6510007846702052,0.7554121856813613,0.9084269662921348,results/pending_runs/paper_backbones/MobileNetV2/dermmnist/L20_G20/tralo_bounded/seed_3
dermmnist,L20_G20,MobileNetV2,1,tralo_bounded,64.0,50,300,45,45,26,0.6018243801506353,0.30597014925373134,0.30597014925373134,0.6763194148705285,0.7749185160005859,0.9101123595505618,results/pending_runs/paper_backbones/MobileNetV2/dermmnist/L20_G20/tralo_bounded/seed_1
dermmnist,L20_G20,MobileNetV2,2,tralo_bounded,63.0,50,300,45,45,29,0.6160879714554311,0.2835820895522388,0.2835820895522388,0.6640748381110765,0.776757487508655,0.9168539325842696,results/pending_runs/paper_backbones/MobileNetV2/dermmnist/L20_G20/tralo_bounded/seed_2
dermmnist,L20_G20,MobileNetV2,4,heuristic,0.0,50,300,45,45,187,0.67448965388653,0.31343283582089554,0.31343283582089554,0.6824067014128671,0.7899807544202923,0.9112359550561798,results/pending_runs/paper_backbones/MobileNetV2/dermmnist/L20_G20/heuristic/seed_4
dermmnist,L20_G20,MobileNetV2,3,heuristic,0.0,50,300,45,45,205,0.6740513344216272,0.29850746268656714,0.29850746268656714,0.6591632679665613,0.7654641569207076,0.9061797752808989,results/pending_runs/paper_backbones/MobileNetV2/dermmnist/L20_G20/heuristic/seed_3
dermmnist,L20_G20,MobileNetV2,1,heuristic,0.0,50,300,45,45,190,0.6562966050211841,0.29850746268656714,0.29850746268656714,0.6695198618646202,0.7742554848939623,0.9084269662921348,results/pending_runs/paper_backbones/MobileNetV2/dermmnist/L20_G20/heuristic/seed_1
dermmnist,L20_G20,MobileNetV2,2,heuristic,0.0,50,300,45,45,183,0.6785281298139196,0.31343283582089554,0.31343283582089554,0.6841227973532016,0.783652808092182,0.9151685393258427,results/pending_runs/paper_backbones/MobileNetV2/dermmnist/L20_G20/heuristic/seed_2
dermmnist,L70_G70,MobileNetV2,4,hounie_rcl,27.0,50,300,156,156,123,0.6854204431801691,0.6015831134564644,0.6015831134564644,0.7490464915177937,0.8039732439737564,0.9168539325842696,results/pending_runs/paper_backbones/MobileNetV2/dermmnist/L70_G70/hounie_rcl/seed_4
dermmnist,L70_G70,MobileNetV2,3,hounie_rcl,31.0,50,300,156,156,125,0.6820156772537149,0.5910290237467019,0.5910290237467019,0.7303179717699392,0.7903744413091007,0.9168539325842696,results/pending_runs/paper_backbones/MobileNetV2/dermmnist/L70_G70/hounie_rcl/seed_3
dermmnist,L70_G70,MobileNetV2,1,hounie_rcl,25.0,50,300,156,156,126,0.6557492584315823,0.6068601583113457,0.6068601583113457,0.7186310523824592,0.7717928212112355,0.9078651685393259,results/pending_runs/paper_backbones/MobileNetV2/dermmnist/L70_G70/hounie_rcl/seed_1
dermmnist,L70_G70,MobileNetV2,2,hounie_rcl,21.0,50,300,156,156,105,0.666344279095238,0.6015831134564644,0.6015831134564644,0.7281279769435283,0.7749480423144103,0.9151685393258427,results/pending_runs/paper_backbones/MobileNetV2/dermmnist/L70_G70/hounie_rcl/seed_2
dermmnist,L70_G70,MobileNetV2,4,tralo,96.0,50,300,156,156,154,0.6849145295955065,0.5804749340369393,0.5804749340369393,0.7396714909220053,0.7977313361113533,0.9129213483146067,results/pending_runs/paper_backbones/MobileNetV2/dermmnist/L70_G70/tralo/seed_4
dermmnist,L70_G70,MobileNetV2,3,tralo,350.0,50,300,156,156,152,0.6721044561957258,0.5910290237467019,0.5857519788918206,0.7290764743812207,0.7892025603836758,0.9146067415730337,results/pending_runs/paper_backbones/MobileNetV2/dermmnist/L70_G70/tralo/seed_3
dermmnist,L70_G70,MobileNetV2,1,tralo,63.0,50,300,156,156,144,0.6543062844980321,0.5910290237467019,0.5910290237467019,0.7209052324465075,0.7774351685489153,0.9095505617977528,results/pending_runs/paper_backbones/MobileNetV2/dermmnist/L70_G70/tralo/seed_1
dermmnist,L70_G70,MobileNetV2,2,tralo,103.0,50,300,156,156,155,0.6745704185040879,0.6174142480211082,0.6174142480211082,0.7306058349843152,0.7770833976427897,0.9146067415730337,results/pending_runs/paper_backbones/MobileNetV2/dermmnist/L70_G70/tralo/seed_2
dermmnist,L70_G70,MobileNetV2,4,danits_lp,0.0,50,300,156,156,187,0.67448965388653,0.5804749340369393,0.5857519788918206,0.7294581488843566,0.7899807544202923,0.9112359550561798,results/pending_runs/paper_backbones/MobileNetV2/dermmnist/L70_G70/danits_lp/seed_4
dermmnist,L70_G70,MobileNetV2,3,danits_lp,0.0,50,300,156,156,205,0.6740513344216272,0.6047745358090185,0.6121372031662269,0.7215826268383945,0.7654641569207076,0.9061797752808989,results/pending_runs/paper_backbones/MobileNetV2/dermmnist/L70_G70/danits_lp/seed_3
dermmnist,L70_G70,MobileNetV2,1,danits_lp,0.0,50,300,156,156,190,0.6562966050211841,0.5963060686015831,0.6015831134564644,0.7186609380900223,0.7742554848939623,0.9084269662921348,results/pending_runs/paper_backbones/MobileNetV2/dermmnist/L70_G70/danits_lp/seed_1
dermmnist,L70_G70,MobileNetV2,2,danits_lp,0.0,50,300,156,156,183,0.6785281298139196,0.6015831134564644,0.6015831134564644,0.7347895755016768,0.783652808092182,0.9151685393258427,results/pending_runs/paper_backbones/MobileNetV2/dermmnist/L70_G70/danits_lp/seed_2
dermmnist,L70_G70,MobileNetV2,4,fioretto_ldf,18.0,50,300,156,156,127,0.6853295544534902,0.6015831134564644,0.6015831134564644,0.7501342229946941,0.8052779370818058,0.9174157303370787,results/pending_runs/paper_backbones/MobileNetV2/dermmnist/L70_G70/fioretto_ldf/seed_4
dermmnist,L70_G70,MobileNetV2,3,fioretto_ldf,16.0,50,300,156,156,139,0.683109174210563,0.6015831134564644,0.5963060686015831,0.731242297944736,0.7900043341113191,0.9162921348314607,results/pending_runs/paper_backbones/MobileNetV2/dermmnist/L70_G70/fioretto_ldf/seed_3
dermmnist,L70_G70,MobileNetV2,1,fioretto_ldf,17.0,50,300,156,156,128,0.6553031486736716,0.6015831134564644,0.6015831134564644,0.7177736691630248,0.7717928212112355,0.9078651685393259,results/pending_runs/paper_backbones/MobileNetV2/dermmnist/L70_G70/fioretto_ldf/seed_1
dermmnist,L70_G70,MobileNetV2,2,fioretto_ldf,17.0,50,300,156,156,130,0.6707529763324338,0.6121372031662269,0.6121372031662269,0.731445547528906,0.775943021033039,0.9134831460674158,results/pending_runs/paper_backbones/MobileNetV2/dermmnist/L70_G70/fioretto_ldf/seed_2
dermmnist,L70_G70,MobileNetV2,4,tralo_bounded,59.0,50,300,156,156,131,0.6859758996558726,0.6015831134564644,0.6015831134564644,0.7501342229946941,0.8052779370818058,0.9174157303370787,results/pending_runs/paper_backbones/MobileNetV2/dermmnist/L70_G70/tralo_bounded/seed_4
dermmnist,L70_G70,MobileNetV2,3,tralo_bounded,350.0,50,300,156,156,141,0.6828528470721823,0.5910290237467019,0.5910290237467019,0.729977090185595,0.7900043341113191,0.9162921348314607,results/pending_runs/paper_backbones/MobileNetV2/dermmnist/L70_G70/tralo_bounded/seed_3
dermmnist,L70_G70,MobileNetV2,1,tralo_bounded,58.0,50,300,156,156,130,0.6555935276178395,0.5963060686015831,0.5963060686015831,0.7168859555524938,0.7723988502562431,0.9078651685393259,results/pending_runs/paper_backbones/MobileNetV2/dermmnist/L70_G70/tralo_bounded/seed_1
dermmnist,L70_G70,MobileNetV2,2,tralo_bounded,58.0,50,300,156,156,135,0.6715196555918602,0.6121372031662269,0.6121372031662269,0.7346378328323562,0.7790159197417795,0.9140449438202247,results/pending_runs/paper_backbones/MobileNetV2/dermmnist/L70_G70/tralo_bounded/seed_2
dermmnist,L70_G70,MobileNetV2,4,heuristic,0.0,50,300,156,156,187,0.67448965388653,0.5857519788918206,0.5857519788918206,0.7294581488843566,0.7899807544202923,0.9112359550561798,results/pending_runs/paper_backbones/MobileNetV2/dermmnist/L70_G70/heuristic/seed_4
dermmnist,L70_G70,MobileNetV2,3,heuristic,0.0,50,300,156,156,205,0.6740513344216272,0.6121372031662269,0.6121372031662269,0.7215826268383945,0.7654641569207076,0.9061797752808989,results/pending_runs/paper_backbones/MobileNetV2/dermmnist/L70_G70/heuristic/seed_3
dermmnist,L70_G70,MobileNetV2,1,heuristic,0.0,50,300,156,156,190,0.6562966050211841,0.6015831134564644,0.6015831134564644,0.7186609380900223,0.7742554848939623,0.9084269662921348,results/pending_runs/paper_backbones/MobileNetV2/dermmnist/L70_G70/heuristic/seed_1
dermmnist,L70_G70,MobileNetV2,2,heuristic,0.0,50,300,156,156,183,0.6785281298139196,0.6015831134564644,0.6015831134564644,0.7347895755016768,0.783652808092182,0.9151685393258427,results/pending_runs/paper_backbones/MobileNetV2/dermmnist/L70_G70/heuristic/seed_2
dermmnist,L30_G30,MobileNetV2,4,hounie_rcl,28.0,50,300,67,67,28,0.6481419856590777,0.41379310344827586,0.41379310344827586,0.6999091503955134,0.7885889837874805,0.9134831460674158,results/pending_runs/paper_backbones/MobileNetV2/dermmnist/L30_G30/hounie_rcl/seed_4
dermmnist,L30_G30,MobileNetV2,3,hounie_rcl,31.0,50,300,67,67,44,0.6489909992282984,0.41379310344827586,0.41379310344827586,0.682503551836196,0.767053318149622,0.9112359550561798,results/pending_runs/paper_backbones/MobileNetV2/dermmnist/L30_G30/hounie_rcl/seed_3
dermmnist,L30_G30,MobileNetV2,1,hounie_rcl,26.0,50,300,67,67,28,0.6053682479745581,0.38620689655172413,0.38620689655172413,0.6862264806866022,0.7733503922771897,0.9095505617977528,results/pending_runs/paper_backbones/MobileNetV2/dermmnist/L30_G30/hounie_rcl/seed_1
dermmnist,L30_G30,MobileNetV2,2,hounie_rcl,22.0,50,300,67,67,23,0.6022232679767291,0.36551724137931035,0.36551724137931035,0.6829114792968435,0.780977478612558,0.9191011235955057,results/pending_runs/paper_backbones/MobileNetV2/dermmnist/L30_G30/hounie_rcl/seed_2
dermmnist,L30_G30,MobileNetV2,4,tralo,71.0,50,300,67,67,65,0.6684117065657732,0.41379310344827586,0.41379310344827586,0.7060300435279322,0.7957073736434507,0.9140449438202247,results/pending_runs/paper_backbones/MobileNetV2/dermmnist/L30_G30/tralo/seed_4
dermmnist,L30_G30,MobileNetV2,3,tralo,243.0,50,300,67,67,66,0.6554142042288552,0.4068965517241379,0.4068965517241379,0.6989263924263588,0.7849937884235759,0.9157303370786517,results/pending_runs/paper_backbones/MobileNetV2/dermmnist/L30_G30/tralo/seed_3
dermmnist,L30_G30,MobileNetV2,1,tralo,76.0,50,300,67,67,67,0.6353066222155314,0.3931034482758621,0.3931034482758621,0.6895110341921776,0.771151800317417,0.9050561797752809,results/pending_runs/paper_backbones/MobileNetV2/dermmnist/L30_G30/tralo/seed_1
dermmnist,L30_G30,MobileNetV2,2,tralo,75.0,50,300,67,67,66,0.6467132531520903,0.38620689655172413,0.38620689655172413,0.6885531179712945,0.771116346063229,0.9146067415730337,results/pending_runs/paper_backbones/MobileNetV2/dermmnist/L30_G30/tralo/seed_2
dermmnist,L30_G30,MobileNetV2,4,danits_lp,0.0,50,300,67,67,187,0.67448965388653,0.41379310344827586,0.41379310344827586,0.6977461124283915,0.7899807544202923,0.9112359550561798,results/pending_runs/paper_backbones/MobileNetV2/dermmnist/L30_G30/danits_lp/seed_4
dermmnist,L30_G30,MobileNetV2,3,danits_lp,0.0,50,300,67,67,205,0.6740513344216272,0.4,0.4,0.6766399251685031,0.7654641569207076,0.9061797752808989,results/pending_runs/paper_backbones/MobileNetV2/dermmnist/L30_G30/danits_lp/seed_3
dermmnist,L30_G30,MobileNetV2,1,danits_lp,0.0,50,300,67,67,190,0.6562966050211841,0.38620689655172413,0.38620689655172413,0.6847472969618142,0.7742554848939623,0.9084269662921348,results/pending_runs/paper_backbones/MobileNetV2/dermmnist/L30_G30/danits_lp/seed_1
dermmnist,L30_G30,MobileNetV2,2,danits_lp,0.0,50,300,67,67,183,0.6785281298139196,0.4,0.3931034482758621,0.6973608883803968,0.783652808092182,0.9151685393258427,results/pending_runs/paper_backbones/MobileNetV2/dermmnist/L30_G30/danits_lp/seed_2
dermmnist,L30_G30,MobileNetV2,4,fioretto_ldf,24.0,50,300,67,67,54,0.6640732885615613,0.4068965517241379,0.4068965517241379,0.7045504866633984,0.7951657775315435,0.9140449438202247,results/pending_runs/paper_backbones/MobileNetV2/dermmnist/L30_G30/fioretto_ldf/seed_4
dermmnist,L30_G30,MobileNetV2,3,fioretto_ldf,24.0,50,300,67,67,60,0.6581103362515195,0.4068965517241379,0.41379310344827586,0.6843919789817419,0.7676920981251678,0.9117977528089888,results/pending_runs/paper_backbones/MobileNetV2/dermmnist/L30_G30/fioretto_ldf/seed_3
dermmnist,L30_G30,MobileNetV2,1,fioretto_ldf,299.0,50,300,67,67,56,0.6270906093074351,0.38620689655172413,0.38620689655172413,0.6906229789381395,0.7750017994180824,0.9089887640449438,results/pending_runs/paper_backbones/MobileNetV2/dermmnist/L30_G30/fioretto_ldf/seed_1
dermmnist,L30_G30,MobileNetV2,2,fioretto_ldf,24.0,50,300,67,67,39,0.6310657642294166,0.38620689655172413,0.38620689655172413,0.689797612782718,0.7832215232477475,0.9196629213483146,results/pending_runs/paper_backbones/MobileNetV2/dermmnist/L30_G30/fioretto_ldf/seed_2
dermmnist,L30_G30,MobileNetV2,4,tralo_bounded,63.0,50,300,67,67,56,0.6635994293102387,0.4068965517241379,0.4068965517241379,0.7062673802318854,0.7976348833281307,0.9146067415730337,results/pending_runs/paper_backbones/MobileNetV2/dermmnist/L30_G30/tralo_bounded/seed_4
dermmnist,L30_G30,MobileNetV2,3,tralo_bounded,64.0,50,300,67,67,51,0.6542115538391007,0.4,0.4,0.6794710176891801,0.7662044090505873,0.9106741573033708,results/pending_runs/paper_backbones/MobileNetV2/dermmnist/L30_G30/tralo_bounded/seed_3
dermmnist,L30_G30,MobileNetV2,1,tralo_bounded,63.0,50,300,67,67,38,0.6176277106818076,0.3931034482758621,0.3931034482758621,0.6865189809254381,0.7700034565011995,0.9089887640449438,results/pending_runs/paper_backbones/MobileNetV2/dermmnist/L30_G30/tralo_bounded/seed_1
dermmnist,L30_G30,MobileNetV2,2,tralo_bounded,62.0,50,300,67,67,45,0.6344668414737769,0.38620689655172413,0.38620689655172413,0.6897890974610766,0.7763334827933212,0.9191011235955057,results/pending_runs/paper_backbones/MobileNetV2/dermmnist/L30_G30/tralo_bounded/seed_2
dermmnist,L30_G30,MobileNetV2,4,heuristic,0.0,50,300,67,67,187,0.67448965388653,0.41379310344827586,0.41379310344827586,0.6977461124283915,0.7899807544202923,0.9112359550561798,results/pending_runs/paper_backbones/MobileNetV2/dermmnist/L30_G30/heuristic/seed_4
dermmnist,L30_G30,MobileNetV2,3,heuristic,0.0,50,300,67,67,205,0.6740513344216272,0.4,0.4,0.6766399251685031,0.7654641569207076,0.9061797752808989,results/pending_runs/paper_backbones/MobileNetV2/dermmnist/L30_G30/heuristic/seed_3
dermmnist,L30_G30,MobileNetV2,1,heuristic,0.0,50,300,67,67,190,0.6562966050211841,0.38620689655172413,0.38620689655172413,0.6847472969618142,0.7742554848939623,0.9084269662921348,results/pending_runs/paper_backbones/MobileNetV2/dermmnist/L30_G30/heuristic/seed_1
dermmnist,L30_G30,MobileNetV2,2,heuristic,0.0,50,300,67,67,183,0.6785281298139196,0.3931034482758621,0.3931034482758621,0.6973608883803968,0.783652808092182,0.9151685393258427,results/pending_runs/paper_backbones/MobileNetV2/dermmnist/L30_G30/heuristic/seed_2
dermmnist,L80_G80,MobileNetV2,4,hounie_rcl,26.0,50,300,178,178,156,0.6886497805712334,0.6134663341645885,0.6134663341645885,0.7515512192649831,0.802919800560728,0.9157303370786517,results/pending_runs/paper_backbones/MobileNetV2/dermmnist/L80_G80/hounie_rcl/seed_4
dermmnist,L80_G80,MobileNetV2,3,hounie_rcl,28.0,50,300,178,178,162,0.6844804459948561,0.6234413965087282,0.6234413965087282,0.7417515710747724,0.7917292115385836,0.9157303370786517,results/pending_runs/paper_backbones/MobileNetV2/dermmnist/L80_G80/hounie_rcl/seed_3
dermmnist,L80_G80,MobileNetV2,1,hounie_rcl,23.0,50,300,178,178,170,0.6590351078136977,0.6084788029925187,0.6084788029925187,0.7349726366495727,0.7891283442879323,0.9106741573033708,results/pending_runs/paper_backbones/MobileNetV2/dermmnist/L80_G80/hounie_rcl/seed_1
dermmnist,L80_G80,MobileNetV2,2,hounie_rcl,23.0,50,300,178,178,139,0.6725755473119357,0.6234413965087282,0.6234413965087282,0.7284058942140287,0.775943021033039,0.9134831460674158,results/pending_runs/paper_backbones/MobileNetV2/dermmnist/L80_G80/hounie_rcl/seed_2
dermmnist,L80_G80,MobileNetV2,4,tralo,72.0,50,300,178,178,177,0.6866018565877554,0.5935162094763092,0.5885286783042394,0.7364381129938848,0.7910946568782798,0.9117977528089888,results/pending_runs/paper_backbones/MobileNetV2/dermmnist/L80_G80/tralo/seed_4
dermmnist,L80_G80,MobileNetV2,3,tralo,350.0,50,300,178,178,176,0.6756370731648673,0.6234413965087282,0.628428927680798,0.748233886405379,0.7921076028636476,0.9174157303370787,results/pending_runs/paper_backbones/MobileNetV2/dermmnist/L80_G80/tralo/seed_3
dermmnist,L80_G80,MobileNetV2,1,tralo,93.0,50,300,178,178,178,0.6571983130319332,0.6034912718204489,0.6034912718204489,0.7277364900614093,0.7837535994542099,0.9117977528089888,results/pending_runs/paper_backbones/MobileNetV2/dermmnist/L80_G80/tralo/seed_1
dermmnist,L80_G80,MobileNetV2,2,tralo,350.0,50,300,178,178,177,0.6727584911782445,0.6184538653366584,0.6184538653366584,0.7361301370456746,0.7875861860404244,0.9179775280898876,results/pending_runs/paper_backbones/MobileNetV2/dermmnist/L80_G80/tralo/seed_2
dermmnist,L80_G80,MobileNetV2,4,danits_lp,0.0,50,300,178,178,187,0.67448965388653,0.5964912280701754,0.5935162094763092,0.7349766496839175,0.7899807544202923,0.9112359550561798,results/pending_runs/paper_backbones/MobileNetV2/dermmnist/L80_G80/danits_lp/seed_4
dermmnist,L80_G80,MobileNetV2,3,danits_lp,0.0,50,300,178,178,205,0.6740513344216272,0.6227848101265823,0.6184538653366584,0.7246594477748213,0.7654641569207076,0.9061797752808989,results/pending_runs/paper_backbones/MobileNetV2/dermmnist/L80_G80/danits_lp/seed_3
dermmnist,L80_G80,MobileNetV2,1,danits_lp,0.0,50,300,178,178,190,0.6562966050211841,0.5985037406483791,0.5985037406483791,0.718432052041407,0.7742554848939623,0.9084269662921348,results/pending_runs/paper_backbones/MobileNetV2/dermmnist/L80_G80/danits_lp/seed_1
dermmnist,L80_G80,MobileNetV2,2,danits_lp,0.0,50,300,178,178,183,0.6785281298139196,0.6130653266331658,0.6084788029925187,0.7361172098938448,0.783652808092182,0.9151685393258427,results/pending_runs/paper_backbones/MobileNetV2/dermmnist/L80_G80/danits_lp/seed_2
dermmnist,L80_G80,MobileNetV2,4,fioretto_ldf,14.0,50,300,178,178,163,0.6891109329006023,0.6184538653366584,0.6134663341645885,0.7524680108842473,0.8040059408818726,0.9162921348314607,results/pending_runs/paper_backbones/MobileNetV2/dermmnist/L80_G80/fioretto_ldf/seed_4
dermmnist,L80_G80,MobileNetV2,3,fioretto_ldf,11.0,50,300,178,178,157,0.6842611011734209,0.6234413965087282,0.6234413965087282,0.7439662534708892,0.7939587400196654,0.9162921348314607,results/pending_runs/paper_backbones/MobileNetV2/dermmnist/L80_G80/fioretto_ldf/seed_3
dermmnist,L80_G80,MobileNetV2,1,fioretto_ldf,12.0,50,300,178,178,170,0.6578469271155142,0.6084788029925187,0.6084788029925187,0.7352566474974115,0.7894880701719846,0.9112359550561798,results/pending_runs/paper_backbones/MobileNetV2/dermmnist/L80_G80/fioretto_ldf/seed_1
dermmnist,L80_G80,MobileNetV2,2,fioretto_ldf,15.0,50,300,178,178,164,0.6759846475001648,0.628428927680798,0.628428927680798,0.7345135154646524,0.7817513710444498,0.9140449438202247,results/pending_runs/paper_backbones/MobileNetV2/dermmnist/L80_G80/fioretto_ldf/seed_2
dermmnist,L80_G80,MobileNetV2,4,tralo_bounded,57.0,50,300,178,178,164,0.6891608647562021,0.6134663341645885,0.6134663341645885,0.7524680108842473,0.8040059408818726,0.9162921348314607,results/pending_runs/paper_backbones/MobileNetV2/dermmnist/L80_G80/tralo_bounded/seed_4
dermmnist,L80_G80,MobileNetV2,3,tralo_bounded,57.0,50,300,178,178,159,0.6842879317737937,0.6184538653366584,0.6184538653366584,0.7425047062179632,0.7930845606752487,0.9162921348314607,results/pending_runs/paper_backbones/MobileNetV2/dermmnist/L80_G80/tralo_bounded/seed_3
dermmnist,L80_G80,MobileNetV2,1,tralo_bounded,56.0,50,300,178,178,170,0.6578897891796254,0.6084788029925187,0.6084788029925187,0.7352566474974115,0.7894880701719846,0.9112359550561798,results/pending_runs/paper_backbones/MobileNetV2/dermmnist/L80_G80/tralo_bounded/seed_1
dermmnist,L80_G80,MobileNetV2,2,tralo_bounded,350.0,50,300,178,178,167,0.6761701697904006,0.628428927680798,0.628428927680798,0.733706828453726,0.7812227923866576,0.9134831460674158,results/pending_runs/paper_backbones/MobileNetV2/dermmnist/L80_G80/tralo_bounded/seed_2
dermmnist,L80_G80,MobileNetV2,4,heuristic,0.0,50,300,178,178,187,0.67448965388653,0.5935162094763092,0.5935162094763092,0.7349766496839175,0.7899807544202923,0.9112359550561798,results/pending_runs/paper_backbones/MobileNetV2/dermmnist/L80_G80/heuristic/seed_4
dermmnist,L80_G80,MobileNetV2,3,heuristic,0.0,50,300,178,178,205,0.6740513344216272,0.6184538653366584,0.6184538653366584,0.7246594477748213,0.7654641569207076,0.9061797752808989,results/pending_runs/paper_backbones/MobileNetV2/dermmnist/L80_G80/heuristic/seed_3
dermmnist,L80_G80,MobileNetV2,1,heuristic,0.0,50,300,178,178,190,0.6562966050211841,0.5985037406483791,0.5985037406483791,0.718432052041407,0.7742554848939623,0.9084269662921348,results/pending_runs/paper_backbones/MobileNetV2/dermmnist/L80_G80/heuristic/seed_1
dermmnist,L80_G80,MobileNetV2,2,heuristic,0.0,50,300,178,178,183,0.6785281298139196,0.6084788029925187,0.6084788029925187,0.7361172098938448,0.783652808092182,0.9151685393258427,results/pending_runs/paper_backbones/MobileNetV2/dermmnist/L80_G80/heuristic/seed_2
tissuemnist,L20_G20,MobileNetV2,4,hounie_rcl,79.0,50,300,34,34,17,0.3118258216719324,0.2048780487804878,0.2048780487804878,0.36246435940883104,0.40847741726516923,0.5325257963212203,results/pending_runs/paper_backbones/MobileNetV2/tissuemnist/L20_G20/hounie_rcl/seed_4
tissuemnist,L20_G20,MobileNetV2,3,hounie_rcl,98.0,50,300,34,34,23,0.26372143636490475,0.1951219512195122,0.1951219512195122,0.3673863419961632,0.4130180910118581,0.5186182144459399,results/pending_runs/paper_backbones/MobileNetV2/tissuemnist/L20_G20/hounie_rcl/seed_3
tissuemnist,L20_G20,MobileNetV2,1,hounie_rcl,74.0,50,300,34,34,28,0.3236970054394707,0.24390243902439024,0.24390243902439024,0.36873936574249955,0.40827419467439857,0.5437415881561238,results/pending_runs/paper_backbones/MobileNetV2/tissuemnist/L20_G20/hounie_rcl/seed_1
tissuemnist,L20_G20,MobileNetV2,2,hounie_rcl,92.0,50,300,34,34,23,0.33608449979599175,0.22439024390243903,0.22439024390243903,0.3661066470521743,0.41129162861542357,0.5406011664423508,results/pending_runs/paper_backbones/MobileNetV2/tissuemnist/L20_G20/hounie_rcl/seed_2
tissuemnist,L20_G20,MobileNetV2,4,tralo,131.0,50,300,34,34,25,0.34341378756036034,0.22439024390243903,0.22439024390243903,0.3654040794205866,0.4100899022453424,0.5325257963212203,results/pending_runs/paper_backbones/MobileNetV2/tissuemnist/L20_G20/tralo/seed_4
tissuemnist,L20_G20,MobileNetV2,3,tralo,148.0,50,300,34,34,28,0.2833372156086701,0.22439024390243903,0.22439024390243903,0.3720443143486337,0.41562820077522444,0.5361148497083894,results/pending_runs/paper_backbones/MobileNetV2/tissuemnist/L20_G20/tralo/seed_3
tissuemnist,L20_G20,MobileNetV2,1,tralo,155.0,50,300,34,34,32,0.3528633249107181,0.23414634146341465,0.24390243902439024,0.3705042955340695,0.41208196309325473,0.5414984297891431,results/pending_runs/paper_backbones/MobileNetV2/tissuemnist/L20_G20/tralo/seed_1
tissuemnist,L20_G20,MobileNetV2,2,tralo,143.0,50,300,34,34,34,0.3730672490394454,0.23414634146341465,0.23414634146341465,0.37146369146735847,0.4153249985299761,0.5419470614625392,results/pending_runs/paper_backbones/MobileNetV2/tissuemnist/L20_G20/tralo/seed_2
tissuemnist,L20_G20,MobileNetV2,4,danits_lp,0.0,50,300,34,34,58,0.2852243570458833,0.18536585365853658,0.18536585365853658,0.32370827784190465,0.36162802029859925,0.43023777478689995,results/pending_runs/paper_backbones/MobileNetV2/tissuemnist/L20_G20/danits_lp/seed_4
tissuemnist,L20_G20,MobileNetV2,3,danits_lp,0.0,50,300,34,34,155,0.32371334384225187,0.22439024390243903,0.22439024390243903,0.29207532219890525,0.3206065251846257,0.42485419470614627,results/pending_runs/paper_backbones/MobileNetV2/tissuemnist/L20_G20/danits_lp/seed_3
tissuemnist,L20_G20,MobileNetV2,1,danits_lp,0.0,50,300,34,34,156,0.3817653421493668,0.22439024390243903,0.22439024390243903,0.33617310081130675,0.3737874978292724,0.4692687303723643,results/pending_runs/paper_backbones/MobileNetV2/tissuemnist/L20_G20/danits_lp/seed_1
tissuemnist,L20_G20,MobileNetV2,2,danits_lp,0.0,50,300,34,34,337,0.30532556380571735,0.15609756097560976,0.15609756097560976,0.33724781024324557,0.385026260595102,0.4414535666218035,results/pending_runs/paper_backbones/MobileNetV2/tissuemnist/L20_G20/danits_lp/seed_2
tissuemnist,L20_G20,MobileNetV2,4,fioretto_ldf,83.0,50,300,34,34,23,0.32395512546687416,0.2146341463414634,0.2146341463414634,0.36441268983887465,0.408985044142803,0.5325257963212203,results/pending_runs/paper_backbones/MobileNetV2/tissuemnist/L20_G20/fioretto_ldf/seed_4
tissuemnist,L20_G20,MobileNetV2,3,fioretto_ldf,98.0,50,300,34,34,28,0.2721967029465878,0.22439024390243903,0.22439024390243903,0.36547234938546724,0.4047030015687181,0.5195154777927322,results/pending_runs/paper_backbones/MobileNetV2/tissuemnist/L20_G20/fioretto_ldf/seed_3
tissuemnist,L20_G20,MobileNetV2,1,fioretto_ldf,79.0,50,300,34,34,29,0.3262114979552219,0.22439024390243903,0.23414634146341465,0.37219693761166284,0.4133818425603733,0.5432929564827277,results/pending_runs/paper_backbones/MobileNetV2/tissuemnist/L20_G20/fioretto_ldf/seed_1
tissuemnist,L20_G20,MobileNetV2,2,fioretto_ldf,95.0,50,300,34,34,30,0.3525013851011063,0.24390243902439024,0.23414634146341465,0.3810334651420063,0.4260962061064166,0.5419470614625392,results/pending_runs/paper_backbones/MobileNetV2/tissuemnist/L20_G20/fioretto_ldf/seed_2
tissuemnist,L20_G20,MobileNetV2,4,tralo_bounded,131.0,50,300,34,34,22,0.334549326272387,0.23414634146341465,0.23414634146341465,0.3671978113750729,0.4104114661614767,0.531628532974428,results/pending_runs/paper_backbones/MobileNetV2/tissuemnist/L20_G20/tralo_bounded/seed_4
tissuemnist,L20_G20,MobileNetV2,3,tralo_bounded,143.0,50,300,34,34,29,0.26835451834113067,0.22439024390243903,0.22439024390243903,0.3753173057431555,0.416307145577757,0.5307312696276357,results/pending_runs/paper_backbones/MobileNetV2/tissuemnist/L20_G20/tralo_bounded/seed_3
tissuemnist,L20_G20,MobileNetV2,1,tralo_bounded,123.0,50,300,34,34,29,0.3363143455085932,0.23414634146341465,0.23414634146341465,0.3613210070980716,0.39977364946013044,0.5370121130551817,results/pending_runs/paper_backbones/MobileNetV2/tissuemnist/L20_G20/tralo_bounded/seed_1
tissuemnist,L20_G20,MobileNetV2,2,tralo_bounded,138.0,50,300,34,34,30,0.3527766635720399,0.22439024390243903,0.22439024390243903,0.36975509589164657,0.41487813435163373,0.5401525347689546,results/pending_runs/paper_backbones/MobileNetV2/tissuemnist/L20_G20/tralo_bounded/seed_2
tissuemnist,L20_G20,MobileNetV2,4,heuristic,0.0,50,300,34,34,58,0.2852243570458833,0.18536585365853658,0.18536585365853658,0.32370827784190465,0.36162802029859925,0.43023777478689995,results/pending_runs/paper_backbones/MobileNetV2/tissuemnist/L20_G20/heuristic/seed_4
tissuemnist,L20_G20,MobileNetV2,3,heuristic,0.0,50,300,34,34,155,0.32371334384225187,0.22439024390243903,0.22439024390243903,0.29207532219890525,0.3206065251846257,0.42485419470614627,results/pending_runs/paper_backbones/MobileNetV2/tissuemnist/L20_G20/heuristic/seed_3
tissuemnist,L20_G20,MobileNetV2,1,heuristic,0.0,50,300,34,34,156,0.3817653421493668,0.22439024390243903,0.22439024390243903,0.33617310081130675,0.3737874978292724,0.4692687303723643,results/pending_runs/paper_backbones/MobileNetV2/tissuemnist/L20_G20/heuristic/seed_1
tissuemnist,L20_G20,MobileNetV2,2,heuristic,0.0,50,300,34,34,337,0.30532556380571735,0.15609756097560976,0.15609756097560976,0.33724781024324557,0.385026260595102,0.4414535666218035,results/pending_runs/paper_backbones/MobileNetV2/tissuemnist/L20_G20/heuristic/seed_2
tissuemnist,L70_G70,MobileNetV2,4,hounie_rcl,54.0,50,300,120,120,90,0.32897809874480344,0.3436426116838488,0.3436426116838488,0.39740460694916213,0.4280044072952064,0.5513683266038583,results/pending_runs/paper_backbones/MobileNetV2/tissuemnist/L70_G70/hounie_rcl/seed_4
tissuemnist,L70_G70,MobileNetV2,3,hounie_rcl,50.0,50,300,120,120,92,0.34141083136219474,0.33676975945017185,0.33676975945017185,0.38002411884415316,0.4053933790902523,0.534768954688201,results/pending_runs/paper_backbones/MobileNetV2/tissuemnist/L70_G70/hounie_rcl/seed_3
tissuemnist,L70_G70,MobileNetV2,1,hounie_rcl,56.0,50,300,120,120,95,0.38169718102658634,0.37800687285223367,0.37800687285223367,0.39277253527941447,0.4214942530767532,0.5567519066846119,results/pending_runs/paper_backbones/MobileNetV2/tissuemnist/L70_G70/hounie_rcl/seed_1
tissuemnist,L70_G70,MobileNetV2,2,hounie_rcl,69.0,50,300,120,120,89,0.411156946664612,0.41924398625429554,0.41924398625429554,0.4046472896143708,0.43160006766167036,0.5518169582772544,results/pending_runs/paper_backbones/MobileNetV2/tissuemnist/L70_G70/hounie_rcl/seed_2
tissuemnist,L70_G70,MobileNetV2,4,tralo,110.0,50,300,120,120,113,0.3380885510879975,0.32989690721649484,0.32989690721649484,0.3928409133761299,0.42420307724827505,0.5446388515029161,results/pending_runs/paper_backbones/MobileNetV2/tissuemnist/L70_G70/tralo/seed_4
tissuemnist,L70_G70,MobileNetV2,3,tralo,130.0,50,300,120,120,115,0.36326904280965344,0.35738831615120276,0.3642611683848797,0.37741837561183084,0.4027480833253684,0.5352175863615971,results/pending_runs/paper_backbones/MobileNetV2/tissuemnist/L70_G70/tralo/seed_3
tissuemnist,L70_G70,MobileNetV2,1,tralo,123.0,50,300,120,120,115,0.3968954136816336,0.41924398625429554,0.41924398625429554,0.38669026359234887,0.40834339072719145,0.554060116644235,results/pending_runs/paper_backbones/MobileNetV2/tissuemnist/L70_G70/tralo/seed_1
tissuemnist,L70_G70,MobileNetV2,2,tralo,123.0,50,300,120,120,96,0.4182747279714443,0.41924398625429554,0.41924398625429554,0.4066657183145841,0.4294645223175773,0.5527142216240467,results/pending_runs/paper_backbones/MobileNetV2/tissuemnist/L70_G70/tralo/seed_2
tissuemnist,L70_G70,MobileNetV2,4,danits_lp,0.0,50,300,120,120,58,0.2852243570458833,0.25327510917030566,0.3024054982817869,0.33408653669564803,0.36162802029859925,0.43023777478689995,results/pending_runs/paper_backbones/MobileNetV2/tissuemnist/L70_G70/danits_lp/seed_4
tissuemnist,L70_G70,MobileNetV2,3,danits_lp,0.0,50,300,120,120,155,0.32371334384225187,0.3230240549828179,0.33676975945017185,0.3043635730395086,0.3206065251846257,0.42485419470614627,results/pending_runs/paper_backbones/MobileNetV2/tissuemnist/L70_G70/danits_lp/seed_3
tissuemnist,L70_G70,MobileNetV2,1,danits_lp,0.0,50,300,120,120,156,0.3817653421493668,0.41237113402061853,0.41237113402061853,0.3579592845912792,0.3737874978292724,0.4692687303723643,results/pending_runs/paper_backbones/MobileNetV2/tissuemnist/L70_G70/danits_lp/seed_1
tissuemnist,L70_G70,MobileNetV2,2,danits_lp,0.0,50,300,120,120,337,0.30532556380571735,0.37800687285223367,0.37800687285223367,0.3603734168967333,0.385026260595102,0.4414535666218035,results/pending_runs/paper_backbones/MobileNetV2/tissuemnist/L70_G70/danits_lp/seed_2
tissuemnist,L70_G70,MobileNetV2,4,fioretto_ldf,56.0,50,300,120,120,105,0.3455892484585393,0.3436426116838488,0.3436426116838488,0.4030852336650264,0.43457774668810345,0.5554060116644235,results/pending_runs/paper_backbones/MobileNetV2/tissuemnist/L70_G70/fioretto_ldf/seed_4
tissuemnist,L70_G70,MobileNetV2,3,fioretto_ldf,56.0,50,300,120,120,111,0.34330822926540544,0.35051546391752575,0.35051546391752575,0.37592930531952995,0.4022346510144694,0.5343203230148048,results/pending_runs/paper_backbones/MobileNetV2/tissuemnist/L70_G70/fioretto_ldf/seed_3
tissuemnist,L70_G70,MobileNetV2,1,fioretto_ldf,57.0,50,300,120,120,112,0.3819633752402951,0.35738831615120276,0.35738831615120276,0.38594418307420875,0.4195252365828675,0.550471063257066,results/pending_runs/paper_backbones/MobileNetV2/tissuemnist/L70_G70/fioretto_ldf/seed_1
tissuemnist,L70_G70,MobileNetV2,2,fioretto_ldf,65.0,50,300,120,120,104,0.41583096354030114,0.41237113402061853,0.41237113402061853,0.3955375639170394,0.42007991175996606,0.5522655899506506,results/pending_runs/paper_backbones/MobileNetV2/tissuemnist/L70_G70/fioretto_ldf/seed_2
tissuemnist,L70_G70,MobileNetV2,4,tralo_bounded,105.0,50,300,120,120,109,0.3316457704827444,0.33676975945017185,0.32989690721649484,0.39662986867576466,0.4292749084436914,0.5491251682368775,results/pending_runs/paper_backbones/MobileNetV2/tissuemnist/L70_G70/tralo_bounded/seed_4
tissuemnist,L70_G70,MobileNetV2,3,tralo_bounded,107.0,50,300,120,120,114,0.34134786779506754,0.33676975945017185,0.3436426116838488,0.3785538596759086,0.4077152412176915,0.5370121130551817,results/pending_runs/paper_backbones/MobileNetV2/tissuemnist/L70_G70/tralo_bounded/seed_3
tissuemnist,L70_G70,MobileNetV2,1,tralo_bounded,104.0,50,300,120,120,108,0.3812215428410703,0.35738831615120276,0.35738831615120276,0.38988809052504614,0.4261955476316513,0.5589950650515927,results/pending_runs/paper_backbones/MobileNetV2/tissuemnist/L70_G70/tralo_bounded/seed_1
tissuemnist,L70_G70,MobileNetV2,2,tralo_bounded,117.0,50,300,120,120,107,0.4129406398387886,0.41237113402061853,0.41237113402061853,0.40183458428566354,0.42733362392260416,0.5536114849708389,results/pending_runs/paper_backbones/MobileNetV2/tissuemnist/L70_G70/tralo_bounded/seed_2
tissuemnist,L70_G70,MobileNetV2,4,heuristic,0.0,50,300,120,120,58,0.2852243570458833,0.3024054982817869,0.3024054982817869,0.33408653669564803,0.36162802029859925,0.43023777478689995,results/pending_runs/paper_backbones/MobileNetV2/tissuemnist/L70_G70/heuristic/seed_4
tissuemnist,L70_G70,MobileNetV2,3,heuristic,0.0,50,300,120,120,155,0.32371334384225187,0.33676975945017185,0.33676975945017185,0.3043635730395086,0.3206065251846257,0.42485419470614627,results/pending_runs/paper_backbones/MobileNetV2/tissuemnist/L70_G70/heuristic/seed_3
tissuemnist,L70_G70,MobileNetV2,1,heuristic,0.0,50,300,120,120,156,0.3817653421493668,0.41237113402061853,0.41237113402061853,0.3579592845912792,0.3737874978292724,0.4692687303723643,results/pending_runs/paper_backbones/MobileNetV2/tissuemnist/L70_G70/heuristic/seed_1
tissuemnist,L70_G70,MobileNetV2,2,heuristic,0.0,50,300,120,120,337,0.30532556380571735,0.37800687285223367,0.37800687285223367,0.3603734168967333,0.385026260595102,0.4414535666218035,results/pending_runs/paper_backbones/MobileNetV2/tissuemnist/L70_G70/heuristic/seed_2
tissuemnist,L30_G30,MobileNetV2,4,hounie_rcl,77.0,50,300,51,51,27,0.33766023606019985,0.2702702702702703,0.2702702702702703,0.3727083925542899,0.4107865500705123,0.534768954688201,results/pending_runs/paper_backbones/MobileNetV2/tissuemnist/L30_G30/hounie_rcl/seed_4
tissuemnist,L30_G30,MobileNetV2,3,hounie_rcl,82.0,50,300,51,51,37,0.29239864983279396,0.26126126126126126,0.26126126126126126,0.37273497752626383,0.4125848800808446,0.528488111260655,results/pending_runs/paper_backbones/MobileNetV2/tissuemnist/L30_G30/hounie_rcl/seed_3
tissuemnist,L30_G30,MobileNetV2,1,hounie_rcl,69.0,50,300,51,51,32,0.3394901353220486,0.26126126126126126,0.26126126126126126,0.37728111913176654,0.4155165589041525,0.5482279048900852,results/pending_runs/paper_backbones/MobileNetV2/tissuemnist/L30_G30/hounie_rcl/seed_1
tissuemnist,L30_G30,MobileNetV2,2,hounie_rcl,86.0,50,300,51,51,30,0.35452907496277264,0.27927927927927926,0.27927927927927926,0.3774756199954541,0.41430305915862325,0.537909376401974,results/pending_runs/paper_backbones/MobileNetV2/tissuemnist/L30_G30/hounie_rcl/seed_2
tissuemnist,L30_G30,MobileNetV2,4,tralo,127.0,50,300,51,51,38,0.3365711701406747,0.26126126126126126,0.26126126126126126,0.37216052833716184,0.4091844538239514,0.537909376401974,results/pending_runs/paper_backbones/MobileNetV2/tissuemnist/L30_G30/tralo/seed_4
tissuemnist,L30_G30,MobileNetV2,3,tralo,144.0,50,300,51,51,50,0.3363198481283985,0.27927927927927926,0.2972972972972973,0.3858392468378765,0.4228580638565287,0.5352175863615971,results/pending_runs/paper_backbones/MobileNetV2/tissuemnist/L30_G30/tralo/seed_3
tissuemnist,L30_G30,MobileNetV2,1,tralo,123.0,50,300,51,51,47,0.3599460577362942,0.2882882882882883,0.2972972972972973,0.381672005228633,0.4173162655384631,0.5558546433378196,results/pending_runs/paper_backbones/MobileNetV2/tissuemnist/L30_G30/tralo/seed_1
tissuemnist,L30_G30,MobileNetV2,2,tralo,145.0,50,300,51,51,48,0.37284954965849876,0.2702702702702703,0.2702702702702703,0.38443010245719306,0.4252576164653506,0.5473306415432929,results/pending_runs/paper_backbones/MobileNetV2/tissuemnist/L30_G30/tralo/seed_2
tissuemnist,L30_G30,MobileNetV2,4,danits_lp,0.0,50,300,51,51,58,0.2852243570458833,0.24324324324324326,0.25225225225225223,0.3313236927861549,0.36162802029859925,0.43023777478689995,results/pending_runs/paper_backbones/MobileNetV2/tissuemnist/L30_G30/danits_lp/seed_4
tissuemnist,L30_G30,MobileNetV2,3,danits_lp,0.0,50,300,51,51,155,0.32371334384225187,0.2702702702702703,0.2702702702702703,0.2977955271248607,0.3206065251846257,0.42485419470614627,results/pending_runs/paper_backbones/MobileNetV2/tissuemnist/L30_G30/danits_lp/seed_3
tissuemnist,L30_G30,MobileNetV2,1,danits_lp,0.0,50,300,51,51,156,0.3817653421493668,0.2972972972972973,0.2972972972972973,0.3454133416451374,0.3737874978292724,0.4692687303723643,results/pending_runs/paper_backbones/MobileNetV2/tissuemnist/L30_G30/danits_lp/seed_1
tissuemnist,L30_G30,MobileNetV2,2,danits_lp,0.0,50,300,51,51,337,0.30532556380571735,0.21621621621621623,0.21621621621621623,0.34315914433854183,0.385026260595102,0.4414535666218035,results/pending_runs/paper_backbones/MobileNetV2/tissuemnist/L30_G30/danits_lp/seed_2
tissuemnist,L30_G30,MobileNetV2,4,fioretto_ldf,73.0,50,300,51,51,35,0.3208128908149608,0.27927927927927926,0.27927927927927926,0.3816617432174598,0.4179425201683546,0.5423956931359354,results/pending_runs/paper_backbones/MobileNetV2/tissuemnist/L30_G30/fioretto_ldf/seed_4
tissuemnist,L30_G30,MobileNetV2,3,fioretto_ldf,299.0,50,300,51,51,48,0.3263219885647805,0.2702702702702703,0.27927927927927926,0.3701589947605928,0.4041013849938264,0.5320771646478242,results/pending_runs/paper_backbones/MobileNetV2/tissuemnist/L30_G30/fioretto_ldf/seed_3
tissuemnist,L30_G30,MobileNetV2,1,fioretto_ldf,68.0,50,300,51,51,46,0.34314144486836207,0.2702702702702703,0.2702702702702703,0.3784058480597125,0.4142893717098313,0.5473306415432929,results/pending_runs/paper_backbones/MobileNetV2/tissuemnist/L30_G30/fioretto_ldf/seed_1
tissuemnist,L30_G30,MobileNetV2,2,fioretto_ldf,84.0,50,300,51,51,44,0.36891423494071,0.2882882882882883,0.2882882882882883,0.3869196591137065,0.42385601545101903,0.5410497981157469,results/pending_runs/paper_backbones/MobileNetV2/tissuemnist/L30_G30/fioretto_ldf/seed_2
tissuemnist,L30_G30,MobileNetV2,4,tralo_bounded,127.0,50,300,51,51,35,0.3293188791623377,0.25225225225225223,0.25225225225225223,0.37229671977406675,0.4115917963606955,0.5343203230148048,results/pending_runs/paper_backbones/MobileNetV2/tissuemnist/L30_G30/tralo_bounded/seed_4
tissuemnist,L30_G30,MobileNetV2,3,tralo_bounded,131.0,50,300,51,51,42,0.2981558751939237,0.2702702702702703,0.27927927927927926,0.3816237731867096,0.4188316706416395,0.5311799013010319,results/pending_runs/paper_backbones/MobileNetV2/tissuemnist/L30_G30/tralo_bounded/seed_3
tissuemnist,L30_G30,MobileNetV2,1,tralo_bounded,119.0,50,300,51,51,45,0.35966009926142334,0.27927927927927926,0.27927927927927926,0.37843855156721173,0.4129587002113027,0.550471063257066,results/pending_runs/paper_backbones/MobileNetV2/tissuemnist/L30_G30/tralo_bounded/seed_1
tissuemnist,L30_G30,MobileNetV2,2,tralo_bounded,133.0,50,300,51,51,44,0.3636931467443284,0.27927927927927926,0.27927927927927926,0.37962265506884163,0.41674892365905414,0.5365634813817856,results/pending_runs/paper_backbones/MobileNetV2/tissuemnist/L30_G30/tralo_bounded/seed_2
tissuemnist,L30_G30,MobileNetV2,4,heuristic,0.0,50,300,51,51,58,0.2852243570458833,0.25225225225225223,0.25225225225225223,0.3313236927861549,0.36162802029859925,0.43023777478689995,results/pending_runs/paper_backbones/MobileNetV2/tissuemnist/L30_G30/heuristic/seed_4
tissuemnist,L30_G30,MobileNetV2,3,heuristic,0.0,50,300,51,51,155,0.32371334384225187,0.2702702702702703,0.2702702702702703,0.2977955271248607,0.3206065251846257,0.42485419470614627,results/pending_runs/paper_backbones/MobileNetV2/tissuemnist/L30_G30/heuristic/seed_3
tissuemnist,L30_G30,MobileNetV2,1,heuristic,0.0,50,300,51,51,156,0.3817653421493668,0.2972972972972973,0.2972972972972973,0.3454133416451374,0.3737874978292724,0.4692687303723643,results/pending_runs/paper_backbones/MobileNetV2/tissuemnist/L30_G30/heuristic/seed_1
tissuemnist,L30_G30,MobileNetV2,2,heuristic,0.0,50,300,51,51,337,0.30532556380571735,0.21621621621621623,0.21621621621621623,0.34315914433854183,0.385026260595102,0.4414535666218035,results/pending_runs/paper_backbones/MobileNetV2/tissuemnist/L30_G30/heuristic/seed_2
tissuemnist,L80_G80,MobileNetV2,4,hounie_rcl,53.0,50,300,137,137,100,0.3383836075406285,0.34415584415584416,0.34415584415584416,0.3999840543515763,0.43157375560687516,0.5563032750112158,results/pending_runs/paper_backbones/MobileNetV2/tissuemnist/L80_G80/hounie_rcl/seed_4
tissuemnist,L80_G80,MobileNetV2,3,hounie_rcl,57.0,50,300,137,137,108,0.35709809326832764,0.37662337662337664,0.37662337662337664,0.3883640641906896,0.41888787691277424,0.5397039030955586,results/pending_runs/paper_backbones/MobileNetV2/tissuemnist/L80_G80/hounie_rcl/seed_3
tissuemnist,L80_G80,MobileNetV2,1,hounie_rcl,55.0,50,300,137,137,112,0.3974214617574453,0.4090909090909091,0.4090909090909091,0.3916893667068697,0.41679759846611214,0.5473306415432929,results/pending_runs/paper_backbones/MobileNetV2/tissuemnist/L80_G80/hounie_rcl/seed_1
tissuemnist,L80_G80,MobileNetV2,2,hounie_rcl,64.0,50,300,137,137,99,0.41806001851327695,0.43506493506493504,0.43506493506493504,0.4076122028495673,0.42836927870073627,0.5527142216240467,results/pending_runs/paper_backbones/MobileNetV2/tissuemnist/L80_G80/hounie_rcl/seed_2
tissuemnist,L80_G80,MobileNetV2,4,tralo,124.0,50,300,137,137,128,0.32165095807431865,0.35064935064935066,0.35714285714285715,0.40450088900725323,0.43227462695861546,0.5365634813817856,results/pending_runs/paper_backbones/MobileNetV2/tissuemnist/L80_G80/tralo/seed_4
tissuemnist,L80_G80,MobileNetV2,3,tralo,121.0,50,300,137,137,133,0.3737322849832064,0.38961038961038963,0.38961038961038963,0.3971514938736999,0.42145429517899047,0.5486765365634814,results/pending_runs/paper_backbones/MobileNetV2/tissuemnist/L80_G80/tralo/seed_3
tissuemnist,L80_G80,MobileNetV2,1,tralo,107.0,50,300,137,137,133,0.38187389158970036,0.3961038961038961,0.3961038961038961,0.39861006730594867,0.42775566010740335,0.5477792732166891,results/pending_runs/paper_backbones/MobileNetV2/tissuemnist/L80_G80/tralo/seed_1
tissuemnist,L80_G80,MobileNetV2,2,tralo,157.0,50,300,137,137,130,0.44061797848374623,0.42207792207792205,0.42207792207792205,0.4140665434264917,0.43851571338477047,0.5554060116644235,results/pending_runs/paper_backbones/MobileNetV2/tissuemnist/L80_G80/tralo/seed_2
tissuemnist,L80_G80,MobileNetV2,4,danits_lp,0.0,50,300,137,137,58,0.2852243570458833,0.25327510917030566,0.3181818181818182,0.3346549726006107,0.36162802029859925,0.43023777478689995,results/pending_runs/paper_backbones/MobileNetV2/tissuemnist/L80_G80/danits_lp/seed_4
tissuemnist,L80_G80,MobileNetV2,3,danits_lp,0.0,50,300,137,137,155,0.32371334384225187,0.33766233766233766,0.33766233766233766,0.3044569348092082,0.3206065251846257,0.42485419470614627,results/pending_runs/paper_backbones/MobileNetV2/tissuemnist/L80_G80/danits_lp/seed_3
tissuemnist,L80_G80,MobileNetV2,1,danits_lp,0.0,50,300,137,137,156,0.3817653421493668,0.42207792207792205,0.42207792207792205,0.35828741854708324,0.3737874978292724,0.4692687303723643,results/pending_runs/paper_backbones/MobileNetV2/tissuemnist/L80_G80/danits_lp/seed_1
tissuemnist,L80_G80,MobileNetV2,2,danits_lp,0.0,50,300,137,137,337,0.30532556380571735,0.4090909090909091,0.4090909090909091,0.3638500533315198,0.385026260595102,0.4414535666218035,results/pending_runs/paper_backbones/MobileNetV2/tissuemnist/L80_G80/danits_lp/seed_2
tissuemnist,L80_G80,MobileNetV2,4,fioretto_ldf,53.0,50,300,137,137,124,0.3339692451573098,0.3181818181818182,0.3181818181818182,0.3940663008930128,0.4252928812706514,0.5495737999102737,results/pending_runs/paper_backbones/MobileNetV2/tissuemnist/L80_G80/fioretto_ldf/seed_4
tissuemnist,L80_G80,MobileNetV2,3,fioretto_ldf,49.0,50,300,137,137,127,0.35187700694033064,0.37012987012987014,0.37012987012987014,0.38019929266623015,0.4098836481572567,0.5365634813817856,results/pending_runs/paper_backbones/MobileNetV2/tissuemnist/L80_G80/fioretto_ldf/seed_3
tissuemnist,L80_G80,MobileNetV2,1,fioretto_ldf,53.0,50,300,137,137,132,0.3837785359645127,0.37662337662337664,0.37662337662337664,0.39949934628324546,0.43055790567258834,0.554060116644235,results/pending_runs/paper_backbones/MobileNetV2/tissuemnist/L80_G80/fioretto_ldf/seed_1
tissuemnist,L80_G80,MobileNetV2,2,fioretto_ldf,68.0,50,300,137,137,128,0.41968369614377926,0.43506493506493504,0.44155844155844154,0.4128756069053995,0.43622434193998194,0.554060116644235,results/pending_runs/paper_backbones/MobileNetV2/tissuemnist/L80_G80/fioretto_ldf/seed_2
tissuemnist,L80_G80,MobileNetV2,4,tralo_bounded,104.0,50,300,137,137,123,0.3448166983767981,0.36363636363636365,0.35714285714285715,0.3980714210234122,0.427631729177199,0.5527142216240467,results/pending_runs/paper_backbones/MobileNetV2/tissuemnist/L80_G80/tralo_bounded/seed_4
tissuemnist,L80_G80,MobileNetV2,3,tralo_bounded,109.0,50,300,137,137,133,0.36224169775836196,0.35714285714285715,0.35714285714285715,0.38976209945285534,0.42651173618921695,0.5513683266038583,results/pending_runs/paper_backbones/MobileNetV2/tissuemnist/L80_G80/tralo_bounded/seed_3
tissuemnist,L80_G80,MobileNetV2,1,tralo_bounded,102.0,50,300,137,137,130,0.374994091301594,0.38311688311688313,0.38311688311688313,0.40020602312971143,0.43286915019619754,0.5491251682368775,results/pending_runs/paper_backbones/MobileNetV2/tissuemnist/L80_G80/tralo_bounded/seed_1
tissuemnist,L80_G80,MobileNetV2,2,tralo_bounded,113.0,50,300,137,137,127,0.4181346232462186,0.42857142857142855,0.42857142857142855,0.40787077666202015,0.4301139615059942,0.554060116644235,results/pending_runs/paper_backbones/MobileNetV2/tissuemnist/L80_G80/tralo_bounded/seed_2
tissuemnist,L80_G80,MobileNetV2,4,heuristic,0.0,50,300,137,137,58,0.2852243570458833,0.3181818181818182,0.3181818181818182,0.3346549726006107,0.36162802029859925,0.43023777478689995,results/pending_runs/paper_backbones/MobileNetV2/tissuemnist/L80_G80/heuristic/seed_4
tissuemnist,L80_G80,MobileNetV2,3,heuristic,0.0,50,300,137,137,155,0.32371334384225187,0.33766233766233766,0.33766233766233766,0.3044569348092082,0.3206065251846257,0.42485419470614627,results/pending_runs/paper_backbones/MobileNetV2/tissuemnist/L80_G80/heuristic/seed_3
tissuemnist,L80_G80,MobileNetV2,1,heuristic,0.0,50,300,137,137,156,0.3817653421493668,0.42207792207792205,0.42207792207792205,0.35828741854708324,0.3737874978292724,0.4692687303723643,results/pending_runs/paper_backbones/MobileNetV2/tissuemnist/L80_G80/heuristic/seed_1
tissuemnist,L80_G80,MobileNetV2,2,heuristic,0.0,50,300,137,137,337,0.30532556380571735,0.4090909090909091,0.4090909090909091,0.3638500533315198,0.385026260595102,0.4414535666218035,results/pending_runs/paper_backbones/MobileNetV2/tissuemnist/L80_G80/heuristic/seed_2
aider,L20_G20,ShuffleNetV2,4,hounie_rcl,94.0,50,300,20,20,10,0.5465397383018682,0.32786885245901637,0.32786885245901637,0.7932427782385431,0.9629129129129129,0.9816176470588235,results/pending_runs/paper_backbones/ShuffleNetV2/aider/L20_G20/hounie_rcl/seed_4
aider,L20_G20,ShuffleNetV2,3,hounie_rcl,74.0,50,300,20,20,9,0.40501044373901807,0.29508196721311475,0.29508196721311475,0.7312790387440917,0.8952566159001654,0.953125,results/pending_runs/paper_backbones/ShuffleNetV2/aider/L20_G20/hounie_rcl/seed_3
aider,L20_G20,ShuffleNetV2,1,hounie_rcl,109.0,50,300,20,20,11,0.44894047366247736,0.32786885245901637,0.32786885245901637,0.746534545424022,0.9001519106072347,0.9540441176470589,results/pending_runs/paper_backbones/ShuffleNetV2/aider/L20_G20/hounie_rcl/seed_1
aider,L20_G20,ShuffleNetV2,2,hounie_rcl,91.0,50,300,20,20,6,0.5001332667853674,0.32786885245901637,0.32786885245901637,0.7758775746870358,0.9395991580488697,0.9705882352941176,results/pending_runs/paper_backbones/ShuffleNetV2/aider/L20_G20/hounie_rcl/seed_2
aider,L20_G20,ShuffleNetV2,4,tralo,94.0,50,300,20,20,16,0.5859596609415462,0.32786885245901637,0.32786885245901637,0.7799315553277177,0.9450215130800319,0.9733455882352942,results/pending_runs/paper_backbones/ShuffleNetV2/aider/L20_G20/tralo/seed_4
aider,L20_G20,ShuffleNetV2,3,tralo,125.0,50,300,20,20,19,0.7168033729553046,0.32786885245901637,0.32786885245901637,0.779341923298453,0.9442201910920432,0.9733455882352942,results/pending_runs/paper_backbones/ShuffleNetV2/aider/L20_G20/tralo/seed_3
aider,L20_G20,ShuffleNetV2,1,tralo,350.0,50,300,20,20,18,0.581701354494675,0.32786885245901637,0.32786885245901637,0.7725699218095681,0.9365482382673601,0.9696691176470589,results/pending_runs/paper_backbones/ShuffleNetV2/aider/L20_G20/tralo/seed_1
aider,L20_G20,ShuffleNetV2,2,tralo,99.0,50,300,20,20,16,0.6459226598499321,0.32786885245901637,0.32786885245901637,0.7824260274303663,0.9553581484274553,0.9779411764705882,results/pending_runs/paper_backbones/ShuffleNetV2/aider/L20_G20/tralo/seed_2
aider,L20_G20,ShuffleNetV2,4,danits_lp,0.0,50,300,20,20,97,0.9859458322899286,0.32786885245901637,0.32786885245901637,0.808864985500635,0.9839840455902524,0.9917279411764706,results/pending_runs/paper_backbones/ShuffleNetV2/aider/L20_G20/danits_lp/seed_4
aider,L20_G20,ShuffleNetV2,3,danits_lp,0.0,50,300,20,20,97,0.9894456316671325,0.32786885245901637,0.32786885245901637,0.8023464277073157,0.9765738725531438,0.9880514705882353,results/pending_runs/paper_backbones/ShuffleNetV2/aider/L20_G20/danits_lp/seed_3
aider,L20_G20,ShuffleNetV2,1,danits_lp,0.0,50,300,20,20,104,0.9793386131590798,0.32786885245901637,0.32786885245901637,0.8014933723216682,0.9768459776720139,0.9880514705882353,results/pending_runs/paper_backbones/ShuffleNetV2/aider/L20_G20/danits_lp/seed_1
aider,L20_G20,ShuffleNetV2,2,danits_lp,0.0,50,300,20,20,99,0.9825947177525249,0.32786885245901637,0.32786885245901637,0.7934978649154667,0.9753403281799247,0.9871323529411765,results/pending_runs/paper_backbones/ShuffleNetV2/aider/L20_G20/danits_lp/seed_2
aider,L20_G20,ShuffleNetV2,4,fioretto_ldf,45.0,50,300,20,20,11,0.5345200074266441,0.32786885245901637,0.32786885245901637,0.7736718058081229,0.93661225634395,0.9696691176470589,results/pending_runs/paper_backbones/ShuffleNetV2/aider/L20_G20/fioretto_ldf/seed_4
aider,L20_G20,ShuffleNetV2,3,fioretto_ldf,299.0,50,300,20,20,15,0.6211307779140838,0.32786885245901637,0.32786885245901637,0.7663493817341718,0.9267716340433688,0.9659926470588235,results/pending_runs/paper_backbones/ShuffleNetV2/aider/L20_G20/fioretto_ldf/seed_3
aider,L20_G20,ShuffleNetV2,1,fioretto_ldf,299.0,50,300,20,20,20,0.611501414552373,0.32786885245901637,0.32786885245901637,0.7740550841065774,0.9385450857790927,0.9705882352941176,results/pending_runs/paper_backbones/ShuffleNetV2/aider/L20_G20/fioretto_ldf/seed_1
aider,L20_G20,ShuffleNetV2,2,fioretto_ldf,54.0,50,300,20,20,14,0.6064806335452744,0.32786885245901637,0.32786885245901637,0.7789066721404149,0.9492610254669259,0.9751838235294118,results/pending_runs/paper_backbones/ShuffleNetV2/aider/L20_G20/fioretto_ldf/seed_2
aider,L20_G20,ShuffleNetV2,4,tralo_bounded,88.0,50,300,20,20,11,0.5535122405037817,0.32786885245901637,0.32786885245901637,0.7752592667783248,0.9387445632588692,0.9705882352941176,results/pending_runs/paper_backbones/ShuffleNetV2/aider/L20_G20/tralo_bounded/seed_4
aider,L20_G20,ShuffleNetV2,3,tralo_bounded,350.0,50,300,20,20,15,0.6164334059126152,0.32786885245901637,0.32786885245901637,0.7646309909380843,0.924464915231883,0.9650735294117647,results/pending_runs/paper_backbones/ShuffleNetV2/aider/L20_G20/tralo_bounded/seed_3
aider,L20_G20,ShuffleNetV2,1,tralo_bounded,82.0,50,300,20,20,18,0.5941717436515542,0.32786885245901637,0.32786885245901637,0.7740550841065774,0.9385450857790927,0.9705882352941176,results/pending_runs/paper_backbones/ShuffleNetV2/aider/L20_G20/tralo_bounded/seed_1
aider,L20_G20,ShuffleNetV2,2,tralo_bounded,99.0,50,300,20,20,14,0.5974353755752931,0.32786885245901637,0.32786885245901637,0.7799394590637256,0.9492610254669259,0.9751838235294118,results/pending_runs/paper_backbones/ShuffleNetV2/aider/L20_G20/tralo_bounded/seed_2
aider,L20_G20,ShuffleNetV2,4,heuristic,0.0,50,300,20,20,97,0.9859458322899286,0.32786885245901637,0.32786885245901637,0.808864985500635,0.9839840455902524,0.9917279411764706,results/pending_runs/paper_backbones/ShuffleNetV2/aider/L20_G20/heuristic/seed_4
aider,L20_G20,ShuffleNetV2,3,heuristic,0.0,50,300,20,20,97,0.9894456316671325,0.32786885245901637,0.32786885245901637,0.8023464277073157,0.9765738725531438,0.9880514705882353,results/pending_runs/paper_backbones/ShuffleNetV2/aider/L20_G20/heuristic/seed_3
aider,L20_G20,ShuffleNetV2,1,heuristic,0.0,50,300,20,20,104,0.9793386131590798,0.32786885245901637,0.32786885245901637,0.8014933723216682,0.9768459776720139,0.9880514705882353,results/pending_runs/paper_backbones/ShuffleNetV2/aider/L20_G20/heuristic/seed_1
aider,L20_G20,ShuffleNetV2,2,heuristic,0.0,50,300,20,20,99,0.9825947177525249,0.32786885245901637,0.32786885245901637,0.7934978649154667,0.9753403281799247,0.9871323529411765,results/pending_runs/paper_backbones/ShuffleNetV2/aider/L20_G20/heuristic/seed_2
aider,L70_G70,ShuffleNetV2,4,hounie_rcl,102.0,50,300,71,71,64,0.8960283219135362,0.8092485549132948,0.8092485549132948,0.930254592498777,0.9762947825994921,0.9880514705882353,results/pending_runs/paper_backbones/ShuffleNetV2/aider/L70_G70/hounie_rcl/seed_4
aider,L70_G70,ShuffleNetV2,3,hounie_rcl,91.0,50,300,71,71,54,0.8886224323706869,0.8092485549132948,0.8092485549132948,0.9124504202397303,0.952467605652798,0.9770220588235294,results/pending_runs/paper_backbones/ShuffleNetV2/aider/L70_G70/hounie_rcl/seed_3
aider,L70_G70,ShuffleNetV2,1,hounie_rcl,102.0,50,300,71,71,56,0.8456907295735585,0.8092485549132948,0.8092485549132948,0.9173494591057777,0.960951898867815,0.9806985294117647,results/pending_runs/paper_backbones/ShuffleNetV2/aider/L70_G70/hounie_rcl/seed_1
aider,L70_G70,ShuffleNetV2,2,hounie_rcl,135.0,50,300,71,71,62,0.8853608041119319,0.8092485549132948,0.8092485549132948,0.9262845996513609,0.9728558277359225,0.9862132352941176,results/pending_runs/paper_backbones/ShuffleNetV2/aider/L70_G70/hounie_rcl/seed_2
aider,L70_G70,ShuffleNetV2,4,tralo,80.0,50,300,71,71,68,0.9066986021609545,0.8092485549132948,0.8092485549132948,0.9289013895549908,0.9744841159598989,0.9871323529411765,results/pending_runs/paper_backbones/ShuffleNetV2/aider/L70_G70/tralo/seed_4
aider,L70_G70,ShuffleNetV2,3,tralo,350.0,50,300,71,71,69,0.9164008054261691,0.8092485549132948,0.8092485549132948,0.9200630765188783,0.962655354962374,0.9816176470588235,results/pending_runs/paper_backbones/ShuffleNetV2/aider/L70_G70/tralo/seed_3
aider,L70_G70,ShuffleNetV2,1,tralo,85.0,50,300,71,71,67,0.9110925824050814,0.8208092485549133,0.8208092485549133,0.9289489800902999,0.9706812455921564,0.9852941176470589,results/pending_runs/paper_backbones/ShuffleNetV2/aider/L70_G70/tralo/seed_1
aider,L70_G70,ShuffleNetV2,2,tralo,350.0,50,300,71,71,70,0.9009386158802204,0.8208092485549133,0.8208092485549133,0.9319677764749751,0.9747316624304959,0.9871323529411765,results/pending_runs/paper_backbones/ShuffleNetV2/aider/L70_G70/tralo/seed_2
aider,L70_G70,ShuffleNetV2,4,danits_lp,0.0,50,300,71,71,97,0.9859458322899286,0.8092485549132948,0.8092485549132948,0.9359879236757441,0.9839840455902524,0.9917279411764706,results/pending_runs/paper_backbones/ShuffleNetV2/aider/L70_G70/danits_lp/seed_4
aider,L70_G70,ShuffleNetV2,3,danits_lp,0.0,50,300,71,71,97,0.9894456316671325,0.8208092485549133,0.8208092485549133,0.9323300232343211,0.9765738725531438,0.9880514705882353,results/pending_runs/paper_backbones/ShuffleNetV2/aider/L70_G70/danits_lp/seed_3
aider,L70_G70,ShuffleNetV2,1,danits_lp,0.0,50,300,71,71,104,0.9793386131590798,0.8208092485549133,0.8208092485549133,0.931498728744068,0.9768459776720139,0.9880514705882353,results/pending_runs/paper_backbones/ShuffleNetV2/aider/L70_G70/danits_lp/seed_1
aider,L70_G70,ShuffleNetV2,2,danits_lp,0.0,50,300,71,71,99,0.9825947177525249,0.8208092485549133,0.8208092485549133,0.92457281422387,0.9753403281799247,0.9871323529411765,results/pending_runs/paper_backbones/ShuffleNetV2/aider/L70_G70/danits_lp/seed_2
aider,L70_G70,ShuffleNetV2,4,fioretto_ldf,29.0,50,300,71,71,64,0.8940348307509922,0.8092485549132948,0.8092485549132948,0.9288116777471241,0.9743582234594347,0.9871323529411765,results/pending_runs/paper_backbones/ShuffleNetV2/aider/L70_G70/fioretto_ldf/seed_4
aider,L70_G70,ShuffleNetV2,3,fioretto_ldf,30.0,50,300,71,71,67,0.9157221118661943,0.8092485549132948,0.8092485549132948,0.9186605976724168,0.9607790758308496,0.9806985294117647,results/pending_runs/paper_backbones/ShuffleNetV2/aider/L70_G70/fioretto_ldf/seed_3
aider,L70_G70,ShuffleNetV2,1,fioretto_ldf,299.0,50,300,71,71,65,0.8825568196485923,0.8208092485549133,0.8208092485549133,0.9274430928240047,0.9686607976907498,0.984375,results/pending_runs/paper_backbones/ShuffleNetV2/aider/L70_G70/fioretto_ldf/seed_1
aider,L70_G70,ShuffleNetV2,2,fioretto_ldf,299.0,50,300,71,71,71,0.9096314760433837,0.8208092485549133,0.8208092485549133,0.9319677764749751,0.9747316624304959,0.9871323529411765,results/pending_runs/paper_backbones/ShuffleNetV2/aider/L70_G70/fioretto_ldf/seed_2
aider,L70_G70,ShuffleNetV2,4,tralo_bounded,72.0,50,300,71,71,66,0.8979210149846225,0.8092485549132948,0.8092485549132948,0.9274856743745713,0.9725901104222019,0.9862132352941176,results/pending_runs/paper_backbones/ShuffleNetV2/aider/L70_G70/tralo_bounded/seed_4
aider,L70_G70,ShuffleNetV2,3,tralo_bounded,350.0,50,300,71,71,70,0.9198567366526824,0.8092485549132948,0.8092485549132948,0.9200630765188783,0.962655354962374,0.9816176470588235,results/pending_runs/paper_backbones/ShuffleNetV2/aider/L70_G70/tralo_bounded/seed_3
aider,L70_G70,ShuffleNetV2,1,tralo_bounded,350.0,50,300,71,71,65,0.8757552725657218,0.8208092485549133,0.8208092485549133,0.9274430928240047,0.9686607976907498,0.984375,results/pending_runs/paper_backbones/ShuffleNetV2/aider/L70_G70/tralo_bounded/seed_1
aider,L70_G70,ShuffleNetV2,2,tralo_bounded,350.0,50,300,71,71,71,0.9097328944560495,0.8208092485549133,0.8208092485549133,0.9319677764749751,0.9747316624304959,0.9871323529411765,results/pending_runs/paper_backbones/ShuffleNetV2/aider/L70_G70/tralo_bounded/seed_2
aider,L70_G70,ShuffleNetV2,4,heuristic,0.0,50,300,71,71,97,0.9859458322899286,0.8092485549132948,0.8092485549132948,0.9359879236757441,0.9839840455902524,0.9917279411764706,results/pending_runs/paper_backbones/ShuffleNetV2/aider/L70_G70/heuristic/seed_4
aider,L70_G70,ShuffleNetV2,3,heuristic,0.0,50,300,71,71,97,0.9894456316671325,0.8208092485549133,0.8208092485549133,0.9323300232343211,0.9765738725531438,0.9880514705882353,results/pending_runs/paper_backbones/ShuffleNetV2/aider/L70_G70/heuristic/seed_3
aider,L70_G70,ShuffleNetV2,1,heuristic,0.0,50,300,71,71,104,0.9793386131590798,0.8208092485549133,0.8208092485549133,0.931498728744068,0.9768459776720139,0.9880514705882353,results/pending_runs/paper_backbones/ShuffleNetV2/aider/L70_G70/heuristic/seed_1
aider,L70_G70,ShuffleNetV2,2,heuristic,0.0,50,300,71,71,99,0.9825947177525249,0.8208092485549133,0.8208092485549133,0.92457281422387,0.9753403281799247,0.9871323529411765,results/pending_runs/paper_backbones/ShuffleNetV2/aider/L70_G70/heuristic/seed_2
aider,L30_G30,ShuffleNetV2,4,hounie_rcl,96.0,50,300,31,31,11,0.5464954915945718,0.45112781954887216,0.45112781954887216,0.8106665677850842,0.9450215130800319,0.9733455882352942,results/pending_runs/paper_backbones/ShuffleNetV2/aider/L30_G30/hounie_rcl/seed_4
aider,L30_G30,ShuffleNetV2,3,hounie_rcl,76.0,50,300,31,31,16,0.6398176503529066,0.46616541353383456,0.46616541353383456,0.7988465266444817,0.9221347882055427,0.9641544117647058,results/pending_runs/paper_backbones/ShuffleNetV2/aider/L30_G30/hounie_rcl/seed_3
aider,L30_G30,ShuffleNetV2,1,hounie_rcl,86.0,50,300,31,31,18,0.5917755710236244,0.46616541353383456,0.46616541353383456,0.808094149662717,0.9345328931219802,0.96875,results/pending_runs/paper_backbones/ShuffleNetV2/aider/L30_G30/hounie_rcl/seed_1
aider,L30_G30,ShuffleNetV2,2,hounie_rcl,119.0,50,300,31,31,17,0.6524638874318046,0.46616541353383456,0.46616541353383456,0.822525361820114,0.9553581484274553,0.9779411764705882,results/pending_runs/paper_backbones/ShuffleNetV2/aider/L30_G30/hounie_rcl/seed_2
aider,L30_G30,ShuffleNetV2,4,tralo,98.0,50,300,31,31,31,0.6934580511427056,0.46616541353383456,0.46616541353383456,0.8277763704601843,0.9609686492865753,0.9806985294117647,results/pending_runs/paper_backbones/ShuffleNetV2/aider/L30_G30/tralo/seed_4
aider,L30_G30,ShuffleNetV2,3,tralo,82.0,50,300,31,31,30,0.8011961266100116,0.46616541353383456,0.46616541353383456,0.8153082472956701,0.9442201910920432,0.9733455882352942,results/pending_runs/paper_backbones/ShuffleNetV2/aider/L30_G30/tralo/seed_3
aider,L30_G30,ShuffleNetV2,1,tralo,78.0,50,300,31,31,30,0.7124036757716631,0.46616541353383456,0.46616541353383456,0.8192875183056495,0.951001344747855,0.9761029411764706,results/pending_runs/paper_backbones/ShuffleNetV2/aider/L30_G30/tralo/seed_1
aider,L30_G30,ShuffleNetV2,2,tralo,350.0,50,300,31,31,31,0.7499306210432257,0.46616541353383456,0.46616541353383456,0.8266622118357883,0.965061072115315,0.9825367647058824,results/pending_runs/paper_backbones/ShuffleNetV2/aider/L30_G30/tralo/seed_2
aider,L30_G30,ShuffleNetV2,4,danits_lp,0.0,50,300,31,31,97,0.9859458322899286,0.46616541353383456,0.46616541353383456,0.8448690604569908,0.9839840455902524,0.9917279411764706,results/pending_runs/paper_backbones/ShuffleNetV2/aider/L30_G30/danits_lp/seed_4
aider,L30_G30,ShuffleNetV2,3,danits_lp,0.0,50,300,31,31,97,0.9894456316671325,0.46616541353383456,0.46616541353383456,0.8383443626395343,0.9765738725531438,0.9880514705882353,results/pending_runs/paper_backbones/ShuffleNetV2/aider/L30_G30/danits_lp/seed_3
aider,L30_G30,ShuffleNetV2,1,danits_lp,0.0,50,300,31,31,104,0.9793386131590798,0.46616541353383456,0.46616541353383456,0.8374958111971458,0.9768459776720139,0.9880514705882353,results/pending_runs/paper_backbones/ShuffleNetV2/aider/L30_G30/danits_lp/seed_1
aider,L30_G30,ShuffleNetV2,2,danits_lp,0.0,50,300,31,31,99,0.9825947177525249,0.46616541353383456,0.46616541353383456,0.8295142120228538,0.9753403281799247,0.9871323529411765,results/pending_runs/paper_backbones/ShuffleNetV2/aider/L30_G30/danits_lp/seed_2
aider,L30_G30,ShuffleNetV2,4,fioretto_ldf,42.0,50,300,31,31,26,0.6554450538062403,0.46616541353383456,0.46616541353383456,0.8233938937621188,0.9550835414357669,0.9779411764705882,results/pending_runs/paper_backbones/ShuffleNetV2/aider/L30_G30/fioretto_ldf/seed_4
aider,L30_G30,ShuffleNetV2,3,fioretto_ldf,37.0,50,300,31,31,23,0.7714074876831469,0.46616541353383456,0.46616541353383456,0.8137034629596435,0.9420667333047742,0.9724264705882353,results/pending_runs/paper_backbones/ShuffleNetV2/aider/L30_G30/fioretto_ldf/seed_3
aider,L30_G30,ShuffleNetV2,1,fioretto_ldf,36.0,50,300,31,31,26,0.6879801758750148,0.46616541353383456,0.46616541353383456,0.8190756441760874,0.9507056589203131,0.9761029411764706,results/pending_runs/paper_backbones/ShuffleNetV2/aider/L30_G30/fioretto_ldf/seed_1
aider,L30_G30,ShuffleNetV2,2,fioretto_ldf,50.0,50,300,31,31,27,0.7314066886141742,0.46616541353383456,0.46616541353383456,0.8243039797572582,0.9591262672037258,0.9797794117647058,results/pending_runs/paper_backbones/ShuffleNetV2/aider/L30_G30/fioretto_ldf/seed_2
aider,L30_G30,ShuffleNetV2,4,tralo_bounded,83.0,50,300,31,31,23,0.6373256689415493,0.46616541353383456,0.46616541353383456,0.8219061517659915,0.9530859962764008,0.9770220588235294,results/pending_runs/paper_backbones/ShuffleNetV2/aider/L30_G30/tralo_bounded/seed_4
aider,L30_G30,ShuffleNetV2,3,tralo_bounded,76.0,50,300,31,31,22,0.7444200482270705,0.46616541353383456,0.46616541353383456,0.8106495106545399,0.9379673739894164,0.9705882352941176,results/pending_runs/paper_backbones/ShuffleNetV2/aider/L30_G30/tralo_bounded/seed_3
aider,L30_G30,ShuffleNetV2,1,tralo_bounded,78.0,50,300,31,31,27,0.6934802306138373,0.46616541353383456,0.46616541353383456,0.8177585909641998,0.9489491156018891,0.9751838235294118,results/pending_runs/paper_backbones/ShuffleNetV2/aider/L30_G30/tralo_bounded/seed_1
aider,L30_G30,ShuffleNetV2,2,tralo_bounded,91.0,50,300,31,31,27,0.7246785342867094,0.46616541353383456,0.46616541353383456,0.8229077628626953,0.9572504713641189,0.9788602941176471,results/pending_runs/paper_backbones/ShuffleNetV2/aider/L30_G30/tralo_bounded/seed_2
aider,L30_G30,ShuffleNetV2,4,heuristic,0.0,50,300,31,31,97,0.9859458322899286,0.46616541353383456,0.46616541353383456,0.8448690604569908,0.9839840455902524,0.9917279411764706,results/pending_runs/paper_backbones/ShuffleNetV2/aider/L30_G30/heuristic/seed_4
aider,L30_G30,ShuffleNetV2,3,heuristic,0.0,50,300,31,31,97,0.9894456316671325,0.46616541353383456,0.46616541353383456,0.8383443626395343,0.9765738725531438,0.9880514705882353,results/pending_runs/paper_backbones/ShuffleNetV2/aider/L30_G30/heuristic/seed_3
aider,L30_G30,ShuffleNetV2,1,heuristic,0.0,50,300,31,31,104,0.9793386131590798,0.46616541353383456,0.46616541353383456,0.8374958111971458,0.9768459776720139,0.9880514705882353,results/pending_runs/paper_backbones/ShuffleNetV2/aider/L30_G30/heuristic/seed_1
aider,L30_G30,ShuffleNetV2,2,heuristic,0.0,50,300,31,31,99,0.9825947177525249,0.46616541353383456,0.46616541353383456,0.8295142120228538,0.9753403281799247,0.9871323529411765,results/pending_runs/paper_backbones/ShuffleNetV2/aider/L30_G30/heuristic/seed_2
aider,L50_G50,ShuffleNetV2,4,danits_lp,0.0,50,300,51,51,97,0.9859458322899286,0.6666666666666666,0.6666666666666666,0.8976388326004069,0.9839840455902524,0.9917279411764706,results/pending_runs/paper_backbones/ShuffleNetV2/aider/L50_G50/danits_lp/seed_4
aider,L50_G50,ShuffleNetV2,3,danits_lp,0.0,50,300,51,51,97,0.9894456316671325,0.6666666666666666,0.6666666666666666,0.8911026572791279,0.9765738725531438,0.9880514705882353,results/pending_runs/paper_backbones/ShuffleNetV2/aider/L50_G50/danits_lp/seed_3
aider,L50_G50,ShuffleNetV2,1,danits_lp,0.0,50,300,51,51,104,0.9793386131590798,0.6666666666666666,0.6666666666666666,0.8902625576439254,0.9768459776720139,0.9880514705882353,results/pending_runs/paper_backbones/ShuffleNetV2/aider/L50_G50/danits_lp/seed_1
aider,L50_G50,ShuffleNetV2,2,danits_lp,0.0,50,300,51,51,99,0.9825947177525249,0.6666666666666666,0.6666666666666666,0.882306980149424,0.9753403281799247,0.9871323529411765,results/pending_runs/paper_backbones/ShuffleNetV2/aider/L50_G50/danits_lp/seed_2
aider,L50_G50,ShuffleNetV2,4,tralo_bounded,350.0,50,300,51,51,44,0.8059987903708467,0.6666666666666666,0.6666666666666666,0.8848136217731362,0.9667498260536312,0.9834558823529411,results/pending_runs/paper_backbones/ShuffleNetV2/aider/L50_G50/tralo_bounded/seed_4
aider,L50_G50,ShuffleNetV2,3,tralo_bounded,73.0,50,300,51,51,50,0.8742660603938137,0.6666666666666666,0.6666666666666666,0.8726006258420723,0.9503745661770893,0.9761029411764706,results/pending_runs/paper_backbones/ShuffleNetV2/aider/L50_G50/tralo_bounded/seed_3
aider,L50_G50,ShuffleNetV2,1,tralo_bounded,75.0,50,300,51,51,47,0.7885259448379625,0.6666666666666666,0.6666666666666666,0.8735181975575593,0.9530347194842769,0.9770220588235294,results/pending_runs/paper_backbones/ShuffleNetV2/aider/L50_G50/tralo_bounded/seed_1
aider,L50_G50,ShuffleNetV2,2,tralo_bounded,82.0,50,300,51,51,50,0.8415355419233419,0.6666666666666666,0.6666666666666666,0.8892382961395134,0.9727003946360245,0.9862132352941176,results/pending_runs/paper_backbones/ShuffleNetV2/aider/L50_G50/tralo_bounded/seed_2
aider,L50_G50,ShuffleNetV2,4,heuristic,0.0,50,300,51,51,97,0.9859458322899286,0.6666666666666666,0.6666666666666666,0.8976388326004069,0.9839840455902524,0.9917279411764706,results/pending_runs/paper_backbones/ShuffleNetV2/aider/L50_G50/heuristic/seed_4
aider,L50_G50,ShuffleNetV2,3,heuristic,0.0,50,300,51,51,97,0.9894456316671325,0.6666666666666666,0.6666666666666666,0.8911026572791279,0.9765738725531438,0.9880514705882353,results/pending_runs/paper_backbones/ShuffleNetV2/aider/L50_G50/heuristic/seed_3
aider,L50_G50,ShuffleNetV2,1,heuristic,0.0,50,300,51,51,104,0.9793386131590798,0.6666666666666666,0.6666666666666666,0.8902625576439254,0.9768459776720139,0.9880514705882353,results/pending_runs/paper_backbones/ShuffleNetV2/aider/L50_G50/heuristic/seed_1
aider,L50_G50,ShuffleNetV2,2,heuristic,0.0,50,300,51,51,99,0.9825947177525249,0.6666666666666666,0.6666666666666666,0.882306980149424,0.9753403281799247,0.9871323529411765,results/pending_runs/paper_backbones/ShuffleNetV2/aider/L50_G50/heuristic/seed_2
aider,L80_G80,ShuffleNetV2,4,hounie_rcl,103.0,50,300,82,82,80,0.9382294800653151,0.8695652173913043,0.8695652173913043,0.9466571154468015,0.9764352161465574,0.9880514705882353,results/pending_runs/paper_backbones/ShuffleNetV2/aider/L80_G80/hounie_rcl/seed_4
aider,L80_G80,ShuffleNetV2,3,hounie_rcl,97.0,50,300,82,82,79,0.942873995049896,0.8804347826086957,0.8804347826086957,0.9439348625845342,0.9687881403261337,0.984375,results/pending_runs/paper_backbones/ShuffleNetV2/aider/L80_G80/hounie_rcl/seed_3
aider,L80_G80,ShuffleNetV2,1,hounie_rcl,77.0,50,300,82,82,76,0.9575932731472989,0.8913043478260869,0.8913043478260869,0.9470060487963301,0.9692721368768114,0.984375,results/pending_runs/paper_backbones/ShuffleNetV2/aider/L80_G80/hounie_rcl/seed_1
aider,L80_G80,ShuffleNetV2,2,hounie_rcl,127.0,50,300,82,82,78,0.9469054331235849,0.8804347826086957,0.8804347826086957,0.9473648708170362,0.9765768229113667,0.9880514705882353,results/pending_runs/paper_backbones/ShuffleNetV2/aider/L80_G80/hounie_rcl/seed_2
aider,L80_G80,ShuffleNetV2,4,tralo,68.0,50,300,82,82,82,0.9427767039615065,0.8695652173913043,0.8695652173913043,0.9480622507187857,0.9783131201198428,0.9889705882352942,results/pending_runs/paper_backbones/ShuffleNetV2/aider/L80_G80/tralo/seed_4
aider,L80_G80,ShuffleNetV2,3,tralo,77.0,50,300,82,82,82,0.9519709743915902,0.8804347826086957,0.8804347826086957,0.9454672954679392,0.9708396178984414,0.9852941176470589,results/pending_runs/paper_backbones/ShuffleNetV2/aider/L80_G80/tralo/seed_3
aider,L80_G80,ShuffleNetV2,1,tralo,75.0,50,300,82,82,81,0.9667483533969238,0.8913043478260869,0.8913043478260869,0.9487553813526446,0.9730082028011693,0.9862132352941176,results/pending_runs/paper_backbones/ShuffleNetV2/aider/L80_G80/tralo/seed_1
aider,L80_G80,ShuffleNetV2,2,tralo,84.0,50,300,82,82,82,0.9531501074551092,0.8804347826086957,0.8804347826086957,0.9501358372246245,0.9802810834750519,0.9898897058823529,results/pending_runs/paper_backbones/ShuffleNetV2/aider/L80_G80/tralo/seed_2
aider,L80_G80,ShuffleNetV2,4,danits_lp,0.0,50,300,82,82,97,0.9859458322899286,0.8804347826086957,0.8804347826086957,0.9552974118022977,0.9839840455902524,0.9917279411764706,results/pending_runs/paper_backbones/ShuffleNetV2/aider/L80_G80/danits_lp/seed_4
aider,L80_G80,ShuffleNetV2,3,danits_lp,0.0,50,300,82,82,97,0.9894456316671325,0.8804347826086957,0.8804347826086957,0.9487426071292226,0.9765738725531438,0.9880514705882353,results/pending_runs/paper_backbones/ShuffleNetV2/aider/L80_G80/danits_lp/seed_3
aider,L80_G80,ShuffleNetV2,1,danits_lp,0.0,50,300,82,82,104,0.9793386131590798,0.8913043478260869,0.8913043478260869,0.9506337037219985,0.9768459776720139,0.9880514705882353,results/pending_runs/paper_backbones/ShuffleNetV2/aider/L80_G80/danits_lp/seed_1
aider,L80_G80,ShuffleNetV2,2,danits_lp,0.0,50,300,82,82,99,0.9825947177525249,0.8913043478260869,0.8913043478260869,0.9465998519809666,0.9753403281799247,0.9871323529411765,results/pending_runs/paper_backbones/ShuffleNetV2/aider/L80_G80/danits_lp/seed_2
aider,L80_G80,ShuffleNetV2,4,fioretto_ldf,24.0,50,300,82,82,81,0.9355637477791543,0.8695652173913043,0.8695652173913043,0.9466571154468015,0.9764352161465574,0.9880514705882353,results/pending_runs/paper_backbones/ShuffleNetV2/aider/L80_G80/fioretto_ldf/seed_4
aider,L80_G80,ShuffleNetV2,3,fioretto_ldf,24.0,50,300,82,82,81,0.945016622721266,0.8804347826086957,0.8804347826086957,0.946768936279332,0.9725751992901928,0.9862132352941176,results/pending_runs/paper_backbones/ShuffleNetV2/aider/L80_G80/fioretto_ldf/seed_3
aider,L80_G80,ShuffleNetV2,1,fioretto_ldf,21.0,50,300,82,82,74,0.9541282566797643,0.8913043478260869,0.8913043478260869,0.9470060487963301,0.9692721368768114,0.984375,results/pending_runs/paper_backbones/ShuffleNetV2/aider/L80_G80/fioretto_ldf/seed_1
aider,L80_G80,ShuffleNetV2,2,fioretto_ldf,29.0,50,300,82,82,79,0.950040590868037,0.8804347826086957,0.8804347826086957,0.9487562466146586,0.9784368477105106,0.9889705882352942,results/pending_runs/paper_backbones/ShuffleNetV2/aider/L80_G80/fioretto_ldf/seed_2
aider,L80_G80,ShuffleNetV2,4,tralo_bounded,68.0,50,300,82,82,81,0.9391497892568078,0.8695652173913043,0.8695652173913043,0.9480622507187857,0.9783131201198428,0.9889705882352942,results/pending_runs/paper_backbones/ShuffleNetV2/aider/L80_G80/tralo_bounded/seed_4
aider,L80_G80,ShuffleNetV2,3,tralo_bounded,68.0,50,300,82,82,81,0.9442349474980121,0.8804347826086957,0.8804347826086957,0.9453273167584514,0.9706488894153623,0.9852941176470589,results/pending_runs/paper_backbones/ShuffleNetV2/aider/L80_G80/tralo_bounded/seed_3
aider,L80_G80,ShuffleNetV2,1,tralo_bounded,65.0,50,300,82,82,76,0.9568564308893764,0.8913043478260869,0.8913043478260869,0.9470060487963301,0.9692721368768114,0.984375,results/pending_runs/paper_backbones/ShuffleNetV2/aider/L80_G80/tralo_bounded/seed_1
aider,L80_G80,ShuffleNetV2,2,tralo_bounded,350.0,50,300,82,82,80,0.9508349675748068,0.8804347826086957,0.8804347826086957,0.9487562466146586,0.9784368477105106,0.9889705882352942,results/pending_runs/paper_backbones/ShuffleNetV2/aider/L80_G80/tralo_bounded/seed_2
aider,L80_G80,ShuffleNetV2,4,heuristic,0.0,50,300,82,82,97,0.9859458322899286,0.8804347826086957,0.8804347826086957,0.9552974118022977,0.9839840455902524,0.9917279411764706,results/pending_runs/paper_backbones/ShuffleNetV2/aider/L80_G80/heuristic/seed_4
aider,L80_G80,ShuffleNetV2,3,heuristic,0.0,50,300,82,82,97,0.9894456316671325,0.8804347826086957,0.8804347826086957,0.9487426071292226,0.9765738725531438,0.9880514705882353,results/pending_runs/paper_backbones/ShuffleNetV2/aider/L80_G80/heuristic/seed_3
aider,L80_G80,ShuffleNetV2,1,heuristic,0.0,50,300,82,82,104,0.9793386131590798,0.8913043478260869,0.8913043478260869,0.9506337037219985,0.9768459776720139,0.9880514705882353,results/pending_runs/paper_backbones/ShuffleNetV2/aider/L80_G80/heuristic/seed_1
aider,L80_G80,ShuffleNetV2,2,heuristic,0.0,50,300,82,82,99,0.9825947177525249,0.8913043478260869,0.8913043478260869,0.9465998519809666,0.9753403281799247,0.9871323529411765,results/pending_runs/paper_backbones/ShuffleNetV2/aider/L80_G80/heuristic/seed_2
dermmnist,L20_G20,ShuffleNetV2,4,hounie_rcl,76.0,50,300,45,45,24,0.5251731832610975,0.29850746268656714,0.29850746268656714,0.6526720942353831,0.7437660521077077,0.8994382022471911,results/pending_runs/paper_backbones/ShuffleNetV2/dermmnist/L20_G20/hounie_rcl/seed_4
dermmnist,L20_G20,ShuffleNetV2,3,hounie_rcl,87.0,50,300,45,45,32,0.5030643886363632,0.26865671641791045,0.26865671641791045,0.6539470861138934,0.7569207594425974,0.9050561797752809,results/pending_runs/paper_backbones/ShuffleNetV2/dermmnist/L20_G20/hounie_rcl/seed_3
dermmnist,L20_G20,ShuffleNetV2,1,hounie_rcl,61.0,50,300,45,45,35,0.4847294350930216,0.2835820895522388,0.2835820895522388,0.626925025182543,0.7165667436128107,0.897191011235955,results/pending_runs/paper_backbones/ShuffleNetV2/dermmnist/L20_G20/hounie_rcl/seed_1
dermmnist,L20_G20,ShuffleNetV2,2,hounie_rcl,69.0,50,300,45,45,36,0.5504463687542634,0.29850746268656714,0.29850746268656714,0.6312040545093497,0.7240298339352887,0.8932584269662921,results/pending_runs/paper_backbones/ShuffleNetV2/dermmnist/L20_G20/hounie_rcl/seed_2
dermmnist,L20_G20,ShuffleNetV2,4,tralo,80.0,50,300,45,45,38,0.5248039780322564,0.2835820895522388,0.2835820895522388,0.6232331089148747,0.7194008005769225,0.8938202247191012,results/pending_runs/paper_backbones/ShuffleNetV2/dermmnist/L20_G20/tralo/seed_4
dermmnist,L20_G20,ShuffleNetV2,3,tralo,85.0,50,300,45,45,42,0.47646555428457793,0.26119402985074625,0.26119402985074625,0.6246503416744045,0.7235052871075908,0.8966292134831461,results/pending_runs/paper_backbones/ShuffleNetV2/dermmnist/L20_G20/tralo/seed_3
dermmnist,L20_G20,ShuffleNetV2,1,tralo,86.0,50,300,45,45,41,0.49289912166637045,0.2835820895522388,0.2835820895522388,0.6417037336394633,0.7388549870274729,0.8994382022471911,results/pending_runs/paper_backbones/ShuffleNetV2/dermmnist/L20_G20/tralo/seed_1
dermmnist,L20_G20,ShuffleNetV2,2,tralo,350.0,50,300,45,45,40,0.5295907667324039,0.2835820895522388,0.2835820895522388,0.6227241102758697,0.717880983740252,0.8966292134831461,results/pending_runs/paper_backbones/ShuffleNetV2/dermmnist/L20_G20/tralo/seed_2
dermmnist,L20_G20,ShuffleNetV2,4,danits_lp,0.0,50,300,45,45,253,0.6041188690093185,0.26865671641791045,0.26865671641791045,0.661958301029826,0.7523281817252555,0.8960674157303371,results/pending_runs/paper_backbones/ShuffleNetV2/dermmnist/L20_G20/danits_lp/seed_4
dermmnist,L20_G20,ShuffleNetV2,3,danits_lp,0.0,50,300,45,45,185,0.5853469736081506,0.26865671641791045,0.26865671641791045,0.6735660573791072,0.7731998154793619,0.903370786516854,results/pending_runs/paper_backbones/ShuffleNetV2/dermmnist/L20_G20/danits_lp/seed_3
dermmnist,L20_G20,ShuffleNetV2,1,danits_lp,0.0,50,300,45,45,229,0.5690922436568214,0.27611940298507465,0.27611940298507465,0.6358140481154783,0.7279944619830951,0.895505617977528,results/pending_runs/paper_backbones/ShuffleNetV2/dermmnist/L20_G20/danits_lp/seed_1
dermmnist,L20_G20,ShuffleNetV2,2,danits_lp,0.0,50,300,45,45,158,0.6197260044920374,0.30597014925373134,0.30597014925373134,0.6448517082938213,0.7337123208679608,0.898314606741573,results/pending_runs/paper_backbones/ShuffleNetV2/dermmnist/L20_G20/danits_lp/seed_2
dermmnist,L20_G20,ShuffleNetV2,4,fioretto_ldf,41.0,50,300,45,45,34,0.5220736468590808,0.27611940298507465,0.27611940298507465,0.6274012094684102,0.7251543577720541,0.8966292134831461,results/pending_runs/paper_backbones/ShuffleNetV2/dermmnist/L20_G20/fioretto_ldf/seed_4
dermmnist,L20_G20,ShuffleNetV2,3,fioretto_ldf,43.0,50,300,45,45,36,0.46649985273491335,0.26119402985074625,0.26119402985074625,0.6360511972363189,0.7349663258858593,0.9,results/pending_runs/paper_backbones/ShuffleNetV2/dermmnist/L20_G20/fioretto_ldf/seed_3
dermmnist,L20_G20,ShuffleNetV2,1,fioretto_ldf,40.0,50,300,45,45,37,0.48633351118689816,0.2835820895522388,0.291044776119403,0.6433547063526971,0.737982181629801,0.8966292134831461,results/pending_runs/paper_backbones/ShuffleNetV2/dermmnist/L20_G20/fioretto_ldf/seed_1
dermmnist,L20_G20,ShuffleNetV2,2,fioretto_ldf,35.0,50,300,45,45,41,0.5286152502153171,0.27611940298507465,0.27611940298507465,0.6260519230712237,0.7239199525983855,0.8932584269662921,results/pending_runs/paper_backbones/ShuffleNetV2/dermmnist/L20_G20/fioretto_ldf/seed_2
dermmnist,L20_G20,ShuffleNetV2,4,tralo_bounded,80.0,50,300,45,45,31,0.5227637518577414,0.2835820895522388,0.2835820895522388,0.6352492594271999,0.7345415869961585,0.898876404494382,results/pending_runs/paper_backbones/ShuffleNetV2/dermmnist/L20_G20/tralo_bounded/seed_4
dermmnist,L20_G20,ShuffleNetV2,3,tralo_bounded,80.0,50,300,45,45,36,0.4714799915648076,0.26119402985074625,0.26119402985074625,0.6400693208601125,0.740477961621261,0.902247191011236,results/pending_runs/paper_backbones/ShuffleNetV2/dermmnist/L20_G20/tralo_bounded/seed_3
dermmnist,L20_G20,ShuffleNetV2,1,tralo_bounded,80.0,50,300,45,45,36,0.4832314185505983,0.2835820895522388,0.2835820895522388,0.6403890641629235,0.7353893618715972,0.898876404494382,results/pending_runs/paper_backbones/ShuffleNetV2/dermmnist/L20_G20/tralo_bounded/seed_1
dermmnist,L20_G20,ShuffleNetV2,2,tralo_bounded,75.0,50,300,45,45,39,0.5263063240227986,0.2835820895522388,0.2835820895522388,0.6276326249342248,0.7238793744343677,0.8977528089887641,results/pending_runs/paper_backbones/ShuffleNetV2/dermmnist/L20_G20/tralo_bounded/seed_2
dermmnist,L20_G20,ShuffleNetV2,4,heuristic,0.0,50,300,45,45,253,0.6041188690093185,0.26865671641791045,0.26865671641791045,0.661958301029826,0.7523281817252555,0.8960674157303371,results/pending_runs/paper_backbones/ShuffleNetV2/dermmnist/L20_G20/heuristic/seed_4
dermmnist,L20_G20,ShuffleNetV2,3,heuristic,0.0,50,300,45,45,185,0.5853469736081506,0.26865671641791045,0.26865671641791045,0.6735660573791072,0.7731998154793619,0.903370786516854,results/pending_runs/paper_backbones/ShuffleNetV2/dermmnist/L20_G20/heuristic/seed_3
dermmnist,L20_G20,ShuffleNetV2,1,heuristic,0.0,50,300,45,45,229,0.5690922436568214,0.27611940298507465,0.27611940298507465,0.6358140481154783,0.7279944619830951,0.895505617977528,results/pending_runs/paper_backbones/ShuffleNetV2/dermmnist/L20_G20/heuristic/seed_1
dermmnist,L20_G20,ShuffleNetV2,2,heuristic,0.0,50,300,45,45,158,0.6197260044920374,0.30597014925373134,0.30597014925373134,0.6448517082938213,0.7337123208679608,0.898314606741573,results/pending_runs/paper_backbones/ShuffleNetV2/dermmnist/L20_G20/heuristic/seed_2
dermmnist,L70_G70,ShuffleNetV2,4,hounie_rcl,31.0,50,300,156,156,144,0.6154990686815244,0.5910290237467019,0.5910290237467019,0.7142616190335956,0.7616415619182623,0.900561797752809,results/pending_runs/paper_backbones/ShuffleNetV2/dermmnist/L70_G70/hounie_rcl/seed_4
dermmnist,L70_G70,ShuffleNetV2,3,hounie_rcl,43.0,50,300,156,156,127,0.5815634898190455,0.5488126649076517,0.5488126649076517,0.7034655697942972,0.7628848463755231,0.9067415730337078,results/pending_runs/paper_backbones/ShuffleNetV2/dermmnist/L70_G70/hounie_rcl/seed_3
dermmnist,L70_G70,ShuffleNetV2,1,hounie_rcl,40.0,50,300,156,156,135,0.5745310788153661,0.5382585751978892,0.5382585751978892,0.7074606685703078,0.7643397811396976,0.9039325842696629,results/pending_runs/paper_backbones/ShuffleNetV2/dermmnist/L70_G70/hounie_rcl/seed_1
dermmnist,L70_G70,ShuffleNetV2,2,hounie_rcl,32.0,50,300,156,156,134,0.618310046629715,0.5699208443271768,0.5699208443271768,0.6863251137311362,0.7335660294997767,0.900561797752809,results/pending_runs/paper_backbones/ShuffleNetV2/dermmnist/L70_G70/hounie_rcl/seed_2
dermmnist,L70_G70,ShuffleNetV2,4,tralo,72.0,50,300,156,156,153,0.6168208720898163,0.6015831134564644,0.6015831134564644,0.7167817005761015,0.7587693117334426,0.898314606741573,results/pending_runs/paper_backbones/ShuffleNetV2/dermmnist/L70_G70/tralo/seed_4
dermmnist,L70_G70,ShuffleNetV2,3,tralo,78.0,50,300,156,156,148,0.5858372637433716,0.5435356200527705,0.5435356200527705,0.7017781864806963,0.7596009537621118,0.903370786516854,results/pending_runs/paper_backbones/ShuffleNetV2/dermmnist/L70_G70/tralo/seed_3
dermmnist,L70_G70,ShuffleNetV2,1,tralo,70.0,50,300,156,156,150,0.5707113038400128,0.5382585751978892,0.5382585751978892,0.6874303295714778,0.7435811483295122,0.8966292134831461,results/pending_runs/paper_backbones/ShuffleNetV2/dermmnist/L70_G70/tralo/seed_1
dermmnist,L70_G70,ShuffleNetV2,2,tralo,77.0,50,300,156,156,156,0.6187575154238826,0.5646437994722955,0.5593667546174143,0.684269719722475,0.7341860142065065,0.9,results/pending_runs/paper_backbones/ShuffleNetV2/dermmnist/L70_G70/tralo/seed_2
dermmnist,L70_G70,ShuffleNetV2,4,danits_lp,0.0,50,300,156,156,253,0.6041188690093185,0.575197889182058,0.5699208443271768,0.7086128599422752,0.7523281817252555,0.8960674157303371,results/pending_runs/paper_backbones/ShuffleNetV2/dermmnist/L70_G70/danits_lp/seed_4
dermmnist,L70_G70,ShuffleNetV2,3,danits_lp,0.0,50,300,156,156,185,0.5853469736081506,0.5435356200527705,0.5435356200527705,0.7201885216856152,0.7731998154793619,0.903370786516854,results/pending_runs/paper_backbones/ShuffleNetV2/dermmnist/L70_G70/danits_lp/seed_3
dermmnist,L70_G70,ShuffleNetV2,1,danits_lp,0.0,50,300,156,156,229,0.5690922436568214,0.5382585751978892,0.5382585751978892,0.675217768549255,0.7279944619830951,0.895505617977528,results/pending_runs/paper_backbones/ShuffleNetV2/dermmnist/L70_G70/danits_lp/seed_1
dermmnist,L70_G70,ShuffleNetV2,2,danits_lp,0.0,50,300,156,156,158,0.6197260044920374,0.5645161290322581,0.5593667546174143,0.6832036541599713,0.7337123208679608,0.898314606741573,results/pending_runs/paper_backbones/ShuffleNetV2/dermmnist/L70_G70/danits_lp/seed_2
dermmnist,L70_G70,ShuffleNetV2,4,fioretto_ldf,23.0,50,300,156,156,148,0.6162089045240697,0.6015831134564644,0.5910290237467019,0.7130680216461763,0.7587653557503019,0.898876404494382,results/pending_runs/paper_backbones/ShuffleNetV2/dermmnist/L70_G70/fioretto_ldf/seed_4
dermmnist,L70_G70,ShuffleNetV2,3,fioretto_ldf,24.0,50,300,156,156,132,0.5806389886198542,0.5488126649076517,0.5488126649076517,0.7014248771958219,0.7591074634657069,0.9056179775280899,results/pending_runs/paper_backbones/ShuffleNetV2/dermmnist/L70_G70/fioretto_ldf/seed_3
dermmnist,L70_G70,ShuffleNetV2,1,fioretto_ldf,23.0,50,300,156,156,139,0.5749169822741198,0.5329815303430079,0.5329815303430079,0.7015354443233226,0.7616966542981336,0.903370786516854,results/pending_runs/paper_backbones/ShuffleNetV2/dermmnist/L70_G70/fioretto_ldf/seed_1
dermmnist,L70_G70,ShuffleNetV2,2,fioretto_ldf,16.0,50,300,156,156,136,0.6191733716875306,0.5699208443271768,0.5699208443271768,0.6879019490388033,0.7353372015013505,0.9011235955056179,results/pending_runs/paper_backbones/ShuffleNetV2/dermmnist/L70_G70/fioretto_ldf/seed_2
dermmnist,L70_G70,ShuffleNetV2,4,tralo_bounded,63.0,50,300,156,156,150,0.616128563467586,0.6015831134564644,0.5963060686015831,0.713670475602089,0.7604008314948265,0.900561797752809,results/pending_runs/paper_backbones/ShuffleNetV2/dermmnist/L70_G70/tralo_bounded/seed_4
dermmnist,L70_G70,ShuffleNetV2,3,tralo_bounded,64.0,50,300,156,156,130,0.5800555344202952,0.5435356200527705,0.5435356200527705,0.7024392472115942,0.7628848463755231,0.9067415730337078,results/pending_runs/paper_backbones/ShuffleNetV2/dermmnist/L70_G70/tralo_bounded/seed_3
dermmnist,L70_G70,ShuffleNetV2,1,tralo_bounded,64.0,50,300,156,156,132,0.5727194662838194,0.5329815303430079,0.5329815303430079,0.7047026317454274,0.7650401658099549,0.9039325842696629,results/pending_runs/paper_backbones/ShuffleNetV2/dermmnist/L70_G70/tralo_bounded/seed_1
dermmnist,L70_G70,ShuffleNetV2,2,tralo_bounded,350.0,50,300,156,156,143,0.6204478084533995,0.5646437994722955,0.5646437994722955,0.6859353447547586,0.7341523087248539,0.8994382022471911,results/pending_runs/paper_backbones/ShuffleNetV2/dermmnist/L70_G70/tralo_bounded/seed_2
dermmnist,L70_G70,ShuffleNetV2,4,heuristic,0.0,50,300,156,156,253,0.6041188690093185,0.5699208443271768,0.5699208443271768,0.7086128599422752,0.7523281817252555,0.8960674157303371,results/pending_runs/paper_backbones/ShuffleNetV2/dermmnist/L70_G70/heuristic/seed_4
dermmnist,L70_G70,ShuffleNetV2,3,heuristic,0.0,50,300,156,156,185,0.5853469736081506,0.5435356200527705,0.5435356200527705,0.7201885216856152,0.7731998154793619,0.903370786516854,results/pending_runs/paper_backbones/ShuffleNetV2/dermmnist/L70_G70/heuristic/seed_3
dermmnist,L70_G70,ShuffleNetV2,1,heuristic,0.0,50,300,156,156,229,0.5690922436568214,0.5382585751978892,0.5382585751978892,0.675217768549255,0.7279944619830951,0.895505617977528,results/pending_runs/paper_backbones/ShuffleNetV2/dermmnist/L70_G70/heuristic/seed_1
dermmnist,L70_G70,ShuffleNetV2,2,heuristic,0.0,50,300,156,156,158,0.6197260044920374,0.5593667546174143,0.5593667546174143,0.6832036541599713,0.7337123208679608,0.898314606741573,results/pending_runs/paper_backbones/ShuffleNetV2/dermmnist/L70_G70/heuristic/seed_2
dermmnist,L30_G30,ShuffleNetV2,4,hounie_rcl,60.0,50,300,67,67,49,0.5639849731238805,0.4,0.4,0.6703782370912915,0.7539071376281988,0.8994382022471911,results/pending_runs/paper_backbones/ShuffleNetV2/dermmnist/L30_G30/hounie_rcl/seed_4
dermmnist,L30_G30,ShuffleNetV2,3,hounie_rcl,57.0,50,300,67,67,46,0.5179123400525557,0.36551724137931035,0.36551724137931035,0.6658692781433365,0.7517146160783791,0.9044943820224719,results/pending_runs/paper_backbones/ShuffleNetV2/dermmnist/L30_G30/hounie_rcl/seed_3
dermmnist,L30_G30,ShuffleNetV2,1,hounie_rcl,59.0,50,300,67,67,46,0.5079429550933047,0.3931034482758621,0.3931034482758621,0.6647385775168226,0.7367902908016405,0.898314606741573,results/pending_runs/paper_backbones/ShuffleNetV2/dermmnist/L30_G30/hounie_rcl/seed_1
dermmnist,L30_G30,ShuffleNetV2,2,hounie_rcl,57.0,50,300,67,67,50,0.5617995155701023,0.3793103448275862,0.3793103448275862,0.6438862194062427,0.7212392257922643,0.8966292134831461,results/pending_runs/paper_backbones/ShuffleNetV2/dermmnist/L30_G30/hounie_rcl/seed_2
dermmnist,L30_G30,ShuffleNetV2,4,tralo,76.0,50,300,67,67,56,0.565373663498854,0.38620689655172413,0.38620689655172413,0.6616445229108737,0.7461770028371185,0.898314606741573,results/pending_runs/paper_backbones/ShuffleNetV2/dermmnist/L30_G30/tralo/seed_4
dermmnist,L30_G30,ShuffleNetV2,3,tralo,98.0,50,300,67,67,65,0.5124352556514317,0.3586206896551724,0.36551724137931035,0.6496716780759572,0.7310004056983544,0.898314606741573,results/pending_runs/paper_backbones/ShuffleNetV2/dermmnist/L30_G30/tralo/seed_3
dermmnist,L30_G30,ShuffleNetV2,1,tralo,83.0,50,300,67,67,67,0.5236366379777229,0.3931034482758621,0.3931034482758621,0.6709487904919612,0.756522604155962,0.9011235955056179,results/pending_runs/paper_backbones/ShuffleNetV2/dermmnist/L30_G30/tralo/seed_1
dermmnist,L30_G30,ShuffleNetV2,2,tralo,79.0,50,300,67,67,64,0.5676819733915951,0.3793103448275862,0.3793103448275862,0.6538665064712615,0.7358084191126043,0.898314606741573,results/pending_runs/paper_backbones/ShuffleNetV2/dermmnist/L30_G30/tralo/seed_2
dermmnist,L30_G30,ShuffleNetV2,4,danits_lp,0.0,50,300,67,67,253,0.6041188690093185,0.3586206896551724,0.36551724137931035,0.676688519011096,0.7523281817252555,0.8960674157303371,results/pending_runs/paper_backbones/ShuffleNetV2/dermmnist/L30_G30/danits_lp/seed_4
dermmnist,L30_G30,ShuffleNetV2,3,danits_lp,0.0,50,300,67,67,185,0.5853469736081506,0.36551724137931035,0.3586206896551724,0.6871650957796485,0.7731998154793619,0.903370786516854,results/pending_runs/paper_backbones/ShuffleNetV2/dermmnist/L30_G30/danits_lp/seed_3
dermmnist,L30_G30,ShuffleNetV2,1,danits_lp,0.0,50,300,67,67,229,0.5690922436568214,0.38620689655172413,0.3793103448275862,0.651347410507926,0.7279944619830951,0.895505617977528,results/pending_runs/paper_backbones/ShuffleNetV2/dermmnist/L30_G30/danits_lp/seed_1
dermmnist,L30_G30,ShuffleNetV2,2,danits_lp,0.0,50,300,67,67,158,0.6197260044920374,0.3793103448275862,0.38620689655172413,0.6559592233692214,0.7337123208679608,0.898314606741573,results/pending_runs/paper_backbones/ShuffleNetV2/dermmnist/L30_G30/danits_lp/seed_2
dermmnist,L30_G30,ShuffleNetV2,4,fioretto_ldf,299.0,50,300,67,67,53,0.5598857437158057,0.3931034482758621,0.3931034482758621,0.654322556391626,0.7364633170731909,0.897191011235955,results/pending_runs/paper_backbones/ShuffleNetV2/dermmnist/L30_G30/fioretto_ldf/seed_4
dermmnist,L30_G30,ShuffleNetV2,3,fioretto_ldf,37.0,50,300,67,67,58,0.5169570794315919,0.36551724137931035,0.36551724137931035,0.6628565638492755,0.7466839011749508,0.903370786516854,results/pending_runs/paper_backbones/ShuffleNetV2/dermmnist/L30_G30/fioretto_ldf/seed_3
dermmnist,L30_G30,ShuffleNetV2,1,fioretto_ldf,36.0,50,300,67,67,61,0.5169920296973249,0.38620689655172413,0.3931034482758621,0.6562804631960343,0.7371838544880949,0.897191011235955,results/pending_runs/paper_backbones/ShuffleNetV2/dermmnist/L30_G30/fioretto_ldf/seed_1
dermmnist,L30_G30,ShuffleNetV2,2,fioretto_ldf,32.0,50,300,67,67,55,0.5615290108077728,0.3793103448275862,0.3793103448275862,0.64962499463857,0.7279667548599602,0.8966292134831461,results/pending_runs/paper_backbones/ShuffleNetV2/dermmnist/L30_G30/fioretto_ldf/seed_2
dermmnist,L30_G30,ShuffleNetV2,4,tralo_bounded,76.0,50,300,67,67,51,0.5593760062351637,0.3931034482758621,0.3931034482758621,0.6616568999768621,0.7455476764035223,0.900561797752809,results/pending_runs/paper_backbones/ShuffleNetV2/dermmnist/L30_G30/tralo_bounded/seed_4
dermmnist,L30_G30,ShuffleNetV2,3,tralo_bounded,75.0,50,300,67,67,55,0.5201431690921652,0.3586206896551724,0.3586206896551724,0.6629814404283237,0.7489302320510404,0.9050561797752809,results/pending_runs/paper_backbones/ShuffleNetV2/dermmnist/L30_G30/tralo_bounded/seed_3
dermmnist,L30_G30,ShuffleNetV2,1,tralo_bounded,350.0,50,300,67,67,62,0.5225325513193041,0.3931034482758621,0.4,0.668408836923656,0.7507867293421605,0.898876404494382,results/pending_runs/paper_backbones/ShuffleNetV2/dermmnist/L30_G30/tralo_bounded/seed_1
dermmnist,L30_G30,ShuffleNetV2,2,tralo_bounded,71.0,50,300,67,67,54,0.566778597619884,0.3793103448275862,0.3793103448275862,0.646224276042843,0.7236101040903997,0.8977528089887641,results/pending_runs/paper_backbones/ShuffleNetV2/dermmnist/L30_G30/tralo_bounded/seed_2
dermmnist,L30_G30,ShuffleNetV2,4,heuristic,0.0,50,300,67,67,253,0.6041188690093185,0.36551724137931035,0.36551724137931035,0.676688519011096,0.7523281817252555,0.8960674157303371,results/pending_runs/paper_backbones/ShuffleNetV2/dermmnist/L30_G30/heuristic/seed_4
dermmnist,L30_G30,ShuffleNetV2,3,heuristic,0.0,50,300,67,67,185,0.5853469736081506,0.3586206896551724,0.3586206896551724,0.6871650957796485,0.7731998154793619,0.903370786516854,results/pending_runs/paper_backbones/ShuffleNetV2/dermmnist/L30_G30/heuristic/seed_3
dermmnist,L30_G30,ShuffleNetV2,1,heuristic,0.0,50,300,67,67,229,0.5690922436568214,0.3793103448275862,0.3793103448275862,0.651347410507926,0.7279944619830951,0.895505617977528,results/pending_runs/paper_backbones/ShuffleNetV2/dermmnist/L30_G30/heuristic/seed_1
dermmnist,L30_G30,ShuffleNetV2,2,heuristic,0.0,50,300,67,67,158,0.6197260044920374,0.38620689655172413,0.38620689655172413,0.6559592233692214,0.7337123208679608,0.898314606741573,results/pending_runs/paper_backbones/ShuffleNetV2/dermmnist/L30_G30/heuristic/seed_2
dermmnist,L50_G50,ShuffleNetV2,4,danits_lp,0.0,50,300,112,111,253,0.6041188690093185,0.5089820359281437,0.5089820359281437,0.6982367545654159,0.7523281817252555,0.8960674157303371,results/pending_runs/paper_backbones/ShuffleNetV2/dermmnist/L50_G50/danits_lp/seed_4
dermmnist,L50_G50,ShuffleNetV2,3,danits_lp,0.0,50,300,112,111,185,0.5853469736081506,0.48502994011976047,0.48502994011976047,0.7076965273542947,0.7731998154793619,0.903370786516854,results/pending_runs/paper_backbones/ShuffleNetV2/dermmnist/L50_G50/danits_lp/seed_3
dermmnist,L50_G50,ShuffleNetV2,1,danits_lp,0.0,50,300,112,111,229,0.5690922436568214,0.47904191616766467,0.49101796407185627,0.6697984117084239,0.7279944619830951,0.895505617977528,results/pending_runs/paper_backbones/ShuffleNetV2/dermmnist/L50_G50/danits_lp/seed_1
dermmnist,L50_G50,ShuffleNetV2,2,danits_lp,0.0,50,300,112,111,158,0.6197260044920374,0.49101796407185627,0.49101796407185627,0.6713050507891879,0.7337123208679608,0.898314606741573,results/pending_runs/paper_backbones/ShuffleNetV2/dermmnist/L50_G50/danits_lp/seed_2
dermmnist,L50_G50,ShuffleNetV2,4,tralo_bounded,70.0,50,300,112,111,95,0.5966772682644543,0.5269461077844312,0.5269461077844312,0.6931237322542649,0.7492477661254776,0.898314606741573,results/pending_runs/paper_backbones/ShuffleNetV2/dermmnist/L50_G50/tralo_bounded/seed_4
dermmnist,L50_G50,ShuffleNetV2,3,tralo_bounded,69.0,50,300,112,111,95,0.5569525031540901,0.47904191616766467,0.47904191616766467,0.6866127086840067,0.7534745435970178,0.9050561797752809,results/pending_runs/paper_backbones/ShuffleNetV2/dermmnist/L50_G50/tralo_bounded/seed_3
dermmnist,L50_G50,ShuffleNetV2,1,tralo_bounded,69.0,50,300,112,111,95,0.5502780003046386,0.48502994011976047,0.48502994011976047,0.693471292039033,0.7586700108799408,0.900561797752809,results/pending_runs/paper_backbones/ShuffleNetV2/dermmnist/L50_G50/tralo_bounded/seed_1
dermmnist,L50_G50,ShuffleNetV2,2,tralo_bounded,66.0,50,300,112,111,89,0.5991832739665905,0.49101796407185627,0.47904191616766467,0.6663222972636422,0.7301843800381548,0.898314606741573,results/pending_runs/paper_backbones/ShuffleNetV2/dermmnist/L50_G50/tralo_bounded/seed_2
dermmnist,L50_G50,ShuffleNetV2,4,heuristic,0.0,50,300,112,111,253,0.6041188690093185,0.5089820359281437,0.5089820359281437,0.6982367545654159,0.7523281817252555,0.8960674157303371,results/pending_runs/paper_backbones/ShuffleNetV2/dermmnist/L50_G50/heuristic/seed_4
dermmnist,L50_G50,ShuffleNetV2,3,heuristic,0.0,50,300,112,111,185,0.5853469736081506,0.48502994011976047,0.48502994011976047,0.7076965273542947,0.7731998154793619,0.903370786516854,results/pending_runs/paper_backbones/ShuffleNetV2/dermmnist/L50_G50/heuristic/seed_3
dermmnist,L50_G50,ShuffleNetV2,1,heuristic,0.0,50,300,112,111,229,0.5690922436568214,0.49101796407185627,0.49101796407185627,0.6697984117084239,0.7279944619830951,0.895505617977528,results/pending_runs/paper_backbones/ShuffleNetV2/dermmnist/L50_G50/heuristic/seed_1
dermmnist,L50_G50,ShuffleNetV2,2,heuristic,0.0,50,300,112,111,158,0.6197260044920374,0.49101796407185627,0.49101796407185627,0.6713050507891879,0.7337123208679608,0.898314606741573,results/pending_runs/paper_backbones/ShuffleNetV2/dermmnist/L50_G50/heuristic/seed_2
dermmnist,L80_G80,ShuffleNetV2,4,hounie_rcl,25.0,50,300,178,178,165,0.6194783172920091,0.6134663341645885,0.6134663341645885,0.7197892154834966,0.7593088275057821,0.9,results/pending_runs/paper_backbones/ShuffleNetV2/dermmnist/L80_G80/hounie_rcl/seed_4
dermmnist,L80_G80,ShuffleNetV2,3,hounie_rcl,34.0,50,300,178,178,150,0.5872531428992119,0.5785536159600998,0.5835411471321695,0.712631423066622,0.7620871315506422,0.9056179775280899,results/pending_runs/paper_backbones/ShuffleNetV2/dermmnist/L80_G80/hounie_rcl/seed_3
dermmnist,L80_G80,ShuffleNetV2,1,hounie_rcl,34.0,50,300,178,178,156,0.5817320346089794,0.5336658354114713,0.5336658354114713,0.7005204644031259,0.7616270812119051,0.903370786516854,results/pending_runs/paper_backbones/ShuffleNetV2/dermmnist/L80_G80/hounie_rcl/seed_1
dermmnist,L80_G80,ShuffleNetV2,2,hounie_rcl,5.0,50,300,178,178,161,0.6244023352530081,0.5935162094763092,0.5935162094763092,0.6948163855828202,0.7383546423408424,0.900561797752809,results/pending_runs/paper_backbones/ShuffleNetV2/dermmnist/L80_G80/hounie_rcl/seed_2
dermmnist,L80_G80,ShuffleNetV2,4,tralo,66.0,50,300,178,178,173,0.6198753702990399,0.6084788029925187,0.6084788029925187,0.7209493147215039,0.7619012474625947,0.8994382022471911,results/pending_runs/paper_backbones/ShuffleNetV2/dermmnist/L80_G80/tralo/seed_4
dermmnist,L80_G80,ShuffleNetV2,3,tralo,77.0,50,300,178,178,173,0.5950208448921642,0.5785536159600998,0.5785536159600998,0.7105623790245882,0.7680713725642305,0.9039325842696629,results/pending_runs/paper_backbones/ShuffleNetV2/dermmnist/L80_G80/tralo/seed_3
dermmnist,L80_G80,ShuffleNetV2,1,tralo,68.0,50,300,178,178,167,0.5788245709278731,0.5486284289276808,0.5486284289276808,0.6855615502131532,0.740723003164947,0.8960674157303371,results/pending_runs/paper_backbones/ShuffleNetV2/dermmnist/L80_G80/tralo/seed_1
dermmnist,L80_G80,ShuffleNetV2,2,tralo,60.0,50,300,178,178,174,0.6250312239591502,0.5935162094763092,0.5935162094763092,0.6941406536874712,0.7376240705408529,0.9011235955056179,results/pending_runs/paper_backbones/ShuffleNetV2/dermmnist/L80_G80/tralo/seed_2
dermmnist,L80_G80,ShuffleNetV2,4,danits_lp,0.0,50,300,178,178,253,0.6041188690093185,0.5785536159600998,0.57356608478803,0.705588754594727,0.7523281817252555,0.8960674157303371,results/pending_runs/paper_backbones/ShuffleNetV2/dermmnist/L80_G80/danits_lp/seed_4
dermmnist,L80_G80,ShuffleNetV2,3,danits_lp,0.0,50,300,178,178,185,0.5853469736081506,0.5664160401002506,0.5685785536159601,0.7208616129089082,0.7731998154793619,0.903370786516854,results/pending_runs/paper_backbones/ShuffleNetV2/dermmnist/L80_G80/danits_lp/seed_3
dermmnist,L80_G80,ShuffleNetV2,1,danits_lp,0.0,50,300,178,178,229,0.5690922436568214,0.5386533665835411,0.543640897755611,0.6744468542764893,0.7279944619830951,0.895505617977528,results/pending_runs/paper_backbones/ShuffleNetV2/dermmnist/L80_G80/danits_lp/seed_1
dermmnist,L80_G80,ShuffleNetV2,2,danits_lp,0.0,50,300,178,178,158,0.6197260044920374,0.5774278215223098,0.57356608478803,0.6871587557301341,0.7337123208679608,0.898314606741573,results/pending_runs/paper_backbones/ShuffleNetV2/dermmnist/L80_G80/danits_lp/seed_2
dermmnist,L80_G80,ShuffleNetV2,4,fioretto_ldf,20.0,50,300,178,178,164,0.6190987505883869,0.6084788029925187,0.6084788029925187,0.7149831762898814,0.7548331632316612,0.898876404494382,results/pending_runs/paper_backbones/ShuffleNetV2/dermmnist/L80_G80/fioretto_ldf/seed_4
dermmnist,L80_G80,ShuffleNetV2,3,fioretto_ldf,18.0,50,300,178,178,155,0.5876434447236878,0.5785536159600998,0.5785536159600998,0.7109932927409728,0.7616655107574406,0.9050561797752809,results/pending_runs/paper_backbones/ShuffleNetV2/dermmnist/L80_G80/fioretto_ldf/seed_3
dermmnist,L80_G80,ShuffleNetV2,1,fioretto_ldf,19.0,50,300,178,178,153,0.5806728571257521,0.5336658354114713,0.5336658354114713,0.6999141508430233,0.7600608065694745,0.9044943820224719,results/pending_runs/paper_backbones/ShuffleNetV2/dermmnist/L80_G80/fioretto_ldf/seed_1
dermmnist,L80_G80,ShuffleNetV2,2,fioretto_ldf,5.0,50,300,178,178,161,0.6244534188194719,0.5935162094763092,0.5935162094763092,0.6948163855828202,0.7383546423408424,0.900561797752809,results/pending_runs/paper_backbones/ShuffleNetV2/dermmnist/L80_G80/fioretto_ldf/seed_2
dermmnist,L80_G80,ShuffleNetV2,4,tralo_bounded,61.0,50,300,178,178,168,0.6192981100701797,0.6134663341645885,0.6084788029925187,0.7183584799177029,0.7594449529368151,0.900561797752809,results/pending_runs/paper_backbones/ShuffleNetV2/dermmnist/L80_G80/tralo_bounded/seed_4
dermmnist,L80_G80,ShuffleNetV2,3,tralo_bounded,61.0,50,300,178,178,155,0.5880859224130462,0.5785536159600998,0.5785536159600998,0.7129996951858573,0.7639636573898209,0.9061797752808989,results/pending_runs/paper_backbones/ShuffleNetV2/dermmnist/L80_G80/tralo_bounded/seed_3
dermmnist,L80_G80,ShuffleNetV2,1,tralo_bounded,62.0,50,300,178,178,157,0.5818724758691853,0.5286783042394015,0.5286783042394015,0.6983840871042711,0.7594559198593887,0.9044943820224719,results/pending_runs/paper_backbones/ShuffleNetV2/dermmnist/L80_G80/tralo_bounded/seed_1
dermmnist,L80_G80,ShuffleNetV2,2,tralo_bounded,55.0,50,300,178,178,161,0.6244378100856237,0.5935162094763092,0.5935162094763092,0.6948163855828202,0.7383546423408424,0.900561797752809,results/pending_runs/paper_backbones/ShuffleNetV2/dermmnist/L80_G80/tralo_bounded/seed_2
dermmnist,L80_G80,ShuffleNetV2,4,heuristic,0.0,50,300,178,178,253,0.6041188690093185,0.57356608478803,0.57356608478803,0.705588754594727,0.7523281817252555,0.8960674157303371,results/pending_runs/paper_backbones/ShuffleNetV2/dermmnist/L80_G80/heuristic/seed_4
dermmnist,L80_G80,ShuffleNetV2,3,heuristic,0.0,50,300,178,178,185,0.5853469736081506,0.5685785536159601,0.5685785536159601,0.7208616129089082,0.7731998154793619,0.903370786516854,results/pending_runs/paper_backbones/ShuffleNetV2/dermmnist/L80_G80/heuristic/seed_3
dermmnist,L80_G80,ShuffleNetV2,1,heuristic,0.0,50,300,178,178,229,0.5690922436568214,0.543640897755611,0.543640897755611,0.6744468542764893,0.7279944619830951,0.895505617977528,results/pending_runs/paper_backbones/ShuffleNetV2/dermmnist/L80_G80/heuristic/seed_1
dermmnist,L80_G80,ShuffleNetV2,2,heuristic,0.0,50,300,178,178,158,0.6197260044920374,0.57356608478803,0.57356608478803,0.6871587557301341,0.7337123208679608,0.898314606741573,results/pending_runs/paper_backbones/ShuffleNetV2/dermmnist/L80_G80/heuristic/seed_2
tissuemnist,L20_G20,ShuffleNetV2,4,hounie_rcl,79.0,50,300,34,34,25,0.35773219026548386,0.2146341463414634,0.2146341463414634,0.3661497533953013,0.4067267934086818,0.5782862270076268,results/pending_runs/paper_backbones/ShuffleNetV2/tissuemnist/L20_G20/hounie_rcl/seed_4
tissuemnist,L20_G20,ShuffleNetV2,3,hounie_rcl,82.0,50,300,34,34,30,0.40554034824163965,0.25365853658536586,0.25365853658536586,0.37263884855988894,0.41197289742830756,0.5720053835800808,results/pending_runs/paper_backbones/ShuffleNetV2/tissuemnist/L20_G20/hounie_rcl/seed_3
tissuemnist,L20_G20,ShuffleNetV2,1,hounie_rcl,111.0,50,300,34,34,22,0.3727840849606592,0.23414634146341465,0.23414634146341465,0.3373129556539441,0.3754246390607701,0.5679676985195155,results/pending_runs/paper_backbones/ShuffleNetV2/tissuemnist/L20_G20/hounie_rcl/seed_1
tissuemnist,L20_G20,ShuffleNetV2,2,hounie_rcl,93.0,50,300,34,34,31,0.31184013952784456,0.18536585365853658,0.18536585365853658,0.3748170120013364,0.4230424863591025,0.5791834903544191,results/pending_runs/paper_backbones/ShuffleNetV2/tissuemnist/L20_G20/hounie_rcl/seed_2
tissuemnist,L20_G20,ShuffleNetV2,4,tralo,86.0,50,300,34,34,33,0.36846478584562187,0.2048780487804878,0.2048780487804878,0.3860453235653115,0.4345474885155002,0.5845670704351728,results/pending_runs/paper_backbones/ShuffleNetV2/tissuemnist/L20_G20/tralo/seed_4
tissuemnist,L20_G20,ShuffleNetV2,3,tralo,120.0,50,300,34,34,33,0.4012790350631106,0.25365853658536586,0.25365853658536586,0.37443256470082964,0.4119758513053243,0.5702108568864962,results/pending_runs/paper_backbones/ShuffleNetV2/tissuemnist/L20_G20/tralo/seed_3
tissuemnist,L20_G20,ShuffleNetV2,1,tralo,130.0,50,300,34,34,30,0.3661818403510331,0.18536585365853658,0.18536585365853658,0.3454260602289797,0.38863330503777493,0.576043068640646,results/pending_runs/paper_backbones/ShuffleNetV2/tissuemnist/L20_G20/tralo/seed_1
tissuemnist,L20_G20,ShuffleNetV2,2,tralo,105.0,50,300,34,34,29,0.30535567464904007,0.2048780487804878,0.2048780487804878,0.3779511211915657,0.4248860569947311,0.5800807537012113,results/pending_runs/paper_backbones/ShuffleNetV2/tissuemnist/L20_G20/tralo/seed_2
tissuemnist,L20_G20,ShuffleNetV2,4,danits_lp,0.0,50,300,34,34,157,0.3623741379867142,0.18536585365853658,0.1951219512195122,0.42248423504064747,0.48167573348878856,0.5962314939434724,results/pending_runs/paper_backbones/ShuffleNetV2/tissuemnist/L20_G20/danits_lp/seed_4
tissuemnist,L20_G20,ShuffleNetV2,3,danits_lp,0.0,50,300,34,34,178,0.4022267765275244,0.22439024390243903,0.22439024390243903,0.3966713493275133,0.44761790720097316,0.5652759084791387,results/pending_runs/paper_backbones/ShuffleNetV2/tissuemnist/L20_G20/danits_lp/seed_3
tissuemnist,L20_G20,ShuffleNetV2,1,danits_lp,0.0,50,300,34,34,237,0.36952510206678807,0.1951219512195122,0.2048780487804878,0.40264407117965717,0.45656679186036575,0.5554060116644235,results/pending_runs/paper_backbones/ShuffleNetV2/tissuemnist/L20_G20/danits_lp/seed_1
tissuemnist,L20_G20,ShuffleNetV2,2,danits_lp,0.0,50,300,34,34,144,0.3134716897016343,0.17560975609756097,0.18536585365853658,0.38788798335428454,0.4427536140143805,0.566173171825931,results/pending_runs/paper_backbones/ShuffleNetV2/tissuemnist/L20_G20/danits_lp/seed_2
tissuemnist,L20_G20,ShuffleNetV2,4,fioretto_ldf,46.0,50,300,34,34,27,0.3594228000426266,0.2146341463414634,0.22439024390243903,0.3808775503910983,0.4246651745608269,0.5800807537012113,results/pending_runs/paper_backbones/ShuffleNetV2/tissuemnist/L20_G20/fioretto_ldf/seed_4
tissuemnist,L20_G20,ShuffleNetV2,3,fioretto_ldf,67.0,50,300,34,34,28,0.4013061966943348,0.2634146341463415,0.2634146341463415,0.3781370031048033,0.4154553748617086,0.5724540152534769,results/pending_runs/paper_backbones/ShuffleNetV2/tissuemnist/L20_G20/fioretto_ldf/seed_3
tissuemnist,L20_G20,ShuffleNetV2,1,fioretto_ldf,64.0,50,300,34,34,25,0.3638208562438207,0.1951219512195122,0.1951219512195122,0.3316531158903064,0.3714017912189247,0.566621803499327,results/pending_runs/paper_backbones/ShuffleNetV2/tissuemnist/L20_G20/fioretto_ldf/seed_1
tissuemnist,L20_G20,ShuffleNetV2,2,fioretto_ldf,62.0,50,300,34,34,28,0.30614681263733057,0.1951219512195122,0.1951219512195122,0.37653979082913325,0.4242117891861207,0.5818752803947959,results/pending_runs/paper_backbones/ShuffleNetV2/tissuemnist/L20_G20/fioretto_ldf/seed_2
tissuemnist,L20_G20,ShuffleNetV2,4,tralo_bounded,86.0,50,300,34,34,25,0.3610734223400307,0.2146341463414634,0.2146341463414634,0.3804729144127461,0.4262571514620933,0.5818752803947959,results/pending_runs/paper_backbones/ShuffleNetV2/tissuemnist/L20_G20/tralo_bounded/seed_4
tissuemnist,L20_G20,ShuffleNetV2,3,tralo_bounded,107.0,50,300,34,34,30,0.4023544345216107,0.2634146341463415,0.2634146341463415,0.3805747183262118,0.41842600328566204,0.5751458052938537,results/pending_runs/paper_backbones/ShuffleNetV2/tissuemnist/L20_G20/tralo_bounded/seed_3
tissuemnist,L20_G20,ShuffleNetV2,1,tralo_bounded,350.0,50,300,34,34,27,0.3641254339671536,0.1951219512195122,0.1951219512195122,0.3323896411903915,0.37168314983204437,0.5679676985195155,results/pending_runs/paper_backbones/ShuffleNetV2/tissuemnist/L20_G20/tralo_bounded/seed_1
tissuemnist,L20_G20,ShuffleNetV2,2,tralo_bounded,101.0,50,300,34,34,27,0.30310809436617925,0.1951219512195122,0.1951219512195122,0.3742656848210026,0.42156428706355725,0.5791834903544191,results/pending_runs/paper_backbones/ShuffleNetV2/tissuemnist/L20_G20/tralo_bounded/seed_2
tissuemnist,L20_G20,ShuffleNetV2,4,heuristic,0.0,50,300,34,34,157,0.3623741379867142,0.1951219512195122,0.1951219512195122,0.42248423504064747,0.48167573348878856,0.5962314939434724,results/pending_runs/paper_backbones/ShuffleNetV2/tissuemnist/L20_G20/heuristic/seed_4
tissuemnist,L20_G20,ShuffleNetV2,3,heuristic,0.0,50,300,34,34,178,0.4022267765275244,0.22439024390243903,0.22439024390243903,0.3966713493275133,0.44761790720097316,0.5652759084791387,results/pending_runs/paper_backbones/ShuffleNetV2/tissuemnist/L20_G20/heuristic/seed_3
tissuemnist,L20_G20,ShuffleNetV2,1,heuristic,0.0,50,300,34,34,237,0.36952510206678807,0.2048780487804878,0.2048780487804878,0.40264407117965717,0.45656679186036575,0.5554060116644235,results/pending_runs/paper_backbones/ShuffleNetV2/tissuemnist/L20_G20/heuristic/seed_1
tissuemnist,L20_G20,ShuffleNetV2,2,heuristic,0.0,50,300,34,34,144,0.3134716897016343,0.18536585365853658,0.18536585365853658,0.38788798335428454,0.4427536140143805,0.566173171825931,results/pending_runs/paper_backbones/ShuffleNetV2/tissuemnist/L20_G20/heuristic/seed_2
tissuemnist,L70_G70,ShuffleNetV2,4,hounie_rcl,39.0,50,300,120,120,108,0.3771981777789939,0.39862542955326463,0.4054982817869416,0.44659667987264656,0.4808704068678907,0.5944369672498878,results/pending_runs/paper_backbones/ShuffleNetV2/tissuemnist/L70_G70/hounie_rcl/seed_4
tissuemnist,L70_G70,ShuffleNetV2,3,hounie_rcl,40.0,50,300,120,120,111,0.429425263217618,0.41924398625429554,0.4261168384879725,0.44070896661935566,0.4618208075718922,0.582323912068192,results/pending_runs/paper_backbones/ShuffleNetV2/tissuemnist/L70_G70/hounie_rcl/seed_3
tissuemnist,L70_G70,ShuffleNetV2,1,hounie_rcl,48.0,50,300,120,120,103,0.3746812877053052,0.37800687285223367,0.3848797250859107,0.3951503865730587,0.4257038058998862,0.5778375953342306,results/pending_runs/paper_backbones/ShuffleNetV2/tissuemnist/L70_G70/hounie_rcl/seed_1
tissuemnist,L70_G70,ShuffleNetV2,2,hounie_rcl,41.0,50,300,120,120,109,0.33958399736530126,0.32989690721649484,0.32989690721649484,0.40781524138778147,0.45470788210917784,0.5791834903544191,results/pending_runs/paper_backbones/ShuffleNetV2/tissuemnist/L70_G70/hounie_rcl/seed_2
tissuemnist,L70_G70,ShuffleNetV2,4,tralo,71.0,50,300,120,120,115,0.38151541830694535,0.37800687285223367,0.3917525773195876,0.4544649243711186,0.4903067711766604,0.5971287572902647,results/pending_runs/paper_backbones/ShuffleNetV2/tissuemnist/L70_G70/tralo/seed_4
tissuemnist,L70_G70,ShuffleNetV2,3,tralo,71.0,50,300,120,120,116,0.4293614543485091,0.4329896907216495,0.41924398625429554,0.44025126636720735,0.4626684781624552,0.5787348586810229,results/pending_runs/paper_backbones/ShuffleNetV2/tissuemnist/L70_G70/tralo/seed_3
tissuemnist,L70_G70,ShuffleNetV2,1,tralo,197.0,50,300,120,120,118,0.38570436141842995,0.37800687285223367,0.37800687285223367,0.4074709830397393,0.4400926292070061,0.5863615971287572,results/pending_runs/paper_backbones/ShuffleNetV2/tissuemnist/L70_G70/tralo/seed_1
tissuemnist,L70_G70,ShuffleNetV2,2,tralo,350.0,50,300,120,120,117,0.33997804316543323,0.32989690721649484,0.32989690721649484,0.4031234419231492,0.4514758121565329,0.5827725437415882,results/pending_runs/paper_backbones/ShuffleNetV2/tissuemnist/L70_G70/tralo/seed_2
tissuemnist,L70_G70,ShuffleNetV2,4,danits_lp,0.0,50,300,120,120,157,0.3623741379867142,0.37800687285223367,0.39862542955326463,0.4455488232470717,0.48167573348878856,0.5962314939434724,results/pending_runs/paper_backbones/ShuffleNetV2/tissuemnist/L70_G70/danits_lp/seed_4
tissuemnist,L70_G70,ShuffleNetV2,3,danits_lp,0.0,50,300,120,120,178,0.4022267765275244,0.39862542955326463,0.4054982817869416,0.41596800539815076,0.44761790720097316,0.5652759084791387,results/pending_runs/paper_backbones/ShuffleNetV2/tissuemnist/L70_G70/danits_lp/seed_3
tissuemnist,L70_G70,ShuffleNetV2,1,danits_lp,0.0,50,300,120,120,237,0.36952510206678807,0.3848797250859107,0.3848797250859107,0.42171576023258084,0.45656679186036575,0.5554060116644235,results/pending_runs/paper_backbones/ShuffleNetV2/tissuemnist/L70_G70/danits_lp/seed_1
tissuemnist,L70_G70,ShuffleNetV2,2,danits_lp,0.0,50,300,120,120,144,0.3134716897016343,0.3161512027491409,0.3161512027491409,0.4037780238162356,0.4427536140143805,0.566173171825931,results/pending_runs/paper_backbones/ShuffleNetV2/tissuemnist/L70_G70/danits_lp/seed_2
tissuemnist,L70_G70,ShuffleNetV2,4,fioretto_ldf,26.0,50,300,120,120,114,0.37820126972043555,0.3917525773195876,0.3917525773195876,0.4479103452194806,0.485242729393829,0.5957828622700763,results/pending_runs/paper_backbones/ShuffleNetV2/tissuemnist/L70_G70/fioretto_ldf/seed_4
tissuemnist,L70_G70,ShuffleNetV2,3,fioretto_ldf,31.0,50,300,120,120,112,0.4271165924186473,0.4261168384879725,0.41924398625429554,0.44185287953327157,0.4662812235393429,0.5836698070883805,results/pending_runs/paper_backbones/ShuffleNetV2/tissuemnist/L70_G70/fioretto_ldf/seed_3
tissuemnist,L70_G70,ShuffleNetV2,1,fioretto_ldf,33.0,50,300,120,120,108,0.37359335779168773,0.3711340206185567,0.37800687285223367,0.396640470536995,0.42988002167775247,0.5805293853746074,results/pending_runs/paper_backbones/ShuffleNetV2/tissuemnist/L70_G70/fioretto_ldf/seed_1
tissuemnist,L70_G70,ShuffleNetV2,2,fioretto_ldf,32.0,50,300,120,120,118,0.3417183407379029,0.3436426116838488,0.32989690721649484,0.4076336864937128,0.4531159040920122,0.5791834903544191,results/pending_runs/paper_backbones/ShuffleNetV2/tissuemnist/L70_G70/fioretto_ldf/seed_2
tissuemnist,L70_G70,ShuffleNetV2,4,tralo_bounded,67.0,50,300,120,120,113,0.37782757437342424,0.3917525773195876,0.39862542955326463,0.4478151151902426,0.4826073635828904,0.5939883355764917,results/pending_runs/paper_backbones/ShuffleNetV2/tissuemnist/L70_G70/tralo_bounded/seed_4
tissuemnist,L70_G70,ShuffleNetV2,3,tralo_bounded,71.0,50,300,120,120,112,0.42927911299162846,0.4329896907216495,0.41924398625429554,0.43911371740907673,0.46135316881646243,0.5796321220278151,results/pending_runs/paper_backbones/ShuffleNetV2/tissuemnist/L70_G70/tralo_bounded/seed_3
tissuemnist,L70_G70,ShuffleNetV2,1,tralo_bounded,75.0,50,300,120,120,110,0.3756009561394911,0.3848797250859107,0.3848797250859107,0.4050868430761541,0.4334652956212025,0.5845670704351728,results/pending_runs/paper_backbones/ShuffleNetV2/tissuemnist/L70_G70/tralo_bounded/seed_1
tissuemnist,L70_G70,ShuffleNetV2,2,tralo_bounded,350.0,50,300,120,120,123,0.34357644691536016,0.33676975945017185,0.33676975945017185,0.40717352625978,0.4490276449226858,0.5764917003140422,results/pending_runs/paper_backbones/ShuffleNetV2/tissuemnist/L70_G70/tralo_bounded/seed_2
tissuemnist,L70_G70,ShuffleNetV2,4,heuristic,0.0,50,300,120,120,157,0.3623741379867142,0.39862542955326463,0.39862542955326463,0.4455488232470717,0.48167573348878856,0.5962314939434724,results/pending_runs/paper_backbones/ShuffleNetV2/tissuemnist/L70_G70/heuristic/seed_4
tissuemnist,L70_G70,ShuffleNetV2,3,heuristic,0.0,50,300,120,120,178,0.4022267765275244,0.4054982817869416,0.4054982817869416,0.41596800539815076,0.44761790720097316,0.5652759084791387,results/pending_runs/paper_backbones/ShuffleNetV2/tissuemnist/L70_G70/heuristic/seed_3
tissuemnist,L70_G70,ShuffleNetV2,1,heuristic,0.0,50,300,120,120,237,0.36952510206678807,0.3848797250859107,0.3848797250859107,0.42171576023258084,0.45656679186036575,0.5554060116644235,results/pending_runs/paper_backbones/ShuffleNetV2/tissuemnist/L70_G70/heuristic/seed_1
tissuemnist,L70_G70,ShuffleNetV2,2,heuristic,0.0,50,300,120,120,144,0.3134716897016343,0.3161512027491409,0.3161512027491409,0.4037780238162356,0.4427536140143805,0.566173171825931,results/pending_runs/paper_backbones/ShuffleNetV2/tissuemnist/L70_G70/heuristic/seed_2
tissuemnist,L30_G30,ShuffleNetV2,4,hounie_rcl,66.0,50,300,51,51,41,0.36244794659803137,0.25225225225225223,0.25225225225225223,0.399228551462791,0.4429427122152841,0.5872588604755495,results/pending_runs/paper_backbones/ShuffleNetV2/tissuemnist/L30_G30/hounie_rcl/seed_4
tissuemnist,L30_G30,ShuffleNetV2,3,hounie_rcl,74.0,50,300,51,51,45,0.4179735019660626,0.2972972972972973,0.3153153153153153,0.3913104190111846,0.41960072278053456,0.5778375953342306,results/pending_runs/paper_backbones/ShuffleNetV2/tissuemnist/L30_G30/hounie_rcl/seed_3
tissuemnist,L30_G30,ShuffleNetV2,1,hounie_rcl,81.0,50,300,51,51,42,0.3641630995340444,0.25225225225225223,0.25225225225225223,0.35309420566611327,0.38962725280778726,0.5733512786002691,results/pending_runs/paper_backbones/ShuffleNetV2/tissuemnist/L30_G30/hounie_rcl/seed_1
tissuemnist,L30_G30,ShuffleNetV2,2,hounie_rcl,72.0,50,300,51,51,45,0.32513871503093694,0.23423423423423423,0.24324324324324326,0.38522971555106317,0.43408077208767143,0.5778375953342306,results/pending_runs/paper_backbones/ShuffleNetV2/tissuemnist/L30_G30/hounie_rcl/seed_2
tissuemnist,L30_G30,ShuffleNetV2,4,tralo,79.0,50,300,51,51,45,0.3780727765376683,0.25225225225225223,0.25225225225225223,0.4065420645549126,0.45310791127011535,0.588604755495738,results/pending_runs/paper_backbones/ShuffleNetV2/tissuemnist/L30_G30/tralo/seed_4
tissuemnist,L30_G30,ShuffleNetV2,3,tralo,350.0,50,300,51,51,51,0.41950637487464,0.2972972972972973,0.3063063063063063,0.3924065261210419,0.4261583668583508,0.576043068640646,results/pending_runs/paper_backbones/ShuffleNetV2/tissuemnist/L30_G30/tralo/seed_3
tissuemnist,L30_G30,ShuffleNetV2,1,tralo,350.0,50,300,51,51,51,0.3779586239826612,0.27927927927927926,0.2702702702702703,0.3702396023065267,0.4089158561602644,0.5809780170480036,results/pending_runs/paper_backbones/ShuffleNetV2/tissuemnist/L30_G30/tralo/seed_1
tissuemnist,L30_G30,ShuffleNetV2,2,tralo,97.0,50,300,51,51,47,0.32409165037037585,0.26126126126126126,0.25225225225225223,0.38571118818084915,0.43436939426988136,0.5791834903544191,results/pending_runs/paper_backbones/ShuffleNetV2/tissuemnist/L30_G30/tralo/seed_2
tissuemnist,L30_G30,ShuffleNetV2,4,danits_lp,0.0,50,300,51,51,157,0.3623741379867142,0.23423423423423423,0.23423423423423423,0.4239856316644548,0.48167573348878856,0.5962314939434724,results/pending_runs/paper_backbones/ShuffleNetV2/tissuemnist/L30_G30/danits_lp/seed_4
tissuemnist,L30_G30,ShuffleNetV2,3,danits_lp,0.0,50,300,51,51,178,0.4022267765275244,0.3063063063063063,0.3063063063063063,0.40703833066704587,0.44761790720097316,0.5652759084791387,results/pending_runs/paper_backbones/ShuffleNetV2/tissuemnist/L30_G30/danits_lp/seed_3
tissuemnist,L30_G30,ShuffleNetV2,1,danits_lp,0.0,50,300,51,51,237,0.36952510206678807,0.2702702702702703,0.27927927927927926,0.4139478057443152,0.45656679186036575,0.5554060116644235,results/pending_runs/paper_backbones/ShuffleNetV2/tissuemnist/L30_G30/danits_lp/seed_1
tissuemnist,L30_G30,ShuffleNetV2,2,danits_lp,0.0,50,300,51,51,144,0.3134716897016343,0.23423423423423423,0.22522522522522523,0.3931248156108894,0.4427536140143805,0.566173171825931,results/pending_runs/paper_backbones/ShuffleNetV2/tissuemnist/L30_G30/danits_lp/seed_2
tissuemnist,L30_G30,ShuffleNetV2,4,fioretto_ldf,40.0,50,300,51,51,40,0.37221513892451075,0.2702702702702703,0.2702702702702703,0.4002855832103293,0.44163820594562014,0.5850157021085689,results/pending_runs/paper_backbones/ShuffleNetV2/tissuemnist/L30_G30/fioretto_ldf/seed_4
tissuemnist,L30_G30,ShuffleNetV2,3,fioretto_ldf,299.0,50,300,51,51,51,0.41876466616062524,0.2972972972972973,0.3063063063063063,0.39642140149569477,0.4297960579847486,0.5787348586810229,results/pending_runs/paper_backbones/ShuffleNetV2/tissuemnist/L30_G30/fioretto_ldf/seed_3
tissuemnist,L30_G30,ShuffleNetV2,1,fioretto_ldf,299.0,50,300,51,51,45,0.3698625822852002,0.25225225225225223,0.25225225225225223,0.3562614208518877,0.3932445179631014,0.5742485419470614,results/pending_runs/paper_backbones/ShuffleNetV2/tissuemnist/L30_G30/fioretto_ldf/seed_1
tissuemnist,L30_G30,ShuffleNetV2,2,fioretto_ldf,52.0,50,300,51,51,46,0.3227944577518307,0.26126126126126126,0.25225225225225223,0.3838995978370535,0.43082141940916163,0.5787348586810229,results/pending_runs/paper_backbones/ShuffleNetV2/tissuemnist/L30_G30/fioretto_ldf/seed_2
tissuemnist,L30_G30,ShuffleNetV2,4,tralo_bounded,79.0,50,300,51,51,42,0.3747133774269466,0.26126126126126126,0.26126126126126126,0.40219267489253263,0.4453598673324363,0.5868102288021534,results/pending_runs/paper_backbones/ShuffleNetV2/tissuemnist/L30_G30/tralo_bounded/seed_4
tissuemnist,L30_G30,ShuffleNetV2,3,tralo_bounded,350.0,50,300,51,51,55,0.4217563185523501,0.3063063063063063,0.3153153153153153,0.39932711259789966,0.43252324525371383,0.5773889636608345,results/pending_runs/paper_backbones/ShuffleNetV2/tissuemnist/L30_G30/tralo_bounded/seed_3
tissuemnist,L30_G30,ShuffleNetV2,1,tralo_bounded,350.0,50,300,51,51,45,0.3681822363230702,0.25225225225225223,0.25225225225225223,0.3563169058239334,0.39381975458460755,0.5755944369672499,results/pending_runs/paper_backbones/ShuffleNetV2/tissuemnist/L30_G30/tralo_bounded/seed_1
tissuemnist,L30_G30,ShuffleNetV2,2,tralo_bounded,92.0,50,300,51,51,46,0.3237756765378851,0.26126126126126126,0.25225225225225223,0.38813182559614245,0.4337102104986221,0.5800807537012113,results/pending_runs/paper_backbones/ShuffleNetV2/tissuemnist/L30_G30/tralo_bounded/seed_2
tissuemnist,L30_G30,ShuffleNetV2,4,heuristic,0.0,50,300,51,51,157,0.3623741379867142,0.23423423423423423,0.23423423423423423,0.4239856316644548,0.48167573348878856,0.5962314939434724,results/pending_runs/paper_backbones/ShuffleNetV2/tissuemnist/L30_G30/heuristic/seed_4
tissuemnist,L30_G30,ShuffleNetV2,3,heuristic,0.0,50,300,51,51,178,0.4022267765275244,0.3063063063063063,0.3063063063063063,0.40703833066704587,0.44761790720097316,0.5652759084791387,results/pending_runs/paper_backbones/ShuffleNetV2/tissuemnist/L30_G30/heuristic/seed_3
tissuemnist,L30_G30,ShuffleNetV2,1,heuristic,0.0,50,300,51,51,237,0.36952510206678807,0.27927927927927926,0.27927927927927926,0.4139478057443152,0.45656679186036575,0.5554060116644235,results/pending_runs/paper_backbones/ShuffleNetV2/tissuemnist/L30_G30/heuristic/seed_1
tissuemnist,L30_G30,ShuffleNetV2,2,heuristic,0.0,50,300,51,51,144,0.3134716897016343,0.22522522522522523,0.22522522522522523,0.3931248156108894,0.4427536140143805,0.566173171825931,results/pending_runs/paper_backbones/ShuffleNetV2/tissuemnist/L30_G30/heuristic/seed_2
tissuemnist,L50_G50,ShuffleNetV2,4,hounie_rcl,58.0,50,300,86,86,68,0.3756150555332084,0.35019455252918286,0.35019455252918286,0.42195356094710224,0.4558464295763027,0.588604755495738,results/pending_runs/paper_backbones/ShuffleNetV2/tissuemnist/L50_G50/hounie_rcl/seed_4
tissuemnist,L50_G50,ShuffleNetV2,3,hounie_rcl,61.0,50,300,86,86,70,0.42964823036366323,0.3968871595330739,0.3968871595330739,0.4194922955077732,0.4430368836520932,0.585464333781965,results/pending_runs/paper_backbones/ShuffleNetV2/tissuemnist/L50_G50/hounie_rcl/seed_3
tissuemnist,L50_G50,ShuffleNetV2,2,hounie_rcl,54.0,50,300,86,86,76,0.3317096307852031,0.28793774319066145,0.29571984435797666,0.40069248125639495,0.4490429551723016,0.5764917003140422,results/pending_runs/paper_backbones/ShuffleNetV2/tissuemnist/L50_G50/hounie_rcl/seed_2
tissuemnist,L50_G50,ShuffleNetV2,4,tralo,86.0,50,300,86,86,84,0.3839253984511358,0.3424124513618677,0.3346303501945525,0.43080383199410577,0.4667271698330944,0.5899506505159264,results/pending_runs/paper_backbones/ShuffleNetV2/tissuemnist/L50_G50/tralo/seed_4
tissuemnist,L50_G50,ShuffleNetV2,3,tralo,100.0,50,300,86,86,81,0.43038807504172816,0.3735408560311284,0.3735408560311284,0.41368681200120366,0.4469800732914205,0.5769403319874383,results/pending_runs/paper_backbones/ShuffleNetV2/tissuemnist/L50_G50/tralo/seed_3
tissuemnist,L50_G50,ShuffleNetV2,2,tralo,86.0,50,300,86,86,79,0.3340803325512665,0.29571984435797666,0.311284046692607,0.3983556002242123,0.4508964091655435,0.5805293853746074,results/pending_runs/paper_backbones/ShuffleNetV2/tissuemnist/L50_G50/tralo/seed_2
tissuemnist,L50_G50,ShuffleNetV2,4,danits_lp,0.0,50,300,86,86,157,0.3623741379867142,0.311284046692607,0.31906614785992216,0.4372599394554114,0.48167573348878856,0.5962314939434724,results/pending_runs/paper_backbones/ShuffleNetV2/tissuemnist/L50_G50/danits_lp/seed_4
tissuemnist,L50_G50,ShuffleNetV2,3,danits_lp,0.0,50,300,86,86,178,0.4022267765275244,0.35019455252918286,0.35019455252918286,0.41023309241308453,0.44761790720097316,0.5652759084791387,results/pending_runs/paper_backbones/ShuffleNetV2/tissuemnist/L50_G50/danits_lp/seed_3
tissuemnist,L50_G50,ShuffleNetV2,1,danits_lp,0.0,50,300,86,86,237,0.36952510206678807,0.31906614785992216,0.32684824902723736,0.41612901889069986,0.45656679186036575,0.5554060116644235,results/pending_runs/paper_backbones/ShuffleNetV2/tissuemnist/L50_G50/danits_lp/seed_1
tissuemnist,L50_G50,ShuffleNetV2,2,danits_lp,0.0,50,300,86,86,144,0.3134716897016343,0.2801556420233463,0.29571984435797666,0.40180699603609116,0.4427536140143805,0.566173171825931,results/pending_runs/paper_backbones/ShuffleNetV2/tissuemnist/L50_G50/danits_lp/seed_2
tissuemnist,L50_G50,ShuffleNetV2,4,fioretto_ldf,299.0,50,300,86,86,82,0.3798855196356511,0.3424124513618677,0.35019455252918286,0.42742471433708384,0.4608521417371342,0.5877074921489457,results/pending_runs/paper_backbones/ShuffleNetV2/tissuemnist/L50_G50/fioretto_ldf/seed_4
tissuemnist,L50_G50,ShuffleNetV2,3,fioretto_ldf,299.0,50,300,86,86,84,0.4313811753295722,0.38910505836575876,0.38910505836575876,0.42442459176964265,0.4529222899400915,0.5859129654553612,results/pending_runs/paper_backbones/ShuffleNetV2/tissuemnist/L50_G50/fioretto_ldf/seed_3
tissuemnist,L50_G50,ShuffleNetV2,2,fioretto_ldf,42.0,50,300,86,86,84,0.3356086259405294,0.2801556420233463,0.28793774319066145,0.4022806849164189,0.45239379870820207,0.5805293853746074,results/pending_runs/paper_backbones/ShuffleNetV2/tissuemnist/L50_G50/fioretto_ldf/seed_2
tissuemnist,L50_G50,ShuffleNetV2,4,tralo_bounded,74.0,50,300,86,86,81,0.3787908701797786,0.3424124513618677,0.35797665369649806,0.42879291738039554,0.4597839442112995,0.5872588604755495,results/pending_runs/paper_backbones/ShuffleNetV2/tissuemnist/L50_G50/tralo_bounded/seed_4
tissuemnist,L50_G50,ShuffleNetV2,3,tralo_bounded,350.0,50,300,86,86,84,0.43180933394930604,0.38910505836575876,0.38910505836575876,0.42486955170370433,0.4538704809946897,0.5859129654553612,results/pending_runs/paper_backbones/ShuffleNetV2/tissuemnist/L50_G50/tralo_bounded/seed_3
tissuemnist,L50_G50,ShuffleNetV2,1,tralo_bounded,83.0,50,300,86,86,81,0.3705775471571838,0.3346303501945525,0.31906614785992216,0.37889920779540776,0.41805212769311334,0.5832211754149843,results/pending_runs/paper_backbones/ShuffleNetV2/tissuemnist/L50_G50/tralo_bounded/seed_1
tissuemnist,L50_G50,ShuffleNetV2,2,tralo_bounded,82.0,50,300,86,86,84,0.33680293482031953,0.3035019455252918,0.3035019455252918,0.4029632900079808,0.45133315628483345,0.5796321220278151,results/pending_runs/paper_backbones/ShuffleNetV2/tissuemnist/L50_G50/tralo_bounded/seed_2
tissuemnist,L50_G50,ShuffleNetV2,4,heuristic,0.0,50,300,86,86,157,0.3623741379867142,0.31906614785992216,0.31906614785992216,0.4372599394554114,0.48167573348878856,0.5962314939434724,results/pending_runs/paper_backbones/ShuffleNetV2/tissuemnist/L50_G50/heuristic/seed_4
tissuemnist,L50_G50,ShuffleNetV2,3,heuristic,0.0,50,300,86,86,178,0.4022267765275244,0.35019455252918286,0.35019455252918286,0.41023309241308453,0.44761790720097316,0.5652759084791387,results/pending_runs/paper_backbones/ShuffleNetV2/tissuemnist/L50_G50/heuristic/seed_3
tissuemnist,L50_G50,ShuffleNetV2,1,heuristic,0.0,50,300,86,86,237,0.36952510206678807,0.32684824902723736,0.32684824902723736,0.41612901889069986,0.45656679186036575,0.5554060116644235,results/pending_runs/paper_backbones/ShuffleNetV2/tissuemnist/L50_G50/heuristic/seed_1
tissuemnist,L50_G50,ShuffleNetV2,2,heuristic,0.0,50,300,86,86,144,0.3134716897016343,0.29571984435797666,0.29571984435797666,0.40180699603609116,0.4427536140143805,0.566173171825931,results/pending_runs/paper_backbones/ShuffleNetV2/tissuemnist/L50_G50/heuristic/seed_2
tissuemnist,L80_G80,ShuffleNetV2,4,hounie_rcl,34.0,50,300,137,137,122,0.3778578037046783,0.3961038961038961,0.3961038961038961,0.45146534943593575,0.4890519312037646,0.5984746523104532,results/pending_runs/paper_backbones/ShuffleNetV2/tissuemnist/L80_G80/hounie_rcl/seed_4
tissuemnist,L80_G80,ShuffleNetV2,3,hounie_rcl,30.0,50,300,137,137,127,0.4276396886419874,0.44155844155844154,0.43506493506493504,0.44028018805757135,0.4625339248534152,0.5746971736204576,results/pending_runs/paper_backbones/ShuffleNetV2/tissuemnist/L80_G80/hounie_rcl/seed_3
tissuemnist,L80_G80,ShuffleNetV2,1,hounie_rcl,46.0,50,300,137,137,115,0.3731822567482058,0.38961038961038963,0.38961038961038963,0.4103625257428285,0.44228027652431007,0.5863615971287572,results/pending_runs/paper_backbones/ShuffleNetV2/tissuemnist/L80_G80/hounie_rcl/seed_1
tissuemnist,L80_G80,ShuffleNetV2,2,hounie_rcl,32.0,50,300,137,137,127,0.33766023625604724,0.34415584415584416,0.34415584415584416,0.4121798850726489,0.4538712802323646,0.5724540152534769,results/pending_runs/paper_backbones/ShuffleNetV2/tissuemnist/L80_G80/hounie_rcl/seed_2
tissuemnist,L80_G80,ShuffleNetV2,4,tralo,77.0,50,300,137,137,135,0.37902419819341426,0.38961038961038963,0.3961038961038961,0.4532121181302121,0.48927020033935015,0.5966801256168686,results/pending_runs/paper_backbones/ShuffleNetV2/tissuemnist/L80_G80/tralo/seed_4
tissuemnist,L80_G80,ShuffleNetV2,3,tralo,73.0,50,300,137,137,134,0.42782619215078377,0.42857142857142855,0.42857142857142855,0.4420661856077566,0.4681656702595013,0.5773889636608345,results/pending_runs/paper_backbones/ShuffleNetV2/tissuemnist/L80_G80/tralo/seed_3
tissuemnist,L80_G80,ShuffleNetV2,1,tralo,350.0,50,300,137,137,137,0.38007285666413376,0.38961038961038963,0.38961038961038963,0.41057038838036275,0.43946315831381966,0.5868102288021534,results/pending_runs/paper_backbones/ShuffleNetV2/tissuemnist/L80_G80/tralo/seed_1
tissuemnist,L80_G80,ShuffleNetV2,2,tralo,198.0,50,300,137,137,136,0.3435376675845041,0.34415584415584416,0.33766233766233766,0.4017393518738162,0.4517781230826966,0.582323912068192,results/pending_runs/paper_backbones/ShuffleNetV2/tissuemnist/L80_G80/tralo/seed_2
tissuemnist,L80_G80,ShuffleNetV2,4,danits_lp,0.0,50,300,137,137,157,0.3623741379867142,0.3961038961038961,0.3961038961038961,0.446049772988812,0.48167573348878856,0.5962314939434724,results/pending_runs/paper_backbones/ShuffleNetV2/tissuemnist/L80_G80/danits_lp/seed_4
tissuemnist,L80_G80,ShuffleNetV2,3,danits_lp,0.0,50,300,137,137,178,0.4022267765275244,0.38961038961038963,0.4025974025974026,0.41505102957520473,0.44761790720097316,0.5652759084791387,results/pending_runs/paper_backbones/ShuffleNetV2/tissuemnist/L80_G80/danits_lp/seed_3
tissuemnist,L80_G80,ShuffleNetV2,1,danits_lp,0.0,50,300,137,137,237,0.36952510206678807,0.4025974025974026,0.3961038961038961,0.42390221817343743,0.45656679186036575,0.5554060116644235,results/pending_runs/paper_backbones/ShuffleNetV2/tissuemnist/L80_G80/danits_lp/seed_1
tissuemnist,L80_G80,ShuffleNetV2,2,danits_lp,0.0,50,300,137,137,144,0.3134716897016343,0.3181818181818182,0.3181818181818182,0.4029625262630263,0.4427536140143805,0.566173171825931,results/pending_runs/paper_backbones/ShuffleNetV2/tissuemnist/L80_G80/danits_lp/seed_2
tissuemnist,L80_G80,ShuffleNetV2,4,fioretto_ldf,22.0,50,300,137,137,134,0.37469172168696796,0.37662337662337664,0.38311688311688313,0.448694956644878,0.4855315787049811,0.594885598923284,results/pending_runs/paper_backbones/ShuffleNetV2/tissuemnist/L80_G80/fioretto_ldf/seed_4
tissuemnist,L80_G80,ShuffleNetV2,3,fioretto_ldf,26.0,50,300,137,137,129,0.4255586244010056,0.43506493506493504,0.43506493506493504,0.44289095003302337,0.46901361178246975,0.5773889636608345,results/pending_runs/paper_backbones/ShuffleNetV2/tissuemnist/L80_G80/fioretto_ldf/seed_3
tissuemnist,L80_G80,ShuffleNetV2,1,fioretto_ldf,299.0,50,300,137,137,132,0.3729019818514171,0.38961038961038963,0.38961038961038963,0.410758158959847,0.44329696916042505,0.585464333781965,results/pending_runs/paper_backbones/ShuffleNetV2/tissuemnist/L80_G80/fioretto_ldf/seed_1
tissuemnist,L80_G80,ShuffleNetV2,2,fioretto_ldf,27.0,50,300,137,137,129,0.3405454109056883,0.35064935064935066,0.35064935064935066,0.41348021602520546,0.45695155088098,0.5764917003140422,results/pending_runs/paper_backbones/ShuffleNetV2/tissuemnist/L80_G80/fioretto_ldf/seed_2
tissuemnist,L80_G80,ShuffleNetV2,4,tralo_bounded,64.0,50,300,137,137,133,0.3757817524561481,0.37662337662337664,0.38311688311688313,0.4497568937699454,0.4882122716546477,0.5971287572902647,results/pending_runs/paper_backbones/ShuffleNetV2/tissuemnist/L80_G80/tralo_bounded/seed_4
tissuemnist,L80_G80,ShuffleNetV2,3,tralo_bounded,68.0,50,300,137,137,128,0.4278763480560312,0.43506493506493504,0.43506493506493504,0.4414680052701566,0.4667285613495156,0.5764917003140422,results/pending_runs/paper_backbones/ShuffleNetV2/tissuemnist/L80_G80/tralo_bounded/seed_3
tissuemnist,L80_G80,ShuffleNetV2,1,tralo_bounded,72.0,50,300,137,137,133,0.37648001951921967,0.3961038961038961,0.3961038961038961,0.41532743978044107,0.4455745974249173,0.5881561238223418,results/pending_runs/paper_backbones/ShuffleNetV2/tissuemnist/L80_G80/tralo_bounded/seed_1
tissuemnist,L80_G80,ShuffleNetV2,2,tralo_bounded,70.0,50,300,137,137,131,0.3416671942093193,0.35064935064935066,0.35064935064935066,0.4119665583320601,0.45675418581422006,0.576043068640646,results/pending_runs/paper_backbones/ShuffleNetV2/tissuemnist/L80_G80/tralo_bounded/seed_2
tissuemnist,L80_G80,ShuffleNetV2,4,heuristic,0.0,50,300,137,137,157,0.3623741379867142,0.3961038961038961,0.3961038961038961,0.446049772988812,0.48167573348878856,0.5962314939434724,results/pending_runs/paper_backbones/ShuffleNetV2/tissuemnist/L80_G80/heuristic/seed_4
tissuemnist,L80_G80,ShuffleNetV2,3,heuristic,0.0,50,300,137,137,178,0.4022267765275244,0.4025974025974026,0.4025974025974026,0.41505102957520473,0.44761790720097316,0.5652759084791387,results/pending_runs/paper_backbones/ShuffleNetV2/tissuemnist/L80_G80/heuristic/seed_3
tissuemnist,L80_G80,ShuffleNetV2,1,heuristic,0.0,50,300,137,137,237,0.36952510206678807,0.3961038961038961,0.3961038961038961,0.42390221817343743,0.45656679186036575,0.5554060116644235,results/pending_runs/paper_backbones/ShuffleNetV2/tissuemnist/L80_G80/heuristic/seed_1
tissuemnist,L80_G80,ShuffleNetV2,2,heuristic,0.0,50,300,137,137,144,0.3134716897016343,0.3181818181818182,0.3181818181818182,0.4029625262630263,0.4427536140143805,0.566173171825931,results/pending_runs/paper_backbones/ShuffleNetV2/tissuemnist/L80_G80/heuristic/seed_2
aider,L20_G20,RegNetY400MF,4,hounie_rcl,65.0,50,300,20,20,0,0.38229596662548737,0.22950819672131148,0.22950819672131148,0.7636839398763589,0.9644162362905693,0.9825367647058824,results/pending_runs/paper_backbones/RegNetY400MF/aider/L20_G20/hounie_rcl/seed_4
aider,L20_G20,RegNetY400MF,3,hounie_rcl,45.0,50,300,20,20,1,0.6645439576899906,0.3114754098360656,0.3114754098360656,0.7986138543803734,0.9817411484591766,0.9908088235294118,results/pending_runs/paper_backbones/RegNetY400MF/aider/L20_G20/hounie_rcl/seed_3
aider,L20_G20,RegNetY400MF,1,hounie_rcl,54.0,50,300,20,20,1,0.37618599504863653,0.26229508196721313,0.26229508196721313,0.7722179727438709,0.959204204204204,0.9797794117647058,results/pending_runs/paper_backbones/RegNetY400MF/aider/L20_G20/hounie_rcl/seed_1
aider,L20_G20,RegNetY400MF,2,hounie_rcl,87.0,50,300,20,20,1,0.523846689943719,0.26229508196721313,0.26229508196721313,0.7878917017100747,0.989203090471412,0.9944852941176471,results/pending_runs/paper_backbones/RegNetY400MF/aider/L20_G20/hounie_rcl/seed_2
aider,L20_G20,RegNetY400MF,4,tralo,81.0,50,300,20,20,18,0.79447617909322,0.32786885245901637,0.32786885245901637,0.7946491257966668,0.9704542704967616,0.9852941176470589,results/pending_runs/paper_backbones/RegNetY400MF/aider/L20_G20/tralo/seed_4
aider,L20_G20,RegNetY400MF,3,tralo,68.0,50,300,20,20,19,0.9178744440821668,0.32786885245901637,0.32786885245901637,0.7999044773469374,0.9800837492959215,0.9898897058823529,results/pending_runs/paper_backbones/RegNetY400MF/aider/L20_G20/tralo/seed_3
aider,L20_G20,RegNetY400MF,1,tralo,78.0,50,300,20,20,17,0.7912624254358848,0.32786885245901637,0.32786885245901637,0.7941077295581677,0.9669110251882976,0.9834558823529411,results/pending_runs/paper_backbones/RegNetY400MF/aider/L20_G20/tralo/seed_1
aider,L20_G20,RegNetY400MF,2,tralo,85.0,50,300,20,20,18,0.8325133335899806,0.32786885245901637,0.32786885245901637,0.8024667913127336,0.989203090471412,0.9944852941176471,results/pending_runs/paper_backbones/RegNetY400MF/aider/L20_G20/tralo/seed_2
aider,L20_G20,RegNetY400MF,4,danits_lp,0.0,50,300,20,20,103,0.9973416977902969,0.32786885245901637,0.32786885245901637,0.767031890864369,0.9838494489191459,0.9917279411764706,results/pending_runs/paper_backbones/RegNetY400MF/aider/L20_G20/danits_lp/seed_4
aider,L20_G20,RegNetY400MF,3,danits_lp,0.0,50,300,20,20,100,0.9960396247165183,0.32786885245901637,0.32786885245901637,0.7963728153215611,0.9874938788608337,0.9935661764705882,results/pending_runs/paper_backbones/RegNetY400MF/aider/L20_G20/danits_lp/seed_3
aider,L20_G20,RegNetY400MF,1,danits_lp,0.0,50,300,20,20,97,0.9830650436526945,0.32786885245901637,0.32786885245901637,0.7758412182044395,0.9838346362863065,0.9917279411764706,results/pending_runs/paper_backbones/RegNetY400MF/aider/L20_G20/danits_lp/seed_1
aider,L20_G20,RegNetY400MF,2,danits_lp,0.0,50,300,20,20,93,0.9945001467195564,0.32786885245901637,0.32786885245901637,0.7975238190989058,0.9891873061056909,0.9944852941176471,results/pending_runs/paper_backbones/RegNetY400MF/aider/L20_G20/danits_lp/seed_2
aider,L20_G20,RegNetY400MF,4,fioretto_ldf,27.0,50,300,20,20,15,0.7500959471785273,0.32786885245901637,0.32786885245901637,0.7953437416183013,0.9685937298855206,0.984375,results/pending_runs/paper_backbones/RegNetY400MF/aider/L20_G20/fioretto_ldf/seed_4
aider,L20_G20,RegNetY400MF,3,fioretto_ldf,24.0,50,300,20,20,18,0.904350348567425,0.32786885245901637,0.32786885245901637,0.8031735162166127,0.9818523326796121,0.9908088235294118,results/pending_runs/paper_backbones/RegNetY400MF/aider/L20_G20/fioretto_ldf/seed_3
aider,L20_G20,RegNetY400MF,1,fioretto_ldf,25.0,50,300,20,20,12,0.705214858339823,0.32786885245901637,0.32786885245901637,0.7912551321979245,0.9630745184262827,0.9816176470588235,results/pending_runs/paper_backbones/RegNetY400MF/aider/L20_G20/fioretto_ldf/seed_1
aider,L20_G20,RegNetY400MF,2,fioretto_ldf,32.0,50,300,20,20,14,0.8004131652733174,0.32786885245901637,0.32786885245901637,0.8024667913127336,0.989203090471412,0.9944852941176471,results/pending_runs/paper_backbones/RegNetY400MF/aider/L20_G20/fioretto_ldf/seed_2
aider,L20_G20,RegNetY400MF,4,tralo_bounded,73.0,50,300,20,20,13,0.7149360379362079,0.32786885245901637,0.32786885245901637,0.7953437416183013,0.9685937298855206,0.984375,results/pending_runs/paper_backbones/RegNetY400MF/aider/L20_G20/tralo_bounded/seed_4
aider,L20_G20,RegNetY400MF,3,tralo_bounded,68.0,50,300,20,20,9,0.8843342036145256,0.32786885245901637,0.32786885245901637,0.8031735162166127,0.9818523326796121,0.9908088235294118,results/pending_runs/paper_backbones/RegNetY400MF/aider/L20_G20/tralo_bounded/seed_3
aider,L20_G20,RegNetY400MF,1,tralo_bounded,68.0,50,300,20,20,9,0.6639764863993719,0.32786885245901637,0.32786885245901637,0.7912551321979245,0.9630745184262827,0.9816176470588235,results/pending_runs/paper_backbones/RegNetY400MF/aider/L20_G20/tralo_bounded/seed_1
aider,L20_G20,RegNetY400MF,2,tralo_bounded,77.0,50,300,20,20,15,0.8024276003022619,0.32786885245901637,0.32786885245901637,0.8024667913127336,0.989203090471412,0.9944852941176471,results/pending_runs/paper_backbones/RegNetY400MF/aider/L20_G20/tralo_bounded/seed_2
aider,L20_G20,RegNetY400MF,4,heuristic,0.0,50,300,20,20,103,0.9973416977902969,0.32786885245901637,0.32786885245901637,0.767031890864369,0.9838494489191459,0.9917279411764706,results/pending_runs/paper_backbones/RegNetY400MF/aider/L20_G20/heuristic/seed_4
aider,L20_G20,RegNetY400MF,3,heuristic,0.0,50,300,20,20,100,0.9960396247165183,0.32786885245901637,0.32786885245901637,0.7963728153215611,0.9874938788608337,0.9935661764705882,results/pending_runs/paper_backbones/RegNetY400MF/aider/L20_G20/heuristic/seed_3
aider,L20_G20,RegNetY400MF,1,heuristic,0.0,50,300,20,20,97,0.9830650436526945,0.32786885245901637,0.32786885245901637,0.7758412182044395,0.9838346362863065,0.9917279411764706,results/pending_runs/paper_backbones/RegNetY400MF/aider/L20_G20/heuristic/seed_1
aider,L20_G20,RegNetY400MF,2,heuristic,0.0,50,300,20,20,93,0.9945001467195564,0.32786885245901637,0.32786885245901637,0.7975238190989058,0.9891873061056909,0.9944852941176471,results/pending_runs/paper_backbones/RegNetY400MF/aider/L20_G20/heuristic/seed_2
aider,L70_G70,RegNetY400MF,4,hounie_rcl,84.0,50,300,71,71,38,0.9044750577035038,0.8092485549132948,0.8092485549132948,0.9295227127321444,0.9800068582928914,0.9898897058823529,results/pending_runs/paper_backbones/RegNetY400MF/aider/L70_G70/hounie_rcl/seed_4
aider,L70_G70,RegNetY400MF,3,hounie_rcl,55.0,50,300,71,71,41,0.9574698311816199,0.8208092485549133,0.8208092485549133,0.9346565031367908,0.9837743333765286,0.9917279411764706,results/pending_runs/paper_backbones/RegNetY400MF/aider/L70_G70/hounie_rcl/seed_3
aider,L70_G70,RegNetY400MF,1,hounie_rcl,71.0,50,300,71,71,49,0.9040635497294748,0.8208092485549133,0.8208092485549133,0.9317919752413235,0.9744846656611363,0.9871323529411765,results/pending_runs/paper_backbones/RegNetY400MF/aider/L70_G70/hounie_rcl/seed_1
aider,L70_G70,RegNetY400MF,2,hounie_rcl,121.0,50,300,71,71,58,0.9581111940947369,0.8208092485549133,0.8208092485549133,0.933259297457171,0.9874183372720519,0.9935661764705882,results/pending_runs/paper_backbones/RegNetY400MF/aider/L70_G70/hounie_rcl/seed_2
aider,L70_G70,RegNetY400MF,4,tralo,72.0,50,300,71,71,71,0.9665634497657879,0.8208092485549133,0.8208092485549133,0.9314762061485714,0.9782227992155347,0.9889705882352942,results/pending_runs/paper_backbones/RegNetY400MF/aider/L70_G70/tralo/seed_4
aider,L70_G70,RegNetY400MF,3,tralo,81.0,50,300,71,71,70,0.9894534724632084,0.8208092485549133,0.8208092485549133,0.9333193716210757,0.9820051507856867,0.9908088235294118,results/pending_runs/paper_backbones/RegNetY400MF/aider/L70_G70/tralo/seed_3
aider,L70_G70,RegNetY400MF,1,tralo,68.0,50,300,71,71,68,0.9350563572488072,0.8208092485549133,0.8208092485549133,0.9321584405550527,0.9763615971323999,0.9880514705882353,results/pending_runs/paper_backbones/RegNetY400MF/aider/L70_G70/tralo/seed_1
aider,L70_G70,RegNetY400MF,2,tralo,73.0,50,300,71,71,71,0.9720779826544056,0.8208092485549133,0.8208092485549133,0.9337291398918824,0.9893080090179067,0.9944852941176471,results/pending_runs/paper_backbones/RegNetY400MF/aider/L70_G70/tralo/seed_2
aider,L70_G70,RegNetY400MF,4,danits_lp,0.0,50,300,71,71,103,0.9973416977902969,0.8208092485549133,0.8208092485549133,0.925829190301538,0.9838494489191459,0.9917279411764706,results/pending_runs/paper_backbones/RegNetY400MF/aider/L70_G70/danits_lp/seed_4
aider,L70_G70,RegNetY400MF,3,danits_lp,0.0,50,300,71,71,100,0.9960396247165183,0.8208092485549133,0.8208092485549133,0.9364943742547321,0.9874938788608337,0.9935661764705882,results/pending_runs/paper_backbones/RegNetY400MF/aider/L70_G70/danits_lp/seed_3
aider,L70_G70,RegNetY400MF,1,danits_lp,0.0,50,300,71,71,97,0.9830650436526945,0.8208092485549133,0.8208092485549133,0.9346640843239199,0.9838346362863065,0.9917279411764706,results/pending_runs/paper_backbones/RegNetY400MF/aider/L70_G70/danits_lp/seed_1
aider,L70_G70,RegNetY400MF,2,danits_lp,0.0,50,300,71,71,93,0.9945001467195564,0.8208092485549133,0.8208092485549133,0.9325469538757887,0.9891873061056909,0.9944852941176471,results/pending_runs/paper_backbones/RegNetY400MF/aider/L70_G70/danits_lp/seed_2
aider,L70_G70,RegNetY400MF,4,fioretto_ldf,21.0,50,300,71,71,66,0.9648556207930169,0.8208092485549133,0.8208092485549133,0.9327798656180295,0.9800068582928914,0.9898897058823529,results/pending_runs/paper_backbones/RegNetY400MF/aider/L70_G70/fioretto_ldf/seed_4
aider,L70_G70,RegNetY400MF,3,fioretto_ldf,18.0,50,300,71,71,59,0.9873996036477438,0.8208092485549133,0.8208092485549133,0.9328675604052632,0.9800837492959215,0.9898897058823529,results/pending_runs/paper_backbones/RegNetY400MF/aider/L70_G70/fioretto_ldf/seed_3
aider,L70_G70,RegNetY400MF,1,fioretto_ldf,18.0,50,300,71,71,67,0.9420530031857761,0.8208092485549133,0.8208092485549133,0.9321584405550527,0.9763615971323999,0.9880514705882353,results/pending_runs/paper_backbones/RegNetY400MF/aider/L70_G70/fioretto_ldf/seed_1
aider,L70_G70,RegNetY400MF,2,fioretto_ldf,299.0,50,300,71,71,70,0.9692152439403744,0.8208092485549133,0.8208092485549133,0.9319877807680259,0.9856643356643358,0.9926470588235294,results/pending_runs/paper_backbones/RegNetY400MF/aider/L70_G70/fioretto_ldf/seed_2
aider,L70_G70,RegNetY400MF,4,tralo_bounded,65.0,50,300,71,71,58,0.9576868191491108,0.8208092485549133,0.8208092485549133,0.9327798656180295,0.9800068582928914,0.9898897058823529,results/pending_runs/paper_backbones/RegNetY400MF/aider/L70_G70/tralo_bounded/seed_4
aider,L70_G70,RegNetY400MF,3,tralo_bounded,62.0,50,300,71,71,67,0.9882793141811286,0.8208092485549133,0.8208092485549133,0.9333193716210757,0.9820051507856867,0.9908088235294118,results/pending_runs/paper_backbones/RegNetY400MF/aider/L70_G70/tralo_bounded/seed_3
aider,L70_G70,RegNetY400MF,1,tralo_bounded,62.0,50,300,71,71,61,0.9206281386050493,0.8208092485549133,0.8208092485549133,0.9317919752413235,0.9744846656611363,0.9871323529411765,results/pending_runs/paper_backbones/RegNetY400MF/aider/L70_G70/tralo_bounded/seed_1
aider,L70_G70,RegNetY400MF,2,tralo_bounded,67.0,50,300,71,71,64,0.9626561344794118,0.8208092485549133,0.8208092485549133,0.9319877807680259,0.9856643356643358,0.9926470588235294,results/pending_runs/paper_backbones/RegNetY400MF/aider/L70_G70/tralo_bounded/seed_2
aider,L70_G70,RegNetY400MF,4,heuristic,0.0,50,300,71,71,103,0.9973416977902969,0.8208092485549133,0.8208092485549133,0.925829190301538,0.9838494489191459,0.9917279411764706,results/pending_runs/paper_backbones/RegNetY400MF/aider/L70_G70/heuristic/seed_4
aider,L70_G70,RegNetY400MF,3,heuristic,0.0,50,300,71,71,100,0.9960396247165183,0.8208092485549133,0.8208092485549133,0.9364943742547321,0.9874938788608337,0.9935661764705882,results/pending_runs/paper_backbones/RegNetY400MF/aider/L70_G70/heuristic/seed_3
aider,L70_G70,RegNetY400MF,1,heuristic,0.0,50,300,71,71,97,0.9830650436526945,0.8208092485549133,0.8208092485549133,0.9346640843239199,0.9838346362863065,0.9917279411764706,results/pending_runs/paper_backbones/RegNetY400MF/aider/L70_G70/heuristic/seed_1
aider,L70_G70,RegNetY400MF,2,heuristic,0.0,50,300,71,71,93,0.9945001467195564,0.8208092485549133,0.8208092485549133,0.9325469538757887,0.9891873061056909,0.9944852941176471,results/pending_runs/paper_backbones/RegNetY400MF/aider/L70_G70/heuristic/seed_2
aider,L30_G30,RegNetY400MF,4,hounie_rcl,66.0,50,300,31,31,3,0.563238480288326,0.43609022556390975,0.43609022556390975,0.8219288884999838,0.9683953109110952,0.984375,results/pending_runs/paper_backbones/RegNetY400MF/aider/L30_G30/hounie_rcl/seed_4
aider,L30_G30,RegNetY400MF,3,hounie_rcl,46.0,50,300,31,31,1,0.7555339679821583,0.46616541353383456,0.46616541353383456,0.8398158790793839,0.9799581750434996,0.9898897058823529,results/pending_runs/paper_backbones/RegNetY400MF/aider/L30_G30/hounie_rcl/seed_3
aider,L30_G30,RegNetY400MF,1,hounie_rcl,56.0,50,300,31,31,5,0.49988367699477243,0.39097744360902253,0.39097744360902253,0.8057908295341774,0.9611475486417677,0.9806985294117647,results/pending_runs/paper_backbones/RegNetY400MF/aider/L30_G30/hounie_rcl/seed_1
aider,L30_G30,RegNetY400MF,2,hounie_rcl,90.0,50,300,31,31,5,0.6829676853729258,0.43609022556390975,0.43609022556390975,0.8334431414208241,0.989203090471412,0.9944852941176471,results/pending_runs/paper_backbones/RegNetY400MF/aider/L30_G30/hounie_rcl/seed_2
aider,L30_G30,RegNetY400MF,4,tralo,69.0,50,300,31,31,30,0.8628633164567394,0.46616541353383456,0.46616541353383456,0.8335263234143171,0.9743258672826406,0.9871323529411765,results/pending_runs/paper_backbones/RegNetY400MF/aider/L30_G30/tralo/seed_4
aider,L30_G30,RegNetY400MF,3,tralo,66.0,50,300,31,31,24,0.9260055833688017,0.46616541353383456,0.46616541353383456,0.8401959105187456,0.9818523326796121,0.9908088235294118,results/pending_runs/paper_backbones/RegNetY400MF/aider/L30_G30/tralo/seed_3
aider,L30_G30,RegNetY400MF,1,tralo,75.0,50,300,31,31,30,0.852739725779041,0.46616541353383456,0.46616541353383456,0.8343244035976258,0.9725912976835732,0.9862132352941176,results/pending_runs/paper_backbones/RegNetY400MF/aider/L30_G30/tralo/seed_1
aider,L30_G30,RegNetY400MF,2,tralo,246.0,50,300,31,31,31,0.8939124844550889,0.46616541353383456,0.46616541353383456,0.8387595506324469,0.9909718438416907,0.9954044117647058,results/pending_runs/paper_backbones/RegNetY400MF/aider/L30_G30/tralo/seed_2
aider,L30_G30,RegNetY400MF,4,danits_lp,0.0,50,300,31,31,103,0.9973416977902969,0.46616541353383456,0.46616541353383456,0.8085972254834239,0.9838494489191459,0.9917279411764706,results/pending_runs/paper_backbones/RegNetY400MF/aider/L30_G30/danits_lp/seed_4
aider,L30_G30,RegNetY400MF,3,danits_lp,0.0,50,300,31,31,100,0.9960396247165183,0.46616541353383456,0.46616541353383456,0.8363686365567644,0.9874938788608337,0.9935661764705882,results/pending_runs/paper_backbones/RegNetY400MF/aider/L30_G30/danits_lp/seed_3
aider,L30_G30,RegNetY400MF,1,danits_lp,0.0,50,300,31,31,97,0.9830650436526945,0.46616541353383456,0.46616541353383456,0.8204895958883558,0.9838346362863065,0.9917279411764706,results/pending_runs/paper_backbones/RegNetY400MF/aider/L30_G30/danits_lp/seed_1
aider,L30_G30,RegNetY400MF,2,danits_lp,0.0,50,300,31,31,93,0.9945001467195564,0.46616541353383456,0.46616541353383456,0.8345464315861788,0.9891873061056909,0.9944852941176471,results/pending_runs/paper_backbones/RegNetY400MF/aider/L30_G30/danits_lp/seed_2
aider,L30_G30,RegNetY400MF,4,fioretto_ldf,25.0,50,300,31,31,28,0.8451714660536298,0.46616541353383456,0.46616541353383456,0.8292587446878065,0.9685937298855206,0.984375,results/pending_runs/paper_backbones/RegNetY400MF/aider/L30_G30/fioretto_ldf/seed_4
aider,L30_G30,RegNetY400MF,3,fioretto_ldf,23.0,50,300,31,31,18,0.9044312951209222,0.46616541353383456,0.46616541353383456,0.8401959105187456,0.9818523326796121,0.9908088235294118,results/pending_runs/paper_backbones/RegNetY400MF/aider/L30_G30/fioretto_ldf/seed_3
aider,L30_G30,RegNetY400MF,1,fioretto_ldf,24.0,50,300,31,31,21,0.8123894802903577,0.46616541353383456,0.46616541353383456,0.8286747780993036,0.9650008766818546,0.9825367647058824,results/pending_runs/paper_backbones/RegNetY400MF/aider/L30_G30/fioretto_ldf/seed_1
aider,L30_G30,RegNetY400MF,2,fioretto_ldf,31.0,50,300,31,31,22,0.8629307707664243,0.46616541353383456,0.46616541353383456,0.8384852774563636,0.989203090471412,0.9944852941176471,results/pending_runs/paper_backbones/RegNetY400MF/aider/L30_G30/fioretto_ldf/seed_2
aider,L30_G30,RegNetY400MF,4,tralo_bounded,69.0,50,300,31,31,18,0.7848020839891376,0.46616541353383456,0.46616541353383456,0.8302899756497448,0.9685937298855206,0.984375,results/pending_runs/paper_backbones/RegNetY400MF/aider/L30_G30/tralo_bounded/seed_4
aider,L30_G30,RegNetY400MF,3,tralo_bounded,66.0,50,300,31,31,13,0.8953671124981388,0.46616541353383456,0.46616541353383456,0.8401959105187456,0.9818523326796121,0.9908088235294118,results/pending_runs/paper_backbones/RegNetY400MF/aider/L30_G30/tralo_bounded/seed_3
aider,L30_G30,RegNetY400MF,1,tralo_bounded,66.0,50,300,31,31,13,0.7751701785842132,0.46616541353383456,0.46616541353383456,0.830096580115557,0.9669110251882976,0.9834558823529411,results/pending_runs/paper_backbones/RegNetY400MF/aider/L30_G30/tralo_bounded/seed_1
aider,L30_G30,RegNetY400MF,2,tralo_bounded,71.0,50,300,31,31,23,0.878485512915463,0.46616541353383456,0.46616541353383456,0.8384852774563636,0.989203090471412,0.9944852941176471,results/pending_runs/paper_backbones/RegNetY400MF/aider/L30_G30/tralo_bounded/seed_2
aider,L30_G30,RegNetY400MF,4,heuristic,0.0,50,300,31,31,103,0.9973416977902969,0.46616541353383456,0.46616541353383456,0.8085972254834239,0.9838494489191459,0.9917279411764706,results/pending_runs/paper_backbones/RegNetY400MF/aider/L30_G30/heuristic/seed_4
aider,L30_G30,RegNetY400MF,3,heuristic,0.0,50,300,31,31,100,0.9960396247165183,0.46616541353383456,0.46616541353383456,0.8363686365567644,0.9874938788608337,0.9935661764705882,results/pending_runs/paper_backbones/RegNetY400MF/aider/L30_G30/heuristic/seed_3
aider,L30_G30,RegNetY400MF,1,heuristic,0.0,50,300,31,31,97,0.9830650436526945,0.46616541353383456,0.46616541353383456,0.8204895958883558,0.9838346362863065,0.9917279411764706,results/pending_runs/paper_backbones/RegNetY400MF/aider/L30_G30/heuristic/seed_1
aider,L30_G30,RegNetY400MF,2,heuristic,0.0,50,300,31,31,93,0.9945001467195564,0.46616541353383456,0.46616541353383456,0.8345464315861788,0.9891873061056909,0.9944852941176471,results/pending_runs/paper_backbones/RegNetY400MF/aider/L30_G30/heuristic/seed_2
aider,L80_G80,RegNetY400MF,4,hounie_rcl,97.0,50,300,82,82,53,0.9582907729335928,0.8913043478260869,0.8913043478260869,0.954405162738496,0.9819287441617391,0.9908088235294118,results/pending_runs/paper_backbones/RegNetY400MF/aider/L80_G80/hounie_rcl/seed_4
aider,L80_G80,RegNetY400MF,3,hounie_rcl,61.0,50,300,82,82,62,0.9877495901344103,0.8913043478260869,0.8913043478260869,0.9572426382529944,0.9856643356643358,0.9926470588235294,results/pending_runs/paper_backbones/RegNetY400MF/aider/L80_G80/hounie_rcl/seed_3
aider,L80_G80,RegNetY400MF,1,hounie_rcl,86.0,50,300,82,82,63,0.9373853440582169,0.8804347826086957,0.8804347826086957,0.9507149625558087,0.9782223349047808,0.9889705882352942,results/pending_runs/paper_backbones/RegNetY400MF/aider/L80_G80/hounie_rcl/seed_1
aider,L80_G80,RegNetY400MF,2,hounie_rcl,149.0,50,300,82,82,73,0.978255226057252,0.8913043478260869,0.8913043478260869,0.951843224184855,0.9838944118925269,0.9917279411764706,results/pending_runs/paper_backbones/RegNetY400MF/aider/L80_G80/hounie_rcl/seed_2
aider,L80_G80,RegNetY400MF,4,tralo,71.0,50,300,82,82,82,0.9744631863108634,0.8913043478260869,0.8913043478260869,0.9523702039810337,0.9819287441617391,0.9908088235294118,results/pending_runs/paper_backbones/RegNetY400MF/aider/L80_G80/tralo/seed_4
aider,L80_G80,RegNetY400MF,3,tralo,71.0,50,300,82,82,81,0.9916656347294647,0.8913043478260869,0.8913043478260869,0.9555167671638634,0.9820051507856867,0.9908088235294118,results/pending_runs/paper_backbones/RegNetY400MF/aider/L80_G80/tralo/seed_3
aider,L80_G80,RegNetY400MF,1,tralo,121.0,50,300,82,82,82,0.963685669006337,0.8913043478260869,0.8913043478260869,0.9554508069248699,0.9819287441617391,0.9908088235294118,results/pending_runs/paper_backbones/RegNetY400MF/aider/L80_G80/tralo/seed_1
aider,L80_G80,RegNetY400MF,2,tralo,234.0,50,300,82,82,82,0.9898310300326666,0.8913043478260869,0.8913043478260869,0.9526626932129372,0.9875819224950346,0.9935661764705882,results/pending_runs/paper_backbones/RegNetY400MF/aider/L80_G80/tralo/seed_2
aider,L80_G80,RegNetY400MF,4,danits_lp,0.0,50,300,82,82,103,0.9973416977902969,0.8913043478260869,0.8913043478260869,0.95078916271449,0.9838494489191459,0.9917279411764706,results/pending_runs/paper_backbones/RegNetY400MF/aider/L80_G80/danits_lp/seed_4
aider,L80_G80,RegNetY400MF,3,danits_lp,0.0,50,300,82,82,100,0.9960396247165183,0.8913043478260869,0.8913043478260869,0.9566194239012671,0.9874938788608337,0.9935661764705882,results/pending_runs/paper_backbones/RegNetY400MF/aider/L80_G80/danits_lp/seed_3
aider,L80_G80,RegNetY400MF,1,danits_lp,0.0,50,300,82,82,97,0.9830650436526945,0.8913043478260869,0.8913043478260869,0.9568742719176281,0.9838346362863065,0.9917279411764706,results/pending_runs/paper_backbones/RegNetY400MF/aider/L80_G80/danits_lp/seed_1
aider,L80_G80,RegNetY400MF,2,danits_lp,0.0,50,300,82,82,93,0.9945001467195564,0.8913043478260869,0.8913043478260869,0.9547225297156405,0.9891873061056909,0.9944852941176471,results/pending_runs/paper_backbones/RegNetY400MF/aider/L80_G80/danits_lp/seed_2
aider,L80_G80,RegNetY400MF,4,fioretto_ldf,18.0,50,300,82,82,81,0.9718987552415618,0.8913043478260869,0.8913043478260869,0.9536627905399724,0.9837128057830404,0.9917279411764706,results/pending_runs/paper_backbones/RegNetY400MF/aider/L80_G80/fioretto_ldf/seed_4
aider,L80_G80,RegNetY400MF,3,fioretto_ldf,16.0,50,300,82,82,78,0.9902720081915776,0.8913043478260869,0.8913043478260869,0.9558279191529044,0.9838191525751706,0.9917279411764706,results/pending_runs/paper_backbones/RegNetY400MF/aider/L80_G80/fioretto_ldf/seed_3
aider,L80_G80,RegNetY400MF,1,fioretto_ldf,16.0,50,300,82,82,67,0.9421940765290606,0.8913043478260869,0.8913043478260869,0.9523198844209126,0.9763615971323999,0.9880514705882353,results/pending_runs/paper_backbones/RegNetY400MF/aider/L80_G80/fioretto_ldf/seed_1
aider,L80_G80,RegNetY400MF,2,fioretto_ldf,20.0,50,300,82,82,77,0.9771995672568754,0.8913043478260869,0.8913043478260869,0.9508427799344191,0.9838944118925269,0.9917279411764706,results/pending_runs/paper_backbones/RegNetY400MF/aider/L80_G80/fioretto_ldf/seed_2
aider,L80_G80,RegNetY400MF,4,tralo_bounded,64.0,50,300,82,82,80,0.9707185779066313,0.8913043478260869,0.8913043478260869,0.954685746352413,0.9837128057830404,0.9917279411764706,results/pending_runs/paper_backbones/RegNetY400MF/aider/L80_G80/tralo_bounded/seed_4
aider,L80_G80,RegNetY400MF,3,tralo_bounded,350.0,50,300,82,82,83,0.9929926221643979,0.8913043478260869,0.8913043478260869,0.9558279191529044,0.9838191525751706,0.9917279411764706,results/pending_runs/paper_backbones/RegNetY400MF/aider/L80_G80/tralo_bounded/seed_3
aider,L80_G80,RegNetY400MF,1,tralo_bounded,62.0,50,300,82,82,79,0.9532507093961197,0.8913043478260869,0.8913043478260869,0.9540703838262792,0.9800837492959215,0.9898897058823529,results/pending_runs/paper_backbones/RegNetY400MF/aider/L80_G80/tralo_bounded/seed_1
aider,L80_G80,RegNetY400MF,2,tralo_bounded,350.0,50,300,82,82,81,0.9812372206975009,0.8913043478260869,0.8913043478260869,0.9522117353735858,0.9857239541090808,0.9926470588235294,results/pending_runs/paper_backbones/RegNetY400MF/aider/L80_G80/tralo_bounded/seed_2
aider,L80_G80,RegNetY400MF,4,heuristic,0.0,50,300,82,82,103,0.9973416977902969,0.8913043478260869,0.8913043478260869,0.95078916271449,0.9838494489191459,0.9917279411764706,results/pending_runs/paper_backbones/RegNetY400MF/aider/L80_G80/heuristic/seed_4
aider,L80_G80,RegNetY400MF,3,heuristic,0.0,50,300,82,82,100,0.9960396247165183,0.8913043478260869,0.8913043478260869,0.9566194239012671,0.9874938788608337,0.9935661764705882,results/pending_runs/paper_backbones/RegNetY400MF/aider/L80_G80/heuristic/seed_3
aider,L80_G80,RegNetY400MF,1,heuristic,0.0,50,300,82,82,97,0.9830650436526945,0.8913043478260869,0.8913043478260869,0.9568742719176281,0.9838346362863065,0.9917279411764706,results/pending_runs/paper_backbones/RegNetY400MF/aider/L80_G80/heuristic/seed_1
aider,L80_G80,RegNetY400MF,2,heuristic,0.0,50,300,82,82,93,0.9945001467195564,0.8913043478260869,0.8913043478260869,0.9547225297156405,0.9891873061056909,0.9944852941176471,results/pending_runs/paper_backbones/RegNetY400MF/aider/L80_G80/heuristic/seed_2
dermmnist,L20_G20,RegNetY400MF,4,hounie_rcl,55.0,50,300,45,45,33,0.6050278124910166,0.31343283582089554,0.31343283582089554,0.6704497058215654,0.7656903775873048,0.9073033707865169,results/pending_runs/paper_backbones/RegNetY400MF/dermmnist/L20_G20/hounie_rcl/seed_4
dermmnist,L20_G20,RegNetY400MF,3,hounie_rcl,44.0,50,300,45,45,34,0.5878306227107477,0.30597014925373134,0.30597014925373134,0.6725350014954973,0.7651894328353537,0.9039325842696629,results/pending_runs/paper_backbones/RegNetY400MF/dermmnist/L20_G20/hounie_rcl/seed_3
dermmnist,L20_G20,RegNetY400MF,1,hounie_rcl,41.0,50,300,45,45,25,0.5491768773933908,0.3208955223880597,0.3208955223880597,0.6924137677450872,0.7865460419212287,0.9106741573033708,results/pending_runs/paper_backbones/RegNetY400MF/dermmnist/L20_G20/hounie_rcl/seed_1
dermmnist,L20_G20,RegNetY400MF,2,hounie_rcl,42.0,50,300,45,45,24,0.6052078528657366,0.3208955223880597,0.3208955223880597,0.6887551418857275,0.7877653128907052,0.9123595505617977,results/pending_runs/paper_backbones/RegNetY400MF/dermmnist/L20_G20/hounie_rcl/seed_2
dermmnist,L20_G20,RegNetY400MF,4,tralo,75.0,50,300,45,45,43,0.6222980478693342,0.3208955223880597,0.3208955223880597,0.6885229938957712,0.7841649129420664,0.9095505617977528,results/pending_runs/paper_backbones/RegNetY400MF/dermmnist/L20_G20/tralo/seed_4
dermmnist,L20_G20,RegNetY400MF,3,tralo,71.0,50,300,45,45,41,0.6245354756521015,0.31343283582089554,0.31343283582089554,0.6785172985717353,0.7760607265294364,0.9061797752808989,results/pending_runs/paper_backbones/RegNetY400MF/dermmnist/L20_G20/tralo/seed_3
dermmnist,L20_G20,RegNetY400MF,1,tralo,73.0,50,300,45,45,43,0.614661199238358,0.31343283582089554,0.31343283582089554,0.6843040288524459,0.7845302870724425,0.9123595505617977,results/pending_runs/paper_backbones/RegNetY400MF/dermmnist/L20_G20/tralo/seed_1
dermmnist,L20_G20,RegNetY400MF,2,tralo,73.0,50,300,45,45,43,0.6434434595264998,0.3208955223880597,0.3208955223880597,0.7028977666707003,0.8110810846411353,0.9196629213483146,results/pending_runs/paper_backbones/RegNetY400MF/dermmnist/L20_G20/tralo/seed_2
dermmnist,L20_G20,RegNetY400MF,4,danits_lp,0.0,50,300,45,45,197,0.7015485772911337,0.3208955223880597,0.3208955223880597,0.6810748338728768,0.7744758494487992,0.9073033707865169,results/pending_runs/paper_backbones/RegNetY400MF/dermmnist/L20_G20/danits_lp/seed_4
dermmnist,L20_G20,RegNetY400MF,3,danits_lp,0.0,50,300,45,45,174,0.6915014341813639,0.31343283582089554,0.31343283582089554,0.6825280360340569,0.7864031726725081,0.9078651685393259,results/pending_runs/paper_backbones/RegNetY400MF/dermmnist/L20_G20/danits_lp/seed_3
dermmnist,L20_G20,RegNetY400MF,1,danits_lp,0.0,50,300,45,45,152,0.7057514318572579,0.30597014925373134,0.30597014925373134,0.6926914303327625,0.7951181341380309,0.9162921348314607,results/pending_runs/paper_backbones/RegNetY400MF/dermmnist/L20_G20/danits_lp/seed_1
dermmnist,L20_G20,RegNetY400MF,2,danits_lp,0.0,50,300,45,45,180,0.6941009292122404,0.3208955223880597,0.3208955223880597,0.6808913573456131,0.79090862147441,0.9134831460674158,results/pending_runs/paper_backbones/RegNetY400MF/dermmnist/L20_G20/danits_lp/seed_2
dermmnist,L20_G20,RegNetY400MF,4,fioretto_ldf,30.0,50,300,45,45,37,0.6012362856072048,0.31343283582089554,0.31343283582089554,0.674318104305353,0.768835979640213,0.9073033707865169,results/pending_runs/paper_backbones/RegNetY400MF/dermmnist/L20_G20/fioretto_ldf/seed_4
dermmnist,L20_G20,RegNetY400MF,3,fioretto_ldf,27.0,50,300,45,45,37,0.5887990665135762,0.31343283582089554,0.31343283582089554,0.6694177018624147,0.7579935490867632,0.902247191011236,results/pending_runs/paper_backbones/RegNetY400MF/dermmnist/L20_G20/fioretto_ldf/seed_3
dermmnist,L20_G20,RegNetY400MF,1,fioretto_ldf,24.0,50,300,45,45,35,0.5887800904002647,0.31343283582089554,0.31343283582089554,0.6882208952616102,0.7815845382094798,0.9084269662921348,results/pending_runs/paper_backbones/RegNetY400MF/dermmnist/L20_G20/fioretto_ldf/seed_1
dermmnist,L20_G20,RegNetY400MF,2,fioretto_ldf,27.0,50,300,45,45,33,0.6183467395336307,0.3208955223880597,0.3208955223880597,0.6951257511285877,0.7935224307470733,0.9101123595505618,results/pending_runs/paper_backbones/RegNetY400MF/dermmnist/L20_G20/fioretto_ldf/seed_2
dermmnist,L20_G20,RegNetY400MF,4,tralo_bounded,71.0,50,300,45,45,36,0.6097217125041989,0.3208955223880597,0.3208955223880597,0.6757836352452642,0.7697556573196258,0.9089887640449438,results/pending_runs/paper_backbones/RegNetY400MF/dermmnist/L20_G20/tralo_bounded/seed_4
dermmnist,L20_G20,RegNetY400MF,3,tralo_bounded,68.0,50,300,45,45,38,0.6009721077144347,0.30597014925373134,0.30597014925373134,0.6700204200143034,0.7643100617787222,0.9044943820224719,results/pending_runs/paper_backbones/RegNetY400MF/dermmnist/L20_G20/tralo_bounded/seed_3
dermmnist,L20_G20,RegNetY400MF,1,tralo_bounded,350.0,50,300,45,45,40,0.6008548078527284,0.31343283582089554,0.31343283582089554,0.68802010121399,0.7839107826144809,0.9112359550561798,results/pending_runs/paper_backbones/RegNetY400MF/dermmnist/L20_G20/tralo_bounded/seed_1
dermmnist,L20_G20,RegNetY400MF,2,tralo_bounded,66.0,50,300,45,45,35,0.6369890033890999,0.3283582089552239,0.3283582089552239,0.6975818006716573,0.79803257184356,0.9157303370786517,results/pending_runs/paper_backbones/RegNetY400MF/dermmnist/L20_G20/tralo_bounded/seed_2
dermmnist,L20_G20,RegNetY400MF,4,heuristic,0.0,50,300,45,45,197,0.7015485772911337,0.3208955223880597,0.3208955223880597,0.6810748338728768,0.7744758494487992,0.9073033707865169,results/pending_runs/paper_backbones/RegNetY400MF/dermmnist/L20_G20/heuristic/seed_4
dermmnist,L20_G20,RegNetY400MF,3,heuristic,0.0,50,300,45,45,174,0.6915014341813639,0.31343283582089554,0.31343283582089554,0.6825280360340569,0.7864031726725081,0.9078651685393259,results/pending_runs/paper_backbones/RegNetY400MF/dermmnist/L20_G20/heuristic/seed_3
dermmnist,L20_G20,RegNetY400MF,1,heuristic,0.0,50,300,45,45,152,0.7057514318572579,0.30597014925373134,0.30597014925373134,0.6926914303327625,0.7951181341380309,0.9162921348314607,results/pending_runs/paper_backbones/RegNetY400MF/dermmnist/L20_G20/heuristic/seed_1
dermmnist,L20_G20,RegNetY400MF,2,heuristic,0.0,50,300,45,45,180,0.6941009292122404,0.3208955223880597,0.3208955223880597,0.6808913573456131,0.79090862147441,0.9134831460674158,results/pending_runs/paper_backbones/RegNetY400MF/dermmnist/L20_G20/heuristic/seed_2
dermmnist,L70_G70,RegNetY400MF,4,hounie_rcl,42.0,50,300,156,156,132,0.6991962246796922,0.6226912928759895,0.6226912928759895,0.7531060849276722,0.7967102797650991,0.9168539325842696,results/pending_runs/paper_backbones/RegNetY400MF/dermmnist/L70_G70/hounie_rcl/seed_4
dermmnist,L70_G70,RegNetY400MF,3,hounie_rcl,40.0,50,300,156,156,136,0.6964612553808451,0.6226912928759895,0.6226912928759895,0.752023106452948,0.8008853960277055,0.9112359550561798,results/pending_runs/paper_backbones/RegNetY400MF/dermmnist/L70_G70/hounie_rcl/seed_3
dermmnist,L70_G70,RegNetY400MF,1,hounie_rcl,31.0,50,300,156,156,138,0.7043659907203901,0.6226912928759895,0.6226912928759895,0.7501060059554303,0.8000176830448691,0.9179775280898876,results/pending_runs/paper_backbones/RegNetY400MF/dermmnist/L70_G70/hounie_rcl/seed_1
dermmnist,L70_G70,RegNetY400MF,2,hounie_rcl,44.0,50,300,156,156,138,0.7076678627018789,0.6121372031662269,0.6121372031662269,0.7535108626170659,0.8005284529784346,0.9185393258426966,results/pending_runs/paper_backbones/RegNetY400MF/dermmnist/L70_G70/hounie_rcl/seed_2
dermmnist,L70_G70,RegNetY400MF,4,tralo,86.0,50,300,156,156,153,0.6959603178042449,0.6121372031662269,0.6121372031662269,0.7407022742779846,0.785925363145675,0.9112359550561798,results/pending_runs/paper_backbones/RegNetY400MF/dermmnist/L70_G70/tralo/seed_4
dermmnist,L70_G70,RegNetY400MF,3,tralo,71.0,50,300,156,156,144,0.6979831007142517,0.6121372031662269,0.6121372031662269,0.7419711612595883,0.7914680915124156,0.9101123595505618,results/pending_runs/paper_backbones/RegNetY400MF/dermmnist/L70_G70/tralo/seed_3
dermmnist,L70_G70,RegNetY400MF,1,tralo,69.0,50,300,156,156,152,0.7053470986862981,0.6279683377308707,0.6279683377308707,0.7543546563351796,0.8038945683348274,0.9196629213483146,results/pending_runs/paper_backbones/RegNetY400MF/dermmnist/L70_G70/tralo/seed_1
dermmnist,L70_G70,RegNetY400MF,2,tralo,63.0,50,300,156,156,147,0.6919450458757337,0.5963060686015831,0.5963060686015831,0.7580849017355344,0.8068184396434784,0.9179775280898876,results/pending_runs/paper_backbones/RegNetY400MF/dermmnist/L70_G70/tralo/seed_2
dermmnist,L70_G70,RegNetY400MF,4,danits_lp,0.0,50,300,156,156,197,0.7015485772911337,0.5963060686015831,0.6068601583113457,0.7277597034108488,0.7744758494487992,0.9073033707865169,results/pending_runs/paper_backbones/RegNetY400MF/dermmnist/L70_G70/danits_lp/seed_4
dermmnist,L70_G70,RegNetY400MF,3,danits_lp,0.0,50,300,156,156,174,0.6915014341813639,0.608,0.6226912928759895,0.7430613397156695,0.7864031726725081,0.9078651685393259,results/pending_runs/paper_backbones/RegNetY400MF/dermmnist/L70_G70/danits_lp/seed_3
dermmnist,L70_G70,RegNetY400MF,1,danits_lp,0.0,50,300,156,156,152,0.7057514318572579,0.6363636363636364,0.6385224274406333,0.7512218292047316,0.7951181341380309,0.9162921348314607,results/pending_runs/paper_backbones/RegNetY400MF/dermmnist/L70_G70/danits_lp/seed_1
dermmnist,L70_G70,RegNetY400MF,2,danits_lp,0.0,50,300,156,156,180,0.6941009292122404,0.608,0.6015831134564644,0.7386259464413562,0.79090862147441,0.9134831460674158,results/pending_runs/paper_backbones/RegNetY400MF/dermmnist/L70_G70/danits_lp/seed_2
dermmnist,L70_G70,RegNetY400MF,4,fioretto_ldf,18.0,50,300,156,156,131,0.6985297731176269,0.6226912928759895,0.6226912928759895,0.7556902256617762,0.7983158577726491,0.9179775280898876,results/pending_runs/paper_backbones/RegNetY400MF/dermmnist/L70_G70/fioretto_ldf/seed_4
dermmnist,L70_G70,RegNetY400MF,3,fioretto_ldf,16.0,50,300,156,156,136,0.6964029588111565,0.633245382585752,0.633245382585752,0.7549406553906047,0.8008853960277055,0.9112359550561798,results/pending_runs/paper_backbones/RegNetY400MF/dermmnist/L70_G70/fioretto_ldf/seed_3
dermmnist,L70_G70,RegNetY400MF,1,fioretto_ldf,14.0,50,300,156,156,141,0.7052729169549474,0.6226912928759895,0.6226912928759895,0.749436885848371,0.7996440528432553,0.9174157303370787,results/pending_runs/paper_backbones/RegNetY400MF/dermmnist/L70_G70/fioretto_ldf/seed_1
dermmnist,L70_G70,RegNetY400MF,2,fioretto_ldf,16.0,50,300,156,156,135,0.7078509956728376,0.6068601583113457,0.6068601583113457,0.7535378974218434,0.8031065633081393,0.9185393258426966,results/pending_runs/paper_backbones/RegNetY400MF/dermmnist/L70_G70/fioretto_ldf/seed_2
dermmnist,L70_G70,RegNetY400MF,4,tralo_bounded,61.0,50,300,156,156,131,0.6986112954144094,0.6226912928759895,0.6226912928759895,0.7548864280707976,0.7973379727106896,0.9174157303370787,results/pending_runs/paper_backbones/RegNetY400MF/dermmnist/L70_G70/tralo_bounded/seed_4
dermmnist,L70_G70,RegNetY400MF,3,tralo_bounded,60.0,50,300,156,156,136,0.6962330097898912,0.633245382585752,0.633245382585752,0.7549406553906047,0.8008853960277055,0.9112359550561798,results/pending_runs/paper_backbones/RegNetY400MF/dermmnist/L70_G70/tralo_bounded/seed_3
dermmnist,L70_G70,RegNetY400MF,1,tralo_bounded,58.0,50,300,156,156,142,0.7053147080339535,0.6226912928759895,0.6226912928759895,0.749436885848371,0.7996440528432553,0.9174157303370787,results/pending_runs/paper_backbones/RegNetY400MF/dermmnist/L70_G70/tralo_bounded/seed_1
dermmnist,L70_G70,RegNetY400MF,2,tralo_bounded,59.0,50,300,156,156,139,0.7077801331049522,0.6121372031662269,0.6121372031662269,0.7541364927084945,0.8013544404689994,0.9179775280898876,results/pending_runs/paper_backbones/RegNetY400MF/dermmnist/L70_G70/tralo_bounded/seed_2
dermmnist,L70_G70,RegNetY400MF,4,heuristic,0.0,50,300,156,156,197,0.7015485772911337,0.6068601583113457,0.6068601583113457,0.7277597034108488,0.7744758494487992,0.9073033707865169,results/pending_runs/paper_backbones/RegNetY400MF/dermmnist/L70_G70/heuristic/seed_4
dermmnist,L70_G70,RegNetY400MF,3,heuristic,0.0,50,300,156,156,174,0.6915014341813639,0.6226912928759895,0.6226912928759895,0.7430613397156695,0.7864031726725081,0.9078651685393259,results/pending_runs/paper_backbones/RegNetY400MF/dermmnist/L70_G70/heuristic/seed_3
dermmnist,L70_G70,RegNetY400MF,1,heuristic,0.0,50,300,156,156,152,0.7057514318572579,0.6385224274406333,0.6385224274406333,0.7512218292047316,0.7951181341380309,0.9162921348314607,results/pending_runs/paper_backbones/RegNetY400MF/dermmnist/L70_G70/heuristic/seed_1
dermmnist,L70_G70,RegNetY400MF,2,heuristic,0.0,50,300,156,156,180,0.6941009292122404,0.6015831134564644,0.6015831134564644,0.7386259464413562,0.79090862147441,0.9134831460674158,results/pending_runs/paper_backbones/RegNetY400MF/dermmnist/L70_G70/heuristic/seed_2
dermmnist,L30_G30,RegNetY400MF,4,hounie_rcl,49.0,50,300,67,67,56,0.64316850528261,0.43448275862068964,0.43448275862068964,0.7040364084714464,0.783273093591831,0.9123595505617977,results/pending_runs/paper_backbones/RegNetY400MF/dermmnist/L30_G30/hounie_rcl/seed_4
dermmnist,L30_G30,RegNetY400MF,3,hounie_rcl,41.0,50,300,67,67,45,0.627227234840922,0.3931034482758621,0.3931034482758621,0.6865076806954146,0.7680503611834815,0.9061797752808989,results/pending_runs/paper_backbones/RegNetY400MF/dermmnist/L30_G30/hounie_rcl/seed_3
dermmnist,L30_G30,RegNetY400MF,1,hounie_rcl,37.0,50,300,67,67,42,0.6099693923583306,0.4,0.4,0.7062046435661384,0.7886992376533554,0.9123595505617977,results/pending_runs/paper_backbones/RegNetY400MF/dermmnist/L30_G30/hounie_rcl/seed_1
dermmnist,L30_G30,RegNetY400MF,2,hounie_rcl,42.0,50,300,67,67,36,0.6355844909243821,0.4413793103448276,0.4413793103448276,0.7165273188527378,0.795474923251113,0.9140449438202247,results/pending_runs/paper_backbones/RegNetY400MF/dermmnist/L30_G30/hounie_rcl/seed_2
dermmnist,L30_G30,RegNetY400MF,4,tralo,82.0,50,300,67,67,66,0.6555187061354367,0.4413793103448276,0.4413793103448276,0.7098556941239751,0.7884586773974274,0.9106741573033708,results/pending_runs/paper_backbones/RegNetY400MF/dermmnist/L30_G30/tralo/seed_4
dermmnist,L30_G30,RegNetY400MF,3,tralo,74.0,50,300,67,67,61,0.6343121413772788,0.4,0.4,0.6892103440368781,0.7701507431845322,0.901685393258427,results/pending_runs/paper_backbones/RegNetY400MF/dermmnist/L30_G30/tralo/seed_3
dermmnist,L30_G30,RegNetY400MF,1,tralo,71.0,50,300,67,67,66,0.646035314363848,0.4206896551724138,0.4206896551724138,0.712230264438862,0.7910217845875538,0.9129213483146067,results/pending_runs/paper_backbones/RegNetY400MF/dermmnist/L30_G30/tralo/seed_1
dermmnist,L30_G30,RegNetY400MF,2,tralo,73.0,50,300,67,67,61,0.65101739923904,0.43448275862068964,0.43448275862068964,0.7202804994755008,0.800510263571336,0.9151685393258427,results/pending_runs/paper_backbones/RegNetY400MF/dermmnist/L30_G30/tralo/seed_2
dermmnist,L30_G30,RegNetY400MF,4,danits_lp,0.0,50,300,67,67,197,0.7015485772911337,0.43448275862068964,0.43448275862068964,0.6991251656470279,0.7744758494487992,0.9073033707865169,results/pending_runs/paper_backbones/RegNetY400MF/dermmnist/L30_G30/danits_lp/seed_4
dermmnist,L30_G30,RegNetY400MF,3,danits_lp,0.0,50,300,67,67,174,0.6915014341813639,0.4,0.4,0.6968797427775589,0.7864031726725081,0.9078651685393259,results/pending_runs/paper_backbones/RegNetY400MF/dermmnist/L30_G30/danits_lp/seed_3
dermmnist,L30_G30,RegNetY400MF,1,danits_lp,0.0,50,300,67,67,152,0.7057514318572579,0.42758620689655175,0.42758620689655175,0.7131164019156297,0.7951181341380309,0.9162921348314607,results/pending_runs/paper_backbones/RegNetY400MF/dermmnist/L30_G30/danits_lp/seed_1
dermmnist,L30_G30,RegNetY400MF,2,danits_lp,0.0,50,300,67,67,180,0.6941009292122404,0.42758620689655175,0.42758620689655175,0.7022958091809205,0.79090862147441,0.9134831460674158,results/pending_runs/paper_backbones/RegNetY400MF/dermmnist/L30_G30/danits_lp/seed_2
dermmnist,L30_G30,RegNetY400MF,4,fioretto_ldf,27.0,50,300,67,67,60,0.6483856065840746,0.43448275862068964,0.43448275862068964,0.6927003672310619,0.7699422702367777,0.9067415730337078,results/pending_runs/paper_backbones/RegNetY400MF/dermmnist/L30_G30/fioretto_ldf/seed_4
dermmnist,L30_G30,RegNetY400MF,3,fioretto_ldf,25.0,50,300,67,67,54,0.6357583207810183,0.3931034482758621,0.3931034482758621,0.6911034500888407,0.7710580520555831,0.9044943820224719,results/pending_runs/paper_backbones/RegNetY400MF/dermmnist/L30_G30/fioretto_ldf/seed_3
dermmnist,L30_G30,RegNetY400MF,1,fioretto_ldf,23.0,50,300,67,67,48,0.622305080444438,0.41379310344827586,0.41379310344827586,0.7093354864132996,0.7880836067530664,0.9117977528089888,results/pending_runs/paper_backbones/RegNetY400MF/dermmnist/L30_G30/fioretto_ldf/seed_1
dermmnist,L30_G30,RegNetY400MF,2,fioretto_ldf,299.0,50,300,67,67,57,0.6609176822559765,0.43448275862068964,0.43448275862068964,0.7257466181939377,0.808083971002392,0.9174157303370787,results/pending_runs/paper_backbones/RegNetY400MF/dermmnist/L30_G30/fioretto_ldf/seed_2
dermmnist,L30_G30,RegNetY400MF,4,tralo_bounded,68.0,50,300,67,67,63,0.6521116865391969,0.43448275862068964,0.43448275862068964,0.7004767261554345,0.7792431577288802,0.9101123595505618,results/pending_runs/paper_backbones/RegNetY400MF/dermmnist/L30_G30/tralo_bounded/seed_4
dermmnist,L30_G30,RegNetY400MF,3,tralo_bounded,66.0,50,300,67,67,54,0.6423223945034684,0.4,0.4,0.6953626329792534,0.7763433542113845,0.9073033707865169,results/pending_runs/paper_backbones/RegNetY400MF/dermmnist/L30_G30/tralo_bounded/seed_3
dermmnist,L30_G30,RegNetY400MF,1,tralo_bounded,64.0,50,300,67,67,47,0.6291980255838614,0.4206896551724138,0.4206896551724138,0.7103733656567293,0.788580768100196,0.9123595505617977,results/pending_runs/paper_backbones/RegNetY400MF/dermmnist/L30_G30/tralo_bounded/seed_1
dermmnist,L30_G30,RegNetY400MF,2,tralo_bounded,65.0,50,300,67,67,48,0.6541203561327424,0.43448275862068964,0.43448275862068964,0.7166679879143897,0.798367044946272,0.9157303370786517,results/pending_runs/paper_backbones/RegNetY400MF/dermmnist/L30_G30/tralo_bounded/seed_2
dermmnist,L30_G30,RegNetY400MF,4,heuristic,0.0,50,300,67,67,197,0.7015485772911337,0.43448275862068964,0.43448275862068964,0.6991251656470279,0.7744758494487992,0.9073033707865169,results/pending_runs/paper_backbones/RegNetY400MF/dermmnist/L30_G30/heuristic/seed_4
dermmnist,L30_G30,RegNetY400MF,3,heuristic,0.0,50,300,67,67,174,0.6915014341813639,0.4,0.4,0.6968797427775589,0.7864031726725081,0.9078651685393259,results/pending_runs/paper_backbones/RegNetY400MF/dermmnist/L30_G30/heuristic/seed_3
dermmnist,L30_G30,RegNetY400MF,1,heuristic,0.0,50,300,67,67,152,0.7057514318572579,0.42758620689655175,0.42758620689655175,0.7131164019156297,0.7951181341380309,0.9162921348314607,results/pending_runs/paper_backbones/RegNetY400MF/dermmnist/L30_G30/heuristic/seed_1
dermmnist,L30_G30,RegNetY400MF,2,heuristic,0.0,50,300,67,67,180,0.6941009292122404,0.42758620689655175,0.42758620689655175,0.7022958091809205,0.79090862147441,0.9134831460674158,results/pending_runs/paper_backbones/RegNetY400MF/dermmnist/L30_G30/heuristic/seed_2
dermmnist,L80_G80,RegNetY400MF,4,hounie_rcl,59.0,50,300,178,178,155,0.7027846154249514,0.6483790523690773,0.6483790523690773,0.7604141216576158,0.7988640228664402,0.9174157303370787,results/pending_runs/paper_backbones/RegNetY400MF/dermmnist/L80_G80/hounie_rcl/seed_4
dermmnist,L80_G80,RegNetY400MF,3,hounie_rcl,45.0,50,300,178,178,153,0.7016254154807884,0.6384039900249376,0.6384039900249376,0.7610162625761784,0.8120374511756635,0.9140449438202247,results/pending_runs/paper_backbones/RegNetY400MF/dermmnist/L80_G80/hounie_rcl/seed_3
dermmnist,L80_G80,RegNetY400MF,1,hounie_rcl,37.0,50,300,178,178,161,0.7082710730489228,0.6433915211970075,0.6433915211970075,0.7502581350929239,0.7999920839152557,0.9168539325842696,results/pending_runs/paper_backbones/RegNetY400MF/dermmnist/L80_G80/hounie_rcl/seed_1
dermmnist,L80_G80,RegNetY400MF,2,hounie_rcl,5.0,50,300,178,178,169,0.705923586291506,0.628428927680798,0.628428927680798,0.7577255746492169,0.8029697993848547,0.9157303370786517,results/pending_runs/paper_backbones/RegNetY400MF/dermmnist/L80_G80/hounie_rcl/seed_2
dermmnist,L80_G80,RegNetY400MF,4,tralo,79.0,50,300,178,178,177,0.702792622771496,0.6384039900249376,0.6384039900249376,0.7507746852734611,0.7950004418610956,0.9151685393258427,results/pending_runs/paper_backbones/RegNetY400MF/dermmnist/L80_G80/tralo/seed_4
dermmnist,L80_G80,RegNetY400MF,3,tralo,87.0,50,300,178,178,175,0.7000062539386684,0.6433915211970075,0.6433915211970075,0.7583458024357634,0.8108672697440343,0.9134831460674158,results/pending_runs/paper_backbones/RegNetY400MF/dermmnist/L80_G80/tralo/seed_3
dermmnist,L80_G80,RegNetY400MF,1,tralo,66.0,50,300,178,178,159,0.7045175509886507,0.6384039900249376,0.6384039900249376,0.7547005364436797,0.8082196311416908,0.9213483146067416,results/pending_runs/paper_backbones/RegNetY400MF/dermmnist/L80_G80/tralo/seed_1
dermmnist,L80_G80,RegNetY400MF,2,tralo,55.0,50,300,178,178,160,0.7020053455902059,0.628428927680798,0.628428927680798,0.7613264523718237,0.8043274805873485,0.9168539325842696,results/pending_runs/paper_backbones/RegNetY400MF/dermmnist/L80_G80/tralo/seed_2
dermmnist,L80_G80,RegNetY400MF,4,danits_lp,0.0,50,300,178,178,197,0.7015485772911337,0.628428927680798,0.6234413965087282,0.732084818900951,0.7744758494487992,0.9073033707865169,results/pending_runs/paper_backbones/RegNetY400MF/dermmnist/L80_G80/danits_lp/seed_4
dermmnist,L80_G80,RegNetY400MF,3,danits_lp,0.0,50,300,178,178,174,0.6915014341813639,0.6240409207161125,0.6533665835411472,0.7485941221614067,0.7864031726725081,0.9078651685393259,results/pending_runs/paper_backbones/RegNetY400MF/dermmnist/L80_G80/danits_lp/seed_3
dermmnist,L80_G80,RegNetY400MF,1,danits_lp,0.0,50,300,178,178,152,0.7057514318572579,0.6346666666666667,0.6683291770573566,0.7555251729369025,0.7951181341380309,0.9162921348314607,results/pending_runs/paper_backbones/RegNetY400MF/dermmnist/L80_G80/danits_lp/seed_1
dermmnist,L80_G80,RegNetY400MF,2,danits_lp,0.0,50,300,178,178,180,0.6941009292122404,0.6208651399491094,0.6184538653366584,0.7442660483156661,0.79090862147441,0.9134831460674158,results/pending_runs/paper_backbones/RegNetY400MF/dermmnist/L80_G80/danits_lp/seed_2
dermmnist,L80_G80,RegNetY400MF,4,fioretto_ldf,13.0,50,300,178,178,157,0.7029858512755381,0.6483790523690773,0.6483790523690773,0.7604141216576158,0.7988640228664402,0.9174157303370787,results/pending_runs/paper_backbones/RegNetY400MF/dermmnist/L80_G80/fioretto_ldf/seed_4
dermmnist,L80_G80,RegNetY400MF,3,fioretto_ldf,13.0,50,300,178,178,156,0.7015111233168565,0.6384039900249376,0.6384039900249376,0.7671284314819883,0.8197615648753542,0.9151685393258427,results/pending_runs/paper_backbones/RegNetY400MF/dermmnist/L80_G80/fioretto_ldf/seed_3
dermmnist,L80_G80,RegNetY400MF,1,fioretto_ldf,11.0,50,300,178,178,162,0.7079686840722567,0.6433915211970075,0.6483790523690773,0.750624809349773,0.7994284592779897,0.9162921348314607,results/pending_runs/paper_backbones/RegNetY400MF/dermmnist/L80_G80/fioretto_ldf/seed_1
dermmnist,L80_G80,RegNetY400MF,2,fioretto_ldf,5.0,50,300,178,178,167,0.7064346354374661,0.628428927680798,0.628428927680798,0.7571838162584947,0.8029697993848547,0.9157303370786517,results/pending_runs/paper_backbones/RegNetY400MF/dermmnist/L80_G80/fioretto_ldf/seed_2
dermmnist,L80_G80,RegNetY400MF,4,tralo_bounded,59.0,50,300,178,178,158,0.7033101170215788,0.6483790523690773,0.6483790523690773,0.7604141216576158,0.7988640228664402,0.9174157303370787,results/pending_runs/paper_backbones/RegNetY400MF/dermmnist/L80_G80/tralo_bounded/seed_4
dermmnist,L80_G80,RegNetY400MF,3,tralo_bounded,58.0,50,300,178,178,146,0.7003601448158767,0.6433915211970075,0.6433915211970075,0.7597077757059727,0.8097821861474211,0.9134831460674158,results/pending_runs/paper_backbones/RegNetY400MF/dermmnist/L80_G80/tralo_bounded/seed_3
dermmnist,L80_G80,RegNetY400MF,1,tralo_bounded,57.0,50,300,178,178,163,0.7080150769941331,0.6433915211970075,0.6483790523690773,0.750624809349773,0.7994284592779897,0.9162921348314607,results/pending_runs/paper_backbones/RegNetY400MF/dermmnist/L80_G80/tralo_bounded/seed_1
dermmnist,L80_G80,RegNetY400MF,2,tralo_bounded,55.0,50,300,178,178,167,0.7061657393928785,0.628428927680798,0.628428927680798,0.7569946413415335,0.8029697993848547,0.9157303370786517,results/pending_runs/paper_backbones/RegNetY400MF/dermmnist/L80_G80/tralo_bounded/seed_2
dermmnist,L80_G80,RegNetY400MF,4,heuristic,0.0,50,300,178,178,197,0.7015485772911337,0.6234413965087282,0.6234413965087282,0.732084818900951,0.7744758494487992,0.9073033707865169,results/pending_runs/paper_backbones/RegNetY400MF/dermmnist/L80_G80/heuristic/seed_4
dermmnist,L80_G80,RegNetY400MF,3,heuristic,0.0,50,300,178,178,174,0.6915014341813639,0.6533665835411472,0.6533665835411472,0.7485941221614067,0.7864031726725081,0.9078651685393259,results/pending_runs/paper_backbones/RegNetY400MF/dermmnist/L80_G80/heuristic/seed_3
dermmnist,L80_G80,RegNetY400MF,1,heuristic,0.0,50,300,178,178,152,0.7057514318572579,0.6683291770573566,0.6683291770573566,0.7555251729369025,0.7951181341380309,0.9162921348314607,results/pending_runs/paper_backbones/RegNetY400MF/dermmnist/L80_G80/heuristic/seed_1
dermmnist,L80_G80,RegNetY400MF,2,heuristic,0.0,50,300,178,178,180,0.6941009292122404,0.6184538653366584,0.6184538653366584,0.7442660483156661,0.79090862147441,0.9134831460674158,results/pending_runs/paper_backbones/RegNetY400MF/dermmnist/L80_G80/heuristic/seed_2
tissuemnist,L20_G20,RegNetY400MF,4,hounie_rcl,95.0,50,300,34,34,21,0.2865682110669791,0.1951219512195122,0.1951219512195122,0.38516550676759786,0.4312325960858283,0.5406011664423508,results/pending_runs/paper_backbones/RegNetY400MF/tissuemnist/L20_G20/hounie_rcl/seed_4
tissuemnist,L20_G20,RegNetY400MF,3,hounie_rcl,99.0,50,300,34,34,26,0.2913094040439023,0.1951219512195122,0.1951219512195122,0.39634795973103754,0.4520943921421729,0.5643786451323464,results/pending_runs/paper_backbones/RegNetY400MF/tissuemnist/L20_G20/hounie_rcl/seed_3
tissuemnist,L20_G20,RegNetY400MF,1,hounie_rcl,79.0,50,300,34,34,28,0.3442584477133582,0.23414634146341465,0.23414634146341465,0.41940057807403885,0.470193621842601,0.5773889636608345,results/pending_runs/paper_backbones/RegNetY400MF/tissuemnist/L20_G20/hounie_rcl/seed_1
tissuemnist,L20_G20,RegNetY400MF,2,hounie_rcl,109.0,50,300,34,34,20,0.3021050735395781,0.22439024390243903,0.22439024390243903,0.3856837528710256,0.43092982768146654,0.5495737999102737,results/pending_runs/paper_backbones/RegNetY400MF/tissuemnist/L20_G20/hounie_rcl/seed_2
tissuemnist,L20_G20,RegNetY400MF,4,tralo,138.0,50,300,34,34,16,0.2749434251412276,0.17560975609756097,0.17560975609756097,0.37837639700602105,0.42543854501804246,0.5325257963212203,results/pending_runs/paper_backbones/RegNetY400MF/tissuemnist/L20_G20/tralo/seed_4
tissuemnist,L20_G20,RegNetY400MF,3,tralo,128.0,50,300,34,34,30,0.29826629453989706,0.1951219512195122,0.1951219512195122,0.3981631674830094,0.4532521515146245,0.5693135935397039,results/pending_runs/paper_backbones/RegNetY400MF/tissuemnist/L20_G20/tralo/seed_3
tissuemnist,L20_G20,RegNetY400MF,1,tralo,122.0,50,300,34,34,28,0.3455578604445769,0.2146341463414634,0.2146341463414634,0.42172196117092103,0.4751483323340702,0.5850157021085689,results/pending_runs/paper_backbones/RegNetY400MF/tissuemnist/L20_G20/tralo/seed_1
tissuemnist,L20_G20,RegNetY400MF,2,tralo,166.0,50,300,34,34,23,0.30267430204411444,0.1951219512195122,0.1951219512195122,0.38891503691342655,0.441198318493246,0.5482279048900852,results/pending_runs/paper_backbones/RegNetY400MF/tissuemnist/L20_G20/tralo/seed_2
tissuemnist,L20_G20,RegNetY400MF,4,danits_lp,0.0,50,300,34,34,163,0.31736026819496094,0.17560975609756097,0.17560975609756097,0.3148779794471015,0.35792545727032427,0.40242261103633914,results/pending_runs/paper_backbones/RegNetY400MF/tissuemnist/L20_G20/danits_lp/seed_4
tissuemnist,L20_G20,RegNetY400MF,3,danits_lp,0.0,50,300,34,34,163,0.2744146349684011,0.15609756097560976,0.16585365853658537,0.34305060795795295,0.389517675087735,0.48541947061462537,results/pending_runs/paper_backbones/RegNetY400MF/tissuemnist/L20_G20/danits_lp/seed_3
tissuemnist,L20_G20,RegNetY400MF,1,danits_lp,0.0,50,300,34,34,420,0.3838373474194948,0.2048780487804878,0.2048780487804878,0.3267272460166567,0.36607125384005673,0.40331987438313144,results/pending_runs/paper_backbones/RegNetY400MF/tissuemnist/L20_G20/danits_lp/seed_1
tissuemnist,L20_G20,RegNetY400MF,2,danits_lp,0.0,50,300,34,34,237,0.3573569425298886,0.24390243902439024,0.23414634146341465,0.30847154283190326,0.33920199121977446,0.35307312696276355,results/pending_runs/paper_backbones/RegNetY400MF/tissuemnist/L20_G20/danits_lp/seed_2
tissuemnist,L20_G20,RegNetY400MF,4,fioretto_ldf,94.0,50,300,34,34,21,0.28771276552445674,0.1951219512195122,0.1951219512195122,0.38234885591087175,0.4270604943092261,0.5397039030955586,results/pending_runs/paper_backbones/RegNetY400MF/tissuemnist/L20_G20/fioretto_ldf/seed_4
tissuemnist,L20_G20,RegNetY400MF,3,fioretto_ldf,84.0,50,300,34,34,28,0.2856656872539105,0.1951219512195122,0.1951219512195122,0.39979072792073533,0.45589902831659757,0.5688649618663078,results/pending_runs/paper_backbones/RegNetY400MF/tissuemnist/L20_G20/fioretto_ldf/seed_3
tissuemnist,L20_G20,RegNetY400MF,1,fioretto_ldf,81.0,50,300,34,34,24,0.3221096452612105,0.2146341463414634,0.2146341463414634,0.40351831449993153,0.45432431428129333,0.5652759084791387,results/pending_runs/paper_backbones/RegNetY400MF/tissuemnist/L20_G20/fioretto_ldf/seed_1
tissuemnist,L20_G20,RegNetY400MF,2,fioretto_ldf,299.0,50,300,34,34,32,0.31245737009169766,0.2146341463414634,0.2146341463414634,0.38754245836883516,0.43430643380500544,0.5513683266038583,results/pending_runs/paper_backbones/RegNetY400MF/tissuemnist/L20_G20/fioretto_ldf/seed_2
tissuemnist,L20_G20,RegNetY400MF,4,tralo_bounded,138.0,50,300,34,34,19,0.28824656638086216,0.18536585365853658,0.18536585365853658,0.38492019240466485,0.43169119235847836,0.5392552714221625,results/pending_runs/paper_backbones/RegNetY400MF/tissuemnist/L20_G20/tralo_bounded/seed_4
tissuemnist,L20_G20,RegNetY400MF,3,tralo_bounded,128.0,50,300,34,34,25,0.28473452473237165,0.18536585365853658,0.18536585365853658,0.3977647153113645,0.45613922633880816,0.5675190668461193,results/pending_runs/paper_backbones/RegNetY400MF/tissuemnist/L20_G20/tralo_bounded/seed_3
tissuemnist,L20_G20,RegNetY400MF,1,tralo_bounded,122.0,50,300,34,34,26,0.33711053953535963,0.1951219512195122,0.1951219512195122,0.4154576036559775,0.4709643449128406,0.5796321220278151,results/pending_runs/paper_backbones/RegNetY400MF/tissuemnist/L20_G20/tralo_bounded/seed_1
tissuemnist,L20_G20,RegNetY400MF,2,tralo_bounded,350.0,50,300,34,34,29,0.32440111937257293,0.22439024390243903,0.22439024390243903,0.3900095811871993,0.43666340639041906,0.5558546433378196,results/pending_runs/paper_backbones/RegNetY400MF/tissuemnist/L20_G20/tralo_bounded/seed_2
tissuemnist,L20_G20,RegNetY400MF,4,heuristic,0.0,50,300,34,34,163,0.31736026819496094,0.17560975609756097,0.17560975609756097,0.3148779794471015,0.35792545727032427,0.40242261103633914,results/pending_runs/paper_backbones/RegNetY400MF/tissuemnist/L20_G20/heuristic/seed_4
tissuemnist,L20_G20,RegNetY400MF,3,heuristic,0.0,50,300,34,34,163,0.2744146349684011,0.16585365853658537,0.16585365853658537,0.34305060795795295,0.389517675087735,0.48541947061462537,results/pending_runs/paper_backbones/RegNetY400MF/tissuemnist/L20_G20/heuristic/seed_3
tissuemnist,L20_G20,RegNetY400MF,1,heuristic,0.0,50,300,34,34,420,0.3838373474194948,0.2048780487804878,0.2048780487804878,0.3267272460166567,0.36607125384005673,0.40331987438313144,results/pending_runs/paper_backbones/RegNetY400MF/tissuemnist/L20_G20/heuristic/seed_1
tissuemnist,L20_G20,RegNetY400MF,2,heuristic,0.0,50,300,34,34,237,0.3573569425298886,0.23414634146341465,0.23414634146341465,0.30847154283190326,0.33920199121977446,0.35307312696276355,results/pending_runs/paper_backbones/RegNetY400MF/tissuemnist/L20_G20/heuristic/seed_2
tissuemnist,L70_G70,RegNetY400MF,4,hounie_rcl,60.0,50,300,120,120,106,0.38678758191835433,0.41924398625429554,0.41924398625429554,0.42878899183411834,0.45014156128473,0.5352175863615971,results/pending_runs/paper_backbones/RegNetY400MF/tissuemnist/L70_G70/hounie_rcl/seed_4
tissuemnist,L70_G70,RegNetY400MF,3,hounie_rcl,59.0,50,300,120,120,100,0.35567044090649047,0.4054982817869416,0.4054982817869416,0.43568799142265874,0.4670266511521182,0.566621803499327,results/pending_runs/paper_backbones/RegNetY400MF/tissuemnist/L70_G70/hounie_rcl/seed_3
tissuemnist,L70_G70,RegNetY400MF,1,hounie_rcl,69.0,50,300,120,120,103,0.3766229143696961,0.4054982817869416,0.4054982817869416,0.448695378533281,0.47816316410894666,0.5751458052938537,results/pending_runs/paper_backbones/RegNetY400MF/tissuemnist/L70_G70/hounie_rcl/seed_1
tissuemnist,L70_G70,RegNetY400MF,2,hounie_rcl,65.0,50,300,120,120,102,0.3921631514442596,0.4261168384879725,0.4261168384879725,0.42871910868962426,0.45636839339547514,0.560340960071781,results/pending_runs/paper_backbones/RegNetY400MF/tissuemnist/L70_G70/hounie_rcl/seed_2
tissuemnist,L70_G70,RegNetY400MF,4,tralo,138.0,50,300,120,120,117,0.4100059018423463,0.43986254295532645,0.43986254295532645,0.4226951158420917,0.4389647101997146,0.515926424405563,results/pending_runs/paper_backbones/RegNetY400MF/tissuemnist/L70_G70/tralo/seed_4
tissuemnist,L70_G70,RegNetY400MF,3,tralo,104.0,50,300,120,120,109,0.3647237415184371,0.3711340206185567,0.3711340206185567,0.4319474198609159,0.46517348603738096,0.5554060116644235,results/pending_runs/paper_backbones/RegNetY400MF/tissuemnist/L70_G70/tralo/seed_3
tissuemnist,L70_G70,RegNetY400MF,1,tralo,101.0,50,300,120,120,103,0.3855478320186095,0.39862542955326463,0.39862542955326463,0.4466427821658967,0.47562827565076804,0.5769403319874383,results/pending_runs/paper_backbones/RegNetY400MF/tissuemnist/L70_G70/tralo/seed_1
tissuemnist,L70_G70,RegNetY400MF,2,tralo,112.0,50,300,120,120,108,0.40573248648049703,0.4261168384879725,0.4261168384879725,0.4276186805243376,0.4582740273543854,0.5598923283983849,results/pending_runs/paper_backbones/RegNetY400MF/tissuemnist/L70_G70/tralo/seed_2
tissuemnist,L70_G70,RegNetY400MF,4,danits_lp,0.0,50,300,120,120,163,0.31736026819496094,0.3711340206185567,0.3711340206185567,0.338501374959977,0.35792545727032427,0.40242261103633914,results/pending_runs/paper_backbones/RegNetY400MF/tissuemnist/L70_G70/danits_lp/seed_4
tissuemnist,L70_G70,RegNetY400MF,3,danits_lp,0.0,50,300,120,120,163,0.2744146349684011,0.3024054982817869,0.3161512027491409,0.3606311795777979,0.389517675087735,0.48541947061462537,results/pending_runs/paper_backbones/RegNetY400MF/tissuemnist/L70_G70/danits_lp/seed_3
tissuemnist,L70_G70,RegNetY400MF,1,danits_lp,0.0,50,300,120,120,420,0.3838373474194948,0.3711340206185567,0.3711340206185567,0.3487400861135357,0.36607125384005673,0.40331987438313144,results/pending_runs/paper_backbones/RegNetY400MF/tissuemnist/L70_G70/danits_lp/seed_1
tissuemnist,L70_G70,RegNetY400MF,2,danits_lp,0.0,50,300,120,120,237,0.3573569425298886,0.35051546391752575,0.35051546391752575,0.3149226484946446,0.33920199121977446,0.35307312696276355,results/pending_runs/paper_backbones/RegNetY400MF/tissuemnist/L70_G70/danits_lp/seed_2
tissuemnist,L70_G70,RegNetY400MF,4,fioretto_ldf,299.0,50,300,120,120,117,0.39233876326526906,0.41924398625429554,0.4261168384879725,0.4240769210221381,0.4418382937021095,0.5307312696276357,results/pending_runs/paper_backbones/RegNetY400MF/tissuemnist/L70_G70/fioretto_ldf/seed_4
tissuemnist,L70_G70,RegNetY400MF,3,fioretto_ldf,49.0,50,300,120,120,110,0.34705640457877096,0.3848797250859107,0.3848797250859107,0.4326743677822492,0.4658202433465396,0.5572005383580081,results/pending_runs/paper_backbones/RegNetY400MF/tissuemnist/L70_G70/fioretto_ldf/seed_3
tissuemnist,L70_G70,RegNetY400MF,1,fioretto_ldf,53.0,50,300,120,120,107,0.3797953961383759,0.4054982817869416,0.4054982817869416,0.4414014297779536,0.469380381896415,0.5688649618663078,results/pending_runs/paper_backbones/RegNetY400MF/tissuemnist/L70_G70/fioretto_ldf/seed_1
tissuemnist,L70_G70,RegNetY400MF,2,fioretto_ldf,69.0,50,300,120,120,113,0.3969744100274801,0.41924398625429554,0.41237113402061853,0.4229830301064087,0.45425903980016313,0.5518169582772544,results/pending_runs/paper_backbones/RegNetY400MF/tissuemnist/L70_G70/fioretto_ldf/seed_2
tissuemnist,L70_G70,RegNetY400MF,4,tralo_bounded,100.0,50,300,120,120,115,0.39300760933357054,0.4261168384879725,0.4261168384879725,0.42266369656534525,0.4404798171784016,0.5334230596680125,results/pending_runs/paper_backbones/RegNetY400MF/tissuemnist/L70_G70/tralo_bounded/seed_4
tissuemnist,L70_G70,RegNetY400MF,3,tralo_bounded,99.0,50,300,120,120,107,0.3544239101319446,0.3711340206185567,0.3711340206185567,0.42982741124965185,0.46351163913233234,0.5500224315836698,results/pending_runs/paper_backbones/RegNetY400MF/tissuemnist/L70_G70/tralo_bounded/seed_3
tissuemnist,L70_G70,RegNetY400MF,1,tralo_bounded,101.0,50,300,120,120,109,0.3809040476619931,0.41237113402061853,0.41237113402061853,0.4443598562109695,0.47166962730771883,0.5706594885598923,results/pending_runs/paper_backbones/RegNetY400MF/tissuemnist/L70_G70/tralo_bounded/seed_1
tissuemnist,L70_G70,RegNetY400MF,2,tralo_bounded,112.0,50,300,120,120,114,0.4025789209051016,0.43986254295532645,0.43986254295532645,0.4309107602858459,0.4576693571322498,0.5589950650515927,results/pending_runs/paper_backbones/RegNetY400MF/tissuemnist/L70_G70/tralo_bounded/seed_2
tissuemnist,L70_G70,RegNetY400MF,4,heuristic,0.0,50,300,120,120,163,0.31736026819496094,0.3711340206185567,0.3711340206185567,0.338501374959977,0.35792545727032427,0.40242261103633914,results/pending_runs/paper_backbones/RegNetY400MF/tissuemnist/L70_G70/heuristic/seed_4
tissuemnist,L70_G70,RegNetY400MF,3,heuristic,0.0,50,300,120,120,163,0.2744146349684011,0.3161512027491409,0.3161512027491409,0.3606311795777979,0.389517675087735,0.48541947061462537,results/pending_runs/paper_backbones/RegNetY400MF/tissuemnist/L70_G70/heuristic/seed_3
tissuemnist,L70_G70,RegNetY400MF,1,heuristic,0.0,50,300,120,120,420,0.3838373474194948,0.3711340206185567,0.3711340206185567,0.3487400861135357,0.36607125384005673,0.40331987438313144,results/pending_runs/paper_backbones/RegNetY400MF/tissuemnist/L70_G70/heuristic/seed_1
tissuemnist,L70_G70,RegNetY400MF,2,heuristic,0.0,50,300,120,120,237,0.3573569425298886,0.35051546391752575,0.35051546391752575,0.3149226484946446,0.33920199121977446,0.35307312696276355,results/pending_runs/paper_backbones/RegNetY400MF/tissuemnist/L70_G70/heuristic/seed_2
tissuemnist,L30_G30,RegNetY400MF,4,hounie_rcl,84.0,50,300,51,51,35,0.31018078626211326,0.27927927927927926,0.27927927927927926,0.4016631347263736,0.4373603959195848,0.54419021982952,results/pending_runs/paper_backbones/RegNetY400MF/tissuemnist/L30_G30/hounie_rcl/seed_4
tissuemnist,L30_G30,RegNetY400MF,3,hounie_rcl,75.0,50,300,51,51,45,0.31386987853407594,0.27927927927927926,0.27927927927927926,0.4148143954306124,0.4607516934719828,0.5652759084791387,results/pending_runs/paper_backbones/RegNetY400MF/tissuemnist/L30_G30/hounie_rcl/seed_3
tissuemnist,L30_G30,RegNetY400MF,1,hounie_rcl,79.0,50,300,51,51,39,0.3471717086598837,0.27927927927927926,0.27927927927927926,0.41506166566930325,0.45621109249577907,0.566173171825931,results/pending_runs/paper_backbones/RegNetY400MF/tissuemnist/L30_G30/hounie_rcl/seed_1
tissuemnist,L30_G30,RegNetY400MF,2,hounie_rcl,92.0,50,300,51,51,44,0.34723035917807943,0.32432432432432434,0.32432432432432434,0.40835995897911975,0.44385320029188463,0.5572005383580081,results/pending_runs/paper_backbones/RegNetY400MF/tissuemnist/L30_G30/hounie_rcl/seed_2
tissuemnist,L30_G30,RegNetY400MF,4,tralo,128.0,50,300,51,51,42,0.32210995062632164,0.2702702702702703,0.2702702702702703,0.3982792664324011,0.43450039424954895,0.531628532974428,results/pending_runs/paper_backbones/RegNetY400MF/tissuemnist/L30_G30/tralo/seed_4
tissuemnist,L30_G30,RegNetY400MF,3,tralo,126.0,50,300,51,51,49,0.30813277758233115,0.26126126126126126,0.26126126126126126,0.406164378825423,0.4515863510288853,0.5630327501121579,results/pending_runs/paper_backbones/RegNetY400MF/tissuemnist/L30_G30/tralo/seed_3
tissuemnist,L30_G30,RegNetY400MF,1,tralo,128.0,50,300,51,51,47,0.34941063348587414,0.25225225225225223,0.25225225225225223,0.4185123443886406,0.4680806036528718,0.5746971736204576,results/pending_runs/paper_backbones/RegNetY400MF/tissuemnist/L30_G30/tralo/seed_1
tissuemnist,L30_G30,RegNetY400MF,2,tralo,145.0,50,300,51,51,43,0.35066567467950455,0.3063063063063063,0.3063063063063063,0.41141884901065934,0.45273293058662917,0.5576491700314042,results/pending_runs/paper_backbones/RegNetY400MF/tissuemnist/L30_G30/tralo/seed_2
tissuemnist,L30_G30,RegNetY400MF,4,danits_lp,0.0,50,300,51,51,163,0.31736026819496094,0.21621621621621623,0.21621621621621623,0.3209510226144071,0.35792545727032427,0.40242261103633914,results/pending_runs/paper_backbones/RegNetY400MF/tissuemnist/L30_G30/danits_lp/seed_4
tissuemnist,L30_G30,RegNetY400MF,3,danits_lp,0.0,50,300,51,51,163,0.2744146349684011,0.1981981981981982,0.2072072072072072,0.34817098113611183,0.389517675087735,0.48541947061462537,results/pending_runs/paper_backbones/RegNetY400MF/tissuemnist/L30_G30/danits_lp/seed_3
tissuemnist,L30_G30,RegNetY400MF,1,danits_lp,0.0,50,300,51,51,420,0.3838373474194948,0.24324324324324326,0.24324324324324326,0.332607610244826,0.36607125384005673,0.40331987438313144,results/pending_runs/paper_backbones/RegNetY400MF/tissuemnist/L30_G30/danits_lp/seed_1
tissuemnist,L30_G30,RegNetY400MF,2,danits_lp,0.0,50,300,51,51,237,0.3573569425298886,0.2972972972972973,0.2972972972972973,0.3135953877886335,0.33920199121977446,0.35307312696276355,results/pending_runs/paper_backbones/RegNetY400MF/tissuemnist/L30_G30/danits_lp/seed_2
tissuemnist,L30_G30,RegNetY400MF,4,fioretto_ldf,78.0,50,300,51,51,39,0.3241461348845807,0.27927927927927926,0.2882882882882883,0.41144720014312924,0.44696878009257307,0.5473306415432929,results/pending_runs/paper_backbones/RegNetY400MF/tissuemnist/L30_G30/fioretto_ldf/seed_4
tissuemnist,L30_G30,RegNetY400MF,3,fioretto_ldf,71.0,50,300,51,51,44,0.3094930587471966,0.27927927927927926,0.27927927927927926,0.4103079724098446,0.45620380371128905,0.5625841184387618,results/pending_runs/paper_backbones/RegNetY400MF/tissuemnist/L30_G30/fioretto_ldf/seed_3
tissuemnist,L30_G30,RegNetY400MF,1,fioretto_ldf,75.0,50,300,51,51,46,0.3452120461155651,0.27927927927927926,0.27927927927927926,0.4230287308737982,0.467605294296197,0.5737999102736653,results/pending_runs/paper_backbones/RegNetY400MF/tissuemnist/L30_G30/fioretto_ldf/seed_1
tissuemnist,L30_G30,RegNetY400MF,2,fioretto_ldf,94.0,50,300,51,51,48,0.3550989918757647,0.3063063063063063,0.3063063063063063,0.40445029276208877,0.44193296294463386,0.5572005383580081,results/pending_runs/paper_backbones/RegNetY400MF/tissuemnist/L30_G30/fioretto_ldf/seed_2
tissuemnist,L30_G30,RegNetY400MF,4,tralo_bounded,128.0,50,300,51,51,37,0.3226003198791184,0.27927927927927926,0.27927927927927926,0.4036465059069112,0.439669230978894,0.5423956931359354,results/pending_runs/paper_backbones/RegNetY400MF/tissuemnist/L30_G30/tralo_bounded/seed_4
tissuemnist,L30_G30,RegNetY400MF,3,tralo_bounded,118.0,50,300,51,51,43,0.30904790422141376,0.27927927927927926,0.27927927927927926,0.41175328263423955,0.45743408181749695,0.5643786451323464,results/pending_runs/paper_backbones/RegNetY400MF/tissuemnist/L30_G30/tralo_bounded/seed_3
tissuemnist,L30_G30,RegNetY400MF,1,tralo_bounded,123.0,50,300,51,51,45,0.34336591374929015,0.2702702702702703,0.2702702702702703,0.4210104696674368,0.466720429949335,0.5706594885598923,results/pending_runs/paper_backbones/RegNetY400MF/tissuemnist/L30_G30/tralo_bounded/seed_1
tissuemnist,L30_G30,RegNetY400MF,2,tralo_bounded,145.0,50,300,51,51,45,0.3526800797886509,0.3153153153153153,0.3153153153153153,0.4073585056746183,0.444748019517664,0.5572005383580081,results/pending_runs/paper_backbones/RegNetY400MF/tissuemnist/L30_G30/tralo_bounded/seed_2
tissuemnist,L30_G30,RegNetY400MF,4,heuristic,0.0,50,300,51,51,163,0.31736026819496094,0.21621621621621623,0.21621621621621623,0.3209510226144071,0.35792545727032427,0.40242261103633914,results/pending_runs/paper_backbones/RegNetY400MF/tissuemnist/L30_G30/heuristic/seed_4
tissuemnist,L30_G30,RegNetY400MF,3,heuristic,0.0,50,300,51,51,163,0.2744146349684011,0.2072072072072072,0.2072072072072072,0.34817098113611183,0.389517675087735,0.48541947061462537,results/pending_runs/paper_backbones/RegNetY400MF/tissuemnist/L30_G30/heuristic/seed_3
tissuemnist,L30_G30,RegNetY400MF,1,heuristic,0.0,50,300,51,51,420,0.3838373474194948,0.24324324324324326,0.24324324324324326,0.332607610244826,0.36607125384005673,0.40331987438313144,results/pending_runs/paper_backbones/RegNetY400MF/tissuemnist/L30_G30/heuristic/seed_1
tissuemnist,L30_G30,RegNetY400MF,2,heuristic,0.0,50,300,51,51,237,0.3573569425298886,0.2972972972972973,0.2972972972972973,0.3135953877886335,0.33920199121977446,0.35307312696276355,results/pending_runs/paper_backbones/RegNetY400MF/tissuemnist/L30_G30/heuristic/seed_2
tissuemnist,L80_G80,RegNetY400MF,4,hounie_rcl,60.0,50,300,137,137,119,0.3959798202858106,0.45454545454545453,0.45454545454545453,0.42508784680040934,0.4421638318076607,0.5320771646478242,results/pending_runs/paper_backbones/RegNetY400MF/tissuemnist/L80_G80/hounie_rcl/seed_4
tissuemnist,L80_G80,RegNetY400MF,3,hounie_rcl,54.0,50,300,137,137,127,0.3509650557421609,0.38311688311688313,0.38311688311688313,0.4301384148033179,0.46389449125812693,0.5518169582772544,results/pending_runs/paper_backbones/RegNetY400MF/tissuemnist/L80_G80/hounie_rcl/seed_3
tissuemnist,L80_G80,RegNetY400MF,1,hounie_rcl,66.0,50,300,137,137,119,0.38052122015846446,0.42857142857142855,0.42857142857142855,0.4503510270041854,0.47317034460001167,0.5742485419470614,results/pending_runs/paper_backbones/RegNetY400MF/tissuemnist/L80_G80/hounie_rcl/seed_1
tissuemnist,L80_G80,RegNetY400MF,2,hounie_rcl,60.0,50,300,137,137,113,0.39859495411967494,0.43506493506493504,0.43506493506493504,0.42938661550599766,0.45895004728035105,0.5589950650515927,results/pending_runs/paper_backbones/RegNetY400MF/tissuemnist/L80_G80/hounie_rcl/seed_2
tissuemnist,L80_G80,RegNetY400MF,4,tralo,102.0,50,300,137,137,111,0.409403322903021,0.474025974025974,0.474025974025974,0.41688153904772157,0.42485257127959336,0.5132346343651862,results/pending_runs/paper_backbones/RegNetY400MF/tissuemnist/L80_G80/tralo/seed_4
tissuemnist,L80_G80,RegNetY400MF,3,tralo,92.0,50,300,137,137,118,0.35724893032071015,0.4090909090909091,0.4090909090909091,0.4342904584966617,0.46386925178665767,0.5572005383580081,results/pending_runs/paper_backbones/RegNetY400MF/tissuemnist/L80_G80/tralo/seed_3
tissuemnist,L80_G80,RegNetY400MF,1,tralo,108.0,50,300,137,137,123,0.39618775606758466,0.4090909090909091,0.4090909090909091,0.4487301539310146,0.473026230760665,0.5769403319874383,results/pending_runs/paper_backbones/RegNetY400MF/tissuemnist/L80_G80/tralo/seed_1
tissuemnist,L80_G80,RegNetY400MF,2,tralo,114.0,50,300,137,137,132,0.42495374036800443,0.43506493506493504,0.43506493506493504,0.4280410616073618,0.4604346249986678,0.5612382234185733,results/pending_runs/paper_backbones/RegNetY400MF/tissuemnist/L80_G80/tralo/seed_2
tissuemnist,L80_G80,RegNetY400MF,4,danits_lp,0.0,50,300,137,137,163,0.31736026819496094,0.38961038961038963,0.3961038961038961,0.3434224761577339,0.35792545727032427,0.40242261103633914,results/pending_runs/paper_backbones/RegNetY400MF/tissuemnist/L80_G80/danits_lp/seed_4
tissuemnist,L80_G80,RegNetY400MF,3,danits_lp,0.0,50,300,137,137,163,0.2744146349684011,0.3181818181818182,0.3116883116883117,0.3582868312600875,0.389517675087735,0.48541947061462537,results/pending_runs/paper_backbones/RegNetY400MF/tissuemnist/L80_G80/danits_lp/seed_3
tissuemnist,L80_G80,RegNetY400MF,1,danits_lp,0.0,50,300,137,137,420,0.3838373474194948,0.38961038961038963,0.38961038961038963,0.3514691509551822,0.36607125384005673,0.40331987438313144,results/pending_runs/paper_backbones/RegNetY400MF/tissuemnist/L80_G80/danits_lp/seed_1
tissuemnist,L80_G80,RegNetY400MF,2,danits_lp,0.0,50,300,137,137,237,0.3573569425298886,0.35714285714285715,0.36363636363636365,0.3160110139682102,0.33920199121977446,0.35307312696276355,results/pending_runs/paper_backbones/RegNetY400MF/tissuemnist/L80_G80/danits_lp/seed_2
tissuemnist,L80_G80,RegNetY400MF,4,fioretto_ldf,48.0,50,300,137,137,133,0.3980761918530653,0.44805194805194803,0.44155844155844154,0.4214601402474829,0.43781608254844,0.525347689546882,results/pending_runs/paper_backbones/RegNetY400MF/tissuemnist/L80_G80/fioretto_ldf/seed_4
tissuemnist,L80_G80,RegNetY400MF,3,fioretto_ldf,43.0,50,300,137,137,123,0.35157449505142413,0.38961038961038963,0.38961038961038963,0.43179781937974315,0.4645083709939718,0.5491251682368775,results/pending_runs/paper_backbones/RegNetY400MF/tissuemnist/L80_G80/fioretto_ldf/seed_3
tissuemnist,L80_G80,RegNetY400MF,1,fioretto_ldf,50.0,50,300,137,137,129,0.3970190469196075,0.43506493506493504,0.43506493506493504,0.45196932989505556,0.47476024416440094,0.5737999102736653,results/pending_runs/paper_backbones/RegNetY400MF/tissuemnist/L80_G80/fioretto_ldf/seed_1
tissuemnist,L80_G80,RegNetY400MF,2,fioretto_ldf,63.0,50,300,137,137,127,0.4016113082876569,0.4155844155844156,0.42207792207792205,0.42681711927256677,0.45928343038294245,0.5536114849708389,results/pending_runs/paper_backbones/RegNetY400MF/tissuemnist/L80_G80/fioretto_ldf/seed_2
tissuemnist,L80_G80,RegNetY400MF,4,tralo_bounded,97.0,50,300,137,137,131,0.3951556755744264,0.44805194805194803,0.44155844155844154,0.41882085201465735,0.43660373743764946,0.5240017945266936,results/pending_runs/paper_backbones/RegNetY400MF/tissuemnist/L80_G80/tralo_bounded/seed_4
tissuemnist,L80_G80,RegNetY400MF,3,tralo_bounded,92.0,50,300,137,137,123,0.3507099511915458,0.38311688311688313,0.38311688311688313,0.43756352323976294,0.47102757206400664,0.5549573799910273,results/pending_runs/paper_backbones/RegNetY400MF/tissuemnist/L80_G80/tralo_bounded/seed_3
tissuemnist,L80_G80,RegNetY400MF,1,tralo_bounded,96.0,50,300,137,137,121,0.3814352718094041,0.42207792207792205,0.42207792207792205,0.44817148036642684,0.47093649350805494,0.5715567519066846,results/pending_runs/paper_backbones/RegNetY400MF/tissuemnist/L80_G80/tralo_bounded/seed_1
tissuemnist,L80_G80,RegNetY400MF,2,tralo_bounded,109.0,50,300,137,137,130,0.4033984304653422,0.42857142857142855,0.44155844155844154,0.42798907733226477,0.4561572368980264,0.5536114849708389,results/pending_runs/paper_backbones/RegNetY400MF/tissuemnist/L80_G80/tralo_bounded/seed_2
tissuemnist,L80_G80,RegNetY400MF,4,heuristic,0.0,50,300,137,137,163,0.31736026819496094,0.3961038961038961,0.3961038961038961,0.3434224761577339,0.35792545727032427,0.40242261103633914,results/pending_runs/paper_backbones/RegNetY400MF/tissuemnist/L80_G80/heuristic/seed_4
tissuemnist,L80_G80,RegNetY400MF,3,heuristic,0.0,50,300,137,137,163,0.2744146349684011,0.3116883116883117,0.3116883116883117,0.3582868312600875,0.389517675087735,0.48541947061462537,results/pending_runs/paper_backbones/RegNetY400MF/tissuemnist/L80_G80/heuristic/seed_3
tissuemnist,L80_G80,RegNetY400MF,1,heuristic,0.0,50,300,137,137,420,0.3838373474194948,0.38961038961038963,0.38961038961038963,0.3514691509551822,0.36607125384005673,0.40331987438313144,results/pending_runs/paper_backbones/RegNetY400MF/tissuemnist/L80_G80/heuristic/seed_1
tissuemnist,L80_G80,RegNetY400MF,2,heuristic,0.0,50,300,137,137,237,0.3573569425298886,0.36363636363636365,0.36363636363636365,0.3160110139682102,0.33920199121977446,0.35307312696276355,results/pending_runs/paper_backbones/RegNetY400MF/tissuemnist/L80_G80/heuristic/seed_2
