campaign,dataset,cap,model,seed,method,sweep,arm,warmup,cepochs,lr,lr_c,ce_skip,cls,n_pool,n_true,K,K_local_sum,n_groups,count_raw,count_adj,count_eq,deficit,AP,ccF1adj,ccF1eq,macroAdj,macroEq,path
extra_robustness,dermmnist,L50_G20,RegNetY400MF,1,danits_lp,,,50,300,0.0001,5e-06,,4,2003,223,45,111,3,152,45,45,0,0.7057514318572579,0.30597014925373134,0.30597014925373134,0.6925151825747886,0.6925151825747886,extra_experiments/pending_runs/extra_robustness/A_derm_asym_xbackbone/dermmnist/RegNetY400MF/L50_G20/danits_lp/seed_1
extra_robustness,dermmnist,L50_G20,RegNetY400MF,2,danits_lp,,,50,300,0.0001,5e-06,,4,2003,223,45,111,3,180,45,45,0,0.6941009292122404,0.3283582089552239,0.3283582089552239,0.6824125086491152,0.6825923760615572,extra_experiments/pending_runs/extra_robustness/A_derm_asym_xbackbone/dermmnist/RegNetY400MF/L50_G20/danits_lp/seed_2
extra_robustness,dermmnist,L50_G20,RegNetY400MF,3,danits_lp,,,50,300,0.0001,5e-06,,4,2003,223,45,111,3,174,45,45,0,0.6915014341813639,0.30597014925373134,0.30597014925373134,0.6817138058388943,0.6817138058388943,extra_experiments/pending_runs/extra_robustness/A_derm_asym_xbackbone/dermmnist/RegNetY400MF/L50_G20/danits_lp/seed_3
extra_robustness,dermmnist,L50_G20,RegNetY400MF,4,danits_lp,,,50,300,0.0001,5e-06,,4,2003,223,45,111,3,197,45,45,0,0.7015485772911337,0.3208955223880597,0.3208955223880597,0.6810748338728768,0.6810748338728768,extra_experiments/pending_runs/extra_robustness/A_derm_asym_xbackbone/dermmnist/RegNetY400MF/L50_G20/danits_lp/seed_4
extra_robustness,dermmnist,L50_G20,RegNetY400MF,1,fioretto_ldf,,,50,300,0.0001,5e-06,,4,2003,223,45,111,3,35,35,45,10,0.5887577762674434,0.26356589147286824,0.31343283582089554,0.6794276894602057,0.687373699227259,extra_experiments/pending_runs/extra_robustness/A_derm_asym_xbackbone/dermmnist/RegNetY400MF/L50_G20/fioretto_ldf/seed_1
extra_robustness,dermmnist,L50_G20,RegNetY400MF,2,fioretto_ldf,,,50,300,0.0001,5e-06,,4,2003,223,45,111,3,33,33,45,12,0.6186868807699264,0.25,0.3208955223880597,0.6810404553327762,0.6949774061763849,extra_experiments/pending_runs/extra_robustness/A_derm_asym_xbackbone/dermmnist/RegNetY400MF/L50_G20/fioretto_ldf/seed_2
extra_robustness,dermmnist,L50_G20,RegNetY400MF,3,fioretto_ldf,,,50,300,0.0001,5e-06,,4,2003,223,45,111,3,45,45,45,0,0.6151124239657223,0.31343283582089554,0.31343283582089554,0.6713501410714263,0.6713501410714263,extra_experiments/pending_runs/extra_robustness/A_derm_asym_xbackbone/dermmnist/RegNetY400MF/L50_G20/fioretto_ldf/seed_3
extra_robustness,dermmnist,L50_G20,RegNetY400MF,4,fioretto_ldf,,,50,300,0.0001,5e-06,,4,2003,223,45,111,3,41,41,45,4,0.6195373045924574,0.29545454545454547,0.3208955223880597,0.6697937678961126,0.6740521952968874,extra_experiments/pending_runs/extra_robustness/A_derm_asym_xbackbone/dermmnist/RegNetY400MF/L50_G20/fioretto_ldf/seed_4
extra_robustness,dermmnist,L50_G20,RegNetY400MF,1,heuristic,,,50,300,0.0001,5e-06,,4,2003,223,45,111,3,152,45,45,0,0.7057514318572579,0.30597014925373134,0.30597014925373134,0.6925151825747886,0.6925151825747886,extra_experiments/pending_runs/extra_robustness/A_derm_asym_xbackbone/dermmnist/RegNetY400MF/L50_G20/heuristic/seed_1
extra_robustness,dermmnist,L50_G20,RegNetY400MF,2,heuristic,,,50,300,0.0001,5e-06,,4,2003,223,45,111,3,180,45,45,0,0.6941009292122404,0.3283582089552239,0.3283582089552239,0.6825923760615572,0.6825923760615572,extra_experiments/pending_runs/extra_robustness/A_derm_asym_xbackbone/dermmnist/RegNetY400MF/L50_G20/heuristic/seed_2
extra_robustness,dermmnist,L50_G20,RegNetY400MF,3,heuristic,,,50,300,0.0001,5e-06,,4,2003,223,45,111,3,174,45,45,0,0.6915014341813639,0.30597014925373134,0.30597014925373134,0.6817138058388943,0.6817138058388943,extra_experiments/pending_runs/extra_robustness/A_derm_asym_xbackbone/dermmnist/RegNetY400MF/L50_G20/heuristic/seed_3
extra_robustness,dermmnist,L50_G20,RegNetY400MF,4,heuristic,,,50,300,0.0001,5e-06,,4,2003,223,45,111,3,197,45,45,0,0.7015485772911337,0.3208955223880597,0.3208955223880597,0.6810748338728768,0.6810748338728768,extra_experiments/pending_runs/extra_robustness/A_derm_asym_xbackbone/dermmnist/RegNetY400MF/L50_G20/heuristic/seed_4
extra_robustness,dermmnist,L50_G20,RegNetY400MF,1,hounie_rcl,,,50,300,0.0001,5e-06,,4,2003,223,45,111,3,41,41,45,4,0.6051536777724331,0.29545454545454547,0.31343283582089554,0.6869227926656192,0.6892246088368804,extra_experiments/pending_runs/extra_robustness/A_derm_asym_xbackbone/dermmnist/RegNetY400MF/L50_G20/hounie_rcl/seed_1
extra_robustness,dermmnist,L50_G20,RegNetY400MF,2,hounie_rcl,,,50,300,0.0001,5e-06,,4,2003,223,45,111,3,34,34,45,11,0.6267410772528655,0.25680933852140075,0.3208955223880597,0.6789123453930574,0.6919078376678484,extra_experiments/pending_runs/extra_robustness/A_derm_asym_xbackbone/dermmnist/RegNetY400MF/L50_G20/hounie_rcl/seed_2
extra_robustness,dermmnist,L50_G20,RegNetY400MF,3,hounie_rcl,,,50,300,0.0001,5e-06,,4,2003,223,45,111,3,40,40,45,5,0.6087507041503905,0.2889733840304182,0.31343283582089554,0.6656469633343877,0.6697060201374373,extra_experiments/pending_runs/extra_robustness/A_derm_asym_xbackbone/dermmnist/RegNetY400MF/L50_G20/hounie_rcl/seed_3
extra_robustness,dermmnist,L50_G20,RegNetY400MF,4,hounie_rcl,,,50,300,0.0001,5e-06,,4,2003,223,45,111,3,44,44,45,1,0.624152260504032,0.3146067415730337,0.3208955223880597,0.6731457532602987,0.6740895897510951,extra_experiments/pending_runs/extra_robustness/A_derm_asym_xbackbone/dermmnist/RegNetY400MF/L50_G20/hounie_rcl/seed_4
extra_robustness,dermmnist,L50_G20,RegNetY400MF,1,tralo,,,50,300,0.0001,5e-06,True,4,2003,223,45,111,3,43,43,45,2,0.5989164140090284,0.3007518796992481,0.31343283582089554,0.6819431208620044,0.6840285845955311,extra_experiments/pending_runs/extra_robustness/A_derm_asym_xbackbone/dermmnist/RegNetY400MF/L50_G20/tralo/seed_1
extra_robustness,dermmnist,L50_G20,RegNetY400MF,2,tralo,,,50,300,0.0001,5e-06,True,4,2003,223,45,111,3,42,42,45,3,0.6075763677520474,0.30943396226415093,0.3283582089552239,0.689415835805766,0.6930841852614299,extra_experiments/pending_runs/extra_robustness/A_derm_asym_xbackbone/dermmnist/RegNetY400MF/L50_G20/tralo/seed_2
extra_robustness,dermmnist,L50_G20,RegNetY400MF,3,tralo,,,50,300,0.0001,5e-06,True,4,2003,223,45,111,3,41,41,45,4,0.5812180148125606,0.2878787878787879,0.31343283582089554,0.6719743513423254,0.6759869901963845,extra_experiments/pending_runs/extra_robustness/A_derm_asym_xbackbone/dermmnist/RegNetY400MF/L50_G20/tralo/seed_3
extra_robustness,dermmnist,L50_G20,RegNetY400MF,4,tralo,,,50,300,0.0001,5e-06,True,4,2003,223,45,111,3,43,43,45,2,0.6042912359817598,0.3082706766917293,0.3208955223880597,0.6762079033935281,0.6781013958742205,extra_experiments/pending_runs/extra_robustness/A_derm_asym_xbackbone/dermmnist/RegNetY400MF/L50_G20/tralo/seed_4
extra_robustness,dermmnist,L50_G20,RegNetY400MF,1,tralo_bounded,,,50,300,0.0001,5e-06,True,4,2003,223,45,111,3,36,36,45,9,0.5957942037006854,0.2702702702702703,0.31343283582089554,0.6785509417456639,0.6854710140476071,extra_experiments/pending_runs/extra_robustness/A_derm_asym_xbackbone/dermmnist/RegNetY400MF/L50_G20/tralo_bounded/seed_1
extra_robustness,dermmnist,L50_G20,RegNetY400MF,2,tralo_bounded,,,50,300,0.0001,5e-06,True,4,2003,223,45,111,3,34,34,45,11,0.621940857356467,0.25680933852140075,0.3208955223880597,0.6832382310212088,0.6941648459025184,extra_experiments/pending_runs/extra_robustness/A_derm_asym_xbackbone/dermmnist/RegNetY400MF/L50_G20/tralo_bounded/seed_2
extra_robustness,dermmnist,L50_G20,RegNetY400MF,3,tralo_bounded,,,50,300,0.0001,5e-06,True,4,2003,223,45,111,3,39,39,45,6,0.5943718736107101,0.2824427480916031,0.31343283582089554,0.6661412639795768,0.6733684519937987,extra_experiments/pending_runs/extra_robustness/A_derm_asym_xbackbone/dermmnist/RegNetY400MF/L50_G20/tralo_bounded/seed_3
extra_robustness,dermmnist,L50_G20,RegNetY400MF,4,tralo_bounded,,,50,300,0.0001,5e-06,True,4,2003,223,45,111,3,44,44,45,1,0.6219493105480346,0.3146067415730337,0.3208955223880597,0.6714117419240101,0.6723554837497635,extra_experiments/pending_runs/extra_robustness/A_derm_asym_xbackbone/dermmnist/RegNetY400MF/L50_G20/tralo_bounded/seed_4
extra_robustness,dermmnist,L50_G30,RegNetY400MF,1,danits_lp,,,50,300,0.0001,5e-06,,4,2003,223,67,111,3,152,67,67,0,0.7057514318572579,0.41379310344827586,0.41379310344827586,0.7108639125189066,0.7108639125189066,extra_experiments/pending_runs/extra_robustness/A_derm_asym_xbackbone/dermmnist/RegNetY400MF/L50_G30/danits_lp/seed_1
extra_robustness,dermmnist,L50_G30,RegNetY400MF,2,danits_lp,,,50,300,0.0001,5e-06,,4,2003,223,67,111,3,180,67,67,0,0.6941009292122404,0.4206896551724138,0.4206896551724138,0.7028123805198778,0.7028123805198778,extra_experiments/pending_runs/extra_robustness/A_derm_asym_xbackbone/dermmnist/RegNetY400MF/L50_G30/danits_lp/seed_2
extra_robustness,dermmnist,L50_G30,RegNetY400MF,3,danits_lp,,,50,300,0.0001,5e-06,,4,2003,223,67,111,3,174,67,67,0,0.6915014341813639,0.4068965517241379,0.4068965517241379,0.6975007048633358,0.6971675689701404,extra_experiments/pending_runs/extra_robustness/A_derm_asym_xbackbone/dermmnist/RegNetY400MF/L50_G30/danits_lp/seed_3
extra_robustness,dermmnist,L50_G30,RegNetY400MF,4,danits_lp,,,50,300,0.0001,5e-06,,4,2003,223,67,111,3,197,67,67,0,0.7015485772911337,0.43448275862068964,0.43448275862068964,0.6991251656470279,0.6991251656470279,extra_experiments/pending_runs/extra_robustness/A_derm_asym_xbackbone/dermmnist/RegNetY400MF/L50_G30/danits_lp/seed_4
extra_robustness,dermmnist,L50_G30,RegNetY400MF,1,fioretto_ldf,,,50,300,0.0001,5e-06,,4,2003,223,67,111,3,63,63,67,4,0.6493311146502814,0.3916083916083916,0.41379310344827586,0.7055399261121049,0.7092696802210977,extra_experiments/pending_runs/extra_robustness/A_derm_asym_xbackbone/dermmnist/RegNetY400MF/L50_G30/fioretto_ldf/seed_1
extra_robustness,dermmnist,L50_G30,RegNetY400MF,2,fioretto_ldf,,,50,300,0.0001,5e-06,,4,2003,223,67,111,3,57,57,67,10,0.6615584262559734,0.38571428571428573,0.4206896551724138,0.7186381822556722,0.7231565784607098,extra_experiments/pending_runs/extra_robustness/A_derm_asym_xbackbone/dermmnist/RegNetY400MF/L50_G30/fioretto_ldf/seed_2
extra_robustness,dermmnist,L50_G30,RegNetY400MF,3,fioretto_ldf,,,50,300,0.0001,5e-06,,4,2003,223,67,111,3,61,61,67,6,0.6532310033565039,0.3873239436619718,0.4068965517241379,0.6928542284084219,0.6966376353112371,extra_experiments/pending_runs/extra_robustness/A_derm_asym_xbackbone/dermmnist/RegNetY400MF/L50_G30/fioretto_ldf/seed_3
extra_robustness,dermmnist,L50_G30,RegNetY400MF,4,fioretto_ldf,,,50,300,0.0001,5e-06,,4,2003,223,67,111,3,60,60,67,7,0.6483502060854788,0.4098939929328622,0.4413793103448276,0.6891655722041404,0.6941693389273293,extra_experiments/pending_runs/extra_robustness/A_derm_asym_xbackbone/dermmnist/RegNetY400MF/L50_G30/fioretto_ldf/seed_4
extra_robustness,dermmnist,L50_G30,RegNetY400MF,1,heuristic,,,50,300,0.0001,5e-06,,4,2003,223,67,111,3,152,67,67,0,0.7057514318572579,0.41379310344827586,0.41379310344827586,0.7108639125189066,0.7108639125189066,extra_experiments/pending_runs/extra_robustness/A_derm_asym_xbackbone/dermmnist/RegNetY400MF/L50_G30/heuristic/seed_1
extra_robustness,dermmnist,L50_G30,RegNetY400MF,2,heuristic,,,50,300,0.0001,5e-06,,4,2003,223,67,111,3,180,67,67,0,0.6941009292122404,0.4206896551724138,0.4206896551724138,0.7028123805198778,0.7028123805198778,extra_experiments/pending_runs/extra_robustness/A_derm_asym_xbackbone/dermmnist/RegNetY400MF/L50_G30/heuristic/seed_2
extra_robustness,dermmnist,L50_G30,RegNetY400MF,3,heuristic,,,50,300,0.0001,5e-06,,4,2003,223,67,111,3,174,67,67,0,0.6915014341813639,0.4068965517241379,0.4068965517241379,0.6971675689701404,0.6971675689701404,extra_experiments/pending_runs/extra_robustness/A_derm_asym_xbackbone/dermmnist/RegNetY400MF/L50_G30/heuristic/seed_3
extra_robustness,dermmnist,L50_G30,RegNetY400MF,4,heuristic,,,50,300,0.0001,5e-06,,4,2003,223,67,111,3,197,67,67,0,0.7015485772911337,0.43448275862068964,0.43448275862068964,0.6991251656470279,0.6991251656470279,extra_experiments/pending_runs/extra_robustness/A_derm_asym_xbackbone/dermmnist/RegNetY400MF/L50_G30/heuristic/seed_4
extra_robustness,dermmnist,L50_G30,RegNetY400MF,1,hounie_rcl,,,50,300,0.0001,5e-06,,4,2003,223,67,111,3,57,57,67,10,0.6428614738738383,0.37142857142857144,0.41379310344827586,0.7016512736848558,0.7085192220535187,extra_experiments/pending_runs/extra_robustness/A_derm_asym_xbackbone/dermmnist/RegNetY400MF/L50_G30/hounie_rcl/seed_1
extra_robustness,dermmnist,L50_G30,RegNetY400MF,2,hounie_rcl,,,50,300,0.0001,5e-06,,4,2003,223,67,111,3,54,54,67,13,0.6573413711094552,0.37545126353790614,0.42758620689655175,0.708828823534378,0.7161399183843978,extra_experiments/pending_runs/extra_robustness/A_derm_asym_xbackbone/dermmnist/RegNetY400MF/L50_G30/hounie_rcl/seed_2
extra_robustness,dermmnist,L50_G30,RegNetY400MF,3,hounie_rcl,,,50,300,0.0001,5e-06,,4,2003,223,67,111,3,60,60,67,7,0.6523687108500446,0.38162544169611307,0.4068965517241379,0.6927573710806112,0.6973932355554078,extra_experiments/pending_runs/extra_robustness/A_derm_asym_xbackbone/dermmnist/RegNetY400MF/L50_G30/hounie_rcl/seed_3
extra_robustness,dermmnist,L50_G30,RegNetY400MF,4,hounie_rcl,,,50,300,0.0001,5e-06,,4,2003,223,67,111,3,64,64,67,3,0.6561010436239991,0.4250871080139373,0.4413793103448276,0.7068253535575286,0.7092920838747447,extra_experiments/pending_runs/extra_robustness/A_derm_asym_xbackbone/dermmnist/RegNetY400MF/L50_G30/hounie_rcl/seed_4
extra_robustness,dermmnist,L50_G30,RegNetY400MF,1,tralo,,,50,300,0.0001,5e-06,True,4,2003,223,67,111,3,67,67,67,0,0.6470389695160765,0.41379310344827586,0.41379310344827586,0.7139385031149136,0.7139385031149136,extra_experiments/pending_runs/extra_robustness/A_derm_asym_xbackbone/dermmnist/RegNetY400MF/L50_G30/tralo/seed_1
extra_robustness,dermmnist,L50_G30,RegNetY400MF,2,tralo,,,50,300,0.0001,5e-06,True,4,2003,223,67,111,3,67,67,67,0,0.6097857178489955,0.41379310344827586,0.41379310344827586,0.7012121488955189,0.7012121488955189,extra_experiments/pending_runs/extra_robustness/A_derm_asym_xbackbone/dermmnist/RegNetY400MF/L50_G30/tralo/seed_2
extra_robustness,dermmnist,L50_G30,RegNetY400MF,3,tralo,,,50,300,0.0001,5e-06,True,4,2003,223,67,111,3,65,65,67,2,0.6586192689396557,0.3958333333333333,0.4068965517241379,0.696680699723751,0.698533585824651,extra_experiments/pending_runs/extra_robustness/A_derm_asym_xbackbone/dermmnist/RegNetY400MF/L50_G30/tralo/seed_3
extra_robustness,dermmnist,L50_G30,RegNetY400MF,4,tralo,,,50,300,0.0001,5e-06,True,4,2003,223,67,111,3,67,67,67,0,0.6622119400776715,0.4413793103448276,0.4413793103448276,0.7052349162621593,0.7052349162621593,extra_experiments/pending_runs/extra_robustness/A_derm_asym_xbackbone/dermmnist/RegNetY400MF/L50_G30/tralo/seed_4
extra_robustness,dermmnist,L50_G30,RegNetY400MF,1,tralo_bounded,,,50,300,0.0001,5e-06,True,4,2003,223,67,111,3,65,65,67,2,0.6521319872076579,0.4027777777777778,0.41379310344827586,0.7053361366908566,0.7071885711084545,extra_experiments/pending_runs/extra_robustness/A_derm_asym_xbackbone/dermmnist/RegNetY400MF/L50_G30/tralo_bounded/seed_1
extra_robustness,dermmnist,L50_G30,RegNetY400MF,2,tralo_bounded,,,50,300,0.0001,5e-06,True,4,2003,223,67,111,3,61,61,67,6,0.6641281410832854,0.4084507042253521,0.4206896551724138,0.7214371469262343,0.7225293629931604,extra_experiments/pending_runs/extra_robustness/A_derm_asym_xbackbone/dermmnist/RegNetY400MF/L50_G30/tralo_bounded/seed_2
extra_robustness,dermmnist,L50_G30,RegNetY400MF,3,tralo_bounded,,,50,300,0.0001,5e-06,True,4,2003,223,67,111,3,61,61,67,6,0.6552329148571943,0.3873239436619718,0.4068965517241379,0.6928087303854042,0.6961241752517168,extra_experiments/pending_runs/extra_robustness/A_derm_asym_xbackbone/dermmnist/RegNetY400MF/L50_G30/tralo_bounded/seed_3
extra_robustness,dermmnist,L50_G30,RegNetY400MF,4,tralo_bounded,,,50,300,0.0001,5e-06,True,4,2003,223,67,111,3,62,62,67,5,0.6502664710743804,0.42105263157894735,0.4413793103448276,0.6976199531886136,0.7009392373392972,extra_experiments/pending_runs/extra_robustness/A_derm_asym_xbackbone/dermmnist/RegNetY400MF/L50_G30/tralo_bounded/seed_4
extra_robustness,dermmnist,L70_G50,RegNetY400MF,1,danits_lp,,,50,300,0.0001,5e-06,,4,2003,223,112,156,3,152,112,112,0,0.7057514318572579,0.5611940298507463,0.5611940298507463,0.7367470499120458,0.7367470499120458,extra_experiments/pending_runs/extra_robustness/A_derm_asym_xbackbone/dermmnist/RegNetY400MF/L70_G50/danits_lp/seed_1
extra_robustness,dermmnist,L70_G50,RegNetY400MF,2,danits_lp,,,50,300,0.0001,5e-06,,4,2003,223,112,156,3,180,112,112,0,0.6941009292122404,0.5492537313432836,0.5492537313432836,0.7277589148016228,0.7277589148016228,extra_experiments/pending_runs/extra_robustness/A_derm_asym_xbackbone/dermmnist/RegNetY400MF/L70_G50/danits_lp/seed_2
extra_robustness,dermmnist,L70_G50,RegNetY400MF,3,danits_lp,,,50,300,0.0001,5e-06,,4,2003,223,112,156,3,174,112,112,0,0.6915014341813639,0.5492537313432836,0.5492537313432836,0.7268152646919445,0.7268152646919445,extra_experiments/pending_runs/extra_robustness/A_derm_asym_xbackbone/dermmnist/RegNetY400MF/L70_G50/danits_lp/seed_3
extra_robustness,dermmnist,L70_G50,RegNetY400MF,4,danits_lp,,,50,300,0.0001,5e-06,,4,2003,223,112,156,3,197,112,112,0,0.7015485772911337,0.5432835820895522,0.5432835820895522,0.7168901419927324,0.7169255301935025,extra_experiments/pending_runs/extra_robustness/A_derm_asym_xbackbone/dermmnist/RegNetY400MF/L70_G50/danits_lp/seed_4
extra_robustness,dermmnist,L70_G50,RegNetY400MF,1,fioretto_ldf,,,50,300,0.0001,5e-06,,4,2003,223,112,156,3,104,104,112,8,0.694194044237061,0.5259938837920489,0.5432835820895522,0.7343992608450879,0.7367139558733058,extra_experiments/pending_runs/extra_robustness/A_derm_asym_xbackbone/dermmnist/RegNetY400MF/L70_G50/fioretto_ldf/seed_1
extra_robustness,dermmnist,L70_G50,RegNetY400MF,2,fioretto_ldf,,,50,300,0.0001,5e-06,,4,2003,223,112,156,3,109,109,112,3,0.6998396536399177,0.5542168674698795,0.5671641791044776,0.7461444507410574,0.7479425030706034,extra_experiments/pending_runs/extra_robustness/A_derm_asym_xbackbone/dermmnist/RegNetY400MF/L70_G50/fioretto_ldf/seed_2
extra_robustness,dermmnist,L70_G50,RegNetY400MF,3,fioretto_ldf,,,50,300,0.0001,5e-06,,4,2003,223,112,156,3,106,106,112,6,0.6871769459356917,0.5288753799392097,0.5373134328358209,0.7267745545844172,0.727589388904347,extra_experiments/pending_runs/extra_robustness/A_derm_asym_xbackbone/dermmnist/RegNetY400MF/L70_G50/fioretto_ldf/seed_3
extra_robustness,dermmnist,L70_G50,RegNetY400MF,4,fioretto_ldf,,,50,300,0.0001,5e-06,,4,2003,223,112,156,3,106,106,112,6,0.6904912468774755,0.5349544072948328,0.5492537313432836,0.738560617082945,0.7412720277337789,extra_experiments/pending_runs/extra_robustness/A_derm_asym_xbackbone/dermmnist/RegNetY400MF/L70_G50/fioretto_ldf/seed_4
extra_robustness,dermmnist,L70_G50,RegNetY400MF,1,heuristic,,,50,300,0.0001,5e-06,,4,2003,223,112,156,3,152,112,112,0,0.7057514318572579,0.5611940298507463,0.5611940298507463,0.7367470499120458,0.7367470499120458,extra_experiments/pending_runs/extra_robustness/A_derm_asym_xbackbone/dermmnist/RegNetY400MF/L70_G50/heuristic/seed_1
extra_robustness,dermmnist,L70_G50,RegNetY400MF,2,heuristic,,,50,300,0.0001,5e-06,,4,2003,223,112,156,3,180,112,112,0,0.6941009292122404,0.5492537313432836,0.5492537313432836,0.7277589148016228,0.7277589148016228,extra_experiments/pending_runs/extra_robustness/A_derm_asym_xbackbone/dermmnist/RegNetY400MF/L70_G50/heuristic/seed_2
extra_robustness,dermmnist,L70_G50,RegNetY400MF,3,heuristic,,,50,300,0.0001,5e-06,,4,2003,223,112,156,3,174,112,112,0,0.6915014341813639,0.5492537313432836,0.5492537313432836,0.7268152646919445,0.7268152646919445,extra_experiments/pending_runs/extra_robustness/A_derm_asym_xbackbone/dermmnist/RegNetY400MF/L70_G50/heuristic/seed_3
extra_robustness,dermmnist,L70_G50,RegNetY400MF,4,heuristic,,,50,300,0.0001,5e-06,,4,2003,223,112,156,3,197,112,112,0,0.7015485772911337,0.5432835820895522,0.5432835820895522,0.7169255301935025,0.7169255301935025,extra_experiments/pending_runs/extra_robustness/A_derm_asym_xbackbone/dermmnist/RegNetY400MF/L70_G50/heuristic/seed_4
extra_robustness,dermmnist,L70_G50,RegNetY400MF,1,hounie_rcl,,,50,300,0.0001,5e-06,,4,2003,223,112,156,3,97,97,112,15,0.6907257390879813,0.5125,0.5373134328358209,0.7296721858639028,0.7329003047020104,extra_experiments/pending_runs/extra_robustness/A_derm_asym_xbackbone/dermmnist/RegNetY400MF/L70_G50/hounie_rcl/seed_1
extra_robustness,dermmnist,L70_G50,RegNetY400MF,2,hounie_rcl,,,50,300,0.0001,5e-06,,4,2003,223,112,156,3,102,102,112,10,0.6973111561176403,0.5415384615384615,0.5611940298507463,0.7441064158932408,0.7464367781325603,extra_experiments/pending_runs/extra_robustness/A_derm_asym_xbackbone/dermmnist/RegNetY400MF/L70_G50/hounie_rcl/seed_2
extra_robustness,dermmnist,L70_G50,RegNetY400MF,3,hounie_rcl,,,50,300,0.0001,5e-06,,4,2003,223,112,156,3,103,103,112,9,0.6843616514555342,0.5153374233128835,0.5313432835820896,0.720558181775592,0.7235511475016609,extra_experiments/pending_runs/extra_robustness/A_derm_asym_xbackbone/dermmnist/RegNetY400MF/L70_G50/hounie_rcl/seed_3
extra_robustness,dermmnist,L70_G50,RegNetY400MF,4,hounie_rcl,,,50,300,0.0001,5e-06,,4,2003,223,112,156,3,104,104,112,8,0.6904257740119565,0.5259938837920489,0.5492537313432836,0.7369918523514178,0.7415145111391271,extra_experiments/pending_runs/extra_robustness/A_derm_asym_xbackbone/dermmnist/RegNetY400MF/L70_G50/hounie_rcl/seed_4
extra_robustness,dermmnist,L70_G50,RegNetY400MF,1,tralo,,,50,300,0.0001,5e-06,True,4,2003,223,112,156,3,112,112,112,0,0.669861183173077,0.5552238805970149,0.5552238805970149,0.738174120252941,0.738174120252941,extra_experiments/pending_runs/extra_robustness/A_derm_asym_xbackbone/dermmnist/RegNetY400MF/L70_G50/tralo/seed_1
extra_robustness,dermmnist,L70_G50,RegNetY400MF,2,tralo,,,50,300,0.0001,5e-06,True,4,2003,223,112,156,3,112,112,112,0,0.6191328874078089,0.5313432835820896,0.5313432835820896,0.7252418335520483,0.7252418335520483,extra_experiments/pending_runs/extra_robustness/A_derm_asym_xbackbone/dermmnist/RegNetY400MF/L70_G50/tralo/seed_2
extra_robustness,dermmnist,L70_G50,RegNetY400MF,3,tralo,,,50,300,0.0001,5e-06,True,4,2003,223,112,156,3,111,111,112,1,0.6649424357130026,0.5329341317365269,0.5313432835820896,0.7263909114075296,0.7256821169806632,extra_experiments/pending_runs/extra_robustness/A_derm_asym_xbackbone/dermmnist/RegNetY400MF/L70_G50/tralo/seed_3
extra_robustness,dermmnist,L70_G50,RegNetY400MF,4,tralo,,,50,300,0.0001,5e-06,True,4,2003,223,112,156,3,111,111,112,1,0.6702631649816628,0.5568862275449101,0.5611940298507463,0.727164652606706,0.727826542648959,extra_experiments/pending_runs/extra_robustness/A_derm_asym_xbackbone/dermmnist/RegNetY400MF/L70_G50/tralo/seed_4
extra_robustness,dermmnist,L70_G50,RegNetY400MF,1,tralo_bounded,,,50,300,0.0001,5e-06,True,4,2003,223,112,156,3,105,105,112,7,0.6945343698987857,0.524390243902439,0.5432835820895522,0.7338238887604309,0.736419784369479,extra_experiments/pending_runs/extra_robustness/A_derm_asym_xbackbone/dermmnist/RegNetY400MF/L70_G50/tralo_bounded/seed_1
extra_robustness,dermmnist,L70_G50,RegNetY400MF,2,tralo_bounded,,,50,300,0.0001,5e-06,True,4,2003,223,112,156,3,110,110,112,2,0.7000756762762588,0.5585585585585585,0.5671641791044776,0.7452692335164582,0.7464002216791829,extra_experiments/pending_runs/extra_robustness/A_derm_asym_xbackbone/dermmnist/RegNetY400MF/L70_G50/tralo_bounded/seed_2
extra_robustness,dermmnist,L70_G50,RegNetY400MF,3,tralo_bounded,,,50,300,0.0001,5e-06,True,4,2003,223,112,156,3,106,106,112,6,0.6873478785373885,0.5227963525835866,0.5373134328358209,0.7249659807525085,0.7279054137913997,extra_experiments/pending_runs/extra_robustness/A_derm_asym_xbackbone/dermmnist/RegNetY400MF/L70_G50/tralo_bounded/seed_3
extra_robustness,dermmnist,L70_G50,RegNetY400MF,4,tralo_bounded,,,50,300,0.0001,5e-06,True,4,2003,223,112,156,3,106,106,112,6,0.6910212542197047,0.5349544072948328,0.5492537313432836,0.738560617082945,0.7412720277337789,extra_experiments/pending_runs/extra_robustness/A_derm_asym_xbackbone/dermmnist/RegNetY400MF/L70_G50/tralo_bounded/seed_4
extra_robustness,dermmnist,L80_G70,RegNetY400MF,1,danits_lp,,,50,300,0.0001,5e-06,,4,2003,223,156,178,3,152,152,156,4,0.7057514318572579,0.6346666666666667,0.6385224274406333,0.749773945559465,0.7496572424197409,extra_experiments/pending_runs/extra_robustness/A_derm_asym_xbackbone/dermmnist/RegNetY400MF/L80_G70/danits_lp/seed_1
extra_robustness,dermmnist,L80_G70,RegNetY400MF,2,danits_lp,,,50,300,0.0001,5e-06,,4,2003,223,156,178,3,180,156,156,0,0.6941009292122404,0.6068601583113457,0.6068601583113457,0.7419630964668279,0.7419630964668279,extra_experiments/pending_runs/extra_robustness/A_derm_asym_xbackbone/dermmnist/RegNetY400MF/L80_G70/danits_lp/seed_2
extra_robustness,dermmnist,L80_G70,RegNetY400MF,3,danits_lp,,,50,300,0.0001,5e-06,,4,2003,223,156,178,3,174,156,156,0,0.6915014341813639,0.6121372031662269,0.6121372031662269,0.7412620540973494,0.7406756919671746,extra_experiments/pending_runs/extra_robustness/A_derm_asym_xbackbone/dermmnist/RegNetY400MF/L80_G70/danits_lp/seed_3
extra_robustness,dermmnist,L80_G70,RegNetY400MF,4,danits_lp,,,50,300,0.0001,5e-06,,4,2003,223,156,178,3,197,156,156,0,0.7015485772911337,0.6174142480211082,0.6174142480211082,0.7320699045344888,0.7320699045344888,extra_experiments/pending_runs/extra_robustness/A_derm_asym_xbackbone/dermmnist/RegNetY400MF/L80_G70/danits_lp/seed_4
extra_robustness,dermmnist,L80_G70,RegNetY400MF,1,fioretto_ldf,,,50,300,0.0001,5e-06,,4,2003,223,156,178,3,142,142,156,14,0.7053270176986925,0.6082191780821918,0.6226912928759895,0.7458559772734583,0.7465176826100324,extra_experiments/pending_runs/extra_robustness/A_derm_asym_xbackbone/dermmnist/RegNetY400MF/L80_G70/fioretto_ldf/seed_1
extra_robustness,dermmnist,L80_G70,RegNetY400MF,2,fioretto_ldf,,,50,300,0.0001,5e-06,,4,2003,223,156,178,3,151,151,156,5,0.7086676097359697,0.6149732620320856,0.6121372031662269,0.7517571377141641,0.7495506752183939,extra_experiments/pending_runs/extra_robustness/A_derm_asym_xbackbone/dermmnist/RegNetY400MF/L80_G70/fioretto_ldf/seed_2
extra_robustness,dermmnist,L80_G70,RegNetY400MF,3,fioretto_ldf,,,50,300,0.0001,5e-06,,4,2003,223,156,178,3,142,142,156,14,0.6988530504193918,0.5972602739726027,0.6121372031662269,0.7495091781962431,0.7495686712550774,extra_experiments/pending_runs/extra_robustness/A_derm_asym_xbackbone/dermmnist/RegNetY400MF/L80_G70/fioretto_ldf/seed_3
extra_robustness,dermmnist,L80_G70,RegNetY400MF,4,fioretto_ldf,,,50,300,0.0001,5e-06,,4,2003,223,156,178,3,142,142,156,14,0.700250326483668,0.5972602739726027,0.6279683377308707,0.7496810284027325,0.7546693289251264,extra_experiments/pending_runs/extra_robustness/A_derm_asym_xbackbone/dermmnist/RegNetY400MF/L80_G70/fioretto_ldf/seed_4
extra_robustness,dermmnist,L80_G70,RegNetY400MF,1,heuristic,,,50,300,0.0001,5e-06,,4,2003,223,156,178,3,152,156,156,0,0.7057514318572579,0.6385224274406333,0.6385224274406333,0.7496572424197409,0.7496572424197409,extra_experiments/pending_runs/extra_robustness/A_derm_asym_xbackbone/dermmnist/RegNetY400MF/L80_G70/heuristic/seed_1
extra_robustness,dermmnist,L80_G70,RegNetY400MF,2,heuristic,,,50,300,0.0001,5e-06,,4,2003,223,156,178,3,180,156,156,0,0.6941009292122404,0.6068601583113457,0.6068601583113457,0.7419630964668279,0.7419630964668279,extra_experiments/pending_runs/extra_robustness/A_derm_asym_xbackbone/dermmnist/RegNetY400MF/L80_G70/heuristic/seed_2
extra_robustness,dermmnist,L80_G70,RegNetY400MF,3,heuristic,,,50,300,0.0001,5e-06,,4,2003,223,156,178,3,174,156,156,0,0.6915014341813639,0.6121372031662269,0.6121372031662269,0.7406756919671746,0.7406756919671746,extra_experiments/pending_runs/extra_robustness/A_derm_asym_xbackbone/dermmnist/RegNetY400MF/L80_G70/heuristic/seed_3
extra_robustness,dermmnist,L80_G70,RegNetY400MF,4,heuristic,,,50,300,0.0001,5e-06,,4,2003,223,156,178,3,197,156,156,0,0.7015485772911337,0.6174142480211082,0.6174142480211082,0.7320699045344888,0.7320699045344888,extra_experiments/pending_runs/extra_robustness/A_derm_asym_xbackbone/dermmnist/RegNetY400MF/L80_G70/heuristic/seed_4
extra_robustness,dermmnist,L80_G70,RegNetY400MF,1,hounie_rcl,,,50,300,0.0001,5e-06,,4,2003,223,156,178,3,141,141,156,15,0.7061329412444,0.6098901098901099,0.6226912928759895,0.7477411345007708,0.7481037869608036,extra_experiments/pending_runs/extra_robustness/A_derm_asym_xbackbone/dermmnist/RegNetY400MF/L80_G70/hounie_rcl/seed_1
extra_robustness,dermmnist,L80_G70,RegNetY400MF,2,hounie_rcl,,,50,300,0.0001,5e-06,,4,2003,223,156,178,3,156,156,156,0,0.7086811051058103,0.6121372031662269,0.6068601583113457,0.7501692858812647,0.7491207981373879,extra_experiments/pending_runs/extra_robustness/A_derm_asym_xbackbone/dermmnist/RegNetY400MF/L80_G70/hounie_rcl/seed_2
extra_robustness,dermmnist,L80_G70,RegNetY400MF,3,hounie_rcl,,,50,300,0.0001,5e-06,,4,2003,223,156,178,3,146,146,156,10,0.7008075145221772,0.5962059620596206,0.6174142480211082,0.7558840016595687,0.758633296285506,extra_experiments/pending_runs/extra_robustness/A_derm_asym_xbackbone/dermmnist/RegNetY400MF/L80_G70/hounie_rcl/seed_3
extra_robustness,dermmnist,L80_G70,RegNetY400MF,4,hounie_rcl,,,50,300,0.0001,5e-06,,4,2003,223,156,178,3,146,146,156,10,0.7014198511141001,0.6070460704607046,0.6279683377308707,0.753881714532417,0.755526126563083,extra_experiments/pending_runs/extra_robustness/A_derm_asym_xbackbone/dermmnist/RegNetY400MF/L80_G70/hounie_rcl/seed_4
extra_robustness,dermmnist,L80_G70,RegNetY400MF,1,tralo,,,50,300,0.0001,5e-06,True,4,2003,223,156,178,3,156,156,156,0,0.7079008585474259,0.6174142480211082,0.6174142480211082,0.7413898575508571,0.7413898575508571,extra_experiments/pending_runs/extra_robustness/A_derm_asym_xbackbone/dermmnist/RegNetY400MF/L80_G70/tralo/seed_1
extra_robustness,dermmnist,L80_G70,RegNetY400MF,2,tralo,,,50,300,0.0001,5e-06,True,4,2003,223,156,178,3,154,154,156,2,0.6976075229330517,0.6047745358090185,0.6015831134564644,0.7598386826705086,0.7592731830023407,extra_experiments/pending_runs/extra_robustness/A_derm_asym_xbackbone/dermmnist/RegNetY400MF/L80_G70/tralo/seed_2
extra_robustness,dermmnist,L80_G70,RegNetY400MF,3,tralo,,,50,300,0.0001,5e-06,True,4,2003,223,156,178,3,140,140,156,16,0.6990770170855034,0.6005509641873278,0.6121372031662269,0.758287343898414,0.758645956004398,extra_experiments/pending_runs/extra_robustness/A_derm_asym_xbackbone/dermmnist/RegNetY400MF/L80_G70/tralo/seed_3
extra_robustness,dermmnist,L80_G70,RegNetY400MF,4,tralo,,,50,300,0.0001,5e-06,True,4,2003,223,156,178,3,156,156,156,0,0.6957122702083585,0.6174142480211082,0.6174142480211082,0.7459217440122633,0.7459217440122633,extra_experiments/pending_runs/extra_robustness/A_derm_asym_xbackbone/dermmnist/RegNetY400MF/L80_G70/tralo/seed_4
extra_robustness,dermmnist,L80_G70,RegNetY400MF,1,tralo_bounded,,,50,300,0.0001,5e-06,True,4,2003,223,156,178,3,145,145,156,11,0.705636113278094,0.6086956521739131,0.6226912928759895,0.7459650737250162,0.7465176826100324,extra_experiments/pending_runs/extra_robustness/A_derm_asym_xbackbone/dermmnist/RegNetY400MF/L80_G70/tralo_bounded/seed_1
extra_robustness,dermmnist,L80_G70,RegNetY400MF,2,tralo_bounded,,,50,300,0.0001,5e-06,True,4,2003,223,156,178,3,156,156,156,0,0.7084501898966634,0.6121372031662269,0.6068601583113457,0.7501692858812647,0.7491207981373879,extra_experiments/pending_runs/extra_robustness/A_derm_asym_xbackbone/dermmnist/RegNetY400MF/L80_G70/tralo_bounded/seed_2
extra_robustness,dermmnist,L80_G70,RegNetY400MF,3,tralo_bounded,,,50,300,0.0001,5e-06,True,4,2003,223,156,178,3,143,143,156,13,0.6992577886526689,0.6010928961748634,0.6174142480211082,0.756063481145714,0.7565609555153495,extra_experiments/pending_runs/extra_robustness/A_derm_asym_xbackbone/dermmnist/RegNetY400MF/L80_G70/tralo_bounded/seed_3
extra_robustness,dermmnist,L80_G70,RegNetY400MF,4,tralo_bounded,,,50,300,0.0001,5e-06,True,4,2003,223,156,178,3,142,142,156,14,0.7004793200946695,0.5972602739726027,0.6226912928759895,0.7498824584690104,0.7534411131934721,extra_experiments/pending_runs/extra_robustness/A_derm_asym_xbackbone/dermmnist/RegNetY400MF/L80_G70/tralo_bounded/seed_4
extra_robustness,dermmnist,L50_G20,ViTB16,1,danits_lp,,,50,300,0.0001,5e-06,,4,2003,223,45,111,3,174,45,45,0,0.6023818119998875,0.291044776119403,0.291044776119403,0.6419298585591534,0.6419298585591534,extra_experiments/pending_runs/extra_robustness/A_derm_asym_xbackbone/dermmnist/ViTB16/L50_G20/danits_lp/seed_1
extra_robustness,dermmnist,L50_G20,ViTB16,2,danits_lp,,,50,300,0.0001,5e-06,,4,2003,223,45,111,3,144,45,45,0,0.6809264909107381,0.29850746268656714,0.30597014925373134,0.6488879280993184,0.6495660265879674,extra_experiments/pending_runs/extra_robustness/A_derm_asym_xbackbone/dermmnist/ViTB16/L50_G20/danits_lp/seed_2
extra_robustness,dermmnist,L50_G20,ViTB16,3,danits_lp,,,50,300,0.0001,5e-06,,4,2003,223,45,111,3,183,45,45,0,0.6176809458391277,0.27611940298507465,0.27611940298507465,0.6117520597453544,0.6117520597453544,extra_experiments/pending_runs/extra_robustness/A_derm_asym_xbackbone/dermmnist/ViTB16/L50_G20/danits_lp/seed_3
extra_robustness,dermmnist,L50_G20,ViTB16,4,danits_lp,,,50,300,0.0001,5e-06,,4,2003,223,45,111,3,140,45,45,0,0.5464360682055407,0.26865671641791045,0.26119402985074625,0.6154397995901887,0.6142754841541586,extra_experiments/pending_runs/extra_robustness/A_derm_asym_xbackbone/dermmnist/ViTB16/L50_G20/danits_lp/seed_4
extra_robustness,dermmnist,L50_G20,ViTB16,1,fioretto_ldf,,,50,300,0.0001,5e-06,,4,2003,223,45,111,3,39,39,45,6,0.5805329082559678,0.22900763358778625,0.26865671641791045,0.6505732861838806,0.6568067104718516,extra_experiments/pending_runs/extra_robustness/A_derm_asym_xbackbone/dermmnist/ViTB16/L50_G20/fioretto_ldf/seed_1
extra_robustness,dermmnist,L50_G20,ViTB16,2,fioretto_ldf,,,50,300,0.0001,5e-06,,4,2003,223,45,111,3,37,37,45,8,0.6413237264730741,0.25384615384615383,0.29850746268656714,0.6524221798714197,0.6608748093029162,extra_experiments/pending_runs/extra_robustness/A_derm_asym_xbackbone/dermmnist/ViTB16/L50_G20/fioretto_ldf/seed_2
extra_robustness,dermmnist,L50_G20,ViTB16,3,fioretto_ldf,,,50,300,0.0001,5e-06,,4,2003,223,45,111,3,41,41,45,4,0.5782417279949905,0.2727272727272727,0.291044776119403,0.6500330888935295,0.652295545287274,extra_experiments/pending_runs/extra_robustness/A_derm_asym_xbackbone/dermmnist/ViTB16/L50_G20/fioretto_ldf/seed_3
extra_robustness,dermmnist,L50_G20,ViTB16,4,fioretto_ldf,,,50,300,0.0001,5e-06,,4,2003,223,45,111,3,43,43,45,2,0.5848545095468445,0.2857142857142857,0.29850746268656714,0.6652407934845488,0.6673186465232256,extra_experiments/pending_runs/extra_robustness/A_derm_asym_xbackbone/dermmnist/ViTB16/L50_G20/fioretto_ldf/seed_4
extra_robustness,dermmnist,L50_G20,ViTB16,1,heuristic,,,50,300,0.0001,5e-06,,4,2003,223,45,111,3,174,45,45,0,0.6023818119998875,0.291044776119403,0.291044776119403,0.6419298585591534,0.6419298585591534,extra_experiments/pending_runs/extra_robustness/A_derm_asym_xbackbone/dermmnist/ViTB16/L50_G20/heuristic/seed_1
extra_robustness,dermmnist,L50_G20,ViTB16,2,heuristic,,,50,300,0.0001,5e-06,,4,2003,223,45,111,3,144,45,45,0,0.6809264909107381,0.30597014925373134,0.30597014925373134,0.6495660265879674,0.6495660265879674,extra_experiments/pending_runs/extra_robustness/A_derm_asym_xbackbone/dermmnist/ViTB16/L50_G20/heuristic/seed_2
extra_robustness,dermmnist,L50_G20,ViTB16,3,heuristic,,,50,300,0.0001,5e-06,,4,2003,223,45,111,3,183,45,45,0,0.6176809458391277,0.27611940298507465,0.27611940298507465,0.6117520597453544,0.6117520597453544,extra_experiments/pending_runs/extra_robustness/A_derm_asym_xbackbone/dermmnist/ViTB16/L50_G20/heuristic/seed_3
extra_robustness,dermmnist,L50_G20,ViTB16,4,heuristic,,,50,300,0.0001,5e-06,,4,2003,223,45,111,3,140,45,45,0,0.5464360682055407,0.26119402985074625,0.26119402985074625,0.6142754841541586,0.6142754841541586,extra_experiments/pending_runs/extra_robustness/A_derm_asym_xbackbone/dermmnist/ViTB16/L50_G20/heuristic/seed_4
extra_robustness,dermmnist,L50_G20,ViTB16,1,hounie_rcl,,,50,300,0.0001,5e-06,,4,2003,223,45,111,3,45,45,45,0,0.5884737133989716,0.26865671641791045,0.26865671641791045,0.6525261991473765,0.6525261991473765,extra_experiments/pending_runs/extra_robustness/A_derm_asym_xbackbone/dermmnist/ViTB16/L50_G20/hounie_rcl/seed_1
extra_robustness,dermmnist,L50_G20,ViTB16,2,hounie_rcl,,,50,300,0.0001,5e-06,,4,2003,223,45,111,3,43,43,45,2,0.654388438439263,0.2932330827067669,0.30597014925373134,0.6518421938929195,0.653882501907977,extra_experiments/pending_runs/extra_robustness/A_derm_asym_xbackbone/dermmnist/ViTB16/L50_G20/hounie_rcl/seed_2
extra_robustness,dermmnist,L50_G20,ViTB16,3,hounie_rcl,,,50,300,0.0001,5e-06,,4,2003,223,45,111,3,44,44,45,1,0.592900151731271,0.2846441947565543,0.291044776119403,0.6551868626665218,0.6565225367866837,extra_experiments/pending_runs/extra_robustness/A_derm_asym_xbackbone/dermmnist/ViTB16/L50_G20/hounie_rcl/seed_3
extra_robustness,dermmnist,L50_G20,ViTB16,4,hounie_rcl,,,50,300,0.0001,5e-06,,4,2003,223,45,111,3,45,45,45,0,0.594152193515302,0.29850746268656714,0.29850746268656714,0.66179620631523,0.66179620631523,extra_experiments/pending_runs/extra_robustness/A_derm_asym_xbackbone/dermmnist/ViTB16/L50_G20/hounie_rcl/seed_4
extra_robustness,dermmnist,L50_G20,ViTB16,1,tralo,,,50,300,0.0001,5e-06,True,4,2003,223,45,111,3,44,44,45,1,0.5848367209912452,0.26217228464419473,0.26865671641791045,0.6580206406680047,0.659139965442038,extra_experiments/pending_runs/extra_robustness/A_derm_asym_xbackbone/dermmnist/ViTB16/L50_G20/tralo/seed_1
extra_robustness,dermmnist,L50_G20,ViTB16,2,tralo,,,50,300,0.0001,5e-06,True,4,2003,223,45,111,3,45,45,45,0,0.6260147695463759,0.291044776119403,0.291044776119403,0.6524008399959275,0.6524008399959275,extra_experiments/pending_runs/extra_robustness/A_derm_asym_xbackbone/dermmnist/ViTB16/L50_G20/tralo/seed_2
extra_robustness,dermmnist,L50_G20,ViTB16,3,tralo,,,50,300,0.0001,5e-06,True,4,2003,223,45,111,3,45,45,45,0,0.5431905210950825,0.27611940298507465,0.27611940298507465,0.6410674320694492,0.6410674320694492,extra_experiments/pending_runs/extra_robustness/A_derm_asym_xbackbone/dermmnist/ViTB16/L50_G20/tralo/seed_3
extra_robustness,dermmnist,L50_G20,ViTB16,4,tralo,,,50,300,0.0001,5e-06,True,4,2003,223,45,111,3,45,45,45,0,0.5850113948236069,0.291044776119403,0.291044776119403,0.6610758557921989,0.6610758557921989,extra_experiments/pending_runs/extra_robustness/A_derm_asym_xbackbone/dermmnist/ViTB16/L50_G20/tralo/seed_4
extra_robustness,dermmnist,L50_G20,ViTB16,1,tralo_bounded,,,50,300,0.0001,5e-06,True,4,2003,223,45,111,3,42,42,45,3,0.5816126425048573,0.2490566037735849,0.26865671641791045,0.6545806424312621,0.6576626655023567,extra_experiments/pending_runs/extra_robustness/A_derm_asym_xbackbone/dermmnist/ViTB16/L50_G20/tralo_bounded/seed_1
extra_robustness,dermmnist,L50_G20,ViTB16,2,tralo_bounded,,,50,300,0.0001,5e-06,True,4,2003,223,45,111,3,43,43,45,2,0.6448790197528497,0.2932330827067669,0.29850746268656714,0.650225979733588,0.6533418746104029,extra_experiments/pending_runs/extra_robustness/A_derm_asym_xbackbone/dermmnist/ViTB16/L50_G20/tralo_bounded/seed_2
extra_robustness,dermmnist,L50_G20,ViTB16,3,tralo_bounded,,,50,300,0.0001,5e-06,True,4,2003,223,45,111,3,44,44,45,1,0.5845662740404506,0.29213483146067415,0.291044776119403,0.6528725089104152,0.6526620098924694,extra_experiments/pending_runs/extra_robustness/A_derm_asym_xbackbone/dermmnist/ViTB16/L50_G20/tralo_bounded/seed_3
extra_robustness,dermmnist,L50_G20,ViTB16,4,tralo_bounded,,,50,300,0.0001,5e-06,True,4,2003,223,45,111,3,42,42,45,3,0.5841796398680207,0.2792452830188679,0.29850746268656714,0.6614393284740893,0.6644846464442417,extra_experiments/pending_runs/extra_robustness/A_derm_asym_xbackbone/dermmnist/ViTB16/L50_G20/tralo_bounded/seed_4
extra_robustness,dermmnist,L50_G30,ViTB16,1,danits_lp,,,50,300,0.0001,5e-06,,4,2003,223,67,111,3,174,67,67,0,0.6023818119998875,0.3724137931034483,0.3724137931034483,0.6579207026524595,0.6579207026524595,extra_experiments/pending_runs/extra_robustness/A_derm_asym_xbackbone/dermmnist/ViTB16/L50_G30/danits_lp/seed_1
extra_robustness,dermmnist,L50_G30,ViTB16,2,danits_lp,,,50,300,0.0001,5e-06,,4,2003,223,67,111,3,144,67,67,0,0.6809264909107381,0.3793103448275862,0.38620689655172413,0.6640945851950864,0.665331508583776,extra_experiments/pending_runs/extra_robustness/A_derm_asym_xbackbone/dermmnist/ViTB16/L50_G30/danits_lp/seed_2
extra_robustness,dermmnist,L50_G30,ViTB16,3,danits_lp,,,50,300,0.0001,5e-06,,4,2003,223,67,111,3,183,67,67,0,0.6176809458391277,0.38620689655172413,0.38620689655172413,0.6292077129630574,0.6292077129630574,extra_experiments/pending_runs/extra_robustness/A_derm_asym_xbackbone/dermmnist/ViTB16/L50_G30/danits_lp/seed_3
extra_robustness,dermmnist,L50_G30,ViTB16,4,danits_lp,,,50,300,0.0001,5e-06,,4,2003,223,67,111,3,140,67,67,0,0.5464360682055407,0.33793103448275863,0.3448275862068966,0.6269292368412792,0.6279144585161561,extra_experiments/pending_runs/extra_robustness/A_derm_asym_xbackbone/dermmnist/ViTB16/L50_G30/danits_lp/seed_4
extra_robustness,dermmnist,L50_G30,ViTB16,1,fioretto_ldf,,,50,300,0.0001,5e-06,,4,2003,223,67,111,3,64,64,67,3,0.6065431751819961,0.3554006968641115,0.3724137931034483,0.6849118275065555,0.6882315364718314,extra_experiments/pending_runs/extra_robustness/A_derm_asym_xbackbone/dermmnist/ViTB16/L50_G30/fioretto_ldf/seed_1
extra_robustness,dermmnist,L50_G30,ViTB16,2,fioretto_ldf,,,50,300,0.0001,5e-06,,4,2003,223,67,111,3,64,64,67,3,0.6663247167401136,0.3902439024390244,0.4068965517241379,0.6784828251295394,0.6810015763313082,extra_experiments/pending_runs/extra_robustness/A_derm_asym_xbackbone/dermmnist/ViTB16/L50_G30/fioretto_ldf/seed_2
extra_robustness,dermmnist,L50_G30,ViTB16,3,fioretto_ldf,,,50,300,0.0001,5e-06,,4,2003,223,67,111,3,67,67,67,0,0.6041064621684862,0.3793103448275862,0.3724137931034483,0.663862397335522,0.6626203263899895,extra_experiments/pending_runs/extra_robustness/A_derm_asym_xbackbone/dermmnist/ViTB16/L50_G30/fioretto_ldf/seed_3
extra_robustness,dermmnist,L50_G30,ViTB16,4,fioretto_ldf,,,50,300,0.0001,5e-06,,4,2003,223,67,111,3,59,59,67,8,0.6068650720453387,0.3617021276595745,0.38620689655172413,0.67077142116917,0.6727912744068056,extra_experiments/pending_runs/extra_robustness/A_derm_asym_xbackbone/dermmnist/ViTB16/L50_G30/fioretto_ldf/seed_4
extra_robustness,dermmnist,L50_G30,ViTB16,1,heuristic,,,50,300,0.0001,5e-06,,4,2003,223,67,111,3,174,67,67,0,0.6023818119998875,0.3724137931034483,0.3724137931034483,0.6579207026524595,0.6579207026524595,extra_experiments/pending_runs/extra_robustness/A_derm_asym_xbackbone/dermmnist/ViTB16/L50_G30/heuristic/seed_1
extra_robustness,dermmnist,L50_G30,ViTB16,2,heuristic,,,50,300,0.0001,5e-06,,4,2003,223,67,111,3,144,67,67,0,0.6809264909107381,0.38620689655172413,0.38620689655172413,0.665331508583776,0.665331508583776,extra_experiments/pending_runs/extra_robustness/A_derm_asym_xbackbone/dermmnist/ViTB16/L50_G30/heuristic/seed_2
extra_robustness,dermmnist,L50_G30,ViTB16,3,heuristic,,,50,300,0.0001,5e-06,,4,2003,223,67,111,3,183,67,67,0,0.6176809458391277,0.38620689655172413,0.38620689655172413,0.6292077129630574,0.6292077129630574,extra_experiments/pending_runs/extra_robustness/A_derm_asym_xbackbone/dermmnist/ViTB16/L50_G30/heuristic/seed_3
extra_robustness,dermmnist,L50_G30,ViTB16,4,heuristic,,,50,300,0.0001,5e-06,,4,2003,223,67,111,3,140,67,67,0,0.5464360682055407,0.3448275862068966,0.3448275862068966,0.6279144585161561,0.6279144585161561,extra_experiments/pending_runs/extra_robustness/A_derm_asym_xbackbone/dermmnist/ViTB16/L50_G30/heuristic/seed_4
extra_robustness,dermmnist,L50_G30,ViTB16,1,hounie_rcl,,,50,300,0.0001,5e-06,,4,2003,223,67,111,3,62,62,67,5,0.604474567603981,0.34385964912280703,0.36551724137931035,0.6718511783964407,0.6755564167410021,extra_experiments/pending_runs/extra_robustness/A_derm_asym_xbackbone/dermmnist/ViTB16/L50_G30/hounie_rcl/seed_1
extra_robustness,dermmnist,L50_G30,ViTB16,2,hounie_rcl,,,50,300,0.0001,5e-06,,4,2003,223,67,111,3,65,65,67,2,0.6660503504129514,0.3958333333333333,0.4068965517241379,0.6743702275297757,0.676311617991787,extra_experiments/pending_runs/extra_robustness/A_derm_asym_xbackbone/dermmnist/ViTB16/L50_G30/hounie_rcl/seed_2
extra_robustness,dermmnist,L50_G30,ViTB16,3,hounie_rcl,,,50,300,0.0001,5e-06,,4,2003,223,67,111,3,62,62,67,5,0.6047265443225089,0.34385964912280703,0.3724137931034483,0.6619126378935783,0.6669218112000841,extra_experiments/pending_runs/extra_robustness/A_derm_asym_xbackbone/dermmnist/ViTB16/L50_G30/hounie_rcl/seed_3
extra_robustness,dermmnist,L50_G30,ViTB16,4,hounie_rcl,,,50,300,0.0001,5e-06,,4,2003,223,67,111,3,63,63,67,4,0.6062771381886611,0.3776223776223776,0.3931034482758621,0.672857704372001,0.6753074078584641,extra_experiments/pending_runs/extra_robustness/A_derm_asym_xbackbone/dermmnist/ViTB16/L50_G30/hounie_rcl/seed_4
extra_robustness,dermmnist,L50_G30,ViTB16,1,tralo,,,50,300,0.0001,5e-06,True,4,2003,223,67,111,3,66,66,67,1,0.6047400881300021,0.35986159169550175,0.36551724137931035,0.6823806069390231,0.6832345470866572,extra_experiments/pending_runs/extra_robustness/A_derm_asym_xbackbone/dermmnist/ViTB16/L50_G30/tralo/seed_1
extra_robustness,dermmnist,L50_G30,ViTB16,2,tralo,,,50,300,0.0001,5e-06,True,4,2003,223,67,111,3,67,67,67,0,0.6590441463879377,0.4,0.4,0.6815770536422427,0.6815770536422427,extra_experiments/pending_runs/extra_robustness/A_derm_asym_xbackbone/dermmnist/ViTB16/L50_G30/tralo/seed_2
extra_robustness,dermmnist,L50_G30,ViTB16,3,tralo,,,50,300,0.0001,5e-06,True,4,2003,223,67,111,3,67,67,67,0,0.5984311172419896,0.3793103448275862,0.3793103448275862,0.6612275199832867,0.6612275199832867,extra_experiments/pending_runs/extra_robustness/A_derm_asym_xbackbone/dermmnist/ViTB16/L50_G30/tralo/seed_3
extra_robustness,dermmnist,L50_G30,ViTB16,4,tralo,,,50,300,0.0001,5e-06,True,4,2003,223,67,111,3,64,64,67,3,0.6011174230285344,0.37630662020905925,0.3793103448275862,0.678189846189257,0.6787572033755165,extra_experiments/pending_runs/extra_robustness/A_derm_asym_xbackbone/dermmnist/ViTB16/L50_G30/tralo/seed_4
extra_robustness,dermmnist,L50_G30,ViTB16,1,tralo_bounded,,,50,300,0.0001,5e-06,True,4,2003,223,67,111,3,61,61,67,6,0.5998461617079953,0.3380281690140845,0.36551724137931035,0.6791783487821664,0.6841668761023131,extra_experiments/pending_runs/extra_robustness/A_derm_asym_xbackbone/dermmnist/ViTB16/L50_G30/tralo_bounded/seed_1
extra_robustness,dermmnist,L50_G30,ViTB16,2,tralo_bounded,,,50,300,0.0001,5e-06,True,4,2003,223,67,111,3,66,66,67,1,0.6657685160923901,0.4013840830449827,0.4068965517241379,0.6803291192814119,0.6811633485404104,extra_experiments/pending_runs/extra_robustness/A_derm_asym_xbackbone/dermmnist/ViTB16/L50_G30/tralo_bounded/seed_2
extra_robustness,dermmnist,L50_G30,ViTB16,3,tralo_bounded,,,50,300,0.0001,5e-06,True,4,2003,223,67,111,3,64,64,67,3,0.6024175731829404,0.3554006968641115,0.3724137931034483,0.6636044265728053,0.6661743643499237,extra_experiments/pending_runs/extra_robustness/A_derm_asym_xbackbone/dermmnist/ViTB16/L50_G30/tralo_bounded/seed_3
extra_robustness,dermmnist,L50_G30,ViTB16,4,tralo_bounded,,,50,300,0.0001,5e-06,True,4,2003,223,67,111,3,61,61,67,6,0.6036155981495516,0.36619718309859156,0.38620689655172413,0.6714514369848131,0.6727342288175874,extra_experiments/pending_runs/extra_robustness/A_derm_asym_xbackbone/dermmnist/ViTB16/L50_G30/tralo_bounded/seed_4
extra_robustness,dermmnist,L70_G50,ViTB16,1,danits_lp,,,50,300,0.0001,5e-06,,4,2003,223,112,156,3,174,112,112,0,0.6023818119998875,0.46567164179104475,0.4716417910447761,0.6730936695049042,0.6743885167397671,extra_experiments/pending_runs/extra_robustness/A_derm_asym_xbackbone/dermmnist/ViTB16/L70_G50/danits_lp/seed_1
extra_robustness,dermmnist,L70_G50,ViTB16,2,danits_lp,,,50,300,0.0001,5e-06,,4,2003,223,112,156,3,144,112,112,0,0.6809264909107381,0.5313432835820896,0.5253731343283582,0.6899196719507074,0.6889632738171516,extra_experiments/pending_runs/extra_robustness/A_derm_asym_xbackbone/dermmnist/ViTB16/L70_G50/danits_lp/seed_2
extra_robustness,dermmnist,L70_G50,ViTB16,3,danits_lp,,,50,300,0.0001,5e-06,,4,2003,223,112,156,3,183,112,112,0,0.6176809458391277,0.5074626865671642,0.5074626865671642,0.6510818659962954,0.6510818659962954,extra_experiments/pending_runs/extra_robustness/A_derm_asym_xbackbone/dermmnist/ViTB16/L70_G50/danits_lp/seed_3
extra_robustness,dermmnist,L70_G50,ViTB16,4,danits_lp,,,50,300,0.0001,5e-06,,4,2003,223,112,156,3,140,112,112,0,0.5464360682055407,0.4417910447761194,0.44776119402985076,0.640806665628639,0.6411336809598864,extra_experiments/pending_runs/extra_robustness/A_derm_asym_xbackbone/dermmnist/ViTB16/L70_G50/danits_lp/seed_4
extra_robustness,dermmnist,L70_G50,ViTB16,1,fioretto_ldf,,,50,300,0.0001,5e-06,,4,2003,223,112,156,3,110,110,112,2,0.6262064366734553,0.5045045045045045,0.5074626865671642,0.7062016014404149,0.7066159076154882,extra_experiments/pending_runs/extra_robustness/A_derm_asym_xbackbone/dermmnist/ViTB16/L70_G50/fioretto_ldf/seed_1
extra_robustness,dermmnist,L70_G50,ViTB16,2,fioretto_ldf,,,50,300,0.0001,5e-06,,4,2003,223,112,156,3,102,102,112,10,0.6798733172523985,0.5230769230769231,0.5313432835820896,0.7037254290059265,0.7064647724905395,extra_experiments/pending_runs/extra_robustness/A_derm_asym_xbackbone/dermmnist/ViTB16/L70_G50/fioretto_ldf/seed_2
extra_robustness,dermmnist,L70_G50,ViTB16,3,fioretto_ldf,,,50,300,0.0001,5e-06,,4,2003,223,112,156,3,103,103,112,9,0.6232506509617018,0.49693251533742333,0.5074626865671642,0.6893339482301485,0.6903153029724478,extra_experiments/pending_runs/extra_robustness/A_derm_asym_xbackbone/dermmnist/ViTB16/L70_G50/fioretto_ldf/seed_3
extra_robustness,dermmnist,L70_G50,ViTB16,4,fioretto_ldf,,,50,300,0.0001,5e-06,,4,2003,223,112,156,3,106,106,112,6,0.6189708828882157,0.47416413373860183,0.4835820895522388,0.6884086377320214,0.6896187389300802,extra_experiments/pending_runs/extra_robustness/A_derm_asym_xbackbone/dermmnist/ViTB16/L70_G50/fioretto_ldf/seed_4
extra_robustness,dermmnist,L70_G50,ViTB16,1,heuristic,,,50,300,0.0001,5e-06,,4,2003,223,112,156,3,174,112,112,0,0.6023818119998875,0.4716417910447761,0.4716417910447761,0.6743885167397671,0.6743885167397671,extra_experiments/pending_runs/extra_robustness/A_derm_asym_xbackbone/dermmnist/ViTB16/L70_G50/heuristic/seed_1
extra_robustness,dermmnist,L70_G50,ViTB16,2,heuristic,,,50,300,0.0001,5e-06,,4,2003,223,112,156,3,144,112,112,0,0.6809264909107381,0.5253731343283582,0.5253731343283582,0.6889632738171516,0.6889632738171516,extra_experiments/pending_runs/extra_robustness/A_derm_asym_xbackbone/dermmnist/ViTB16/L70_G50/heuristic/seed_2
extra_robustness,dermmnist,L70_G50,ViTB16,3,heuristic,,,50,300,0.0001,5e-06,,4,2003,223,112,156,3,183,112,112,0,0.6176809458391277,0.5074626865671642,0.5074626865671642,0.6510818659962954,0.6510818659962954,extra_experiments/pending_runs/extra_robustness/A_derm_asym_xbackbone/dermmnist/ViTB16/L70_G50/heuristic/seed_3
extra_robustness,dermmnist,L70_G50,ViTB16,4,heuristic,,,50,300,0.0001,5e-06,,4,2003,223,112,156,3,140,112,112,0,0.5464360682055407,0.44776119402985076,0.44776119402985076,0.6411336809598864,0.6411336809598864,extra_experiments/pending_runs/extra_robustness/A_derm_asym_xbackbone/dermmnist/ViTB16/L70_G50/heuristic/seed_4
extra_robustness,dermmnist,L70_G50,ViTB16,1,hounie_rcl,,,50,300,0.0001,5e-06,,4,2003,223,112,156,3,110,110,112,2,0.6261058510638844,0.5045045045045045,0.5074626865671642,0.7060837318634324,0.7019712120412519,extra_experiments/pending_runs/extra_robustness/A_derm_asym_xbackbone/dermmnist/ViTB16/L70_G50/hounie_rcl/seed_1
extra_robustness,dermmnist,L70_G50,ViTB16,2,hounie_rcl,,,50,300,0.0001,5e-06,,4,2003,223,112,156,3,112,112,112,0,0.6828032156372713,0.5373134328358209,0.5373134328358209,0.705366855108723,0.705366855108723,extra_experiments/pending_runs/extra_robustness/A_derm_asym_xbackbone/dermmnist/ViTB16/L70_G50/hounie_rcl/seed_2
extra_robustness,dermmnist,L70_G50,ViTB16,3,hounie_rcl,,,50,300,0.0001,5e-06,,4,2003,223,112,156,3,110,110,112,2,0.626711231020616,0.5045045045045045,0.5074626865671642,0.6875901056261075,0.6877887548873425,extra_experiments/pending_runs/extra_robustness/A_derm_asym_xbackbone/dermmnist/ViTB16/L70_G50/hounie_rcl/seed_3
extra_robustness,dermmnist,L70_G50,ViTB16,4,hounie_rcl,,,50,300,0.0001,5e-06,,4,2003,223,112,156,3,108,108,112,4,0.6204017418281298,0.4773413897280967,0.47761194029850745,0.6850424487233212,0.6852942970812946,extra_experiments/pending_runs/extra_robustness/A_derm_asym_xbackbone/dermmnist/ViTB16/L70_G50/hounie_rcl/seed_4
extra_robustness,dermmnist,L70_G50,ViTB16,1,tralo,,,50,300,0.0001,5e-06,True,4,2003,223,112,156,3,111,111,112,1,0.625792504329426,0.5029940119760479,0.5014925373134328,0.7053459731753527,0.7047096204889189,extra_experiments/pending_runs/extra_robustness/A_derm_asym_xbackbone/dermmnist/ViTB16/L70_G50/tralo/seed_1
extra_robustness,dermmnist,L70_G50,ViTB16,2,tralo,,,50,300,0.0001,5e-06,True,4,2003,223,112,156,3,111,111,112,1,0.6825708417123209,0.5389221556886228,0.5373134328358209,0.7064261659926626,0.7061407915112702,extra_experiments/pending_runs/extra_robustness/A_derm_asym_xbackbone/dermmnist/ViTB16/L70_G50/tralo/seed_2
extra_robustness,dermmnist,L70_G50,ViTB16,3,tralo,,,50,300,0.0001,5e-06,True,4,2003,223,112,156,3,111,111,112,1,0.6219435944735183,0.5029940119760479,0.5074626865671642,0.6851190315312031,0.6858040626700601,extra_experiments/pending_runs/extra_robustness/A_derm_asym_xbackbone/dermmnist/ViTB16/L70_G50/tralo/seed_3
extra_robustness,dermmnist,L70_G50,ViTB16,4,tralo,,,50,300,0.0001,5e-06,True,4,2003,223,112,156,3,112,112,112,0,0.6189339089857734,0.48955223880597015,0.48955223880597015,0.6937754228551422,0.6937754228551422,extra_experiments/pending_runs/extra_robustness/A_derm_asym_xbackbone/dermmnist/ViTB16/L70_G50/tralo/seed_4
extra_robustness,dermmnist,L70_G50,ViTB16,1,tralo_bounded,,,50,300,0.0001,5e-06,True,4,2003,223,112,156,3,108,108,112,4,0.624350292416931,0.5015105740181269,0.5074626865671642,0.7056642460403129,0.7064980990281181,extra_experiments/pending_runs/extra_robustness/A_derm_asym_xbackbone/dermmnist/ViTB16/L70_G50/tralo_bounded/seed_1
extra_robustness,dermmnist,L70_G50,ViTB16,2,tralo_bounded,,,50,300,0.0001,5e-06,True,4,2003,223,112,156,3,110,110,112,2,0.681698019970956,0.5345345345345346,0.5373134328358209,0.7043737755895317,0.7048657149278078,extra_experiments/pending_runs/extra_robustness/A_derm_asym_xbackbone/dermmnist/ViTB16/L70_G50/tralo_bounded/seed_2
extra_robustness,dermmnist,L70_G50,ViTB16,3,tralo_bounded,,,50,300,0.0001,5e-06,True,4,2003,223,112,156,3,107,107,112,5,0.6246584329695789,0.503030303030303,0.5074626865671642,0.6899722827945343,0.6903153029724478,extra_experiments/pending_runs/extra_robustness/A_derm_asym_xbackbone/dermmnist/ViTB16/L70_G50/tralo_bounded/seed_3
extra_robustness,dermmnist,L70_G50,ViTB16,4,tralo_bounded,,,50,300,0.0001,5e-06,True,4,2003,223,112,156,3,113,112,112,0,0.6207085721378661,0.47761194029850745,0.47761194029850745,0.6879846331617685,0.6879846331617685,extra_experiments/pending_runs/extra_robustness/A_derm_asym_xbackbone/dermmnist/ViTB16/L70_G50/tralo_bounded/seed_4
extra_robustness,dermmnist,L80_G70,ViTB16,1,danits_lp,,,50,300,0.0001,5e-06,,4,2003,223,156,178,3,174,156,156,0,0.6023818119998875,0.5382585751978892,0.5382585751978892,0.6818569071643219,0.6818569071643219,extra_experiments/pending_runs/extra_robustness/A_derm_asym_xbackbone/dermmnist/ViTB16/L80_G70/danits_lp/seed_1
extra_robustness,dermmnist,L80_G70,ViTB16,2,danits_lp,,,50,300,0.0001,5e-06,,4,2003,223,156,178,3,144,144,156,12,0.6809264909107381,0.5885558583106267,0.6121372031662269,0.7057174534888823,0.7073155247716586,extra_experiments/pending_runs/extra_robustness/A_derm_asym_xbackbone/dermmnist/ViTB16/L80_G70/danits_lp/seed_2
extra_robustness,dermmnist,L80_G70,ViTB16,3,danits_lp,,,50,300,0.0001,5e-06,,4,2003,223,156,178,3,183,156,156,0,0.6176809458391277,0.5593667546174143,0.554089709762533,0.6527389796868911,0.6524701211689502,extra_experiments/pending_runs/extra_robustness/A_derm_asym_xbackbone/dermmnist/ViTB16/L80_G70/danits_lp/seed_3
extra_robustness,dermmnist,L80_G70,ViTB16,4,danits_lp,,,50,300,0.0001,5e-06,,4,2003,223,156,178,3,140,140,156,16,0.5464360682055407,0.48484848484848486,0.48021108179419525,0.6428167028116704,0.6410735715086061,extra_experiments/pending_runs/extra_robustness/A_derm_asym_xbackbone/dermmnist/ViTB16/L80_G70/danits_lp/seed_4
extra_robustness,dermmnist,L80_G70,ViTB16,1,fioretto_ldf,,,50,300,0.0001,5e-06,,4,2003,223,156,178,3,149,149,156,7,0.6375494616706835,0.5698924731182796,0.5804749340369393,0.7143690308601202,0.7169930967804847,extra_experiments/pending_runs/extra_robustness/A_derm_asym_xbackbone/dermmnist/ViTB16/L80_G70/fioretto_ldf/seed_1
extra_robustness,dermmnist,L80_G70,ViTB16,2,fioretto_ldf,,,50,300,0.0001,5e-06,,4,2003,223,156,178,3,144,144,156,12,0.6885303333912876,0.5885558583106267,0.6068601583113457,0.7129928855889591,0.713053320935063,extra_experiments/pending_runs/extra_robustness/A_derm_asym_xbackbone/dermmnist/ViTB16/L80_G70/fioretto_ldf/seed_2
extra_robustness,dermmnist,L80_G70,ViTB16,3,fioretto_ldf,,,50,300,0.0001,5e-06,,4,2003,223,156,178,3,152,152,156,4,0.6344323664760261,0.576,0.5699208443271768,0.6995987694146862,0.6872041993915278,extra_experiments/pending_runs/extra_robustness/A_derm_asym_xbackbone/dermmnist/ViTB16/L80_G70/fioretto_ldf/seed_3
extra_robustness,dermmnist,L80_G70,ViTB16,4,fioretto_ldf,,,50,300,0.0001,5e-06,,4,2003,223,156,178,3,149,149,156,7,0.6293197115333315,0.5376344086021505,0.5646437994722955,0.7092221334776722,0.7134881148496063,extra_experiments/pending_runs/extra_robustness/A_derm_asym_xbackbone/dermmnist/ViTB16/L80_G70/fioretto_ldf/seed_4
extra_robustness,dermmnist,L80_G70,ViTB16,1,heuristic,,,50,300,0.0001,5e-06,,4,2003,223,156,178,3,174,156,156,0,0.6023818119998875,0.5382585751978892,0.5382585751978892,0.6818569071643219,0.6818569071643219,extra_experiments/pending_runs/extra_robustness/A_derm_asym_xbackbone/dermmnist/ViTB16/L80_G70/heuristic/seed_1
extra_robustness,dermmnist,L80_G70,ViTB16,2,heuristic,,,50,300,0.0001,5e-06,,4,2003,223,156,178,3,144,156,156,0,0.6809264909107381,0.6121372031662269,0.6121372031662269,0.7073155247716586,0.7073155247716586,extra_experiments/pending_runs/extra_robustness/A_derm_asym_xbackbone/dermmnist/ViTB16/L80_G70/heuristic/seed_2
extra_robustness,dermmnist,L80_G70,ViTB16,3,heuristic,,,50,300,0.0001,5e-06,,4,2003,223,156,178,3,183,156,156,0,0.6176809458391277,0.554089709762533,0.554089709762533,0.6524701211689502,0.6524701211689502,extra_experiments/pending_runs/extra_robustness/A_derm_asym_xbackbone/dermmnist/ViTB16/L80_G70/heuristic/seed_3
extra_robustness,dermmnist,L80_G70,ViTB16,4,heuristic,,,50,300,0.0001,5e-06,,4,2003,223,156,178,3,140,156,156,0,0.5464360682055407,0.48021108179419525,0.48021108179419525,0.6410735715086061,0.6410735715086061,extra_experiments/pending_runs/extra_robustness/A_derm_asym_xbackbone/dermmnist/ViTB16/L80_G70/heuristic/seed_4
extra_robustness,dermmnist,L80_G70,ViTB16,1,hounie_rcl,,,50,300,0.0001,5e-06,,4,2003,223,156,178,3,155,155,156,1,0.6382069035550877,0.5767195767195767,0.575197889182058,0.7205755240015526,0.7203023674255806,extra_experiments/pending_runs/extra_robustness/A_derm_asym_xbackbone/dermmnist/ViTB16/L80_G70/hounie_rcl/seed_1
extra_robustness,dermmnist,L80_G70,ViTB16,2,hounie_rcl,,,50,300,0.0001,5e-06,,4,2003,223,156,178,3,154,154,156,2,0.6892991122818714,0.5941644562334217,0.5963060686015831,0.7128991804729284,0.7114961136242861,extra_experiments/pending_runs/extra_robustness/A_derm_asym_xbackbone/dermmnist/ViTB16/L80_G70/hounie_rcl/seed_2
extra_robustness,dermmnist,L80_G70,ViTB16,3,hounie_rcl,,,50,300,0.0001,5e-06,,4,2003,223,156,178,3,154,154,156,2,0.6348789433107368,0.5729442970822282,0.5699208443271768,0.6889754058634582,0.6859951406808754,extra_experiments/pending_runs/extra_robustness/A_derm_asym_xbackbone/dermmnist/ViTB16/L80_G70/hounie_rcl/seed_3
extra_robustness,dermmnist,L80_G70,ViTB16,4,hounie_rcl,,,50,300,0.0001,5e-06,,4,2003,223,156,178,3,155,155,156,1,0.6307154550601792,0.5555555555555556,0.5593667546174143,0.7135021446387306,0.7140939869944773,extra_experiments/pending_runs/extra_robustness/A_derm_asym_xbackbone/dermmnist/ViTB16/L80_G70/hounie_rcl/seed_4
extra_robustness,dermmnist,L80_G70,ViTB16,1,tralo,,,50,300,0.0001,5e-06,True,4,2003,223,156,178,3,144,144,156,12,0.6290586341331822,0.5831062670299727,0.6015831134564644,0.7287008015876987,0.7316619960487575,extra_experiments/pending_runs/extra_robustness/A_derm_asym_xbackbone/dermmnist/ViTB16/L80_G70/tralo/seed_1
extra_robustness,dermmnist,L80_G70,ViTB16,2,tralo,,,50,300,0.0001,5e-06,True,4,2003,223,156,178,3,149,149,156,7,0.6890962872494296,0.6021505376344086,0.6068601583113457,0.7150397171644444,0.7142076105782256,extra_experiments/pending_runs/extra_robustness/A_derm_asym_xbackbone/dermmnist/ViTB16/L80_G70/tralo/seed_2
extra_robustness,dermmnist,L80_G70,ViTB16,3,tralo,,,50,300,0.0001,5e-06,True,4,2003,223,156,178,3,156,156,156,0,0.6345614640678797,0.5646437994722955,0.5646437994722955,0.6833770594939564,0.6852876264453832,extra_experiments/pending_runs/extra_robustness/A_derm_asym_xbackbone/dermmnist/ViTB16/L80_G70/tralo/seed_3
extra_robustness,dermmnist,L80_G70,ViTB16,4,tralo,,,50,300,0.0001,5e-06,True,4,2003,223,156,178,3,154,154,156,2,0.6290727643431028,0.5517241379310345,0.5646437994722955,0.7124369312929907,0.7142021318253791,extra_experiments/pending_runs/extra_robustness/A_derm_asym_xbackbone/dermmnist/ViTB16/L80_G70/tralo/seed_4
extra_robustness,dermmnist,L80_G70,ViTB16,1,tralo_bounded,,,50,300,0.0001,5e-06,True,4,2003,223,156,178,3,148,148,156,8,0.6372469587995532,0.5660377358490566,0.5804749340369393,0.7132781977463222,0.7169930967804847,extra_experiments/pending_runs/extra_robustness/A_derm_asym_xbackbone/dermmnist/ViTB16/L80_G70/tralo_bounded/seed_1
extra_robustness,dermmnist,L80_G70,ViTB16,2,tralo_bounded,,,50,300,0.0001,5e-06,True,4,2003,223,156,178,3,147,147,156,9,0.6893056375717959,0.5945945945945946,0.6015831134564644,0.7137239484448371,0.7142085964490805,extra_experiments/pending_runs/extra_robustness/A_derm_asym_xbackbone/dermmnist/ViTB16/L80_G70/tralo_bounded/seed_2
extra_robustness,dermmnist,L80_G70,ViTB16,3,tralo_bounded,,,50,300,0.0001,5e-06,True,4,2003,223,156,178,3,151,151,156,5,0.6343778804104212,0.5775401069518716,0.5699208443271768,0.6978211525390082,0.6854286462876891,extra_experiments/pending_runs/extra_robustness/A_derm_asym_xbackbone/dermmnist/ViTB16/L80_G70/tralo_bounded/seed_3
extra_robustness,dermmnist,L80_G70,ViTB16,4,tralo_bounded,,,50,300,0.0001,5e-06,True,4,2003,223,156,178,3,149,149,156,7,0.6294220982014882,0.5376344086021505,0.5593667546174143,0.709655138632811,0.7131640301128221,extra_experiments/pending_runs/extra_robustness/A_derm_asym_xbackbone/dermmnist/ViTB16/L80_G70/tralo_bounded/seed_4
extra_robustness,dermmnist,L50_G20,MobileNetV3,1,tralo,,,50,300,0.0001,5e-06,True,4,2003,223,45,111,3,45,45,45,0,0.6163720647462938,0.31343283582089554,0.31343283582089554,0.6877523377785948,0.6877523377785948,extra_experiments/pending_runs/extra_robustness/B_loo_ablation/no_freeze/dermmnist/MobileNetV3/L50_G20/tralo/seed_1
extra_robustness,dermmnist,L50_G20,MobileNetV3,2,tralo,,,50,300,0.0001,5e-06,True,4,2003,223,45,111,3,42,42,45,3,0.6490479783626625,0.28679245283018867,0.31343283582089554,0.7003663595927001,0.7043102149847182,extra_experiments/pending_runs/extra_robustness/B_loo_ablation/no_freeze/dermmnist/MobileNetV3/L50_G20/tralo/seed_2
extra_robustness,dermmnist,L50_G20,MobileNetV3,3,tralo,,,50,300,0.0001,5e-06,True,4,2003,223,45,111,3,45,45,45,0,0.6363758870827426,0.30597014925373134,0.30597014925373134,0.7217150389652198,0.7217150389652198,extra_experiments/pending_runs/extra_robustness/B_loo_ablation/no_freeze/dermmnist/MobileNetV3/L50_G20/tralo/seed_3
extra_robustness,dermmnist,L50_G20,MobileNetV3,4,tralo,,,50,300,0.0001,5e-06,True,4,2003,223,45,111,3,45,45,45,0,0.6202104995811012,0.3283582089552239,0.3283582089552239,0.7044416601653839,0.7044416601653839,extra_experiments/pending_runs/extra_robustness/B_loo_ablation/no_freeze/dermmnist/MobileNetV3/L50_G20/tralo/seed_4
extra_robustness,dermmnist,L50_G30,MobileNetV3,1,tralo,,,50,300,0.0001,5e-06,True,4,2003,223,67,111,3,66,66,67,1,0.6601460629790352,0.41522491349480967,0.42758620689655175,0.7115324267898858,0.7134448431748014,extra_experiments/pending_runs/extra_robustness/B_loo_ablation/no_freeze/dermmnist/MobileNetV3/L50_G30/tralo/seed_1
extra_robustness,dermmnist,L50_G30,MobileNetV3,2,tralo,,,50,300,0.0001,5e-06,True,4,2003,223,67,111,3,67,67,67,0,0.6751965772374431,0.41379310344827586,0.41379310344827586,0.7158550373541003,0.7158550373541003,extra_experiments/pending_runs/extra_robustness/B_loo_ablation/no_freeze/dermmnist/MobileNetV3/L50_G30/tralo/seed_2
extra_robustness,dermmnist,L50_G30,MobileNetV3,3,tralo,,,50,300,0.0001,5e-06,True,4,2003,223,67,111,3,65,65,67,2,0.6283061493254536,0.3958333333333333,0.4,0.7426293881031871,0.7432161802080416,extra_experiments/pending_runs/extra_robustness/B_loo_ablation/no_freeze/dermmnist/MobileNetV3/L50_G30/tralo/seed_3
extra_robustness,dermmnist,L50_G30,MobileNetV3,4,tralo,,,50,300,0.0001,5e-06,True,4,2003,223,67,111,3,67,67,67,0,0.6673237471844686,0.43448275862068964,0.43448275862068964,0.7300501803976811,0.7300501803976811,extra_experiments/pending_runs/extra_robustness/B_loo_ablation/no_freeze/dermmnist/MobileNetV3/L50_G30/tralo/seed_4
extra_robustness,dermmnist,L50_G20,RegNetY400MF,1,tralo,,,50,300,0.0001,5e-06,True,4,2003,223,45,111,3,43,43,45,2,0.5980405684150275,0.3007518796992481,0.31343283582089554,0.6819431208620044,0.6840285845955311,extra_experiments/pending_runs/extra_robustness/B_loo_ablation/no_freeze/dermmnist/RegNetY400MF/L50_G20/tralo/seed_1
extra_robustness,dermmnist,L50_G20,RegNetY400MF,2,tralo,,,50,300,0.0001,5e-06,True,4,2003,223,45,111,3,42,42,45,3,0.6071275163268137,0.30943396226415093,0.3283582089552239,0.6868908770099731,0.6905697919014907,extra_experiments/pending_runs/extra_robustness/B_loo_ablation/no_freeze/dermmnist/RegNetY400MF/L50_G20/tralo/seed_2
extra_robustness,dermmnist,L50_G20,RegNetY400MF,3,tralo,,,50,300,0.0001,5e-06,True,4,2003,223,45,111,3,41,41,45,4,0.5806725316883037,0.2878787878787879,0.31343283582089554,0.6719743513423254,0.6759869901963845,extra_experiments/pending_runs/extra_robustness/B_loo_ablation/no_freeze/dermmnist/RegNetY400MF/L50_G20/tralo/seed_3
extra_robustness,dermmnist,L50_G20,RegNetY400MF,4,tralo,,,50,300,0.0001,5e-06,True,4,2003,223,45,111,3,43,43,45,2,0.6041320752983277,0.3082706766917293,0.3208955223880597,0.6762079033935281,0.6781013958742205,extra_experiments/pending_runs/extra_robustness/B_loo_ablation/no_freeze/dermmnist/RegNetY400MF/L50_G20/tralo/seed_4
extra_robustness,dermmnist,L50_G30,RegNetY400MF,1,tralo,,,50,300,0.0001,5e-06,True,4,2003,223,67,111,3,67,67,67,0,0.6526579432337575,0.41379310344827586,0.41379310344827586,0.7179683159499657,0.7179683159499657,extra_experiments/pending_runs/extra_robustness/B_loo_ablation/no_freeze/dermmnist/RegNetY400MF/L50_G30/tralo/seed_1
extra_robustness,dermmnist,L50_G30,RegNetY400MF,2,tralo,,,50,300,0.0001,5e-06,True,4,2003,223,67,111,3,67,67,67,0,0.6529562541818792,0.4206896551724138,0.4206896551724138,0.720118715225756,0.720118715225756,extra_experiments/pending_runs/extra_robustness/B_loo_ablation/no_freeze/dermmnist/RegNetY400MF/L50_G30/tralo/seed_2
extra_robustness,dermmnist,L50_G30,RegNetY400MF,3,tralo,,,50,300,0.0001,5e-06,True,4,2003,223,67,111,3,65,65,67,2,0.6582388504399644,0.3958333333333333,0.4068965517241379,0.696680699723751,0.698533585824651,extra_experiments/pending_runs/extra_robustness/B_loo_ablation/no_freeze/dermmnist/RegNetY400MF/L50_G30/tralo/seed_3
extra_robustness,dermmnist,L50_G30,RegNetY400MF,4,tralo,,,50,300,0.0001,5e-06,True,4,2003,223,67,111,3,67,67,67,0,0.6572269405521678,0.4413793103448276,0.4413793103448276,0.7068557281359714,0.7068557281359714,extra_experiments/pending_runs/extra_robustness/B_loo_ablation/no_freeze/dermmnist/RegNetY400MF/L50_G30/tralo/seed_4
extra_robustness,dermmnist,L50_G20,ViTB16,1,tralo,,,50,300,0.0001,5e-06,True,4,2003,223,45,111,3,44,44,45,1,0.584633244288059,0.26217228464419473,0.26865671641791045,0.6580206406680047,0.659139965442038,extra_experiments/pending_runs/extra_robustness/B_loo_ablation/no_freeze/dermmnist/ViTB16/L50_G20/tralo/seed_1
extra_robustness,dermmnist,L50_G20,ViTB16,2,tralo,,,50,300,0.0001,5e-06,True,4,2003,223,45,111,3,45,45,45,0,0.6348550008349662,0.29850746268656714,0.29850746268656714,0.654583909538883,0.654583909538883,extra_experiments/pending_runs/extra_robustness/B_loo_ablation/no_freeze/dermmnist/ViTB16/L50_G20/tralo/seed_2
extra_robustness,dermmnist,L50_G20,ViTB16,3,tralo,,,50,300,0.0001,5e-06,True,4,2003,223,45,111,3,45,45,45,0,0.5807884811587289,0.291044776119403,0.291044776119403,0.6529574242050824,0.6529574242050824,extra_experiments/pending_runs/extra_robustness/B_loo_ablation/no_freeze/dermmnist/ViTB16/L50_G20/tralo/seed_3
extra_robustness,dermmnist,L50_G20,ViTB16,4,tralo,,,50,300,0.0001,5e-06,True,4,2003,223,45,111,3,45,45,45,0,0.5845307146549449,0.291044776119403,0.291044776119403,0.6615459712189323,0.6615459712189323,extra_experiments/pending_runs/extra_robustness/B_loo_ablation/no_freeze/dermmnist/ViTB16/L50_G20/tralo/seed_4
extra_robustness,dermmnist,L50_G30,ViTB16,1,tralo,,,50,300,0.0001,5e-06,True,4,2003,223,67,111,3,66,66,67,1,0.6023622644234636,0.35986159169550175,0.36551724137931035,0.6823806069390231,0.6832345470866572,extra_experiments/pending_runs/extra_robustness/B_loo_ablation/no_freeze/dermmnist/ViTB16/L50_G30/tralo/seed_1
extra_robustness,dermmnist,L50_G30,ViTB16,2,tralo,,,50,300,0.0001,5e-06,True,4,2003,223,67,111,3,67,67,67,0,0.6584315729950225,0.4,0.4,0.6814366563802923,0.6814366563802923,extra_experiments/pending_runs/extra_robustness/B_loo_ablation/no_freeze/dermmnist/ViTB16/L50_G30/tralo/seed_2
extra_robustness,dermmnist,L50_G30,ViTB16,3,tralo,,,50,300,0.0001,5e-06,True,4,2003,223,67,111,3,67,67,67,0,0.5970474279222983,0.3793103448275862,0.3793103448275862,0.6612275199832867,0.6612275199832867,extra_experiments/pending_runs/extra_robustness/B_loo_ablation/no_freeze/dermmnist/ViTB16/L50_G30/tralo/seed_3
extra_robustness,dermmnist,L50_G30,ViTB16,4,tralo,,,50,300,0.0001,5e-06,True,4,2003,223,67,111,3,66,66,67,1,0.602698966757779,0.3806228373702422,0.38620689655172413,0.6788211430491659,0.6796650184915756,extra_experiments/pending_runs/extra_robustness/B_loo_ablation/no_freeze/dermmnist/ViTB16/L50_G30/tralo/seed_4
extra_robustness,octmnist,L30_G30,MobileNetV3,1,tralo,,,50,300,0.0001,5e-06,True,2,1000,250,75,76,3,72,72,75,3,0.7757402805024797,0.422360248447205,0.4369230769230769,0.70357063783989,0.7082275861281634,extra_experiments/pending_runs/extra_robustness/B_loo_ablation/no_freeze/octmnist/MobileNetV3/L30_G30/tralo/seed_1
extra_robustness,octmnist,L30_G30,MobileNetV3,2,tralo,,,50,300,0.0001,5e-06,True,2,1000,250,75,76,3,72,72,75,3,0.7700069006390786,0.391304347826087,0.4,0.6924702099221638,0.6946473274484438,extra_experiments/pending_runs/extra_robustness/B_loo_ablation/no_freeze/octmnist/MobileNetV3/L30_G30/tralo/seed_2
extra_robustness,octmnist,L30_G30,MobileNetV3,3,tralo,,,50,300,0.0001,5e-06,True,2,1000,250,75,76,3,75,75,75,0,0.7550528678301142,0.4246153846153846,0.4246153846153846,0.713074132710396,0.7131187666291514,extra_experiments/pending_runs/extra_robustness/B_loo_ablation/no_freeze/octmnist/MobileNetV3/L30_G30/tralo/seed_3
extra_robustness,octmnist,L30_G30,MobileNetV3,4,tralo,,,50,300,0.0001,5e-06,True,2,1000,250,75,76,3,73,73,75,2,0.701723406128222,0.39628482972136225,0.40615384615384614,0.7033112457819891,0.7064004445212257,extra_experiments/pending_runs/extra_robustness/B_loo_ablation/no_freeze/octmnist/MobileNetV3/L30_G30/tralo/seed_4
extra_robustness,octmnist,L40_G40,MobileNetV3,1,tralo,,,50,300,0.0001,5e-06,True,2,1000,250,100,101,3,99,99,100,1,0.7814919221933357,0.5272206303724928,0.5314285714285715,0.7436775358844709,0.7450838651850096,extra_experiments/pending_runs/extra_robustness/B_loo_ablation/no_freeze/octmnist/MobileNetV3/L40_G40/tralo/seed_1
extra_robustness,octmnist,L40_G40,MobileNetV3,2,tralo,,,50,300,0.0001,5e-06,True,2,1000,250,100,101,3,95,95,100,5,0.7932826261073483,0.4985507246376812,0.52,0.73005985461687,0.7371834284877764,extra_experiments/pending_runs/extra_robustness/B_loo_ablation/no_freeze/octmnist/MobileNetV3/L40_G40/tralo/seed_2
extra_robustness,octmnist,L40_G40,MobileNetV3,3,tralo,,,50,300,0.0001,5e-06,True,2,1000,250,100,101,3,98,98,100,2,0.7707461869923067,0.5114942528735632,0.52,0.7460168129904374,0.7479428210678212,extra_experiments/pending_runs/extra_robustness/B_loo_ablation/no_freeze/octmnist/MobileNetV3/L40_G40/tralo/seed_3
extra_robustness,octmnist,L40_G40,MobileNetV3,4,tralo,,,50,300,0.0001,5e-06,True,2,1000,250,100,101,3,100,100,100,0,0.7483103670236723,0.49714285714285716,0.49142857142857144,0.7422120325996269,0.7398506253501599,extra_experiments/pending_runs/extra_robustness/B_loo_ablation/no_freeze/octmnist/MobileNetV3/L40_G40/tralo/seed_4
extra_robustness,octmnist,L30_G30,RegNetY400MF,1,tralo,,,50,300,0.0001,5e-06,True,2,1000,250,75,76,3,74,74,75,1,0.7488539110056389,0.42592592592592593,0.4307692307692308,0.7082892144823174,0.7098246186054803,extra_experiments/pending_runs/extra_robustness/B_loo_ablation/no_freeze/octmnist/RegNetY400MF/L30_G30/tralo/seed_1
extra_robustness,octmnist,L30_G30,RegNetY400MF,2,tralo,,,50,300,0.0001,5e-06,True,2,1000,250,75,76,3,74,74,75,1,0.731893806090627,0.41975308641975306,0.4246153846153846,0.6999306625840551,0.7014753632540927,extra_experiments/pending_runs/extra_robustness/B_loo_ablation/no_freeze/octmnist/RegNetY400MF/L30_G30/tralo/seed_2
extra_robustness,octmnist,L30_G30,RegNetY400MF,3,tralo,,,50,300,0.0001,5e-06,True,2,1000,250,75,76,3,75,75,75,0,0.7261084121666745,0.39384615384615385,0.39384615384615385,0.6958502991909241,0.6958502991909241,extra_experiments/pending_runs/extra_robustness/B_loo_ablation/no_freeze/octmnist/RegNetY400MF/L30_G30/tralo/seed_3
extra_robustness,octmnist,L30_G30,RegNetY400MF,4,tralo,,,50,300,0.0001,5e-06,True,2,1000,250,75,76,3,74,74,75,1,0.70701570154818,0.3950617283950617,0.39384615384615385,0.7004754799114731,0.6996241446847571,extra_experiments/pending_runs/extra_robustness/B_loo_ablation/no_freeze/octmnist/RegNetY400MF/L30_G30/tralo/seed_4
extra_robustness,octmnist,L40_G40,RegNetY400MF,1,tralo,,,50,300,0.0001,5e-06,True,2,1000,250,100,101,3,98,98,100,2,0.7513046415543619,0.5057471264367817,0.5085714285714286,0.7389226752313409,0.7403827266728422,extra_experiments/pending_runs/extra_robustness/B_loo_ablation/no_freeze/octmnist/RegNetY400MF/L40_G40/tralo/seed_1
extra_robustness,octmnist,L40_G40,RegNetY400MF,2,tralo,,,50,300,0.0001,5e-06,True,2,1000,250,100,101,3,97,97,100,3,0.7199885261706946,0.47262247838616717,0.4857142857142857,0.712923368245297,0.7172086287006221,extra_experiments/pending_runs/extra_robustness/B_loo_ablation/no_freeze/octmnist/RegNetY400MF/L40_G40/tralo/seed_2
extra_robustness,octmnist,L40_G40,RegNetY400MF,3,tralo,,,50,300,0.0001,5e-06,True,2,1000,250,100,101,3,98,98,100,2,0.7078225927250538,0.4482758620689655,0.45714285714285713,0.7014272613619404,0.7043524824492361,extra_experiments/pending_runs/extra_robustness/B_loo_ablation/no_freeze/octmnist/RegNetY400MF/L40_G40/tralo/seed_3
extra_robustness,octmnist,L40_G40,RegNetY400MF,4,tralo,,,50,300,0.0001,5e-06,True,2,1000,250,100,101,3,97,97,100,3,0.741478592956751,0.4553314121037464,0.4685714285714286,0.7219815247491254,0.726314754814745,extra_experiments/pending_runs/extra_robustness/B_loo_ablation/no_freeze/octmnist/RegNetY400MF/L40_G40/tralo/seed_4
extra_robustness,octmnist,L30_G30,ViTB16,1,tralo,,,50,300,0.0001,5e-06,True,2,1000,250,75,76,3,72,72,75,3,0.7402745762299421,0.4161490683229814,0.41846153846153844,0.7232498154688288,0.724708218998607,extra_experiments/pending_runs/extra_robustness/B_loo_ablation/no_freeze/octmnist/ViTB16/L30_G30/tralo/seed_1
extra_robustness,octmnist,L30_G30,ViTB16,2,tralo,,,50,300,0.0001,5e-06,True,2,1000,250,75,76,3,73,73,75,2,0.7582711236360509,0.42724458204334365,0.4369230769230769,0.7108852858936348,0.713887203511856,extra_experiments/pending_runs/extra_robustness/B_loo_ablation/no_freeze/octmnist/ViTB16/L30_G30/tralo/seed_2
extra_robustness,octmnist,L30_G30,ViTB16,3,tralo,,,50,300,0.0001,5e-06,True,2,1000,250,75,76,3,75,75,75,0,0.7366332226140866,0.41846153846153844,0.41846153846153844,0.7236870181100952,0.7236870181100952,extra_experiments/pending_runs/extra_robustness/B_loo_ablation/no_freeze/octmnist/ViTB16/L30_G30/tralo/seed_3
extra_robustness,octmnist,L30_G30,ViTB16,4,tralo,,,50,300,0.0001,5e-06,True,2,1000,250,75,76,3,75,75,75,0,0.7302473645504582,0.4246153846153846,0.4246153846153846,0.7304633918777631,0.7304633918777631,extra_experiments/pending_runs/extra_robustness/B_loo_ablation/no_freeze/octmnist/ViTB16/L30_G30/tralo/seed_4
extra_robustness,octmnist,L40_G40,ViTB16,1,tralo,,,50,300,0.0001,5e-06,True,2,1000,250,100,101,3,96,96,100,4,0.7681568344368408,0.48554913294797686,0.49714285714285716,0.7453249909432109,0.7486660451580658,extra_experiments/pending_runs/extra_robustness/B_loo_ablation/no_freeze/octmnist/ViTB16/L40_G40/tralo/seed_1
extra_robustness,octmnist,L40_G40,ViTB16,2,tralo,,,50,300,0.0001,5e-06,True,2,1000,250,100,101,3,96,96,100,4,0.7944567733826331,0.5260115606936416,0.5371428571428571,0.7425716648673164,0.7467896821238234,extra_experiments/pending_runs/extra_robustness/B_loo_ablation/no_freeze/octmnist/ViTB16/L40_G40/tralo/seed_2
extra_robustness,octmnist,L40_G40,ViTB16,3,tralo,,,50,300,0.0001,5e-06,True,2,1000,250,100,101,3,99,99,100,1,0.7701346681489221,0.5100286532951289,0.5142857142857142,0.7560625212762655,0.7574404775696011,extra_experiments/pending_runs/extra_robustness/B_loo_ablation/no_freeze/octmnist/ViTB16/L40_G40/tralo/seed_3
extra_robustness,octmnist,L40_G40,ViTB16,4,tralo,,,50,300,0.0001,5e-06,True,2,1000,250,100,101,3,100,100,100,0,0.7685152529540825,0.52,0.52,0.7602394647924806,0.7602394647924806,extra_experiments/pending_runs/extra_robustness/B_loo_ablation/no_freeze/octmnist/ViTB16/L40_G40/tralo/seed_4
extra_robustness,dermmnist,L50_G20,MobileNetV3,1,tralo,,,50,300,0.0001,5e-06,True,4,2003,223,45,111,3,32,32,45,13,0.5911220060548334,0.23529411764705882,0.30597014925373134,0.6661326775057509,0.6776423877980521,extra_experiments/pending_runs/extra_robustness/B_loo_ablation/no_reset/dermmnist/MobileNetV3/L50_G20/tralo/seed_1
extra_robustness,dermmnist,L50_G20,MobileNetV3,2,tralo,,,50,300,0.0001,5e-06,True,4,2003,223,45,111,3,23,23,45,22,0.6195975935999742,0.17886178861788618,0.30597014925373134,0.6802820532867534,0.7007462719748582,extra_experiments/pending_runs/extra_robustness/B_loo_ablation/no_reset/dermmnist/MobileNetV3/L50_G20/tralo/seed_2
extra_robustness,dermmnist,L50_G20,MobileNetV3,3,tralo,,,50,300,0.0001,5e-06,True,4,2003,223,45,111,3,21,21,45,24,0.6103146874014838,0.1557377049180328,0.30597014925373134,0.6959642741350519,0.7213031554588694,extra_experiments/pending_runs/extra_robustness/B_loo_ablation/no_reset/dermmnist/MobileNetV3/L50_G20/tralo/seed_3
extra_robustness,dermmnist,L50_G20,MobileNetV3,4,tralo,,,50,300,0.0001,5e-06,True,4,2003,223,45,111,3,26,26,45,19,0.5614744960538594,0.20080321285140562,0.3208955223880597,0.6742739983849321,0.6964968785482962,extra_experiments/pending_runs/extra_robustness/B_loo_ablation/no_reset/dermmnist/MobileNetV3/L50_G20/tralo/seed_4
extra_robustness,dermmnist,L50_G30,MobileNetV3,1,tralo,,,50,300,0.0001,5e-06,True,4,2003,223,67,111,3,48,48,67,19,0.6332798820827624,0.33210332103321033,0.41379310344827586,0.6904294683166776,0.7065560394716991,extra_experiments/pending_runs/extra_robustness/B_loo_ablation/no_reset/dermmnist/MobileNetV3/L50_G30/tralo/seed_1
extra_robustness,dermmnist,L50_G30,MobileNetV3,2,tralo,,,50,300,0.0001,5e-06,True,4,2003,223,67,111,3,38,38,67,29,0.6508033479529117,0.26053639846743293,0.41379310344827586,0.7001601120788207,0.727078369918412,extra_experiments/pending_runs/extra_robustness/B_loo_ablation/no_reset/dermmnist/MobileNetV3/L50_G30/tralo/seed_2
extra_robustness,dermmnist,L50_G30,MobileNetV3,3,tralo,,,50,300,0.0001,5e-06,True,4,2003,223,67,111,3,49,49,67,18,0.6410317398917802,0.3161764705882353,0.41379310344827586,0.7180514563505065,0.734053027836597,extra_experiments/pending_runs/extra_robustness/B_loo_ablation/no_reset/dermmnist/MobileNetV3/L50_G30/tralo/seed_3
extra_robustness,dermmnist,L50_G30,MobileNetV3,4,tralo,,,50,300,0.0001,5e-06,True,4,2003,223,67,111,3,46,46,67,21,0.6175413650751169,0.3271375464684015,0.42758620689655175,0.7121477707218374,0.7327039912667875,extra_experiments/pending_runs/extra_robustness/B_loo_ablation/no_reset/dermmnist/MobileNetV3/L50_G30/tralo/seed_4
extra_robustness,dermmnist,L50_G20,RegNetY400MF,1,tralo,,,50,300,0.0001,5e-06,True,4,2003,223,45,111,3,16,16,45,29,0.48569792291055536,0.13389121338912133,0.31343283582089554,0.657444937970036,0.6851501327997883,extra_experiments/pending_runs/extra_robustness/B_loo_ablation/no_reset/dermmnist/RegNetY400MF/L50_G20/tralo/seed_1
extra_robustness,dermmnist,L50_G20,RegNetY400MF,2,tralo,,,50,300,0.0001,5e-06,True,4,2003,223,45,111,3,17,17,45,28,0.5436320212609412,0.14166666666666666,0.31343283582089554,0.6506745451759953,0.680334769058539,extra_experiments/pending_runs/extra_robustness/B_loo_ablation/no_reset/dermmnist/RegNetY400MF/L50_G20/tralo/seed_2
extra_robustness,dermmnist,L50_G20,RegNetY400MF,3,tralo,,,50,300,0.0001,5e-06,True,4,2003,223,45,111,3,20,20,45,25,0.5298030370732364,0.15637860082304528,0.30597014925373134,0.6405343246717236,0.6665976970416859,extra_experiments/pending_runs/extra_robustness/B_loo_ablation/no_reset/dermmnist/RegNetY400MF/L50_G20/tralo/seed_3
extra_robustness,dermmnist,L50_G20,RegNetY400MF,4,tralo,,,50,300,0.0001,5e-06,True,4,2003,223,45,111,3,28,28,45,17,0.5722305642860878,0.2151394422310757,0.3208955223880597,0.6519516516559687,0.6698864501344819,extra_experiments/pending_runs/extra_robustness/B_loo_ablation/no_reset/dermmnist/RegNetY400MF/L50_G20/tralo/seed_4
extra_robustness,dermmnist,L50_G30,RegNetY400MF,1,tralo,,,50,300,0.0001,5e-06,True,4,2003,223,67,111,3,36,36,67,31,0.5923019459076365,0.2702702702702703,0.4068965517241379,0.6801075041022736,0.7024490244450006,extra_experiments/pending_runs/extra_robustness/B_loo_ablation/no_reset/dermmnist/RegNetY400MF/L50_G30/tralo/seed_1
extra_robustness,dermmnist,L50_G30,RegNetY400MF,2,tralo,,,50,300,0.0001,5e-06,True,4,2003,223,67,111,3,39,39,67,28,0.6266378100509695,0.2900763358778626,0.42758620689655175,0.6872315749270012,0.7136130125470581,extra_experiments/pending_runs/extra_robustness/B_loo_ablation/no_reset/dermmnist/RegNetY400MF/L50_G30/tralo/seed_2
extra_robustness,dermmnist,L50_G30,RegNetY400MF,3,tralo,,,50,300,0.0001,5e-06,True,4,2003,223,67,111,3,43,43,67,24,0.6110148777977253,0.3007518796992481,0.4068965517241379,0.669693159866157,0.6861533725145854,extra_experiments/pending_runs/extra_robustness/B_loo_ablation/no_reset/dermmnist/RegNetY400MF/L50_G30/tralo/seed_3
extra_robustness,dermmnist,L50_G30,RegNetY400MF,4,tralo,,,50,300,0.0001,5e-06,True,4,2003,223,67,111,3,45,45,67,22,0.6221824487259788,0.3208955223880597,0.43448275862068964,0.6751155155882971,0.6930891303966104,extra_experiments/pending_runs/extra_robustness/B_loo_ablation/no_reset/dermmnist/RegNetY400MF/L50_G30/tralo/seed_4
extra_robustness,dermmnist,L50_G20,ViTB16,1,tralo,,,50,300,0.0001,5e-06,True,4,2003,223,45,111,3,29,29,45,16,0.551138603385298,0.19047619047619047,0.26865671641791045,0.6430539862511452,0.6537387742259365,extra_experiments/pending_runs/extra_robustness/B_loo_ablation/no_reset/dermmnist/ViTB16/L50_G20/tralo/seed_1
extra_robustness,dermmnist,L50_G20,ViTB16,2,tralo,,,50,300,0.0001,5e-06,True,4,2003,223,45,111,3,24,24,45,21,0.6124778687349743,0.1862348178137652,0.29850746268656714,0.6323767234333502,0.6534597006451692,extra_experiments/pending_runs/extra_robustness/B_loo_ablation/no_reset/dermmnist/ViTB16/L50_G20/tralo/seed_2
extra_robustness,dermmnist,L50_G20,ViTB16,3,tralo,,,50,300,0.0001,5e-06,True,4,2003,223,45,111,3,25,25,45,20,0.5582182738369261,0.1935483870967742,0.29850746268656714,0.6290928555000851,0.6445997963028446,extra_experiments/pending_runs/extra_robustness/B_loo_ablation/no_reset/dermmnist/ViTB16/L50_G20/tralo/seed_3
extra_robustness,dermmnist,L50_G20,ViTB16,4,tralo,,,50,300,0.0001,5e-06,True,4,2003,223,45,111,3,26,26,45,19,0.5637081724709627,0.17670682730923695,0.29850746268656714,0.6424110696793149,0.6636337075544925,extra_experiments/pending_runs/extra_robustness/B_loo_ablation/no_reset/dermmnist/ViTB16/L50_G20/tralo/seed_4
extra_robustness,dermmnist,L50_G30,ViTB16,1,tralo,,,50,300,0.0001,5e-06,True,4,2003,223,67,111,3,43,43,67,24,0.5816239769837558,0.2556390977443609,0.36551724137931035,0.655128399188858,0.6732153414819599,extra_experiments/pending_runs/extra_robustness/B_loo_ablation/no_reset/dermmnist/ViTB16/L50_G30/tralo/seed_1
extra_robustness,dermmnist,L50_G30,ViTB16,2,tralo,,,50,300,0.0001,5e-06,True,4,2003,223,67,111,3,43,43,67,24,0.6423846305576352,0.2932330827067669,0.4068965517241379,0.6549164082248645,0.676519016220363,extra_experiments/pending_runs/extra_robustness/B_loo_ablation/no_reset/dermmnist/ViTB16/L50_G30/tralo/seed_2
extra_robustness,dermmnist,L50_G30,ViTB16,3,tralo,,,50,300,0.0001,5e-06,True,4,2003,223,67,111,3,51,51,67,16,0.5884793733809482,0.31386861313868614,0.3724137931034483,0.6574882586315762,0.6668285831544051,extra_experiments/pending_runs/extra_robustness/B_loo_ablation/no_reset/dermmnist/ViTB16/L50_G30/tralo/seed_3
extra_robustness,dermmnist,L50_G30,ViTB16,4,tralo,,,50,300,0.0001,5e-06,True,4,2003,223,67,111,3,51,51,67,16,0.5908357933991193,0.3357664233576642,0.38620689655172413,0.6689237022946921,0.6765782500100429,extra_experiments/pending_runs/extra_robustness/B_loo_ablation/no_reset/dermmnist/ViTB16/L50_G30/tralo/seed_4
extra_robustness,octmnist,L30_G30,MobileNetV3,1,tralo,,,50,300,0.0001,5e-06,True,2,1000,250,75,76,3,67,67,75,8,0.7571912196668585,0.39747634069400634,0.4369230769230769,0.6967909554898863,0.7094310467101821,extra_experiments/pending_runs/extra_robustness/B_loo_ablation/no_reset/octmnist/MobileNetV3/L30_G30/tralo/seed_1
extra_robustness,octmnist,L30_G30,MobileNetV3,2,tralo,,,50,300,0.0001,5e-06,True,2,1000,250,75,76,3,58,58,75,17,0.7882283837784008,0.35064935064935066,0.4246153846153846,0.680230596689333,0.7026329151133737,extra_experiments/pending_runs/extra_robustness/B_loo_ablation/no_reset/octmnist/MobileNetV3/L30_G30/tralo/seed_2
extra_robustness,octmnist,L30_G30,MobileNetV3,3,tralo,,,50,300,0.0001,5e-06,True,2,1000,250,75,76,3,61,61,75,14,0.7523759085994103,0.36012861736334406,0.4246153846153846,0.6960103304273213,0.7159511115896751,extra_experiments/pending_runs/extra_robustness/B_loo_ablation/no_reset/octmnist/MobileNetV3/L30_G30/tralo/seed_3
extra_robustness,octmnist,L30_G30,MobileNetV3,4,tralo,,,50,300,0.0001,5e-06,True,2,1000,250,75,76,3,60,60,75,15,0.7321427929011518,0.3548387096774194,0.4246153846153846,0.6957458373331928,0.7183864618984767,extra_experiments/pending_runs/extra_robustness/B_loo_ablation/no_reset/octmnist/MobileNetV3/L30_G30/tralo/seed_4
extra_robustness,octmnist,L40_G40,MobileNetV3,1,tralo,,,50,300,0.0001,5e-06,True,2,1000,250,100,101,3,80,80,100,20,0.7639926130583762,0.45454545454545453,0.5142857142857142,0.7148806936864682,0.73302932472424,extra_experiments/pending_runs/extra_robustness/B_loo_ablation/no_reset/octmnist/MobileNetV3/L40_G40/tralo/seed_1
extra_robustness,octmnist,L40_G40,MobileNetV3,2,tralo,,,50,300,0.0001,5e-06,True,2,1000,250,100,101,3,91,91,100,9,0.8003284377603622,0.4809384164222874,0.5085714285714286,0.7265022573557683,0.7347529274966114,extra_experiments/pending_runs/extra_robustness/B_loo_ablation/no_reset/octmnist/MobileNetV3/L40_G40/tralo/seed_2
extra_robustness,octmnist,L40_G40,MobileNetV3,3,tralo,,,50,300,0.0001,5e-06,True,2,1000,250,100,101,3,87,87,100,13,0.760156302317721,0.47477744807121663,0.52,0.7337805105323595,0.7479599345579089,extra_experiments/pending_runs/extra_robustness/B_loo_ablation/no_reset/octmnist/MobileNetV3/L40_G40/tralo/seed_3
extra_robustness,octmnist,L40_G40,MobileNetV3,4,tralo,,,50,300,0.0001,5e-06,True,2,1000,250,100,101,3,91,91,100,9,0.7479866312868795,0.4868035190615836,0.5028571428571429,0.7415386334458024,0.7451581371817075,extra_experiments/pending_runs/extra_robustness/B_loo_ablation/no_reset/octmnist/MobileNetV3/L40_G40/tralo/seed_4
extra_robustness,octmnist,L30_G30,RegNetY400MF,1,tralo,,,50,300,0.0001,5e-06,True,2,1000,250,75,76,3,57,57,75,18,0.7408142528329636,0.3583061889250814,0.4246153846153846,0.6904299031160168,0.7123481770753994,extra_experiments/pending_runs/extra_robustness/B_loo_ablation/no_reset/octmnist/RegNetY400MF/L30_G30/tralo/seed_1
extra_robustness,octmnist,L30_G30,RegNetY400MF,2,tralo,,,50,300,0.0001,5e-06,True,2,1000,250,75,76,3,63,63,75,12,0.7165397169429119,0.3706070287539936,0.41846153846153844,0.6729986164487596,0.687933171596169,extra_experiments/pending_runs/extra_robustness/B_loo_ablation/no_reset/octmnist/RegNetY400MF/L30_G30/tralo/seed_2
extra_robustness,octmnist,L30_G30,RegNetY400MF,3,tralo,,,50,300,0.0001,5e-06,True,2,1000,250,75,76,3,61,61,75,14,0.6953849839363108,0.3279742765273312,0.38153846153846155,0.6692537834572883,0.6845967096099674,extra_experiments/pending_runs/extra_robustness/B_loo_ablation/no_reset/octmnist/RegNetY400MF/L30_G30/tralo/seed_3
extra_robustness,octmnist,L30_G30,RegNetY400MF,4,tralo,,,50,300,0.0001,5e-06,True,2,1000,250,75,76,3,45,45,75,30,0.6949125713436635,0.29152542372881357,0.4123076923076923,0.6748681706442089,0.7105110889945958,extra_experiments/pending_runs/extra_robustness/B_loo_ablation/no_reset/octmnist/RegNetY400MF/L30_G30/tralo/seed_4
extra_robustness,octmnist,L40_G40,RegNetY400MF,1,tralo,,,50,300,0.0001,5e-06,True,2,1000,250,100,101,3,83,83,100,17,0.7498161993880056,0.45045045045045046,0.5085714285714286,0.7206881857960455,0.7395799902023992,extra_experiments/pending_runs/extra_robustness/B_loo_ablation/no_reset/octmnist/RegNetY400MF/L40_G40/tralo/seed_1
extra_robustness,octmnist,L40_G40,RegNetY400MF,2,tralo,,,50,300,0.0001,5e-06,True,2,1000,250,100,101,3,80,80,100,20,0.7225155772676416,0.42424242424242425,0.4742857142857143,0.6938825855251849,0.7083480159237691,extra_experiments/pending_runs/extra_robustness/B_loo_ablation/no_reset/octmnist/RegNetY400MF/L40_G40/tralo/seed_2
extra_robustness,octmnist,L40_G40,RegNetY400MF,3,tralo,,,50,300,0.0001,5e-06,True,2,1000,250,100,101,3,86,86,100,14,0.700717795499284,0.4107142857142857,0.46285714285714286,0.6900528558492197,0.7060052433773323,extra_experiments/pending_runs/extra_robustness/B_loo_ablation/no_reset/octmnist/RegNetY400MF/L40_G40/tralo/seed_3
extra_robustness,octmnist,L40_G40,RegNetY400MF,4,tralo,,,50,300,0.0001,5e-06,True,2,1000,250,100,101,3,79,79,100,21,0.7302590570472545,0.4316109422492401,0.4742857142857143,0.7134836554632424,0.7260298092686048,extra_experiments/pending_runs/extra_robustness/B_loo_ablation/no_reset/octmnist/RegNetY400MF/L40_G40/tralo/seed_4
extra_robustness,octmnist,L30_G30,ViTB16,1,tralo,,,50,300,0.0001,5e-06,True,2,1000,250,75,76,3,35,35,75,40,0.6985734226786875,0.23157894736842105,0.40615384615384614,0.661266888582601,0.7164409839196251,extra_experiments/pending_runs/extra_robustness/B_loo_ablation/no_reset/octmnist/ViTB16/L30_G30/tralo/seed_1
extra_robustness,octmnist,L30_G30,ViTB16,2,tralo,,,50,300,0.0001,5e-06,True,2,1000,250,75,76,3,33,33,75,42,0.7194621654490589,0.21908127208480566,0.4369230769230769,0.6458177368227286,0.7107619988098075,extra_experiments/pending_runs/extra_robustness/B_loo_ablation/no_reset/octmnist/ViTB16/L30_G30/tralo/seed_2
extra_robustness,octmnist,L30_G30,ViTB16,3,tralo,,,50,300,0.0001,5e-06,True,2,1000,250,75,76,3,48,48,75,27,0.6986438704266347,0.2953020134228188,0.41846153846153844,0.6790143647952769,0.7178043045427814,extra_experiments/pending_runs/extra_robustness/B_loo_ablation/no_reset/octmnist/ViTB16/L30_G30/tralo/seed_3
extra_robustness,octmnist,L30_G30,ViTB16,4,tralo,,,50,300,0.0001,5e-06,True,2,1000,250,75,76,3,38,38,75,37,0.6658507913699969,0.2569444444444444,0.4123076923076923,0.6739525877208415,0.7217511985929013,extra_experiments/pending_runs/extra_robustness/B_loo_ablation/no_reset/octmnist/ViTB16/L30_G30/tralo/seed_4
extra_robustness,octmnist,L40_G40,ViTB16,1,tralo,,,50,300,0.0001,5e-06,True,2,1000,250,100,101,3,58,58,100,42,0.7331594752177518,0.34415584415584416,0.49714285714285716,0.6985087801066627,0.748685123409613,extra_experiments/pending_runs/extra_robustness/B_loo_ablation/no_reset/octmnist/ViTB16/L40_G40/tralo/seed_1
extra_robustness,octmnist,L40_G40,ViTB16,2,tralo,,,50,300,0.0001,5e-06,True,2,1000,250,100,101,3,73,73,100,27,0.7603767439847,0.43343653250773995,0.5314285714285715,0.7105841051045152,0.7411759479320298,extra_experiments/pending_runs/extra_robustness/B_loo_ablation/no_reset/octmnist/ViTB16/L40_G40/tralo/seed_2
extra_robustness,octmnist,L40_G40,ViTB16,3,tralo,,,50,300,0.0001,5e-06,True,2,1000,250,100,101,3,74,74,100,26,0.7436500751658685,0.41358024691358025,0.5142857142857142,0.7212492040848422,0.7539399889363148,extra_experiments/pending_runs/extra_robustness/B_loo_ablation/no_reset/octmnist/ViTB16/L40_G40/tralo/seed_3
extra_robustness,octmnist,L40_G40,ViTB16,4,tralo,,,50,300,0.0001,5e-06,True,2,1000,250,100,101,3,69,69,100,31,0.7162164226759418,0.40752351097178685,0.5085714285714286,0.7237850944897626,0.754987479840421,extra_experiments/pending_runs/extra_robustness/B_loo_ablation/no_reset/octmnist/ViTB16/L40_G40/tralo/seed_4
extra_robustness,dermmnist,L50_G20,MobileNetV3,1,tralo,,,50,300,0.0001,5e-06,True,4,2003,223,45,111,3,45,45,45,0,0.6029279117082975,0.31343283582089554,0.31343283582089554,0.6820220196247552,0.6820220196247552,extra_experiments/pending_runs/extra_robustness/B_loo_ablation/no_rho/dermmnist/MobileNetV3/L50_G20/tralo/seed_1
extra_robustness,dermmnist,L50_G20,MobileNetV3,2,tralo,,,50,300,0.0001,5e-06,True,4,2003,223,45,111,3,45,45,45,0,0.6434612248817456,0.30597014925373134,0.30597014925373134,0.7051728639937147,0.7051728639937147,extra_experiments/pending_runs/extra_robustness/B_loo_ablation/no_rho/dermmnist/MobileNetV3/L50_G20/tralo/seed_2
extra_robustness,dermmnist,L50_G20,MobileNetV3,3,tralo,,,50,300,0.0001,5e-06,True,4,2003,223,45,111,3,44,44,45,1,0.6375082204605517,0.299625468164794,0.30597014925373134,0.7207557890739525,0.7214292773216532,extra_experiments/pending_runs/extra_robustness/B_loo_ablation/no_rho/dermmnist/MobileNetV3/L50_G20/tralo/seed_3
extra_robustness,dermmnist,L50_G20,MobileNetV3,4,tralo,,,50,300,0.0001,5e-06,True,4,2003,223,45,111,3,45,45,45,0,0.6194011078958442,0.3283582089552239,0.3283582089552239,0.7036071425704148,0.7036071425704148,extra_experiments/pending_runs/extra_robustness/B_loo_ablation/no_rho/dermmnist/MobileNetV3/L50_G20/tralo/seed_4
extra_robustness,dermmnist,L50_G30,MobileNetV3,1,tralo,,,50,300,0.0001,5e-06,True,4,2003,223,67,111,3,66,66,67,1,0.6578493284921744,0.41522491349480967,0.42758620689655175,0.7110504785904378,0.7129628273328025,extra_experiments/pending_runs/extra_robustness/B_loo_ablation/no_rho/dermmnist/MobileNetV3/L50_G30/tralo/seed_1
extra_robustness,dermmnist,L50_G30,MobileNetV3,2,tralo,,,50,300,0.0001,5e-06,True,4,2003,223,67,111,3,67,67,67,0,0.6722585054370048,0.41379310344827586,0.41379310344827586,0.7156908321209505,0.7156908321209505,extra_experiments/pending_runs/extra_robustness/B_loo_ablation/no_rho/dermmnist/MobileNetV3/L50_G30/tralo/seed_2
extra_robustness,dermmnist,L50_G30,MobileNetV3,3,tralo,,,50,300,0.0001,5e-06,True,4,2003,223,67,111,3,64,64,67,3,0.6241744360037478,0.397212543554007,0.4,0.7426944101293123,0.7430303163266959,extra_experiments/pending_runs/extra_robustness/B_loo_ablation/no_rho/dermmnist/MobileNetV3/L50_G30/tralo/seed_3
extra_robustness,dermmnist,L50_G30,MobileNetV3,4,tralo,,,50,300,0.0001,5e-06,True,4,2003,223,67,111,3,67,67,67,0,0.6709881403250023,0.43448275862068964,0.43448275862068964,0.7288754784206098,0.7288754784206098,extra_experiments/pending_runs/extra_robustness/B_loo_ablation/no_rho/dermmnist/MobileNetV3/L50_G30/tralo/seed_4
extra_robustness,dermmnist,L50_G20,RegNetY400MF,1,tralo,,,50,300,0.0001,5e-06,True,4,2003,223,45,111,3,43,43,45,2,0.602407442076719,0.3007518796992481,0.31343283582089554,0.6830039698489637,0.6855241007124256,extra_experiments/pending_runs/extra_robustness/B_loo_ablation/no_rho/dermmnist/RegNetY400MF/L50_G20/tralo/seed_1
extra_robustness,dermmnist,L50_G20,RegNetY400MF,2,tralo,,,50,300,0.0001,5e-06,True,4,2003,223,45,111,3,42,42,45,3,0.6083339257093383,0.30943396226415093,0.3283582089552239,0.6888165886118476,0.6924849350419425,extra_experiments/pending_runs/extra_robustness/B_loo_ablation/no_rho/dermmnist/RegNetY400MF/L50_G20/tralo/seed_2
extra_robustness,dermmnist,L50_G20,RegNetY400MF,3,tralo,,,50,300,0.0001,5e-06,True,4,2003,223,45,111,3,42,42,45,3,0.5914626132318811,0.2943396226415094,0.31343283582089554,0.672631369806271,0.6754942061504977,extra_experiments/pending_runs/extra_robustness/B_loo_ablation/no_rho/dermmnist/RegNetY400MF/L50_G20/tralo/seed_3
extra_robustness,dermmnist,L50_G20,RegNetY400MF,4,tralo,,,50,300,0.0001,5e-06,True,4,2003,223,45,111,3,45,45,45,0,0.6154763617512105,0.3208955223880597,0.3208955223880597,0.6755962548098997,0.6755962548098997,extra_experiments/pending_runs/extra_robustness/B_loo_ablation/no_rho/dermmnist/RegNetY400MF/L50_G20/tralo/seed_4
extra_robustness,dermmnist,L50_G30,RegNetY400MF,1,tralo,,,50,300,0.0001,5e-06,True,4,2003,223,67,111,3,67,67,67,0,0.6106963531139626,0.4068965517241379,0.4068965517241379,0.698723872185473,0.698723872185473,extra_experiments/pending_runs/extra_robustness/B_loo_ablation/no_rho/dermmnist/RegNetY400MF/L50_G30/tralo/seed_1
extra_robustness,dermmnist,L50_G30,RegNetY400MF,2,tralo,,,50,300,0.0001,5e-06,True,4,2003,223,67,111,3,66,66,67,1,0.6261445562905975,0.41522491349480967,0.41379310344827586,0.7028698665285769,0.702710701285239,extra_experiments/pending_runs/extra_robustness/B_loo_ablation/no_rho/dermmnist/RegNetY400MF/L50_G30/tralo/seed_2
extra_robustness,dermmnist,L50_G30,RegNetY400MF,3,tralo,,,50,300,0.0001,5e-06,True,4,2003,223,67,111,3,66,66,67,1,0.662329107194194,0.4013840830449827,0.4068965517241379,0.6965801340155992,0.6975932031426364,extra_experiments/pending_runs/extra_robustness/B_loo_ablation/no_rho/dermmnist/RegNetY400MF/L50_G30/tralo/seed_3
extra_robustness,dermmnist,L50_G30,RegNetY400MF,4,tralo,,,50,300,0.0001,5e-06,True,4,2003,223,67,111,3,66,66,67,1,0.6163595068828577,0.4013840830449827,0.4068965517241379,0.6814752870809414,0.6823077505159078,extra_experiments/pending_runs/extra_robustness/B_loo_ablation/no_rho/dermmnist/RegNetY400MF/L50_G30/tralo/seed_4
extra_robustness,dermmnist,L50_G20,ViTB16,1,tralo,,,50,300,0.0001,5e-06,True,4,2003,223,45,111,3,44,44,45,1,0.5858376118959888,0.26217228464419473,0.26865671641791045,0.6580206406680047,0.659139965442038,extra_experiments/pending_runs/extra_robustness/B_loo_ablation/no_rho/dermmnist/ViTB16/L50_G20/tralo/seed_1
extra_robustness,dermmnist,L50_G20,ViTB16,2,tralo,,,50,300,0.0001,5e-06,True,4,2003,223,45,111,3,45,45,45,0,0.6225335571482464,0.291044776119403,0.291044776119403,0.6493332986501176,0.6493332986501176,extra_experiments/pending_runs/extra_robustness/B_loo_ablation/no_rho/dermmnist/ViTB16/L50_G20/tralo/seed_2
extra_robustness,dermmnist,L50_G20,ViTB16,3,tralo,,,50,300,0.0001,5e-06,True,4,2003,223,45,111,3,45,45,45,0,0.5786163730163546,0.291044776119403,0.291044776119403,0.649983037020054,0.649983037020054,extra_experiments/pending_runs/extra_robustness/B_loo_ablation/no_rho/dermmnist/ViTB16/L50_G20/tralo/seed_3
extra_robustness,dermmnist,L50_G20,ViTB16,4,tralo,,,50,300,0.0001,5e-06,True,4,2003,223,45,111,3,45,45,45,0,0.582095205683717,0.29850746268656714,0.29850746268656714,0.6626556188623899,0.6626556188623899,extra_experiments/pending_runs/extra_robustness/B_loo_ablation/no_rho/dermmnist/ViTB16/L50_G20/tralo/seed_4
extra_robustness,dermmnist,L50_G30,ViTB16,1,tralo,,,50,300,0.0001,5e-06,True,4,2003,223,67,111,3,67,67,67,0,0.6092849147012876,0.36551724137931035,0.36551724137931035,0.6870658984332625,0.6870658984332625,extra_experiments/pending_runs/extra_robustness/B_loo_ablation/no_rho/dermmnist/ViTB16/L50_G30/tralo/seed_1
extra_robustness,dermmnist,L50_G30,ViTB16,2,tralo,,,50,300,0.0001,5e-06,True,4,2003,223,67,111,3,67,67,67,0,0.6438844558855975,0.38620689655172413,0.38620689655172413,0.6781340424223562,0.6781340424223562,extra_experiments/pending_runs/extra_robustness/B_loo_ablation/no_rho/dermmnist/ViTB16/L50_G30/tralo/seed_2
extra_robustness,dermmnist,L50_G30,ViTB16,3,tralo,,,50,300,0.0001,5e-06,True,4,2003,223,67,111,3,67,67,67,0,0.5779465307694461,0.3793103448275862,0.3793103448275862,0.6642886369149685,0.6642886369149685,extra_experiments/pending_runs/extra_robustness/B_loo_ablation/no_rho/dermmnist/ViTB16/L50_G30/tralo/seed_3
extra_robustness,dermmnist,L50_G30,ViTB16,4,tralo,,,50,300,0.0001,5e-06,True,4,2003,223,67,111,3,64,64,67,3,0.5981284056547075,0.3693379790940767,0.3793103448275862,0.6780876808246082,0.6795497151198495,extra_experiments/pending_runs/extra_robustness/B_loo_ablation/no_rho/dermmnist/ViTB16/L50_G30/tralo/seed_4
extra_robustness,octmnist,L30_G30,MobileNetV3,1,tralo,,,50,300,0.0001,5e-06,True,2,1000,250,75,76,3,73,73,75,2,0.7687096778922888,0.42724458204334365,0.4369230769230769,0.705200810812494,0.7083794074363854,extra_experiments/pending_runs/extra_robustness/B_loo_ablation/no_rho/octmnist/MobileNetV3/L30_G30/tralo/seed_1
extra_robustness,octmnist,L30_G30,MobileNetV3,2,tralo,,,50,300,0.0001,5e-06,True,2,1000,250,75,76,3,73,73,75,2,0.7668814235823782,0.39628482972136225,0.40615384615384614,0.6886758568682166,0.691634631697873,extra_experiments/pending_runs/extra_robustness/B_loo_ablation/no_rho/octmnist/MobileNetV3/L30_G30/tralo/seed_2
extra_robustness,octmnist,L30_G30,MobileNetV3,3,tralo,,,50,300,0.0001,5e-06,True,2,1000,250,75,76,3,74,74,75,1,0.7625598365972576,0.41975308641975306,0.4246153846153846,0.7133483116231114,0.7148932052197194,extra_experiments/pending_runs/extra_robustness/B_loo_ablation/no_rho/octmnist/MobileNetV3/L30_G30/tralo/seed_3
extra_robustness,octmnist,L30_G30,MobileNetV3,4,tralo,,,50,300,0.0001,5e-06,True,2,1000,250,75,76,3,71,71,75,4,0.688705788386905,0.3862928348909657,0.39384615384615385,0.6959050442526848,0.6981169007752299,extra_experiments/pending_runs/extra_robustness/B_loo_ablation/no_rho/octmnist/MobileNetV3/L30_G30/tralo/seed_4
extra_robustness,octmnist,L40_G40,MobileNetV3,1,tralo,,,50,300,0.0001,5e-06,True,2,1000,250,100,101,3,100,100,100,0,0.7830611624841441,0.5257142857142857,0.5257142857142857,0.7430823881868357,0.7430823881868357,extra_experiments/pending_runs/extra_robustness/B_loo_ablation/no_rho/octmnist/MobileNetV3/L40_G40/tralo/seed_1
extra_robustness,octmnist,L40_G40,MobileNetV3,2,tralo,,,50,300,0.0001,5e-06,True,2,1000,250,100,101,3,97,97,100,3,0.7639257324641889,0.484149855907781,0.49714285714285716,0.71780821786364,0.722090625259184,extra_experiments/pending_runs/extra_robustness/B_loo_ablation/no_rho/octmnist/MobileNetV3/L40_G40/tralo/seed_2
extra_robustness,octmnist,L40_G40,MobileNetV3,3,tralo,,,50,300,0.0001,5e-06,True,2,1000,250,100,101,3,96,96,100,4,0.7683303944646654,0.5028901734104047,0.52,0.7450682692968693,0.749884150519811,extra_experiments/pending_runs/extra_robustness/B_loo_ablation/no_rho/octmnist/MobileNetV3/L40_G40/tralo/seed_3
extra_robustness,octmnist,L40_G40,MobileNetV3,4,tralo,,,50,300,0.0001,5e-06,True,2,1000,250,100,101,3,98,98,100,2,0.7558779408971834,0.5,0.5028571428571429,0.7447984478432186,0.745342326311041,extra_experiments/pending_runs/extra_robustness/B_loo_ablation/no_rho/octmnist/MobileNetV3/L40_G40/tralo/seed_4
extra_robustness,octmnist,L30_G30,RegNetY400MF,1,tralo,,,50,300,0.0001,5e-06,True,2,1000,250,75,76,3,75,75,75,0,0.7530538306364934,0.4307692307692308,0.4307692307692308,0.7104980699194599,0.7104980699194599,extra_experiments/pending_runs/extra_robustness/B_loo_ablation/no_rho/octmnist/RegNetY400MF/L30_G30/tralo/seed_1
extra_robustness,octmnist,L30_G30,RegNetY400MF,2,tralo,,,50,300,0.0001,5e-06,True,2,1000,250,75,76,3,73,73,75,2,0.7326484952952961,0.4148606811145511,0.4246153846153846,0.6973925917162351,0.7004862285724915,extra_experiments/pending_runs/extra_robustness/B_loo_ablation/no_rho/octmnist/RegNetY400MF/L30_G30/tralo/seed_2
extra_robustness,octmnist,L30_G30,RegNetY400MF,3,tralo,,,50,300,0.0001,5e-06,True,2,1000,250,75,76,3,70,70,75,5,0.7076276494334668,0.36875,0.39384615384615385,0.6820508019301712,0.6900008468595951,extra_experiments/pending_runs/extra_robustness/B_loo_ablation/no_rho/octmnist/RegNetY400MF/L30_G30/tralo/seed_3
extra_robustness,octmnist,L30_G30,RegNetY400MF,4,tralo,,,50,300,0.0001,5e-06,True,2,1000,250,75,76,3,74,74,75,1,0.7218905302828548,0.3950617283950617,0.39384615384615385,0.706548334792438,0.7057009845719076,extra_experiments/pending_runs/extra_robustness/B_loo_ablation/no_rho/octmnist/RegNetY400MF/L30_G30/tralo/seed_4
extra_robustness,octmnist,L40_G40,RegNetY400MF,1,tralo,,,50,300,0.0001,5e-06,True,2,1000,250,100,101,3,100,100,100,0,0.7530499098534638,0.5085714285714286,0.5085714285714286,0.7402487874977546,0.7402487874977546,extra_experiments/pending_runs/extra_robustness/B_loo_ablation/no_rho/octmnist/RegNetY400MF/L40_G40/tralo/seed_1
extra_robustness,octmnist,L40_G40,RegNetY400MF,2,tralo,,,50,300,0.0001,5e-06,True,2,1000,250,100,101,3,97,97,100,3,0.7294375845605454,0.4783861671469741,0.4857142857142857,0.7170024447321806,0.7199281192207349,extra_experiments/pending_runs/extra_robustness/B_loo_ablation/no_rho/octmnist/RegNetY400MF/L40_G40/tralo/seed_2
extra_robustness,octmnist,L40_G40,RegNetY400MF,3,tralo,,,50,300,0.0001,5e-06,True,2,1000,250,100,101,3,99,99,100,1,0.7217338090149698,0.45272206303724927,0.45714285714285713,0.7009243239768109,0.7023641885244523,extra_experiments/pending_runs/extra_robustness/B_loo_ablation/no_rho/octmnist/RegNetY400MF/L40_G40/tralo/seed_3
extra_robustness,octmnist,L40_G40,RegNetY400MF,4,tralo,,,50,300,0.0001,5e-06,True,2,1000,250,100,101,3,96,96,100,4,0.7311230237659472,0.4508670520231214,0.45714285714285713,0.7200946789931817,0.7222077368496805,extra_experiments/pending_runs/extra_robustness/B_loo_ablation/no_rho/octmnist/RegNetY400MF/L40_G40/tralo/seed_4
extra_robustness,octmnist,L30_G30,ViTB16,1,tralo,,,50,300,0.0001,5e-06,True,2,1000,250,75,76,3,75,75,75,0,0.7449195447513998,0.41846153846153844,0.41846153846153844,0.725548780664101,0.725548780664101,extra_experiments/pending_runs/extra_robustness/B_loo_ablation/no_rho/octmnist/ViTB16/L30_G30/tralo/seed_1
extra_robustness,octmnist,L30_G30,ViTB16,2,tralo,,,50,300,0.0001,5e-06,True,2,1000,250,75,76,3,72,72,75,3,0.756822885895636,0.42857142857142855,0.4430769230769231,0.7128072572695715,0.717308436494701,extra_experiments/pending_runs/extra_robustness/B_loo_ablation/no_rho/octmnist/ViTB16/L30_G30/tralo/seed_2
extra_robustness,octmnist,L30_G30,ViTB16,3,tralo,,,50,300,0.0001,5e-06,True,2,1000,250,75,76,3,75,75,75,0,0.7416923380045313,0.41846153846153844,0.41846153846153844,0.7236870181100952,0.7236870181100952,extra_experiments/pending_runs/extra_robustness/B_loo_ablation/no_rho/octmnist/ViTB16/L30_G30/tralo/seed_3
extra_robustness,octmnist,L30_G30,ViTB16,4,tralo,,,50,300,0.0001,5e-06,True,2,1000,250,75,76,3,75,75,75,0,0.726921462148914,0.4246153846153846,0.4246153846153846,0.7313874614975905,0.7313874614975905,extra_experiments/pending_runs/extra_robustness/B_loo_ablation/no_rho/octmnist/ViTB16/L30_G30/tralo/seed_4
extra_robustness,octmnist,L40_G40,ViTB16,1,tralo,,,50,300,0.0001,5e-06,True,2,1000,250,100,101,3,100,100,100,0,0.7730618435785983,0.49714285714285716,0.49714285714285716,0.7486253013696146,0.7486253013696146,extra_experiments/pending_runs/extra_robustness/B_loo_ablation/no_rho/octmnist/ViTB16/L40_G40/tralo/seed_1
extra_robustness,octmnist,L40_G40,ViTB16,2,tralo,,,50,300,0.0001,5e-06,True,2,1000,250,100,101,3,100,100,100,0,0.7984289789201651,0.5428571428571428,0.5428571428571428,0.7491166417948669,0.7491166417948669,extra_experiments/pending_runs/extra_robustness/B_loo_ablation/no_rho/octmnist/ViTB16/L40_G40/tralo/seed_2
extra_robustness,octmnist,L40_G40,ViTB16,3,tralo,,,50,300,0.0001,5e-06,True,2,1000,250,100,101,3,99,99,100,1,0.7684101345460397,0.5157593123209169,0.5142857142857142,0.7574473936426106,0.756503400860197,extra_experiments/pending_runs/extra_robustness/B_loo_ablation/no_rho/octmnist/ViTB16/L40_G40/tralo/seed_3
extra_robustness,octmnist,L40_G40,ViTB16,4,tralo,,,50,300,0.0001,5e-06,True,2,1000,250,100,101,3,100,100,100,0,0.7671771399787033,0.52,0.52,0.761224665257044,0.761224665257044,extra_experiments/pending_runs/extra_robustness/B_loo_ablation/no_rho/octmnist/ViTB16/L40_G40/tralo/seed_4
extra_robustness,dermmnist,L50_G20,MobileNetV3,1,tralo,,,50,300,0.0001,5e-06,True,4,2003,223,45,111,3,44,44,45,1,0.6294518226321676,0.30711610486891383,0.31343283582089554,0.6792550206318938,0.6809073170296084,extra_experiments/pending_runs/extra_robustness/B_loo_ablation/plus_kl/dermmnist/MobileNetV3/L50_G20/tralo/seed_1
extra_robustness,dermmnist,L50_G20,MobileNetV3,2,tralo,,,50,300,0.0001,5e-06,True,4,2003,223,45,111,3,45,45,45,0,0.6641278075112249,0.31343283582089554,0.31343283582089554,0.7031939515551591,0.7031939515551591,extra_experiments/pending_runs/extra_robustness/B_loo_ablation/plus_kl/dermmnist/MobileNetV3/L50_G20/tralo/seed_2
extra_robustness,dermmnist,L50_G20,MobileNetV3,3,tralo,,,50,300,0.0001,5e-06,True,4,2003,223,45,111,3,44,44,45,1,0.6697019662723623,0.30711610486891383,0.30597014925373134,0.7238364897845101,0.7224199854189024,extra_experiments/pending_runs/extra_robustness/B_loo_ablation/plus_kl/dermmnist/MobileNetV3/L50_G20/tralo/seed_3
extra_robustness,dermmnist,L50_G20,MobileNetV3,4,tralo,,,50,300,0.0001,5e-06,True,4,2003,223,45,111,3,42,42,45,3,0.6408159189648758,0.30943396226415093,0.3283582089552239,0.6963903864940628,0.6994061298512619,extra_experiments/pending_runs/extra_robustness/B_loo_ablation/plus_kl/dermmnist/MobileNetV3/L50_G20/tralo/seed_4
extra_robustness,dermmnist,L50_G30,MobileNetV3,1,tralo,,,50,300,0.0001,5e-06,True,4,2003,223,67,111,3,61,61,67,6,0.6583358929145179,0.4014084507042254,0.4206896551724138,0.7050595932762463,0.7104633886854137,extra_experiments/pending_runs/extra_robustness/B_loo_ablation/plus_kl/dermmnist/MobileNetV3/L50_G30/tralo/seed_1
extra_robustness,dermmnist,L50_G30,MobileNetV3,2,tralo,,,50,300,0.0001,5e-06,True,4,2003,223,67,111,3,62,62,67,5,0.6747737132554055,0.38596491228070173,0.41379310344827586,0.7194824133894185,0.7218068351558085,extra_experiments/pending_runs/extra_robustness/B_loo_ablation/plus_kl/dermmnist/MobileNetV3/L50_G30/tralo/seed_2
extra_robustness,dermmnist,L50_G30,MobileNetV3,3,tralo,,,50,300,0.0001,5e-06,True,4,2003,223,67,111,3,63,63,67,4,0.667912526935939,0.3916083916083916,0.41379310344827586,0.7447676659545667,0.7492468389287662,extra_experiments/pending_runs/extra_robustness/B_loo_ablation/plus_kl/dermmnist/MobileNetV3/L50_G30/tralo/seed_3
extra_robustness,dermmnist,L50_G30,MobileNetV3,4,tralo,,,50,300,0.0001,5e-06,True,4,2003,223,67,111,3,67,67,67,0,0.6801572072289973,0.41379310344827586,0.41379310344827586,0.7101979426666843,0.7101979426666843,extra_experiments/pending_runs/extra_robustness/B_loo_ablation/plus_kl/dermmnist/MobileNetV3/L50_G30/tralo/seed_4
extra_robustness,dermmnist,L50_G20,RegNetY400MF,1,tralo,,,50,300,0.0001,5e-06,True,4,2003,223,45,111,3,45,45,45,0,0.6560360076601215,0.30597014925373134,0.31343283582089554,0.6928880878353375,0.6941317067607707,extra_experiments/pending_runs/extra_robustness/B_loo_ablation/plus_kl/dermmnist/RegNetY400MF/L50_G20/tralo/seed_1
extra_robustness,dermmnist,L50_G20,RegNetY400MF,2,tralo,,,50,300,0.0001,5e-06,True,4,2003,223,45,111,3,45,45,45,0,0.6696117275058102,0.3208955223880597,0.3208955223880597,0.6809222741985614,0.6809222741985614,extra_experiments/pending_runs/extra_robustness/B_loo_ablation/plus_kl/dermmnist/RegNetY400MF/L50_G20/tralo/seed_2
extra_robustness,dermmnist,L50_G20,RegNetY400MF,3,tralo,,,50,300,0.0001,5e-06,True,4,2003,223,45,111,3,44,44,45,1,0.6357759686907098,0.3146067415730337,0.3208955223880597,0.7034135822462424,0.7048788320311175,extra_experiments/pending_runs/extra_robustness/B_loo_ablation/plus_kl/dermmnist/RegNetY400MF/L50_G20/tralo/seed_3
extra_robustness,dermmnist,L50_G20,RegNetY400MF,4,tralo,,,50,300,0.0001,5e-06,True,4,2003,223,45,111,3,45,45,45,0,0.6411129329291675,0.3208955223880597,0.3208955223880597,0.6802018191725935,0.6802018191725935,extra_experiments/pending_runs/extra_robustness/B_loo_ablation/plus_kl/dermmnist/RegNetY400MF/L50_G20/tralo/seed_4
extra_robustness,dermmnist,L50_G30,RegNetY400MF,1,tralo,,,50,300,0.0001,5e-06,True,4,2003,223,67,111,3,61,61,67,6,0.6467948222855584,0.38028169014084506,0.41379310344827586,0.7010226663494324,0.7066270415775114,extra_experiments/pending_runs/extra_robustness/B_loo_ablation/plus_kl/dermmnist/RegNetY400MF/L50_G30/tralo/seed_1
extra_robustness,dermmnist,L50_G30,RegNetY400MF,2,tralo,,,50,300,0.0001,5e-06,True,4,2003,223,67,111,3,58,58,67,9,0.6668456228028249,0.3914590747330961,0.43448275862068964,0.7167570465142452,0.7230506199070785,extra_experiments/pending_runs/extra_robustness/B_loo_ablation/plus_kl/dermmnist/RegNetY400MF/L50_G30/tralo/seed_2
extra_robustness,dermmnist,L50_G30,RegNetY400MF,3,tralo,,,50,300,0.0001,5e-06,True,4,2003,223,67,111,3,59,59,67,8,0.6546213861191791,0.375886524822695,0.4068965517241379,0.6917749415092801,0.697288499724418,extra_experiments/pending_runs/extra_robustness/B_loo_ablation/plus_kl/dermmnist/RegNetY400MF/L50_G30/tralo/seed_3
extra_robustness,dermmnist,L50_G30,RegNetY400MF,4,tralo,,,50,300,0.0001,5e-06,True,4,2003,223,67,111,3,58,58,67,9,0.6419477234038905,0.3914590747330961,0.43448275862068964,0.6956324263360114,0.7021860793933017,extra_experiments/pending_runs/extra_robustness/B_loo_ablation/plus_kl/dermmnist/RegNetY400MF/L50_G30/tralo/seed_4
extra_robustness,dermmnist,L50_G20,ViTB16,1,tralo,,,50,300,0.0001,5e-06,True,4,2003,223,45,111,3,44,44,45,1,0.575716096783405,0.2696629213483146,0.27611940298507465,0.6449598374838352,0.6459288168327174,extra_experiments/pending_runs/extra_robustness/B_loo_ablation/plus_kl/dermmnist/ViTB16/L50_G20/tralo/seed_1
extra_robustness,dermmnist,L50_G20,ViTB16,2,tralo,,,50,300,0.0001,5e-06,True,4,2003,223,45,111,3,43,43,45,2,0.6635205479591237,0.2932330827067669,0.30597014925373134,0.6487779276984692,0.6508377542277436,extra_experiments/pending_runs/extra_robustness/B_loo_ablation/plus_kl/dermmnist/ViTB16/L50_G20/tralo/seed_2
extra_robustness,dermmnist,L50_G20,ViTB16,3,tralo,,,50,300,0.0001,5e-06,True,4,2003,223,45,111,3,45,45,45,0,0.5609258854113812,0.26865671641791045,0.26865671641791045,0.6140328282017713,0.6140328282017713,extra_experiments/pending_runs/extra_robustness/B_loo_ablation/plus_kl/dermmnist/ViTB16/L50_G20/tralo/seed_3
extra_robustness,dermmnist,L50_G20,ViTB16,4,tralo,,,50,300,0.0001,5e-06,True,4,2003,223,45,111,3,44,44,45,1,0.5550601566867747,0.29213483146067415,0.291044776119403,0.621686249079083,0.6207530730487945,extra_experiments/pending_runs/extra_robustness/B_loo_ablation/plus_kl/dermmnist/ViTB16/L50_G20/tralo/seed_4
extra_robustness,dermmnist,L50_G30,ViTB16,1,tralo,,,50,300,0.0001,5e-06,True,4,2003,223,67,111,3,60,60,67,7,0.5944008702252025,0.3321554770318021,0.3586206896551724,0.6710160618672117,0.6756359686525922,extra_experiments/pending_runs/extra_robustness/B_loo_ablation/plus_kl/dermmnist/ViTB16/L50_G30/tralo/seed_1
extra_robustness,dermmnist,L50_G30,ViTB16,2,tralo,,,50,300,0.0001,5e-06,True,4,2003,223,67,111,3,67,67,67,0,0.6732692946879216,0.3793103448275862,0.3793103448275862,0.6638524214274809,0.6638524214274809,extra_experiments/pending_runs/extra_robustness/B_loo_ablation/plus_kl/dermmnist/ViTB16/L50_G30/tralo/seed_2
extra_robustness,dermmnist,L50_G30,ViTB16,3,tralo,,,50,300,0.0001,5e-06,True,4,2003,223,67,111,3,62,62,67,5,0.5965520674655889,0.3508771929824561,0.3724137931034483,0.6542948253078748,0.6576666786857704,extra_experiments/pending_runs/extra_robustness/B_loo_ablation/plus_kl/dermmnist/ViTB16/L50_G30/tralo/seed_3
extra_robustness,dermmnist,L50_G30,ViTB16,4,tralo,,,50,300,0.0001,5e-06,True,4,2003,223,67,111,3,58,58,67,9,0.6004903012436078,0.36298932384341637,0.3793103448275862,0.683440965916858,0.6864825490531905,extra_experiments/pending_runs/extra_robustness/B_loo_ablation/plus_kl/dermmnist/ViTB16/L50_G30/tralo/seed_4
extra_robustness,octmnist,L30_G30,MobileNetV3,1,tralo,,,50,300,0.0001,5e-06,True,2,1000,250,75,76,3,71,71,75,4,0.7830950942864455,0.4174454828660436,0.4369230769230769,0.7022842351957468,0.7085258102550479,extra_experiments/pending_runs/extra_robustness/B_loo_ablation/plus_kl/octmnist/MobileNetV3/L30_G30/tralo/seed_1
extra_robustness,octmnist,L30_G30,MobileNetV3,2,tralo,,,50,300,0.0001,5e-06,True,2,1000,250,75,76,3,73,73,75,2,0.7864795107283854,0.42724458204334365,0.4307692307692308,0.6487468856915459,0.6502303703970751,extra_experiments/pending_runs/extra_robustness/B_loo_ablation/plus_kl/octmnist/MobileNetV3/L30_G30/tralo/seed_2
extra_robustness,octmnist,L30_G30,MobileNetV3,3,tralo,,,50,300,0.0001,5e-06,True,2,1000,250,75,76,3,72,72,75,3,0.7410205014754635,0.40993788819875776,0.4246153846153846,0.6861916468434345,0.6909153999452147,extra_experiments/pending_runs/extra_robustness/B_loo_ablation/plus_kl/octmnist/MobileNetV3/L30_G30/tralo/seed_3
extra_robustness,octmnist,L30_G30,MobileNetV3,4,tralo,,,50,300,0.0001,5e-06,True,2,1000,250,75,76,3,74,74,75,1,0.7755027101968718,0.43209876543209874,0.4369230769230769,0.721760805442976,0.7231833464438985,extra_experiments/pending_runs/extra_robustness/B_loo_ablation/plus_kl/octmnist/MobileNetV3/L30_G30/tralo/seed_4
extra_robustness,octmnist,L40_G40,MobileNetV3,1,tralo,,,50,300,0.0001,5e-06,True,2,1000,250,100,101,3,99,99,100,1,0.8081266223142821,0.5272206303724928,0.5314285714285715,0.715448120001719,0.716873239594097,extra_experiments/pending_runs/extra_robustness/B_loo_ablation/plus_kl/octmnist/MobileNetV3/L40_G40/tralo/seed_1
extra_robustness,octmnist,L40_G40,MobileNetV3,2,tralo,,,50,300,0.0001,5e-06,True,2,1000,250,100,101,3,95,95,100,5,0.7812169564516601,0.4927536231884058,0.5028571428571429,0.6661023192981159,0.6680143646805711,extra_experiments/pending_runs/extra_robustness/B_loo_ablation/plus_kl/octmnist/MobileNetV3/L40_G40/tralo/seed_2
extra_robustness,octmnist,L40_G40,MobileNetV3,3,tralo,,,50,300,0.0001,5e-06,True,2,1000,250,100,101,3,100,100,100,0,0.7562481140521848,0.5085714285714286,0.5085714285714286,0.7374286949633103,0.7374286949633103,extra_experiments/pending_runs/extra_robustness/B_loo_ablation/plus_kl/octmnist/MobileNetV3/L40_G40/tralo/seed_3
extra_robustness,octmnist,L40_G40,MobileNetV3,4,tralo,,,50,300,0.0001,5e-06,True,2,1000,250,100,101,3,100,100,100,0,0.7844320469121165,0.5257142857142857,0.5257142857142857,0.7520283566746498,0.7520283566746498,extra_experiments/pending_runs/extra_robustness/B_loo_ablation/plus_kl/octmnist/MobileNetV3/L40_G40/tralo/seed_4
extra_robustness,octmnist,L30_G30,RegNetY400MF,1,tralo,,,50,300,0.0001,5e-06,True,2,1000,250,75,76,3,75,75,75,0,0.6838303530397842,0.38769230769230767,0.38769230769230767,0.6812752384491515,0.6812752384491515,extra_experiments/pending_runs/extra_robustness/B_loo_ablation/plus_kl/octmnist/RegNetY400MF/L30_G30/tralo/seed_1
extra_robustness,octmnist,L30_G30,RegNetY400MF,2,tralo,,,50,300,0.0001,5e-06,True,2,1000,250,75,76,3,72,72,75,3,0.7492092471929271,0.422360248447205,0.4369230769230769,0.7116870375058765,0.7163174568362425,extra_experiments/pending_runs/extra_robustness/B_loo_ablation/plus_kl/octmnist/RegNetY400MF/L30_G30/tralo/seed_2
extra_robustness,octmnist,L30_G30,RegNetY400MF,3,tralo,,,50,300,0.0001,5e-06,True,2,1000,250,75,76,3,73,73,75,2,0.726546279463151,0.4086687306501548,0.4123076923076923,0.7158229000558609,0.7165111954206828,extra_experiments/pending_runs/extra_robustness/B_loo_ablation/plus_kl/octmnist/RegNetY400MF/L30_G30/tralo/seed_3
extra_robustness,octmnist,L30_G30,RegNetY400MF,4,tralo,,,50,300,0.0001,5e-06,True,2,1000,250,75,76,3,75,75,75,0,0.7074341989598234,0.4123076923076923,0.4123076923076923,0.7016326004506275,0.701528407119054,extra_experiments/pending_runs/extra_robustness/B_loo_ablation/plus_kl/octmnist/RegNetY400MF/L30_G30/tralo/seed_4
extra_robustness,octmnist,L40_G40,RegNetY400MF,1,tralo,,,50,300,0.0001,5e-06,True,2,1000,250,100,101,3,87,87,100,13,0.7142272997084629,0.4688427299703264,0.49714285714285716,0.7097920509045242,0.7181141776160772,extra_experiments/pending_runs/extra_robustness/B_loo_ablation/plus_kl/octmnist/RegNetY400MF/L40_G40/tralo/seed_1
extra_robustness,octmnist,L40_G40,RegNetY400MF,2,tralo,,,50,300,0.0001,5e-06,True,2,1000,250,100,101,3,99,99,100,1,0.7639645720262889,0.5157593123209169,0.5142857142857142,0.7380254083548805,0.7371236234751494,extra_experiments/pending_runs/extra_robustness/B_loo_ablation/plus_kl/octmnist/RegNetY400MF/L40_G40/tralo/seed_2
extra_robustness,octmnist,L40_G40,RegNetY400MF,3,tralo,,,50,300,0.0001,5e-06,True,2,1000,250,100,101,3,99,99,100,1,0.7495278549641038,0.498567335243553,0.5028571428571429,0.7472853078104147,0.7486797258537066,extra_experiments/pending_runs/extra_robustness/B_loo_ablation/plus_kl/octmnist/RegNetY400MF/L40_G40/tralo/seed_3
extra_robustness,octmnist,L40_G40,RegNetY400MF,4,tralo,,,50,300,0.0001,5e-06,True,2,1000,250,100,101,3,97,97,100,3,0.7229118751187013,0.47262247838616717,0.4742857142857143,0.721136231219308,0.7207045184057761,extra_experiments/pending_runs/extra_robustness/B_loo_ablation/plus_kl/octmnist/RegNetY400MF/L40_G40/tralo/seed_4
extra_robustness,octmnist,L30_G30,ViTB16,1,tralo,,,50,300,0.0001,5e-06,True,2,1000,250,75,76,3,72,72,75,3,0.7605311684011581,0.4161490683229814,0.4307692307692308,0.7106594090766293,0.7152500654619806,extra_experiments/pending_runs/extra_robustness/B_loo_ablation/plus_kl/octmnist/ViTB16/L30_G30/tralo/seed_1
extra_robustness,octmnist,L30_G30,ViTB16,2,tralo,,,50,300,0.0001,5e-06,True,2,1000,250,75,76,3,75,75,75,0,0.7817076651700346,0.4553846153846154,0.4553846153846154,0.7150228388934025,0.7150228388934025,extra_experiments/pending_runs/extra_robustness/B_loo_ablation/plus_kl/octmnist/ViTB16/L30_G30/tralo/seed_2
extra_robustness,octmnist,L30_G30,ViTB16,3,tralo,,,50,300,0.0001,5e-06,True,2,1000,250,75,76,3,73,73,75,2,0.7990442691874168,0.42724458204334365,0.4369230769230769,0.7295288783714013,0.7326646023532474,extra_experiments/pending_runs/extra_robustness/B_loo_ablation/plus_kl/octmnist/ViTB16/L30_G30/tralo/seed_3
extra_robustness,octmnist,L30_G30,ViTB16,4,tralo,,,50,300,0.0001,5e-06,True,2,1000,250,75,76,3,75,75,75,0,0.7773476265375925,0.4369230769230769,0.4369230769230769,0.7185364493366831,0.7185364493366831,extra_experiments/pending_runs/extra_robustness/B_loo_ablation/plus_kl/octmnist/ViTB16/L30_G30/tralo/seed_4
extra_robustness,octmnist,L40_G40,ViTB16,1,tralo,,,50,300,0.0001,5e-06,True,2,1000,250,100,101,3,100,100,100,0,0.7727587091345558,0.5028571428571429,0.5028571428571429,0.7379978248409352,0.7379978248409352,extra_experiments/pending_runs/extra_robustness/B_loo_ablation/plus_kl/octmnist/ViTB16/L40_G40/tralo/seed_1
extra_robustness,octmnist,L40_G40,ViTB16,2,tralo,,,50,300,0.0001,5e-06,True,2,1000,250,100,101,3,100,100,100,0,0.8046699551822629,0.5428571428571428,0.5428571428571428,0.740693917375322,0.740693917375322,extra_experiments/pending_runs/extra_robustness/B_loo_ablation/plus_kl/octmnist/ViTB16/L40_G40/tralo/seed_2
extra_robustness,octmnist,L40_G40,ViTB16,3,tralo,,,50,300,0.0001,5e-06,True,2,1000,250,100,101,3,100,100,100,0,0.8122662455785968,0.5371428571428571,0.5371428571428571,0.7624630614732808,0.7624630614732808,extra_experiments/pending_runs/extra_robustness/B_loo_ablation/plus_kl/octmnist/ViTB16/L40_G40/tralo/seed_3
extra_robustness,octmnist,L40_G40,ViTB16,4,tralo,,,50,300,0.0001,5e-06,True,2,1000,250,100,101,3,100,100,100,0,0.7947141745777058,0.5257142857142857,0.5257142857142857,0.7461603895054101,0.7461603895054101,extra_experiments/pending_runs/extra_robustness/B_loo_ablation/plus_kl/octmnist/ViTB16/L40_G40/tralo/seed_4
extra_robustness,dermmnist,L50_G20,MobileNetV3,1,fioretto_ldf,,,50,300,0.0001,5e-06,,4,2003,223,45,111,3,44,44,45,1,0.6270217544492034,0.30711610486891383,0.31343283582089554,0.6859981461915706,0.6869452295962388,extra_experiments/pending_runs/extra_robustness/C_fairness/fioretto_step_0p001/dermmnist/MobileNetV3/L50_G20/fioretto_ldf/seed_1
extra_robustness,dermmnist,L50_G20,MobileNetV3,2,fioretto_ldf,,,50,300,0.0001,5e-06,,4,2003,223,45,111,3,40,40,45,5,0.647136917108284,0.2737642585551331,0.30597014925373134,0.7011119227915661,0.7059406085859576,extra_experiments/pending_runs/extra_robustness/C_fairness/fioretto_step_0p001/dermmnist/MobileNetV3/L50_G20/fioretto_ldf/seed_2
extra_robustness,dermmnist,L50_G20,MobileNetV3,3,fioretto_ldf,,,50,300,0.0001,5e-06,,4,2003,223,45,111,3,47,45,45,0,0.6400763953329746,0.31343283582089554,0.30597014925373134,0.7183993989593102,0.7153306875987778,extra_experiments/pending_runs/extra_robustness/C_fairness/fioretto_step_0p001/dermmnist/MobileNetV3/L50_G20/fioretto_ldf/seed_3
extra_robustness,dermmnist,L50_G20,MobileNetV3,4,fioretto_ldf,,,50,300,0.0001,5e-06,,4,2003,223,45,111,3,45,45,45,0,0.6160151236623408,0.3208955223880597,0.3208955223880597,0.7145558481832239,0.7145558481832239,extra_experiments/pending_runs/extra_robustness/C_fairness/fioretto_step_0p001/dermmnist/MobileNetV3/L50_G20/fioretto_ldf/seed_4
extra_robustness,dermmnist,L50_G30,MobileNetV3,1,fioretto_ldf,,,50,300,0.0001,5e-06,,4,2003,223,67,111,3,63,63,67,4,0.6575307149616934,0.4125874125874126,0.41379310344827586,0.7086825915348131,0.7090348028772862,extra_experiments/pending_runs/extra_robustness/C_fairness/fioretto_step_0p001/dermmnist/MobileNetV3/L50_G30/fioretto_ldf/seed_1
extra_robustness,dermmnist,L50_G30,MobileNetV3,2,fioretto_ldf,,,50,300,0.0001,5e-06,,4,2003,223,67,111,3,62,62,67,5,0.6671285172681839,0.4,0.42758620689655175,0.725317555459814,0.7294903589773547,extra_experiments/pending_runs/extra_robustness/C_fairness/fioretto_step_0p001/dermmnist/MobileNetV3/L50_G30/fioretto_ldf/seed_2
extra_robustness,dermmnist,L50_G30,MobileNetV3,3,fioretto_ldf,,,50,300,0.0001,5e-06,,4,2003,223,67,111,3,66,66,67,1,0.659890785865227,0.4083044982698962,0.41379310344827586,0.7346754710881154,0.7355058160253928,extra_experiments/pending_runs/extra_robustness/C_fairness/fioretto_step_0p001/dermmnist/MobileNetV3/L50_G30/fioretto_ldf/seed_3
extra_robustness,dermmnist,L50_G30,MobileNetV3,4,fioretto_ldf,,,50,300,0.0001,5e-06,,4,2003,223,67,111,3,61,61,67,6,0.6438286105937207,0.39436619718309857,0.42758620689655175,0.7247280489251605,0.7319619581346545,extra_experiments/pending_runs/extra_robustness/C_fairness/fioretto_step_0p001/dermmnist/MobileNetV3/L50_G30/fioretto_ldf/seed_4
extra_robustness,octmnist,L30_G30,MobileNetV3,1,fioretto_ldf,,,50,300,0.0001,5e-06,,2,1000,250,75,76,3,72,71,75,4,0.7591679655356874,0.4174454828660436,0.4369230769230769,0.7029710751488306,0.7093653522936884,extra_experiments/pending_runs/extra_robustness/C_fairness/fioretto_step_0p001/octmnist/MobileNetV3/L30_G30/fioretto_ldf/seed_1
extra_robustness,octmnist,L30_G30,MobileNetV3,2,fioretto_ldf,,,50,300,0.0001,5e-06,,2,1000,250,75,76,3,65,65,75,10,0.7943710775261016,0.38095238095238093,0.4307692307692308,0.6898729380758462,0.7056644880174292,extra_experiments/pending_runs/extra_robustness/C_fairness/fioretto_step_0p001/octmnist/MobileNetV3/L30_G30/fioretto_ldf/seed_2
extra_robustness,octmnist,L30_G30,MobileNetV3,3,fioretto_ldf,,,50,300,0.0001,5e-06,,2,1000,250,75,76,3,69,69,75,6,0.7531054428175097,0.4012539184952978,0.4246153846153846,0.7100172947896325,0.7169276679679217,extra_experiments/pending_runs/extra_robustness/C_fairness/fioretto_step_0p001/octmnist/MobileNetV3/L30_G30/fioretto_ldf/seed_3
extra_robustness,octmnist,L30_G30,MobileNetV3,4,fioretto_ldf,,,50,300,0.0001,5e-06,,2,1000,250,75,76,3,62,62,75,13,0.738568463002858,0.36538461538461536,0.4246153846153846,0.702867370634592,0.7221478135516293,extra_experiments/pending_runs/extra_robustness/C_fairness/fioretto_step_0p001/octmnist/MobileNetV3/L30_G30/fioretto_ldf/seed_4
extra_robustness,octmnist,L40_G40,MobileNetV3,1,fioretto_ldf,,,50,300,0.0001,5e-06,,2,1000,250,100,101,3,84,84,100,16,0.7629002072256224,0.46107784431137727,0.5142857142857142,0.7181605198816566,0.7342610837438424,extra_experiments/pending_runs/extra_robustness/C_fairness/fioretto_step_0p001/octmnist/MobileNetV3/L40_G40/fioretto_ldf/seed_1
extra_robustness,octmnist,L40_G40,MobileNetV3,2,fioretto_ldf,,,50,300,0.0001,5e-06,,2,1000,250,100,101,3,99,96,100,4,0.8002719780580408,0.49710982658959535,0.5085714285714286,0.728458007818374,0.7318047957646413,extra_experiments/pending_runs/extra_robustness/C_fairness/fioretto_step_0p001/octmnist/MobileNetV3/L40_G40/fioretto_ldf/seed_2
extra_robustness,octmnist,L40_G40,MobileNetV3,3,fioretto_ldf,,,50,300,0.0001,5e-06,,2,1000,250,100,101,3,95,95,100,5,0.7612965077479802,0.4985507246376812,0.5142857142857142,0.7409395413284015,0.7457909468657775,extra_experiments/pending_runs/extra_robustness/C_fairness/fioretto_step_0p001/octmnist/MobileNetV3/L40_G40/fioretto_ldf/seed_3
extra_robustness,octmnist,L40_G40,MobileNetV3,4,fioretto_ldf,,,50,300,0.0001,5e-06,,2,1000,250,100,101,3,95,95,100,5,0.7521114664426929,0.4927536231884058,0.5028571428571429,0.7417411618926486,0.7443044396481205,extra_experiments/pending_runs/extra_robustness/C_fairness/fioretto_step_0p001/octmnist/MobileNetV3/L40_G40/fioretto_ldf/seed_4
extra_robustness,dermmnist,L50_G20,MobileNetV3,1,fioretto_ldf,,,50,300,0.0001,5e-06,,4,2003,223,45,111,3,44,44,45,1,0.6271046312551299,0.30711610486891383,0.31343283582089554,0.6859981461915706,0.6869452295962388,extra_experiments/pending_runs/extra_robustness/C_fairness/fioretto_step_0p002/dermmnist/MobileNetV3/L50_G20/fioretto_ldf/seed_1
extra_robustness,dermmnist,L50_G20,MobileNetV3,2,fioretto_ldf,,,50,300,0.0001,5e-06,,4,2003,223,45,111,3,40,40,45,5,0.6471886612008857,0.2737642585551331,0.30597014925373134,0.7011119227915661,0.7059406085859576,extra_experiments/pending_runs/extra_robustness/C_fairness/fioretto_step_0p002/dermmnist/MobileNetV3/L50_G20/fioretto_ldf/seed_2
extra_robustness,dermmnist,L50_G20,MobileNetV3,3,fioretto_ldf,,,50,300,0.0001,5e-06,,4,2003,223,45,111,3,47,45,45,0,0.6400998454827563,0.31343283582089554,0.30597014925373134,0.7183993989593102,0.7153306875987778,extra_experiments/pending_runs/extra_robustness/C_fairness/fioretto_step_0p002/dermmnist/MobileNetV3/L50_G20/fioretto_ldf/seed_3
extra_robustness,dermmnist,L50_G20,MobileNetV3,4,fioretto_ldf,,,50,300,0.0001,5e-06,,4,2003,223,45,111,3,45,45,45,0,0.6160880946512837,0.3208955223880597,0.3208955223880597,0.7145558481832239,0.7145558481832239,extra_experiments/pending_runs/extra_robustness/C_fairness/fioretto_step_0p002/dermmnist/MobileNetV3/L50_G20/fioretto_ldf/seed_4
extra_robustness,dermmnist,L50_G30,MobileNetV3,1,fioretto_ldf,,,50,300,0.0001,5e-06,,4,2003,223,67,111,3,63,63,67,4,0.6576344601324379,0.4125874125874126,0.41379310344827586,0.7086825915348131,0.7090348028772862,extra_experiments/pending_runs/extra_robustness/C_fairness/fioretto_step_0p002/dermmnist/MobileNetV3/L50_G30/fioretto_ldf/seed_1
extra_robustness,dermmnist,L50_G30,MobileNetV3,2,fioretto_ldf,,,50,300,0.0001,5e-06,,4,2003,223,67,111,3,62,62,67,5,0.6669680715638511,0.4,0.42758620689655175,0.725317555459814,0.7294903589773547,extra_experiments/pending_runs/extra_robustness/C_fairness/fioretto_step_0p002/dermmnist/MobileNetV3/L50_G30/fioretto_ldf/seed_2
extra_robustness,dermmnist,L50_G30,MobileNetV3,3,fioretto_ldf,,,50,300,0.0001,5e-06,,4,2003,223,67,111,3,66,66,67,1,0.6598825935486312,0.4083044982698962,0.41379310344827586,0.7346754710881154,0.7355058160253928,extra_experiments/pending_runs/extra_robustness/C_fairness/fioretto_step_0p002/dermmnist/MobileNetV3/L50_G30/fioretto_ldf/seed_3
extra_robustness,dermmnist,L50_G30,MobileNetV3,4,fioretto_ldf,,,50,300,0.0001,5e-06,,4,2003,223,67,111,3,61,61,67,6,0.643861483194615,0.39436619718309857,0.42758620689655175,0.7247280489251605,0.7319619581346545,extra_experiments/pending_runs/extra_robustness/C_fairness/fioretto_step_0p002/dermmnist/MobileNetV3/L50_G30/fioretto_ldf/seed_4
extra_robustness,octmnist,L30_G30,MobileNetV3,1,fioretto_ldf,,,50,300,0.0001,5e-06,,2,1000,250,75,76,3,72,71,75,4,0.7591744859440458,0.4174454828660436,0.4369230769230769,0.7029710751488306,0.7093653522936884,extra_experiments/pending_runs/extra_robustness/C_fairness/fioretto_step_0p002/octmnist/MobileNetV3/L30_G30/fioretto_ldf/seed_1
extra_robustness,octmnist,L30_G30,MobileNetV3,2,fioretto_ldf,,,50,300,0.0001,5e-06,,2,1000,250,75,76,3,65,65,75,10,0.7945056565319191,0.38095238095238093,0.4307692307692308,0.6898729380758462,0.7056644880174292,extra_experiments/pending_runs/extra_robustness/C_fairness/fioretto_step_0p002/octmnist/MobileNetV3/L30_G30/fioretto_ldf/seed_2
extra_robustness,octmnist,L30_G30,MobileNetV3,3,fioretto_ldf,,,50,300,0.0001,5e-06,,2,1000,250,75,76,3,69,69,75,6,0.7530467857873185,0.4012539184952978,0.4246153846153846,0.7100172947896325,0.7169276679679217,extra_experiments/pending_runs/extra_robustness/C_fairness/fioretto_step_0p002/octmnist/MobileNetV3/L30_G30/fioretto_ldf/seed_3
extra_robustness,octmnist,L30_G30,MobileNetV3,4,fioretto_ldf,,,50,300,0.0001,5e-06,,2,1000,250,75,76,3,62,62,75,13,0.738554050989063,0.36538461538461536,0.4246153846153846,0.702867370634592,0.7221478135516293,extra_experiments/pending_runs/extra_robustness/C_fairness/fioretto_step_0p002/octmnist/MobileNetV3/L30_G30/fioretto_ldf/seed_4
extra_robustness,octmnist,L40_G40,MobileNetV3,1,fioretto_ldf,,,50,300,0.0001,5e-06,,2,1000,250,100,101,3,84,84,100,16,0.762921359677289,0.46107784431137727,0.5142857142857142,0.7190372216274881,0.7351497655277537,extra_experiments/pending_runs/extra_robustness/C_fairness/fioretto_step_0p002/octmnist/MobileNetV3/L40_G40/fioretto_ldf/seed_1
extra_robustness,octmnist,L40_G40,MobileNetV3,2,fioretto_ldf,,,50,300,0.0001,5e-06,,2,1000,250,100,101,3,99,96,100,4,0.8005643390451421,0.49710982658959535,0.5142857142857142,0.7303623054462738,0.7360987028076539,extra_experiments/pending_runs/extra_robustness/C_fairness/fioretto_step_0p002/octmnist/MobileNetV3/L40_G40/fioretto_ldf/seed_2
extra_robustness,octmnist,L40_G40,MobileNetV3,3,fioretto_ldf,,,50,300,0.0001,5e-06,,2,1000,250,100,101,3,95,95,100,5,0.7614437349004137,0.4985507246376812,0.52,0.7419481985237273,0.749161441112758,extra_experiments/pending_runs/extra_robustness/C_fairness/fioretto_step_0p002/octmnist/MobileNetV3/L40_G40/fioretto_ldf/seed_3
extra_robustness,octmnist,L40_G40,MobileNetV3,4,fioretto_ldf,,,50,300,0.0001,5e-06,,2,1000,250,100,101,3,95,95,100,5,0.7521481401273094,0.4927536231884058,0.5028571428571429,0.7417411618926486,0.7443044396481205,extra_experiments/pending_runs/extra_robustness/C_fairness/fioretto_step_0p002/octmnist/MobileNetV3/L40_G40/fioretto_ldf/seed_4
extra_robustness,dermmnist,L50_G20,MobileNetV3,1,fioretto_ldf,,,50,300,0.0001,5e-06,,4,2003,223,45,111,3,44,44,45,1,0.627086962491473,0.30711610486891383,0.31343283582089554,0.6859981461915706,0.6869452295962388,extra_experiments/pending_runs/extra_robustness/C_fairness/fioretto_step_0p01/dermmnist/MobileNetV3/L50_G20/fioretto_ldf/seed_1
extra_robustness,dermmnist,L50_G20,MobileNetV3,2,fioretto_ldf,,,50,300,0.0001,5e-06,,4,2003,223,45,111,3,40,40,45,5,0.6472178888455264,0.2737642585551331,0.30597014925373134,0.7011119227915661,0.7059406085859576,extra_experiments/pending_runs/extra_robustness/C_fairness/fioretto_step_0p01/dermmnist/MobileNetV3/L50_G20/fioretto_ldf/seed_2
extra_robustness,dermmnist,L50_G20,MobileNetV3,3,fioretto_ldf,,,50,300,0.0001,5e-06,,4,2003,223,45,111,3,47,45,45,0,0.6401892135795939,0.31343283582089554,0.30597014925373134,0.7183993989593102,0.7153306875987778,extra_experiments/pending_runs/extra_robustness/C_fairness/fioretto_step_0p01/dermmnist/MobileNetV3/L50_G20/fioretto_ldf/seed_3
extra_robustness,dermmnist,L50_G20,MobileNetV3,4,fioretto_ldf,,,50,300,0.0001,5e-06,,4,2003,223,45,111,3,45,45,45,0,0.616108843505211,0.3208955223880597,0.3208955223880597,0.7145558481832239,0.7145558481832239,extra_experiments/pending_runs/extra_robustness/C_fairness/fioretto_step_0p01/dermmnist/MobileNetV3/L50_G20/fioretto_ldf/seed_4
extra_robustness,dermmnist,L50_G30,MobileNetV3,1,fioretto_ldf,,,50,300,0.0001,5e-06,,4,2003,223,67,111,3,63,63,67,4,0.657526501716768,0.4125874125874126,0.41379310344827586,0.7086825915348131,0.7090348028772862,extra_experiments/pending_runs/extra_robustness/C_fairness/fioretto_step_0p01/dermmnist/MobileNetV3/L50_G30/fioretto_ldf/seed_1
extra_robustness,dermmnist,L50_G30,MobileNetV3,2,fioretto_ldf,,,50,300,0.0001,5e-06,,4,2003,223,67,111,3,62,62,67,5,0.6671217544631084,0.4,0.42758620689655175,0.725317555459814,0.7294903589773547,extra_experiments/pending_runs/extra_robustness/C_fairness/fioretto_step_0p01/dermmnist/MobileNetV3/L50_G30/fioretto_ldf/seed_2
extra_robustness,dermmnist,L50_G30,MobileNetV3,3,fioretto_ldf,,,50,300,0.0001,5e-06,,4,2003,223,67,111,3,66,66,67,1,0.6598801380938493,0.4083044982698962,0.41379310344827586,0.7346754710881154,0.7355058160253928,extra_experiments/pending_runs/extra_robustness/C_fairness/fioretto_step_0p01/dermmnist/MobileNetV3/L50_G30/fioretto_ldf/seed_3
extra_robustness,dermmnist,L50_G30,MobileNetV3,4,fioretto_ldf,,,50,300,0.0001,5e-06,,4,2003,223,67,111,3,61,61,67,6,0.6438079820980291,0.39436619718309857,0.42758620689655175,0.7247280489251605,0.7319619581346545,extra_experiments/pending_runs/extra_robustness/C_fairness/fioretto_step_0p01/dermmnist/MobileNetV3/L50_G30/fioretto_ldf/seed_4
extra_robustness,octmnist,L30_G30,MobileNetV3,1,fioretto_ldf,,,50,300,0.0001,5e-06,,2,1000,250,75,76,3,72,71,75,4,0.7591194766665611,0.4174454828660436,0.4369230769230769,0.7029710751488306,0.7093653522936884,extra_experiments/pending_runs/extra_robustness/C_fairness/fioretto_step_0p01/octmnist/MobileNetV3/L30_G30/fioretto_ldf/seed_1
extra_robustness,octmnist,L30_G30,MobileNetV3,2,fioretto_ldf,,,50,300,0.0001,5e-06,,2,1000,250,75,76,3,65,65,75,10,0.7944795987225276,0.38095238095238093,0.4307692307692308,0.6898729380758462,0.7056644880174292,extra_experiments/pending_runs/extra_robustness/C_fairness/fioretto_step_0p01/octmnist/MobileNetV3/L30_G30/fioretto_ldf/seed_2
extra_robustness,octmnist,L30_G30,MobileNetV3,3,fioretto_ldf,,,50,300,0.0001,5e-06,,2,1000,250,75,76,3,69,69,75,6,0.7530936863512369,0.4012539184952978,0.4246153846153846,0.7100172947896325,0.7169276679679217,extra_experiments/pending_runs/extra_robustness/C_fairness/fioretto_step_0p01/octmnist/MobileNetV3/L30_G30/fioretto_ldf/seed_3
extra_robustness,octmnist,L30_G30,MobileNetV3,4,fioretto_ldf,,,50,300,0.0001,5e-06,,2,1000,250,75,76,3,62,62,75,13,0.7385609902768313,0.36538461538461536,0.4246153846153846,0.702867370634592,0.7221478135516293,extra_experiments/pending_runs/extra_robustness/C_fairness/fioretto_step_0p01/octmnist/MobileNetV3/L30_G30/fioretto_ldf/seed_4
extra_robustness,octmnist,L40_G40,MobileNetV3,1,fioretto_ldf,,,50,300,0.0001,5e-06,,2,1000,250,100,101,3,84,84,100,16,0.7628616478760196,0.46107784431137727,0.5142857142857142,0.7190372216274881,0.7351497655277537,extra_experiments/pending_runs/extra_robustness/C_fairness/fioretto_step_0p01/octmnist/MobileNetV3/L40_G40/fioretto_ldf/seed_1
extra_robustness,octmnist,L40_G40,MobileNetV3,2,fioretto_ldf,,,50,300,0.0001,5e-06,,2,1000,250,100,101,3,99,96,100,4,0.8005494080363493,0.49710982658959535,0.5142857142857142,0.7303623054462738,0.7360987028076539,extra_experiments/pending_runs/extra_robustness/C_fairness/fioretto_step_0p01/octmnist/MobileNetV3/L40_G40/fioretto_ldf/seed_2
extra_robustness,octmnist,L40_G40,MobileNetV3,3,fioretto_ldf,,,50,300,0.0001,5e-06,,2,1000,250,100,101,3,96,96,100,4,0.7613989683251936,0.5028901734104047,0.52,0.7434095925167301,0.749161441112758,extra_experiments/pending_runs/extra_robustness/C_fairness/fioretto_step_0p01/octmnist/MobileNetV3/L40_G40/fioretto_ldf/seed_3
extra_robustness,octmnist,L40_G40,MobileNetV3,4,fioretto_ldf,,,50,300,0.0001,5e-06,,2,1000,250,100,101,3,95,95,100,5,0.7520658783672585,0.4927536231884058,0.5028571428571429,0.7417411618926486,0.7443044396481205,extra_experiments/pending_runs/extra_robustness/C_fairness/fioretto_step_0p01/octmnist/MobileNetV3/L40_G40/fioretto_ldf/seed_4
extra_robustness,dermmnist,L50_G20,MobileNetV3,1,hounie_rcl,,,50,300,0.0001,5e-06,,4,2003,223,45,111,3,45,45,45,0,0.6282941149661745,0.31343283582089554,0.31343283582089554,0.684143281568612,0.684143281568612,extra_experiments/pending_runs/extra_robustness/C_fairness/hounie_eta_0p001/dermmnist/MobileNetV3/L50_G20/hounie_rcl/seed_1
extra_robustness,dermmnist,L50_G20,MobileNetV3,2,hounie_rcl,,,50,300,0.0001,5e-06,,4,2003,223,45,111,3,42,42,45,3,0.6582635981591833,0.2943396226415094,0.31343283582089554,0.7124325746480571,0.7153005364060551,extra_experiments/pending_runs/extra_robustness/C_fairness/hounie_eta_0p001/dermmnist/MobileNetV3/L50_G20/hounie_rcl/seed_2
extra_robustness,dermmnist,L50_G20,MobileNetV3,3,hounie_rcl,,,50,300,0.0001,5e-06,,4,2003,223,45,111,3,41,41,45,4,0.638982968405732,0.2878787878787879,0.31343283582089554,0.7164215884409498,0.7202563465567096,extra_experiments/pending_runs/extra_robustness/C_fairness/hounie_eta_0p001/dermmnist/MobileNetV3/L50_G20/hounie_rcl/seed_3
extra_robustness,dermmnist,L50_G20,MobileNetV3,4,hounie_rcl,,,50,300,0.0001,5e-06,,4,2003,223,45,111,3,45,45,45,0,0.6141762175789035,0.3208955223880597,0.3208955223880597,0.7169742842500458,0.7164669897273115,extra_experiments/pending_runs/extra_robustness/C_fairness/hounie_eta_0p001/dermmnist/MobileNetV3/L50_G20/hounie_rcl/seed_4
extra_robustness,dermmnist,L50_G30,MobileNetV3,1,hounie_rcl,,,50,300,0.0001,5e-06,,4,2003,223,67,111,3,63,63,67,4,0.6587025130889786,0.3986013986013986,0.41379310344827586,0.711920660361165,0.7144710672190634,extra_experiments/pending_runs/extra_robustness/C_fairness/hounie_eta_0p001/dermmnist/MobileNetV3/L50_G30/hounie_rcl/seed_1
extra_robustness,dermmnist,L50_G30,MobileNetV3,2,hounie_rcl,,,50,300,0.0001,5e-06,,4,2003,223,67,111,3,63,63,67,4,0.6731111190908665,0.3916083916083916,0.41379310344827586,0.7247739819257542,0.7296225050916353,extra_experiments/pending_runs/extra_robustness/C_fairness/hounie_eta_0p001/dermmnist/MobileNetV3/L50_G30/hounie_rcl/seed_2
extra_robustness,dermmnist,L50_G30,MobileNetV3,3,hounie_rcl,,,50,300,0.0001,5e-06,,4,2003,223,67,111,3,65,65,67,2,0.6663423289971868,0.4027777777777778,0.4068965517241379,0.739881284467358,0.7404620084727734,extra_experiments/pending_runs/extra_robustness/C_fairness/hounie_eta_0p001/dermmnist/MobileNetV3/L50_G30/hounie_rcl/seed_3
extra_robustness,dermmnist,L50_G30,MobileNetV3,4,hounie_rcl,,,50,300,0.0001,5e-06,,4,2003,223,67,111,3,67,67,67,0,0.6495475553257368,0.42758620689655175,0.42758620689655175,0.7305544070108917,0.7305544070108917,extra_experiments/pending_runs/extra_robustness/C_fairness/hounie_eta_0p001/dermmnist/MobileNetV3/L50_G30/hounie_rcl/seed_4
extra_robustness,octmnist,L30_G30,MobileNetV3,1,hounie_rcl,,,50,300,0.0001,5e-06,,2,1000,250,75,76,3,72,72,75,3,0.7618979699747825,0.422360248447205,0.4369230769230769,0.7045799676598514,0.7092987063286762,extra_experiments/pending_runs/extra_robustness/C_fairness/hounie_eta_0p001/octmnist/MobileNetV3/L30_G30/hounie_rcl/seed_1
extra_robustness,octmnist,L30_G30,MobileNetV3,2,hounie_rcl,,,50,300,0.0001,5e-06,,2,1000,250,75,76,3,61,61,75,14,0.7853909540034988,0.3665594855305466,0.41846153846153844,0.6817262279977274,0.696661288686341,extra_experiments/pending_runs/extra_robustness/C_fairness/hounie_eta_0p001/octmnist/MobileNetV3/L30_G30/hounie_rcl/seed_2
extra_robustness,octmnist,L30_G30,MobileNetV3,3,hounie_rcl,,,50,300,0.0001,5e-06,,2,1000,250,75,76,3,67,67,75,8,0.7449194423188024,0.38485804416403785,0.4246153846153846,0.6991244727975557,0.7115934401637465,extra_experiments/pending_runs/extra_robustness/C_fairness/hounie_eta_0p001/octmnist/MobileNetV3/L30_G30/hounie_rcl/seed_3
extra_robustness,octmnist,L30_G30,MobileNetV3,4,hounie_rcl,,,50,300,0.0001,5e-06,,2,1000,250,75,76,3,63,63,75,12,0.7334243655732853,0.3706070287539936,0.4246153846153846,0.7017148755966136,0.7193144005134193,extra_experiments/pending_runs/extra_robustness/C_fairness/hounie_eta_0p001/octmnist/MobileNetV3/L30_G30/hounie_rcl/seed_4
extra_robustness,octmnist,L40_G40,MobileNetV3,1,hounie_rcl,,,50,300,0.0001,5e-06,,2,1000,250,100,101,3,81,81,100,19,0.7640994461609546,0.459214501510574,0.52,0.7164921751101838,0.7346305637003026,extra_experiments/pending_runs/extra_robustness/C_fairness/hounie_eta_0p001/octmnist/MobileNetV3/L40_G40/hounie_rcl/seed_1
extra_robustness,octmnist,L40_G40,MobileNetV3,2,hounie_rcl,,,50,300,0.0001,5e-06,,2,1000,250,100,101,3,91,91,100,9,0.7949444945638348,0.4750733137829912,0.5028571428571429,0.7206317627932267,0.7288405062537763,extra_experiments/pending_runs/extra_robustness/C_fairness/hounie_eta_0p001/octmnist/MobileNetV3/L40_G40/hounie_rcl/seed_2
extra_robustness,octmnist,L40_G40,MobileNetV3,3,hounie_rcl,,,50,300,0.0001,5e-06,,2,1000,250,100,101,3,97,97,100,3,0.7555880471110032,0.5014409221902018,0.5142857142857142,0.7407179861835034,0.744015036016961,extra_experiments/pending_runs/extra_robustness/C_fairness/hounie_eta_0p001/octmnist/MobileNetV3/L40_G40/hounie_rcl/seed_3
extra_robustness,octmnist,L40_G40,MobileNetV3,4,hounie_rcl,,,50,300,0.0001,5e-06,,2,1000,250,100,101,3,94,94,100,6,0.7465601869499503,0.48255813953488375,0.5028571428571429,0.738166036962423,0.7445372124759724,extra_experiments/pending_runs/extra_robustness/C_fairness/hounie_eta_0p001/octmnist/MobileNetV3/L40_G40/hounie_rcl/seed_4
extra_robustness,dermmnist,L50_G20,MobileNetV3,1,hounie_rcl,,,50,300,0.0001,5e-06,,4,2003,223,45,111,3,37,37,45,8,0.6085067550628215,0.2692307692307692,0.31343283582089554,0.6776683774481616,0.685288430899068,extra_experiments/pending_runs/extra_robustness/C_fairness/hounie_eta_0p05/dermmnist/MobileNetV3/L50_G20/hounie_rcl/seed_1
extra_robustness,dermmnist,L50_G20,MobileNetV3,2,hounie_rcl,,,50,300,0.0001,5e-06,,4,2003,223,45,111,3,26,26,45,19,0.6380963561570425,0.1927710843373494,0.31343283582089554,0.6993268652925921,0.718646674763616,extra_experiments/pending_runs/extra_robustness/C_fairness/hounie_eta_0p05/dermmnist/MobileNetV3/L50_G20/hounie_rcl/seed_2
extra_robustness,dermmnist,L50_G20,MobileNetV3,3,hounie_rcl,,,50,300,0.0001,5e-06,,4,2003,223,45,111,3,24,24,45,21,0.6201031202704775,0.17813765182186234,0.30597014925373134,0.6957105003572017,0.7171948855482212,extra_experiments/pending_runs/extra_robustness/C_fairness/hounie_eta_0p05/dermmnist/MobileNetV3/L50_G20/hounie_rcl/seed_3
extra_robustness,dermmnist,L50_G20,MobileNetV3,4,hounie_rcl,,,50,300,0.0001,5e-06,,4,2003,223,45,111,3,35,35,45,10,0.5936981305987004,0.2558139534883721,0.3208955223880597,0.7057846781627493,0.7159182867415087,extra_experiments/pending_runs/extra_robustness/C_fairness/hounie_eta_0p05/dermmnist/MobileNetV3/L50_G20/hounie_rcl/seed_4
extra_robustness,dermmnist,L50_G30,MobileNetV3,1,hounie_rcl,,,50,300,0.0001,5e-06,,4,2003,223,67,111,3,50,50,67,17,0.6384526526470321,0.3443223443223443,0.4068965517241379,0.6940515310286486,0.7057627169111589,extra_experiments/pending_runs/extra_robustness/C_fairness/hounie_eta_0p05/dermmnist/MobileNetV3/L50_G30/hounie_rcl/seed_1
extra_robustness,dermmnist,L50_G30,MobileNetV3,2,hounie_rcl,,,50,300,0.0001,5e-06,,4,2003,223,67,111,3,40,40,67,27,0.6556998038256523,0.2813688212927757,0.4,0.7074031120917442,0.7266403264123917,extra_experiments/pending_runs/extra_robustness/C_fairness/hounie_eta_0p05/dermmnist/MobileNetV3/L50_G30/hounie_rcl/seed_2
extra_robustness,dermmnist,L50_G30,MobileNetV3,3,hounie_rcl,,,50,300,0.0001,5e-06,,4,2003,223,67,111,3,51,51,67,16,0.6477305903158542,0.34306569343065696,0.41379310344827586,0.7252762426951207,0.7347633907353582,extra_experiments/pending_runs/extra_robustness/C_fairness/hounie_eta_0p05/dermmnist/MobileNetV3/L50_G30/hounie_rcl/seed_3
extra_robustness,dermmnist,L50_G30,MobileNetV3,4,hounie_rcl,,,50,300,0.0001,5e-06,,4,2003,223,67,111,3,48,48,67,19,0.6211146501870382,0.33948339483394835,0.42758620689655175,0.7142609205823277,0.7327545565135364,extra_experiments/pending_runs/extra_robustness/C_fairness/hounie_eta_0p05/dermmnist/MobileNetV3/L50_G30/hounie_rcl/seed_4
extra_robustness,octmnist,L30_G30,MobileNetV3,1,hounie_rcl,,,50,300,0.0001,5e-06,,2,1000,250,75,76,3,50,50,75,25,0.7491385333477749,0.30666666666666664,0.4369230769230769,0.6684621095007097,0.7094310467101821,extra_experiments/pending_runs/extra_robustness/C_fairness/hounie_eta_0p05/octmnist/MobileNetV3/L30_G30/hounie_rcl/seed_1
extra_robustness,octmnist,L30_G30,MobileNetV3,2,hounie_rcl,,,50,300,0.0001,5e-06,,2,1000,250,75,76,3,42,42,75,33,0.7815935218678542,0.273972602739726,0.4123076923076923,0.6511356825839822,0.6927400444949651,extra_experiments/pending_runs/extra_robustness/C_fairness/hounie_eta_0p05/octmnist/MobileNetV3/L30_G30/hounie_rcl/seed_2
extra_robustness,octmnist,L30_G30,MobileNetV3,3,hounie_rcl,,,50,300,0.0001,5e-06,,2,1000,250,75,76,3,48,48,75,27,0.7390244215798041,0.30201342281879195,0.4246153846153846,0.6740755252653728,0.7141056355103339,extra_experiments/pending_runs/extra_robustness/C_fairness/hounie_eta_0p05/octmnist/MobileNetV3/L30_G30/hounie_rcl/seed_3
extra_robustness,octmnist,L30_G30,MobileNetV3,4,hounie_rcl,,,50,300,0.0001,5e-06,,2,1000,250,75,76,3,45,45,75,30,0.7260681948765619,0.29152542372881357,0.41846153846153844,0.6755926934876655,0.7150979059634226,extra_experiments/pending_runs/extra_robustness/C_fairness/hounie_eta_0p05/octmnist/MobileNetV3/L30_G30/hounie_rcl/seed_4
extra_robustness,octmnist,L40_G40,MobileNetV3,1,hounie_rcl,,,50,300,0.0001,5e-06,,2,1000,250,100,101,3,69,69,100,31,0.7558912116618862,0.40752351097178685,0.5142857142857142,0.700852472497786,0.7329945559961587,extra_experiments/pending_runs/extra_robustness/C_fairness/hounie_eta_0p05/octmnist/MobileNetV3/L40_G40/hounie_rcl/seed_1
extra_robustness,octmnist,L40_G40,MobileNetV3,2,hounie_rcl,,,50,300,0.0001,5e-06,,2,1000,250,100,101,3,62,62,100,38,0.7914724544045719,0.3717948717948718,0.49714285714285716,0.6858515385778394,0.7236219150009983,extra_experiments/pending_runs/extra_robustness/C_fairness/hounie_eta_0p05/octmnist/MobileNetV3/L40_G40/hounie_rcl/seed_2
extra_robustness,octmnist,L40_G40,MobileNetV3,3,hounie_rcl,,,50,300,0.0001,5e-06,,2,1000,250,100,101,3,77,77,100,23,0.7554171103248801,0.43425076452599387,0.52,0.7191521175793875,0.7470771462672381,extra_experiments/pending_runs/extra_robustness/C_fairness/hounie_eta_0p05/octmnist/MobileNetV3/L40_G40/hounie_rcl/seed_3
extra_robustness,octmnist,L40_G40,MobileNetV3,4,hounie_rcl,,,50,300,0.0001,5e-06,,2,1000,250,100,101,3,72,72,100,28,0.7395716986320642,0.40372670807453415,0.5085714285714286,0.7159576447572216,0.7484524062280337,extra_experiments/pending_runs/extra_robustness/C_fairness/hounie_eta_0p05/octmnist/MobileNetV3/L40_G40/hounie_rcl/seed_4
extra_robustness,dermmnist,L50_G20,MobileNetV3,1,hounie_rcl,,,50,300,0.0001,5e-06,,4,2003,223,45,111,3,33,33,45,12,0.5994586714035537,0.2421875,0.30597014925373134,0.6708783865916901,0.6815640286063657,extra_experiments/pending_runs/extra_robustness/C_fairness/hounie_eta_0p1/dermmnist/MobileNetV3/L50_G20/hounie_rcl/seed_1
extra_robustness,dermmnist,L50_G20,MobileNetV3,2,hounie_rcl,,,50,300,0.0001,5e-06,,4,2003,223,45,111,3,21,21,45,24,0.6279776423013685,0.16393442622950818,0.31343283582089554,0.6831923350250636,0.7079007374404069,extra_experiments/pending_runs/extra_robustness/C_fairness/hounie_eta_0p1/dermmnist/MobileNetV3/L50_G20/hounie_rcl/seed_2
extra_robustness,dermmnist,L50_G20,MobileNetV3,3,hounie_rcl,,,50,300,0.0001,5e-06,,4,2003,223,45,111,3,20,20,45,25,0.6157522643285077,0.14814814814814814,0.30597014925373134,0.6893152252966704,0.7154425955786726,extra_experiments/pending_runs/extra_robustness/C_fairness/hounie_eta_0p1/dermmnist/MobileNetV3/L50_G20/hounie_rcl/seed_3
extra_robustness,dermmnist,L50_G20,MobileNetV3,4,hounie_rcl,,,50,300,0.0001,5e-06,,4,2003,223,45,111,3,31,31,45,14,0.5822363802166088,0.23622047244094488,0.3208955223880597,0.6908461902342234,0.7063544549337978,extra_experiments/pending_runs/extra_robustness/C_fairness/hounie_eta_0p1/dermmnist/MobileNetV3/L50_G20/hounie_rcl/seed_4
extra_robustness,dermmnist,L50_G30,MobileNetV3,1,hounie_rcl,,,50,300,0.0001,5e-06,,4,2003,223,67,111,3,46,46,67,21,0.6322014771853631,0.31970260223048325,0.41379310344827586,0.6868721763174157,0.7042911539175915,extra_experiments/pending_runs/extra_robustness/C_fairness/hounie_eta_0p1/dermmnist/MobileNetV3/L50_G30/hounie_rcl/seed_1
extra_robustness,dermmnist,L50_G30,MobileNetV3,2,hounie_rcl,,,50,300,0.0001,5e-06,,4,2003,223,67,111,3,35,35,67,32,0.6488287141130665,0.24806201550387597,0.4,0.7102121599388197,0.734604194945465,extra_experiments/pending_runs/extra_robustness/C_fairness/hounie_eta_0p1/dermmnist/MobileNetV3/L50_G30/hounie_rcl/seed_2
extra_robustness,dermmnist,L50_G30,MobileNetV3,3,hounie_rcl,,,50,300,0.0001,5e-06,,4,2003,223,67,111,3,41,41,67,26,0.640705581445282,0.2878787878787879,0.41379310344827586,0.7165701490611996,0.7349481212980867,extra_experiments/pending_runs/extra_robustness/C_fairness/hounie_eta_0p1/dermmnist/MobileNetV3/L50_G30/hounie_rcl/seed_3
extra_robustness,dermmnist,L50_G30,MobileNetV3,4,hounie_rcl,,,50,300,0.0001,5e-06,,4,2003,223,67,111,3,43,43,67,24,0.6104234405007292,0.3082706766917293,0.4206896551724138,0.7139238940248884,0.7366556484533385,extra_experiments/pending_runs/extra_robustness/C_fairness/hounie_eta_0p1/dermmnist/MobileNetV3/L50_G30/hounie_rcl/seed_4
extra_robustness,octmnist,L30_G30,MobileNetV3,1,hounie_rcl,,,50,300,0.0001,5e-06,,2,1000,250,75,76,3,54,54,75,21,0.7501713597085518,0.32894736842105265,0.4369230769230769,0.6752406752130611,0.7094310467101821,extra_experiments/pending_runs/extra_robustness/C_fairness/hounie_eta_0p1/octmnist/MobileNetV3/L30_G30/hounie_rcl/seed_1
extra_robustness,octmnist,L30_G30,MobileNetV3,2,hounie_rcl,,,50,300,0.0001,5e-06,,2,1000,250,75,76,3,39,39,75,36,0.7791878486551732,0.2560553633217993,0.41846153846153844,0.6449528425154688,0.6933992403342042,extra_experiments/pending_runs/extra_robustness/C_fairness/hounie_eta_0p1/octmnist/MobileNetV3/L30_G30/hounie_rcl/seed_2
extra_robustness,octmnist,L30_G30,MobileNetV3,3,hounie_rcl,,,50,300,0.0001,5e-06,,2,1000,250,75,76,3,49,49,75,26,0.7426061505953767,0.3076923076923077,0.4246153846153846,0.676745506932677,0.7150576287289531,extra_experiments/pending_runs/extra_robustness/C_fairness/hounie_eta_0p1/octmnist/MobileNetV3/L30_G30/hounie_rcl/seed_3
extra_robustness,octmnist,L30_G30,MobileNetV3,4,hounie_rcl,,,50,300,0.0001,5e-06,,2,1000,250,75,76,3,44,44,75,31,0.7241465225896864,0.2857142857142857,0.41846153846153844,0.6745090291681253,0.7158810742628794,extra_experiments/pending_runs/extra_robustness/C_fairness/hounie_eta_0p1/octmnist/MobileNetV3/L30_G30/hounie_rcl/seed_4
extra_robustness,octmnist,L40_G40,MobileNetV3,1,hounie_rcl,,,50,300,0.0001,5e-06,,2,1000,250,100,101,3,67,67,100,33,0.7577667290585631,0.39747634069400634,0.52,0.6976464659184667,0.7353830378623654,extra_experiments/pending_runs/extra_robustness/C_fairness/hounie_eta_0p1/octmnist/MobileNetV3/L40_G40/hounie_rcl/seed_1
extra_robustness,octmnist,L40_G40,MobileNetV3,2,hounie_rcl,,,50,300,0.0001,5e-06,,2,1000,250,100,101,3,69,69,100,31,0.7916695133590416,0.4012539184952978,0.49714285714285716,0.6945756238535221,0.7235956990446792,extra_experiments/pending_runs/extra_robustness/C_fairness/hounie_eta_0p1/octmnist/MobileNetV3/L40_G40/hounie_rcl/seed_2
extra_robustness,octmnist,L40_G40,MobileNetV3,3,hounie_rcl,,,50,300,0.0001,5e-06,,2,1000,250,100,101,3,76,76,100,24,0.7553022638382457,0.4294478527607362,0.52,0.7185353236240101,0.7479978166178423,extra_experiments/pending_runs/extra_robustness/C_fairness/hounie_eta_0p1/octmnist/MobileNetV3/L40_G40/hounie_rcl/seed_3
extra_robustness,octmnist,L40_G40,MobileNetV3,4,hounie_rcl,,,50,300,0.0001,5e-06,,2,1000,250,100,101,3,71,71,100,29,0.7407927640142915,0.40498442367601245,0.5085714285714286,0.714956964653074,0.7474223264320987,extra_experiments/pending_runs/extra_robustness/C_fairness/hounie_eta_0p1/octmnist/MobileNetV3/L40_G40/hounie_rcl/seed_4
