dataset,seed,method,policy,accuracy,macro_f1,cc_f1,raw_feasible,task_updates,constraint_updates,joint_constraint_updates
cifar,1001,alm_0.005,raw,0.6155,0.6077181376612544,0.38431527872550575,True,800,0,600
cifar,1001,alm_0.005,upper_bound_correction,0.6155,0.6077181376612544,0.38431527872550575,True,800,0,600
cifar,1001,alm_0.005,capped_first,0.627,0.6243899304560682,0.5259053257790985,True,800,0,600
cifar,1001,alm_0.015,raw,0.6205,0.6134535312010183,0.4183907258555596,False,800,0,600
cifar,1001,alm_0.015,upper_bound_correction,0.619,0.6115569542491471,0.4062906935349391,False,800,0,600
cifar,1001,alm_0.015,capped_first,0.6275,0.6243328436655876,0.5184979183716912,False,800,0,600
cifar,1001,alm_0.05,raw,0.617,0.6098847389827537,0.3983354430131099,True,800,0,600
cifar,1001,alm_0.05,upper_bound_correction,0.617,0.6098847389827537,0.3983354430131099,True,800,0,600
cifar,1001,alm_0.05,capped_first,0.6275,0.625235204645118,0.5323569386823245,True,800,0,600
cifar,1001,alm_0.15,raw,0.614,0.6057449456145223,0.38112931154866636,True,800,0,600
cifar,1001,alm_0.15,upper_bound_correction,0.614,0.6057449456145223,0.38112931154866636,True,800,0,600
cifar,1001,alm_0.15,capped_first,0.625,0.6222417022846511,0.5236612865084114,True,800,0,600
cifar,1001,alm_0.5,raw,0.609,0.5991428199213853,0.37601479448678093,True,800,0,600
cifar,1001,alm_0.5,upper_bound_correction,0.609,0.5991428199213853,0.37601479448678093,True,800,0,600
cifar,1001,alm_0.5,capped_first,0.619,0.614751453492521,0.5094100787789427,True,800,0,600
cifar,1001,alm_1.5,raw,0.6045,0.594458464863996,0.3981369073230128,True,800,0,600
cifar,1001,alm_1.5,upper_bound_correction,0.6045,0.594458464863996,0.3981369073230128,True,800,0,600
cifar,1001,alm_1.5,capped_first,0.6135,0.6084281804580978,0.5156600787789427,True,800,0,600
cifar,1001,alm_5,raw,0.6045,0.5952252758229084,0.4096494108835307,False,800,0,600
cifar,1001,alm_5,upper_bound_correction,0.602,0.5924345207214529,0.38952329917847156,False,800,0,600
cifar,1001,alm_5,capped_first,0.608,0.6041555381759779,0.5007144266050296,False,800,0,600
cifar,1001,clipper,raw,0.6415,0.6388344390640303,0.6099357561772621,False,800,0,0
cifar,1001,clipper,upper_bound_correction,0.633,0.6296576418823484,0.546608146411793,False,800,0,0
cifar,1001,clipper,capped_first,0.634,0.6308957371204437,0.5532748130784597,False,800,0,0
cifar,1001,tralo_0.0001,raw,0.642,0.639959771168215,0.600632028113794,False,800,15,0
cifar,1001,tralo_0.0001,upper_bound_correction,0.6335,0.6301180774804669,0.5305050868304726,False,800,15,0
cifar,1001,tralo_0.0001,capped_first,0.6345,0.631356172718562,0.5371717534971392,False,800,15,0
cifar,1001,tralo_0.0003,raw,0.6415,0.6386488354492055,0.5943004109833195,False,800,15,0
cifar,1001,tralo_0.0003,upper_bound_correction,0.6325,0.6286979177557801,0.5218094346565595,False,800,15,0
cifar,1001,tralo_0.0003,capped_first,0.634,0.6307221969576726,0.5371717534971392,False,800,15,0
cifar,1001,tralo_0.001,raw,0.641,0.6363669546116126,0.5620473967734796,False,800,15,0
cifar,1001,tralo_0.001,upper_bound_correction,0.6305,0.625339013017557,0.487791455855972,False,800,15,0
cifar,1001,tralo_0.001,capped_first,0.635,0.6320992914479256,0.5390236053489911,False,800,15,0
cifar,1001,tralo_0.003,raw,0.626,0.6123774656364287,0.37581281674646094,False,800,15,0
cifar,1001,tralo_0.003,upper_bound_correction,0.623,0.6094117650120714,0.3540978188478189,False,800,15,0
cifar,1001,tralo_0.003,capped_first,0.633,0.6295674222805916,0.5225283583488352,False,800,15,0
cifar,1001,tralo_0.01,raw,0.6,0.5745187928659355,0.11450549450549449,True,800,15,0
cifar,1001,tralo_0.01,upper_bound_correction,0.6,0.5745187928659355,0.11450549450549449,True,800,15,0
cifar,1001,tralo_0.01,capped_first,0.624,0.618593447962608,0.4767872929496352,True,800,15,0
cifar,1001,tralo_1e-05,raw,0.642,0.6399826312190801,0.5995580530692307,False,800,15,0
cifar,1001,tralo_1e-05,upper_bound_correction,0.6335,0.6301180774804669,0.5305050868304726,False,800,15,0
cifar,1001,tralo_1e-05,capped_first,0.6345,0.631356172718562,0.5371717534971392,False,800,15,0
cifar,1001,tralo_3e-05,raw,0.642,0.6399826312190801,0.5995580530692307,False,800,15,0
cifar,1001,tralo_3e-05,upper_bound_correction,0.6335,0.6301180774804669,0.5305050868304726,False,800,15,0
cifar,1001,tralo_3e-05,capped_first,0.6345,0.631356172718562,0.5371717534971392,False,800,15,0
cifar,1001,tralo_null,raw,0.642,0.6399826312190801,0.5995580530692307,False,800,0,0
cifar,1001,tralo_null,upper_bound_correction,0.6335,0.6301180774804669,0.5305050868304726,False,800,0,0
cifar,1001,tralo_null,capped_first,0.6345,0.631356172718562,0.5371717534971392,False,800,0,0
cifar,1002,alm_0.005,raw,0.607,0.5945955901396496,0.3442777696526356,True,800,0,600
cifar,1002,alm_0.005,upper_bound_correction,0.607,0.5945955901396496,0.3442777696526356,True,800,0,600
cifar,1002,alm_0.005,capped_first,0.618,0.6116399129480375,0.49129985073884086,True,800,0,600
cifar,1002,alm_0.015,raw,0.607,0.5951966205118189,0.3577480171279982,True,800,0,600
cifar,1002,alm_0.015,upper_bound_correction,0.607,0.5951966205118189,0.3577480171279982,True,800,0,600
cifar,1002,alm_0.015,capped_first,0.6175,0.6111553420386975,0.49999550291275396,True,800,0,600
cifar,1002,alm_0.05,raw,0.6085,0.5974127458466758,0.3713596893302776,True,800,0,600
cifar,1002,alm_0.05,upper_bound_correction,0.6085,0.5974127458466758,0.3713596893302776,True,800,0,600
cifar,1002,alm_0.05,capped_first,0.6175,0.6114207848190326,0.49999550291275396,True,800,0,600
cifar,1002,alm_0.15,raw,0.606,0.5933409986890275,0.35357722179781004,True,800,0,600
cifar,1002,alm_0.15,upper_bound_correction,0.606,0.5933409986890275,0.35357722179781004,True,800,0,600
cifar,1002,alm_0.15,capped_first,0.616,0.6101606214952708,0.5049572581462483,True,800,0,600
cifar,1002,alm_0.5,raw,0.605,0.5918032316368905,0.34411193708252535,True,800,0,600
cifar,1002,alm_0.5,upper_bound_correction,0.605,0.5918032316368905,0.34411193708252535,True,800,0,600
cifar,1002,alm_0.5,capped_first,0.6175,0.6128521302390056,0.5216078217533336,True,800,0,600
cifar,1002,alm_1.5,raw,0.608,0.5958189010048308,0.38839490968801316,True,800,0,600
cifar,1002,alm_1.5,upper_bound_correction,0.608,0.5958189010048308,0.38839490968801316,True,800,0,600
cifar,1002,alm_1.5,capped_first,0.619,0.6141376100970617,0.5419184549671927,True,800,0,600
cifar,1002,alm_5,raw,0.604,0.5966491831577531,0.46048031604252915,False,800,0,600
cifar,1002,alm_5,upper_bound_correction,0.6025,0.594984543705825,0.44831957230283803,False,800,0,600
cifar,1002,alm_5,capped_first,0.6075,0.6049051876753264,0.5363628994116372,False,800,0,600
cifar,1002,clipper,raw,0.637,0.6330127366451244,0.6143776905620298,False,800,0,0
cifar,1002,clipper,upper_bound_correction,0.6225,0.6167586953095947,0.5197804491493131,False,800,0,0
cifar,1002,clipper,capped_first,0.623,0.6175573131624235,0.5284761013232262,False,800,0,0
cifar,1002,tralo_0.0001,raw,0.6315,0.626804615078713,0.6032315716150268,False,800,15,0
cifar,1002,tralo_0.0001,upper_bound_correction,0.619,0.612354005754678,0.5110847969754,False,800,15,0
cifar,1002,tralo_0.0001,capped_first,0.619,0.612726950505701,0.5197804491493131,False,800,15,0
cifar,1002,tralo_0.0003,raw,0.6285,0.6236459037507158,0.586572656215708,False,800,15,0
cifar,1002,tralo_0.0003,upper_bound_correction,0.618,0.6111162192361266,0.5046331840721743,False,800,15,0
cifar,1002,tralo_0.0003,capped_first,0.62,0.6139632112214575,0.5284761013232262,False,800,15,0
cifar,1002,tralo_0.001,raw,0.625,0.6177627705075939,0.5462078341222407,False,800,15,0
cifar,1002,tralo_0.001,upper_bound_correction,0.617,0.6094454425786174,0.49139764718712087,False,800,15,0
cifar,1002,tralo_0.001,capped_first,0.6195,0.6132789528857863,0.5218094346565595,False,800,15,0
cifar,1002,tralo_0.003,raw,0.61,0.5944839048710747,0.36466365007541485,False,800,15,0
cifar,1002,tralo_0.003,upper_bound_correction,0.6065,0.5909403244722359,0.3386030440148088,False,800,15,0
cifar,1002,tralo_0.003,capped_first,0.6175,0.6117430582367157,0.5149656343344983,False,800,15,0
cifar,1002,tralo_0.01,raw,0.589,0.5624392791796023,0.08190045248868778,True,800,15,0
cifar,1002,tralo_0.01,upper_bound_correction,0.589,0.5624392791796023,0.08190045248868778,True,800,15,0
cifar,1002,tralo_0.01,capped_first,0.615,0.6098885774511352,0.49160210776444996,True,800,15,0
cifar,1002,tralo_1e-05,raw,0.633,0.6286023093318704,0.6093434963257305,False,800,15,0
cifar,1002,tralo_1e-05,upper_bound_correction,0.619,0.612354005754678,0.5110847969754,False,800,15,0
cifar,1002,tralo_1e-05,capped_first,0.619,0.612726950505701,0.5197804491493131,False,800,15,0
cifar,1002,tralo_3e-05,raw,0.6325,0.6280787911612935,0.6047089152205611,False,800,15,0
cifar,1002,tralo_3e-05,upper_bound_correction,0.619,0.612354005754678,0.5110847969754,False,800,15,0
cifar,1002,tralo_3e-05,capped_first,0.619,0.612726950505701,0.5197804491493131,False,800,15,0
cifar,1002,tralo_null,raw,0.634,0.6297516564559262,0.618228914243949,False,800,0,0
cifar,1002,tralo_null,upper_bound_correction,0.619,0.6128319090381597,0.5197804491493131,False,800,0,0
cifar,1002,tralo_null,capped_first,0.6185,0.6123352885717913,0.5197804491493131,False,800,0,0
cifar,1003,alm_0.005,raw,0.6065,0.597817322735634,0.3884731606819892,False,800,0,600
cifar,1003,alm_0.005,upper_bound_correction,0.6065,0.5978987475980692,0.38979891825774676,False,800,0,600
cifar,1003,alm_0.005,capped_first,0.614,0.6095281557174672,0.501106614023865,False,800,0,600
cifar,1003,alm_0.015,raw,0.6085,0.6007141036660786,0.40788202909477755,True,800,0,600
cifar,1003,alm_0.015,upper_bound_correction,0.6085,0.6007141036660786,0.40788202909477755,True,800,0,600
cifar,1003,alm_0.015,capped_first,0.613,0.6085048635479295,0.4955510584683095,True,800,0,600
cifar,1003,alm_0.05,raw,0.6065,0.5983475802141903,0.3945706700684084,True,800,0,600
cifar,1003,alm_0.05,upper_bound_correction,0.6065,0.5983475802141903,0.3945706700684084,True,800,0,600
cifar,1003,alm_0.05,capped_first,0.6125,0.6080251476932961,0.4955510584683095,True,800,0,600
cifar,1003,alm_0.15,raw,0.6045,0.5963217375460281,0.3908473742071815,True,800,0,600
cifar,1003,alm_0.15,upper_bound_correction,0.6045,0.5963217375460281,0.3908473742071815,True,800,0,600
cifar,1003,alm_0.15,capped_first,0.612,0.6077238667184018,0.4933070191976223,True,800,0,600
cifar,1003,alm_0.5,raw,0.6005,0.5920607766180788,0.38815427440080935,True,800,0,600
cifar,1003,alm_0.5,upper_bound_correction,0.6005,0.5920607766180788,0.38815427440080935,True,800,0,600
cifar,1003,alm_0.5,capped_first,0.607,0.6026585016883635,0.48685540629439644,True,800,0,600
cifar,1003,alm_1.5,raw,0.5945,0.5849528369948898,0.3743430980783922,True,800,0,600
cifar,1003,alm_1.5,upper_bound_correction,0.5945,0.5849528369948898,0.3743430980783922,True,800,0,600
cifar,1003,alm_1.5,capped_first,0.603,0.5987065420176898,0.4995570191976223,True,800,0,600
cifar,1003,alm_5,raw,0.5945,0.5845836946344966,0.4181825260292218,False,800,0,600
cifar,1003,alm_5,upper_bound_correction,0.5925,0.582398111992297,0.4019219605426502,False,800,0,600
cifar,1003,alm_5,capped_first,0.5985,0.5937720609926034,0.5108234469156628,False,800,0,600
cifar,1003,clipper,raw,0.6275,0.6256267537088653,0.6149324537754408,False,800,0,0
cifar,1003,clipper,upper_bound_correction,0.6125,0.6089419334658135,0.5210686939158188,False,800,0,0
cifar,1003,clipper,capped_first,0.6125,0.6089314304454421,0.5210686939158188,False,800,0,0
cifar,1003,tralo_0.0001,raw,0.628,0.6262216822761079,0.6071885432594939,False,800,15,0
cifar,1003,tralo_0.0001,upper_bound_correction,0.6165,0.6132044162435447,0.5284761013232262,False,800,15,0
cifar,1003,tralo_0.0001,capped_first,0.6165,0.6132044162435447,0.5284761013232262,False,800,15,0
cifar,1003,tralo_0.0003,raw,0.627,0.6250755092086974,0.5959423064079445,False,800,15,0
cifar,1003,tralo_0.0003,upper_bound_correction,0.617,0.613647408601947,0.5284761013232262,False,800,15,0
cifar,1003,tralo_0.0003,capped_first,0.617,0.613587123038753,0.5284761013232262,False,800,15,0
cifar,1003,tralo_0.001,raw,0.6245,0.6205850381579984,0.5550236484628499,False,800,15,0
cifar,1003,tralo_0.001,upper_bound_correction,0.617,0.6123792692932504,0.5039616918612905,False,800,15,0
cifar,1003,tralo_0.001,capped_first,0.618,0.6148539332530988,0.5284761013232262,False,800,15,0
cifar,1003,tralo_0.003,raw,0.6095,0.598463652790302,0.39851672891378775,False,800,15,0
cifar,1003,tralo_0.003,upper_bound_correction,0.606,0.5950463142139337,0.3737819865319866,False,800,15,0
cifar,1003,tralo_0.003,capped_first,0.6155,0.6123941506588351,0.5206765064969834,False,800,15,0
cifar,1003,tralo_0.01,raw,0.5845,0.5591582922898577,0.0748235294117647,True,800,15,0
cifar,1003,tralo_0.01,upper_bound_correction,0.5845,0.5591582922898577,0.0748235294117647,True,800,15,0
cifar,1003,tralo_0.01,capped_first,0.6115,0.6084517122324212,0.4995570191976223,True,800,15,0
cifar,1003,tralo_1e-05,raw,0.629,0.6269540688712758,0.6095948594755592,False,800,15,0
cifar,1003,tralo_1e-05,upper_bound_correction,0.616,0.612549175543676,0.5210686939158188,False,800,15,0
cifar,1003,tralo_1e-05,capped_first,0.616,0.6125395102878308,0.5210686939158188,False,800,15,0
cifar,1003,tralo_3e-05,raw,0.629,0.6269959693751737,0.6097341510782653,False,800,15,0
cifar,1003,tralo_3e-05,upper_bound_correction,0.616,0.612549175543676,0.5210686939158188,False,800,15,0
cifar,1003,tralo_3e-05,capped_first,0.616,0.6125395102878308,0.5210686939158188,False,800,15,0
cifar,1003,tralo_null,raw,0.629,0.6269540688712758,0.6095948594755592,False,800,0,0
cifar,1003,tralo_null,upper_bound_correction,0.616,0.612549175543676,0.5210686939158188,False,800,0,0
cifar,1003,tralo_null,capped_first,0.616,0.6125395102878308,0.5210686939158188,False,800,0,0
cifar,1004,alm_0.005,raw,0.606,0.5969414431818028,0.38155923818410414,True,800,0,600
cifar,1004,alm_0.005,upper_bound_correction,0.606,0.5969414431818028,0.38155923818410414,True,800,0,600
cifar,1004,alm_0.005,capped_first,0.619,0.6153631375701534,0.53791249423788,True,800,0,600
cifar,1004,alm_0.015,raw,0.6075,0.5979149494167197,0.3869570671397425,False,800,0,600
cifar,1004,alm_0.015,upper_bound_correction,0.607,0.597302784832781,0.3830531632358386,False,800,0,600
cifar,1004,alm_0.015,capped_first,0.6195,0.6156693920503176,0.53791249423788,False,800,0,600
cifar,1004,alm_0.05,raw,0.6045,0.5945578925645701,0.3687517575477051,True,800,0,600
cifar,1004,alm_0.05,upper_bound_correction,0.6045,0.5945578925645701,0.3687517575477051,True,800,0,600
cifar,1004,alm_0.05,capped_first,0.616,0.6121064983871886,0.530327953175078,True,800,0,600
cifar,1004,alm_0.15,raw,0.604,0.5931420763786245,0.3577260363961131,True,800,0,600
cifar,1004,alm_0.15,upper_bound_correction,0.604,0.5931420763786245,0.3577260363961131,True,800,0,600
cifar,1004,alm_0.15,capped_first,0.614,0.6088674008331391,0.4998659192347832,True,800,0,600
cifar,1004,alm_0.5,raw,0.6015,0.5887921278539943,0.3475042859243627,True,800,0,600
cifar,1004,alm_0.5,upper_bound_correction,0.6015,0.5887921278539943,0.3475042859243627,True,800,0,600
cifar,1004,alm_0.5,capped_first,0.614,0.6086521179153493,0.5145489676678315,True,800,0,600
cifar,1004,alm_1.5,raw,0.605,0.5947920577586617,0.3933446998570338,True,800,0,600
cifar,1004,alm_1.5,upper_bound_correction,0.605,0.5947920577586617,0.3933446998570338,True,800,0,600
cifar,1004,alm_1.5,capped_first,0.613,0.6077544588913538,0.5058533154939185,True,800,0,600
cifar,1004,alm_5,raw,0.6035,0.5936226439393395,0.4071143290996232,False,800,0,600
cifar,1004,alm_5,upper_bound_correction,0.602,0.592023339729531,0.3952450572303513,False,800,0,600
cifar,1004,alm_5,capped_first,0.6105,0.606063539670628,0.5151427679898928,False,800,0,600
cifar,1004,clipper,raw,0.6275,0.6245343632386833,0.6076637107771536,False,800,0,0
cifar,1004,clipper,upper_bound_correction,0.616,0.6133408601200546,0.53791249423788,False,800,0,0
cifar,1004,clipper,capped_first,0.616,0.6133408601200546,0.53791249423788,False,800,0,0
cifar,1004,tralo_0.0001,raw,0.6275,0.6247049378960499,0.5989145940711835,False,800,15,0
cifar,1004,tralo_0.0001,upper_bound_correction,0.6175,0.6145485226448718,0.5358835087306335,False,800,15,0
cifar,1004,tralo_0.0001,capped_first,0.618,0.615606624815506,0.5445791609045466,False,800,15,0
cifar,1004,tralo_0.0003,raw,0.63,0.6270889684021461,0.6058578108162955,False,800,15,0
cifar,1004,tralo_0.0003,upper_bound_correction,0.618,0.6152522692044766,0.5370692794816218,False,800,15,0
cifar,1004,tralo_0.0003,capped_first,0.618,0.6158160715091632,0.5445791609045466,False,800,15,0
cifar,1004,tralo_0.001,raw,0.6265,0.6225681507316101,0.582547064047064,False,800,15,0
cifar,1004,tralo_0.001,upper_bound_correction,0.616,0.6118798604886662,0.5099897889238703,False,800,15,0
cifar,1004,tralo_0.001,capped_first,0.6185,0.6162582351924601,0.5445791609045466,False,800,15,0
cifar,1004,tralo_0.003,raw,0.6125,0.6016491457225517,0.40508121845331146,False,800,15,0
cifar,1004,tralo_0.003,upper_bound_correction,0.607,0.5961661948475862,0.3664973914973915,False,800,15,0
cifar,1004,tralo_0.003,capped_first,0.6175,0.6141643998531249,0.5197804491493131,False,800,15,0
cifar,1004,tralo_0.01,raw,0.588,0.5637499886108421,0.11155555555555556,True,800,15,0
cifar,1004,tralo_0.01,upper_bound_correction,0.588,0.5637499886108421,0.11155555555555556,True,800,15,0
cifar,1004,tralo_0.01,capped_first,0.61,0.6055786168295549,0.47815975412048345,True,800,15,0
cifar,1004,tralo_1e-05,raw,0.628,0.6257368905173983,0.6033047731369501,False,800,15,0
cifar,1004,tralo_1e-05,upper_bound_correction,0.618,0.615606624815506,0.5445791609045466,False,800,15,0
cifar,1004,tralo_1e-05,capped_first,0.618,0.615606624815506,0.5445791609045466,False,800,15,0
cifar,1004,tralo_3e-05,raw,0.6275,0.625435989282897,0.5997685712062666,False,800,15,0
cifar,1004,tralo_3e-05,upper_bound_correction,0.618,0.615606624815506,0.5445791609045466,False,800,15,0
cifar,1004,tralo_3e-05,capped_first,0.618,0.615606624815506,0.5445791609045466,False,800,15,0
cifar,1004,tralo_null,raw,0.629,0.6265763682922144,0.6098813690669295,False,800,0,0
cifar,1004,tralo_null,upper_bound_correction,0.618,0.615606624815506,0.5445791609045466,False,800,0,0
cifar,1004,tralo_null,capped_first,0.618,0.615606624815506,0.5445791609045466,False,800,0,0
cifar,1005,alm_0.005,raw,0.608,0.600106299609379,0.372539872781107,True,800,0,600
cifar,1005,alm_0.005,upper_bound_correction,0.608,0.600106299609379,0.372539872781107,True,800,0,600
cifar,1005,alm_0.005,capped_first,0.6185,0.6136541152645916,0.4957224781348204,True,800,0,600
cifar,1005,alm_0.015,raw,0.6075,0.5985198890039793,0.36248426204601436,True,800,0,600
cifar,1005,alm_0.015,upper_bound_correction,0.6075,0.5985198890039793,0.36248426204601436,True,800,0,600
cifar,1005,alm_0.015,capped_first,0.618,0.6138101304359307,0.5033449393056686,True,800,0,600
cifar,1005,alm_0.05,raw,0.6085,0.5993736610280006,0.3637922869259187,True,800,0,600
cifar,1005,alm_0.05,upper_bound_correction,0.6085,0.5993736610280006,0.3637922869259187,True,800,0,600
cifar,1005,alm_0.05,capped_first,0.6185,0.6141141622657738,0.505373924812915,True,800,0,600
cifar,1005,alm_0.15,raw,0.607,0.5958108837880068,0.3330490389831822,True,800,0,600
cifar,1005,alm_0.15,upper_bound_correction,0.607,0.5958108837880068,0.3330490389831822,True,800,0,600
cifar,1005,alm_0.15,capped_first,0.617,0.6121814063180683,0.4931517025906927,True,800,0,600
cifar,1005,alm_0.5,raw,0.6045,0.5938336709370673,0.3325313996566369,True,800,0,600
cifar,1005,alm_0.5,upper_bound_correction,0.6045,0.5938336709370673,0.3325313996566369,True,800,0,600
cifar,1005,alm_0.5,capped_first,0.6165,0.6129324313262984,0.5125199821605853,True,800,0,600
cifar,1005,alm_1.5,raw,0.602,0.591122545385157,0.40128441003441007,True,800,0,600
cifar,1005,alm_1.5,upper_bound_correction,0.602,0.591122545385157,0.40128441003441007,True,800,0,600
cifar,1005,alm_1.5,capped_first,0.6085,0.6026304775145468,0.5156600787789427,True,800,0,600
cifar,1005,alm_5,raw,0.595,0.5842253331956934,0.4114478849772967,False,800,0,600
cifar,1005,alm_5,upper_bound_correction,0.594,0.5830466555409519,0.40298557651498823,False,800,0,600
cifar,1005,alm_5,capped_first,0.5995,0.5936575213009249,0.5008915602604243,False,800,0,600
cifar,1005,clipper,raw,0.6315,0.629487353915394,0.6098323127636379,False,800,0,0
cifar,1005,clipper,upper_bound_correction,0.62,0.6161376945780233,0.502389144801487,False,800,0,0
cifar,1005,clipper,capped_first,0.62,0.6162620369979179,0.502389144801487,False,800,0,0
cifar,1005,tralo_0.0001,raw,0.6295,0.6275035586408964,0.5959772699673027,False,800,15,0
cifar,1005,tralo_0.0001,upper_bound_correction,0.618,0.6141110909950812,0.502389144801487,False,800,15,0
cifar,1005,tralo_0.0001,capped_first,0.618,0.6141110909950812,0.502389144801487,False,800,15,0
cifar,1005,tralo_0.0003,raw,0.6285,0.6265611911627574,0.5914120620123813,False,800,15,0
cifar,1005,tralo_0.0003,upper_bound_correction,0.618,0.6142466868674059,0.502389144801487,False,800,15,0
cifar,1005,tralo_0.0003,capped_first,0.618,0.6142466868674059,0.502389144801487,False,800,15,0
cifar,1005,tralo_0.001,raw,0.625,0.6203987012405947,0.5452592971383521,False,800,15,0
cifar,1005,tralo_0.001,upper_bound_correction,0.6155,0.6102524990043872,0.4805372929496351,False,800,15,0
cifar,1005,tralo_0.001,capped_first,0.6185,0.6144093904398027,0.5055292414198445,False,800,15,0
cifar,1005,tralo_0.003,raw,0.612,0.6016103275712679,0.3878879034244888,False,800,15,0
cifar,1005,tralo_0.003,upper_bound_correction,0.6085,0.5978005217048389,0.36148151848151855,False,800,15,0
cifar,1005,tralo_0.003,capped_first,0.618,0.6137824688021963,0.507558226927091,False,800,15,0
cifar,1005,tralo_0.01,raw,0.592,0.5692412237943753,0.09463777089783282,True,800,15,0
cifar,1005,tralo_0.01,upper_bound_correction,0.592,0.5692412237943753,0.09463777089783282,True,800,15,0
cifar,1005,tralo_0.01,capped_first,0.6155,0.6122681177672183,0.47053729294963514,True,800,15,0
cifar,1005,tralo_1e-05,raw,0.631,0.6290204785926071,0.6142612092732798,False,800,15,0
cifar,1005,tralo_1e-05,upper_bound_correction,0.618,0.6141110909950812,0.502389144801487,False,800,15,0
cifar,1005,tralo_1e-05,capped_first,0.618,0.6141110909950812,0.502389144801487,False,800,15,0
cifar,1005,tralo_3e-05,raw,0.631,0.6290518963378772,0.6118491207439011,False,800,15,0
cifar,1005,tralo_3e-05,upper_bound_correction,0.618,0.6141110909950812,0.502389144801487,False,800,15,0
cifar,1005,tralo_3e-05,capped_first,0.618,0.6141110909950812,0.502389144801487,False,800,15,0
cifar,1005,tralo_null,raw,0.6305,0.6286120190963562,0.6134286468310967,False,800,0,0
cifar,1005,tralo_null,upper_bound_correction,0.618,0.6141110909950812,0.502389144801487,False,800,0,0
cifar,1005,tralo_null,capped_first,0.618,0.6141110909950812,0.502389144801487,False,800,0,0
cifar,1006,alm_0.005,raw,0.6085,0.597323121051772,0.34588525708606843,False,800,0,600
cifar,1006,alm_0.005,upper_bound_correction,0.608,0.5967847391180412,0.3419813531821645,False,800,0,600
cifar,1006,alm_0.005,capped_first,0.618,0.613644134680602,0.4990397084085723,False,800,0,600
cifar,1006,alm_0.015,raw,0.608,0.5979537647030897,0.34494456440344023,True,800,0,600
cifar,1006,alm_0.015,upper_bound_correction,0.608,0.5979537647030897,0.34494456440344023,True,800,0,600
cifar,1006,alm_0.015,capped_first,0.6195,0.6153830278474792,0.4990397084085723,True,800,0,600
cifar,1006,alm_0.05,raw,0.607,0.5957278674317653,0.3370794000433469,True,800,0,600
cifar,1006,alm_0.05,upper_bound_correction,0.607,0.5957278674317653,0.3370794000433469,True,800,0,600
cifar,1006,alm_0.05,capped_first,0.6175,0.613063804955741,0.4847885006791037,True,800,0,600
cifar,1006,alm_0.15,raw,0.607,0.5960900634684827,0.3398176492447592,True,800,0,600
cifar,1006,alm_0.15,upper_bound_correction,0.607,0.5960900634684827,0.3398176492447592,True,800,0,600
cifar,1006,alm_0.15,capped_first,0.6195,0.615642568431782,0.4977051673457704,True,800,0,600
cifar,1006,alm_0.5,raw,0.6035,0.5922668673010162,0.33088846785398507,True,800,0,600
cifar,1006,alm_0.5,upper_bound_correction,0.6035,0.5922668673010162,0.33088846785398507,True,800,0,600
cifar,1006,alm_0.5,capped_first,0.616,0.6120795412095922,0.4890095151718574,True,800,0,600
cifar,1006,alm_1.5,raw,0.606,0.5956496575728885,0.38329798755605204,True,800,0,600
cifar,1006,alm_1.5,upper_bound_correction,0.606,0.5956496575728885,0.38329798755605204,True,800,0,600
cifar,1006,alm_1.5,capped_first,0.615,0.6106491343664379,0.5171197432119592,True,800,0,600
cifar,1006,alm_5,raw,0.6065,0.5973181177567293,0.4308269209739798,False,800,0,600
cifar,1006,alm_5,upper_bound_correction,0.6045,0.5949557004784161,0.41403198653198653,False,800,0,600
cifar,1006,alm_5,capped_first,0.6095,0.6042280190537973,0.5041567802489962,False,800,0,600
cifar,1006,clipper,raw,0.6355,0.6317752138434006,0.5958642947481606,False,800,0,0
cifar,1006,clipper,upper_bound_correction,0.6205,0.6163982450292029,0.5052584172359769,False,800,0,0
cifar,1006,clipper,capped_first,0.6215,0.6178343148096674,0.5210686939158188,False,800,0,0
cifar,1006,tralo_0.0001,raw,0.634,0.6305128492626615,0.5893910119423948,False,800,15,0
cifar,1006,tralo_0.0001,upper_bound_correction,0.6195,0.6155446599157905,0.5036773895679926,False,800,15,0
cifar,1006,tralo_0.0001,capped_first,0.62,0.6163542903749905,0.5123730417419057,False,800,15,0
cifar,1006,tralo_0.0003,raw,0.6335,0.6290717923581465,0.5861269124954873,False,800,15,0
cifar,1006,tralo_0.0003,upper_bound_correction,0.6185,0.6141110604526715,0.49162770012699886,False,800,15,0
cifar,1006,tralo_0.0003,capped_first,0.62,0.6162291626135724,0.5123730417419057,False,800,15,0
cifar,1006,tralo_0.001,raw,0.6285,0.6227752404274324,0.541863744160009,False,800,15,0
cifar,1006,tralo_0.001,upper_bound_correction,0.618,0.6121358654285833,0.47482645789097405,False,800,15,0
cifar,1006,tralo_0.001,capped_first,0.6205,0.6171570874676626,0.5218094346565595,False,800,15,0
cifar,1006,tralo_0.003,raw,0.6145,0.6004901074957384,0.3441487625208555,False,800,15,0
cifar,1006,tralo_0.003,upper_bound_correction,0.6105,0.5965686867637067,0.3160761460761461,False,800,15,0
cifar,1006,tralo_0.003,capped_first,0.624,0.6206439669185057,0.5175364098786259,False,800,15,0
cifar,1006,tralo_0.01,raw,0.5935,0.5719767248639309,0.11695238095238096,True,800,15,0
cifar,1006,tralo_0.01,upper_bound_correction,0.5935,0.5719767248639309,0.11695238095238096,True,800,15,0
cifar,1006,tralo_0.01,capped_first,0.6185,0.6166881495950889,0.49641692257926484,True,800,15,0
cifar,1006,tralo_1e-05,raw,0.6345,0.630790632993947,0.5912585865388812,False,800,15,0
cifar,1006,tralo_1e-05,upper_bound_correction,0.619,0.6150391654102961,0.5036773895679926,False,800,15,0
cifar,1006,tralo_1e-05,capped_first,0.6195,0.6158487958694959,0.5123730417419057,False,800,15,0
cifar,1006,tralo_3e-05,raw,0.634,0.6303712658570808,0.5881578113450827,False,800,15,0
cifar,1006,tralo_3e-05,upper_bound_correction,0.619,0.6150391654102961,0.5036773895679926,False,800,15,0
cifar,1006,tralo_3e-05,capped_first,0.6195,0.6158487958694959,0.5123730417419057,False,800,15,0
cifar,1006,tralo_null,raw,0.6345,0.6307581299026204,0.5897570850373797,False,800,0,0
cifar,1006,tralo_null,upper_bound_correction,0.619,0.6150391654102961,0.5036773895679926,False,800,0,0
cifar,1006,tralo_null,capped_first,0.6195,0.6158487958694959,0.5123730417419057,False,800,0,0
cifar,1007,alm_0.005,raw,0.6,0.5895369783261544,0.3409428477005737,True,800,0,600
cifar,1007,alm_0.005,upper_bound_correction,0.6,0.5895369783261544,0.3409428477005737,True,800,0,600
cifar,1007,alm_0.005,capped_first,0.613,0.6088216963902019,0.5158751325423835,True,800,0,600
cifar,1007,alm_0.015,raw,0.6015,0.5921593130251395,0.35842234890020014,True,800,0,600
cifar,1007,alm_0.015,upper_bound_correction,0.6015,0.5921593130251395,0.35842234890020014,True,800,0,600
cifar,1007,alm_0.015,capped_first,0.613,0.6084868716471408,0.5084677251349762,True,800,0,600
cifar,1007,alm_0.05,raw,0.602,0.5924614665412461,0.36645448179271717,True,800,0,600
cifar,1007,alm_0.05,upper_bound_correction,0.602,0.5924614665412461,0.36645448179271717,True,800,0,600
cifar,1007,alm_0.05,capped_first,0.6125,0.608207242543634,0.506223685864289,True,800,0,600
cifar,1007,alm_0.15,raw,0.6015,0.5912931107999946,0.3536457800511509,True,800,0,600
cifar,1007,alm_0.15,upper_bound_correction,0.6015,0.5912931107999946,0.3536457800511509,True,800,0,600
cifar,1007,alm_0.15,capped_first,0.613,0.6091905212302696,0.5069644266050297,True,800,0,600
cifar,1007,alm_0.5,raw,0.592,0.5796585316945407,0.32229382722988864,True,800,0,600
cifar,1007,alm_0.5,upper_bound_correction,0.592,0.5796585316945407,0.32229382722988864,True,800,0,600
cifar,1007,alm_0.5,capped_first,0.6055,0.6008652295745232,0.502713218875561,True,800,0,600
cifar,1007,alm_1.5,raw,0.592,0.5813211484861618,0.3952588313099993,True,800,0,600
cifar,1007,alm_1.5,upper_bound_correction,0.592,0.5813211484861618,0.3952588313099993,True,800,0,600
cifar,1007,alm_1.5,capped_first,0.6,0.5949988059469645,0.5145489676678315,True,800,0,600
cifar,1007,alm_5,raw,0.5905,0.5826798501424103,0.4454825049677991,False,800,0,600
cifar,1007,alm_5,upper_bound_correction,0.5875,0.5794023519331604,0.4218476213329154,False,800,0,600
cifar,1007,alm_5,capped_first,0.5925,0.5886786179349538,0.5008915602604243,False,800,0,600
cifar,1007,clipper,raw,0.6235,0.620057504911879,0.5805247087196205,False,800,0,0
cifar,1007,clipper,upper_bound_correction,0.6115,0.6081338996321595,0.5086391448014871,False,800,0,0
cifar,1007,clipper,capped_first,0.6125,0.6094389424762164,0.5173347969754001,False,800,0,0
cifar,1007,tralo_0.0001,raw,0.626,0.6221355721590583,0.5837215514162627,False,800,15,0
cifar,1007,tralo_0.0001,upper_bound_correction,0.6125,0.6083652954392086,0.5086391448014871,False,800,15,0
cifar,1007,tralo_0.0001,capped_first,0.6125,0.6086915086539542,0.5086391448014871,False,800,15,0
cifar,1007,tralo_0.0003,raw,0.625,0.6207513394408712,0.5749535203889888,False,800,15,0
cifar,1007,tralo_0.0003,upper_bound_correction,0.612,0.6076380989890149,0.499943492627574,False,800,15,0
cifar,1007,tralo_0.0003,capped_first,0.6125,0.6088152113401568,0.5086391448014871,False,800,15,0
cifar,1007,tralo_0.001,raw,0.6185,0.6126012123598565,0.5214845281046454,False,800,15,0
cifar,1007,tralo_0.001,upper_bound_correction,0.61,0.6045357581481832,0.47379725561177183,False,800,15,0
cifar,1007,tralo_0.001,capped_first,0.614,0.6109801957153621,0.5260304491493131,False,800,15,0
cifar,1007,tralo_0.003,raw,0.605,0.5919982271963715,0.33560693935693936,False,800,15,0
cifar,1007,tralo_0.003,upper_bound_correction,0.603,0.5900877306594482,0.3211624949124949,False,800,15,0
cifar,1007,tralo_0.003,capped_first,0.616,0.6125317074751727,0.5117792414198445,False,800,15,0
cifar,1007,tralo_0.01,raw,0.584,0.5593932298544404,0.09900751879699247,True,800,15,0
cifar,1007,tralo_0.01,upper_bound_correction,0.584,0.5593932298544404,0.09900751879699247,True,800,15,0
cifar,1007,tralo_0.01,capped_first,0.6105,0.6053980520762697,0.49049099665333884,True,800,15,0
cifar,1007,tralo_1e-05,raw,0.625,0.6206931455350722,0.5783700629389718,False,800,15,0
cifar,1007,tralo_1e-05,upper_bound_correction,0.6125,0.608364614085586,0.5086391448014871,False,800,15,0
cifar,1007,tralo_1e-05,capped_first,0.6125,0.6086908273003316,0.5086391448014871,False,800,15,0
cifar,1007,tralo_3e-05,raw,0.625,0.6207138711904728,0.579934785556326,False,800,15,0
cifar,1007,tralo_3e-05,upper_bound_correction,0.6125,0.608364614085586,0.5086391448014871,False,800,15,0
cifar,1007,tralo_3e-05,capped_first,0.6125,0.6086908273003316,0.5086391448014871,False,800,15,0
cifar,1007,tralo_null,raw,0.625,0.620762805807283,0.5772947941217675,False,800,0,0
cifar,1007,tralo_null,upper_bound_correction,0.613,0.6090935253774483,0.5086391448014871,False,800,0,0
cifar,1007,tralo_null,capped_first,0.6125,0.6086908273003316,0.5086391448014871,False,800,0,0
cifar,1008,alm_0.005,raw,0.6025,0.5933176845205904,0.3772451355147673,True,800,0,600
cifar,1008,alm_0.005,upper_bound_correction,0.6025,0.5933176845205904,0.3772451355147673,True,800,0,600
cifar,1008,alm_0.005,capped_first,0.6115,0.6070018393524795,0.507356614023865,True,800,0,600
cifar,1008,alm_0.015,raw,0.604,0.5954205971085766,0.39138950727204225,False,800,0,600
cifar,1008,alm_0.015,upper_bound_correction,0.6025,0.5937415755153609,0.38164591752845256,False,800,0,600
cifar,1008,alm_0.015,capped_first,0.6115,0.6072101081853585,0.5071415602604242,False,800,0,600
cifar,1008,alm_0.05,raw,0.6045,0.5962543329164295,0.396826439062911,False,800,0,600
cifar,1008,alm_0.05,upper_bound_correction,0.6035,0.5951852669193661,0.3909908952963327,False,800,0,600
cifar,1008,alm_0.05,capped_first,0.6125,0.6082627522256316,0.5071415602604242,False,800,0,600
cifar,1008,alm_0.15,raw,0.6035,0.5954274426164505,0.40973516889117556,False,800,0,600
cifar,1008,alm_0.15,upper_bound_correction,0.6025,0.5941763332585012,0.40094396009996675,False,800,0,600
cifar,1008,alm_0.15,capped_first,0.6105,0.6064846939212277,0.5145489676678315,False,800,0,600
cifar,1008,alm_0.5,raw,0.6025,0.5936585868763607,0.39097337130179177,True,800,0,600
cifar,1008,alm_0.5,upper_bound_correction,0.6025,0.5936585868763607,0.39097337130179177,True,800,0,600
cifar,1008,alm_0.5,capped_first,0.61,0.6060033732388598,0.5060683692573594,True,800,0,600
cifar,1008,alm_1.5,raw,0.6025,0.593248469489392,0.4111967374898409,False,800,0,600
cifar,1008,alm_1.5,upper_bound_correction,0.602,0.5926497718906945,0.4066383329314364,False,800,0,600
cifar,1008,alm_1.5,capped_first,0.609,0.604810987943736,0.5134160395082554,False,800,0,600
cifar,1008,alm_5,raw,0.599,0.5899650016309422,0.42545017747857505,False,800,0,600
cifar,1008,alm_5,upper_bound_correction,0.5975,0.5881907703869482,0.41288804726938605,False,800,0,600
cifar,1008,alm_5,capped_first,0.6045,0.599663352646135,0.5127215950638111,False,800,0,600
cifar,1008,clipper,raw,0.6305,0.6285439126148651,0.6292168982847347,False,800,0,0
cifar,1008,clipper,upper_bound_correction,0.6125,0.6089389030279098,0.5055292414198445,False,800,0,0
cifar,1008,clipper,capped_first,0.613,0.6093707579597647,0.5055292414198445,False,800,0,0
cifar,1008,tralo_0.0001,raw,0.6305,0.628699817939024,0.6243876127691262,False,800,15,0
cifar,1008,tralo_0.0001,upper_bound_correction,0.6125,0.6097209891093757,0.5142248935937576,False,800,15,0
cifar,1008,tralo_0.0001,capped_first,0.612,0.6088330525794954,0.5055292414198445,False,800,15,0
cifar,1008,tralo_0.0003,raw,0.629,0.6269279130610428,0.6107704461155027,False,800,15,0
cifar,1008,tralo_0.0003,upper_bound_correction,0.614,0.6112263244874221,0.521632301001165,False,800,15,0
cifar,1008,tralo_0.0003,capped_first,0.6135,0.6109491041043194,0.521632301001165,False,800,15,0
cifar,1008,tralo_0.001,raw,0.6225,0.6186435279212233,0.5630668354854977,False,800,15,0
cifar,1008,tralo_0.001,upper_bound_correction,0.614,0.6097082021770215,0.5002838734942706,False,800,15,0
cifar,1008,tralo_0.001,capped_first,0.6155,0.6126035264555884,0.527882301001165,False,800,15,0
cifar,1008,tralo_0.003,raw,0.609,0.5995367404527542,0.4175093560459414,False,800,15,0
cifar,1008,tralo_0.003,upper_bound_correction,0.6045,0.5948564730027627,0.38371961371961366,False,800,15,0
cifar,1008,tralo_0.003,capped_first,0.614,0.6110132289242444,0.519186648827252,False,800,15,0
cifar,1008,tralo_0.01,raw,0.586,0.5612211959398425,0.08772338772338772,True,800,15,0
cifar,1008,tralo_0.01,upper_bound_correction,0.586,0.5612211959398425,0.08772338772338772,True,800,15,0
cifar,1008,tralo_0.01,capped_first,0.611,0.606515149134931,0.4786854410977833,True,800,15,0
cifar,1008,tralo_1e-05,raw,0.6315,0.6296711803577483,0.6315076441048924,False,800,15,0
cifar,1008,tralo_1e-05,upper_bound_correction,0.612,0.6087707300759965,0.5055292414198445,False,800,15,0
cifar,1008,tralo_1e-05,capped_first,0.6125,0.6092025850078514,0.5055292414198445,False,800,15,0
cifar,1008,tralo_3e-05,raw,0.632,0.6302077782627673,0.6330949456921939,False,800,15,0
cifar,1008,tralo_3e-05,upper_bound_correction,0.613,0.6100905215377316,0.5142248935937576,False,800,15,0
cifar,1008,tralo_3e-05,capped_first,0.6125,0.6092025850078514,0.5055292414198445,False,800,15,0
cifar,1008,tralo_null,raw,0.6315,0.6296711803577483,0.6315076441048924,False,800,0,0
cifar,1008,tralo_null,upper_bound_correction,0.612,0.6087707300759965,0.5055292414198445,False,800,0,0
cifar,1008,tralo_null,capped_first,0.6125,0.6092025850078514,0.5055292414198445,False,800,0,0
cifar,1009,alm_0.005,raw,0.6095,0.5976929836764545,0.3468621351766513,True,800,0,600
cifar,1009,alm_0.005,upper_bound_correction,0.6095,0.5976929836764545,0.3468621351766513,True,800,0,600
cifar,1009,alm_0.005,capped_first,0.6235,0.6179031330029003,0.5197804491493131,True,800,0,600
cifar,1009,alm_0.015,raw,0.611,0.6004316459230123,0.371535089465193,True,800,0,600
cifar,1009,alm_0.015,upper_bound_correction,0.611,0.6004316459230123,0.371535089465193,True,800,0,600
cifar,1009,alm_0.015,capped_first,0.623,0.6177693846736818,0.5218094346565595,True,800,0,600
cifar,1009,alm_0.05,raw,0.609,0.5970105482989995,0.34834091369348,True,800,0,600
cifar,1009,alm_0.05,upper_bound_correction,0.609,0.5970105482989995,0.34834091369348,True,800,0,600
cifar,1009,alm_0.05,capped_first,0.623,0.6174660838250752,0.5218094346565595,True,800,0,600
cifar,1009,alm_0.15,raw,0.6075,0.5953997865758592,0.3537502765996681,True,800,0,600
cifar,1009,alm_0.15,upper_bound_correction,0.6075,0.5953997865758592,0.3537502765996681,True,800,0,600
cifar,1009,alm_0.15,capped_first,0.62,0.614879099625045,0.516253879101004,True,800,0,600
cifar,1009,alm_0.5,raw,0.606,0.5955651743153485,0.37042173195590605,True,800,0,600
cifar,1009,alm_0.5,upper_bound_correction,0.606,0.5955651743153485,0.37042173195590605,True,800,0,600
cifar,1009,alm_0.5,capped_first,0.6165,0.6120153095097547,0.5138082269270909,True,800,0,600
cifar,1009,alm_1.5,raw,0.607,0.5973937935477645,0.40608955552971776,False,800,0,600
cifar,1009,alm_1.5,upper_bound_correction,0.606,0.5962799021627733,0.3980858298789333,False,800,0,600
cifar,1009,alm_1.5,capped_first,0.615,0.6108327299873205,0.5258153953858723,False,800,0,600
cifar,1009,alm_5,raw,0.605,0.5965234008677129,0.45900295381719536,False,800,0,600
cifar,1009,alm_5,upper_bound_correction,0.6025,0.5938725674877715,0.43887684211213623,False,800,0,600
cifar,1009,alm_5,capped_first,0.6085,0.6043450189738081,0.5282610475597853,False,800,0,600
cifar,1009,clipper,raw,0.633,0.6259343802135101,0.5927253507001791,False,800,0,0
cifar,1009,clipper,upper_bound_correction,0.6195,0.612535147955998,0.5110847969754,False,800,0,0
cifar,1009,clipper,capped_first,0.6205,0.6142068903742456,0.5284761013232262,False,800,0,0
cifar,1009,tralo_0.0001,raw,0.6335,0.6263311955253622,0.5871878502567822,False,800,15,0
cifar,1009,tralo_0.0001,upper_bound_correction,0.6225,0.6156348934820524,0.5110847969754,False,800,15,0
cifar,1009,tralo_0.0001,capped_first,0.623,0.61637285506972,0.5197804491493131,False,800,15,0
cifar,1009,tralo_0.0003,raw,0.6355,0.6280724910365912,0.5959230148414336,False,800,15,0
cifar,1009,tralo_0.0003,upper_bound_correction,0.623,0.6159152801458515,0.5122705677263882,False,800,15,0
cifar,1009,tralo_0.0003,capped_first,0.624,0.6176915486607679,0.5284761013232262,False,800,15,0
cifar,1009,tralo_0.001,raw,0.6315,0.6230675868007539,0.5564653111479736,False,800,15,0
cifar,1009,tralo_0.001,upper_bound_correction,0.6215,0.6124820297647792,0.4809749172747275,False,800,15,0
cifar,1009,tralo_0.001,capped_first,0.6245,0.6177455422852335,0.5197804491493131,False,800,15,0
cifar,1009,tralo_0.003,raw,0.6165,0.6012281599925974,0.3770514670514671,False,800,15,0
cifar,1009,tralo_0.003,upper_bound_correction,0.613,0.5975003113899473,0.3500832500832501,False,800,15,0
cifar,1009,tralo_0.003,capped_first,0.624,0.6179623413519861,0.5247422043828075,False,800,15,0
cifar,1009,tralo_0.01,raw,0.5865,0.5603721160485826,0.09463777089783282,True,800,15,0
cifar,1009,tralo_0.01,upper_bound_correction,0.5865,0.5603721160485826,0.09463777089783282,True,800,15,0
cifar,1009,tralo_0.01,capped_first,0.616,0.6109009058423349,0.5104909966533389,True,800,15,0
cifar,1009,tralo_1e-05,raw,0.6345,0.6274564117272599,0.5877484403379778,False,800,15,0
cifar,1009,tralo_1e-05,upper_bound_correction,0.623,0.6160511490610986,0.5110847969754,False,800,15,0
cifar,1009,tralo_1e-05,capped_first,0.6235,0.6167891106487663,0.5197804491493131,False,800,15,0
cifar,1009,tralo_3e-05,raw,0.634,0.6270401561482136,0.5877484403379778,False,800,15,0
cifar,1009,tralo_3e-05,upper_bound_correction,0.6225,0.6156348934820524,0.5110847969754,False,800,15,0
cifar,1009,tralo_3e-05,capped_first,0.623,0.61637285506972,0.5197804491493131,False,800,15,0
cifar,1009,tralo_null,raw,0.634,0.6270182650785869,0.5855891960734704,False,800,0,0
cifar,1009,tralo_null,upper_bound_correction,0.623,0.6160511490610986,0.5110847969754,False,800,0,0
cifar,1009,tralo_null,capped_first,0.6235,0.6167891106487663,0.5197804491493131,False,800,0,0
cifar,1010,alm_0.005,raw,0.6105,0.6020290766774543,0.3737300094418318,True,800,0,600
cifar,1010,alm_0.005,upper_bound_correction,0.6105,0.6020290766774543,0.3737300094418318,True,800,0,600
cifar,1010,alm_0.005,capped_first,0.621,0.6180852924966614,0.5172096736051854,True,800,0,600
cifar,1010,alm_0.015,raw,0.612,0.6042428786313748,0.39136129883915005,False,800,0,600
cifar,1010,alm_0.015,upper_bound_correction,0.612,0.6042333097920188,0.3926840501619014,False,800,0,600
cifar,1010,alm_0.015,capped_first,0.621,0.6177225432342116,0.5160985624940744,False,800,0,600
cifar,1010,alm_0.05,raw,0.612,0.6035596741584963,0.3743920836832063,True,800,0,600
cifar,1010,alm_0.05,upper_bound_correction,0.612,0.6035596741584963,0.3743920836832063,True,800,0,600
cifar,1010,alm_0.05,capped_first,0.6225,0.619504638776724,0.5160985624940744,True,800,0,600
cifar,1010,alm_0.15,raw,0.61,0.599838344636037,0.35005864261447117,True,800,0,600
cifar,1010,alm_0.15,upper_bound_correction,0.61,0.599838344636037,0.35005864261447117,True,800,0,600
cifar,1010,alm_0.15,capped_first,0.623,0.6189341027722112,0.5136529103201612,True,800,0,600
cifar,1010,alm_0.5,raw,0.6155,0.6057859919567661,0.3864129488383263,True,800,0,600
cifar,1010,alm_0.5,upper_bound_correction,0.6155,0.6057859919567661,0.3864129488383263,True,800,0,600
cifar,1010,alm_0.5,capped_first,0.6245,0.6198850451392888,0.49940170259069266,True,800,0,600
cifar,1010,alm_1.5,raw,0.6135,0.60270208527064,0.41098015775647345,True,800,0,600
cifar,1010,alm_1.5,upper_bound_correction,0.6135,0.60270208527064,0.41098015775647345,True,800,0,600
cifar,1010,alm_1.5,capped_first,0.618,0.6124795140451355,0.49960331549391856,True,800,0,600
cifar,1010,alm_5,raw,0.5975,0.5872804648222587,0.4088251190268912,False,800,0,600
cifar,1010,alm_5,upper_bound_correction,0.5955,0.5853210302344594,0.3936141861688995,False,800,0,600
cifar,1010,alm_5,capped_first,0.6035,0.5985921475396134,0.5060549283971444,False,800,0,600
cifar,1010,clipper,raw,0.64,0.6372309466693091,0.6216783526282551,False,800,0,0
cifar,1010,clipper,upper_bound_correction,0.6225,0.6184801354539193,0.5163389952730767,False,800,0,0
cifar,1010,clipper,capped_first,0.6215,0.6175084162610495,0.5138545232233872,False,800,0,0
cifar,1010,tralo_0.0001,raw,0.6405,0.6387489464527425,0.6140441834536495,False,800,15,0
cifar,1010,tralo_0.0001,upper_bound_correction,0.624,0.620970094725934,0.5163389952730767,False,800,15,0
cifar,1010,tralo_0.0001,capped_first,0.624,0.6213245692751843,0.5225501753973003,False,800,15,0
cifar,1010,tralo_0.0003,raw,0.6395,0.6369327431629241,0.5949899730717698,False,800,15,0
cifar,1010,tralo_0.0003,upper_bound_correction,0.624,0.6206330017705037,0.5088201982805954,False,800,15,0
cifar,1010,tralo_0.0003,capped_first,0.624,0.6214605990011148,0.5225501753973003,False,800,15,0
cifar,1010,tralo_0.001,raw,0.6335,0.6297382030170613,0.5571775630288128,False,800,15,0
cifar,1010,tralo_0.001,upper_bound_correction,0.624,0.6200804416436686,0.5012257384265497,False,800,15,0
cifar,1010,tralo_0.001,capped_first,0.6225,0.6195948899132404,0.5138545232233872,False,800,15,0
cifar,1010,tralo_0.003,raw,0.62,0.607607572333537,0.38019178801739145,False,800,15,0
cifar,1010,tralo_0.003,upper_bound_correction,0.615,0.602423182055707,0.34378654559299726,False,800,15,0
cifar,1010,tralo_0.003,capped_first,0.6255,0.6225364860554012,0.5214172472377241,False,800,15,0
cifar,1010,tralo_0.01,raw,0.5925,0.5686033269562941,0.10085470085470086,True,800,15,0
cifar,1010,tralo_0.01,upper_bound_correction,0.5925,0.5686033269562941,0.10085470085470086,True,800,15,0
cifar,1010,tralo_0.01,capped_first,0.6185,0.6166201597621866,0.5125199821605853,True,800,15,0
cifar,1010,tralo_1e-05,raw,0.6415,0.6401339743275548,0.6218985660192002,False,800,15,0
cifar,1010,tralo_1e-05,upper_bound_correction,0.624,0.6209946573160672,0.5163389952730767,False,800,15,0
cifar,1010,tralo_1e-05,capped_first,0.624,0.621373954560353,0.5225501753973003,False,800,15,0
cifar,1010,tralo_3e-05,raw,0.641,0.6397313182663621,0.6212492153698496,False,800,15,0
cifar,1010,tralo_3e-05,upper_bound_correction,0.624,0.6209946573160672,0.5163389952730767,False,800,15,0
cifar,1010,tralo_3e-05,capped_first,0.624,0.621373954560353,0.5225501753973003,False,800,15,0
cifar,1010,tralo_null,raw,0.641,0.6396250352625517,0.6185922232391733,False,800,0,0
cifar,1010,tralo_null,upper_bound_correction,0.624,0.6209946573160672,0.5163389952730767,False,800,0,0
cifar,1010,tralo_null,capped_first,0.624,0.621373954560353,0.5225501753973003,False,800,0,0
cifar,1011,alm_0.005,raw,0.608,0.5983750537814605,0.32614557026536517,True,800,0,600
cifar,1011,alm_0.005,upper_bound_correction,0.608,0.5983750537814605,0.32614557026536517,True,800,0,600
cifar,1011,alm_0.005,capped_first,0.6215,0.6183696252503376,0.507558226927091,True,800,0,600
cifar,1011,alm_0.015,raw,0.61,0.6016208851713968,0.3538482656161685,True,800,0,600
cifar,1011,alm_0.015,upper_bound_correction,0.61,0.6016208851713968,0.3538482656161685,True,800,0,600
cifar,1011,alm_0.015,capped_first,0.622,0.6193066968702937,0.507558226927091,True,800,0,600
cifar,1011,alm_0.05,raw,0.61,0.6012828822352996,0.3548009144555634,True,800,0,600
cifar,1011,alm_0.05,upper_bound_correction,0.61,0.6012828822352996,0.3548009144555634,True,800,0,600
cifar,1011,alm_0.05,capped_first,0.622,0.6187103862231086,0.49886257475317786,True,800,0,600
cifar,1011,alm_0.15,raw,0.6075,0.5988216922832883,0.35547140583430903,True,800,0,600
cifar,1011,alm_0.15,upper_bound_correction,0.6075,0.5988216922832883,0.35547140583430903,True,800,0,600
cifar,1011,alm_0.15,capped_first,0.6205,0.6174611109921241,0.5125199821605853,True,800,0,600
cifar,1011,alm_0.5,raw,0.6035,0.5937723548250491,0.35282984314862875,True,800,0,600
cifar,1011,alm_0.5,upper_bound_correction,0.6035,0.5937723548250491,0.35282984314862875,True,800,0,600
cifar,1011,alm_0.5,capped_first,0.6155,0.6120121375291749,0.5125199821605853,True,800,0,600
cifar,1011,alm_1.5,raw,0.6085,0.5995097149922928,0.38787595522551027,False,800,0,600
cifar,1011,alm_1.5,upper_bound_correction,0.608,0.5989375339759024,0.38331755066710577,False,800,0,600
cifar,1011,alm_1.5,capped_first,0.6165,0.612877708109852,0.5115641876564037,False,800,0,600
cifar,1011,alm_5,raw,0.595,0.5856449172599434,0.41138888678594554,False,800,0,600
cifar,1011,alm_5,upper_bound_correction,0.593,0.5833262868281824,0.3945939523439523,False,800,0,600
cifar,1011,alm_5,capped_first,0.599,0.5948975188152198,0.4982308543230703,False,800,0,600
cifar,1011,clipper,raw,0.633,0.6306776191662199,0.583894375690835,False,800,0,0
cifar,1011,clipper,upper_bound_correction,0.6205,0.6185404123775432,0.5197804491493131,False,800,0,0
cifar,1011,clipper,capped_first,0.621,0.6190519746366447,0.5197804491493131,False,800,0,0
cifar,1011,tralo_0.0001,raw,0.6325,0.6295371757246319,0.5774259230917203,False,800,15,0
cifar,1011,tralo_0.0001,upper_bound_correction,0.622,0.6191859604264821,0.5131137824826465,False,800,15,0
cifar,1011,tralo_0.0001,capped_first,0.6225,0.6198408817318711,0.5197804491493131,False,800,15,0
cifar,1011,tralo_0.0003,raw,0.6335,0.6304418511931422,0.5851149549739276,False,800,15,0
cifar,1011,tralo_0.0003,upper_bound_correction,0.6215,0.6185695803816043,0.5078264261608074,False,800,15,0
cifar,1011,tralo_0.0003,capped_first,0.6225,0.6200189563649362,0.5197804491493131,False,800,15,0
cifar,1011,tralo_0.001,raw,0.628,0.6231498793117944,0.5286143456098962,False,800,15,0
cifar,1011,tralo_0.001,upper_bound_correction,0.6195,0.6151634113730019,0.476717138699275,False,800,15,0
cifar,1011,tralo_0.001,capped_first,0.6235,0.6216793209772087,0.5358835087306336,False,800,15,0
cifar,1011,tralo_0.003,raw,0.618,0.6069155929346753,0.3832502934317816,False,800,15,0
cifar,1011,tralo_0.003,upper_bound_correction,0.614,0.6029919483424687,0.354650004831493,False,800,15,0
cifar,1011,tralo_0.003,capped_first,0.626,0.6239226905307695,0.5365779531750781,False,800,15,0
cifar,1011,tralo_0.01,raw,0.5905,0.5628849011265602,0.06742857142857142,True,800,15,0
cifar,1011,tralo_0.01,upper_bound_correction,0.5905,0.5628849011265602,0.06742857142857142,True,800,15,0
cifar,1011,tralo_0.01,capped_first,0.6165,0.6114976559822886,0.4841947003570426,True,800,15,0
cifar,1011,tralo_1e-05,raw,0.6335,0.6309494605547162,0.5771546302117277,False,800,15,0
cifar,1011,tralo_1e-05,upper_bound_correction,0.6215,0.6187218254930388,0.5131137824826465,False,800,15,0
cifar,1011,tralo_1e-05,capped_first,0.622,0.6194112581639496,0.5197804491493131,False,800,15,0
cifar,1011,tralo_3e-05,raw,0.633,0.6302907642204063,0.5752783718452914,False,800,15,0
cifar,1011,tralo_3e-05,upper_bound_correction,0.622,0.6191514490609603,0.5131137824826465,False,800,15,0
cifar,1011,tralo_3e-05,capped_first,0.6225,0.6198408817318711,0.5197804491493131,False,800,15,0
cifar,1011,tralo_null,raw,0.6335,0.6310888301147649,0.5808894786965763,False,800,0,0
cifar,1011,tralo_null,upper_bound_correction,0.6215,0.6190040297334654,0.5197804491493131,False,800,0,0
cifar,1011,tralo_null,capped_first,0.622,0.6194112581639496,0.5197804491493131,False,800,0,0
cifar,1012,alm_0.005,raw,0.5945,0.5855388012584275,0.37674714481446603,False,800,0,600
cifar,1012,alm_0.005,upper_bound_correction,0.594,0.5850443855401312,0.3728432409105621,False,800,0,600
cifar,1012,alm_0.005,capped_first,0.6055,0.6008921984107274,0.5193637824826465,False,800,0,600
cifar,1012,alm_0.015,raw,0.597,0.589077075941272,0.41688876360460797,False,800,0,600
cifar,1012,alm_0.015,upper_bound_correction,0.5965,0.5886139513955713,0.41443413506302296,False,800,0,600
cifar,1012,alm_0.015,capped_first,0.6035,0.5986823661887599,0.5131137824826465,False,800,0,600
cifar,1012,alm_0.05,raw,0.5975,0.589643332678946,0.41386566314185236,False,800,0,600
cifar,1012,alm_0.05,upper_bound_correction,0.597,0.5891489169606497,0.40996175923794853,False,800,0,600
cifar,1012,alm_0.05,capped_first,0.6065,0.6024874134688765,0.5284761013232262,False,800,0,600
cifar,1012,alm_0.15,raw,0.5965,0.5875926051773823,0.39424917992154607,True,800,0,600
cifar,1012,alm_0.15,upper_bound_correction,0.5965,0.5875926051773823,0.39424917992154607,True,800,0,600
cifar,1012,alm_0.15,capped_first,0.606,0.6017353526446915,0.516253879101004,True,800,0,600
cifar,1012,alm_0.5,raw,0.598,0.58978600225498,0.41157965961913323,False,800,0,600
cifar,1012,alm_0.5,upper_bound_correction,0.5975,0.5892160744975523,0.4070212550607287,False,800,0,600
cifar,1012,alm_0.5,capped_first,0.6075,0.6030401481785154,0.5193637824826465,False,800,0,600
cifar,1012,alm_1.5,raw,0.597,0.5880539064105401,0.403628934418408,False,800,0,600
cifar,1012,alm_1.5,upper_bound_correction,0.5965,0.5873897326213663,0.3990705298600036,False,800,0,600
cifar,1012,alm_1.5,capped_first,0.606,0.6011800051511005,0.5256382617304778,False,800,0,600
cifar,1012,alm_5,raw,0.5885,0.5787557713816743,0.4110603992956934,False,800,0,600
cifar,1012,alm_5,upper_bound_correction,0.586,0.5761349598174059,0.39115807939337355,False,800,0,600
cifar,1012,alm_5,capped_first,0.594,0.5895996382055069,0.5214172472377242,False,800,0,600
cifar,1012,clipper,raw,0.623,0.6191975780418043,0.5938778868867857,False,800,0,0
cifar,1012,clipper,upper_bound_correction,0.6095,0.6062073287142237,0.5284761013232262,False,800,0,0
cifar,1012,clipper,capped_first,0.6095,0.6063327696062478,0.5284761013232262,False,800,0,0
cifar,1012,tralo_0.0001,raw,0.6205,0.6162067903039974,0.595038384716975,False,800,15,0
cifar,1012,tralo_0.0001,upper_bound_correction,0.6085,0.60435331841132,0.5292168420639669,False,800,15,0
cifar,1012,tralo_0.0001,capped_first,0.609,0.6051879067921269,0.5358835087306336,False,800,15,0
cifar,1012,tralo_0.0003,raw,0.6175,0.6124923993737956,0.5842580781357618,False,800,15,0
cifar,1012,tralo_0.0003,upper_bound_correction,0.6075,0.6031958154204099,0.5292168420639669,False,800,15,0
cifar,1012,tralo_0.0003,capped_first,0.608,0.6040255158778436,0.5358835087306336,False,800,15,0
cifar,1012,tralo_0.001,raw,0.6135,0.6078233833270464,0.5512270271729429,False,800,15,0
cifar,1012,tralo_0.001,upper_bound_correction,0.6045,0.5986683025870577,0.48829780231483566,False,800,15,0
cifar,1012,tralo_0.001,capped_first,0.6085,0.6050640466408962,0.5445791609045466,False,800,15,0
cifar,1012,tralo_0.003,raw,0.6005,0.587470209159442,0.36850590487799784,False,800,15,0
cifar,1012,tralo_0.003,upper_bound_correction,0.595,0.5821578129020815,0.32992207792207784,False,800,15,0
cifar,1012,tralo_0.003,capped_first,0.608,0.6046831620506585,0.534927714226452,False,800,15,0
cifar,1012,tralo_0.01,raw,0.575,0.5508724072573566,0.09672771672771671,True,800,15,0
cifar,1012,tralo_0.01,upper_bound_correction,0.575,0.5508724072573566,0.09672771672771671,True,800,15,0
cifar,1012,tralo_0.01,capped_first,0.5995,0.5950920083094927,0.4830835892459315,True,800,15,0
cifar,1012,tralo_1e-05,raw,0.623,0.6187840892745786,0.6106575579017182,False,800,15,0
cifar,1012,tralo_1e-05,upper_bound_correction,0.609,0.6051879067921269,0.5358835087306336,False,800,15,0
cifar,1012,tralo_1e-05,capped_first,0.609,0.6051879067921269,0.5358835087306336,False,800,15,0
cifar,1012,tralo_3e-05,raw,0.6225,0.6183469882803347,0.6069396091837693,False,800,15,0
cifar,1012,tralo_3e-05,upper_bound_correction,0.609,0.6051879067921269,0.5358835087306336,False,800,15,0
cifar,1012,tralo_3e-05,capped_first,0.609,0.6051879067921269,0.5358835087306336,False,800,15,0
cifar,1012,tralo_null,raw,0.623,0.6187840892745786,0.6106575579017182,False,800,0,0
cifar,1012,tralo_null,upper_bound_correction,0.609,0.6051879067921269,0.5358835087306336,False,800,0,0
cifar,1012,tralo_null,capped_first,0.609,0.6051879067921269,0.5358835087306336,False,800,0,0
knee,1001,alm_0.005,raw,0.4854721549636804,0.34666217712050634,0.3054226475279107,True,460,0,345
knee,1001,alm_0.005,upper_bound_correction,0.4854721549636804,0.34666217712050634,0.3054226475279107,True,460,0,345
knee,1001,alm_0.005,capped_first,0.4939467312348668,0.3812999048978497,0.4094507669470559,True,460,0,345
knee,1001,alm_0.015,raw,0.48062953995157387,0.33052914726932703,0.26551133932391957,True,460,0,345
knee,1001,alm_0.015,upper_bound_correction,0.48062953995157387,0.33052914726932703,0.26551133932391957,True,460,0,345
knee,1001,alm_0.015,capped_first,0.4891041162227603,0.3680700781371882,0.38087580405739735,True,460,0,345
knee,1001,alm_0.05,raw,0.47699757869249393,0.31033224650791463,0.21723730814639905,True,460,0,345
knee,1001,alm_0.05,upper_bound_correction,0.47699757869249393,0.31033224650791463,0.21723730814639905,True,460,0,345
knee,1001,alm_0.05,capped_first,0.49515738498789347,0.3824197713222487,0.4094507669470559,True,460,0,345
knee,1001,alm_0.15,raw,0.4745762711864407,0.2842575178752631,0.15767519466073415,True,460,0,345
knee,1001,alm_0.15,upper_bound_correction,0.4745762711864407,0.2842575178752631,0.15767519466073415,True,460,0,345
knee,1001,alm_0.15,capped_first,0.4915254237288136,0.36301473758865066,0.3682582879762494,True,460,0,345
knee,1001,alm_0.5,raw,0.47094430992736075,0.28123646084208126,0.16345370621775726,True,460,0,345
knee,1001,alm_0.5,upper_bound_correction,0.47094430992736075,0.28123646084208126,0.16345370621775726,True,460,0,345
knee,1001,alm_0.5,capped_first,0.48426150121065376,0.34415362632938756,0.33968332508659077,True,460,0,345
knee,1001,alm_1.5,raw,0.4745762711864407,0.2609749072379107,0.1,True,460,0,345
knee,1001,alm_1.5,upper_bound_correction,0.4745762711864407,0.2609749072379107,0.1,True,460,0,345
knee,1001,alm_1.5,capped_first,0.4854721549636804,0.32793728992317217,0.2772142503711034,True,460,0,345
knee,1001,alm_5,raw,0.4745762711864407,0.25510706912215253,0.08661417322834646,True,460,0,345
knee,1001,alm_5,upper_bound_correction,0.4745762711864407,0.25510706912215253,0.08661417322834646,True,460,0,345
knee,1001,alm_5,capped_first,0.48184019370460046,0.3213116610176195,0.266575952498763,True,460,0,345
knee,1001,clipper,raw,0.4891041162227603,0.3441196112438726,0.3073899371069182,True,460,0,0
knee,1001,clipper,upper_bound_correction,0.4891041162227603,0.3441196112438726,0.3073899371069182,True,460,0,0
knee,1001,clipper,capped_first,0.4915254237288136,0.3611393118747467,0.36293913904007913,True,460,0,0
knee,1001,tralo_0.0001,raw,0.4891041162227603,0.36820343195172517,0.36497283477149245,True,460,15,0
knee,1001,tralo_0.0001,upper_bound_correction,0.4891041162227603,0.36820343195172517,0.36497283477149245,True,460,15,0
knee,1001,tralo_0.0001,capped_first,0.4975786924939467,0.38720036678686165,0.42008906481939634,True,460,15,0
knee,1001,tralo_0.0003,raw,0.4854721549636804,0.3574925047692486,0.3386861313868613,True,460,15,0
knee,1001,tralo_0.0003,upper_bound_correction,0.4854721549636804,0.3574925047692486,0.3386861313868613,True,460,15,0
knee,1001,tralo_0.0003,capped_first,0.4963680387409201,0.3841518529228701,0.4147699158832261,True,460,15,0
knee,1001,tralo_0.001,raw,0.48668280871670705,0.32747172643024347,0.24863387978142076,True,460,15,0
knee,1001,tralo_0.001,upper_bound_correction,0.48668280871670705,0.32747172643024347,0.24863387978142076,True,460,15,0
knee,1001,tralo_0.001,capped_first,0.5024213075060533,0.3873278114056091,0.4094507669470559,True,460,15,0
knee,1001,tralo_0.003,raw,0.4539951573849879,0.246939166690516,0.06896551724137931,True,460,14,0
knee,1001,tralo_0.003,upper_bound_correction,0.4539951573849879,0.246939166690516,0.06896551724137931,True,460,14,0
knee,1001,tralo_0.003,capped_first,0.4794188861985472,0.34936410216054387,0.3343641761504206,True,460,14,0
knee,1001,tralo_0.01,raw,0.463680387409201,0.22698289537768074,0.0,True,460,15,0
knee,1001,tralo_0.01,upper_bound_correction,0.463680387409201,0.22698289537768074,0.0,True,460,15,0
knee,1001,tralo_0.01,capped_first,0.4830508474576271,0.337967459170981,0.2791934685799109,True,460,15,0
knee,1001,tralo_1e-05,raw,0.4830508474576271,0.3607719705768487,0.35714285714285715,False,460,15,0
knee,1001,tralo_1e-05,upper_bound_correction,0.48426150121065376,0.36317480779760986,0.3613711869525823,False,460,15,0
knee,1001,tralo_1e-05,capped_first,0.4963680387409201,0.38593881132969315,0.42008906481939634,False,460,15,0
knee,1001,tralo_3e-05,raw,0.48668280871670705,0.36517581482060846,0.36251709986320113,True,460,15,0
knee,1001,tralo_3e-05,upper_bound_correction,0.48668280871670705,0.36517581482060846,0.36251709986320113,True,460,15,0
knee,1001,tralo_3e-05,capped_first,0.4975786924939467,0.38682739510505093,0.42008906481939634,True,460,15,0
knee,1001,tralo_null,raw,0.4830508474576271,0.3607719705768487,0.35714285714285715,False,460,0,0
knee,1001,tralo_null,upper_bound_correction,0.48426150121065376,0.36317480779760986,0.3613711869525823,False,460,0,0
knee,1001,tralo_null,capped_first,0.4963680387409201,0.38593881132969315,0.42008906481939634,False,460,0,0
knee,1002,alm_0.005,raw,0.4963680387409201,0.3618875009701022,0.35065387968613776,True,460,0,345
knee,1002,alm_0.005,upper_bound_correction,0.4963680387409201,0.3618875009701022,0.35065387968613776,True,460,0,345
knee,1002,alm_0.005,capped_first,0.4915254237288136,0.3722037473250349,0.3915141019297378,True,460,0,345
knee,1002,alm_0.015,raw,0.4927360774818402,0.35764290656358566,0.33987563155849204,True,460,0,345
knee,1002,alm_0.015,upper_bound_correction,0.4927360774818402,0.35764290656358566,0.33987563155849204,True,460,0,345
knee,1002,alm_0.015,capped_first,0.49031476997578693,0.3716707469177126,0.3915141019297378,True,460,0,345
knee,1002,alm_0.05,raw,0.4891041162227603,0.34801941324610697,0.31612903225806455,True,460,0,345
knee,1002,alm_0.05,upper_bound_correction,0.4891041162227603,0.34801941324610697,0.31612903225806455,True,460,0,345
knee,1002,alm_0.05,capped_first,0.4854721549636804,0.35859979770392353,0.3682582879762494,True,460,0,345
knee,1002,alm_0.15,raw,0.4794188861985472,0.316798880544655,0.2418439716312057,True,460,0,345
knee,1002,alm_0.15,upper_bound_correction,0.4794188861985472,0.316798880544655,0.2418439716312057,True,460,0,345
knee,1002,alm_0.15,capped_first,0.48668280871670705,0.35769420692547743,0.36293913904007913,True,460,0,345
knee,1002,alm_0.5,raw,0.4745762711864407,0.29018258775340017,0.17502612330198536,True,460,0,345
knee,1002,alm_0.5,upper_bound_correction,0.4745762711864407,0.29018258775340017,0.17502612330198536,True,460,0,345
knee,1002,alm_0.5,capped_first,0.4782082324455206,0.3223808397015151,0.2825333993072736,True,460,0,345
knee,1002,alm_1.5,raw,0.47336561743341404,0.28130213621403904,0.1394179894179894,True,460,0,345
knee,1002,alm_1.5,upper_bound_correction,0.47336561743341404,0.28130213621403904,0.1394179894179894,True,460,0,345
knee,1002,alm_1.5,capped_first,0.47578692493946734,0.31445551927488113,0.24863928748144482,True,460,0,345
knee,1002,alm_5,raw,0.4721549636803874,0.26065665038216734,0.0960591133004926,True,460,0,345
knee,1002,alm_5,upper_bound_correction,0.4721549636803874,0.26065665038216734,0.0960591133004926,True,460,0,345
knee,1002,alm_5,capped_first,0.4794188861985472,0.3210425318837365,0.266575952498763,True,460,0,345
knee,1002,clipper,raw,0.4915254237288136,0.3653965443400993,0.36844636844636847,False,460,0,0
knee,1002,clipper,upper_bound_correction,0.4915254237288136,0.3657774441186532,0.3696002578981302,False,460,0,0
knee,1002,clipper,capped_first,0.48426150121065376,0.3547081197458736,0.35230084116773874,False,460,0,0
knee,1002,tralo_0.0001,raw,0.49031476997578693,0.3610129025432999,0.3609625668449198,True,460,15,0
knee,1002,tralo_0.0001,upper_bound_correction,0.49031476997578693,0.3610129025432999,0.3609625668449198,True,460,15,0
knee,1002,tralo_0.0001,capped_first,0.4830508474576271,0.3525186625059481,0.35230084116773874,True,460,15,0
knee,1002,tralo_0.0003,raw,0.48789346246973364,0.36029409909101695,0.35960763706428445,True,460,15,0
knee,1002,tralo_0.0003,upper_bound_correction,0.48789346246973364,0.36029409909101695,0.35960763706428445,True,460,15,0
knee,1002,tralo_0.0003,capped_first,0.48668280871670705,0.3655162562698611,0.38087580405739735,True,460,15,0
knee,1002,tralo_0.001,raw,0.4745762711864407,0.31635940566027054,0.23812932474349796,True,460,15,0
knee,1002,tralo_0.001,upper_bound_correction,0.4745762711864407,0.31635940566027054,0.23812932474349796,True,460,15,0
knee,1002,tralo_0.001,capped_first,0.49031476997578693,0.37651340433220226,0.4041316180108857,True,460,15,0
knee,1002,tralo_0.003,raw,0.4661016949152542,0.270073139560571,0.0957512315270936,True,460,15,0
knee,1002,tralo_0.003,upper_bound_correction,0.4661016949152542,0.270073139560571,0.0957512315270936,True,460,15,0
knee,1002,tralo_0.003,capped_first,0.48184019370460046,0.3457481118729519,0.305789213260762,True,460,15,0
knee,1002,tralo_0.01,raw,0.43946731234866826,0.24789318670424612,0.0,True,460,15,0
knee,1002,tralo_0.01,upper_bound_correction,0.43946731234866826,0.24789318670424612,0.0,True,460,15,0
knee,1002,tralo_0.01,capped_first,0.4661016949152542,0.40516163224001095,0.400791687283523,True,460,15,0
knee,1002,tralo_1e-05,raw,0.4927360774818402,0.36461044916882507,0.3704090773365184,False,460,15,0
knee,1002,tralo_1e-05,upper_bound_correction,0.49031476997578693,0.36205483598684407,0.36514392991239053,False,460,15,0
knee,1002,tralo_1e-05,capped_first,0.4830508474576271,0.3525186625059481,0.35230084116773874,False,460,15,0
knee,1002,tralo_3e-05,raw,0.49031476997578693,0.3613110693282552,0.36355366889023655,False,460,15,0
knee,1002,tralo_3e-05,upper_bound_correction,0.4891041162227603,0.3610244005963156,0.36514392991239053,False,460,15,0
knee,1002,tralo_3e-05,capped_first,0.4830508474576271,0.3525186625059481,0.35230084116773874,False,460,15,0
knee,1002,tralo_null,raw,0.4915254237288136,0.36333163260246754,0.369281045751634,False,460,0,0
knee,1002,tralo_null,upper_bound_correction,0.4891041162227603,0.36108653605380103,0.36514392991239053,False,460,0,0
knee,1002,tralo_null,capped_first,0.4830508474576271,0.3525186625059481,0.35230084116773874,False,460,0,0
knee,1003,alm_0.005,raw,0.4939467312348668,0.3560837184068159,0.37262426900584794,True,460,0,345
knee,1003,alm_0.005,upper_bound_correction,0.4939467312348668,0.3560837184068159,0.37262426900584794,True,460,0,345
knee,1003,alm_0.005,capped_first,0.4927360774818402,0.36880312570440466,0.42008906481939634,True,460,0,345
knee,1003,alm_0.015,raw,0.4915254237288136,0.3480409696322671,0.346123417721519,True,460,0,345
knee,1003,alm_0.015,upper_bound_correction,0.4915254237288136,0.3480409696322671,0.346123417721519,True,460,0,345
knee,1003,alm_0.015,capped_first,0.4939467312348668,0.37093078527887274,0.4254082137555666,True,460,0,345
knee,1003,alm_0.05,raw,0.4927360774818402,0.34952488560267175,0.3485576923076923,True,460,0,345
knee,1003,alm_0.05,upper_bound_correction,0.4927360774818402,0.34952488560267175,0.3485576923076923,True,460,0,345
knee,1003,alm_0.05,capped_first,0.4939467312348668,0.37085325865009516,0.4254082137555666,True,460,0,345
knee,1003,alm_0.15,raw,0.4915254237288136,0.34198183453055353,0.32526408450704225,True,460,0,345
knee,1003,alm_0.15,upper_bound_correction,0.4915254237288136,0.34198183453055353,0.32526408450704225,True,460,0,345
knee,1003,alm_0.15,capped_first,0.4927360774818402,0.36984677443876435,0.4254082137555666,True,460,0,345
knee,1003,alm_0.5,raw,0.49031476997578693,0.34332450423535693,0.3310751748251748,True,460,0,345
knee,1003,alm_0.5,upper_bound_correction,0.49031476997578693,0.34332450423535693,0.3310751748251748,True,460,0,345
knee,1003,alm_0.5,capped_first,0.48668280871670705,0.3551609359262856,0.3915141019297378,True,460,0,345
knee,1003,alm_1.5,raw,0.47699757869249393,0.2962044417132402,0.2153846153846154,True,460,0,345
knee,1003,alm_1.5,upper_bound_correction,0.47699757869249393,0.2962044417132402,0.2153846153846154,True,460,0,345
knee,1003,alm_1.5,capped_first,0.48668280871670705,0.3562255977795316,0.3915141019297378,True,460,0,345
knee,1003,alm_5,raw,0.4745762711864407,0.27902962018267974,0.17132772196578877,True,460,0,345
knee,1003,alm_5,upper_bound_correction,0.4745762711864407,0.27902962018267974,0.17132772196578877,True,460,0,345
knee,1003,alm_5,capped_first,0.47699757869249393,0.3192980747839365,0.3004700643245918,True,460,0,345
knee,1003,clipper,raw,0.4963680387409201,0.3615013035218906,0.3882941988950276,True,460,0,0
knee,1003,clipper,upper_bound_correction,0.4963680387409201,0.3615013035218906,0.3882941988950276,True,460,0,0
knee,1003,clipper,capped_first,0.49031476997578693,0.3661132205266839,0.4147699158832261,True,460,0,0
knee,1003,tralo_0.0001,raw,0.49515738498789347,0.3590261954025999,0.3809691011235955,True,460,15,0
knee,1003,tralo_0.0001,upper_bound_correction,0.49515738498789347,0.3590261954025999,0.3809691011235955,True,460,15,0
knee,1003,tralo_0.0001,capped_first,0.4915254237288136,0.36820489325700617,0.42008906481939634,True,460,15,0
knee,1003,tralo_0.0003,raw,0.4927360774818402,0.35198061985941287,0.3598428143712575,True,460,15,0
knee,1003,tralo_0.0003,upper_bound_correction,0.4927360774818402,0.35198061985941287,0.3598428143712575,True,460,15,0
knee,1003,tralo_0.0003,capped_first,0.4939467312348668,0.3784708499950428,0.44334487877288475,True,460,15,0
knee,1003,tralo_0.001,raw,0.4830508474576271,0.3252392100388538,0.2850378787878788,True,460,15,0
knee,1003,tralo_0.001,upper_bound_correction,0.4830508474576271,0.3252392100388538,0.2850378787878788,True,460,15,0
knee,1003,tralo_0.001,capped_first,0.4927360774818402,0.37731614331319663,0.4380257298367145,True,460,15,0
knee,1003,tralo_0.003,raw,0.463680387409201,0.23753478731378785,0.06896551724137931,True,460,15,0
knee,1003,tralo_0.003,upper_bound_correction,0.463680387409201,0.23753478731378785,0.06896551724137931,True,460,15,0
knee,1003,tralo_0.003,capped_first,0.48789346246973364,0.347289780697397,0.357619990103909,True,460,15,0
knee,1003,tralo_0.01,raw,0.45641646489104115,0.206269710343932,0.0,True,460,15,0
knee,1003,tralo_0.01,upper_bound_correction,0.45641646489104115,0.206269710343932,0.0,True,460,15,0
knee,1003,tralo_0.01,capped_first,0.4891041162227603,0.37155528638490354,0.41142998515586343,True,460,15,0
knee,1003,tralo_1e-05,raw,0.4963680387409201,0.36251575079822385,0.39408783783783785,True,460,15,0
knee,1003,tralo_1e-05,upper_bound_correction,0.4963680387409201,0.36251575079822385,0.39408783783783785,True,460,15,0
knee,1003,tralo_1e-05,capped_first,0.4915254237288136,0.36827817178256217,0.42008906481939634,True,460,15,0
knee,1003,tralo_3e-05,raw,0.4963680387409201,0.3614619183614288,0.3882941988950276,True,460,15,0
knee,1003,tralo_3e-05,upper_bound_correction,0.4963680387409201,0.3614619183614288,0.3882941988950276,True,460,15,0
knee,1003,tralo_3e-05,capped_first,0.4915254237288136,0.3671496197415193,0.4147699158832261,True,460,15,0
knee,1003,tralo_null,raw,0.4963680387409201,0.36251575079822385,0.39408783783783785,True,460,0,0
knee,1003,tralo_null,upper_bound_correction,0.4963680387409201,0.36251575079822385,0.39408783783783785,True,460,0,0
knee,1003,tralo_null,capped_first,0.4915254237288136,0.36827817178256217,0.42008906481939634,True,460,0,0
knee,1004,alm_0.005,raw,0.49031476997578693,0.3384088997238094,0.27241379310344827,True,460,0,345
knee,1004,alm_0.005,upper_bound_correction,0.49031476997578693,0.3384088997238094,0.27241379310344827,True,460,0,345
knee,1004,alm_0.005,capped_first,0.4915254237288136,0.37839926568177906,0.396833250865908,True,460,0,345
knee,1004,alm_0.015,raw,0.48184019370460046,0.3277918449629013,0.24755077658303465,True,460,0,345
knee,1004,alm_0.015,upper_bound_correction,0.48184019370460046,0.3277918449629013,0.24755077658303465,True,460,0,345
knee,1004,alm_0.015,capped_first,0.4927360774818402,0.3793748754378766,0.396833250865908,True,460,0,345
knee,1004,alm_0.05,raw,0.4782082324455206,0.3106736970414238,0.20687022900763358,True,460,0,345
knee,1004,alm_0.05,upper_bound_correction,0.4782082324455206,0.3106736970414238,0.20687022900763358,True,460,0,345
knee,1004,alm_0.05,capped_first,0.4939467312348668,0.3887923302370356,0.42008906481939634,True,460,0,345
knee,1004,alm_0.15,raw,0.47336561743341404,0.2932762798990952,0.1697407110398289,True,460,0,345
knee,1004,alm_0.15,upper_bound_correction,0.47336561743341404,0.2932762798990952,0.1697407110398289,True,460,0,345
knee,1004,alm_0.15,capped_first,0.4915254237288136,0.3697617752199812,0.3735774369124196,True,460,0,345
knee,1004,alm_0.5,raw,0.47699757869249393,0.31126999683507056,0.204679802955665,True,460,0,345
knee,1004,alm_0.5,upper_bound_correction,0.47699757869249393,0.31126999683507056,0.204679802955665,True,460,0,345
knee,1004,alm_0.5,capped_first,0.4854721549636804,0.3514803972779058,0.32174666006927266,True,460,0,345
knee,1004,alm_1.5,raw,0.46731234866828086,0.2717251667251667,0.11428571428571428,True,460,0,345
knee,1004,alm_1.5,upper_bound_correction,0.46731234866828086,0.2717251667251667,0.11428571428571428,True,460,0,345
knee,1004,alm_1.5,capped_first,0.4782082324455206,0.32708359531332676,0.2752350321622959,True,460,0,345
knee,1004,alm_5,raw,0.4661016949152542,0.26630942770373056,0.10869565217391304,True,460,0,345
knee,1004,alm_5,upper_bound_correction,0.4661016949152542,0.26630942770373056,0.10869565217391304,True,460,0,345
knee,1004,alm_5,capped_first,0.47699757869249393,0.3197714827000693,0.2699158832261257,True,460,0,345
knee,1004,clipper,raw,0.4891041162227603,0.3551742179820417,0.32903225806451614,True,460,0,0
knee,1004,clipper,upper_bound_correction,0.4891041162227603,0.3551742179820417,0.32903225806451614,True,460,0,0
knee,1004,clipper,capped_first,0.4891041162227603,0.3743580014445067,0.3915141019297378,True,460,0,0
knee,1004,tralo_0.0001,raw,0.4927360774818402,0.3684975000660326,0.35378086419753085,True,460,15,0
knee,1004,tralo_0.0001,upper_bound_correction,0.4927360774818402,0.3684975000660326,0.35378086419753085,True,460,15,0
knee,1004,tralo_0.0001,capped_first,0.4927360774818402,0.3870201627696458,0.4147699158832261,True,460,15,0
knee,1004,tralo_0.0003,raw,0.48668280871670705,0.3544981549773013,0.32291666666666663,True,460,15,0
knee,1004,tralo_0.0003,upper_bound_correction,0.48668280871670705,0.3544981549773013,0.32291666666666663,True,460,15,0
knee,1004,tralo_0.0003,capped_first,0.4939467312348668,0.39761198611024684,0.44866402770905495,True,460,15,0
knee,1004,tralo_0.001,raw,0.47578692493946734,0.31728580541205803,0.23059475806451613,True,460,15,0
knee,1004,tralo_0.001,upper_bound_correction,0.47578692493946734,0.31728580541205803,0.23059475806451613,True,460,15,0
knee,1004,tralo_0.001,capped_first,0.4939467312348668,0.3894293449823096,0.4254082137555666,True,460,15,0
knee,1004,tralo_0.003,raw,0.4600484261501211,0.2703644807875357,0.06896551724137931,True,460,15,0
knee,1004,tralo_0.003,upper_bound_correction,0.4600484261501211,0.2703644807875357,0.06896551724137931,True,460,15,0
knee,1004,tralo_0.003,capped_first,0.4854721549636804,0.3716513511287071,0.3343641761504206,True,460,15,0
knee,1004,tralo_0.01,raw,0.4552058111380145,0.24605859175134745,0.0,True,460,15,0
knee,1004,tralo_0.01,upper_bound_correction,0.4552058111380145,0.24605859175134745,0.0,True,460,15,0
knee,1004,tralo_0.01,capped_first,0.48062953995157387,0.39339347666414903,0.37221672439386444,True,460,15,0
knee,1004,tralo_1e-05,raw,0.49515738498789347,0.37334443006329415,0.3658308383233533,True,460,15,0
knee,1004,tralo_1e-05,upper_bound_correction,0.49515738498789347,0.37334443006329415,0.3658308383233533,True,460,15,0
knee,1004,tralo_1e-05,capped_first,0.4927360774818402,0.3865755121781344,0.4147699158832261,True,460,15,0
knee,1004,tralo_3e-05,raw,0.49515738498789347,0.37366845049682496,0.3670933734939759,True,460,15,0
knee,1004,tralo_3e-05,upper_bound_correction,0.49515738498789347,0.37366845049682496,0.3670933734939759,True,460,15,0
knee,1004,tralo_3e-05,capped_first,0.4927360774818402,0.3865755121781344,0.4147699158832261,True,460,15,0
knee,1004,tralo_null,raw,0.49515738498789347,0.37334443006329415,0.3658308383233533,True,460,0,0
knee,1004,tralo_null,upper_bound_correction,0.49515738498789347,0.37334443006329415,0.3658308383233533,True,460,0,0
knee,1004,tralo_null,capped_first,0.4927360774818402,0.3865755121781344,0.4147699158832261,True,460,0,0
knee,1005,alm_0.005,raw,0.4927360774818402,0.37187582223150234,0.3709739263803681,True,460,0,345
knee,1005,alm_0.005,upper_bound_correction,0.4927360774818402,0.37187582223150234,0.3709739263803681,True,460,0,345
knee,1005,alm_0.005,capped_first,0.4891041162227603,0.3838642780538707,0.4254082137555666,True,460,0,345
knee,1005,alm_0.015,raw,0.4854721549636804,0.3582712890647628,0.33868243243243246,True,460,0,345
knee,1005,alm_0.015,upper_bound_correction,0.4854721549636804,0.3582712890647628,0.33868243243243246,True,460,0,345
knee,1005,alm_0.015,capped_first,0.48789346246973364,0.3834510536341452,0.4254082137555666,True,460,0,345
knee,1005,alm_0.05,raw,0.4830508474576271,0.35479887454888104,0.3286637931034483,True,460,0,345
knee,1005,alm_0.05,upper_bound_correction,0.4830508474576271,0.35479887454888104,0.3286637931034483,True,460,0,345
knee,1005,alm_0.05,capped_first,0.4891041162227603,0.3863586393844299,0.4307273626917367,True,460,0,345
knee,1005,alm_0.15,raw,0.4854721549636804,0.3513175371495994,0.32383745286971094,True,460,0,345
knee,1005,alm_0.15,upper_bound_correction,0.4854721549636804,0.3513175371495994,0.32383745286971094,True,460,0,345
knee,1005,alm_0.15,capped_first,0.48668280871670705,0.37354601496125184,0.4021523998020782,True,460,0,345
knee,1005,alm_0.5,raw,0.48062953995157387,0.302827075356739,0.20430386310604096,True,460,0,345
knee,1005,alm_0.5,upper_bound_correction,0.48062953995157387,0.302827075356739,0.20430386310604096,True,460,0,345
knee,1005,alm_0.5,capped_first,0.4927360774818402,0.3590342305142872,0.36095992083127165,True,460,0,345
knee,1005,alm_1.5,raw,0.4782082324455206,0.29412961212878563,0.17749264902432504,True,460,0,345
knee,1005,alm_1.5,upper_bound_correction,0.4782082324455206,0.29412961212878563,0.17749264902432504,True,460,0,345
knee,1005,alm_1.5,capped_first,0.4915254237288136,0.35714064042298693,0.3503216229589312,True,460,0,345
knee,1005,alm_5,raw,0.4685230024213075,0.2610689517478065,0.11571428571428571,True,460,0,345
knee,1005,alm_5,upper_bound_correction,0.4685230024213075,0.2610689517478065,0.11571428571428571,True,460,0,345
knee,1005,alm_5,capped_first,0.48184019370460046,0.3354074656625069,0.32174666006927266,True,460,0,345
knee,1005,clipper,raw,0.49031476997578693,0.3679407077735927,0.3684210526315789,True,460,0,0
knee,1005,clipper,upper_bound_correction,0.49031476997578693,0.3679407077735927,0.3684210526315789,True,460,0,0
knee,1005,clipper,capped_first,0.48789346246973364,0.3786779100622353,0.4147699158832261,True,460,0,0
knee,1005,tralo_0.0001,raw,0.4927360774818402,0.37479191572255666,0.3784313725490196,True,460,15,0
knee,1005,tralo_0.0001,upper_bound_correction,0.4927360774818402,0.37479191572255666,0.3784313725490196,True,460,15,0
knee,1005,tralo_0.0001,capped_first,0.49031476997578693,0.3837860802548673,0.42008906481939634,True,460,15,0
knee,1005,tralo_0.0003,raw,0.48668280871670705,0.35506669432515886,0.33273056057866185,True,460,15,0
knee,1005,tralo_0.0003,upper_bound_correction,0.48668280871670705,0.35506669432515886,0.33273056057866185,True,460,15,0
knee,1005,tralo_0.0003,capped_first,0.48668280871670705,0.37039874422017094,0.3915141019297378,True,460,15,0
knee,1005,tralo_0.001,raw,0.48062953995157387,0.32406928775738625,0.24675324675324675,True,460,15,0
knee,1005,tralo_0.001,upper_bound_correction,0.48062953995157387,0.32406928775738625,0.24675324675324675,True,460,15,0
knee,1005,tralo_0.001,capped_first,0.49878934624697335,0.3886715388713638,0.42008906481939634,True,460,15,0
knee,1005,tralo_0.003,raw,0.46731234866828086,0.2621937461211551,0.07813982916798481,True,460,15,0
knee,1005,tralo_0.003,upper_bound_correction,0.46731234866828086,0.2621937461211551,0.07813982916798481,True,460,15,0
knee,1005,tralo_0.003,capped_first,0.4963680387409201,0.37694143233361993,0.3682582879762494,True,460,15,0
knee,1005,tralo_0.01,raw,0.46731234866828086,0.22092949288430597,0.0,True,460,15,0
knee,1005,tralo_0.01,upper_bound_correction,0.46731234866828086,0.22092949288430597,0.0,True,460,15,0
knee,1005,tralo_0.01,capped_first,0.4915254237288136,0.3564570665218406,0.3416625432953983,True,460,15,0
knee,1005,tralo_1e-05,raw,0.4915254237288136,0.37137000573798123,0.3730110159118727,True,460,15,0
knee,1005,tralo_1e-05,upper_bound_correction,0.4915254237288136,0.37137000573798123,0.3730110159118727,True,460,15,0
knee,1005,tralo_1e-05,capped_first,0.4891041162227603,0.38215875685088946,0.42008906481939634,True,460,15,0
knee,1005,tralo_3e-05,raw,0.4915254237288136,0.3718710323228499,0.37268847795163584,True,460,15,0
knee,1005,tralo_3e-05,upper_bound_correction,0.4915254237288136,0.3718710323228499,0.37268847795163584,True,460,15,0
knee,1005,tralo_3e-05,capped_first,0.4891041162227603,0.38215875685088946,0.42008906481939634,True,460,15,0
knee,1005,tralo_null,raw,0.4915254237288136,0.37137000573798123,0.3730110159118727,True,460,0,0
knee,1005,tralo_null,upper_bound_correction,0.4915254237288136,0.37137000573798123,0.3730110159118727,True,460,0,0
knee,1005,tralo_null,capped_first,0.4891041162227603,0.38215875685088946,0.42008906481939634,True,460,0,0
knee,1006,alm_0.005,raw,0.49878934624697335,0.3657737247615636,0.35151515151515156,True,460,0,345
knee,1006,alm_0.005,upper_bound_correction,0.49878934624697335,0.3657737247615636,0.35151515151515156,True,460,0,345
knee,1006,alm_0.005,capped_first,0.4939467312348668,0.3698390463917723,0.37555665512122716,True,460,0,345
knee,1006,alm_0.015,raw,0.4927360774818402,0.3575906457044561,0.3286445012787724,True,460,0,345
knee,1006,alm_0.015,upper_bound_correction,0.4927360774818402,0.3575906457044561,0.3286445012787724,True,460,0,345
knee,1006,alm_0.015,capped_first,0.4939467312348668,0.3792414762731454,0.4041316180108857,True,460,0,345
knee,1006,alm_0.05,raw,0.48668280871670705,0.3387397383415457,0.28205128205128205,True,460,0,345
knee,1006,alm_0.05,upper_bound_correction,0.48668280871670705,0.3387397383415457,0.28205128205128205,True,460,0,345
knee,1006,alm_0.05,capped_first,0.4975786924939467,0.3828681180647121,0.4094507669470559,True,460,0,345
knee,1006,alm_0.15,raw,0.48184019370460046,0.32939630160580874,0.2677942212825934,True,460,0,345
knee,1006,alm_0.15,upper_bound_correction,0.48184019370460046,0.32939630160580874,0.2677942212825934,True,460,0,345
knee,1006,alm_0.15,capped_first,0.4915254237288136,0.3789577641450069,0.4147699158832261,True,460,0,345
knee,1006,alm_0.5,raw,0.4782082324455206,0.3130678120322789,0.23432835820895523,True,460,0,345
knee,1006,alm_0.5,upper_bound_correction,0.4782082324455206,0.3130678120322789,0.23432835820895523,True,460,0,345
knee,1006,alm_0.5,capped_first,0.48426150121065376,0.3484133227261294,0.345002474022761,True,460,0,345
knee,1006,alm_1.5,raw,0.46973365617433416,0.29061219157941254,0.18346933403527244,True,460,0,345
knee,1006,alm_1.5,upper_bound_correction,0.46973365617433416,0.29061219157941254,0.18346933403527244,True,460,0,345
knee,1006,alm_1.5,capped_first,0.47699757869249393,0.33273592729488877,0.3111083621969322,True,460,0,345
knee,1006,alm_5,raw,0.48668280871670705,0.29226444822278697,0.1434065934065934,True,460,0,345
knee,1006,alm_5,upper_bound_correction,0.48668280871670705,0.29226444822278697,0.1434065934065934,True,460,0,345
knee,1006,alm_5,capped_first,0.4939467312348668,0.35082060631166606,0.305789213260762,True,460,0,345
knee,1006,clipper,raw,0.49515738498789347,0.37766897480856293,0.39610389610389607,True,460,0,0
knee,1006,clipper,upper_bound_correction,0.49515738498789347,0.37766897480856293,0.39610389610389607,True,460,0,0
knee,1006,clipper,capped_first,0.4939467312348668,0.3802990483951627,0.4094507669470559,True,460,0,0
knee,1006,tralo_0.0001,raw,0.5024213075060533,0.3853776988371632,0.40032679738562094,True,460,15,0
knee,1006,tralo_0.0001,upper_bound_correction,0.5024213075060533,0.3853776988371632,0.40032679738562094,True,460,15,0
knee,1006,tralo_0.0001,capped_first,0.5,0.3831655180361614,0.4041316180108857,True,460,15,0
knee,1006,tralo_0.0003,raw,0.5036319612590799,0.3822952603083582,0.39119451461566224,True,460,15,0
knee,1006,tralo_0.0003,upper_bound_correction,0.5036319612590799,0.3822952603083582,0.39119451461566224,True,460,15,0
knee,1006,tralo_0.0003,capped_first,0.4975786924939467,0.3816310247532751,0.4041316180108857,True,460,15,0
knee,1006,tralo_0.001,raw,0.48789346246973364,0.3394749461321626,0.2850378787878788,True,460,15,0
knee,1006,tralo_0.001,upper_bound_correction,0.48789346246973364,0.3394749461321626,0.2850378787878788,True,460,15,0
knee,1006,tralo_0.001,capped_first,0.49878934624697335,0.3937742385633941,0.4380257298367145,True,460,15,0
knee,1006,tralo_0.003,raw,0.47094430992736075,0.27469589697191754,0.09551418980775099,True,460,13,0
knee,1006,tralo_0.003,upper_bound_correction,0.47094430992736075,0.27469589697191754,0.09551418980775099,True,460,13,0
knee,1006,tralo_0.003,capped_first,0.48789346246973364,0.34682967605077814,0.28785254824344386,True,460,13,0
knee,1006,tralo_0.01,raw,0.4648910411622276,0.2312755567554845,0.0,True,460,15,0
knee,1006,tralo_0.01,upper_bound_correction,0.4648910411622276,0.2312755567554845,0.0,True,460,15,0
knee,1006,tralo_0.01,capped_first,0.4927360774818402,0.392779033341124,0.400791687283523,True,460,15,0
knee,1006,tralo_1e-05,raw,0.4963680387409201,0.3779713860025872,0.3903065076249434,True,460,15,0
knee,1006,tralo_1e-05,upper_bound_correction,0.4963680387409201,0.3779713860025872,0.3903065076249434,True,460,15,0
knee,1006,tralo_1e-05,capped_first,0.49878934624697335,0.3822068979016803,0.4041316180108857,True,460,15,0
knee,1006,tralo_3e-05,raw,0.5,0.3808722534803385,0.3925790196976638,True,460,15,0
knee,1006,tralo_3e-05,upper_bound_correction,0.5,0.3808722534803385,0.3925790196976638,True,460,15,0
knee,1006,tralo_3e-05,capped_first,0.5,0.3831655180361614,0.4041316180108857,True,460,15,0
knee,1006,tralo_null,raw,0.4963680387409201,0.3779713860025872,0.3903065076249434,True,460,0,0
knee,1006,tralo_null,upper_bound_correction,0.4963680387409201,0.3779713860025872,0.3903065076249434,True,460,0,0
knee,1006,tralo_null,capped_first,0.49878934624697335,0.3822068979016803,0.4041316180108857,True,460,0,0
knee,1007,alm_0.005,raw,0.4915254237288136,0.33642622266854255,0.28365478277810247,True,460,0,345
knee,1007,alm_0.005,upper_bound_correction,0.4915254237288136,0.33642622266854255,0.28365478277810247,True,460,0,345
knee,1007,alm_0.005,capped_first,0.48789346246973364,0.3720800628660643,0.3915141019297378,True,460,0,345
knee,1007,alm_0.015,raw,0.4927360774818402,0.33234713877621924,0.2651680488869489,True,460,0,345
knee,1007,alm_0.015,upper_bound_correction,0.4927360774818402,0.33234713877621924,0.2651680488869489,True,460,0,345
knee,1007,alm_0.015,capped_first,0.4915254237288136,0.3661654180263151,0.3682582879762494,True,460,0,345
knee,1007,alm_0.05,raw,0.4939467312348668,0.3622886720326785,0.33625,True,460,0,345
knee,1007,alm_0.05,upper_bound_correction,0.4939467312348668,0.3622886720326785,0.33625,True,460,0,345
knee,1007,alm_0.05,capped_first,0.4915254237288136,0.36713594589723786,0.3682582879762494,True,460,0,345
knee,1007,alm_0.15,raw,0.4854721549636804,0.33201068742648226,0.266713417484806,True,460,0,345
knee,1007,alm_0.15,upper_bound_correction,0.4854721549636804,0.33201068742648226,0.266713417484806,True,460,0,345
knee,1007,alm_0.15,capped_first,0.4891041162227603,0.36351295525874094,0.3682582879762494,True,460,0,345
knee,1007,alm_0.5,raw,0.4830508474576271,0.30895044590780274,0.21182266009852216,True,460,0,345
knee,1007,alm_0.5,upper_bound_correction,0.4830508474576271,0.30895044590780274,0.21182266009852216,True,460,0,345
knee,1007,alm_0.5,capped_first,0.48184019370460046,0.3228689719324334,0.2699158832261257,True,460,0,345
knee,1007,alm_1.5,raw,0.48062953995157387,0.2771577067841924,0.11635944700460829,True,460,0,345
knee,1007,alm_1.5,upper_bound_correction,0.48062953995157387,0.2771577067841924,0.11635944700460829,True,460,0,345
knee,1007,alm_1.5,capped_first,0.48426150121065376,0.32359896934661275,0.25395843641761506,True,460,0,345
knee,1007,alm_5,raw,0.47578692493946734,0.2566448741001927,0.08,True,460,0,345
knee,1007,alm_5,upper_bound_correction,0.47578692493946734,0.2566448741001927,0.08,True,460,0,345
knee,1007,alm_5,capped_first,0.4794188861985472,0.3089682214715298,0.2360217714002969,True,460,0,345
knee,1007,clipper,raw,0.4915254237288136,0.339548917491653,0.3042596348884381,False,460,0,0
knee,1007,clipper,upper_bound_correction,0.48789346246973364,0.33328964006641787,0.28705062362435807,False,460,0,0
knee,1007,clipper,capped_first,0.4854721549636804,0.352242148648788,0.345002474022761,False,460,0,0
knee,1007,tralo_0.0001,raw,0.4975786924939467,0.3684390645698076,0.3686155913978495,False,460,15,0
knee,1007,tralo_0.0001,upper_bound_correction,0.4963680387409201,0.3664781603039016,0.3630748112560055,False,460,15,0
knee,1007,tralo_0.0001,capped_first,0.49031476997578693,0.3718733958428497,0.38619495299356754,False,460,15,0
knee,1007,tralo_0.0003,raw,0.49515738498789347,0.3629866774923964,0.35125448028673834,True,460,15,0
knee,1007,tralo_0.0003,upper_bound_correction,0.49515738498789347,0.3629866774923964,0.35125448028673834,True,460,15,0
knee,1007,tralo_0.0003,capped_first,0.48668280871670705,0.3599386359943081,0.357619990103909,True,460,15,0
knee,1007,tralo_0.001,raw,0.4782082324455206,0.3165933226443893,0.22592592592592592,True,460,15,0
knee,1007,tralo_0.001,upper_bound_correction,0.4782082324455206,0.3165933226443893,0.22592592592592592,True,460,15,0
knee,1007,tralo_0.001,capped_first,0.4854721549636804,0.372097767300566,0.38619495299356754,True,460,15,0
knee,1007,tralo_0.003,raw,0.47094430992736075,0.2465840703264016,0.03571428571428571,True,460,15,0
knee,1007,tralo_0.003,upper_bound_correction,0.47094430992736075,0.2465840703264016,0.03571428571428571,True,460,15,0
knee,1007,tralo_0.003,capped_first,0.49031476997578693,0.3340488610992135,0.26459673428995545,True,460,15,0
knee,1007,tralo_0.01,raw,0.46246973365617433,0.24168913851487922,0.0,True,460,15,0
knee,1007,tralo_0.01,upper_bound_correction,0.46246973365617433,0.24168913851487922,0.0,True,460,15,0
knee,1007,tralo_0.01,capped_first,0.48789346246973364,0.3541160335335735,0.2772142503711034,True,460,15,0
knee,1007,tralo_1e-05,raw,0.49515738498789347,0.3650853106035053,0.36432637571157495,False,460,15,0
knee,1007,tralo_1e-05,upper_bound_correction,0.4927360774818402,0.3609137224330091,0.35243651338366505,False,460,15,0
knee,1007,tralo_1e-05,capped_first,0.4891041162227603,0.3713686211501715,0.38619495299356754,False,460,15,0
knee,1007,tralo_3e-05,raw,0.4963680387409201,0.3663237091364008,0.36548546003495946,False,460,15,0
knee,1007,tralo_3e-05,upper_bound_correction,0.49515738498789347,0.36398255847806543,0.35775566231983524,False,460,15,0
knee,1007,tralo_3e-05,capped_first,0.4891041162227603,0.3713686211501715,0.38619495299356754,False,460,15,0
knee,1007,tralo_null,raw,0.49515738498789347,0.3650853106035053,0.36432637571157495,False,460,0,0
knee,1007,tralo_null,upper_bound_correction,0.4927360774818402,0.3609137224330091,0.35243651338366505,False,460,0,0
knee,1007,tralo_null,capped_first,0.4891041162227603,0.3713686211501715,0.38619495299356754,False,460,0,0
knee,1008,alm_0.005,raw,0.4939467312348668,0.3569877663920556,0.25883893496289834,True,460,0,345
knee,1008,alm_0.005,upper_bound_correction,0.4939467312348668,0.3569877663920556,0.25883893496289834,True,460,0,345
knee,1008,alm_0.005,capped_first,0.4963680387409201,0.37926991930639076,0.32174666006927266,True,460,0,345
knee,1008,alm_0.015,raw,0.4975786924939467,0.3636797837710875,0.2642857142857143,True,460,0,345
knee,1008,alm_0.015,upper_bound_correction,0.4975786924939467,0.3636797837710875,0.2642857142857143,True,460,0,345
knee,1008,alm_0.015,capped_first,0.5036319612590799,0.39591091120036215,0.35564077189510146,True,460,0,345
knee,1008,alm_0.05,raw,0.5,0.37333453958183105,0.28928571428571426,True,460,0,345
knee,1008,alm_0.05,upper_bound_correction,0.5,0.37333453958183105,0.28928571428571426,True,460,0,345
knee,1008,alm_0.05,capped_first,0.5084745762711864,0.4235581498158064,0.4254082137555666,True,460,0,345
knee,1008,alm_0.15,raw,0.49878934624697335,0.36045548892411267,0.2610599078341014,True,460,0,345
knee,1008,alm_0.15,upper_bound_correction,0.49878934624697335,0.36045548892411267,0.2610599078341014,True,460,0,345
knee,1008,alm_0.15,capped_first,0.5048426150121066,0.401559664120256,0.3735774369124196,True,460,0,345
knee,1008,alm_0.5,raw,0.49515738498789347,0.3422378770083514,0.22389509470616803,True,460,0,345
knee,1008,alm_0.5,upper_bound_correction,0.49515738498789347,0.3422378770083514,0.22389509470616803,True,460,0,345
knee,1008,alm_0.5,capped_first,0.5024213075060533,0.37156524450938566,0.3038099950519545,True,460,0,345
knee,1008,alm_1.5,raw,0.48426150121065376,0.29798067787151117,0.1627155172413793,True,460,0,345
knee,1008,alm_1.5,upper_bound_correction,0.48426150121065376,0.29798067787151117,0.1627155172413793,True,460,0,345
knee,1008,alm_1.5,capped_first,0.4915254237288136,0.3332807392431341,0.2699158832261257,True,460,0,345
knee,1008,alm_5,raw,0.463680387409201,0.24906486175115208,0.09971428571428571,True,460,0,345
knee,1008,alm_5,upper_bound_correction,0.463680387409201,0.24906486175115208,0.09971428571428571,True,460,0,345
knee,1008,alm_5,capped_first,0.4745762711864407,0.3106424289274105,0.2772142503711034,True,460,0,345
knee,1008,clipper,raw,0.5036319612590799,0.41178440743703393,0.39254658385093166,True,460,0,0
knee,1008,clipper,upper_bound_correction,0.5036319612590799,0.41178440743703393,0.39254658385093166,True,460,0,0
knee,1008,clipper,capped_first,0.5072639225181598,0.4180831447250344,0.4147699158832261,True,460,0,0
knee,1008,tralo_0.0001,raw,0.4975786924939467,0.4030580159105271,0.37552459291589724,True,460,15,0
knee,1008,tralo_0.0001,upper_bound_correction,0.4975786924939467,0.4030580159105271,0.37552459291589724,True,460,15,0
knee,1008,tralo_0.0001,capped_first,0.5024213075060533,0.424910425749324,0.4380257298367145,True,460,15,0
knee,1008,tralo_0.0003,raw,0.4939467312348668,0.3779175736338656,0.31032412965186074,True,460,15,0
knee,1008,tralo_0.0003,upper_bound_correction,0.4939467312348668,0.3779175736338656,0.31032412965186074,True,460,15,0
knee,1008,tralo_0.0003,capped_first,0.4975786924939467,0.40356003932663426,0.38619495299356754,True,460,15,0
knee,1008,tralo_0.001,raw,0.48668280871670705,0.3303931173594536,0.1712121212121212,True,460,15,0
knee,1008,tralo_0.001,upper_bound_correction,0.48668280871670705,0.3303931173594536,0.1712121212121212,True,460,15,0
knee,1008,tralo_0.001,capped_first,0.5060532687651331,0.3969685309596827,0.345002474022761,True,460,15,0
knee,1008,tralo_0.003,raw,0.47336561743341404,0.2937175544976721,0.06896551724137931,True,460,15,0
knee,1008,tralo_0.003,upper_bound_correction,0.47336561743341404,0.2937175544976721,0.06896551724137931,True,460,15,0
knee,1008,tralo_0.003,capped_first,0.5048426150121066,0.4145933025581166,0.3682582879762494,True,460,15,0
knee,1008,tralo_0.01,raw,0.463680387409201,0.24265779497709686,0.0,True,460,15,0
knee,1008,tralo_0.01,upper_bound_correction,0.463680387409201,0.24265779497709686,0.0,True,460,15,0
knee,1008,tralo_0.01,capped_first,0.4830508474576271,0.3400032339334229,0.25395843641761506,True,460,15,0
knee,1008,tralo_1e-05,raw,0.5036319612590799,0.4178675219516096,0.4111888111888112,True,460,15,0
knee,1008,tralo_1e-05,upper_bound_correction,0.5036319612590799,0.4178675219516096,0.4111888111888112,True,460,15,0
knee,1008,tralo_1e-05,capped_first,0.5036319612590799,0.4179602261901255,0.42008906481939634,True,460,15,0
knee,1008,tralo_3e-05,raw,0.5,0.40635292937262124,0.38421052631578945,True,460,15,0
knee,1008,tralo_3e-05,upper_bound_correction,0.5,0.40635292937262124,0.38421052631578945,True,460,15,0
knee,1008,tralo_3e-05,capped_first,0.5,0.4059875492371319,0.3915141019297378,True,460,15,0
knee,1008,tralo_null,raw,0.5048426150121066,0.41988556384784015,0.4111888111888112,True,460,0,0
knee,1008,tralo_null,upper_bound_correction,0.5048426150121066,0.41988556384784015,0.4111888111888112,True,460,0,0
knee,1008,tralo_null,capped_first,0.5048426150121066,0.4183791664332762,0.4147699158832261,True,460,0,0
knee,1009,alm_0.005,raw,0.5036319612590799,0.3804407973405825,0.3544657840760768,True,460,0,345
knee,1009,alm_0.005,upper_bound_correction,0.5036319612590799,0.3804407973405825,0.3544657840760768,True,460,0,345
knee,1009,alm_0.005,capped_first,0.5024213075060533,0.4025523834988086,0.42008906481939634,True,460,0,345
knee,1009,alm_0.015,raw,0.5,0.37373557178074573,0.337893017558187,True,460,0,345
knee,1009,alm_0.015,upper_bound_correction,0.5,0.37373557178074573,0.337893017558187,True,460,0,345
knee,1009,alm_0.015,capped_first,0.5048426150121066,0.4140219657210725,0.44866402770905495,True,460,0,345
knee,1009,alm_0.05,raw,0.49878934624697335,0.36567344193789436,0.31695172115176445,True,460,0,345
knee,1009,alm_0.05,upper_bound_correction,0.49878934624697335,0.36567344193789436,0.31695172115176445,True,460,0,345
knee,1009,alm_0.05,capped_first,0.5060532687651331,0.4135186740661473,0.44866402770905495,True,460,0,345
knee,1009,alm_0.15,raw,0.4963680387409201,0.36058864806367025,0.29569892473118276,True,460,0,345
knee,1009,alm_0.15,upper_bound_correction,0.4963680387409201,0.36058864806367025,0.29569892473118276,True,460,0,345
knee,1009,alm_0.15,capped_first,0.5048426150121066,0.3957592367501899,0.396833250865908,True,460,0,345
knee,1009,alm_0.5,raw,0.4927360774818402,0.3512805853083321,0.2812061711079944,True,460,0,345
knee,1009,alm_0.5,upper_bound_correction,0.4927360774818402,0.3512805853083321,0.2812061711079944,True,460,0,345
knee,1009,alm_0.5,capped_first,0.5024213075060533,0.39287741890886513,0.4021523998020782,True,460,0,345
knee,1009,alm_1.5,raw,0.48062953995157387,0.3151936968684033,0.2044665012406948,True,460,0,345
knee,1009,alm_1.5,upper_bound_correction,0.48062953995157387,0.3151936968684033,0.2044665012406948,True,460,0,345
knee,1009,alm_1.5,capped_first,0.4975786924939467,0.3788079210092329,0.3735774369124196,True,460,0,345
knee,1009,alm_5,raw,0.47578692493946734,0.2922263524592058,0.16420361247947454,True,460,0,345
knee,1009,alm_5,upper_bound_correction,0.47578692493946734,0.2922263524592058,0.16420361247947454,True,460,0,345
knee,1009,alm_5,capped_first,0.48789346246973364,0.34626100646782837,0.3111083621969322,True,460,0,345
knee,1009,clipper,raw,0.5060532687651331,0.4163294225527488,0.45151033386327505,True,460,0,0
knee,1009,clipper,upper_bound_correction,0.5060532687651331,0.4163294225527488,0.45151033386327505,True,460,0,0
knee,1009,clipper,capped_first,0.5,0.40603521171076595,0.43270658090054426,True,460,0,0
knee,1009,tralo_0.0001,raw,0.5072639225181598,0.41751962311613144,0.44785463429531225,True,460,15,0
knee,1009,tralo_0.0001,upper_bound_correction,0.5072639225181598,0.41751962311613144,0.44785463429531225,True,460,15,0
knee,1009,tralo_0.0001,capped_first,0.4975786924939467,0.4049826919049681,0.43270658090054426,True,460,15,0
knee,1009,tralo_0.0003,raw,0.5012106537530266,0.4003688099716699,0.4062091503267974,True,460,15,0
knee,1009,tralo_0.0003,upper_bound_correction,0.5012106537530266,0.4003688099716699,0.4062091503267974,True,460,15,0
knee,1009,tralo_0.0003,capped_first,0.5036319612590799,0.41210692431498896,0.44334487877288475,True,460,15,0
knee,1009,tralo_0.001,raw,0.48789346246973364,0.35652212604864697,0.292749658002736,True,460,15,0
knee,1009,tralo_0.001,upper_bound_correction,0.48789346246973364,0.35652212604864697,0.292749658002736,True,460,15,0
knee,1009,tralo_0.001,capped_first,0.5036319612590799,0.413836130070979,0.44866402770905495,True,460,15,0
knee,1009,tralo_0.003,raw,0.4782082324455206,0.32230240803630805,0.19983619983619985,True,460,15,0
knee,1009,tralo_0.003,upper_bound_correction,0.4782082324455206,0.32230240803630805,0.19983619983619985,True,460,15,0
knee,1009,tralo_0.003,capped_first,0.5024213075060533,0.40433607071895494,0.4147699158832261,True,460,15,0
knee,1009,tralo_0.01,raw,0.4491525423728814,0.23256965549648476,0.03571428571428571,True,460,15,0
knee,1009,tralo_0.01,upper_bound_correction,0.4491525423728814,0.23256965549648476,0.03571428571428571,True,460,15,0
knee,1009,tralo_0.01,capped_first,0.48062953995157387,0.38147449684923074,0.40611083621969324,True,460,15,0
knee,1009,tralo_1e-05,raw,0.5060532687651331,0.423986799438954,0.47053775743707094,True,460,15,0
knee,1009,tralo_1e-05,upper_bound_correction,0.5060532687651331,0.423986799438954,0.47053775743707094,True,460,15,0
knee,1009,tralo_1e-05,capped_first,0.49878934624697335,0.4138523142666254,0.45596239485403267,True,460,15,0
knee,1009,tralo_3e-05,raw,0.5048426150121066,0.4149636429437454,0.446985446985447,True,460,15,0
knee,1009,tralo_3e-05,upper_bound_correction,0.5048426150121066,0.4149636429437454,0.446985446985447,True,460,15,0
knee,1009,tralo_3e-05,capped_first,0.49878934624697335,0.4055208624716379,0.43270658090054426,True,460,15,0
knee,1009,tralo_null,raw,0.5072639225181598,0.42583278652351425,0.4746799431009957,True,460,0,0
knee,1009,tralo_null,upper_bound_correction,0.5072639225181598,0.42583278652351425,0.4746799431009957,True,460,0,0
knee,1009,tralo_null,capped_first,0.49878934624697335,0.4138523142666254,0.45596239485403267,True,460,0,0
knee,1010,alm_0.005,raw,0.49878934624697335,0.3600343743175545,0.31614654002713705,True,460,0,345
knee,1010,alm_0.005,upper_bound_correction,0.49878934624697335,0.3600343743175545,0.31614654002713705,True,460,0,345
knee,1010,alm_0.005,capped_first,0.5096852300242131,0.3989040139138575,0.4254082137555666,True,460,0,345
knee,1010,alm_0.015,raw,0.4939467312348668,0.3467268279584701,0.28418038654259126,True,460,0,345
knee,1010,alm_0.015,upper_bound_correction,0.4939467312348668,0.3467268279584701,0.28418038654259126,True,460,0,345
knee,1010,alm_0.015,capped_first,0.5121065375302664,0.4016709692349041,0.4307273626917367,True,460,0,345
knee,1010,alm_0.05,raw,0.4927360774818402,0.3257579950202105,0.23059475806451613,True,460,0,345
knee,1010,alm_0.05,upper_bound_correction,0.4927360774818402,0.3257579950202105,0.23059475806451613,True,460,0,345
knee,1010,alm_0.05,capped_first,0.5121065375302664,0.40030398392214206,0.4254082137555666,True,460,0,345
knee,1010,alm_0.15,raw,0.4915254237288136,0.30380083299013194,0.17583574624901288,True,460,0,345
knee,1010,alm_0.15,upper_bound_correction,0.4915254237288136,0.30380083299013194,0.17583574624901288,True,460,0,345
knee,1010,alm_0.15,capped_first,0.5048426150121066,0.36706451086887315,0.345002474022761,True,460,0,345
knee,1010,alm_0.5,raw,0.48184019370460046,0.2921924543483009,0.1705280172413793,True,460,0,345
knee,1010,alm_0.5,upper_bound_correction,0.48184019370460046,0.2921924543483009,0.1705280172413793,True,460,0,345
knee,1010,alm_0.5,capped_first,0.4915254237288136,0.34463430600149253,0.32174666006927266,True,460,0,345
knee,1010,alm_1.5,raw,0.4685230024213075,0.264135715268992,0.14097744360902253,True,460,0,345
knee,1010,alm_1.5,upper_bound_correction,0.4685230024213075,0.264135715268992,0.14097744360902253,True,460,0,345
knee,1010,alm_1.5,capped_first,0.47699757869249393,0.3142912790141155,0.28785254824344386,True,460,0,345
knee,1010,alm_5,raw,0.4745762711864407,0.24850666984877354,0.08661417322834646,True,460,0,345
knee,1010,alm_5,upper_bound_correction,0.4745762711864407,0.24850666984877354,0.08661417322834646,True,460,0,345
knee,1010,alm_5,capped_first,0.48062953995157387,0.3001099173858951,0.2360217714002969,True,460,0,345
knee,1010,clipper,raw,0.5024213075060533,0.38629329040374627,0.38363727622553123,True,460,0,0
knee,1010,clipper,upper_bound_correction,0.5024213075060533,0.38629329040374627,0.38363727622553123,True,460,0,0
knee,1010,clipper,capped_first,0.5157384987893463,0.4220531573968652,0.4825581395348837,True,460,0,0
knee,1010,tralo_0.0001,raw,0.5,0.3755752933776917,0.3555555555555555,False,460,15,0
knee,1010,tralo_0.0001,upper_bound_correction,0.5,0.37254845394277214,0.34798845696825664,False,460,15,0
knee,1010,tralo_0.0001,capped_first,0.5121065375302664,0.4085451703793811,0.44866402770905495,False,460,15,0
knee,1010,tralo_0.0003,raw,0.4963680387409201,0.36265548585454194,0.3236607142857143,True,460,15,0
knee,1010,tralo_0.0003,upper_bound_correction,0.4963680387409201,0.36265548585454194,0.3236607142857143,True,460,15,0
knee,1010,tralo_0.0003,capped_first,0.5157384987893463,0.42085148916576165,0.4772389905987135,True,460,15,0
knee,1010,tralo_0.001,raw,0.4927360774818402,0.33719857832268163,0.25777140124342424,True,460,15,0
knee,1010,tralo_0.001,upper_bound_correction,0.4927360774818402,0.33719857832268163,0.25777140124342424,True,460,15,0
knee,1010,tralo_0.001,capped_first,0.5108958837772397,0.38989706182603384,0.396833250865908,True,460,15,0
knee,1010,tralo_0.003,raw,0.4648910411622276,0.24968284982503378,0.06896551724137931,True,460,15,0
knee,1010,tralo_0.003,upper_bound_correction,0.4648910411622276,0.24968284982503378,0.06896551724137931,True,460,15,0
knee,1010,tralo_0.003,capped_first,0.4915254237288136,0.363150724519577,0.36293913904007913,True,460,15,0
knee,1010,tralo_0.01,raw,0.4515738498789346,0.20228131852533004,0.0,True,460,15,0
knee,1010,tralo_0.01,upper_bound_correction,0.4515738498789346,0.20228131852533004,0.0,True,460,15,0
knee,1010,tralo_0.01,capped_first,0.47578692493946734,0.3399342071066386,0.348960910440376,True,460,15,0
knee,1010,tralo_1e-05,raw,0.5,0.37624163410737677,0.3594124700239808,False,460,15,0
knee,1010,tralo_1e-05,upper_bound_correction,0.5024213075060533,0.37939464595791234,0.36533069437572163,False,460,15,0
knee,1010,tralo_1e-05,capped_first,0.5096852300242131,0.40553831009895924,0.44334487877288475,False,460,15,0
knee,1010,tralo_3e-05,raw,0.5,0.37738820314072896,0.36231884057971014,False,460,15,0
knee,1010,tralo_3e-05,upper_bound_correction,0.5012106537530266,0.3768230633498796,0.35930232558139535,False,460,15,0
knee,1010,tralo_3e-05,capped_first,0.5096852300242131,0.40553831009895924,0.44334487877288475,False,460,15,0
knee,1010,tralo_null,raw,0.5,0.3749788643764002,0.3562555456965395,False,460,0,0
knee,1010,tralo_null,upper_bound_correction,0.5024213075060533,0.37939464595791234,0.36533069437572163,False,460,0,0
knee,1010,tralo_null,capped_first,0.5096852300242131,0.40553831009895924,0.44334487877288475,False,460,0,0
knee,1011,alm_0.005,raw,0.4939467312348668,0.3529098536157655,0.3338308457711443,False,460,0,345
knee,1011,alm_0.005,upper_bound_correction,0.4963680387409201,0.3551111206670763,0.33404255319148934,False,460,0,345
knee,1011,alm_0.005,capped_first,0.4939467312348668,0.37730888829176734,0.396833250865908,False,460,0,345
knee,1011,alm_0.015,raw,0.48789346246973364,0.34508743214220805,0.31022727272727274,True,460,0,345
knee,1011,alm_0.015,upper_bound_correction,0.48789346246973364,0.34508743214220805,0.31022727272727274,True,460,0,345
knee,1011,alm_0.015,capped_first,0.4927360774818402,0.37885071193344666,0.4021523998020782,True,460,0,345
knee,1011,alm_0.05,raw,0.49031476997578693,0.32830742334551,0.27393446134075816,True,460,0,345
knee,1011,alm_0.05,upper_bound_correction,0.49031476997578693,0.32830742334551,0.27393446134075816,True,460,0,345
knee,1011,alm_0.05,capped_first,0.48789346246973364,0.35258804013538414,0.35564077189510146,True,460,0,345
knee,1011,alm_0.15,raw,0.48426150121065376,0.3126050909481865,0.22281167108753316,True,460,0,345
knee,1011,alm_0.15,upper_bound_correction,0.48426150121065376,0.3126050909481865,0.22281167108753316,True,460,0,345
knee,1011,alm_0.15,capped_first,0.4915254237288136,0.35826092854437547,0.35564077189510146,True,460,0,345
knee,1011,alm_0.5,raw,0.48789346246973364,0.3233907306618665,0.24115094770495546,True,460,0,345
knee,1011,alm_0.5,upper_bound_correction,0.48789346246973364,0.3233907306618665,0.24115094770495546,True,460,0,345
knee,1011,alm_0.5,capped_first,0.4891041162227603,0.3506491977182482,0.33238495794161305,True,460,0,345
knee,1011,alm_1.5,raw,0.47336561743341404,0.2753403243142303,0.1434065934065934,True,460,0,345
knee,1011,alm_1.5,upper_bound_correction,0.47336561743341404,0.2753403243142303,0.1434065934065934,True,460,0,345
knee,1011,alm_1.5,capped_first,0.48426150121065376,0.34023133022657304,0.32706580900544285,True,460,0,345
knee,1011,alm_5,raw,0.4661016949152542,0.25202202204282864,0.11278195488721804,True,460,0,345
knee,1011,alm_5,upper_bound_correction,0.4661016949152542,0.25202202204282864,0.11278195488721804,True,460,0,345
knee,1011,alm_5,capped_first,0.47578692493946734,0.32310214074143717,0.3164275111331024,True,460,0,345
knee,1011,clipper,raw,0.4927360774818402,0.3646023927373508,0.3690322580645161,False,460,0,0
knee,1011,clipper,upper_bound_correction,0.4915254237288136,0.3690228673746764,0.3757822277847309,False,460,0,0
knee,1011,clipper,capped_first,0.4891041162227603,0.37345662900196397,0.3915141019297378,False,460,0,0
knee,1011,tralo_0.0001,raw,0.4975786924939467,0.3784229320947733,0.39456775700934577,False,460,15,0
knee,1011,tralo_0.0001,upper_bound_correction,0.5,0.3856775875726769,0.4054711246200608,False,460,15,0
knee,1011,tralo_0.0001,capped_first,0.4975786924939467,0.38965062162184416,0.42008906481939634,False,460,15,0
knee,1011,tralo_0.0003,raw,0.5012106537530266,0.38232219705355674,0.3948286802030457,False,460,15,0
knee,1011,tralo_0.0003,upper_bound_correction,0.5048426150121066,0.38654553829684296,0.40093085106382975,False,460,15,0
knee,1011,tralo_0.0003,capped_first,0.49878934624697335,0.3921815724458867,0.4254082137555666,False,460,15,0
knee,1011,tralo_0.001,raw,0.4891041162227603,0.34437353338836413,0.2850378787878788,True,460,15,0
knee,1011,tralo_0.001,upper_bound_correction,0.4891041162227603,0.34437353338836413,0.2850378787878788,True,460,15,0
knee,1011,tralo_0.001,capped_first,0.5024213075060533,0.40435778083678786,0.45398317664522514,True,460,15,0
knee,1011,tralo_0.003,raw,0.463680387409201,0.2628890613871528,0.06896551724137931,True,460,14,0
knee,1011,tralo_0.003,upper_bound_correction,0.463680387409201,0.2628890613871528,0.06896551724137931,True,460,14,0
knee,1011,tralo_0.003,capped_first,0.4915254237288136,0.38774380218299137,0.396833250865908,True,460,14,0
knee,1011,tralo_0.01,raw,0.4721549636803874,0.2225135358587987,0.0,True,460,15,0
knee,1011,tralo_0.01,upper_bound_correction,0.4721549636803874,0.2225135358587987,0.0,True,460,15,0
knee,1011,tralo_0.01,capped_first,0.4927360774818402,0.3300784741951484,0.2718951014349332,True,460,15,0
knee,1011,tralo_1e-05,raw,0.49878934624697335,0.3803697684725308,0.40069444444444446,False,460,15,0
knee,1011,tralo_1e-05,upper_bound_correction,0.49878934624697335,0.38304384288109883,0.400709219858156,False,460,15,0
knee,1011,tralo_1e-05,capped_first,0.4927360774818402,0.374623635539283,0.38619495299356754,False,460,15,0
knee,1011,tralo_3e-05,raw,0.49878934624697335,0.3806178637853929,0.4017857142857143,False,460,15,0
knee,1011,tralo_3e-05,upper_bound_correction,0.49878934624697335,0.3847955960731704,0.4054711246200608,False,460,15,0
knee,1011,tralo_3e-05,capped_first,0.4927360774818402,0.374623635539283,0.38619495299356754,False,460,15,0
knee,1011,tralo_null,raw,0.49878934624697335,0.3803697684725308,0.40069444444444446,False,460,0,0
knee,1011,tralo_null,upper_bound_correction,0.49878934624697335,0.38304384288109883,0.400709219858156,False,460,0,0
knee,1011,tralo_null,capped_first,0.4927360774818402,0.374623635539283,0.38619495299356754,False,460,0,0
knee,1012,alm_0.005,raw,0.4963680387409201,0.3575147889472686,0.3425154041319318,True,460,0,345
knee,1012,alm_0.005,upper_bound_correction,0.4963680387409201,0.3575147889472686,0.3425154041319318,True,460,0,345
knee,1012,alm_0.005,capped_first,0.49878934624697335,0.38589157051948225,0.42008906481939634,True,460,0,345
knee,1012,alm_0.015,raw,0.49515738498789347,0.3297385718722194,0.267683465959328,True,460,0,345
knee,1012,alm_0.015,upper_bound_correction,0.49515738498789347,0.3297385718722194,0.267683465959328,True,460,0,345
knee,1012,alm_0.015,capped_first,0.4975786924939467,0.3681609676545533,0.3735774369124196,True,460,0,345
knee,1012,alm_0.05,raw,0.48426150121065376,0.3005935076064488,0.19489144316730522,True,460,0,345
knee,1012,alm_0.05,upper_bound_correction,0.48426150121065376,0.3005935076064488,0.19489144316730522,True,460,0,345
knee,1012,alm_0.05,capped_first,0.4975786924939467,0.3678485297975028,0.3735774369124196,True,460,0,345
knee,1012,alm_0.15,raw,0.4794188861985472,0.28705380093862953,0.16345370621775726,True,460,0,345
knee,1012,alm_0.15,upper_bound_correction,0.4794188861985472,0.28705380093862953,0.16345370621775726,True,460,0,345
knee,1012,alm_0.15,capped_first,0.4891041162227603,0.34911414704735055,0.3343641761504206,True,460,0,345
knee,1012,alm_0.5,raw,0.47699757869249393,0.27764884509047166,0.14213624894869636,True,460,0,345
knee,1012,alm_0.5,upper_bound_correction,0.47699757869249393,0.27764884509047166,0.14213624894869636,True,460,0,345
knee,1012,alm_0.5,capped_first,0.48668280871670705,0.33796912943904023,0.3111083621969322,True,460,0,345
knee,1012,alm_1.5,raw,0.46246973365617433,0.24517285399215583,0.09404761904761905,True,460,0,345
knee,1012,alm_1.5,upper_bound_correction,0.46246973365617433,0.24517285399215583,0.09404761904761905,True,460,0,345
knee,1012,alm_1.5,capped_first,0.47699757869249393,0.30722492262615086,0.26459673428995545,True,460,0,345
knee,1012,alm_5,raw,0.45883777239709445,0.2205954165774256,0.04310344827586207,True,460,0,345
knee,1012,alm_5,upper_bound_correction,0.45883777239709445,0.2205954165774256,0.04310344827586207,True,460,0,345
knee,1012,alm_5,capped_first,0.4648910411622276,0.2805358464603063,0.22538347352795646,True,460,0,345
knee,1012,clipper,raw,0.4939467312348668,0.36579457712418195,0.3731812169312169,False,460,0,0
knee,1012,clipper,upper_bound_correction,0.4927360774818402,0.3639506390973287,0.3690159574468085,False,460,0,0
knee,1012,clipper,capped_first,0.4915254237288136,0.36818412834221403,0.38619495299356754,False,460,0,0
knee,1012,tralo_0.0001,raw,0.49878934624697335,0.3840665288740623,0.41497880357983985,False,460,15,0
knee,1012,tralo_0.0001,upper_bound_correction,0.5,0.3848807070090502,0.4158607350096712,False,460,15,0
knee,1012,tralo_0.0001,capped_first,0.4975786924939467,0.37527569826343415,0.3915141019297378,False,460,15,0
knee,1012,tralo_0.0003,raw,0.4975786924939467,0.36888433350918515,0.3709392655367232,True,460,15,0
knee,1012,tralo_0.0003,upper_bound_correction,0.4975786924939467,0.36888433350918515,0.3709392655367232,True,460,15,0
knee,1012,tralo_0.0003,capped_first,0.4939467312348668,0.3701881035318169,0.38087580405739735,True,460,15,0
knee,1012,tralo_0.001,raw,0.48426150121065376,0.32030191046073664,0.23689516129032256,True,460,15,0
knee,1012,tralo_0.001,upper_bound_correction,0.48426150121065376,0.32030191046073664,0.23689516129032256,True,460,15,0
knee,1012,tralo_0.001,capped_first,0.49878934624697335,0.37713757260817476,0.3915141019297378,True,460,15,0
knee,1012,tralo_0.003,raw,0.46731234866828086,0.2501960595679508,0.06896551724137931,True,460,15,0
knee,1012,tralo_0.003,upper_bound_correction,0.46731234866828086,0.2501960595679508,0.06896551724137931,True,460,15,0
knee,1012,tralo_0.003,capped_first,0.48789346246973364,0.34884951853392077,0.32372587827808014,True,460,15,0
knee,1012,tralo_0.01,raw,0.4539951573849879,0.20859325799689604,0.0,True,460,15,0
knee,1012,tralo_0.01,upper_bound_correction,0.4539951573849879,0.20859325799689604,0.0,True,460,15,0
knee,1012,tralo_0.01,capped_first,0.47578692493946734,0.3361656361280255,0.3203859475507175,True,460,15,0
knee,1012,tralo_1e-05,raw,0.4975786924939467,0.38201142765710394,0.41141001855287573,False,460,15,0
knee,1012,tralo_1e-05,upper_bound_correction,0.5024213075060533,0.3862290357145384,0.4158607350096712,False,460,15,0
knee,1012,tralo_1e-05,capped_first,0.49878934624697335,0.37579699907335434,0.3915141019297378,False,460,15,0
knee,1012,tralo_3e-05,raw,0.4975786924939467,0.38201142765710394,0.41141001855287573,False,460,15,0
knee,1012,tralo_3e-05,upper_bound_correction,0.5024213075060533,0.3862290357145384,0.4158607350096712,False,460,15,0
knee,1012,tralo_3e-05,capped_first,0.49878934624697335,0.37579699907335434,0.3915141019297378,False,460,15,0
knee,1012,tralo_null,raw,0.4963680387409201,0.38092231873742827,0.40909090909090906,False,460,0,0
knee,1012,tralo_null,upper_bound_correction,0.5024213075060533,0.3862290357145384,0.4158607350096712,False,460,0,0
knee,1012,tralo_null,capped_first,0.49878934624697335,0.37579699907335434,0.3915141019297378,False,460,0,0
