{
    "best_combined": {
        "(0.5, 0.3)": {
            "hyperparameters": {
                "lambda_global": 0.1,
                "lambda_local": 0.1,
                "hidden_dims": [
                    256,
                    128,
                    64,
                    32
                ],
                "learning_rate": 0.001,
                "dropout": 0.3,
                "batch_size": 64
            },
            "accuracy": 0.6018099547511312,
            "precision_macro": 0.6086911939625118,
            "recall_macro": 0.4541371158392435,
            "f1_macro": 0.432828749594855,
            "precision_weighted": 0.6357709651143303,
            "recall_weighted": 0.6018099547511312,
            "f1_weighted": 0.5259160956437653,
            "training_time": 397.6907699108124,
            "benchmark_accuracy": 0.5995,
            "benchmark_precision_macro": 0.6524,
            "benchmark_recall_macro": 0.4641,
            "benchmark_f1_macro": 0.4551
        }
    },
    "very_deep_baseline": {
        "(0.5, 0.3)": {
            "hyperparameters": {
                "lambda_global": 0.01,
                "lambda_local": 0.01,
                "hidden_dims": [
                    512,
                    256,
                    128,
                    64,
                    32
                ],
                "learning_rate": 0.001,
                "dropout": 0.3,
                "batch_size": 64
            },
            "accuracy": 0.6063348416289592,
            "precision_macro": 0.6476320217200108,
            "recall_macro": 0.46247044917257685,
            "f1_macro": 0.4465604009845816,
            "precision_weighted": 0.6653295985843443,
            "recall_weighted": 0.6063348416289592,
            "f1_weighted": 0.5338998252389968,
            "training_time": 412.08969020843506,
            "benchmark_accuracy": 0.5905,
            "benchmark_precision_macro": 0.6091,
            "benchmark_recall_macro": 0.4511,
            "benchmark_f1_macro": 0.435
        }
    },
    "very_deep_high_lambda": {
        "(0.5, 0.3)": {
            "hyperparameters": {
                "lambda_global": 0.1,
                "lambda_local": 0.1,
                "hidden_dims": [
                    512,
                    256,
                    128,
                    64,
                    32
                ],
                "learning_rate": 0.001,
                "dropout": 0.3,
                "batch_size": 64
            },
            "accuracy": 0.5769230769230769,
            "precision_macro": 0.6291490025962075,
            "recall_macro": 0.4317375886524823,
            "f1_macro": 0.4003110295576125,
            "precision_weighted": 0.6441410176110578,
            "recall_weighted": 0.5769230769230769,
            "f1_weighted": 0.48681092525532843,
            "training_time": 400.48064374923706,
            "benchmark_accuracy": 0.5792,
            "benchmark_precision_macro": 0.5916,
            "benchmark_recall_macro": 0.4409,
            "benchmark_f1_macro": 0.4241
        }
    },
    "very_deep_very_high_lambda": {
        "(0.5, 0.3)": {
            "hyperparameters": {
                "lambda_global": 0.5,
                "lambda_local": 0.5,
                "hidden_dims": [
                    512,
                    256,
                    128,
                    64,
                    32
                ],
                "learning_rate": 0.001,
                "dropout": 0.3,
                "batch_size": 64
            },
            "accuracy": 0.5701357466063348,
            "precision_macro": 0.5025914634146341,
            "recall_macro": 0.4066193853427896,
            "f1_macro": 0.35295231290211276,
            "precision_weighted": 0.5785478286061141,
            "recall_weighted": 0.5701357466063348,
            "f1_weighted": 0.4645630389658074,
            "training_time": 1.0181095600128174
        }
    },
    "ultra_deep_baseline": {
        "(0.5, 0.3)": {
            "hyperparameters": {
                "lambda_global": 0.01,
                "lambda_local": 0.01,
                "hidden_dims": [
                    512,
                    256,
                    128,
                    64,
                    32,
                    16
                ],
                "learning_rate": 0.001,
                "dropout": 0.3,
                "batch_size": 64
            },
            "accuracy": 0.5972850678733032,
            "precision_macro": 0.6571428571428571,
            "recall_macro": 0.4530141843971631,
            "f1_macro": 0.43348378955542616,
            "precision_weighted": 0.6700593524122935,
            "recall_weighted": 0.5972850678733032,
            "f1_weighted": 0.5198024743251541,
            "training_time": 391.7021903991699,
            "benchmark_accuracy": 0.595,
            "benchmark_precision_macro": 0.6376,
            "benchmark_recall_macro": 0.4584,
            "benchmark_f1_macro": 0.4476
        }
    },
    "ultra_deep_high_lambda": {
        "(0.5, 0.3)": {
            "hyperparameters": {
                "lambda_global": 0.1,
                "lambda_local": 0.1,
                "hidden_dims": [
                    512,
                    256,
                    128,
                    64,
                    32,
                    16
                ],
                "learning_rate": 0.001,
                "dropout": 0.3,
                "batch_size": 64
            },
            "accuracy": 0.5678733031674208,
            "precision_macro": 0.5018182769536667,
            "recall_macro": 0.4042553191489362,
            "f1_macro": 0.34940143263664014,
            "precision_weighted": 0.5775705040307043,
            "recall_weighted": 0.5678733031674208,
            "f1_weighted": 0.4609641925201502,
            "training_time": 1.3108394145965576
        }
    },
    "deep_very_high_lambda": {
        "(0.5, 0.3)": {
            "hyperparameters": {
                "lambda_global": 0.5,
                "lambda_local": 0.5,
                "hidden_dims": [
                    256,
                    128,
                    64,
                    32
                ],
                "learning_rate": 0.001,
                "dropout": 0.3,
                "batch_size": 64
            },
            "accuracy": 0.5950226244343891,
            "precision_macro": 0.5879844961240309,
            "recall_macro": 0.44524231678487,
            "f1_macro": 0.4190966186010678,
            "precision_weighted": 0.6171268629850961,
            "recall_weighted": 0.5950226244343891,
            "f1_weighted": 0.5146762026796794,
            "training_time": 393.2406761646271,
            "benchmark_accuracy": 0.5905,
            "benchmark_precision_macro": 0.6358,
            "benchmark_recall_macro": 0.4554,
            "benchmark_f1_macro": 0.4453
        }
    },
    "deep_extreme_lambda": {
        "(0.5, 0.3)": {
            "hyperparameters": {
                "lambda_global": 1.0,
                "lambda_local": 1.0,
                "hidden_dims": [
                    256,
                    128,
                    64,
                    32
                ],
                "learning_rate": 0.001,
                "dropout": 0.3,
                "batch_size": 64
            },
            "accuracy": 0.5678733031674208,
            "precision_macro": 0.6152263374485597,
            "recall_macro": 0.4096631205673759,
            "f1_macro": 0.36472184187839146,
            "precision_weighted": 0.6461426735936541,
            "recall_weighted": 0.5678733031674208,
            "f1_weighted": 0.46763867749114885,
            "training_time": 1.2164804935455322
        }
    },
    "very_deep_extreme_lambda": {
        "(0.5, 0.3)": {
            "hyperparameters": {
                "lambda_global": 1.0,
                "lambda_local": 1.0,