{
    "baseline": {
        "(0.5, 0.3)": {
            "hyperparameters": {
                "lambda_global": 0.01,
                "lambda_local": 0.01,
                "hidden_dims": [
                    128,
                    64,
                    32
                ],
                "learning_rate": 0.001,
                "dropout": 0.3,
                "batch_size": 64
            },
            "accuracy": 0.5950226244343891,
            "precision_macro": 0.6702741702741702,
            "recall_macro": 0.4551110897168469,
            "f1_macro": 0.43772122570347216,
            "precision_weighted": 0.6758829405888229,
            "recall_weighted": 0.5950226244343891,
            "f1_weighted": 0.5184727691776103,
            "training_time": 391.4344503879547,
            "benchmark_accuracy": 0.5973,
            "benchmark_precision_macro": 0.6515,
            "benchmark_recall_macro": 0.4626,
            "benchmark_f1_macro": 0.454
        }
    },
    "lambda_low": {
        "(0.5, 0.3)": {
            "hyperparameters": {
                "lambda_global": 0.001,
                "lambda_local": 0.001,
                "hidden_dims": [
                    128,
                    64,
                    32
                ],
                "learning_rate": 0.001,
                "dropout": 0.3,
                "batch_size": 64
            },
            "accuracy": 0.5927601809954751,
            "precision_macro": 0.6209473150962512,
            "recall_macro": 0.4553143352267257,
            "f1_macro": 0.4394643808928347,
            "precision_weighted": 0.6297079797549134,
            "recall_weighted": 0.5927601809954751,
            "f1_weighted": 0.520303085921028,
            "training_time": 390.94601559638977,
            "benchmark_accuracy": 0.5973,
            "benchmark_precision_macro": 0.6453,
            "benchmark_recall_macro": 0.4608,
            "benchmark_f1_macro": 0.4512
        }
    },
    "lambda_high": {
        "(0.5, 0.3)": {
            "hyperparameters": {
                "lambda_global": 0.1,
                "lambda_local": 0.1,
                "hidden_dims": [
                    128,
                    64,
                    32
                ],
                "learning_rate": 0.001,
                "dropout": 0.3,
                "batch_size": 64
            },
            "accuracy": 0.6063348416289592,
            "precision_macro": 0.6677098055050811,
            "recall_macro": 0.4642730496453901,
            "f1_macro": 0.449968514537598,
            "precision_weighted": 0.6749896995559161,
            "recall_weighted": 0.6063348416289592,
            "f1_weighted": 0.5337496842365274,
            "training_time": 439.9917688369751,
            "benchmark_accuracy": 0.6018,
            "benchmark_precision_macro": 0.6594,
            "benchmark_recall_macro": 0.4674,
            "benchmark_f1_macro": 0.459
        }
    },
    "lambda_favor_global": {
        "(0.5, 0.3)": {
            "hyperparameters": {
                "lambda_global": 0.1,
                "lambda_local": 0.01,
                "hidden_dims": [
                    128,
                    64,
                    32
                ],
                "learning_rate": 0.001,
                "dropout": 0.3,
                "batch_size": 64
            },
            "accuracy": 0.5927601809954751,
            "precision_macro": 0.6528255059182894,
            "recall_macro": 0.446483451536643,
            "f1_macro": 0.4236784524836625,
            "precision_weighted": 0.6588511296667754,
            "recall_weighted": 0.5927601809954751,
            "f1_weighted": 0.5114803193228017,
            "training_time": 398.4613313674927,
            "benchmark_accuracy": 0.6041,
            "benchmark_precision_macro": 0.674,
            "benchmark_recall_macro": 0.4706,
            "benchmark_f1_macro": 0.4651
        }
    },
    "lambda_favor_local": {
        "(0.5, 0.3)": {
            "hyperparameters": {
                "lambda_global": 0.01,
                "lambda_local": 0.1,
                "hidden_dims": [
                    128,
                    64,
                    32
                ],
                "learning_rate": 0.001,
                "dropout": 0.3,
                "batch_size": 64
            },
            "accuracy": 0.5904977375565611,
            "precision_macro": 0.651396579303556,
            "recall_macro": 0.4467777563835136,
            "f1_macro": 0.42531897926634765,
            "precision_weighted": 0.6572823285545585,
            "recall_weighted": 0.5904977375565611,
            "f1_weighted": 0.5104177942800234,
            "training_time": 403.6084716320038,
            "benchmark_accuracy": 0.6041,
            "benchmark_precision_macro": 0.6671,
            "benchmark_recall_macro": 0.4698,
            "benchmark_f1_macro": 0.4626
        }
    },
    "arch_shallow": {
        "(0.5, 0.3)": {
            "hyperparameters": {
                "lambda_global": 0.01,
                "lambda_local": 0.01,
                "hidden_dims": [
                    64,
                    32
                ],
                "learning_rate": 0.001,
                "dropout": 0.3,
                "batch_size": 64
            },
            "accuracy": 0.6040723981900452,
            "precision_macro": 0.6301833394856651,
            "recall_macro": 0.4582127231689184,
            "f1_macro": 0.4414723827031756,
            "precision_weighted": 0.6553815921120983,
            "recall_weighted": 0.6040723981900452,
            "f1_weighted": 0.5329795189438618,
            "training_time": 379.925537109375,
            "benchmark_accuracy": 0.5995,
            "benchmark_precision_macro": 0.6455,
            "benchmark_recall_macro": 0.4633,
            "benchmark_f1_macro": 0.4526
        }
    },
    "arch_deep": {
        "(0.5, 0.3)": {
            "hyperparameters": {
                "lambda_global": 0.01,
                "lambda_local": 0.01,
                "hidden_dims": [
                    256,
                    128,
                    64,
                    32
                ],
                "learning_rate": 0.001,
                "dropout": 0.3,
                "batch_size": 64
            },
            "accuracy": 0.6108597285067874,
            "precision_macro": 0.6699809082523543,
            "recall_macro": 0.4690011820330969,
            "f1_macro": 0.4566451195862961,
            "precision_weighted": 0.677717196171711,
            "recall_weighted": 0.6108597285067874,
            "f1_weighted": 0.5405822537856075,
            "training_time": 387.99901723861694,
            "benchmark_accuracy": 0.5837,
            "benchmark_precision_macro": 0.6201,
            "benchmark_recall_macro": 0.4482,
            "benchmark_f1_macro": 0.4367
        }
    },
    "arch_wide": {
        "(0.5, 0.3)": {
            "hyperparameters": {
                "lambda_global": 0.01,
                "lambda_local": 0.01,
                "hidden_dims": [
                    256,
                    128,
                    64
                ],
                "learning_rate": 0.001,
                "dropout": 0.3,
                "batch_size": 64
            },
            "accuracy": 0.5904977375565611,
            "precision_macro": 0.5892067183462533,
            "recall_macro": 0.44754246761443256,
            "f1_macro": 0.427233208382902,
            "precision_weighted": 0.6168614823389105,
            "recall_weighted": 0.5904977375565611,
            "f1_weighted": 0.5167805167314983,
            "training_time": 371.15678310394287,
            "benchmark_accuracy": 0.5928,
            "benchmark_precision_macro": 0.636,
            "benchmark_recall_macro": 0.4579,
            "benchmark_f1_macro": 0.4467
        }
    },
    "lr_slow": {
        "(0.5, 0.3)": {
            "hyperparameters": {
                "lambda_global": 0.01,