{
    "nn_config1_transductive": {
        "(0.5, 0.3)": {
            "accuracy": 0.5927601809954751,
            "precision_macro": 0.612419971645147,
            "recall_macro": 0.44999759314527776,
            "f1_macro": 0.4295719313366373,
            "precision_weighted": 0.6279486158538109,
            "recall_weighted": 0.5927601809954751,
            "f1_weighted": 0.5161722684200725,
            "training_time": 379.04573249816895,
            "benchmark_accuracy": 0.5882,
            "benchmark_precision_macro": 0.6219,
            "benchmark_recall_macro": 0.4513,
            "benchmark_f1_macro": 0.4389
        }
    }
}