{
    "arch_deep": {
        "(0.5, 0.3)": {
            "hyperparameters": {
                "lambda_global": 0.01,
                "lambda_local": 0.01,
                "hidden_dims": [
                    256,
                    128,
                    64,
                    32
                ],
                "learning_rate": 0.001,
                "dropout": 0.3,
                "batch_size": 64
            },
            "accuracy": 0.5995475113122172,
            "precision_macro": 0.6079449510300574,
            "recall_macro": 0.45253776087630904,
            "f1_macro": 0.4340307041723963,
            "precision_weighted": 0.6464977971548684,
            "recall_weighted": 0.5995475113122172,
            "f1_weighted": 0.5289794344794142,
            "training_time": 410.39237880706787,
            "benchmark_accuracy": 0.586,
            "benchmark_precision_macro": 0.6073,
            "benchmark_recall_macro": 0.448,
            "benchmark_f1_macro": 0.4328
        }
    },
    "dropout_high": {
        "(0.5, 0.3)": {
            "hyperparameters": {
                "lambda_global": 0.01,
                "lambda_local": 0.01,
                "hidden_dims": [
                    128,
                    64,
                    32
                ],
                "learning_rate": 0.001,
                "dropout": 0.5,
                "batch_size": 64
            },
            "accuracy": 0.5995475113122172,
            "precision_macro": 0.6300858475775305,
            "recall_macro": 0.4562340211589273,
            "f1_macro": 0.4380828073688665,
            "precision_weighted": 0.64806011112628,
            "recall_weighted": 0.5995475113122172,
            "f1_weighted": 0.525183334817924,
            "training_time": 384.7371611595154,
            "benchmark_accuracy": 0.5905,
            "benchmark_precision_macro": 0.6228,
            "benchmark_recall_macro": 0.4528,
            "benchmark_f1_macro": 0.44
        }
    },
    "very_deep_baseline": {
        "(0.5, 0.3)": {
            "hyperparameters": {
                "lambda_global": 0.01,
                "lambda_local": 0.01,
                "hidden_dims": [
                    512,
                    256,
                    128,
                    64,
                    32
                ],
                "learning_rate": 0.001,
                "dropout": 0.3,
                "batch_size": 64
            },
            "accuracy": 0.5995475113122172,
            "precision_macro": 0.6354642732595489,
            "recall_macro": 0.4553782505910166,
            "f1_macro": 0.43602515941777226,
            "precision_weighted": 0.6504034261008644,
            "recall_weighted": 0.5995475113122172,
            "f1_weighted": 0.5231117639100257,
            "training_time": 373.30141377449036,
            "benchmark_accuracy": 0.595,
            "benchmark_precision_macro": 0.6177,
            "benchmark_recall_macro": 0.4549,
            "benchmark_f1_macro": 0.4398
        }
    },
    "lambda_high": {
        "(0.5, 0.3)": {
            "hyperparameters": {
                "lambda_global": 0.1,
                "lambda_local": 0.1,
                "hidden_dims": [
                    128,
                    64,
                    32
                ],
                "learning_rate": 0.001,
                "dropout": 0.3,
                "batch_size": 64
            },
            "accuracy": 0.5769230769230769,
            "precision_macro": 0.5679117565109075,
            "recall_macro": 0.42538295732914005,
            "f1_macro": 0.39068331058169575,
            "precision_weighted": 0.5974164841214391,
            "recall_weighted": 0.5769230769230769,
            "f1_weighted": 0.48758443487840497,
            "training_time": 356.08090710639954,
            "benchmark_accuracy": 0.5928,
            "benchmark_precision_macro": 0.6374,
            "benchmark_recall_macro": 0.456,
            "benchmark_f1_macro": 0.4462
        }
    },
    "very_deep_extreme_lambda": {
        "(0.5, 0.3)": {
            "hyperparameters": {
                "lambda_global": 1.0,
                "lambda_local": 1.0,
                "hidden_dims": [
                    512,
                    256,
                    128,
                    64,
                    32
                ],
                "learning_rate": 0.001,
                "dropout": 0.3,
                "batch_size": 64
            },
            "accuracy": 0.5701357466063348,
            "precision_macro": 0.6012949039264829,
            "recall_macro": 0.41382978723404257,
            "f1_macro": 0.3725550435227854,
            "precision_weighted": 0.6411957495548828,
            "recall_weighted": 0.5701357466063348,
            "f1_weighted": 0.474071737876292,
            "training_time": 1.2185344696044922
        }
    }
}