ds,model,cls,grp,tight,L,G,method,seed,f1m,f1w,acc,ece,brier,flips,sat,sat_epoch,phase
aider,MobileNetV3,0,synth_group,L20_G20,20,20,danits_lp,1,0.7961,0.9003,0.9218,0.0134,0.0309,91.0,0.0,,expansion_aider_baselines
aider,MobileNetV3,0,synth_group,L20_G20,20,20,danits_lp,2,0.7967,0.9027,0.9244,0.0123,0.0225,83.0,0.0,,expansion_aider_baselines
aider,MobileNetV3,0,synth_group,L20_G20,20,20,danits_lp,3,0.8036,0.902,0.9235,0.0101,0.0206,83.0,0.0,,expansion_aider_baselines
aider,MobileNetV3,0,synth_group,L20_G20,20,20,danits_lp,4,0.813,0.9054,0.9269,0.0106,0.0207,81.0,0.0,,paperv2_phase1
aider,MobileNetV3,0,synth_group,L20_G20,20,20,fioretto_ldf,1,0.7789,0.8854,0.9067,0.0905,0.1815,7.0,1.0,30.0,paperv2_phase1
aider,MobileNetV3,0,synth_group,L20_G20,20,20,fioretto_ldf,2,0.7834,0.888,0.9092,0.0883,0.1762,8.0,1.0,19.0,paperv2_phase1
aider,MobileNetV3,0,synth_group,L20_G20,20,20,fioretto_ldf,3,0.7982,0.8971,0.9185,0.0748,0.1533,4.0,1.0,18.0,paperv2_phase1
aider,MobileNetV3,0,synth_group,L20_G20,20,20,fioretto_ldf,4,0.8034,0.8997,0.921,0.0775,0.1598,7.0,1.0,22.0,paperv2_phase1
aider,MobileNetV3,0,synth_group,L20_G20,20,20,heuristic,1,0.7961,0.9003,0.9218,0.0134,0.0309,91.0,0.0,,expansion_aider_baselines
aider,MobileNetV3,0,synth_group,L20_G20,20,20,heuristic,2,0.7977,0.9027,0.9244,0.0123,0.0225,83.0,0.0,,expansion_aider_baselines
aider,MobileNetV3,0,synth_group,L20_G20,20,20,heuristic,3,0.8007,0.902,0.9235,0.0101,0.0206,83.0,0.0,,expansion_aider_baselines
aider,MobileNetV3,0,synth_group,L20_G20,20,20,heuristic,4,0.813,0.9054,0.9269,0.0106,0.0207,81.0,0.0,,paperv2_phase1
aider,MobileNetV3,0,synth_group,L20_G20,20,20,hounie_rcl,1,0.7687,0.8805,0.9025,0.1027,0.2082,15.0,1.0,105.0,paperv2_phase1
aider,MobileNetV3,0,synth_group,L20_G20,20,20,hounie_rcl,2,0.7404,0.8671,0.8916,0.109,0.2248,18.0,1.0,48.0,paperv2_phase1
aider,MobileNetV3,0,synth_group,L20_G20,20,20,hounie_rcl,3,0.7875,0.8911,0.9134,0.0947,0.1913,18.0,1.0,50.0,paperv2_phase1
aider,MobileNetV3,0,synth_group,L20_G20,20,20,hounie_rcl,4,0.775,0.8827,0.9042,0.1027,0.2041,16.0,1.0,107.0,paperv2_phase1
aider,MobileNetV3,0,synth_group,L20_G20,20,20,tralo,1,0.7818,0.8871,0.9084,0.0858,0.1718,4.0,1.0,84.0,paperv2_phase1
aider,MobileNetV3,0,synth_group,L20_G20,20,20,tralo,2,0.7849,0.8888,0.9101,0.0831,0.1684,0.0,1.0,70.0,paperv2_phase1
aider,MobileNetV3,0,synth_group,L20_G20,20,20,tralo,3,0.7995,0.898,0.9193,0.0711,0.1445,1.0,1.0,71.0,paperv2_phase1
aider,MobileNetV3,0,synth_group,L20_G20,20,20,tralo,4,0.8052,0.9013,0.9227,0.0724,0.1496,0.0,1.0,77.0,paperv2_phase1
aider,MobileNetV3,0,synth_group,L20_G20,20,20,tralo_bounded,1,0.7789,0.8854,0.9067,0.0951,0.1909,9.0,1.0,84.0,paperv2_phase1
aider,MobileNetV3,0,synth_group,L20_G20,20,20,tralo_bounded,2,0.7864,0.8897,0.9109,0.0809,0.1657,0.0,1.0,70.0,paperv2_phase1
aider,MobileNetV3,0,synth_group,L20_G20,20,20,tralo_bounded,3,0.7982,0.8971,0.9185,0.0769,0.1571,6.0,1.0,71.0,paperv2_phase1
aider,MobileNetV3,0,synth_group,L20_G20,20,20,tralo_bounded,4,0.8034,0.8997,0.921,0.0794,0.1637,8.0,1.0,77.0,paperv2_phase1
aider,MobileNetV3,0,synth_group,L20_G50,20,50,danits_lp,1,0.7961,0.9003,0.9218,0.0134,0.0309,91.0,0.0,,expansion_aider_baselines
aider,MobileNetV3,0,synth_group,L20_G50,20,50,danits_lp,2,0.7967,0.9027,0.9244,0.0123,0.0225,83.0,0.0,,expansion_aider_baselines
aider,MobileNetV3,0,synth_group,L20_G50,20,50,danits_lp,3,0.8036,0.902,0.9235,0.0101,0.0206,83.0,0.0,,expansion_aider_baselines
aider,MobileNetV3,0,synth_group,L20_G50,20,50,heuristic,1,0.7961,0.9003,0.9218,0.0134,0.0309,91.0,0.0,,expansion_aider_baselines
aider,MobileNetV3,0,synth_group,L20_G50,20,50,heuristic,2,0.7977,0.9027,0.9244,0.0123,0.0225,83.0,0.0,,expansion_aider_baselines
aider,MobileNetV3,0,synth_group,L20_G50,20,50,heuristic,3,0.8007,0.902,0.9235,0.0101,0.0206,83.0,0.0,,expansion_aider_baselines
aider,MobileNetV3,0,synth_group,L30_G30,30,30,danits_lp,1,0.8331,0.9164,0.9311,0.0134,0.0309,80.0,0.0,,expansion_aider_baselines
aider,MobileNetV3,0,synth_group,L30_G30,30,30,danits_lp,2,0.8347,0.9188,0.9336,0.0123,0.0225,72.0,0.0,,expansion_aider_baselines
aider,MobileNetV3,0,synth_group,L30_G30,30,30,danits_lp,3,0.8396,0.9181,0.9328,0.0101,0.0206,72.0,0.0,,expansion_aider_baselines
aider,MobileNetV3,0,synth_group,L30_G30,30,30,danits_lp,4,0.8491,0.9215,0.9361,0.0106,0.0207,70.0,0.0,,paperv2_phase1
aider,MobileNetV3,0,synth_group,L30_G30,30,30,fioretto_ldf,1,0.8182,0.9039,0.9185,0.0832,0.1681,14.0,1.0,29.0,paperv2_phase1
aider,MobileNetV3,0,synth_group,L30_G30,30,30,fioretto_ldf,2,0.8257,0.9082,0.9227,0.0752,0.1552,7.0,1.0,18.0,paperv2_phase1
aider,MobileNetV3,0,synth_group,L30_G30,30,30,fioretto_ldf,3,0.8355,0.914,0.9286,0.0621,0.1313,3.0,1.0,17.0,paperv2_phase1
aider,MobileNetV3,0,synth_group,L30_G30,30,30,fioretto_ldf,4,0.8408,0.9165,0.9311,0.0676,0.1444,8.0,1.0,21.0,paperv2_phase1
aider,MobileNetV3,0,synth_group,L30_G30,30,30,heuristic,1,0.8321,0.9164,0.9311,0.0134,0.0309,80.0,0.0,,expansion_aider_baselines
aider,MobileNetV3,0,synth_group,L30_G30,30,30,heuristic,2,0.8337,0.9188,0.9336,0.0123,0.0225,72.0,0.0,,expansion_aider_baselines
aider,MobileNetV3,0,synth_group,L30_G30,30,30,heuristic,3,0.8396,0.9181,0.9328,0.0101,0.0206,72.0,0.0,,expansion_aider_baselines
aider,MobileNetV3,0,synth_group,L30_G30,30,30,heuristic,4,0.8501,0.9215,0.9361,0.0106,0.0207,70.0,0.0,,paperv2_phase1
aider,MobileNetV3,0,synth_group,L30_G30,30,30,hounie_rcl,1,0.8149,0.9014,0.916,0.1001,0.2004,23.0,1.0,109.0,paperv2_phase1
aider,MobileNetV3,0,synth_group,L30_G30,30,30,hounie_rcl,2,0.7828,0.8863,0.9034,0.1058,0.2185,28.0,1.0,49.0,paperv2_phase1
aider,MobileNetV3,0,synth_group,L30_G30,30,30,hounie_rcl,3,0.8256,0.9082,0.9235,0.0934,0.1873,29.0,1.0,51.0,paperv2_phase1
aider,MobileNetV3,0,synth_group,L30_G30,30,30,hounie_rcl,4,0.7979,0.8959,0.9134,0.0902,0.1859,26.0,1.0,81.0,paperv2_phase1
aider,MobileNetV3,0,synth_group,L30_G30,30,30,tralo,1,0.8409,0.9165,0.9311,0.0649,0.1367,5.0,1.0,77.0,
aider,MobileNetV3,0,synth_group,L30_G30,30,30,tralo,2,0.8271,0.909,0.9235,0.0718,0.1489,3.0,1.0,67.0,paperv2_phase1
aider,MobileNetV3,0,synth_group,L30_G30,30,30,tralo,3,0.8373,0.9156,0.9303,0.0586,0.1279,0.0,1.0,67.0,paperv2_phase1
aider,MobileNetV3,0,synth_group,L30_G30,30,30,tralo,4,0.8395,0.9157,0.9303,0.0648,0.1337,0.0,1.0,71.0,paperv2_phase1
aider,MobileNetV3,0,synth_group,L30_G30,30,30,tralo_bounded,1,0.8178,0.9031,0.9176,0.0823,0.1657,12.0,1.0,79.0,paperv2_phase1
aider,MobileNetV3,0,synth_group,L30_G30,30,30,tralo_bounded,2,0.8253,0.9073,0.9218,0.0786,0.1619,11.0,1.0,67.0,paperv2_phase1
aider,MobileNetV3,0,synth_group,L30_G30,30,30,tralo_bounded,3,0.837,0.9148,0.9294,0.0635,0.133,6.0,1.0,67.0,paperv2_phase1
aider,MobileNetV3,0,synth_group,L30_G30,30,30,tralo_bounded,4,0.8408,0.9165,0.9311,0.0648,0.1359,3.0,1.0,71.0,paperv2_phase1
aider,MobileNetV3,0,synth_group,L30_G80,30,80,danits_lp,1,0.8331,0.9164,0.9311,0.0134,0.0309,80.0,0.0,,expansion_aider_baselines
aider,MobileNetV3,0,synth_group,L30_G80,30,80,danits_lp,2,0.8347,0.9188,0.9336,0.0123,0.0225,72.0,0.0,,expansion_aider_baselines
aider,MobileNetV3,0,synth_group,L30_G80,30,80,danits_lp,3,0.8396,0.9181,0.9328,0.0101,0.0206,72.0,0.0,,expansion_aider_baselines
aider,MobileNetV3,0,synth_group,L30_G80,30,80,heuristic,1,0.8321,0.9164,0.9311,0.0134,0.0309,80.0,0.0,,expansion_aider_baselines
aider,MobileNetV3,0,synth_group,L30_G80,30,80,heuristic,2,0.8337,0.9188,0.9336,0.0123,0.0225,72.0,0.0,,expansion_aider_baselines
aider,MobileNetV3,0,synth_group,L30_G80,30,80,heuristic,3,0.8396,0.9181,0.9328,0.0101,0.0206,72.0,0.0,,expansion_aider_baselines
aider,MobileNetV3,0,synth_group,L50_G20,50,20,danits_lp,1,0.7961,0.9003,0.9218,0.0134,0.0309,91.0,0.0,,expansion_aider_baselines
aider,MobileNetV3,0,synth_group,L50_G20,50,20,danits_lp,2,0.7967,0.9027,0.9244,0.0123,0.0225,83.0,0.0,,expansion_aider_baselines
aider,MobileNetV3,0,synth_group,L50_G20,50,20,danits_lp,3,0.8036,0.902,0.9235,0.0101,0.0206,83.0,0.0,,expansion_aider_baselines
aider,MobileNetV3,0,synth_group,L50_G20,50,20,heuristic,1,0.7961,0.9003,0.9218,0.0134,0.0309,91.0,0.0,,expansion_aider_baselines
aider,MobileNetV3,0,synth_group,L50_G20,50,20,heuristic,2,0.7977,0.9027,0.9244,0.0123,0.0225,83.0,0.0,,expansion_aider_baselines
aider,MobileNetV3,0,synth_group,L50_G20,50,20,heuristic,3,0.8007,0.902,0.9235,0.0101,0.0206,83.0,0.0,,expansion_aider_baselines
aider,MobileNetV3,0,synth_group,L50_G50,50,50,danits_lp,1,0.8878,0.9414,0.9479,0.0134,0.0309,60.0,0.0,,expansion_aider_baselines
aider,MobileNetV3,0,synth_group,L50_G50,50,50,danits_lp,2,0.8895,0.9439,0.9504,0.0123,0.0225,52.0,0.0,,expansion_aider_baselines
aider,MobileNetV3,0,synth_group,L50_G50,50,50,danits_lp,3,0.8924,0.9431,0.9496,0.0101,0.0206,52.0,0.0,,expansion_aider_baselines
aider,MobileNetV3,0,synth_group,L50_G50,50,50,danits_lp,4,0.9029,0.9465,0.9529,0.0106,0.0207,50.0,0.0,,paperv2_phase1
aider,MobileNetV3,0,synth_group,L50_G50,50,50,fioretto_ldf,1,0.8797,0.9339,0.9403,0.0553,0.114,5.0,1.0,25.0,paperv2_phase1
aider,MobileNetV3,0,synth_group,L50_G50,50,50,fioretto_ldf,2,0.8813,0.9347,0.9412,0.0546,0.1131,6.0,1.0,16.0,paperv2_phase1
aider,MobileNetV3,0,synth_group,L50_G50,50,50,fioretto_ldf,3,0.8887,0.9398,0.9462,0.0522,0.1113,12.0,1.0,15.0,paperv2_phase1
aider,MobileNetV3,0,synth_group,L50_G50,50,50,fioretto_ldf,4,0.8925,0.9415,0.9479,0.0543,0.1142,12.0,1.0,19.0,paperv2_phase1
aider,MobileNetV3,0,synth_group,L50_G50,50,50,heuristic,1,0.8878,0.9414,0.9479,0.0134,0.0309,60.0,0.0,,expansion_aider_baselines
aider,MobileNetV3,0,synth_group,L50_G50,50,50,heuristic,2,0.8895,0.9439,0.9504,0.0123,0.0225,52.0,0.0,,expansion_aider_baselines
aider,MobileNetV3,0,synth_group,L50_G50,50,50,heuristic,3,0.8924,0.9431,0.9496,0.0101,0.0206,52.0,0.0,,expansion_aider_baselines
aider,MobileNetV3,0,synth_group,L50_G50,50,50,heuristic,4,0.9029,0.9465,0.9529,0.0106,0.0207,50.0,0.0,,paperv2_phase1
aider,MobileNetV3,0,synth_group,L50_G50,50,50,hounie_rcl,1,0.8735,0.9296,0.9361,0.0768,0.1574,28.0,1.0,120.0,paperv2_phase1
aider,MobileNetV3,0,synth_group,L50_G50,50,50,hounie_rcl,2,0.835,0.9115,0.9202,0.0969,0.1982,43.0,1.0,52.0,paperv2_phase1
aider,MobileNetV3,0,synth_group,L50_G50,50,50,hounie_rcl,3,0.8819,0.9343,0.9412,0.0852,0.1698,42.0,1.0,54.0,paperv2_phase1
aider,MobileNetV3,0,synth_group,L50_G50,50,50,hounie_rcl,4,0.8721,0.9309,0.9387,0.0773,0.1602,38.0,1.0,89.0,paperv2_phase1
aider,MobileNetV3,0,synth_group,L50_G50,50,50,tralo,1,0.8811,0.9347,0.9412,0.0509,0.1026,0.0,1.0,74.0,paperv2_phase1
aider,MobileNetV3,0,synth_group,L50_G50,50,50,tralo,2,0.8855,0.9373,0.9437,0.0495,0.1043,0.0,1.0,65.0,paperv2_phase1
aider,MobileNetV3,0,synth_group,L50_G50,50,50,tralo,3,0.8887,0.9398,0.9462,0.0466,0.0976,0.0,1.0,64.0,paperv2_phase1
aider,MobileNetV3,0,synth_group,L50_G50,50,50,tralo,4,0.8915,0.9414,0.9479,0.0472,0.0956,0.0,1.0,69.0,paperv2_phase1
aider,MobileNetV3,0,synth_group,L50_G50,50,50,tralo_bounded,1,0.8783,0.933,0.9395,0.0569,0.1188,7.0,1.0,74.0,paperv2_phase1
aider,MobileNetV3,0,synth_group,L50_G50,50,50,tralo_bounded,2,0.8841,0.9364,0.9429,0.0516,0.1092,5.0,0.0,,paperv2_phase1
aider,MobileNetV3,0,synth_group,L50_G50,50,50,tralo_bounded,3,0.8901,0.9406,0.9471,0.053,0.1106,14.0,1.0,64.0,paperv2_phase1
aider,MobileNetV3,0,synth_group,L50_G50,50,50,tralo_bounded,4,0.8922,0.9406,0.9471,0.0515,0.1061,7.0,0.0,,paperv2_phase1
aider,MobileNetV3,0,synth_group,L70_G70,70,70,danits_lp,1,0.9311,0.9627,0.9647,0.0134,0.0309,40.0,0.0,,expansion_aider_baselines
aider,MobileNetV3,0,synth_group,L70_G70,70,70,danits_lp,2,0.9337,0.9651,0.9672,0.0123,0.0225,32.0,0.0,,expansion_aider_baselines
aider,MobileNetV3,0,synth_group,L70_G70,70,70,danits_lp,3,0.9337,0.9643,0.9664,0.0101,0.0206,32.0,0.0,,expansion_aider_baselines
aider,MobileNetV3,0,synth_group,L70_G70,70,70,danits_lp,4,0.9441,0.9677,0.9697,0.0106,0.0207,30.0,0.0,,paperv2_phase1
aider,MobileNetV3,0,synth_group,L70_G70,70,70,fioretto_ldf,1,0.9249,0.9567,0.9588,0.0324,0.0742,3.0,1.0,22.0,paperv2_phase1
aider,MobileNetV3,0,synth_group,L70_G70,70,70,fioretto_ldf,2,0.9261,0.9592,0.9613,0.0354,0.0743,3.0,1.0,14.0,paperv2_phase1
aider,MobileNetV3,0,synth_group,L70_G70,70,70,fioretto_ldf,3,0.9348,0.9626,0.9647,0.0296,0.0602,1.0,1.0,13.0,paperv2_phase1
aider,MobileNetV3,0,synth_group,L70_G70,70,70,fioretto_ldf,4,0.9349,0.9626,0.9647,0.0279,0.0634,2.0,1.0,16.0,paperv2_phase1
aider,MobileNetV3,0,synth_group,L70_G70,70,70,heuristic,1,0.9311,0.9627,0.9647,0.0134,0.0309,40.0,0.0,,expansion_aider_baselines
aider,MobileNetV3,0,synth_group,L70_G70,70,70,heuristic,2,0.9337,0.9651,0.9672,0.0123,0.0225,32.0,0.0,,expansion_aider_baselines
aider,MobileNetV3,0,synth_group,L70_G70,70,70,heuristic,3,0.9337,0.9643,0.9664,0.0101,0.0206,32.0,0.0,,expansion_aider_baselines
aider,MobileNetV3,0,synth_group,L70_G70,70,70,heuristic,4,0.9441,0.9677,0.9697,0.0106,0.0207,30.0,0.0,,paperv2_phase1
aider,MobileNetV3,0,synth_group,L70_G70,70,70,hounie_rcl,1,0.9205,0.9541,0.9563,0.055,0.1113,26.0,1.0,145.0,paperv2_phase1
aider,MobileNetV3,0,synth_group,L70_G70,70,70,hounie_rcl,2,0.9206,0.9541,0.9563,0.0621,0.1292,33.0,1.0,57.0,paperv2_phase1
aider,MobileNetV3,0,synth_group,L70_G70,70,70,hounie_rcl,3,0.9299,0.9591,0.9613,0.0536,0.1153,34.0,1.0,60.0,paperv2_phase1
aider,MobileNetV3,0,synth_group,L70_G70,70,70,hounie_rcl,4,0.9358,0.9626,0.9647,0.0503,0.105,29.0,1.0,105.0,paperv2_phase1
aider,MobileNetV3,0,synth_group,L70_G70,70,70,tralo,1,0.9292,0.9593,0.9613,0.0333,0.0681,0.0,1.0,72.0,paperv2_phase1
aider,MobileNetV3,0,synth_group,L70_G70,70,70,tralo,2,0.9261,0.9592,0.9613,0.0337,0.0733,2.0,1.0,63.0,paperv2_phase1
aider,MobileNetV3,0,synth_group,L70_G70,70,70,tralo,3,0.9362,0.9635,0.9655,0.0268,0.0597,0.0,1.0,62.0,paperv2_phase1
aider,MobileNetV3,0,synth_group,L70_G70,70,70,tralo,4,0.9363,0.9635,0.9655,0.0283,0.0596,0.0,1.0,66.0,paperv2_phase1
aider,MobileNetV3,0,synth_group,L70_G70,70,70,tralo_bounded,1,0.9249,0.9567,0.9588,0.0327,0.0708,3.0,0.0,,paperv2_phase1
aider,MobileNetV3,0,synth_group,L70_G70,70,70,tralo_bounded,2,0.9281,0.9592,0.9613,0.0381,0.0811,8.0,1.0,63.0,paperv2_phase1
aider,MobileNetV3,0,synth_group,L70_G70,70,70,tralo_bounded,3,0.9348,0.9626,0.9647,0.0305,0.0614,2.0,1.0,62.0,paperv2_phase1
aider,MobileNetV3,0,synth_group,L70_G70,70,70,tralo_bounded,4,0.9349,0.9626,0.9647,0.0352,0.0735,10.0,1.0,66.0,paperv2_phase1
aider,MobileNetV3,0,synth_group,L80_G30,80,30,danits_lp,1,0.8331,0.9164,0.9311,0.0134,0.0309,80.0,0.0,,expansion_aider_baselines
aider,MobileNetV3,0,synth_group,L80_G30,80,30,danits_lp,2,0.8347,0.9188,0.9336,0.0123,0.0225,72.0,0.0,,expansion_aider_baselines
aider,MobileNetV3,0,synth_group,L80_G30,80,30,danits_lp,3,0.8396,0.9181,0.9328,0.0101,0.0206,72.0,0.0,,expansion_aider_baselines
aider,MobileNetV3,0,synth_group,L80_G30,80,30,heuristic,1,0.8321,0.9164,0.9311,0.0134,0.0309,80.0,0.0,,expansion_aider_baselines
aider,MobileNetV3,0,synth_group,L80_G30,80,30,heuristic,2,0.8337,0.9188,0.9336,0.0123,0.0225,72.0,0.0,,expansion_aider_baselines
aider,MobileNetV3,0,synth_group,L80_G30,80,30,heuristic,3,0.8396,0.9181,0.9328,0.0101,0.0206,72.0,0.0,,expansion_aider_baselines
aider,MobileNetV3,0,synth_group,L80_G80,80,80,danits_lp,1,0.9522,0.9732,0.9739,0.0134,0.0309,29.0,0.0,,expansion_aider_baselines
aider,MobileNetV3,0,synth_group,L80_G80,80,80,danits_lp,2,0.9549,0.9756,0.9765,0.0123,0.0225,21.0,0.0,,expansion_aider_baselines
aider,MobileNetV3,0,synth_group,L80_G80,80,80,danits_lp,3,0.9548,0.9748,0.9756,0.0101,0.0206,21.0,0.0,,expansion_aider_baselines
aider,MobileNetV3,0,synth_group,L80_G80,80,80,danits_lp,4,0.9633,0.9782,0.979,0.0106,0.0207,19.0,0.0,,paperv2_phase1
aider,MobileNetV3,0,synth_group,L80_G80,80,80,fioretto_ldf,1,0.9494,0.9697,0.9706,0.0261,0.0569,6.0,1.0,20.0,paperv2_phase1
aider,MobileNetV3,0,synth_group,L80_G80,80,80,fioretto_ldf,2,0.9497,0.9706,0.9714,0.0292,0.0607,7.0,1.0,13.0,paperv2_phase1
aider,MobileNetV3,0,synth_group,L80_G80,80,80,fioretto_ldf,3,0.9567,0.9748,0.9756,0.0219,0.0482,3.0,1.0,12.0,paperv2_phase1
aider,MobileNetV3,0,synth_group,L80_G80,80,80,fioretto_ldf,4,0.9564,0.974,0.9748,0.0221,0.0511,5.0,1.0,15.0,paperv2_phase1
aider,MobileNetV3,0,synth_group,L80_G80,80,80,heuristic,1,0.9522,0.9732,0.9739,0.0134,0.0309,29.0,0.0,,expansion_aider_baselines
aider,MobileNetV3,0,synth_group,L80_G80,80,80,heuristic,2,0.9549,0.9756,0.9765,0.0123,0.0225,21.0,0.0,,expansion_aider_baselines
aider,MobileNetV3,0,synth_group,L80_G80,80,80,heuristic,3,0.9548,0.9748,0.9756,0.0101,0.0206,21.0,0.0,,expansion_aider_baselines
aider,MobileNetV3,0,synth_group,L80_G80,80,80,heuristic,4,0.9633,0.9782,0.979,0.0106,0.0207,19.0,0.0,,paperv2_phase1
aider,MobileNetV3,0,synth_group,L80_G80,80,80,hounie_rcl,1,0.948,0.9689,0.9697,0.0287,0.0621,8.0,1.0,172.0,paperv2_phase1
aider,MobileNetV3,0,synth_group,L80_G80,80,80,hounie_rcl,2,0.9398,0.9653,0.9664,0.0431,0.0932,24.0,1.0,65.0,paperv2_phase1
aider,MobileNetV3,0,synth_group,L80_G80,80,80,hounie_rcl,3,0.9536,0.9723,0.9731,0.0313,0.0695,16.0,1.0,65.0,paperv2_phase1
aider,MobileNetV3,0,synth_group,L80_G80,80,80,hounie_rcl,4,0.9479,0.9696,0.9706,0.0324,0.0707,19.0,1.0,126.0,paperv2_phase1
aider,MobileNetV3,0,synth_group,L80_G80,80,80,tralo,1,0.9498,0.9706,0.9714,0.0246,0.0503,1.0,1.0,72.0,paperv2_phase1
aider,MobileNetV3,0,synth_group,L80_G80,80,80,tralo,2,0.9497,0.9706,0.9714,0.0266,0.054,0.0,1.0,62.0,paperv2_phase1
aider,MobileNetV3,0,synth_group,L80_G80,80,80,tralo,3,0.957,0.9757,0.9765,0.0208,0.0437,0.0,1.0,61.0,paperv2_phase1
aider,MobileNetV3,0,synth_group,L80_G80,80,80,tralo,4,0.9568,0.9748,0.9756,0.0211,0.0431,1.0,1.0,66.0,paperv2_phase1
aider,MobileNetV3,0,synth_group,L80_G80,80,80,tralo_bounded,1,0.9494,0.9697,0.9706,0.026,0.0564,5.0,0.0,,paperv2_phase1
aider,MobileNetV3,0,synth_group,L80_G80,80,80,tralo_bounded,2,0.9483,0.9697,0.9706,0.0278,0.0576,4.0,1.0,62.0,paperv2_phase1
aider,MobileNetV3,0,synth_group,L80_G80,80,80,tralo_bounded,3,0.9567,0.9748,0.9756,0.0201,0.0454,1.0,1.0,61.0,paperv2_phase1
aider,MobileNetV3,0,synth_group,L80_G80,80,80,tralo_bounded,4,0.9564,0.974,0.9748,0.0231,0.0492,5.0,1.0,66.0,paperv2_phase1
dermmnist,EfficientNetB0,4,loc_group,L20_G20,20,20,danits_lp,1,0.7182,0.8136,0.8392,0.0995,0.218,100.0,0.0,,paperv2_phase3
dermmnist,EfficientNetB0,4,loc_group,L20_G20,20,20,danits_lp,2,0.7232,0.8208,0.8452,0.0834,0.199,204.0,0.0,,paperv2_phase3
dermmnist,EfficientNetB0,4,loc_group,L20_G20,20,20,danits_lp,3,0.7165,0.8232,0.8482,0.0757,0.1925,161.0,0.0,,paperv2_phase3
dermmnist,EfficientNetB0,4,loc_group,L20_G20,20,20,danits_lp,4,0.7504,0.8224,0.8487,0.0791,0.1901,158.0,0.0,,paperv2_phase3
dermmnist,EfficientNetB0,4,loc_group,L20_G20,20,20,fioretto_ldf,1,0.7246,0.8146,0.8402,0.1372,0.2897,14.0,0.0,,paperv2_phase3
dermmnist,EfficientNetB0,4,loc_group,L20_G20,20,20,fioretto_ldf,2,0.7194,0.8068,0.8347,0.145,0.3068,9.0,1.0,31.0,paperv2_phase3
dermmnist,EfficientNetB0,4,loc_group,L20_G20,20,20,fioretto_ldf,3,0.7272,0.8147,0.8417,0.1385,0.2981,13.0,1.0,23.0,paperv2_phase3
dermmnist,EfficientNetB0,4,loc_group,L20_G20,20,20,fioretto_ldf,4,0.7445,0.8221,0.8477,0.1259,0.2732,6.0,1.0,21.0,paperv2_phase3
dermmnist,EfficientNetB0,4,loc_group,L20_G20,20,20,heuristic,1,0.7165,0.8128,0.8387,0.0995,0.218,100.0,0.0,,paperv2_phase3
dermmnist,EfficientNetB0,4,loc_group,L20_G20,20,20,heuristic,2,0.7228,0.8207,0.8452,0.0834,0.199,204.0,0.0,,paperv2_phase3
dermmnist,EfficientNetB0,4,loc_group,L20_G20,20,20,heuristic,3,0.7165,0.8232,0.8482,0.0757,0.1925,161.0,0.0,,paperv2_phase3
dermmnist,EfficientNetB0,4,loc_group,L20_G20,20,20,heuristic,4,0.7504,0.8224,0.8487,0.0791,0.1901,158.0,0.0,,paperv2_phase3
dermmnist,EfficientNetB0,4,loc_group,L20_G20,20,20,hounie_rcl,1,0.7165,0.8161,0.8402,0.1378,0.297,19.0,1.0,73.0,paperv2_phase3
dermmnist,EfficientNetB0,4,loc_group,L20_G20,20,20,hounie_rcl,2,0.7184,0.8051,0.8328,0.1482,0.3131,13.0,1.0,75.0,paperv2_phase3
dermmnist,EfficientNetB0,4,loc_group,L20_G20,20,20,hounie_rcl,3,0.722,0.8206,0.8457,0.1319,0.2873,9.0,1.0,64.0,paperv2_phase3
dermmnist,EfficientNetB0,4,loc_group,L20_G20,20,20,hounie_rcl,4,0.7416,0.8182,0.8457,0.1305,0.2829,14.0,1.0,70.0,paperv2_phase3
dermmnist,EfficientNetB0,4,loc_group,L20_G20,20,20,tralo,1,0.7303,0.8159,0.8412,0.1302,0.279,0.0,1.0,75.0,paperv2_phase3
dermmnist,EfficientNetB0,4,loc_group,L20_G20,20,20,tralo,2,0.7202,0.8104,0.8377,0.1381,0.2913,1.0,1.0,82.0,paperv2_phase3
dermmnist,EfficientNetB0,4,loc_group,L20_G20,20,20,tralo,3,0.7275,0.8195,0.8457,0.1302,0.2804,2.0,1.0,73.0,paperv2_phase3
dermmnist,EfficientNetB0,4,loc_group,L20_G20,20,20,tralo,4,0.7464,0.8243,0.8492,0.1243,0.2683,1.0,1.0,71.0,paperv2_phase3
dermmnist,EfficientNetB0,4,loc_group,L20_G20,20,20,tralo_bounded,1,0.7254,0.8158,0.8407,0.1372,0.2912,14.0,1.0,74.0,paperv2_phase3
dermmnist,EfficientNetB0,4,loc_group,L20_G20,20,20,tralo_bounded,2,0.7205,0.8081,0.8357,0.1424,0.302,7.0,1.0,82.0,paperv2_phase3
dermmnist,EfficientNetB0,4,loc_group,L20_G20,20,20,tralo_bounded,3,0.7256,0.8149,0.8417,0.1387,0.2956,13.0,1.0,73.0,paperv2_phase3
dermmnist,EfficientNetB0,4,loc_group,L20_G20,20,20,tralo_bounded,4,0.7438,0.8227,0.8477,0.1288,0.2775,11.0,1.0,71.0,paperv2_phase3
dermmnist,EfficientNetB0,4,loc_group,L30_G30,30,30,danits_lp,1,0.7385,0.8309,0.8492,0.0995,0.218,78.0,0.0,,paperv2_phase3
dermmnist,EfficientNetB0,4,loc_group,L30_G30,30,30,danits_lp,2,0.7447,0.8385,0.8557,0.0834,0.199,182.0,0.0,,paperv2_phase3
dermmnist,EfficientNetB0,4,loc_group,L30_G30,30,30,danits_lp,3,0.7353,0.8371,0.8552,0.0757,0.1925,139.0,0.0,,paperv2_phase3
dermmnist,EfficientNetB0,4,loc_group,L30_G30,30,30,danits_lp,4,0.7698,0.8396,0.8587,0.0791,0.1901,136.0,0.0,,paperv2_phase3
dermmnist,EfficientNetB0,4,loc_group,L30_G30,30,30,fioretto_ldf,1,0.7503,0.8327,0.8507,0.1228,0.2627,6.0,1.0,19.0,paperv2_phase3
dermmnist,EfficientNetB0,4,loc_group,L30_G30,30,30,fioretto_ldf,2,0.7379,0.8279,0.8482,0.126,0.274,5.0,0.0,,paperv2_phase3
dermmnist,EfficientNetB0,4,loc_group,L30_G30,30,30,fioretto_ldf,3,0.7442,0.8314,0.8512,0.1305,0.2787,19.0,1.0,20.0,paperv2_phase3
dermmnist,EfficientNetB0,4,loc_group,L30_G30,30,30,fioretto_ldf,4,0.7709,0.8416,0.8597,0.1147,0.2523,6.0,1.0,17.0,paperv2_phase3
dermmnist,EfficientNetB0,4,loc_group,L30_G30,30,30,heuristic,1,0.7385,0.8309,0.8492,0.0995,0.218,78.0,0.0,,paperv2_phase3
dermmnist,EfficientNetB0,4,loc_group,L30_G30,30,30,heuristic,2,0.744,0.8386,0.8557,0.0834,0.199,182.0,0.0,,paperv2_phase3
dermmnist,EfficientNetB0,4,loc_group,L30_G30,30,30,heuristic,3,0.7365,0.8385,0.8562,0.0757,0.1925,139.0,0.0,,paperv2_phase3
dermmnist,EfficientNetB0,4,loc_group,L30_G30,30,30,heuristic,4,0.7698,0.8396,0.8587,0.0791,0.1901,136.0,0.0,,paperv2_phase3
dermmnist,EfficientNetB0,4,loc_group,L30_G30,30,30,hounie_rcl,1,0.749,0.8348,0.8522,0.1261,0.2721,19.0,1.0,68.0,paperv2_phase3
dermmnist,EfficientNetB0,4,loc_group,L30_G30,30,30,hounie_rcl,2,0.7386,0.8264,0.8467,0.1359,0.2886,23.0,1.0,81.0,paperv2_phase3
dermmnist,EfficientNetB0,4,loc_group,L30_G30,30,30,hounie_rcl,3,0.7461,0.8361,0.8552,0.1237,0.2702,14.0,1.0,59.0,paperv2_phase3
dermmnist,EfficientNetB0,4,loc_group,L30_G30,30,30,hounie_rcl,4,0.7748,0.8423,0.8602,0.1187,0.2547,11.0,1.0,59.0,paperv2_phase3
dermmnist,EfficientNetB0,4,loc_group,L30_G30,30,30,tralo,1,0.7466,0.8341,0.8517,0.1196,0.2591,1.0,1.0,70.0,paperv2_phase3
dermmnist,EfficientNetB0,4,loc_group,L30_G30,30,30,tralo,2,0.7354,0.8291,0.8492,0.1257,0.2712,0.0,1.0,79.0,paperv2_phase3
dermmnist,EfficientNetB0,4,loc_group,L30_G30,30,30,tralo,3,0.7426,0.8357,0.8547,0.12,0.2576,4.0,1.0,70.0,paperv2_phase3
dermmnist,EfficientNetB0,4,loc_group,L30_G30,30,30,tralo,4,0.7723,0.8427,0.8607,0.1099,0.2461,1.0,1.0,68.0,paperv2_phase3
dermmnist,EfficientNetB0,4,loc_group,L30_G30,30,30,tralo_bounded,1,0.7498,0.8346,0.8522,0.1192,0.2596,6.0,0.0,,paperv2_phase3
dermmnist,EfficientNetB0,4,loc_group,L30_G30,30,30,tralo_bounded,2,0.7384,0.8276,0.8477,0.1279,0.2772,8.0,0.0,,paperv2_phase3
dermmnist,EfficientNetB0,4,loc_group,L30_G30,30,30,tralo_bounded,3,0.7451,0.8339,0.8532,0.1249,0.269,11.0,1.0,70.0,paperv2_phase3
dermmnist,EfficientNetB0,4,loc_group,L30_G30,30,30,tralo_bounded,4,0.7728,0.8417,0.8597,0.1163,0.2573,16.0,1.0,68.0,paperv2_phase3
dermmnist,EfficientNetB0,4,loc_group,L50_G50,50,50,danits_lp,1,0.7696,0.8561,0.8652,0.0995,0.218,34.0,0.0,,paperv2_phase3
dermmnist,EfficientNetB0,4,loc_group,L50_G50,50,50,danits_lp,2,0.7806,0.8661,0.8742,0.0834,0.199,138.0,0.0,,paperv2_phase3
dermmnist,EfficientNetB0,4,loc_group,L50_G50,50,50,danits_lp,3,0.7666,0.8624,0.8712,0.0757,0.1925,95.0,0.0,,paperv2_phase3
dermmnist,EfficientNetB0,4,loc_group,L50_G50,50,50,danits_lp,4,0.7934,0.8619,0.8722,0.0791,0.1901,92.0,0.0,,paperv2_phase3
dermmnist,EfficientNetB0,4,loc_group,L50_G50,50,50,fioretto_ldf,1,0.7678,0.8587,0.8677,0.1032,0.2288,2.0,0.0,,paperv2_phase3
dermmnist,EfficientNetB0,4,loc_group,L50_G50,50,50,fioretto_ldf,2,0.7632,0.8565,0.8677,0.109,0.2344,11.0,1.0,20.0,paperv2_phase3
dermmnist,EfficientNetB0,4,loc_group,L50_G50,50,50,fioretto_ldf,3,0.7735,0.8624,0.8722,0.1075,0.2374,17.0,0.0,,paperv2_phase3
dermmnist,EfficientNetB0,4,loc_group,L50_G50,50,50,fioretto_ldf,4,0.7944,0.8662,0.8757,0.1021,0.2263,15.0,1.0,14.0,paperv2_phase3
dermmnist,EfficientNetB0,4,loc_group,L50_G50,50,50,heuristic,1,0.7696,0.8561,0.8652,0.0995,0.218,34.0,0.0,,paperv2_phase3
dermmnist,EfficientNetB0,4,loc_group,L50_G50,50,50,heuristic,2,0.7804,0.8661,0.8742,0.0834,0.199,138.0,0.0,,paperv2_phase3
dermmnist,EfficientNetB0,4,loc_group,L50_G50,50,50,heuristic,3,0.765,0.8613,0.8702,0.0757,0.1925,95.0,0.0,,paperv2_phase3
dermmnist,EfficientNetB0,4,loc_group,L50_G50,50,50,heuristic,4,0.7934,0.8619,0.8722,0.0791,0.1901,92.0,0.0,,paperv2_phase3
dermmnist,EfficientNetB0,4,loc_group,L50_G50,50,50,hounie_rcl,1,0.7683,0.8592,0.8682,0.1075,0.2349,13.0,1.0,61.0,paperv2_phase3
dermmnist,EfficientNetB0,4,loc_group,L50_G50,50,50,hounie_rcl,2,0.7592,0.8548,0.8662,0.1098,0.239,17.0,1.0,67.0,paperv2_phase3
dermmnist,EfficientNetB0,4,loc_group,L50_G50,50,50,hounie_rcl,3,0.7788,0.8641,0.8737,0.1084,0.2397,21.0,1.0,54.0,paperv2_phase3
dermmnist,EfficientNetB0,4,loc_group,L50_G50,50,50,hounie_rcl,4,0.7935,0.8644,0.8742,0.1017,0.2309,23.0,1.0,62.0,paperv2_phase3
dermmnist,EfficientNetB0,4,loc_group,L50_G50,50,50,tralo,1,0.7617,0.8575,0.8667,0.1102,0.2332,0.0,1.0,64.0,paperv2_phase3
dermmnist,EfficientNetB0,4,loc_group,L50_G50,50,50,tralo,2,0.7599,0.8549,0.8662,0.1087,0.2361,14.0,1.0,70.0,paperv2_phase3
dermmnist,EfficientNetB0,4,loc_group,L50_G50,50,50,tralo,3,0.7779,0.8651,0.8742,0.102,0.2217,3.0,1.0,66.0,paperv2_phase3
dermmnist,EfficientNetB0,4,loc_group,L50_G50,50,50,tralo,4,0.7922,0.8655,0.8747,0.0965,0.2163,4.0,1.0,65.0,paperv2_phase3
dermmnist,EfficientNetB0,4,loc_group,L50_G50,50,50,tralo_bounded,1,0.7611,0.8571,0.8662,0.1069,0.2321,5.0,1.0,64.0,paperv2_phase3
dermmnist,EfficientNetB0,4,loc_group,L50_G50,50,50,tralo_bounded,2,0.7641,0.8571,0.8682,0.1074,0.2329,10.0,1.0,70.0,paperv2_phase3
dermmnist,EfficientNetB0,4,loc_group,L50_G50,50,50,tralo_bounded,3,0.7761,0.8648,0.8742,0.1057,0.2351,15.0,0.0,,paperv2_phase3
dermmnist,EfficientNetB0,4,loc_group,L50_G50,50,50,tralo_bounded,4,0.7977,0.8674,0.8767,0.1008,0.2248,15.0,0.0,,paperv2_phase3
dermmnist,EfficientNetB0,4,loc_group,L70_G70,70,70,danits_lp,1,0.7801,0.8629,0.8692,0.0995,0.218,0.0,1.0,,paperv2_phase3
dermmnist,EfficientNetB0,4,loc_group,L70_G70,70,70,danits_lp,2,0.7927,0.8764,0.8807,0.0834,0.199,93.0,0.0,,paperv2_phase3
dermmnist,EfficientNetB0,4,loc_group,L70_G70,70,70,danits_lp,3,0.7833,0.8751,0.8792,0.0757,0.1925,50.0,0.0,,paperv2_phase3
dermmnist,EfficientNetB0,4,loc_group,L70_G70,70,70,danits_lp,4,0.8075,0.8755,0.8812,0.0791,0.1901,47.0,0.0,,paperv2_phase3
dermmnist,EfficientNetB0,4,loc_group,L70_G70,70,70,fioretto_ldf,1,0.7895,0.872,0.8767,0.0974,0.2137,11.0,1.0,8.0,paperv2_phase3
dermmnist,EfficientNetB0,4,loc_group,L70_G70,70,70,fioretto_ldf,2,0.7857,0.8766,0.8822,0.0923,0.206,17.0,1.0,13.0,paperv2_phase3
dermmnist,EfficientNetB0,4,loc_group,L70_G70,70,70,fioretto_ldf,3,0.7929,0.8788,0.8837,0.0882,0.2041,16.0,1.0,9.0,paperv2_phase3
dermmnist,EfficientNetB0,4,loc_group,L70_G70,70,70,fioretto_ldf,4,0.8128,0.8814,0.8862,0.0854,0.1991,21.0,1.0,8.0,paperv2_phase3
dermmnist,EfficientNetB0,4,loc_group,L70_G70,70,70,heuristic,1,0.7864,0.8691,0.8742,0.0995,0.218,11.0,1.0,,paperv2_phase3
dermmnist,EfficientNetB0,4,loc_group,L70_G70,70,70,heuristic,2,0.7927,0.8764,0.8807,0.0834,0.199,93.0,0.0,,paperv2_phase3
dermmnist,EfficientNetB0,4,loc_group,L70_G70,70,70,heuristic,3,0.7825,0.8745,0.8787,0.0757,0.1925,50.0,0.0,,paperv2_phase3
dermmnist,EfficientNetB0,4,loc_group,L70_G70,70,70,heuristic,4,0.8075,0.8755,0.8812,0.0791,0.1901,47.0,0.0,,paperv2_phase3
dermmnist,EfficientNetB0,4,loc_group,L70_G70,70,70,hounie_rcl,1,0.7895,0.872,0.8767,0.0974,0.214,11.0,1.0,58.0,paperv2_phase3
dermmnist,EfficientNetB0,4,loc_group,L70_G70,70,70,hounie_rcl,2,0.7756,0.8724,0.8782,0.0933,0.2085,18.0,1.0,56.0,paperv2_phase3
dermmnist,EfficientNetB0,4,loc_group,L70_G70,70,70,hounie_rcl,3,0.7922,0.8788,0.8837,0.0871,0.2036,15.0,1.0,39.0,paperv2_phase3
dermmnist,EfficientNetB0,4,loc_group,L70_G70,70,70,hounie_rcl,4,0.8158,0.883,0.8877,0.0833,0.1957,13.0,1.0,51.0,paperv2_phase3
dermmnist,EfficientNetB0,4,loc_group,L70_G70,70,70,tralo,1,0.7898,0.8716,0.8767,0.0954,0.2131,6.0,1.0,58.0,paperv2_phase3
dermmnist,EfficientNetB0,4,loc_group,L70_G70,70,70,tralo,2,0.7834,0.8743,0.8802,0.0912,0.2048,4.0,1.0,63.0,paperv2_phase3
dermmnist,EfficientNetB0,4,loc_group,L70_G70,70,70,tralo,3,0.7924,0.8778,0.8827,0.0865,0.2017,7.0,1.0,58.0,paperv2_phase3
dermmnist,EfficientNetB0,4,loc_group,L70_G70,70,70,tralo,4,0.814,0.8828,0.8882,0.0836,0.1939,4.0,1.0,58.0,paperv2_phase3
dermmnist,EfficientNetB0,4,loc_group,L70_G70,70,70,tralo_bounded,1,0.7883,0.8709,0.8757,0.097,0.2135,10.0,1.0,58.0,paperv2_phase3
dermmnist,EfficientNetB0,4,loc_group,L70_G70,70,70,tralo_bounded,2,0.7857,0.8766,0.8822,0.0915,0.2058,13.0,1.0,63.0,paperv2_phase3
dermmnist,EfficientNetB0,4,loc_group,L70_G70,70,70,tralo_bounded,3,0.7922,0.8788,0.8837,0.0872,0.2033,13.0,1.0,58.0,paperv2_phase3
dermmnist,EfficientNetB0,4,loc_group,L70_G70,70,70,tralo_bounded,4,0.8151,0.8825,0.8872,0.0852,0.1985,19.0,1.0,58.0,paperv2_phase3
dermmnist,EfficientNetB0,4,loc_group,L80_G80,80,80,danits_lp,1,0.7801,0.8629,0.8692,0.0995,0.218,0.0,1.0,,paperv2_phase3
dermmnist,EfficientNetB0,4,loc_group,L80_G80,80,80,danits_lp,2,0.7986,0.8802,0.8832,0.0834,0.199,71.0,0.0,,paperv2_phase3
dermmnist,EfficientNetB0,4,loc_group,L80_G80,80,80,danits_lp,3,0.791,0.8828,0.8852,0.0757,0.1925,28.0,0.0,,paperv2_phase3
dermmnist,EfficientNetB0,4,loc_group,L80_G80,80,80,danits_lp,4,0.8062,0.8791,0.8837,0.0791,0.1901,29.0,0.0,,paperv2_phase3
dermmnist,EfficientNetB0,4,loc_group,L80_G80,80,80,fioretto_ldf,1,0.7918,0.8762,0.8797,0.0908,0.2096,8.0,1.0,5.0,paperv2_phase3
dermmnist,EfficientNetB0,4,loc_group,L80_G80,80,80,fioretto_ldf,2,0.7831,0.8769,0.8812,0.0891,0.1975,13.0,1.0,10.0,paperv2_phase3
dermmnist,EfficientNetB0,4,loc_group,L80_G80,80,80,fioretto_ldf,3,0.7957,0.8821,0.8857,0.0818,0.1969,15.0,1.0,7.0,paperv2_phase3
dermmnist,EfficientNetB0,4,loc_group,L80_G80,80,80,fioretto_ldf,4,0.8114,0.8858,0.8892,0.0816,0.192,22.0,1.0,7.0,paperv2_phase3
dermmnist,EfficientNetB0,4,loc_group,L80_G80,80,80,heuristic,1,0.7863,0.8702,0.8742,0.0995,0.218,33.0,1.0,,paperv2_phase3
dermmnist,EfficientNetB0,4,loc_group,L80_G80,80,80,heuristic,2,0.7984,0.8802,0.8832,0.0834,0.199,71.0,0.0,,paperv2_phase3
dermmnist,EfficientNetB0,4,loc_group,L80_G80,80,80,heuristic,3,0.791,0.8828,0.8852,0.0757,0.1925,28.0,0.0,,paperv2_phase3
dermmnist,EfficientNetB0,4,loc_group,L80_G80,80,80,heuristic,4,0.8101,0.882,0.8862,0.0791,0.1901,33.0,0.0,,paperv2_phase3
dermmnist,EfficientNetB0,4,loc_group,L80_G80,80,80,hounie_rcl,1,0.7918,0.8762,0.8797,0.0907,0.2092,6.0,1.0,62.0,paperv2_phase3
dermmnist,EfficientNetB0,4,loc_group,L80_G80,80,80,hounie_rcl,2,0.7858,0.8781,0.8822,0.0866,0.1975,15.0,1.0,51.0,paperv2_phase3
dermmnist,EfficientNetB0,4,loc_group,L80_G80,80,80,hounie_rcl,3,0.7938,0.8811,0.8847,0.082,0.196,16.0,1.0,41.0,paperv2_phase3
dermmnist,EfficientNetB0,4,loc_group,L80_G80,80,80,hounie_rcl,4,0.8114,0.8858,0.8892,0.0833,0.1906,17.0,1.0,68.0,paperv2_phase3
dermmnist,EfficientNetB0,4,loc_group,L80_G80,80,80,tralo,1,0.7964,0.8759,0.8797,0.0916,0.21,5.0,1.0,55.0,paperv2_phase3
dermmnist,EfficientNetB0,4,loc_group,L80_G80,80,80,tralo,2,0.7786,0.8759,0.8802,0.0884,0.1973,8.0,1.0,59.0,paperv2_phase3
dermmnist,EfficientNetB0,4,loc_group,L80_G80,80,80,tralo,3,0.7949,0.8807,0.8837,0.083,0.1932,4.0,1.0,57.0,paperv2_phase3
dermmnist,EfficientNetB0,4,loc_group,L80_G80,80,80,tralo,4,0.8095,0.8836,0.8882,0.0833,0.194,10.0,1.0,58.0,paperv2_phase3
dermmnist,EfficientNetB0,4,loc_group,L80_G80,80,80,tralo_bounded,1,0.7952,0.8752,0.8787,0.0915,0.2095,9.0,1.0,55.0,paperv2_phase3
dermmnist,EfficientNetB0,4,loc_group,L80_G80,80,80,tralo_bounded,2,0.7818,0.877,0.8812,0.0893,0.1973,12.0,1.0,59.0,paperv2_phase3
dermmnist,EfficientNetB0,4,loc_group,L80_G80,80,80,tralo_bounded,3,0.7965,0.8827,0.8862,0.0812,0.1963,14.0,1.0,57.0,paperv2_phase3
dermmnist,EfficientNetB0,4,loc_group,L80_G80,80,80,tralo_bounded,4,0.8132,0.8868,0.8902,0.0834,0.1907,17.0,1.0,57.0,paperv2_phase3
dermmnist,MobileNetV3,0,loc_group,L20_G20,20,20,danits_lp,1,0.6945,0.8414,0.8512,0.1047,0.2319,52.0,0.0,,paperv2_phase4
dermmnist,MobileNetV3,0,loc_group,L20_G20,20,20,danits_lp,2,0.7029,0.8455,0.8527,0.108,0.2387,65.0,0.0,,paperv2_phase4
dermmnist,MobileNetV3,0,loc_group,L20_G20,20,20,danits_lp,3,0.7146,0.8537,0.8607,0.0908,0.2199,69.0,0.0,,paperv2_phase4
dermmnist,MobileNetV3,0,loc_group,L20_G20,20,20,danits_lp,4,0.7122,0.8542,0.8592,0.1012,0.2354,81.0,0.0,,paperv2_phase4
dermmnist,MobileNetV3,0,loc_group,L20_G20,20,20,fioretto_ldf,1,0.6867,0.8432,0.8537,0.1159,0.2563,4.0,1.0,19.0,paperv2_phase4
dermmnist,MobileNetV3,0,loc_group,L20_G20,20,20,fioretto_ldf,2,0.6894,0.8416,0.8542,0.1173,0.2594,4.0,1.0,20.0,paperv2_phase4
dermmnist,MobileNetV3,0,loc_group,L20_G20,20,20,fioretto_ldf,3,0.6878,0.8423,0.8512,0.1156,0.2592,4.0,1.0,19.0,paperv2_phase4
dermmnist,MobileNetV3,0,loc_group,L20_G20,20,20,fioretto_ldf,4,0.6965,0.8441,0.8517,0.1198,0.2591,4.0,1.0,21.0,paperv2_phase4
dermmnist,MobileNetV3,0,loc_group,L20_G20,20,20,heuristic,1,0.6942,0.8414,0.8512,0.1047,0.2319,52.0,0.0,,paperv2_phase4
dermmnist,MobileNetV3,0,loc_group,L20_G20,20,20,heuristic,2,0.7029,0.8455,0.8527,0.108,0.2387,65.0,0.0,,paperv2_phase4
dermmnist,MobileNetV3,0,loc_group,L20_G20,20,20,heuristic,3,0.7143,0.8537,0.8607,0.0908,0.2199,69.0,0.0,,paperv2_phase4
dermmnist,MobileNetV3,0,loc_group,L20_G20,20,20,heuristic,4,0.7138,0.8542,0.8592,0.1012,0.2354,81.0,0.0,,paperv2_phase4
dermmnist,MobileNetV3,0,loc_group,L20_G20,20,20,hounie_rcl,1,0.6798,0.8386,0.8482,0.1264,0.2701,9.0,1.0,62.0,paperv2_phase4
dermmnist,MobileNetV3,0,loc_group,L20_G20,20,20,hounie_rcl,2,0.6706,0.8375,0.8487,0.1249,0.2735,8.0,1.0,72.0,paperv2_phase4
dermmnist,MobileNetV3,0,loc_group,L20_G20,20,20,hounie_rcl,3,0.684,0.8385,0.8462,0.12,0.2675,4.0,1.0,60.0,paperv2_phase4
dermmnist,MobileNetV3,0,loc_group,L20_G20,20,20,hounie_rcl,4,0.6756,0.8357,0.8397,0.1319,0.2863,10.0,1.0,64.0,paperv2_phase4
dermmnist,MobileNetV3,0,loc_group,L20_G20,20,20,tralo,1,0.698,0.8441,0.8542,0.114,0.2514,0.0,1.0,70.0,paperv2_phase4
dermmnist,MobileNetV3,0,loc_group,L20_G20,20,20,tralo,2,0.6872,0.8409,0.8542,0.1173,0.2587,0.0,1.0,70.0,paperv2_phase4
dermmnist,MobileNetV3,0,loc_group,L20_G20,20,20,tralo,3,0.6904,0.8442,0.8527,0.1173,0.262,3.0,1.0,69.0,paperv2_phase4
dermmnist,MobileNetV3,0,loc_group,L20_G20,20,20,tralo,4,0.7009,0.8483,0.8582,0.1145,0.249,1.0,1.0,72.0,paperv2_phase4
dermmnist,MobileNetV3,0,loc_group,L20_G20,20,20,tralo_bounded,1,0.6856,0.8397,0.8512,0.1174,0.2537,3.0,1.0,70.0,paperv2_phase4
dermmnist,MobileNetV3,0,loc_group,L20_G20,20,20,tralo_bounded,2,0.6884,0.8428,0.8552,0.1158,0.2579,2.0,1.0,70.0,paperv2_phase4
dermmnist,MobileNetV3,0,loc_group,L20_G20,20,20,tralo_bounded,3,0.6875,0.8408,0.8497,0.1177,0.2637,4.0,1.0,69.0,paperv2_phase4
dermmnist,MobileNetV3,0,loc_group,L20_G20,20,20,tralo_bounded,4,0.6963,0.8457,0.8552,0.1195,0.2576,4.0,1.0,72.0,paperv2_phase4
dermmnist,MobileNetV3,0,loc_group,L30_G30,30,30,danits_lp,1,0.7166,0.8468,0.8542,0.1047,0.2319,44.0,0.0,,paperv2_phase4
dermmnist,MobileNetV3,0,loc_group,L30_G30,30,30,danits_lp,2,0.733,0.852,0.8567,0.108,0.2387,57.0,0.0,,paperv2_phase4
dermmnist,MobileNetV3,0,loc_group,L30_G30,30,30,danits_lp,3,0.7333,0.859,0.8637,0.0908,0.2199,61.0,0.0,,paperv2_phase4
dermmnist,MobileNetV3,0,loc_group,L30_G30,30,30,danits_lp,4,0.7348,0.8595,0.8622,0.1012,0.2354,73.0,0.0,,paperv2_phase4
dermmnist,MobileNetV3,0,loc_group,L30_G30,30,30,fioretto_ldf,1,0.7203,0.8499,0.8577,0.1112,0.2464,3.0,1.0,17.0,paperv2_phase4
dermmnist,MobileNetV3,0,loc_group,L30_G30,30,30,fioretto_ldf,2,0.7135,0.8505,0.8602,0.1108,0.2476,5.0,1.0,18.0,paperv2_phase4
dermmnist,MobileNetV3,0,loc_group,L30_G30,30,30,fioretto_ldf,3,0.7316,0.8542,0.8597,0.1102,0.25,8.0,1.0,16.0,paperv2_phase4
dermmnist,MobileNetV3,0,loc_group,L30_G30,30,30,fioretto_ldf,4,0.7275,0.8549,0.8612,0.1101,0.2444,5.0,1.0,18.0,paperv2_phase4
dermmnist,MobileNetV3,0,loc_group,L30_G30,30,30,heuristic,1,0.7166,0.8468,0.8542,0.1047,0.2319,44.0,0.0,,paperv2_phase4
dermmnist,MobileNetV3,0,loc_group,L30_G30,30,30,heuristic,2,0.733,0.852,0.8567,0.108,0.2387,57.0,0.0,,paperv2_phase4
dermmnist,MobileNetV3,0,loc_group,L30_G30,30,30,heuristic,3,0.7333,0.859,0.8637,0.0908,0.2199,61.0,0.0,,paperv2_phase4
dermmnist,MobileNetV3,0,loc_group,L30_G30,30,30,heuristic,4,0.7348,0.8595,0.8622,0.1012,0.2354,73.0,0.0,,paperv2_phase4
dermmnist,MobileNetV3,0,loc_group,L30_G30,30,30,hounie_rcl,1,0.707,0.8489,0.8557,0.1196,0.2597,11.0,1.0,58.0,paperv2_phase4
dermmnist,MobileNetV3,0,loc_group,L30_G30,30,30,hounie_rcl,2,0.6984,0.845,0.8532,0.1202,0.2646,12.0,1.0,67.0,paperv2_phase4
dermmnist,MobileNetV3,0,loc_group,L30_G30,30,30,hounie_rcl,3,0.7159,0.8465,0.8517,0.1156,0.2558,9.0,1.0,58.0,paperv2_phase4
dermmnist,MobileNetV3,0,loc_group,L30_G30,30,30,hounie_rcl,4,0.7123,0.8459,0.8487,0.1228,0.2681,9.0,1.0,61.0,paperv2_phase4
dermmnist,MobileNetV3,0,loc_group,L30_G30,30,30,tralo,1,0.7143,0.8505,0.8567,0.1137,0.2497,0.0,1.0,67.0,paperv2_phase4
dermmnist,MobileNetV3,0,loc_group,L30_G30,30,30,tralo,2,0.7157,0.8518,0.8612,0.1124,0.2482,1.0,1.0,67.0,paperv2_phase4
dermmnist,MobileNetV3,0,loc_group,L30_G30,30,30,tralo,3,0.7129,0.8486,0.8537,0.1165,0.2571,6.0,1.0,67.0,paperv2_phase4
dermmnist,MobileNetV3,0,loc_group,L30_G30,30,30,tralo,4,0.7426,0.8566,0.8642,0.11,0.2401,0.0,1.0,68.0,paperv2_phase4
dermmnist,MobileNetV3,0,loc_group,L30_G30,30,30,tralo_bounded,1,0.7126,0.8491,0.8572,0.1113,0.246,4.0,1.0,67.0,paperv2_phase4
dermmnist,MobileNetV3,0,loc_group,L30_G30,30,30,tralo_bounded,2,0.7085,0.8489,0.8587,0.1145,0.252,5.0,1.0,67.0,paperv2_phase4
dermmnist,MobileNetV3,0,loc_group,L30_G30,30,30,tralo_bounded,3,0.7209,0.8534,0.8592,0.1119,0.2523,7.0,1.0,67.0,paperv2_phase4
dermmnist,MobileNetV3,0,loc_group,L30_G30,30,30,tralo_bounded,4,0.7243,0.854,0.8617,0.113,0.2437,5.0,1.0,68.0,paperv2_phase4
dermmnist,MobileNetV3,0,loc_group,L50_G50,50,50,danits_lp,1,0.7425,0.8517,0.8572,0.1047,0.2319,32.0,0.0,,paperv2_phase4
dermmnist,MobileNetV3,0,loc_group,L50_G50,50,50,danits_lp,2,0.7573,0.8579,0.8607,0.108,0.2387,45.0,0.0,,paperv2_phase4
dermmnist,MobileNetV3,0,loc_group,L50_G50,50,50,danits_lp,3,0.7567,0.8649,0.8677,0.0908,0.2199,49.0,0.0,,paperv2_phase4
dermmnist,MobileNetV3,0,loc_group,L50_G50,50,50,danits_lp,4,0.7537,0.8649,0.8657,0.1012,0.2354,61.0,0.0,,paperv2_phase4
dermmnist,MobileNetV3,0,loc_group,L50_G50,50,50,fioretto_ldf,1,0.742,0.859,0.8642,0.1038,0.2346,0.0,1.0,14.0,paperv2_phase4
dermmnist,MobileNetV3,0,loc_group,L50_G50,50,50,fioretto_ldf,2,0.7141,0.8522,0.8617,0.1079,0.2425,0.0,1.0,15.0,paperv2_phase4
dermmnist,MobileNetV3,0,loc_group,L50_G50,50,50,fioretto_ldf,3,0.7268,0.8551,0.8612,0.105,0.2363,0.0,1.0,14.0,paperv2_phase4
dermmnist,MobileNetV3,0,loc_group,L50_G50,50,50,fioretto_ldf,4,0.761,0.8619,0.8667,0.1042,0.2299,0.0,1.0,15.0,paperv2_phase4
dermmnist,MobileNetV3,0,loc_group,L50_G50,50,50,heuristic,1,0.7425,0.8517,0.8572,0.1047,0.2319,32.0,0.0,,paperv2_phase4
dermmnist,MobileNetV3,0,loc_group,L50_G50,50,50,heuristic,2,0.7573,0.8579,0.8607,0.108,0.2387,45.0,0.0,,paperv2_phase4
dermmnist,MobileNetV3,0,loc_group,L50_G50,50,50,heuristic,3,0.7567,0.8649,0.8677,0.0908,0.2199,49.0,0.0,,paperv2_phase4
dermmnist,MobileNetV3,0,loc_group,L50_G50,50,50,heuristic,4,0.7537,0.8649,0.8657,0.1012,0.2354,61.0,0.0,,paperv2_phase4
dermmnist,MobileNetV3,0,loc_group,L50_G50,50,50,hounie_rcl,1,0.7301,0.8551,0.8612,0.1113,0.2456,0.0,1.0,54.0,paperv2_phase4
dermmnist,MobileNetV3,0,loc_group,L50_G50,50,50,hounie_rcl,2,0.7078,0.849,0.8572,0.1136,0.253,0.0,1.0,69.0,paperv2_phase4
dermmnist,MobileNetV3,0,loc_group,L50_G50,50,50,hounie_rcl,3,0.7393,0.8571,0.8617,0.1024,0.2389,0.0,1.0,58.0,paperv2_phase4
dermmnist,MobileNetV3,0,loc_group,L50_G50,50,50,hounie_rcl,4,0.7569,0.8609,0.8642,0.1065,0.2385,0.0,1.0,56.0,paperv2_phase4
dermmnist,MobileNetV3,0,loc_group,L50_G50,50,50,tralo,1,0.741,0.8582,0.8632,0.1043,0.236,0.0,1.0,64.0,paperv2_phase4
dermmnist,MobileNetV3,0,loc_group,L50_G50,50,50,tralo,2,0.7515,0.8612,0.8682,0.1029,0.234,0.0,1.0,64.0,paperv2_phase4
dermmnist,MobileNetV3,0,loc_group,L50_G50,50,50,tralo,3,0.7459,0.8617,0.8662,0.1013,0.231,0.0,1.0,63.0,paperv2_phase4
dermmnist,MobileNetV3,0,loc_group,L50_G50,50,50,tralo,4,0.7667,0.8631,0.8677,0.1036,0.2307,0.0,1.0,65.0,paperv2_phase4
dermmnist,MobileNetV3,0,loc_group,L50_G50,50,50,tralo_bounded,1,0.7335,0.8547,0.8607,0.1065,0.2359,0.0,1.0,64.0,paperv2_phase4
dermmnist,MobileNetV3,0,loc_group,L50_G50,50,50,tralo_bounded,2,0.7213,0.8534,0.8622,0.1079,0.2427,0.0,1.0,64.0,paperv2_phase4
dermmnist,MobileNetV3,0,loc_group,L50_G50,50,50,tralo_bounded,3,0.7228,0.8545,0.8612,0.1054,0.2394,0.0,1.0,63.0,paperv2_phase4
dermmnist,MobileNetV3,0,loc_group,L50_G50,50,50,tralo_bounded,4,0.762,0.8597,0.8657,0.1065,0.2304,0.0,1.0,65.0,paperv2_phase4
dermmnist,MobileNetV3,0,loc_group,L70_G70,70,70,danits_lp,1,0.7629,0.8568,0.8612,0.1047,0.2319,19.0,0.0,,paperv2_phase4
dermmnist,MobileNetV3,0,loc_group,L70_G70,70,70,danits_lp,2,0.7663,0.8596,0.8617,0.108,0.2387,32.0,0.0,,paperv2_phase4
dermmnist,MobileNetV3,0,loc_group,L70_G70,70,70,danits_lp,3,0.7726,0.869,0.8707,0.0908,0.2199,36.0,0.0,,paperv2_phase4
dermmnist,MobileNetV3,0,loc_group,L70_G70,70,70,danits_lp,4,0.7755,0.8698,0.8697,0.1012,0.2354,48.0,0.0,,paperv2_phase4
dermmnist,MobileNetV3,0,loc_group,L70_G70,70,70,fioretto_ldf,1,0.7746,0.8661,0.8697,0.1007,0.2277,5.0,1.0,11.0,paperv2_phase4
dermmnist,MobileNetV3,0,loc_group,L70_G70,70,70,fioretto_ldf,2,0.76,0.8638,0.8697,0.102,0.2329,15.0,1.0,14.0,paperv2_phase4
dermmnist,MobileNetV3,0,loc_group,L70_G70,70,70,fioretto_ldf,3,0.7666,0.8675,0.8707,0.0945,0.2227,10.0,0.0,,paperv2_phase4
dermmnist,MobileNetV3,0,loc_group,L70_G70,70,70,fioretto_ldf,4,0.7782,0.8682,0.8722,0.101,0.2204,5.0,1.0,12.0,paperv2_phase4
dermmnist,MobileNetV3,0,loc_group,L70_G70,70,70,heuristic,1,0.7629,0.8568,0.8612,0.1047,0.2319,19.0,0.0,,paperv2_phase4
dermmnist,MobileNetV3,0,loc_group,L70_G70,70,70,heuristic,2,0.7663,0.8596,0.8617,0.108,0.2387,32.0,0.0,,paperv2_phase4
dermmnist,MobileNetV3,0,loc_group,L70_G70,70,70,heuristic,3,0.7727,0.869,0.8707,0.0908,0.2199,36.0,0.0,,paperv2_phase4
dermmnist,MobileNetV3,0,loc_group,L70_G70,70,70,heuristic,4,0.7755,0.8698,0.8697,0.1012,0.2354,48.0,0.0,,paperv2_phase4
dermmnist,MobileNetV3,0,loc_group,L70_G70,70,70,hounie_rcl,1,0.7557,0.8635,0.8672,0.1042,0.2325,6.0,1.0,47.0,paperv2_phase4
dermmnist,MobileNetV3,0,loc_group,L70_G70,70,70,hounie_rcl,2,0.7593,0.8639,0.8692,0.1055,0.2351,14.0,1.0,73.0,paperv2_phase4
dermmnist,MobileNetV3,0,loc_group,L70_G70,70,70,hounie_rcl,3,0.7664,0.8668,0.8692,0.097,0.2272,8.0,1.0,63.0,paperv2_phase4
dermmnist,MobileNetV3,0,loc_group,L70_G70,70,70,hounie_rcl,4,0.7825,0.868,0.8707,0.0997,0.222,5.0,1.0,53.0,paperv2_phase4
dermmnist,MobileNetV3,0,loc_group,L70_G70,70,70,tralo,1,0.7587,0.8627,0.8652,0.1069,0.2353,1.0,1.0,61.0,paperv2_phase4
dermmnist,MobileNetV3,0,loc_group,L70_G70,70,70,tralo,2,0.7633,0.8596,0.8657,0.1059,0.2329,0.0,1.0,63.0,paperv2_phase4
dermmnist,MobileNetV3,0,loc_group,L70_G70,70,70,tralo,3,0.7726,0.8689,0.8707,0.0955,0.2237,4.0,1.0,63.0,paperv2_phase4
dermmnist,MobileNetV3,0,loc_group,L70_G70,70,70,tralo,4,0.7912,0.8694,0.8732,0.1006,0.2232,0.0,1.0,62.0,paperv2_phase4
dermmnist,MobileNetV3,0,loc_group,L70_G70,70,70,tralo_bounded,1,0.7751,0.8656,0.8692,0.0997,0.2276,5.0,1.0,61.0,paperv2_phase4
dermmnist,MobileNetV3,0,loc_group,L70_G70,70,70,tralo_bounded,2,0.7528,0.8597,0.8657,0.1058,0.2334,10.0,1.0,64.0,paperv2_phase4
dermmnist,MobileNetV3,0,loc_group,L70_G70,70,70,tralo_bounded,3,0.7691,0.8677,0.8707,0.0972,0.2245,9.0,0.0,,paperv2_phase4
dermmnist,MobileNetV3,0,loc_group,L70_G70,70,70,tralo_bounded,4,0.7774,0.8667,0.8712,0.1003,0.2221,6.0,1.0,62.0,paperv2_phase4
dermmnist,MobileNetV3,0,loc_group,L80_G80,80,80,danits_lp,1,0.7723,0.8591,0.8632,0.1047,0.2319,12.0,0.0,,paperv2_phase4
dermmnist,MobileNetV3,0,loc_group,L80_G80,80,80,danits_lp,2,0.7678,0.8597,0.8617,0.108,0.2387,25.0,0.0,,paperv2_phase4
dermmnist,MobileNetV3,0,loc_group,L80_G80,80,80,danits_lp,3,0.7821,0.8714,0.8727,0.0908,0.2199,29.0,0.0,,paperv2_phase4
dermmnist,MobileNetV3,0,loc_group,L80_G80,80,80,danits_lp,4,0.7787,0.8705,0.8702,0.1012,0.2354,41.0,0.0,,paperv2_phase4
dermmnist,MobileNetV3,0,loc_group,L80_G80,80,80,fioretto_ldf,1,0.7795,0.8674,0.8707,0.0979,0.2265,0.0,1.0,10.0,paperv2_phase4
dermmnist,MobileNetV3,0,loc_group,L80_G80,80,80,fioretto_ldf,2,0.7625,0.864,0.8697,0.1004,0.2293,0.0,1.0,11.0,paperv2_phase4
dermmnist,MobileNetV3,0,loc_group,L80_G80,80,80,fioretto_ldf,3,0.7778,0.8677,0.8707,0.0955,0.22,0.0,1.0,8.0,paperv2_phase4
dermmnist,MobileNetV3,0,loc_group,L80_G80,80,80,fioretto_ldf,4,0.7924,0.8702,0.8737,0.1002,0.2171,0.0,1.0,10.0,paperv2_phase4
dermmnist,MobileNetV3,0,loc_group,L80_G80,80,80,heuristic,1,0.7723,0.8591,0.8632,0.1047,0.2319,12.0,0.0,,paperv2_phase4
dermmnist,MobileNetV3,0,loc_group,L80_G80,80,80,heuristic,2,0.761,0.8591,0.8612,0.108,0.2387,25.0,0.0,,paperv2_phase4
dermmnist,MobileNetV3,0,loc_group,L80_G80,80,80,heuristic,3,0.7821,0.8714,0.8727,0.0908,0.2199,29.0,0.0,,paperv2_phase4
dermmnist,MobileNetV3,0,loc_group,L80_G80,80,80,heuristic,4,0.7787,0.8705,0.8702,0.1012,0.2354,41.0,0.0,,paperv2_phase4
dermmnist,MobileNetV3,0,loc_group,L80_G80,80,80,hounie_rcl,1,0.762,0.863,0.8667,0.1019,0.2296,0.0,1.0,51.0,paperv2_phase4
dermmnist,MobileNetV3,0,loc_group,L80_G80,80,80,hounie_rcl,2,0.7724,0.8654,0.8702,0.1004,0.2266,0.0,1.0,69.0,paperv2_phase4
dermmnist,MobileNetV3,0,loc_group,L80_G80,80,80,hounie_rcl,3,0.7749,0.8675,0.8702,0.0951,0.2193,0.0,1.0,54.0,paperv2_phase4
dermmnist,MobileNetV3,0,loc_group,L80_G80,80,80,hounie_rcl,4,0.7892,0.8722,0.8752,0.0963,0.2176,0.0,1.0,56.0,paperv2_phase4
dermmnist,MobileNetV3,0,loc_group,L80_G80,80,80,tralo,1,0.7488,0.8589,0.8602,0.1107,0.2392,0.0,1.0,60.0,paperv2_phase4
dermmnist,MobileNetV3,0,loc_group,L80_G80,80,80,tralo,2,0.7581,0.8594,0.8652,0.1057,0.23,0.0,1.0,60.0,paperv2_phase4
dermmnist,MobileNetV3,0,loc_group,L80_G80,80,80,tralo,3,0.7781,0.8673,0.8697,0.0948,0.2182,0.0,1.0,59.0,paperv2_phase4
dermmnist,MobileNetV3,0,loc_group,L80_G80,80,80,tralo,4,0.7868,0.8707,0.8742,0.098,0.2193,0.0,1.0,60.0,paperv2_phase4
dermmnist,MobileNetV3,0,loc_group,L80_G80,80,80,tralo_bounded,1,0.7745,0.8656,0.8687,0.0977,0.2256,1.0,0.0,,paperv2_phase4
dermmnist,MobileNetV3,0,loc_group,L80_G80,80,80,tralo_bounded,2,0.7551,0.8595,0.8657,0.1053,0.231,0.0,1.0,60.0,paperv2_phase4
dermmnist,MobileNetV3,0,loc_group,L80_G80,80,80,tralo_bounded,3,0.7759,0.8692,0.8722,0.0948,0.2207,0.0,1.0,58.0,paperv2_phase4
dermmnist,MobileNetV3,0,loc_group,L80_G80,80,80,tralo_bounded,4,0.7989,0.8728,0.8767,0.0975,0.2181,0.0,1.0,60.0,paperv2_phase4
dermmnist,MobileNetV3,1,loc_group,L20_G20,20,20,danits_lp,1,0.6961,0.8291,0.8427,0.1047,0.2319,88.0,0.0,,paperv2_phase4
dermmnist,MobileNetV3,1,loc_group,L20_G20,20,20,danits_lp,2,0.6585,0.8269,0.8362,0.108,0.2387,80.0,0.0,,paperv2_phase4
dermmnist,MobileNetV3,1,loc_group,L20_G20,20,20,danits_lp,3,0.697,0.8384,0.8482,0.0908,0.2199,75.0,0.0,,paperv2_phase4
dermmnist,MobileNetV3,1,loc_group,L20_G20,20,20,danits_lp,4,0.6742,0.835,0.8417,0.1012,0.2354,66.0,0.0,,paperv2_phase4
dermmnist,MobileNetV3,1,loc_group,L20_G20,20,20,fioretto_ldf,1,0.6471,0.8177,0.8342,0.1354,0.2949,5.0,1.0,24.0,paperv2_phase4
dermmnist,MobileNetV3,1,loc_group,L20_G20,20,20,fioretto_ldf,2,0.6574,0.8276,0.8397,0.131,0.2875,5.0,1.0,24.0,paperv2_phase4
dermmnist,MobileNetV3,1,loc_group,L20_G20,20,20,fioretto_ldf,3,0.6289,0.8141,0.8293,0.1322,0.2975,4.0,1.0,23.0,paperv2_phase4
dermmnist,MobileNetV3,1,loc_group,L20_G20,20,20,fioretto_ldf,4,0.6701,0.8303,0.8412,0.1309,0.282,2.0,1.0,21.0,paperv2_phase4
dermmnist,MobileNetV3,1,loc_group,L20_G20,20,20,heuristic,1,0.6961,0.8291,0.8427,0.1047,0.2319,88.0,0.0,,paperv2_phase4
dermmnist,MobileNetV3,1,loc_group,L20_G20,20,20,heuristic,2,0.6589,0.8268,0.8362,0.108,0.2387,80.0,0.0,,paperv2_phase4
dermmnist,MobileNetV3,1,loc_group,L20_G20,20,20,heuristic,3,0.697,0.8384,0.8482,0.0908,0.2199,75.0,0.0,,paperv2_phase4
dermmnist,MobileNetV3,1,loc_group,L20_G20,20,20,heuristic,4,0.6742,0.835,0.8417,0.1012,0.2354,66.0,0.0,,paperv2_phase4
dermmnist,MobileNetV3,1,loc_group,L20_G20,20,20,hounie_rcl,1,0.6394,0.8178,0.8347,0.1369,0.296,4.0,1.0,83.0,paperv2_phase4
dermmnist,MobileNetV3,1,loc_group,L20_G20,20,20,hounie_rcl,2,0.6475,0.8239,0.8357,0.1392,0.2985,8.0,1.0,104.0,paperv2_phase4
dermmnist,MobileNetV3,1,loc_group,L20_G20,20,20,hounie_rcl,3,0.6101,0.8059,0.8238,0.1405,0.3098,6.0,1.0,90.0,paperv2_phase4
dermmnist,MobileNetV3,1,loc_group,L20_G20,20,20,hounie_rcl,4,0.6497,0.8198,0.8342,0.1377,0.2986,8.0,1.0,89.0,paperv2_phase4
dermmnist,MobileNetV3,1,loc_group,L20_G20,20,20,tralo,1,0.6527,0.8195,0.8357,0.1322,0.2882,0.0,1.0,75.0,paperv2_phase4
dermmnist,MobileNetV3,1,loc_group,L20_G20,20,20,tralo,2,0.6573,0.8271,0.8402,0.1314,0.2823,1.0,1.0,74.0,paperv2_phase4
dermmnist,MobileNetV3,1,loc_group,L20_G20,20,20,tralo,3,0.6327,0.8143,0.8303,0.1314,0.2929,0.0,1.0,74.0,paperv2_phase4
dermmnist,MobileNetV3,1,loc_group,L20_G20,20,20,tralo,4,0.656,0.8283,0.8397,0.1294,0.281,1.0,1.0,71.0,paperv2_phase4
dermmnist,MobileNetV3,1,loc_group,L20_G20,20,20,tralo_bounded,1,0.6483,0.8189,0.8352,0.1325,0.2912,3.0,0.0,,paperv2_phase4
dermmnist,MobileNetV3,1,loc_group,L20_G20,20,20,tralo_bounded,2,0.6584,0.829,0.8407,0.1303,0.2874,5.0,1.0,74.0,paperv2_phase4
dermmnist,MobileNetV3,1,loc_group,L20_G20,20,20,tralo_bounded,3,0.6247,0.8136,0.8293,0.1326,0.2995,5.0,1.0,74.0,paperv2_phase4
dermmnist,MobileNetV3,1,loc_group,L20_G20,20,20,tralo_bounded,4,0.6659,0.8277,0.8392,0.1307,0.2813,2.0,1.0,71.0,paperv2_phase4
dermmnist,MobileNetV3,1,loc_group,L30_G30,30,30,danits_lp,1,0.7159,0.8367,0.8472,0.1047,0.2319,79.0,0.0,,paperv2_phase4
dermmnist,MobileNetV3,1,loc_group,L30_G30,30,30,danits_lp,2,0.6777,0.8344,0.8407,0.108,0.2387,71.0,0.0,,paperv2_phase4
dermmnist,MobileNetV3,1,loc_group,L30_G30,30,30,danits_lp,3,0.7117,0.8449,0.8517,0.0908,0.2199,66.0,0.0,,paperv2_phase4
dermmnist,MobileNetV3,1,loc_group,L30_G30,30,30,danits_lp,4,0.6916,0.8427,0.8462,0.1012,0.2354,57.0,0.0,,paperv2_phase4
dermmnist,MobileNetV3,1,loc_group,L30_G30,30,30,fioretto_ldf,1,0.6761,0.8291,0.8417,0.129,0.2797,6.0,1.0,22.0,paperv2_phase4
dermmnist,MobileNetV3,1,loc_group,L30_G30,30,30,fioretto_ldf,2,0.6834,0.8365,0.8457,0.1248,0.2768,6.0,1.0,22.0,paperv2_phase4
dermmnist,MobileNetV3,1,loc_group,L30_G30,30,30,fioretto_ldf,3,0.6578,0.8262,0.8372,0.1261,0.2852,6.0,0.0,,paperv2_phase4
dermmnist,MobileNetV3,1,loc_group,L30_G30,30,30,fioretto_ldf,4,0.6918,0.839,0.8472,0.1223,0.2727,6.0,1.0,18.0,paperv2_phase4
dermmnist,MobileNetV3,1,loc_group,L30_G30,30,30,heuristic,1,0.7178,0.8367,0.8472,0.1047,0.2319,79.0,0.0,,paperv2_phase4
dermmnist,MobileNetV3,1,loc_group,L30_G30,30,30,heuristic,2,0.6777,0.8344,0.8407,0.108,0.2387,71.0,0.0,,paperv2_phase4
dermmnist,MobileNetV3,1,loc_group,L30_G30,30,30,heuristic,3,0.7117,0.8449,0.8517,0.0908,0.2199,66.0,0.0,,paperv2_phase4
dermmnist,MobileNetV3,1,loc_group,L30_G30,30,30,heuristic,4,0.6916,0.8427,0.8462,0.1012,0.2354,57.0,0.0,,paperv2_phase4
dermmnist,MobileNetV3,1,loc_group,L30_G30,30,30,hounie_rcl,1,0.669,0.8276,0.8407,0.1326,0.2878,8.0,1.0,81.0,paperv2_phase4
dermmnist,MobileNetV3,1,loc_group,L30_G30,30,30,hounie_rcl,2,0.6763,0.8349,0.8432,0.1305,0.2842,10.0,1.0,99.0,paperv2_phase4
dermmnist,MobileNetV3,1,loc_group,L30_G30,30,30,hounie_rcl,3,0.6356,0.8175,0.8318,0.134,0.2972,10.0,1.0,84.0,paperv2_phase4
dermmnist,MobileNetV3,1,loc_group,L30_G30,30,30,hounie_rcl,4,0.6825,0.833,0.8432,0.128,0.2791,5.0,1.0,80.0,paperv2_phase4
dermmnist,MobileNetV3,1,loc_group,L30_G30,30,30,tralo,1,0.6842,0.8267,0.8407,0.1301,0.2792,0.0,1.0,71.0,paperv2_phase4
dermmnist,MobileNetV3,1,loc_group,L30_G30,30,30,tralo,2,0.6749,0.8375,0.8467,0.1224,0.2705,0.0,1.0,71.0,paperv2_phase4
dermmnist,MobileNetV3,1,loc_group,L30_G30,30,30,tralo,3,0.6648,0.8232,0.8377,0.1261,0.2803,0.0,1.0,72.0,paperv2_phase4
dermmnist,MobileNetV3,1,loc_group,L30_G30,30,30,tralo,4,0.6862,0.8362,0.8452,0.1249,0.2712,2.0,1.0,68.0,paperv2_phase4
dermmnist,MobileNetV3,1,loc_group,L30_G30,30,30,tralo_bounded,1,0.679,0.8306,0.8432,0.1278,0.2808,6.0,1.0,71.0,paperv2_phase4
dermmnist,MobileNetV3,1,loc_group,L30_G30,30,30,tralo_bounded,2,0.6875,0.838,0.8462,0.1232,0.2727,4.0,1.0,71.0,paperv2_phase4
dermmnist,MobileNetV3,1,loc_group,L30_G30,30,30,tralo_bounded,3,0.6616,0.8267,0.8377,0.1263,0.2853,7.0,0.0,,paperv2_phase4
dermmnist,MobileNetV3,1,loc_group,L30_G30,30,30,tralo_bounded,4,0.6903,0.8378,0.8462,0.1244,0.2713,4.0,1.0,68.0,paperv2_phase4
dermmnist,MobileNetV3,1,loc_group,L50_G50,50,50,danits_lp,1,0.7461,0.8477,0.8542,0.1047,0.2319,57.0,0.0,,paperv2_phase4
dermmnist,MobileNetV3,1,loc_group,L50_G50,50,50,danits_lp,2,0.7184,0.8476,0.8502,0.108,0.2387,49.0,0.0,,paperv2_phase4
dermmnist,MobileNetV3,1,loc_group,L50_G50,50,50,danits_lp,3,0.7433,0.8571,0.8597,0.0908,0.2199,44.0,0.0,,paperv2_phase4
dermmnist,MobileNetV3,1,loc_group,L50_G50,50,50,danits_lp,4,0.7294,0.8564,0.8562,0.1012,0.2354,35.0,0.0,,paperv2_phase4
dermmnist,MobileNetV3,1,loc_group,L50_G50,50,50,fioretto_ldf,1,0.7207,0.8446,0.8522,0.1169,0.2546,8.0,1.0,17.0,paperv2_phase4
dermmnist,MobileNetV3,1,loc_group,L50_G50,50,50,fioretto_ldf,2,0.7312,0.8551,0.8602,0.112,0.2494,5.0,1.0,16.0,paperv2_phase4
dermmnist,MobileNetV3,1,loc_group,L50_G50,50,50,fioretto_ldf,3,0.7277,0.8535,0.8577,0.106,0.2489,5.0,1.0,15.0,paperv2_phase4
dermmnist,MobileNetV3,1,loc_group,L50_G50,50,50,fioretto_ldf,4,0.724,0.8535,0.8577,0.1165,0.2548,9.0,0.0,,paperv2_phase4
dermmnist,MobileNetV3,1,loc_group,L50_G50,50,50,heuristic,1,0.7461,0.8477,0.8542,0.1047,0.2319,57.0,0.0,,paperv2_phase4
dermmnist,MobileNetV3,1,loc_group,L50_G50,50,50,heuristic,2,0.7184,0.8476,0.8502,0.108,0.2387,49.0,0.0,,paperv2_phase4
dermmnist,MobileNetV3,1,loc_group,L50_G50,50,50,heuristic,3,0.7433,0.8571,0.8597,0.0908,0.2199,44.0,0.0,,paperv2_phase4
dermmnist,MobileNetV3,1,loc_group,L50_G50,50,50,heuristic,4,0.7294,0.8564,0.8562,0.1012,0.2354,35.0,0.0,,paperv2_phase4
dermmnist,MobileNetV3,1,loc_group,L50_G50,50,50,hounie_rcl,1,0.7065,0.8428,0.8507,0.1205,0.26,9.0,1.0,65.0,paperv2_phase4
dermmnist,MobileNetV3,1,loc_group,L50_G50,50,50,hounie_rcl,2,0.7316,0.8519,0.8562,0.1166,0.2542,6.0,1.0,87.0,paperv2_phase4
dermmnist,MobileNetV3,1,loc_group,L50_G50,50,50,hounie_rcl,3,0.7107,0.845,0.8517,0.1182,0.2635,13.0,1.0,67.0,paperv2_phase4
dermmnist,MobileNetV3,1,loc_group,L50_G50,50,50,hounie_rcl,4,0.7249,0.8496,0.8552,0.1219,0.2618,8.0,1.0,81.0,paperv2_phase4
dermmnist,MobileNetV3,1,loc_group,L50_G50,50,50,tralo,1,0.7468,0.8479,0.8562,0.1133,0.2523,0.0,1.0,67.0,paperv2_phase4
dermmnist,MobileNetV3,1,loc_group,L50_G50,50,50,tralo,2,0.7313,0.8525,0.8572,0.1161,0.2532,8.0,1.0,66.0,paperv2_phase4
dermmnist,MobileNetV3,1,loc_group,L50_G50,50,50,tralo,3,0.727,0.8538,0.8587,0.1099,0.2464,0.0,1.0,65.0,paperv2_phase4
dermmnist,MobileNetV3,1,loc_group,L50_G50,50,50,tralo,4,0.7254,0.8533,0.8577,0.1164,0.2551,7.0,1.0,65.0,paperv2_phase4
dermmnist,MobileNetV3,1,loc_group,L50_G50,50,50,tralo_bounded,1,0.7183,0.8446,0.8522,0.1171,0.2558,8.0,1.0,67.0,paperv2_phase4
dermmnist,MobileNetV3,1,loc_group,L50_G50,50,50,tralo_bounded,2,0.7299,0.8539,0.8587,0.111,0.2478,2.0,0.0,,paperv2_phase4
dermmnist,MobileNetV3,1,loc_group,L50_G50,50,50,tralo_bounded,3,0.7232,0.8528,0.8572,0.107,0.2502,6.0,1.0,65.0,paperv2_phase4
dermmnist,MobileNetV3,1,loc_group,L50_G50,50,50,tralo_bounded,4,0.7232,0.8534,0.8577,0.1156,0.253,8.0,0.0,,paperv2_phase4
dermmnist,MobileNetV3,1,loc_group,L70_G70,70,70,danits_lp,1,0.7706,0.8562,0.8607,0.1047,0.2319,37.0,0.0,,paperv2_phase4
dermmnist,MobileNetV3,1,loc_group,L70_G70,70,70,danits_lp,2,0.7389,0.8543,0.8557,0.108,0.2387,29.0,0.0,,paperv2_phase4
dermmnist,MobileNetV3,1,loc_group,L70_G70,70,70,danits_lp,3,0.7663,0.8648,0.8662,0.0908,0.2199,24.0,0.0,,paperv2_phase4
dermmnist,MobileNetV3,1,loc_group,L70_G70,70,70,danits_lp,4,0.7518,0.8636,0.8627,0.1012,0.2354,15.0,0.0,,paperv2_phase4
dermmnist,MobileNetV3,1,loc_group,L70_G70,70,70,fioretto_ldf,1,0.7631,0.8592,0.8637,0.105,0.2343,0.0,1.0,11.0,paperv2_phase4
dermmnist,MobileNetV3,1,loc_group,L70_G70,70,70,fioretto_ldf,2,0.761,0.8633,0.8667,0.1052,0.2344,0.0,1.0,10.0,paperv2_phase4
dermmnist,MobileNetV3,1,loc_group,L70_G70,70,70,fioretto_ldf,3,0.7628,0.8627,0.8652,0.0981,0.229,0.0,1.0,11.0,paperv2_phase4
dermmnist,MobileNetV3,1,loc_group,L70_G70,70,70,fioretto_ldf,4,0.7512,0.8647,0.8677,0.1033,0.2338,1.0,0.0,,paperv2_phase4
dermmnist,MobileNetV3,1,loc_group,L70_G70,70,70,heuristic,1,0.7706,0.8562,0.8607,0.1047,0.2319,37.0,0.0,,paperv2_phase4
dermmnist,MobileNetV3,1,loc_group,L70_G70,70,70,heuristic,2,0.7389,0.8543,0.8557,0.108,0.2387,29.0,0.0,,paperv2_phase4
dermmnist,MobileNetV3,1,loc_group,L70_G70,70,70,heuristic,3,0.7663,0.8648,0.8662,0.0908,0.2199,24.0,0.0,,paperv2_phase4
dermmnist,MobileNetV3,1,loc_group,L70_G70,70,70,heuristic,4,0.7518,0.8636,0.8627,0.1012,0.2354,15.0,0.0,,paperv2_phase4
dermmnist,MobileNetV3,1,loc_group,L70_G70,70,70,hounie_rcl,1,0.7481,0.8582,0.8627,0.1062,0.2342,0.0,1.0,51.0,paperv2_phase4
dermmnist,MobileNetV3,1,loc_group,L70_G70,70,70,hounie_rcl,2,0.7612,0.8635,0.8662,0.1055,0.2353,0.0,1.0,70.0,paperv2_phase4
dermmnist,MobileNetV3,1,loc_group,L70_G70,70,70,hounie_rcl,3,0.7482,0.8587,0.8622,0.1035,0.2346,0.0,1.0,57.0,paperv2_phase4
dermmnist,MobileNetV3,1,loc_group,L70_G70,70,70,hounie_rcl,4,0.7535,0.8631,0.8667,0.1049,0.2372,0.0,1.0,70.0,paperv2_phase4
dermmnist,MobileNetV3,1,loc_group,L70_G70,70,70,tralo,1,0.7538,0.8575,0.8622,0.1073,0.2337,0.0,1.0,61.0,paperv2_phase4
dermmnist,MobileNetV3,1,loc_group,L70_G70,70,70,tralo,2,0.7694,0.8646,0.8677,0.1043,0.2307,0.0,1.0,60.0,paperv2_phase4
dermmnist,MobileNetV3,1,loc_group,L70_G70,70,70,tralo,3,0.7715,0.8661,0.8682,0.0958,0.2267,0.0,1.0,60.0,paperv2_phase4
dermmnist,MobileNetV3,1,loc_group,L70_G70,70,70,tralo,4,0.7578,0.8633,0.8657,0.11,0.2393,0.0,1.0,61.0,paperv2_phase4
dermmnist,MobileNetV3,1,loc_group,L70_G70,70,70,tralo_bounded,1,0.7512,0.8578,0.8622,0.1054,0.2324,0.0,1.0,61.0,paperv2_phase4
dermmnist,MobileNetV3,1,loc_group,L70_G70,70,70,tralo_bounded,2,0.7615,0.8635,0.8667,0.1059,0.2338,0.0,1.0,60.0,paperv2_phase4
dermmnist,MobileNetV3,1,loc_group,L70_G70,70,70,tralo_bounded,3,0.7697,0.8656,0.8677,0.0967,0.2266,0.0,1.0,60.0,paperv2_phase4
dermmnist,MobileNetV3,1,loc_group,L70_G70,70,70,tralo_bounded,4,0.7509,0.8639,0.8672,0.1049,0.2325,1.0,0.0,,paperv2_phase4
dermmnist,MobileNetV3,1,loc_group,L80_G80,80,80,danits_lp,1,0.7781,0.8589,0.8632,0.1047,0.2319,27.0,0.0,,paperv2_phase4
dermmnist,MobileNetV3,1,loc_group,L80_G80,80,80,danits_lp,2,0.7518,0.8578,0.8592,0.108,0.2387,19.0,0.0,,paperv2_phase4
dermmnist,MobileNetV3,1,loc_group,L80_G80,80,80,danits_lp,3,0.7747,0.8682,0.8692,0.0908,0.2199,14.0,0.0,,paperv2_phase4
dermmnist,MobileNetV3,1,loc_group,L80_G80,80,80,danits_lp,4,0.7562,0.8643,0.8632,0.1012,0.2354,5.0,0.0,,paperv2_phase4
dermmnist,MobileNetV3,1,loc_group,L80_G80,80,80,fioretto_ldf,1,0.7708,0.8635,0.8672,0.1002,0.2274,5.0,0.0,,paperv2_phase4
dermmnist,MobileNetV3,1,loc_group,L80_G80,80,80,fioretto_ldf,2,0.7754,0.8677,0.8712,0.102,0.2285,9.0,0.0,,paperv2_phase4
dermmnist,MobileNetV3,1,loc_group,L80_G80,80,80,fioretto_ldf,3,0.7753,0.8681,0.8697,0.0954,0.2248,7.0,1.0,10.0,paperv2_phase4
dermmnist,MobileNetV3,1,loc_group,L80_G80,80,80,fioretto_ldf,4,0.7734,0.8692,0.8722,0.0993,0.2232,1.0,1.0,7.0,paperv2_phase4
dermmnist,MobileNetV3,1,loc_group,L80_G80,80,80,heuristic,1,0.78,0.8594,0.8637,0.1047,0.2319,27.0,0.0,,paperv2_phase4
dermmnist,MobileNetV3,1,loc_group,L80_G80,80,80,heuristic,2,0.7518,0.8578,0.8592,0.108,0.2387,19.0,0.0,,paperv2_phase4
dermmnist,MobileNetV3,1,loc_group,L80_G80,80,80,heuristic,3,0.7747,0.8682,0.8692,0.0908,0.2199,14.0,0.0,,paperv2_phase4
dermmnist,MobileNetV3,1,loc_group,L80_G80,80,80,heuristic,4,0.7569,0.8647,0.8637,0.1012,0.2354,5.0,0.0,,paperv2_phase4
dermmnist,MobileNetV3,1,loc_group,L80_G80,80,80,hounie_rcl,1,0.768,0.8661,0.8697,0.1022,0.2308,11.0,1.0,55.0,paperv2_phase4
dermmnist,MobileNetV3,1,loc_group,L80_G80,80,80,hounie_rcl,2,0.7717,0.8658,0.8687,0.1046,0.231,12.0,1.0,83.0,paperv2_phase4
dermmnist,MobileNetV3,1,loc_group,L80_G80,80,80,hounie_rcl,3,0.7695,0.8663,0.8687,0.0961,0.2275,9.0,1.0,59.0,paperv2_phase4
dermmnist,MobileNetV3,1,loc_group,L80_G80,80,80,hounie_rcl,4,0.7753,0.87,0.8732,0.0985,0.2265,6.0,1.0,62.0,paperv2_phase4
dermmnist,MobileNetV3,1,loc_group,L80_G80,80,80,tralo,1,0.7777,0.867,0.8687,0.1032,0.2308,1.0,1.0,60.0,paperv2_phase4
dermmnist,MobileNetV3,1,loc_group,L80_G80,80,80,tralo,2,0.776,0.8673,0.8707,0.1024,0.2276,1.0,1.0,153.0,paperv2_phase4
dermmnist,MobileNetV3,1,loc_group,L80_G80,80,80,tralo,3,0.7742,0.8676,0.8687,0.099,0.2282,0.0,1.0,59.0,paperv2_phase4
dermmnist,MobileNetV3,1,loc_group,L80_G80,80,80,tralo,4,0.7711,0.8704,0.8722,0.0983,0.2242,0.0,1.0,57.0,paperv2_phase4
dermmnist,MobileNetV3,1,loc_group,L80_G80,80,80,tralo_bounded,1,0.774,0.8635,0.8672,0.1035,0.229,8.0,1.0,60.0,paperv2_phase4
dermmnist,MobileNetV3,1,loc_group,L80_G80,80,80,tralo_bounded,2,0.7748,0.8668,0.8702,0.1004,0.2277,7.0,0.0,,paperv2_phase4
dermmnist,MobileNetV3,1,loc_group,L80_G80,80,80,tralo_bounded,3,0.7708,0.8662,0.8677,0.0958,0.2228,4.0,1.0,59.0,paperv2_phase4
dermmnist,MobileNetV3,1,loc_group,L80_G80,80,80,tralo_bounded,4,0.774,0.8712,0.8742,0.097,0.2228,3.0,0.0,,paperv2_phase4
dermmnist,MobileNetV3,2,loc_group,L20_G20,20,20,danits_lp,1,0.7007,0.8015,0.8248,0.1047,0.2319,134.0,0.0,,paperv2_phase4
dermmnist,MobileNetV3,2,loc_group,L20_G20,20,20,danits_lp,2,0.6836,0.7973,0.8183,0.108,0.2387,176.0,0.0,,paperv2_phase4
dermmnist,MobileNetV3,2,loc_group,L20_G20,20,20,danits_lp,3,0.6876,0.8007,0.8213,0.0908,0.2199,172.0,0.0,,paperv2_phase4
dermmnist,MobileNetV3,2,loc_group,L20_G20,20,20,danits_lp,4,0.6701,0.7943,0.8123,0.1012,0.2354,198.0,0.0,,paperv2_phase4
dermmnist,MobileNetV3,2,loc_group,L20_G20,20,20,fioretto_ldf,1,0.6572,0.7644,0.8033,0.1651,0.3485,1.0,0.0,,paperv2_phase4
dermmnist,MobileNetV3,2,loc_group,L20_G20,20,20,fioretto_ldf,2,0.6362,0.7739,0.8078,0.1613,0.3402,0.0,1.0,24.0,paperv2_phase4
dermmnist,MobileNetV3,2,loc_group,L20_G20,20,20,fioretto_ldf,3,0.6733,0.7791,0.8148,0.1518,0.3308,0.0,1.0,21.0,paperv2_phase4
dermmnist,MobileNetV3,2,loc_group,L20_G20,20,20,fioretto_ldf,4,0.6792,0.7727,0.8103,0.1648,0.349,0.0,1.0,21.0,paperv2_phase4
dermmnist,MobileNetV3,2,loc_group,L20_G20,20,20,heuristic,1,0.7007,0.8015,0.8248,0.1047,0.2319,134.0,0.0,,paperv2_phase4
dermmnist,MobileNetV3,2,loc_group,L20_G20,20,20,heuristic,2,0.6836,0.7973,0.8183,0.108,0.2387,176.0,0.0,,paperv2_phase4
dermmnist,MobileNetV3,2,loc_group,L20_G20,20,20,heuristic,3,0.6875,0.8007,0.8213,0.0908,0.2199,172.0,0.0,,paperv2_phase4
dermmnist,MobileNetV3,2,loc_group,L20_G20,20,20,heuristic,4,0.6701,0.7943,0.8123,0.1012,0.2354,198.0,0.0,,paperv2_phase4
dermmnist,MobileNetV3,2,loc_group,L20_G20,20,20,hounie_rcl,1,0.6422,0.7569,0.7998,0.1724,0.3678,0.0,1.0,48.0,paperv2_phase4
dermmnist,MobileNetV3,2,loc_group,L20_G20,20,20,hounie_rcl,2,0.626,0.7622,0.8008,0.1692,0.3591,0.0,1.0,43.0,paperv2_phase4
dermmnist,MobileNetV3,2,loc_group,L20_G20,20,20,hounie_rcl,3,0.6425,0.7643,0.8038,0.164,0.3504,0.0,1.0,41.0,paperv2_phase4
dermmnist,MobileNetV3,2,loc_group,L20_G20,20,20,hounie_rcl,4,0.6273,0.7468,0.7933,0.1809,0.3796,0.0,1.0,38.0,paperv2_phase4
dermmnist,MobileNetV3,2,loc_group,L20_G20,20,20,tralo,1,0.6792,0.7834,0.8148,0.1535,0.3313,0.0,1.0,74.0,paperv2_phase4
dermmnist,MobileNetV3,2,loc_group,L20_G20,20,20,tralo,2,0.6671,0.7883,0.8188,0.1527,0.3299,0.0,1.0,74.0,paperv2_phase4
dermmnist,MobileNetV3,2,loc_group,L20_G20,20,20,tralo,3,0.6842,0.7906,0.8203,0.1481,0.3218,0.0,1.0,71.0,paperv2_phase4
dermmnist,MobileNetV3,2,loc_group,L20_G20,20,20,tralo,4,0.6854,0.7789,0.8138,0.1618,0.3403,0.0,1.0,71.0,paperv2_phase4
dermmnist,MobileNetV3,2,loc_group,L20_G20,20,20,tralo_bounded,1,0.658,0.7666,0.8053,0.1635,0.3513,0.0,1.0,74.0,paperv2_phase4
dermmnist,MobileNetV3,2,loc_group,L20_G20,20,20,tralo_bounded,2,0.645,0.7769,0.8103,0.159,0.3411,0.0,1.0,74.0,paperv2_phase4
dermmnist,MobileNetV3,2,loc_group,L20_G20,20,20,tralo_bounded,3,0.6728,0.7788,0.8143,0.1527,0.3324,0.0,1.0,71.0,paperv2_phase4
dermmnist,MobileNetV3,2,loc_group,L20_G20,20,20,tralo_bounded,4,0.6808,0.7739,0.8113,0.1637,0.3464,0.0,1.0,71.0,paperv2_phase4
dermmnist,MobileNetV3,2,loc_group,L30_G30,30,30,danits_lp,1,0.7211,0.8163,0.8333,0.1047,0.2319,112.0,0.0,,paperv2_phase4
dermmnist,MobileNetV3,2,loc_group,L30_G30,30,30,danits_lp,2,0.7058,0.8153,0.8293,0.108,0.2387,154.0,0.0,,paperv2_phase4
dermmnist,MobileNetV3,2,loc_group,L30_G30,30,30,danits_lp,3,0.7082,0.8164,0.8303,0.0908,0.2199,150.0,0.0,,paperv2_phase4
dermmnist,MobileNetV3,2,loc_group,L30_G30,30,30,danits_lp,4,0.69,0.8117,0.8223,0.1012,0.2354,176.0,0.0,,paperv2_phase4
dermmnist,MobileNetV3,2,loc_group,L30_G30,30,30,fioretto_ldf,1,0.7166,0.8097,0.8318,0.1444,0.3159,16.0,1.0,21.0,paperv2_phase4
dermmnist,MobileNetV3,2,loc_group,L30_G30,30,30,fioretto_ldf,2,0.7005,0.8121,0.8323,0.1437,0.3059,17.0,1.0,21.0,paperv2_phase4
dermmnist,MobileNetV3,2,loc_group,L30_G30,30,30,fioretto_ldf,3,0.7204,0.812,0.8313,0.1422,0.306,17.0,1.0,19.0,paperv2_phase4
dermmnist,MobileNetV3,2,loc_group,L30_G30,30,30,fioretto_ldf,4,0.7097,0.8064,0.8293,0.1442,0.3105,15.0,1.0,18.0,paperv2_phase4
dermmnist,MobileNetV3,2,loc_group,L30_G30,30,30,heuristic,1,0.7213,0.8163,0.8333,0.1047,0.2319,112.0,0.0,,paperv2_phase4
dermmnist,MobileNetV3,2,loc_group,L30_G30,30,30,heuristic,2,0.7058,0.8153,0.8293,0.108,0.2387,154.0,0.0,,paperv2_phase4
dermmnist,MobileNetV3,2,loc_group,L30_G30,30,30,heuristic,3,0.7082,0.8164,0.8303,0.0908,0.2199,150.0,0.0,,paperv2_phase4
dermmnist,MobileNetV3,2,loc_group,L30_G30,30,30,heuristic,4,0.6902,0.8116,0.8223,0.1012,0.2354,176.0,0.0,,paperv2_phase4
dermmnist,MobileNetV3,2,loc_group,L30_G30,30,30,hounie_rcl,1,0.704,0.8053,0.8273,0.1605,0.3429,37.0,1.0,43.0,paperv2_phase4
dermmnist,MobileNetV3,2,loc_group,L30_G30,30,30,hounie_rcl,2,0.697,0.8104,0.8308,0.1505,0.3279,31.0,1.0,39.0,paperv2_phase4
dermmnist,MobileNetV3,2,loc_group,L30_G30,30,30,hounie_rcl,3,0.7,0.8086,0.8263,0.1525,0.3287,35.0,1.0,38.0,paperv2_phase4
dermmnist,MobileNetV3,2,loc_group,L30_G30,30,30,hounie_rcl,4,0.6961,0.7975,0.8213,0.1656,0.3511,37.0,1.0,34.0,paperv2_phase4
dermmnist,MobileNetV3,2,loc_group,L30_G30,30,30,tralo,1,0.6912,0.8003,0.8243,0.1456,0.3148,2.0,1.0,70.0,paperv2_phase4
dermmnist,MobileNetV3,2,loc_group,L30_G30,30,30,tralo,2,0.7025,0.8137,0.8342,0.1389,0.3006,7.0,1.0,71.0,paperv2_phase4
dermmnist,MobileNetV3,2,loc_group,L30_G30,30,30,tralo,3,0.7187,0.8134,0.8333,0.1369,0.2984,10.0,1.0,69.0,paperv2_phase4
dermmnist,MobileNetV3,2,loc_group,L30_G30,30,30,tralo,4,0.7004,0.8082,0.8283,0.142,0.3051,2.0,1.0,67.0,paperv2_phase4
dermmnist,MobileNetV3,2,loc_group,L30_G30,30,30,tralo_bounded,1,0.7157,0.8082,0.8308,0.1451,0.3215,19.0,1.0,70.0,paperv2_phase4
dermmnist,MobileNetV3,2,loc_group,L30_G30,30,30,tralo_bounded,2,0.7001,0.8117,0.8323,0.1436,0.3075,18.0,1.0,71.0,paperv2_phase4
dermmnist,MobileNetV3,2,loc_group,L30_G30,30,30,tralo_bounded,3,0.7194,0.8132,0.8328,0.1415,0.3087,18.0,1.0,69.0,paperv2_phase4
dermmnist,MobileNetV3,2,loc_group,L30_G30,30,30,tralo_bounded,4,0.7115,0.8021,0.8263,0.1525,0.3213,22.0,1.0,67.0,paperv2_phase4
dermmnist,MobileNetV3,2,loc_group,L50_G50,50,50,danits_lp,1,0.7556,0.842,0.8507,0.1047,0.2319,68.0,0.0,,paperv2_phase4
dermmnist,MobileNetV3,2,loc_group,L50_G50,50,50,danits_lp,2,0.7292,0.8387,0.8447,0.108,0.2387,110.0,0.0,,paperv2_phase4
dermmnist,MobileNetV3,2,loc_group,L50_G50,50,50,danits_lp,3,0.7426,0.8429,0.8482,0.0908,0.2199,106.0,0.0,,paperv2_phase4
dermmnist,MobileNetV3,2,loc_group,L50_G50,50,50,danits_lp,4,0.7242,0.8406,0.8422,0.1012,0.2354,132.0,0.0,,paperv2_phase4
dermmnist,MobileNetV3,2,loc_group,L50_G50,50,50,fioretto_ldf,1,0.7633,0.8459,0.8567,0.1208,0.269,24.0,1.0,16.0,paperv2_phase4
dermmnist,MobileNetV3,2,loc_group,L50_G50,50,50,fioretto_ldf,2,0.746,0.8411,0.8522,0.1227,0.2717,20.0,1.0,17.0,paperv2_phase4
dermmnist,MobileNetV3,2,loc_group,L50_G50,50,50,fioretto_ldf,3,0.7494,0.8382,0.8482,0.1243,0.2716,24.0,1.0,15.0,paperv2_phase4
dermmnist,MobileNetV3,2,loc_group,L50_G50,50,50,fioretto_ldf,4,0.7456,0.8368,0.8487,0.125,0.2756,23.0,1.0,15.0,paperv2_phase4
dermmnist,MobileNetV3,2,loc_group,L50_G50,50,50,heuristic,1,0.7556,0.842,0.8507,0.1047,0.2319,68.0,0.0,,paperv2_phase4
dermmnist,MobileNetV3,2,loc_group,L50_G50,50,50,heuristic,2,0.7314,0.8386,0.8447,0.108,0.2387,110.0,0.0,,paperv2_phase4
dermmnist,MobileNetV3,2,loc_group,L50_G50,50,50,heuristic,3,0.7426,0.8429,0.8482,0.0908,0.2199,106.0,0.0,,paperv2_phase4
dermmnist,MobileNetV3,2,loc_group,L50_G50,50,50,heuristic,4,0.7234,0.8394,0.8412,0.1012,0.2354,132.0,0.0,,paperv2_phase4
dermmnist,MobileNetV3,2,loc_group,L50_G50,50,50,hounie_rcl,1,0.75,0.8394,0.8497,0.1318,0.287,35.0,1.0,37.0,paperv2_phase4
dermmnist,MobileNetV3,2,loc_group,L50_G50,50,50,hounie_rcl,2,0.7374,0.8389,0.8497,0.1311,0.2858,36.0,1.0,37.0,paperv2_phase4
dermmnist,MobileNetV3,2,loc_group,L50_G50,50,50,hounie_rcl,3,0.7347,0.832,0.8412,0.1377,0.2949,47.0,1.0,35.0,paperv2_phase4
dermmnist,MobileNetV3,2,loc_group,L50_G50,50,50,hounie_rcl,4,0.7268,0.8325,0.8447,0.1368,0.2981,41.0,1.0,31.0,paperv2_phase4
dermmnist,MobileNetV3,2,loc_group,L50_G50,50,50,tralo,1,0.7613,0.8457,0.8567,0.122,0.2699,25.0,1.0,65.0,paperv2_phase4
dermmnist,MobileNetV3,2,loc_group,L50_G50,50,50,tralo,2,0.7469,0.8424,0.8522,0.1223,0.2644,2.0,1.0,67.0,paperv2_phase4
dermmnist,MobileNetV3,2,loc_group,L50_G50,50,50,tralo,3,0.7504,0.8391,0.8492,0.1195,0.2608,1.0,0.0,65.0,paperv2_phase4
dermmnist,MobileNetV3,2,loc_group,L50_G50,50,50,tralo,4,0.7448,0.8446,0.8512,0.1208,0.2645,4.0,1.0,64.0,paperv2_phase4
dermmnist,MobileNetV3,2,loc_group,L50_G50,50,50,tralo_bounded,1,0.7577,0.8445,0.8552,0.1162,0.2647,15.0,1.0,65.0,paperv2_phase4
dermmnist,MobileNetV3,2,loc_group,L50_G50,50,50,tralo_bounded,2,0.7435,0.8409,0.8522,0.1254,0.2749,24.0,1.0,67.0,paperv2_phase4
dermmnist,MobileNetV3,2,loc_group,L50_G50,50,50,tralo_bounded,3,0.7514,0.8389,0.8492,0.1256,0.2749,28.0,1.0,65.0,paperv2_phase4
dermmnist,MobileNetV3,2,loc_group,L50_G50,50,50,tralo_bounded,4,0.7401,0.8366,0.8482,0.124,0.2711,15.0,1.0,64.0,paperv2_phase4
dermmnist,MobileNetV3,2,loc_group,L70_G70,70,70,danits_lp,1,0.7772,0.8583,0.8632,0.1047,0.2319,25.0,0.0,,paperv2_phase4
dermmnist,MobileNetV3,2,loc_group,L70_G70,70,70,danits_lp,2,0.7525,0.8557,0.8582,0.108,0.2387,66.0,0.0,,paperv2_phase4
dermmnist,MobileNetV3,2,loc_group,L70_G70,70,70,danits_lp,3,0.7662,0.8591,0.8612,0.0908,0.2199,62.0,0.0,,paperv2_phase4
dermmnist,MobileNetV3,2,loc_group,L70_G70,70,70,danits_lp,4,0.7439,0.8579,0.8567,0.1012,0.2354,88.0,0.0,,paperv2_phase4
dermmnist,MobileNetV3,2,loc_group,L70_G70,70,70,fioretto_ldf,1,0.7828,0.8651,0.8702,0.1006,0.2364,12.0,1.0,11.0,paperv2_phase4
dermmnist,MobileNetV3,2,loc_group,L70_G70,70,70,fioretto_ldf,2,0.7671,0.8587,0.8647,0.1143,0.246,22.0,1.0,11.0,paperv2_phase4
dermmnist,MobileNetV3,2,loc_group,L70_G70,70,70,fioretto_ldf,3,0.7759,0.8576,0.8632,0.1055,0.2392,14.0,1.0,11.0,paperv2_phase4
dermmnist,MobileNetV3,2,loc_group,L70_G70,70,70,fioretto_ldf,4,0.7696,0.8602,0.8662,0.1075,0.2411,14.0,1.0,11.0,paperv2_phase4
dermmnist,MobileNetV3,2,loc_group,L70_G70,70,70,heuristic,1,0.7775,0.8585,0.8632,0.1047,0.2319,26.0,0.0,,paperv2_phase4
dermmnist,MobileNetV3,2,loc_group,L70_G70,70,70,heuristic,2,0.7524,0.8552,0.8577,0.108,0.2387,66.0,0.0,,paperv2_phase4
dermmnist,MobileNetV3,2,loc_group,L70_G70,70,70,heuristic,3,0.768,0.8602,0.8622,0.0908,0.2199,62.0,0.0,,paperv2_phase4
dermmnist,MobileNetV3,2,loc_group,L70_G70,70,70,heuristic,4,0.7495,0.8591,0.8577,0.1012,0.2354,88.0,0.0,,paperv2_phase4
dermmnist,MobileNetV3,2,loc_group,L70_G70,70,70,hounie_rcl,1,0.784,0.8629,0.8682,0.104,0.2432,20.0,1.0,40.0,paperv2_phase4
dermmnist,MobileNetV3,2,loc_group,L70_G70,70,70,hounie_rcl,2,0.7656,0.8572,0.8632,0.1141,0.2497,25.0,1.0,34.0,paperv2_phase4
dermmnist,MobileNetV3,2,loc_group,L70_G70,70,70,hounie_rcl,3,0.7831,0.8602,0.8657,0.1091,0.2493,36.0,1.0,35.0,paperv2_phase4
dermmnist,MobileNetV3,2,loc_group,L70_G70,70,70,hounie_rcl,4,0.7689,0.861,0.8672,0.1135,0.2563,37.0,1.0,31.0,paperv2_phase4
dermmnist,MobileNetV3,2,loc_group,L70_G70,70,70,tralo,1,0.7783,0.8621,0.8682,0.103,0.2317,5.0,1.0,61.0,paperv2_phase4
dermmnist,MobileNetV3,2,loc_group,L70_G70,70,70,tralo,2,0.7664,0.8596,0.8652,0.1095,0.2361,4.0,1.0,61.0,paperv2_phase4
dermmnist,MobileNetV3,2,loc_group,L70_G70,70,70,tralo,3,0.7772,0.8574,0.8632,0.1079,0.2382,1.0,1.0,60.0,paperv2_phase4
dermmnist,MobileNetV3,2,loc_group,L70_G70,70,70,tralo,4,0.7699,0.8616,0.8667,0.1046,0.2354,5.0,1.0,60.0,paperv2_phase4
dermmnist,MobileNetV3,2,loc_group,L70_G70,70,70,tralo_bounded,1,0.7777,0.8621,0.8677,0.1022,0.2381,16.0,1.0,61.0,paperv2_phase4
dermmnist,MobileNetV3,2,loc_group,L70_G70,70,70,tralo_bounded,2,0.767,0.8587,0.8647,0.1129,0.2444,19.0,1.0,61.0,paperv2_phase4
dermmnist,MobileNetV3,2,loc_group,L70_G70,70,70,tralo_bounded,3,0.7799,0.8585,0.8642,0.1066,0.2409,19.0,1.0,60.0,paperv2_phase4
dermmnist,MobileNetV3,2,loc_group,L70_G70,70,70,tralo_bounded,4,0.7662,0.8599,0.8657,0.1073,0.2387,12.0,1.0,60.0,paperv2_phase4
dermmnist,MobileNetV3,2,loc_group,L80_G80,80,80,danits_lp,1,0.7785,0.8602,0.8647,0.1047,0.2319,12.0,0.0,,paperv2_phase4
dermmnist,MobileNetV3,2,loc_group,L80_G80,80,80,danits_lp,2,0.7567,0.8581,0.8602,0.108,0.2387,45.0,0.0,,paperv2_phase4
dermmnist,MobileNetV3,2,loc_group,L80_G80,80,80,danits_lp,3,0.7744,0.8655,0.8667,0.0908,0.2199,41.0,0.0,,paperv2_phase4
dermmnist,MobileNetV3,2,loc_group,L80_G80,80,80,danits_lp,4,0.7451,0.8591,0.8577,0.1012,0.2354,67.0,0.0,,paperv2_phase4
dermmnist,MobileNetV3,2,loc_group,L80_G80,80,80,fioretto_ldf,1,0.7857,0.8671,0.8712,0.1011,0.2303,15.0,0.0,,paperv2_phase4
dermmnist,MobileNetV3,2,loc_group,L80_G80,80,80,fioretto_ldf,2,0.7779,0.8639,0.8687,0.1037,0.2318,13.0,1.0,9.0,paperv2_phase4
dermmnist,MobileNetV3,2,loc_group,L80_G80,80,80,fioretto_ldf,3,0.7887,0.865,0.8692,0.0989,0.2282,16.0,1.0,9.0,paperv2_phase4
dermmnist,MobileNetV3,2,loc_group,L80_G80,80,80,fioretto_ldf,4,0.7815,0.8683,0.8727,0.1012,0.2284,13.0,1.0,9.0,paperv2_phase4
dermmnist,MobileNetV3,2,loc_group,L80_G80,80,80,heuristic,1,0.7811,0.8617,0.8657,0.1047,0.2319,21.0,0.0,,paperv2_phase4
dermmnist,MobileNetV3,2,loc_group,L80_G80,80,80,heuristic,2,0.7567,0.8581,0.8602,0.108,0.2387,45.0,0.0,,paperv2_phase4
dermmnist,MobileNetV3,2,loc_group,L80_G80,80,80,heuristic,3,0.7767,0.8665,0.8677,0.0908,0.2199,41.0,0.0,,paperv2_phase4
dermmnist,MobileNetV3,2,loc_group,L80_G80,80,80,heuristic,4,0.7469,0.8597,0.8582,0.1012,0.2354,67.0,0.0,,paperv2_phase4
dermmnist,MobileNetV3,2,loc_group,L80_G80,80,80,hounie_rcl,1,0.7872,0.8689,0.8732,0.1,0.233,28.0,1.0,55.0,paperv2_phase4
dermmnist,MobileNetV3,2,loc_group,L80_G80,80,80,hounie_rcl,2,0.7765,0.8637,0.8682,0.1061,0.2347,20.0,1.0,34.0,paperv2_phase4
dermmnist,MobileNetV3,2,loc_group,L80_G80,80,80,hounie_rcl,3,0.7848,0.8628,0.8672,0.099,0.2301,17.0,1.0,35.0,paperv2_phase4
dermmnist,MobileNetV3,2,loc_group,L80_G80,80,80,hounie_rcl,4,0.7772,0.8653,0.8702,0.1057,0.2358,30.0,1.0,30.0,paperv2_phase4
dermmnist,MobileNetV3,2,loc_group,L80_G80,80,80,tralo,1,0.7836,0.8652,0.8702,0.0997,0.2278,3.0,1.0,59.0,paperv2_phase4
dermmnist,MobileNetV3,2,loc_group,L80_G80,80,80,tralo,2,0.7749,0.8655,0.8692,0.102,0.229,1.0,1.0,58.0,paperv2_phase4
dermmnist,MobileNetV3,2,loc_group,L80_G80,80,80,tralo,3,0.7887,0.8642,0.8687,0.099,0.2256,9.0,1.0,58.0,paperv2_phase4
dermmnist,MobileNetV3,2,loc_group,L80_G80,80,80,tralo,4,0.7784,0.8677,0.8717,0.0982,0.2251,1.0,1.0,58.0,paperv2_phase4
dermmnist,MobileNetV3,2,loc_group,L80_G80,80,80,tralo_bounded,1,0.7847,0.8673,0.8717,0.1006,0.2314,20.0,1.0,59.0,paperv2_phase4
dermmnist,MobileNetV3,2,loc_group,L80_G80,80,80,tralo_bounded,2,0.7779,0.8639,0.8687,0.1064,0.2312,12.0,1.0,58.0,paperv2_phase4
dermmnist,MobileNetV3,2,loc_group,L80_G80,80,80,tralo_bounded,3,0.7884,0.8645,0.8687,0.0998,0.2258,11.0,1.0,58.0,paperv2_phase4
dermmnist,MobileNetV3,2,loc_group,L80_G80,80,80,tralo_bounded,4,0.7808,0.8684,0.8727,0.1002,0.2269,12.0,1.0,58.0,paperv2_phase4
dermmnist,MobileNetV3,4,loc_group,L20_G20,20,20,danits_lp,1,0.7142,0.8081,0.8347,0.1047,0.2319,151.0,0.0,,expansion_dermmnist_baselines
dermmnist,MobileNetV3,4,loc_group,L20_G20,20,20,danits_lp,2,0.6876,0.8087,0.8328,0.108,0.2387,154.0,0.0,,expansion_dermmnist_baselines
dermmnist,MobileNetV3,4,loc_group,L20_G20,20,20,danits_lp,3,0.7225,0.8194,0.8447,0.0908,0.2199,163.0,0.0,,expansion_dermmnist_baselines
dermmnist,MobileNetV3,4,loc_group,L20_G20,20,20,danits_lp,4,0.6877,0.8113,0.8347,0.1012,0.2354,166.0,0.0,,paperv2_phase1
dermmnist,MobileNetV3,4,loc_group,L20_G20,20,20,fioretto_ldf,1,0.6899,0.7944,0.8233,0.1485,0.3178,5.0,1.0,21.0,paperv2_phase1
dermmnist,MobileNetV3,4,loc_group,L20_G20,20,20,fioretto_ldf,2,0.7107,0.8029,0.8313,0.1483,0.3135,11.0,1.0,21.0,paperv2_phase1
dermmnist,MobileNetV3,4,loc_group,L20_G20,20,20,fioretto_ldf,3,0.7216,0.8134,0.8412,0.1379,0.3002,17.0,1.0,20.0,paperv2_phase1
dermmnist,MobileNetV3,4,loc_group,L20_G20,20,20,fioretto_ldf,4,0.6974,0.7864,0.8183,0.1701,0.3496,18.0,1.0,21.0,paperv2_phase1
dermmnist,MobileNetV3,4,loc_group,L20_G20,20,20,heuristic,1,0.7142,0.8081,0.8347,0.1047,0.2319,151.0,0.0,,expansion_dermmnist_baselines
dermmnist,MobileNetV3,4,loc_group,L20_G20,20,20,heuristic,2,0.6876,0.8087,0.8328,0.108,0.2387,154.0,0.0,,expansion_dermmnist_baselines
dermmnist,MobileNetV3,4,loc_group,L20_G20,20,20,heuristic,3,0.7225,0.8194,0.8447,0.0908,0.2199,163.0,0.0,,expansion_dermmnist_baselines
dermmnist,MobileNetV3,4,loc_group,L20_G20,20,20,heuristic,4,0.6877,0.8113,0.8347,0.1012,0.2354,166.0,0.0,,paperv2_phase1
dermmnist,MobileNetV3,4,loc_group,L20_G20,20,20,hounie_rcl,1,0.6811,0.7895,0.8188,0.1579,0.3375,16.0,1.0,48.0,paperv2_phase1
dermmnist,MobileNetV3,4,loc_group,L20_G20,20,20,hounie_rcl,2,0.7072,0.8035,0.8308,0.1523,0.3223,22.0,1.0,52.0,paperv2_phase1
dermmnist,MobileNetV3,4,loc_group,L20_G20,20,20,hounie_rcl,3,0.7023,0.8097,0.8367,0.1386,0.2974,12.0,1.0,61.0,paperv2_phase1
dermmnist,MobileNetV3,4,loc_group,L20_G20,20,20,hounie_rcl,4,0.6949,0.7878,0.8193,0.167,0.3547,21.0,1.0,68.0,paperv2_phase1
dermmnist,MobileNetV3,4,loc_group,L20_G20,20,20,tralo,1,0.6905,0.7979,0.8263,0.1459,0.3108,2.0,1.0,71.0,paperv2_phase1
dermmnist,MobileNetV3,4,loc_group,L20_G20,20,20,tralo,2,0.7105,0.8025,0.8308,0.1465,0.309,5.0,1.0,71.0,paperv2_phase1
dermmnist,MobileNetV3,4,loc_group,L20_G20,20,20,tralo,3,0.7218,0.8135,0.8402,0.1338,0.2894,0.0,1.0,70.0,paperv2_phase1
dermmnist,MobileNetV3,4,loc_group,L20_G20,20,20,tralo,4,0.708,0.8036,0.8318,0.1439,0.3086,3.0,1.0,70.0,paperv2_phase1
dermmnist,MobileNetV3,4,loc_group,L20_G20,20,20,tralo_bounded,1,0.6898,0.7982,0.8263,0.1476,0.3159,9.0,1.0,71.0,paperv2_phase1
dermmnist,MobileNetV3,4,loc_group,L20_G20,20,20,tralo_bounded,2,0.7149,0.8057,0.8328,0.1473,0.3102,13.0,1.0,71.0,paperv2_phase1
dermmnist,MobileNetV3,4,loc_group,L20_G20,20,20,tralo_bounded,3,0.7139,0.8092,0.8362,0.1359,0.2913,9.0,0.0,,paperv2_phase1
dermmnist,MobileNetV3,4,loc_group,L20_G20,20,20,tralo_bounded,4,0.6996,0.7921,0.8228,0.1613,0.3407,18.0,1.0,70.0,paperv2_phase1
dermmnist,MobileNetV3,4,loc_group,L20_G30,20,30,danits_lp,1,0.7142,0.8081,0.8347,0.1047,0.2319,151.0,0.0,,paperv2_phase2
dermmnist,MobileNetV3,4,loc_group,L20_G30,20,30,danits_lp,2,0.6876,0.8087,0.8328,0.108,0.2387,154.0,0.0,,paperv2_phase2
dermmnist,MobileNetV3,4,loc_group,L20_G30,20,30,danits_lp,3,0.7225,0.8194,0.8447,0.0908,0.2199,163.0,0.0,,paperv2_phase2
dermmnist,MobileNetV3,4,loc_group,L20_G30,20,30,danits_lp,4,0.6877,0.8113,0.8347,0.1012,0.2354,166.0,0.0,,paperv2_phase2
dermmnist,MobileNetV3,4,loc_group,L20_G30,20,30,fioretto_ldf,1,0.6902,0.7949,0.8238,0.148,0.318,5.0,1.0,21.0,paperv2_phase2
dermmnist,MobileNetV3,4,loc_group,L20_G30,20,30,fioretto_ldf,2,0.7107,0.8029,0.8313,0.1484,0.3135,11.0,1.0,21.0,paperv2_phase2
dermmnist,MobileNetV3,4,loc_group,L20_G30,20,30,fioretto_ldf,3,0.7202,0.8128,0.8407,0.1386,0.3004,17.0,1.0,20.0,paperv2_phase2
dermmnist,MobileNetV3,4,loc_group,L20_G30,20,30,fioretto_ldf,4,0.6974,0.7864,0.8183,0.1703,0.3491,18.0,1.0,21.0,paperv2_phase2
dermmnist,MobileNetV3,4,loc_group,L20_G30,20,30,heuristic,1,0.7142,0.8081,0.8347,0.1047,0.2319,151.0,0.0,,paperv2_phase2
dermmnist,MobileNetV3,4,loc_group,L20_G30,20,30,heuristic,2,0.6876,0.8087,0.8328,0.108,0.2387,154.0,0.0,,paperv2_phase2
dermmnist,MobileNetV3,4,loc_group,L20_G30,20,30,heuristic,3,0.7225,0.8194,0.8447,0.0908,0.2199,163.0,0.0,,paperv2_phase2
dermmnist,MobileNetV3,4,loc_group,L20_G30,20,30,heuristic,4,0.6877,0.8113,0.8347,0.1012,0.2354,166.0,0.0,,paperv2_phase2
dermmnist,MobileNetV3,4,loc_group,L20_G30,20,30,hounie_rcl,1,0.6846,0.7959,0.8243,0.1521,0.3299,16.0,1.0,62.0,paperv2_phase2
dermmnist,MobileNetV3,4,loc_group,L20_G30,20,30,hounie_rcl,2,0.7149,0.8056,0.8318,0.1496,0.3177,21.0,1.0,62.0,paperv2_phase2
dermmnist,MobileNetV3,4,loc_group,L20_G30,20,30,hounie_rcl,3,0.7114,0.8086,0.8357,0.14,0.3005,18.0,1.0,52.0,paperv2_phase2
dermmnist,MobileNetV3,4,loc_group,L20_G30,20,30,hounie_rcl,4,0.6891,0.7822,0.8148,0.1713,0.3591,20.0,1.0,66.0,paperv2_phase2
dermmnist,MobileNetV3,4,loc_group,L20_G30,20,30,tralo,1,0.6906,0.7979,0.8263,0.1462,0.3114,2.0,1.0,71.0,paperv2_phase2
dermmnist,MobileNetV3,4,loc_group,L20_G30,20,30,tralo,2,0.7107,0.8009,0.8303,0.1479,0.3146,0.0,1.0,71.0,paperv2_phase2
dermmnist,MobileNetV3,4,loc_group,L20_G30,20,30,tralo,3,0.7158,0.8088,0.8362,0.1434,0.3018,21.0,1.0,70.0,paperv2_phase2
dermmnist,MobileNetV3,4,loc_group,L20_G30,20,30,tralo,4,0.7072,0.8049,0.8328,0.1443,0.3077,3.0,1.0,70.0,paperv2_phase2
dermmnist,MobileNetV3,4,loc_group,L20_G30,20,30,tralo_bounded,1,0.691,0.7969,0.8253,0.1483,0.3174,9.0,1.0,71.0,paperv2_phase2
dermmnist,MobileNetV3,4,loc_group,L20_G30,20,30,tralo_bounded,2,0.7163,0.8073,0.8347,0.1464,0.3132,14.0,1.0,71.0,paperv2_phase2
dermmnist,MobileNetV3,4,loc_group,L20_G30,20,30,tralo_bounded,3,0.7127,0.8078,0.8352,0.1364,0.2912,10.0,0.0,,paperv2_phase2
dermmnist,MobileNetV3,4,loc_group,L20_G30,20,30,tralo_bounded,4,0.7014,0.7927,0.8233,0.162,0.339,18.0,1.0,70.0,paperv2_phase2
dermmnist,MobileNetV3,4,loc_group,L20_G50,20,50,danits_lp,1,0.7142,0.8081,0.8347,0.1047,0.2319,151.0,0.0,,expansion_dermmnist_baselines
dermmnist,MobileNetV3,4,loc_group,L20_G50,20,50,danits_lp,2,0.6876,0.8087,0.8328,0.108,0.2387,154.0,0.0,,expansion_dermmnist_baselines
dermmnist,MobileNetV3,4,loc_group,L20_G50,20,50,danits_lp,3,0.7225,0.8194,0.8447,0.0908,0.2199,163.0,0.0,,expansion_dermmnist_baselines
dermmnist,MobileNetV3,4,loc_group,L20_G50,20,50,danits_lp,4,0.6877,0.8113,0.8347,0.1012,0.2354,166.0,0.0,,paperv2_phase2
dermmnist,MobileNetV3,4,loc_group,L20_G50,20,50,fioretto_ldf,1,0.6883,0.7943,0.8233,0.1486,0.3184,5.0,1.0,21.0,paperv2_phase2
dermmnist,MobileNetV3,4,loc_group,L20_G50,20,50,fioretto_ldf,2,0.7092,0.8037,0.8323,0.1475,0.314,11.0,1.0,21.0,paperv2_phase2
dermmnist,MobileNetV3,4,loc_group,L20_G50,20,50,fioretto_ldf,3,0.72,0.8123,0.8402,0.1386,0.3006,17.0,1.0,20.0,paperv2_phase2
dermmnist,MobileNetV3,4,loc_group,L20_G50,20,50,fioretto_ldf,4,0.6974,0.7864,0.8183,0.1685,0.3498,18.0,1.0,21.0,paperv2_phase2
dermmnist,MobileNetV3,4,loc_group,L20_G50,20,50,heuristic,1,0.7142,0.8081,0.8347,0.1047,0.2319,151.0,0.0,,expansion_dermmnist_baselines
dermmnist,MobileNetV3,4,loc_group,L20_G50,20,50,heuristic,2,0.6876,0.8087,0.8328,0.108,0.2387,154.0,0.0,,expansion_dermmnist_baselines
dermmnist,MobileNetV3,4,loc_group,L20_G50,20,50,heuristic,3,0.7225,0.8194,0.8447,0.0908,0.2199,163.0,0.0,,expansion_dermmnist_baselines
dermmnist,MobileNetV3,4,loc_group,L20_G50,20,50,heuristic,4,0.6877,0.8113,0.8347,0.1012,0.2354,166.0,0.0,,paperv2_phase2
dermmnist,MobileNetV3,4,loc_group,L20_G50,20,50,hounie_rcl,1,0.6862,0.797,0.8253,0.1511,0.3288,15.0,1.0,65.0,paperv2_phase2
dermmnist,MobileNetV3,4,loc_group,L20_G50,20,50,hounie_rcl,2,0.7053,0.8058,0.8318,0.1496,0.3166,21.0,1.0,65.0,paperv2_phase2
dermmnist,MobileNetV3,4,loc_group,L20_G50,20,50,hounie_rcl,3,0.7125,0.81,0.8367,0.1398,0.2986,17.0,1.0,54.0,paperv2_phase2
dermmnist,MobileNetV3,4,loc_group,L20_G50,20,50,hounie_rcl,4,0.6993,0.7863,0.8183,0.1692,0.3556,20.0,1.0,70.0,paperv2_phase2
dermmnist,MobileNetV3,4,loc_group,L20_G50,20,50,tralo,1,0.6903,0.7979,0.8263,0.1453,0.3112,1.0,1.0,71.0,paperv2_phase2
dermmnist,MobileNetV3,4,loc_group,L20_G50,20,50,tralo,2,0.7056,0.8,0.8293,0.1487,0.3129,1.0,1.0,71.0,paperv2_phase2
dermmnist,MobileNetV3,4,loc_group,L20_G50,20,50,tralo,3,0.7166,0.8077,0.8352,0.1387,0.2964,13.0,1.0,70.0,paperv2_phase2
dermmnist,MobileNetV3,4,loc_group,L20_G50,20,50,tralo,4,0.7162,0.8064,0.8342,0.1422,0.3099,3.0,1.0,70.0,paperv2_phase2
dermmnist,MobileNetV3,4,loc_group,L20_G50,20,50,tralo_bounded,1,0.6897,0.7976,0.8258,0.1469,0.317,7.0,1.0,71.0,paperv2_phase2
dermmnist,MobileNetV3,4,loc_group,L20_G50,20,50,tralo_bounded,2,0.7134,0.805,0.8323,0.1485,0.3116,14.0,1.0,71.0,paperv2_phase2
dermmnist,MobileNetV3,4,loc_group,L20_G50,20,50,tralo_bounded,3,0.7127,0.8078,0.8352,0.1365,0.291,10.0,0.0,,paperv2_phase2
dermmnist,MobileNetV3,4,loc_group,L20_G50,20,50,tralo_bounded,4,0.7047,0.795,0.8253,0.1588,0.337,17.0,1.0,70.0,paperv2_phase2
dermmnist,MobileNetV3,4,loc_group,L20_G70,20,70,danits_lp,1,0.7142,0.8081,0.8347,0.1047,0.2319,151.0,0.0,,paperv2_phase2
dermmnist,MobileNetV3,4,loc_group,L20_G70,20,70,danits_lp,2,0.6876,0.8087,0.8328,0.108,0.2387,154.0,0.0,,paperv2_phase2
dermmnist,MobileNetV3,4,loc_group,L20_G70,20,70,danits_lp,3,0.7225,0.8194,0.8447,0.0908,0.2199,163.0,0.0,,paperv2_phase2
dermmnist,MobileNetV3,4,loc_group,L20_G70,20,70,danits_lp,4,0.6877,0.8113,0.8347,0.1012,0.2354,166.0,0.0,,paperv2_phase2
dermmnist,MobileNetV3,4,loc_group,L20_G70,20,70,fioretto_ldf,1,0.6863,0.7932,0.8223,0.1491,0.3194,4.0,1.0,21.0,paperv2_phase2
dermmnist,MobileNetV3,4,loc_group,L20_G70,20,70,fioretto_ldf,2,0.7091,0.8029,0.8318,0.1483,0.3151,11.0,1.0,21.0,paperv2_phase2
dermmnist,MobileNetV3,4,loc_group,L20_G70,20,70,fioretto_ldf,3,0.7192,0.8112,0.8392,0.1392,0.3011,16.0,1.0,20.0,paperv2_phase2
dermmnist,MobileNetV3,4,loc_group,L20_G70,20,70,fioretto_ldf,4,0.6971,0.7857,0.8178,0.1672,0.351,18.0,1.0,21.0,paperv2_phase2
dermmnist,MobileNetV3,4,loc_group,L20_G70,20,70,heuristic,1,0.7142,0.8081,0.8347,0.1047,0.2319,151.0,0.0,,paperv2_phase2
dermmnist,MobileNetV3,4,loc_group,L20_G70,20,70,heuristic,2,0.6876,0.8087,0.8328,0.108,0.2387,154.0,0.0,,paperv2_phase2
dermmnist,MobileNetV3,4,loc_group,L20_G70,20,70,heuristic,3,0.7225,0.8194,0.8447,0.0908,0.2199,163.0,0.0,,paperv2_phase2
dermmnist,MobileNetV3,4,loc_group,L20_G70,20,70,heuristic,4,0.6877,0.8113,0.8347,0.1012,0.2354,166.0,0.0,,paperv2_phase2
dermmnist,MobileNetV3,4,loc_group,L20_G70,20,70,hounie_rcl,1,0.687,0.7981,0.8263,0.1497,0.3289,15.0,1.0,68.0,paperv2_phase2
dermmnist,MobileNetV3,4,loc_group,L20_G70,20,70,hounie_rcl,2,0.7032,0.805,0.8308,0.1508,0.3174,21.0,1.0,68.0,paperv2_phase2
dermmnist,MobileNetV3,4,loc_group,L20_G70,20,70,hounie_rcl,3,0.7104,0.8103,0.8367,0.1391,0.2977,17.0,1.0,56.0,paperv2_phase2
dermmnist,MobileNetV3,4,loc_group,L20_G70,20,70,hounie_rcl,4,0.6983,0.7858,0.8178,0.1693,0.3567,20.0,1.0,73.0,paperv2_phase2
dermmnist,MobileNetV3,4,loc_group,L20_G70,20,70,tralo,1,0.6907,0.7969,0.8253,0.1461,0.311,1.0,1.0,71.0,paperv2_phase2
dermmnist,MobileNetV3,4,loc_group,L20_G70,20,70,tralo,2,0.7067,0.8009,0.8298,0.147,0.3109,0.0,1.0,71.0,paperv2_phase2
dermmnist,MobileNetV3,4,loc_group,L20_G70,20,70,tralo,3,0.719,0.8132,0.8397,0.1348,0.2899,0.0,1.0,70.0,paperv2_phase2
dermmnist,MobileNetV3,4,loc_group,L20_G70,20,70,tralo,4,0.6976,0.8017,0.8298,0.1462,0.3083,1.0,1.0,71.0,paperv2_phase2
dermmnist,MobileNetV3,4,loc_group,L20_G70,20,70,tralo_bounded,1,0.6898,0.7982,0.8263,0.1473,0.3149,9.0,1.0,71.0,paperv2_phase2
dermmnist,MobileNetV3,4,loc_group,L20_G70,20,70,tralo_bounded,2,0.7154,0.8062,0.8333,0.1479,0.3114,14.0,1.0,71.0,paperv2_phase2
dermmnist,MobileNetV3,4,loc_group,L20_G70,20,70,tralo_bounded,3,0.7177,0.8072,0.8347,0.1423,0.2986,19.0,1.0,70.0,paperv2_phase2
dermmnist,MobileNetV3,4,loc_group,L20_G70,20,70,tralo_bounded,4,0.7075,0.7941,0.8243,0.1599,0.3377,17.0,1.0,71.0,paperv2_phase2
dermmnist,MobileNetV3,4,loc_group,L20_G80,20,80,danits_lp,1,0.7142,0.8081,0.8347,0.1047,0.2319,151.0,0.0,,paperv2_phase2
dermmnist,MobileNetV3,4,loc_group,L20_G80,20,80,danits_lp,2,0.6876,0.8087,0.8328,0.108,0.2387,154.0,0.0,,paperv2_phase2
dermmnist,MobileNetV3,4,loc_group,L20_G80,20,80,danits_lp,3,0.7225,0.8194,0.8447,0.0908,0.2199,163.0,0.0,,paperv2_phase2
dermmnist,MobileNetV3,4,loc_group,L20_G80,20,80,danits_lp,4,0.6877,0.8113,0.8347,0.1012,0.2354,166.0,0.0,,paperv2_phase2
dermmnist,MobileNetV3,4,loc_group,L20_G80,20,80,fioretto_ldf,1,0.6876,0.7945,0.8238,0.1506,0.3201,4.0,1.0,21.0,paperv2_phase2
dermmnist,MobileNetV3,4,loc_group,L20_G80,20,80,fioretto_ldf,2,0.7077,0.8018,0.8308,0.1495,0.3157,11.0,1.0,20.0,paperv2_phase2
dermmnist,MobileNetV3,4,loc_group,L20_G80,20,80,fioretto_ldf,3,0.7182,0.8101,0.8382,0.1409,0.3017,17.0,1.0,20.0,paperv2_phase2
dermmnist,MobileNetV3,4,loc_group,L20_G80,20,80,fioretto_ldf,4,0.6971,0.7857,0.8178,0.1671,0.3507,18.0,1.0,21.0,paperv2_phase2
dermmnist,MobileNetV3,4,loc_group,L20_G80,20,80,heuristic,1,0.7142,0.8081,0.8347,0.1047,0.2319,151.0,0.0,,paperv2_phase2
dermmnist,MobileNetV3,4,loc_group,L20_G80,20,80,heuristic,2,0.6876,0.8087,0.8328,0.108,0.2387,154.0,0.0,,paperv2_phase2
dermmnist,MobileNetV3,4,loc_group,L20_G80,20,80,heuristic,3,0.7225,0.8194,0.8447,0.0908,0.2199,163.0,0.0,,paperv2_phase2
dermmnist,MobileNetV3,4,loc_group,L20_G80,20,80,heuristic,4,0.6877,0.8113,0.8347,0.1012,0.2354,166.0,0.0,,paperv2_phase2
dermmnist,MobileNetV3,4,loc_group,L20_G80,20,80,hounie_rcl,1,0.687,0.7981,0.8263,0.151,0.3281,15.0,1.0,68.0,paperv2_phase2
dermmnist,MobileNetV3,4,loc_group,L20_G80,20,80,hounie_rcl,2,0.7068,0.8065,0.8323,0.1493,0.3169,21.0,1.0,68.0,paperv2_phase2
dermmnist,MobileNetV3,4,loc_group,L20_G80,20,80,hounie_rcl,3,0.7095,0.8094,0.8357,0.1399,0.297,16.0,1.0,56.0,paperv2_phase2
dermmnist,MobileNetV3,4,loc_group,L20_G80,20,80,hounie_rcl,4,0.6981,0.7858,0.8178,0.1694,0.3571,20.0,1.0,73.0,paperv2_phase2
dermmnist,MobileNetV3,4,loc_group,L20_G80,20,80,tralo,1,0.696,0.8,0.8283,0.1443,0.3096,1.0,1.0,71.0,paperv2_phase2
dermmnist,MobileNetV3,4,loc_group,L20_G80,20,80,tralo,2,0.7069,0.8009,0.8298,0.147,0.3109,0.0,1.0,71.0,paperv2_phase2
dermmnist,MobileNetV3,4,loc_group,L20_G80,20,80,tralo,3,0.7195,0.8149,0.8412,0.1363,0.2914,0.0,1.0,70.0,paperv2_phase2
dermmnist,MobileNetV3,4,loc_group,L20_G80,20,80,tralo,4,0.7006,0.8035,0.8313,0.144,0.3073,0.0,1.0,70.0,paperv2_phase2
dermmnist,MobileNetV3,4,loc_group,L20_G80,20,80,tralo_bounded,1,0.6932,0.8015,0.8293,0.1454,0.3139,9.0,1.0,71.0,paperv2_phase2
dermmnist,MobileNetV3,4,loc_group,L20_G80,20,80,tralo_bounded,2,0.7148,0.8062,0.8333,0.1477,0.311,14.0,1.0,71.0,paperv2_phase2
dermmnist,MobileNetV3,4,loc_group,L20_G80,20,80,tralo_bounded,3,0.7134,0.8083,0.8352,0.1426,0.2976,19.0,1.0,70.0,paperv2_phase2
dermmnist,MobileNetV3,4,loc_group,L20_G80,20,80,tralo_bounded,4,0.7082,0.796,0.8258,0.1581,0.3333,17.0,1.0,70.0,paperv2_phase2
dermmnist,MobileNetV3,4,loc_group,L30_G20,30,20,danits_lp,1,0.7147,0.8081,0.8347,0.1047,0.2319,151.0,0.0,,paperv2_phase2
dermmnist,MobileNetV3,4,loc_group,L30_G20,30,20,danits_lp,2,0.6884,0.81,0.8337,0.108,0.2387,154.0,0.0,,paperv2_phase2
dermmnist,MobileNetV3,4,loc_group,L30_G20,30,20,danits_lp,3,0.7231,0.8194,0.8447,0.0908,0.2199,163.0,0.0,,paperv2_phase2
dermmnist,MobileNetV3,4,loc_group,L30_G20,30,20,danits_lp,4,0.6866,0.81,0.8337,0.1012,0.2354,166.0,0.0,,paperv2_phase2
dermmnist,MobileNetV3,4,loc_group,L30_G20,30,20,fioretto_ldf,1,0.6934,0.7982,0.8263,0.1444,0.3092,0.0,1.0,20.0,paperv2_phase2
dermmnist,MobileNetV3,4,loc_group,L30_G20,30,20,fioretto_ldf,2,0.7063,0.802,0.8313,0.1415,0.3039,0.0,1.0,20.0,paperv2_phase2
dermmnist,MobileNetV3,4,loc_group,L30_G20,30,20,fioretto_ldf,3,0.7193,0.8076,0.8382,0.1342,0.2911,0.0,1.0,19.0,paperv2_phase2
dermmnist,MobileNetV3,4,loc_group,L30_G20,30,20,fioretto_ldf,4,0.7153,0.8001,0.8303,0.1446,0.313,0.0,1.0,18.0,paperv2_phase2
dermmnist,MobileNetV3,4,loc_group,L30_G20,30,20,heuristic,1,0.7147,0.8081,0.8347,0.1047,0.2319,151.0,0.0,,paperv2_phase2
dermmnist,MobileNetV3,4,loc_group,L30_G20,30,20,heuristic,2,0.6884,0.81,0.8337,0.108,0.2387,154.0,0.0,,paperv2_phase2
dermmnist,MobileNetV3,4,loc_group,L30_G20,30,20,heuristic,3,0.7231,0.8194,0.8447,0.0908,0.2199,163.0,0.0,,paperv2_phase2
dermmnist,MobileNetV3,4,loc_group,L30_G20,30,20,heuristic,4,0.6866,0.81,0.8337,0.1012,0.2354,166.0,0.0,,paperv2_phase2
dermmnist,MobileNetV3,4,loc_group,L30_G20,30,20,hounie_rcl,1,0.6833,0.7938,0.8243,0.1454,0.3154,0.0,1.0,59.0,paperv2_phase2
dermmnist,MobileNetV3,4,loc_group,L30_G20,30,20,hounie_rcl,2,0.7104,0.8006,0.8308,0.1446,0.3078,0.0,1.0,60.0,paperv2_phase2
dermmnist,MobileNetV3,4,loc_group,L30_G20,30,20,hounie_rcl,3,0.7027,0.8017,0.8333,0.1363,0.2939,0.0,1.0,52.0,paperv2_phase2
dermmnist,MobileNetV3,4,loc_group,L30_G20,30,20,hounie_rcl,4,0.7136,0.7945,0.8268,0.15,0.3214,0.0,1.0,55.0,paperv2_phase2
dermmnist,MobileNetV3,4,loc_group,L30_G20,30,20,tralo,1,0.6895,0.7978,0.8263,0.146,0.315,0.0,1.0,70.0,paperv2_phase2
dermmnist,MobileNetV3,4,loc_group,L30_G20,30,20,tralo,2,0.6961,0.802,0.8303,0.1448,0.3045,0.0,1.0,70.0,paperv2_phase2
dermmnist,MobileNetV3,4,loc_group,L30_G20,30,20,tralo,3,0.7141,0.8092,0.8362,0.1385,0.2923,0.0,1.0,69.0,paperv2_phase2
dermmnist,MobileNetV3,4,loc_group,L30_G20,30,20,tralo,4,0.7088,0.8002,0.8293,0.1488,0.3159,0.0,1.0,68.0,paperv2_phase2
dermmnist,MobileNetV3,4,loc_group,L30_G20,30,20,tralo_bounded,1,0.6944,0.8013,0.8298,0.1437,0.3065,0.0,1.0,70.0,paperv2_phase2
dermmnist,MobileNetV3,4,loc_group,L30_G20,30,20,tralo_bounded,2,0.7091,0.7987,0.8293,0.1439,0.3047,0.0,1.0,70.0,paperv2_phase2
dermmnist,MobileNetV3,4,loc_group,L30_G20,30,20,tralo_bounded,3,0.7092,0.8068,0.8357,0.1342,0.2903,0.0,1.0,69.0,paperv2_phase2
dermmnist,MobileNetV3,4,loc_group,L30_G20,30,20,tralo_bounded,4,0.711,0.7977,0.8283,0.1473,0.3132,0.0,1.0,68.0,paperv2_phase2
dermmnist,MobileNetV3,4,loc_group,L30_G30,30,30,danits_lp,1,0.7335,0.8244,0.8437,0.1047,0.2319,129.0,0.0,,expansion_dermmnist_baselines
dermmnist,MobileNetV3,4,loc_group,L30_G30,30,30,danits_lp,2,0.7098,0.8275,0.8437,0.108,0.2387,132.0,0.0,,expansion_dermmnist_baselines
dermmnist,MobileNetV3,4,loc_group,L30_G30,30,30,danits_lp,3,0.74,0.8351,0.8532,0.0908,0.2199,141.0,0.0,,expansion_dermmnist_baselines
dermmnist,MobileNetV3,4,loc_group,L30_G30,30,30,danits_lp,4,0.7064,0.8277,0.8437,0.1012,0.2354,144.0,0.0,,paperv2_phase1
dermmnist,MobileNetV3,4,loc_group,L30_G30,30,30,fioretto_ldf,1,0.7152,0.8187,0.8392,0.1348,0.291,12.0,1.0,17.0,paperv2_phase1
dermmnist,MobileNetV3,4,loc_group,L30_G30,30,30,fioretto_ldf,2,0.7285,0.8189,0.8392,0.1351,0.2862,11.0,0.0,,paperv2_phase1
dermmnist,MobileNetV3,4,loc_group,L30_G30,30,30,fioretto_ldf,3,0.7374,0.8284,0.8487,0.1236,0.2749,9.0,0.0,,paperv2_phase1
dermmnist,MobileNetV3,4,loc_group,L30_G30,30,30,fioretto_ldf,4,0.7409,0.8244,0.8452,0.1341,0.29,12.0,1.0,16.0,paperv2_phase1
dermmnist,MobileNetV3,4,loc_group,L30_G30,30,30,heuristic,1,0.7335,0.8244,0.8437,0.1047,0.2319,129.0,0.0,,expansion_dermmnist_baselines
dermmnist,MobileNetV3,4,loc_group,L30_G30,30,30,heuristic,2,0.7096,0.8275,0.8437,0.108,0.2387,132.0,0.0,,expansion_dermmnist_baselines
dermmnist,MobileNetV3,4,loc_group,L30_G30,30,30,heuristic,3,0.74,0.8351,0.8532,0.0908,0.2199,141.0,0.0,,expansion_dermmnist_baselines
dermmnist,MobileNetV3,4,loc_group,L30_G30,30,30,heuristic,4,0.7064,0.8277,0.8437,0.1012,0.2354,144.0,0.0,,paperv2_phase1
dermmnist,MobileNetV3,4,loc_group,L30_G30,30,30,hounie_rcl,1,0.7205,0.8221,0.8422,0.1307,0.2852,9.0,1.0,49.0,paperv2_phase1
dermmnist,MobileNetV3,4,loc_group,L30_G30,30,30,hounie_rcl,2,0.7369,0.8244,0.8432,0.1413,0.3027,31.0,1.0,59.0,paperv2_phase1
dermmnist,MobileNetV3,4,loc_group,L30_G30,30,30,hounie_rcl,3,0.7325,0.8263,0.8462,0.1276,0.2805,18.0,1.0,46.0,paperv2_phase1
dermmnist,MobileNetV3,4,loc_group,L30_G30,30,30,hounie_rcl,4,0.7321,0.8197,0.8412,0.139,0.3003,15.0,1.0,49.0,paperv2_phase1
dermmnist,MobileNetV3,4,loc_group,L30_G30,30,30,tralo,1,0.7217,0.8254,0.8447,0.1265,0.274,0.0,1.0,67.0,paperv2_phase1
dermmnist,MobileNetV3,4,loc_group,L30_G30,30,30,tralo,2,0.7372,0.8227,0.8422,0.1381,0.2955,21.0,1.0,70.0,paperv2_phase1
dermmnist,MobileNetV3,4,loc_group,L30_G30,30,30,tralo,3,0.7333,0.8255,0.8457,0.1277,0.2775,10.0,1.0,67.0,paperv2_phase1
dermmnist,MobileNetV3,4,loc_group,L30_G30,30,30,tralo,4,0.7281,0.8238,0.8442,0.1312,0.2799,1.0,1.0,65.0,paperv2_phase1
dermmnist,MobileNetV3,4,loc_group,L30_G30,30,30,tralo_bounded,1,0.7205,0.8222,0.8422,0.1295,0.2813,4.0,1.0,67.0,paperv2_phase1
dermmnist,MobileNetV3,4,loc_group,L30_G30,30,30,tralo_bounded,2,0.7405,0.8263,0.8452,0.1343,0.2861,14.0,0.0,,paperv2_phase1
dermmnist,MobileNetV3,4,loc_group,L30_G30,30,30,tralo_bounded,3,0.7417,0.8298,0.8492,0.1245,0.2682,9.0,0.0,,paperv2_phase1
dermmnist,MobileNetV3,4,loc_group,L30_G30,30,30,tralo_bounded,4,0.736,0.8247,0.8452,0.1338,0.2839,5.0,1.0,65.0,paperv2_phase1
dermmnist,MobileNetV3,4,loc_group,L30_G50,30,50,danits_lp,1,0.7335,0.8244,0.8437,0.1047,0.2319,129.0,0.0,,paperv2_phase2
dermmnist,MobileNetV3,4,loc_group,L30_G50,30,50,danits_lp,2,0.7098,0.8275,0.8437,0.108,0.2387,132.0,0.0,,paperv2_phase2
dermmnist,MobileNetV3,4,loc_group,L30_G50,30,50,danits_lp,3,0.74,0.8351,0.8532,0.0908,0.2199,141.0,0.0,,paperv2_phase2
dermmnist,MobileNetV3,4,loc_group,L30_G50,30,50,danits_lp,4,0.7064,0.8277,0.8437,0.1012,0.2354,144.0,0.0,,paperv2_phase2
dermmnist,MobileNetV3,4,loc_group,L30_G50,30,50,fioretto_ldf,1,0.7152,0.8187,0.8392,0.134,0.2915,11.0,1.0,17.0,paperv2_phase2
dermmnist,MobileNetV3,4,loc_group,L30_G50,30,50,fioretto_ldf,2,0.7286,0.8188,0.8392,0.1348,0.2866,11.0,0.0,,paperv2_phase2
dermmnist,MobileNetV3,4,loc_group,L30_G50,30,50,fioretto_ldf,3,0.7362,0.8279,0.8482,0.124,0.275,9.0,0.0,,paperv2_phase2
dermmnist,MobileNetV3,4,loc_group,L30_G50,30,50,fioretto_ldf,4,0.7409,0.8244,0.8452,0.134,0.2902,12.0,1.0,16.0,paperv2_phase2
dermmnist,MobileNetV3,4,loc_group,L30_G50,30,50,heuristic,1,0.7335,0.8244,0.8437,0.1047,0.2319,129.0,0.0,,paperv2_phase2
dermmnist,MobileNetV3,4,loc_group,L30_G50,30,50,heuristic,2,0.7096,0.8275,0.8437,0.108,0.2387,132.0,0.0,,paperv2_phase2
dermmnist,MobileNetV3,4,loc_group,L30_G50,30,50,heuristic,3,0.74,0.8351,0.8532,0.0908,0.2199,141.0,0.0,,paperv2_phase2
dermmnist,MobileNetV3,4,loc_group,L30_G50,30,50,heuristic,4,0.7064,0.8277,0.8437,0.1012,0.2354,144.0,0.0,,paperv2_phase2
dermmnist,MobileNetV3,4,loc_group,L30_G50,30,50,hounie_rcl,1,0.7203,0.8222,0.8422,0.1305,0.2853,10.0,1.0,52.0,paperv2_phase2
dermmnist,MobileNetV3,4,loc_group,L30_G50,30,50,hounie_rcl,2,0.7403,0.8265,0.8452,0.1402,0.3012,28.0,1.0,62.0,paperv2_phase2
dermmnist,MobileNetV3,4,loc_group,L30_G50,30,50,hounie_rcl,3,0.7351,0.8268,0.8467,0.1272,0.2796,18.0,1.0,48.0,paperv2_phase2
dermmnist,MobileNetV3,4,loc_group,L30_G50,30,50,hounie_rcl,4,0.7372,0.8227,0.8437,0.1376,0.299,15.0,1.0,52.0,paperv2_phase2
dermmnist,MobileNetV3,4,loc_group,L30_G50,30,50,tralo,1,0.7269,0.8261,0.8457,0.1273,0.2752,0.0,1.0,67.0,paperv2_phase2
dermmnist,MobileNetV3,4,loc_group,L30_G50,30,50,tralo,2,0.738,0.8232,0.8427,0.1383,0.297,21.0,1.0,70.0,paperv2_phase2
dermmnist,MobileNetV3,4,loc_group,L30_G50,30,50,tralo,3,0.7427,0.8318,0.8517,0.1252,0.2698,2.0,1.0,67.0,paperv2_phase2
dermmnist,MobileNetV3,4,loc_group,L30_G50,30,50,tralo,4,0.731,0.8268,0.8472,0.13,0.2783,0.0,1.0,65.0,paperv2_phase2
dermmnist,MobileNetV3,4,loc_group,L30_G50,30,50,tralo_bounded,1,0.7199,0.821,0.8412,0.1329,0.2875,10.0,1.0,67.0,paperv2_phase2
dermmnist,MobileNetV3,4,loc_group,L30_G50,30,50,tralo_bounded,2,0.7394,0.825,0.8442,0.1336,0.2864,13.0,0.0,,paperv2_phase2
dermmnist,MobileNetV3,4,loc_group,L30_G50,30,50,tralo_bounded,3,0.744,0.8304,0.8497,0.1247,0.2685,9.0,0.0,,paperv2_phase2
dermmnist,MobileNetV3,4,loc_group,L30_G50,30,50,tralo_bounded,4,0.7376,0.8243,0.8447,0.1341,0.2856,10.0,1.0,65.0,paperv2_phase2
dermmnist,MobileNetV3,4,loc_group,L30_G70,30,70,danits_lp,1,0.7335,0.8244,0.8437,0.1047,0.2319,129.0,0.0,,paperv2_phase2
dermmnist,MobileNetV3,4,loc_group,L30_G70,30,70,danits_lp,2,0.7098,0.8275,0.8437,0.108,0.2387,132.0,0.0,,paperv2_phase2
dermmnist,MobileNetV3,4,loc_group,L30_G70,30,70,danits_lp,3,0.74,0.8351,0.8532,0.0908,0.2199,141.0,0.0,,paperv2_phase2
dermmnist,MobileNetV3,4,loc_group,L30_G70,30,70,danits_lp,4,0.7064,0.8277,0.8437,0.1012,0.2354,144.0,0.0,,paperv2_phase2
dermmnist,MobileNetV3,4,loc_group,L30_G70,30,70,fioretto_ldf,1,0.7118,0.8176,0.8382,0.1354,0.2924,11.0,1.0,17.0,paperv2_phase2
dermmnist,MobileNetV3,4,loc_group,L30_G70,30,70,fioretto_ldf,2,0.723,0.8189,0.8397,0.1343,0.2877,11.0,0.0,,paperv2_phase2
dermmnist,MobileNetV3,4,loc_group,L30_G70,30,70,fioretto_ldf,3,0.7382,0.8295,0.8497,0.122,0.2752,6.0,0.0,,paperv2_phase2
dermmnist,MobileNetV3,4,loc_group,L30_G70,30,70,fioretto_ldf,4,0.7418,0.8247,0.8457,0.1337,0.2904,11.0,1.0,16.0,paperv2_phase2
dermmnist,MobileNetV3,4,loc_group,L30_G70,30,70,heuristic,1,0.7335,0.8244,0.8437,0.1047,0.2319,129.0,0.0,,paperv2_phase2
dermmnist,MobileNetV3,4,loc_group,L30_G70,30,70,heuristic,2,0.7096,0.8275,0.8437,0.108,0.2387,132.0,0.0,,paperv2_phase2
dermmnist,MobileNetV3,4,loc_group,L30_G70,30,70,heuristic,3,0.74,0.8351,0.8532,0.0908,0.2199,141.0,0.0,,paperv2_phase2
dermmnist,MobileNetV3,4,loc_group,L30_G70,30,70,heuristic,4,0.7064,0.8277,0.8437,0.1012,0.2354,144.0,0.0,,paperv2_phase2
dermmnist,MobileNetV3,4,loc_group,L30_G70,30,70,hounie_rcl,1,0.7195,0.8218,0.8417,0.1308,0.2824,8.0,1.0,54.0,paperv2_phase2
dermmnist,MobileNetV3,4,loc_group,L30_G70,30,70,hounie_rcl,2,0.7327,0.826,0.8447,0.1368,0.2982,27.0,1.0,64.0,paperv2_phase2
dermmnist,MobileNetV3,4,loc_group,L30_G70,30,70,hounie_rcl,3,0.7339,0.8272,0.8472,0.1272,0.2799,18.0,1.0,51.0,paperv2_phase2
dermmnist,MobileNetV3,4,loc_group,L30_G70,30,70,hounie_rcl,4,0.7372,0.8223,0.8432,0.1369,0.2958,13.0,1.0,54.0,paperv2_phase2
dermmnist,MobileNetV3,4,loc_group,L30_G70,30,70,tralo,1,0.719,0.8247,0.8442,0.1258,0.2759,3.0,1.0,67.0,paperv2_phase2
dermmnist,MobileNetV3,4,loc_group,L30_G70,30,70,tralo,2,0.7405,0.8255,0.8447,0.1353,0.2932,18.0,1.0,69.0,paperv2_phase2
dermmnist,MobileNetV3,4,loc_group,L30_G70,30,70,tralo,3,0.7408,0.8295,0.8497,0.126,0.2706,1.0,1.0,67.0,paperv2_phase2
dermmnist,MobileNetV3,4,loc_group,L30_G70,30,70,tralo,4,0.7288,0.826,0.8462,0.1302,0.2782,0.0,1.0,66.0,paperv2_phase2
dermmnist,MobileNetV3,4,loc_group,L30_G70,30,70,tralo_bounded,1,0.7196,0.8217,0.8417,0.1319,0.2859,10.0,1.0,67.0,paperv2_phase2
dermmnist,MobileNetV3,4,loc_group,L30_G70,30,70,tralo_bounded,2,0.7403,0.8261,0.8452,0.1313,0.2842,12.0,0.0,,paperv2_phase2
dermmnist,MobileNetV3,4,loc_group,L30_G70,30,70,tralo_bounded,3,0.744,0.8309,0.8502,0.124,0.2687,8.0,0.0,,paperv2_phase2
dermmnist,MobileNetV3,4,loc_group,L30_G70,30,70,tralo_bounded,4,0.7249,0.8233,0.8437,0.1303,0.2803,6.0,0.0,,paperv2_phase2
dermmnist,MobileNetV3,4,loc_group,L30_G80,30,80,danits_lp,1,0.7335,0.8244,0.8437,0.1047,0.2319,129.0,0.0,,expansion_dermmnist_baselines
dermmnist,MobileNetV3,4,loc_group,L30_G80,30,80,danits_lp,2,0.7098,0.8275,0.8437,0.108,0.2387,132.0,0.0,,expansion_dermmnist_baselines
dermmnist,MobileNetV3,4,loc_group,L30_G80,30,80,danits_lp,3,0.74,0.8351,0.8532,0.0908,0.2199,141.0,0.0,,expansion_dermmnist_baselines
dermmnist,MobileNetV3,4,loc_group,L30_G80,30,80,danits_lp,4,0.7064,0.8277,0.8437,0.1012,0.2354,144.0,0.0,,paperv2_phase2
dermmnist,MobileNetV3,4,loc_group,L30_G80,30,80,fioretto_ldf,1,0.7125,0.8175,0.8382,0.1363,0.2931,12.0,1.0,17.0,paperv2_phase2
dermmnist,MobileNetV3,4,loc_group,L30_G80,30,80,fioretto_ldf,2,0.7221,0.8178,0.8387,0.1349,0.2881,12.0,0.0,,paperv2_phase2
dermmnist,MobileNetV3,4,loc_group,L30_G80,30,80,fioretto_ldf,3,0.7381,0.8299,0.8502,0.1227,0.2754,6.0,0.0,,paperv2_phase2
dermmnist,MobileNetV3,4,loc_group,L30_G80,30,80,fioretto_ldf,4,0.7418,0.8247,0.8457,0.1339,0.2903,11.0,1.0,16.0,paperv2_phase2
dermmnist,MobileNetV3,4,loc_group,L30_G80,30,80,heuristic,1,0.7335,0.8244,0.8437,0.1047,0.2319,129.0,0.0,,expansion_dermmnist_baselines
dermmnist,MobileNetV3,4,loc_group,L30_G80,30,80,heuristic,2,0.7096,0.8275,0.8437,0.108,0.2387,132.0,0.0,,expansion_dermmnist_baselines
dermmnist,MobileNetV3,4,loc_group,L30_G80,30,80,heuristic,3,0.74,0.8351,0.8532,0.0908,0.2199,141.0,0.0,,expansion_dermmnist_baselines
dermmnist,MobileNetV3,4,loc_group,L30_G80,30,80,heuristic,4,0.7064,0.8277,0.8437,0.1012,0.2354,144.0,0.0,,paperv2_phase2
dermmnist,MobileNetV3,4,loc_group,L30_G80,30,80,hounie_rcl,1,0.7195,0.8218,0.8417,0.1306,0.2829,10.0,1.0,55.0,paperv2_phase2
dermmnist,MobileNetV3,4,loc_group,L30_G80,30,80,hounie_rcl,2,0.7269,0.8256,0.8442,0.1367,0.2977,26.0,1.0,64.0,paperv2_phase2
dermmnist,MobileNetV3,4,loc_group,L30_G80,30,80,hounie_rcl,3,0.7366,0.8291,0.8487,0.1257,0.279,18.0,1.0,51.0,paperv2_phase2
dermmnist,MobileNetV3,4,loc_group,L30_G80,30,80,hounie_rcl,4,0.7369,0.8222,0.8432,0.1376,0.2974,14.0,1.0,55.0,paperv2_phase2
dermmnist,MobileNetV3,4,loc_group,L30_G80,30,80,tralo,1,0.7216,0.8247,0.8442,0.1256,0.276,3.0,1.0,67.0,paperv2_phase2
dermmnist,MobileNetV3,4,loc_group,L30_G80,30,80,tralo,2,0.7352,0.8246,0.8432,0.1317,0.2824,1.0,1.0,69.0,paperv2_phase2
dermmnist,MobileNetV3,4,loc_group,L30_G80,30,80,tralo,3,0.7413,0.8296,0.8497,0.1253,0.269,2.0,1.0,67.0,paperv2_phase2
dermmnist,MobileNetV3,4,loc_group,L30_G80,30,80,tralo,4,0.7241,0.8232,0.8437,0.1301,0.2794,1.0,1.0,65.0,paperv2_phase2
dermmnist,MobileNetV3,4,loc_group,L30_G80,30,80,tralo_bounded,1,0.7219,0.8239,0.8437,0.1283,0.2797,6.0,1.0,67.0,paperv2_phase2
dermmnist,MobileNetV3,4,loc_group,L30_G80,30,80,tralo_bounded,2,0.7394,0.8255,0.8447,0.1315,0.2848,13.0,0.0,,paperv2_phase2
dermmnist,MobileNetV3,4,loc_group,L30_G80,30,80,tralo_bounded,3,0.7458,0.8315,0.8507,0.123,0.2679,10.0,0.0,,paperv2_phase2
dermmnist,MobileNetV3,4,loc_group,L30_G80,30,80,tralo_bounded,4,0.7249,0.8227,0.8432,0.1328,0.2834,5.0,1.0,65.0,paperv2_phase2
dermmnist,MobileNetV3,4,loc_group,L50_G20,50,20,danits_lp,1,0.7147,0.8081,0.8347,0.1047,0.2319,151.0,0.0,,expansion_dermmnist_baselines
dermmnist,MobileNetV3,4,loc_group,L50_G20,50,20,danits_lp,2,0.6884,0.81,0.8337,0.108,0.2387,154.0,0.0,,expansion_dermmnist_baselines
dermmnist,MobileNetV3,4,loc_group,L50_G20,50,20,danits_lp,3,0.7231,0.8194,0.8447,0.0908,0.2199,163.0,0.0,,expansion_dermmnist_baselines
dermmnist,MobileNetV3,4,loc_group,L50_G20,50,20,danits_lp,4,0.6866,0.81,0.8337,0.1012,0.2354,166.0,0.0,,paperv2_phase2
dermmnist,MobileNetV3,4,loc_group,L50_G20,50,20,fioretto_ldf,1,0.697,0.7987,0.8268,0.144,0.3089,0.0,1.0,20.0,paperv2_phase2
dermmnist,MobileNetV3,4,loc_group,L50_G20,50,20,fioretto_ldf,2,0.7081,0.8028,0.8323,0.1404,0.3035,0.0,1.0,20.0,paperv2_phase2
dermmnist,MobileNetV3,4,loc_group,L50_G20,50,20,fioretto_ldf,3,0.717,0.8062,0.8372,0.1346,0.291,0.0,1.0,19.0,paperv2_phase2
dermmnist,MobileNetV3,4,loc_group,L50_G20,50,20,fioretto_ldf,4,0.7155,0.8001,0.8303,0.1447,0.3133,0.0,1.0,18.0,paperv2_phase2
dermmnist,MobileNetV3,4,loc_group,L50_G20,50,20,heuristic,1,0.7147,0.8081,0.8347,0.1047,0.2319,151.0,0.0,,expansion_dermmnist_baselines
dermmnist,MobileNetV3,4,loc_group,L50_G20,50,20,heuristic,2,0.6884,0.81,0.8337,0.108,0.2387,154.0,0.0,,expansion_dermmnist_baselines
dermmnist,MobileNetV3,4,loc_group,L50_G20,50,20,heuristic,3,0.7231,0.8194,0.8447,0.0908,0.2199,163.0,0.0,,expansion_dermmnist_baselines
dermmnist,MobileNetV3,4,loc_group,L50_G20,50,20,heuristic,4,0.6866,0.81,0.8337,0.1012,0.2354,166.0,0.0,,paperv2_phase2
dermmnist,MobileNetV3,4,loc_group,L50_G20,50,20,hounie_rcl,1,0.6898,0.7963,0.8253,0.1449,0.3127,0.0,1.0,75.0,paperv2_phase2
dermmnist,MobileNetV3,4,loc_group,L50_G20,50,20,hounie_rcl,2,0.7161,0.8044,0.8328,0.142,0.3019,0.0,1.0,75.0,paperv2_phase2
dermmnist,MobileNetV3,4,loc_group,L50_G20,50,20,hounie_rcl,3,0.7117,0.8063,0.8357,0.1333,0.2892,0.0,1.0,65.0,paperv2_phase2
dermmnist,MobileNetV3,4,loc_group,L50_G20,50,20,hounie_rcl,4,0.7133,0.7974,0.8283,0.1472,0.3166,0.0,1.0,71.0,paperv2_phase2
dermmnist,MobileNetV3,4,loc_group,L50_G20,50,20,tralo,1,0.6878,0.7986,0.8268,0.1457,0.3124,0.0,1.0,70.0,paperv2_phase2
dermmnist,MobileNetV3,4,loc_group,L50_G20,50,20,tralo,2,0.6991,0.8026,0.8303,0.1458,0.3036,0.0,1.0,70.0,paperv2_phase2
dermmnist,MobileNetV3,4,loc_group,L50_G20,50,20,tralo,3,0.7164,0.8104,0.8377,0.1358,0.2888,0.0,1.0,69.0,paperv2_phase2
dermmnist,MobileNetV3,4,loc_group,L50_G20,50,20,tralo,4,0.7158,0.8024,0.8318,0.1434,0.3107,0.0,1.0,67.0,paperv2_phase2
dermmnist,MobileNetV3,4,loc_group,L50_G20,50,20,tralo_bounded,1,0.6949,0.7994,0.8283,0.1425,0.3103,0.0,1.0,70.0,paperv2_phase2
dermmnist,MobileNetV3,4,loc_group,L50_G20,50,20,tralo_bounded,2,0.7126,0.8038,0.8318,0.141,0.3005,0.0,1.0,70.0,paperv2_phase2
dermmnist,MobileNetV3,4,loc_group,L50_G20,50,20,tralo_bounded,3,0.7183,0.8124,0.8392,0.1296,0.2831,2.0,0.0,,paperv2_phase2
dermmnist,MobileNetV3,4,loc_group,L50_G20,50,20,tralo_bounded,4,0.7119,0.801,0.8308,0.1433,0.3106,0.0,1.0,67.0,paperv2_phase2
dermmnist,MobileNetV3,4,loc_group,L50_G30,50,30,danits_lp,1,0.7335,0.8244,0.8437,0.1047,0.2319,129.0,0.0,,paperv2_phase2
dermmnist,MobileNetV3,4,loc_group,L50_G30,50,30,danits_lp,2,0.7115,0.8275,0.8437,0.108,0.2387,132.0,0.0,,paperv2_phase2
dermmnist,MobileNetV3,4,loc_group,L50_G30,50,30,danits_lp,3,0.7402,0.835,0.8532,0.0908,0.2199,141.0,0.0,,paperv2_phase2
dermmnist,MobileNetV3,4,loc_group,L50_G30,50,30,danits_lp,4,0.7053,0.8275,0.8437,0.1012,0.2354,144.0,0.0,,paperv2_phase2
dermmnist,MobileNetV3,4,loc_group,L50_G30,50,30,fioretto_ldf,1,0.7184,0.8197,0.8402,0.1306,0.2818,0.0,1.0,17.0,paperv2_phase2
dermmnist,MobileNetV3,4,loc_group,L50_G30,50,30,fioretto_ldf,2,0.7291,0.8172,0.8387,0.1346,0.286,0.0,1.0,18.0,paperv2_phase2
dermmnist,MobileNetV3,4,loc_group,L50_G30,50,30,fioretto_ldf,3,0.74,0.8301,0.8502,0.1215,0.2677,0.0,1.0,16.0,paperv2_phase2
dermmnist,MobileNetV3,4,loc_group,L50_G30,50,30,fioretto_ldf,4,0.7389,0.825,0.8457,0.1271,0.2789,2.0,0.0,,paperv2_phase2
dermmnist,MobileNetV3,4,loc_group,L50_G30,50,30,heuristic,1,0.7323,0.8232,0.8427,0.1047,0.2319,129.0,0.0,,paperv2_phase2
dermmnist,MobileNetV3,4,loc_group,L50_G30,50,30,heuristic,2,0.7103,0.8263,0.8427,0.108,0.2387,132.0,0.0,,paperv2_phase2
dermmnist,MobileNetV3,4,loc_group,L50_G30,50,30,heuristic,3,0.74,0.8351,0.8532,0.0908,0.2199,141.0,0.0,,paperv2_phase2
dermmnist,MobileNetV3,4,loc_group,L50_G30,50,30,heuristic,4,0.7053,0.8275,0.8437,0.1012,0.2354,144.0,0.0,,paperv2_phase2
dermmnist,MobileNetV3,4,loc_group,L50_G30,50,30,hounie_rcl,1,0.711,0.8159,0.8382,0.1315,0.2851,0.0,1.0,60.0,paperv2_phase2
dermmnist,MobileNetV3,4,loc_group,L50_G30,50,30,hounie_rcl,2,0.7301,0.8205,0.8417,0.132,0.2854,0.0,1.0,67.0,paperv2_phase2
dermmnist,MobileNetV3,4,loc_group,L50_G30,50,30,hounie_rcl,3,0.7366,0.8257,0.8467,0.1242,0.2714,0.0,1.0,51.0,paperv2_phase2
dermmnist,MobileNetV3,4,loc_group,L50_G30,50,30,hounie_rcl,4,0.7211,0.8126,0.8377,0.1362,0.2939,0.0,1.0,62.0,paperv2_phase2
dermmnist,MobileNetV3,4,loc_group,L50_G30,50,30,tralo,1,0.7092,0.8202,0.8402,0.1347,0.2851,0.0,1.0,66.0,paperv2_phase2
dermmnist,MobileNetV3,4,loc_group,L50_G30,50,30,tralo,2,0.7195,0.819,0.8392,0.1359,0.2872,0.0,1.0,67.0,paperv2_phase2
dermmnist,MobileNetV3,4,loc_group,L50_G30,50,30,tralo,3,0.7383,0.8284,0.8487,0.1249,0.2684,0.0,1.0,66.0,paperv2_phase2
dermmnist,MobileNetV3,4,loc_group,L50_G30,50,30,tralo,4,0.7312,0.8254,0.8457,0.1287,0.2761,0.0,1.0,65.0,paperv2_phase2
dermmnist,MobileNetV3,4,loc_group,L50_G30,50,30,tralo_bounded,1,0.713,0.8172,0.8387,0.1305,0.2843,0.0,1.0,66.0,paperv2_phase2
dermmnist,MobileNetV3,4,loc_group,L50_G30,50,30,tralo_bounded,2,0.7405,0.8273,0.8462,0.1272,0.2786,0.0,1.0,67.0,paperv2_phase2
dermmnist,MobileNetV3,4,loc_group,L50_G30,50,30,tralo_bounded,3,0.735,0.8271,0.8477,0.1233,0.2684,0.0,1.0,66.0,paperv2_phase2
dermmnist,MobileNetV3,4,loc_group,L50_G30,50,30,tralo_bounded,4,0.7301,0.8174,0.8412,0.1319,0.2864,0.0,1.0,65.0,paperv2_phase2
dermmnist,MobileNetV3,4,loc_group,L50_G50,50,50,danits_lp,1,0.7576,0.8476,0.8582,0.1047,0.2319,85.0,0.0,,expansion_dermmnist_baselines
dermmnist,MobileNetV3,4,loc_group,L50_G50,50,50,danits_lp,2,0.7337,0.8435,0.8522,0.108,0.2387,88.0,0.0,,expansion_dermmnist_baselines
dermmnist,MobileNetV3,4,loc_group,L50_G50,50,50,danits_lp,3,0.7684,0.8588,0.8677,0.0908,0.2199,97.0,0.0,,expansion_dermmnist_baselines
dermmnist,MobileNetV3,4,loc_group,L50_G50,50,50,danits_lp,4,0.7289,0.8465,0.8542,0.1012,0.2354,100.0,0.0,,paperv2_phase1
dermmnist,MobileNetV3,4,loc_group,L50_G50,50,50,fioretto_ldf,1,0.7586,0.8509,0.8612,0.1088,0.2462,8.0,1.0,13.0,paperv2_phase1
dermmnist,MobileNetV3,4,loc_group,L50_G50,50,50,fioretto_ldf,2,0.7562,0.8486,0.8592,0.1173,0.2556,11.0,0.0,,paperv2_phase1
dermmnist,MobileNetV3,4,loc_group,L50_G50,50,50,fioretto_ldf,3,0.7776,0.8547,0.8652,0.1081,0.2397,12.0,1.0,12.0,paperv2_phase1
dermmnist,MobileNetV3,4,loc_group,L50_G50,50,50,fioretto_ldf,4,0.7652,0.8535,0.8642,0.1113,0.2467,8.0,1.0,10.0,paperv2_phase1
dermmnist,MobileNetV3,4,loc_group,L50_G50,50,50,heuristic,1,0.7576,0.8476,0.8582,0.1047,0.2319,85.0,0.0,,expansion_dermmnist_baselines
dermmnist,MobileNetV3,4,loc_group,L50_G50,50,50,heuristic,2,0.7337,0.8435,0.8522,0.108,0.2387,88.0,0.0,,expansion_dermmnist_baselines
dermmnist,MobileNetV3,4,loc_group,L50_G50,50,50,heuristic,3,0.7682,0.8589,0.8677,0.0908,0.2199,97.0,0.0,,expansion_dermmnist_baselines
dermmnist,MobileNetV3,4,loc_group,L50_G50,50,50,heuristic,4,0.7291,0.8465,0.8542,0.1012,0.2354,100.0,0.0,,paperv2_phase1
dermmnist,MobileNetV3,4,loc_group,L50_G50,50,50,hounie_rcl,1,0.7562,0.8512,0.8612,0.115,0.2542,23.0,1.0,49.0,paperv2_phase1
dermmnist,MobileNetV3,4,loc_group,L50_G50,50,50,hounie_rcl,2,0.7546,0.8484,0.8582,0.1222,0.2609,19.0,1.0,50.0,paperv2_phase1
dermmnist,MobileNetV3,4,loc_group,L50_G50,50,50,hounie_rcl,3,0.7826,0.8566,0.8667,0.1094,0.2463,21.0,1.0,38.0,paperv2_phase1
dermmnist,MobileNetV3,4,loc_group,L50_G50,50,50,hounie_rcl,4,0.7631,0.8534,0.8642,0.1134,0.2504,15.0,1.0,41.0,paperv2_phase1
dermmnist,MobileNetV3,4,loc_group,L50_G50,50,50,tralo,1,0.7649,0.8544,0.8642,0.1074,0.2412,3.0,1.0,63.0,paperv2_phase1
dermmnist,MobileNetV3,4,loc_group,L50_G50,50,50,tralo,2,0.7598,0.8495,0.8592,0.1194,0.2549,0.0,1.0,63.0,paperv2_phase1
dermmnist,MobileNetV3,4,loc_group,L50_G50,50,50,tralo,3,0.7707,0.8514,0.8627,0.1086,0.2393,8.0,1.0,62.0,paperv2_phase1
dermmnist,MobileNetV3,4,loc_group,L50_G50,50,50,tralo,4,0.7628,0.853,0.8637,0.1123,0.2445,5.0,1.0,60.0,paperv2_phase1
dermmnist,MobileNetV3,4,loc_group,L50_G50,50,50,tralo_bounded,1,0.7633,0.8542,0.8642,0.1072,0.2418,7.0,0.0,,paperv2_phase1
dermmnist,MobileNetV3,4,loc_group,L50_G50,50,50,tralo_bounded,2,0.7539,0.8475,0.8577,0.1185,0.2562,10.0,1.0,63.0,paperv2_phase1
dermmnist,MobileNetV3,4,loc_group,L50_G50,50,50,tralo_bounded,3,0.779,0.8557,0.8662,0.1079,0.2416,17.0,1.0,62.0,paperv2_phase1
dermmnist,MobileNetV3,4,loc_group,L50_G50,50,50,tralo_bounded,4,0.7603,0.852,0.8627,0.1128,0.2451,6.0,1.0,60.0,paperv2_phase1
dermmnist,MobileNetV3,4,loc_group,L50_G70,50,70,danits_lp,1,0.7576,0.8476,0.8582,0.1047,0.2319,85.0,0.0,,paperv2_phase2
dermmnist,MobileNetV3,4,loc_group,L50_G70,50,70,danits_lp,2,0.7337,0.8435,0.8522,0.108,0.2387,88.0,0.0,,paperv2_phase2
dermmnist,MobileNetV3,4,loc_group,L50_G70,50,70,danits_lp,3,0.7684,0.8588,0.8677,0.0908,0.2199,97.0,0.0,,paperv2_phase2
dermmnist,MobileNetV3,4,loc_group,L50_G70,50,70,danits_lp,4,0.7289,0.8465,0.8542,0.1012,0.2354,100.0,0.0,,paperv2_phase2
dermmnist,MobileNetV3,4,loc_group,L50_G70,50,70,fioretto_ldf,1,0.7566,0.8498,0.8602,0.1103,0.2466,9.0,1.0,13.0,paperv2_phase2
dermmnist,MobileNetV3,4,loc_group,L50_G70,50,70,fioretto_ldf,2,0.7586,0.8507,0.8612,0.1182,0.2557,10.0,1.0,13.0,paperv2_phase2
dermmnist,MobileNetV3,4,loc_group,L50_G70,50,70,fioretto_ldf,3,0.7776,0.8547,0.8652,0.108,0.2399,12.0,1.0,12.0,paperv2_phase2
dermmnist,MobileNetV3,4,loc_group,L50_G70,50,70,fioretto_ldf,4,0.7676,0.8535,0.8642,0.1112,0.2466,8.0,1.0,11.0,paperv2_phase2
dermmnist,MobileNetV3,4,loc_group,L50_G70,50,70,heuristic,1,0.7576,0.8476,0.8582,0.1047,0.2319,85.0,0.0,,paperv2_phase2
dermmnist,MobileNetV3,4,loc_group,L50_G70,50,70,heuristic,2,0.7337,0.8435,0.8522,0.108,0.2387,88.0,0.0,,paperv2_phase2
dermmnist,MobileNetV3,4,loc_group,L50_G70,50,70,heuristic,3,0.7682,0.8589,0.8677,0.0908,0.2199,97.0,0.0,,paperv2_phase2
dermmnist,MobileNetV3,4,loc_group,L50_G70,50,70,heuristic,4,0.7291,0.8465,0.8542,0.1012,0.2354,100.0,0.0,,paperv2_phase2
dermmnist,MobileNetV3,4,loc_group,L50_G70,50,70,hounie_rcl,1,0.7588,0.8539,0.8637,0.1126,0.2523,23.0,1.0,53.0,paperv2_phase2
dermmnist,MobileNetV3,4,loc_group,L50_G70,50,70,hounie_rcl,2,0.7517,0.8464,0.8562,0.1231,0.2614,19.0,1.0,56.0,paperv2_phase2
dermmnist,MobileNetV3,4,loc_group,L50_G70,50,70,hounie_rcl,3,0.7843,0.8583,0.8682,0.1087,0.2437,18.0,1.0,39.0,paperv2_phase2
dermmnist,MobileNetV3,4,loc_group,L50_G70,50,70,hounie_rcl,4,0.7639,0.8522,0.8632,0.1119,0.2486,10.0,1.0,44.0,paperv2_phase2
dermmnist,MobileNetV3,4,loc_group,L50_G70,50,70,tralo,1,0.7664,0.8544,0.8642,0.107,0.2405,3.0,1.0,63.0,paperv2_phase2
dermmnist,MobileNetV3,4,loc_group,L50_G70,50,70,tralo,2,0.7557,0.8495,0.8592,0.1197,0.2557,1.0,1.0,63.0,paperv2_phase2
dermmnist,MobileNetV3,4,loc_group,L50_G70,50,70,tralo,3,0.7707,0.8521,0.8632,0.1083,0.2392,8.0,1.0,62.0,paperv2_phase2
dermmnist,MobileNetV3,4,loc_group,L50_G70,50,70,tralo,4,0.7613,0.8525,0.8632,0.1118,0.2429,4.0,1.0,60.0,paperv2_phase2
dermmnist,MobileNetV3,4,loc_group,L50_G70,50,70,tralo_bounded,1,0.7645,0.8542,0.8642,0.1078,0.2416,7.0,0.0,,paperv2_phase2
dermmnist,MobileNetV3,4,loc_group,L50_G70,50,70,tralo_bounded,2,0.7514,0.8476,0.8577,0.1186,0.2561,10.0,1.0,63.0,paperv2_phase2
dermmnist,MobileNetV3,4,loc_group,L50_G70,50,70,tralo_bounded,3,0.7772,0.8548,0.8652,0.108,0.2408,16.0,1.0,62.0,paperv2_phase2
dermmnist,MobileNetV3,4,loc_group,L50_G70,50,70,tralo_bounded,4,0.7632,0.8518,0.8627,0.1126,0.2491,11.0,1.0,60.0,paperv2_phase2
dermmnist,MobileNetV3,4,loc_group,L50_G80,50,80,danits_lp,1,0.7576,0.8476,0.8582,0.1047,0.2319,85.0,0.0,,paperv2_phase2
dermmnist,MobileNetV3,4,loc_group,L50_G80,50,80,danits_lp,2,0.7337,0.8435,0.8522,0.108,0.2387,88.0,0.0,,paperv2_phase2
dermmnist,MobileNetV3,4,loc_group,L50_G80,50,80,danits_lp,3,0.7684,0.8588,0.8677,0.0908,0.2199,97.0,0.0,,paperv2_phase2
dermmnist,MobileNetV3,4,loc_group,L50_G80,50,80,danits_lp,4,0.7289,0.8465,0.8542,0.1012,0.2354,100.0,0.0,,paperv2_phase2
dermmnist,MobileNetV3,4,loc_group,L50_G80,50,80,fioretto_ldf,1,0.7547,0.8499,0.8602,0.1115,0.2473,10.0,1.0,13.0,paperv2_phase2
dermmnist,MobileNetV3,4,loc_group,L50_G80,50,80,fioretto_ldf,2,0.7541,0.8485,0.8592,0.116,0.2558,10.0,1.0,13.0,paperv2_phase2
dermmnist,MobileNetV3,4,loc_group,L50_G80,50,80,fioretto_ldf,3,0.7782,0.8551,0.8657,0.1079,0.24,14.0,1.0,12.0,paperv2_phase2
dermmnist,MobileNetV3,4,loc_group,L50_G80,50,80,fioretto_ldf,4,0.7659,0.8529,0.8637,0.1116,0.2466,8.0,1.0,11.0,paperv2_phase2
dermmnist,MobileNetV3,4,loc_group,L50_G80,50,80,heuristic,1,0.7576,0.8476,0.8582,0.1047,0.2319,85.0,0.0,,paperv2_phase2
dermmnist,MobileNetV3,4,loc_group,L50_G80,50,80,heuristic,2,0.7337,0.8435,0.8522,0.108,0.2387,88.0,0.0,,paperv2_phase2
dermmnist,MobileNetV3,4,loc_group,L50_G80,50,80,heuristic,3,0.7682,0.8589,0.8677,0.0908,0.2199,97.0,0.0,,paperv2_phase2
dermmnist,MobileNetV3,4,loc_group,L50_G80,50,80,heuristic,4,0.7291,0.8465,0.8542,0.1012,0.2354,100.0,0.0,,paperv2_phase2
dermmnist,MobileNetV3,4,loc_group,L50_G80,50,80,hounie_rcl,1,0.7611,0.8544,0.8642,0.1125,0.2521,23.0,1.0,55.0,paperv2_phase2
dermmnist,MobileNetV3,4,loc_group,L50_G80,50,80,hounie_rcl,2,0.7519,0.8465,0.8562,0.1233,0.2619,20.0,1.0,58.0,paperv2_phase2
dermmnist,MobileNetV3,4,loc_group,L50_G80,50,80,hounie_rcl,3,0.7822,0.8572,0.8672,0.1089,0.2447,18.0,1.0,41.0,paperv2_phase2
dermmnist,MobileNetV3,4,loc_group,L50_G80,50,80,hounie_rcl,4,0.7639,0.8522,0.8632,0.1116,0.2485,10.0,1.0,45.0,paperv2_phase2
dermmnist,MobileNetV3,4,loc_group,L50_G80,50,80,tralo,1,0.7712,0.857,0.8662,0.1081,0.2409,0.0,1.0,62.0,paperv2_phase2
dermmnist,MobileNetV3,4,loc_group,L50_G80,50,80,tralo,2,0.76,0.8473,0.8577,0.1192,0.259,14.0,1.0,63.0,paperv2_phase2
dermmnist,MobileNetV3,4,loc_group,L50_G80,50,80,tralo,3,0.7708,0.8519,0.8632,0.1095,0.2409,11.0,1.0,62.0,paperv2_phase2
dermmnist,MobileNetV3,4,loc_group,L50_G80,50,80,tralo,4,0.7592,0.851,0.8622,0.112,0.2448,3.0,1.0,60.0,paperv2_phase2
dermmnist,MobileNetV3,4,loc_group,L50_G80,50,80,tralo_bounded,1,0.7664,0.8547,0.8647,0.1078,0.2417,6.0,1.0,62.0,paperv2_phase2
dermmnist,MobileNetV3,4,loc_group,L50_G80,50,80,tralo_bounded,2,0.7525,0.8476,0.8577,0.1185,0.2524,12.0,0.0,,paperv2_phase2
dermmnist,MobileNetV3,4,loc_group,L50_G80,50,80,tralo_bounded,3,0.7782,0.8553,0.8657,0.1082,0.241,17.0,1.0,62.0,paperv2_phase2
dermmnist,MobileNetV3,4,loc_group,L50_G80,50,80,tralo_bounded,4,0.7606,0.8524,0.8632,0.1121,0.2455,7.0,1.0,60.0,paperv2_phase2
dermmnist,MobileNetV3,4,loc_group,L70_G20,70,20,danits_lp,1,0.7147,0.8081,0.8347,0.1047,0.2319,151.0,0.0,,paperv2_phase2
dermmnist,MobileNetV3,4,loc_group,L70_G20,70,20,danits_lp,2,0.6884,0.81,0.8337,0.108,0.2387,154.0,0.0,,paperv2_phase2
dermmnist,MobileNetV3,4,loc_group,L70_G20,70,20,danits_lp,3,0.7231,0.8194,0.8447,0.0908,0.2199,163.0,0.0,,paperv2_phase2
dermmnist,MobileNetV3,4,loc_group,L70_G20,70,20,danits_lp,4,0.6866,0.81,0.8337,0.1012,0.2354,166.0,0.0,,paperv2_phase2
dermmnist,MobileNetV3,4,loc_group,L70_G20,70,20,fioretto_ldf,1,0.6934,0.7982,0.8263,0.1448,0.3088,0.0,1.0,20.0,paperv2_phase2
dermmnist,MobileNetV3,4,loc_group,L70_G20,70,20,fioretto_ldf,2,0.7068,0.802,0.8313,0.1414,0.303,0.0,1.0,20.0,paperv2_phase2
dermmnist,MobileNetV3,4,loc_group,L70_G20,70,20,fioretto_ldf,3,0.7178,0.8067,0.8372,0.1345,0.2909,0.0,1.0,19.0,paperv2_phase2
dermmnist,MobileNetV3,4,loc_group,L70_G20,70,20,fioretto_ldf,4,0.7158,0.8007,0.8308,0.1442,0.3128,0.0,1.0,18.0,paperv2_phase2
dermmnist,MobileNetV3,4,loc_group,L70_G20,70,20,heuristic,1,0.7147,0.8081,0.8347,0.1047,0.2319,151.0,0.0,,paperv2_phase2
dermmnist,MobileNetV3,4,loc_group,L70_G20,70,20,heuristic,2,0.6884,0.81,0.8337,0.108,0.2387,154.0,0.0,,paperv2_phase2
dermmnist,MobileNetV3,4,loc_group,L70_G20,70,20,heuristic,3,0.7231,0.8194,0.8447,0.0908,0.2199,163.0,0.0,,paperv2_phase2
dermmnist,MobileNetV3,4,loc_group,L70_G20,70,20,heuristic,4,0.6866,0.81,0.8337,0.1012,0.2354,166.0,0.0,,paperv2_phase2
dermmnist,MobileNetV3,4,loc_group,L70_G20,70,20,hounie_rcl,1,0.6847,0.7913,0.8208,0.1486,0.3178,0.0,1.0,104.0,paperv2_phase2
dermmnist,MobileNetV3,4,loc_group,L70_G20,70,20,hounie_rcl,2,0.7121,0.801,0.8313,0.1423,0.3054,0.0,1.0,107.0,paperv2_phase2
dermmnist,MobileNetV3,4,loc_group,L70_G20,70,20,hounie_rcl,3,0.7103,0.8073,0.8367,0.132,0.2903,0.0,1.0,92.0,paperv2_phase2
dermmnist,MobileNetV3,4,loc_group,L70_G20,70,20,hounie_rcl,4,0.7157,0.7957,0.8273,0.1494,0.3211,0.0,1.0,94.0,paperv2_phase2
dermmnist,MobileNetV3,4,loc_group,L70_G20,70,20,tralo,1,0.6987,0.799,0.8273,0.1446,0.3114,0.0,1.0,70.0,paperv2_phase2
dermmnist,MobileNetV3,4,loc_group,L70_G20,70,20,tralo,2,0.7011,0.798,0.8288,0.1454,0.3099,0.0,1.0,70.0,paperv2_phase2
dermmnist,MobileNetV3,4,loc_group,L70_G20,70,20,tralo,3,0.7223,0.8129,0.8402,0.132,0.288,0.0,1.0,69.0,paperv2_phase2
dermmnist,MobileNetV3,4,loc_group,L70_G20,70,20,tralo,4,0.7159,0.8026,0.8318,0.1477,0.3122,0.0,1.0,68.0,paperv2_phase2
dermmnist,MobileNetV3,4,loc_group,L70_G20,70,20,tralo_bounded,1,0.6968,0.7969,0.8258,0.1462,0.3132,0.0,1.0,70.0,paperv2_phase2
dermmnist,MobileNetV3,4,loc_group,L70_G20,70,20,tralo_bounded,2,0.7045,0.7983,0.8283,0.145,0.3055,0.0,1.0,70.0,paperv2_phase2
dermmnist,MobileNetV3,4,loc_group,L70_G20,70,20,tralo_bounded,3,0.7189,0.8132,0.8402,0.13,0.2845,1.0,0.0,,paperv2_phase2
dermmnist,MobileNetV3,4,loc_group,L70_G20,70,20,tralo_bounded,4,0.7067,0.7917,0.8253,0.1503,0.3193,0.0,1.0,68.0,paperv2_phase2
dermmnist,MobileNetV3,4,loc_group,L70_G30,70,30,danits_lp,1,0.7335,0.8244,0.8437,0.1047,0.2319,129.0,0.0,,paperv2_phase2
dermmnist,MobileNetV3,4,loc_group,L70_G30,70,30,danits_lp,2,0.7115,0.8275,0.8437,0.108,0.2387,132.0,0.0,,paperv2_phase2
dermmnist,MobileNetV3,4,loc_group,L70_G30,70,30,danits_lp,3,0.7402,0.835,0.8532,0.0908,0.2199,141.0,0.0,,paperv2_phase2
dermmnist,MobileNetV3,4,loc_group,L70_G30,70,30,danits_lp,4,0.7053,0.8275,0.8437,0.1012,0.2354,144.0,0.0,,paperv2_phase2
dermmnist,MobileNetV3,4,loc_group,L70_G30,70,30,fioretto_ldf,1,0.7184,0.8197,0.8402,0.1306,0.2816,0.0,1.0,17.0,paperv2_phase2
dermmnist,MobileNetV3,4,loc_group,L70_G30,70,30,fioretto_ldf,2,0.7303,0.8183,0.8397,0.1334,0.2855,0.0,1.0,18.0,paperv2_phase2
dermmnist,MobileNetV3,4,loc_group,L70_G30,70,30,fioretto_ldf,3,0.74,0.8297,0.8497,0.1225,0.2677,0.0,1.0,16.0,paperv2_phase2
dermmnist,MobileNetV3,4,loc_group,L70_G30,70,30,fioretto_ldf,4,0.7388,0.8251,0.8457,0.1285,0.2788,3.0,0.0,,paperv2_phase2
dermmnist,MobileNetV3,4,loc_group,L70_G30,70,30,heuristic,1,0.7323,0.8232,0.8427,0.1047,0.2319,129.0,0.0,,paperv2_phase2
dermmnist,MobileNetV3,4,loc_group,L70_G30,70,30,heuristic,2,0.7103,0.8263,0.8427,0.108,0.2387,132.0,0.0,,paperv2_phase2
dermmnist,MobileNetV3,4,loc_group,L70_G30,70,30,heuristic,3,0.74,0.8351,0.8532,0.0908,0.2199,141.0,0.0,,paperv2_phase2
dermmnist,MobileNetV3,4,loc_group,L70_G30,70,30,heuristic,4,0.7053,0.8275,0.8437,0.1012,0.2354,144.0,0.0,,paperv2_phase2
dermmnist,MobileNetV3,4,loc_group,L70_G30,70,30,hounie_rcl,1,0.7117,0.8165,0.8382,0.1317,0.2865,0.0,1.0,86.0,paperv2_phase2
dermmnist,MobileNetV3,4,loc_group,L70_G30,70,30,hounie_rcl,2,0.7339,0.8226,0.8432,0.1294,0.2831,0.0,1.0,102.0,paperv2_phase2
dermmnist,MobileNetV3,4,loc_group,L70_G30,70,30,hounie_rcl,3,0.741,0.829,0.8492,0.1239,0.2682,0.0,1.0,73.0,paperv2_phase2
dermmnist,MobileNetV3,4,loc_group,L70_G30,70,30,hounie_rcl,4,0.7202,0.8126,0.8377,0.1352,0.2916,0.0,1.0,87.0,paperv2_phase2
dermmnist,MobileNetV3,4,loc_group,L70_G30,70,30,tralo,1,0.7128,0.8181,0.8392,0.1335,0.287,0.0,1.0,67.0,paperv2_phase2
dermmnist,MobileNetV3,4,loc_group,L70_G30,70,30,tralo,2,0.7268,0.8214,0.8417,0.1325,0.2855,0.0,1.0,67.0,paperv2_phase2
dermmnist,MobileNetV3,4,loc_group,L70_G30,70,30,tralo,3,0.7428,0.8297,0.8502,0.1258,0.2703,0.0,1.0,66.0,paperv2_phase2
dermmnist,MobileNetV3,4,loc_group,L70_G30,70,30,tralo,4,0.7333,0.8261,0.8462,0.1288,0.276,0.0,1.0,65.0,paperv2_phase2
dermmnist,MobileNetV3,4,loc_group,L70_G30,70,30,tralo_bounded,1,0.7132,0.8166,0.8387,0.1312,0.2862,0.0,1.0,67.0,paperv2_phase2
dermmnist,MobileNetV3,4,loc_group,L70_G30,70,30,tralo_bounded,2,0.74,0.8267,0.8457,0.1281,0.2785,0.0,1.0,67.0,paperv2_phase2
dermmnist,MobileNetV3,4,loc_group,L70_G30,70,30,tralo_bounded,3,0.7351,0.8271,0.8477,0.1235,0.2689,0.0,1.0,66.0,paperv2_phase2
dermmnist,MobileNetV3,4,loc_group,L70_G30,70,30,tralo_bounded,4,0.7301,0.8174,0.8412,0.1322,0.2875,0.0,1.0,65.0,paperv2_phase2
dermmnist,MobileNetV3,4,loc_group,L70_G50,70,50,danits_lp,1,0.7606,0.8483,0.8587,0.1047,0.2319,84.0,0.0,,paperv2_phase2
dermmnist,MobileNetV3,4,loc_group,L70_G50,70,50,danits_lp,2,0.737,0.8452,0.8537,0.108,0.2387,87.0,0.0,,paperv2_phase2
dermmnist,MobileNetV3,4,loc_group,L70_G50,70,50,danits_lp,3,0.7688,0.8595,0.8682,0.0908,0.2199,96.0,0.0,,paperv2_phase2
dermmnist,MobileNetV3,4,loc_group,L70_G50,70,50,danits_lp,4,0.7288,0.8462,0.8537,0.1012,0.2354,99.0,0.0,,paperv2_phase2
dermmnist,MobileNetV3,4,loc_group,L70_G50,70,50,fioretto_ldf,1,0.7626,0.8535,0.8637,0.1055,0.2393,0.0,1.0,12.0,paperv2_phase2
dermmnist,MobileNetV3,4,loc_group,L70_G50,70,50,fioretto_ldf,2,0.7553,0.8472,0.8582,0.1158,0.2503,0.0,1.0,12.0,paperv2_phase2
dermmnist,MobileNetV3,4,loc_group,L70_G50,70,50,fioretto_ldf,3,0.7747,0.8519,0.8632,0.1069,0.2334,0.0,1.0,11.0,paperv2_phase2
dermmnist,MobileNetV3,4,loc_group,L70_G50,70,50,fioretto_ldf,4,0.7611,0.8505,0.8617,0.1105,0.2413,0.0,1.0,10.0,paperv2_phase2
dermmnist,MobileNetV3,4,loc_group,L70_G50,70,50,heuristic,1,0.758,0.8483,0.8587,0.1047,0.2319,84.0,0.0,,paperv2_phase2
dermmnist,MobileNetV3,4,loc_group,L70_G50,70,50,heuristic,2,0.7379,0.8459,0.8542,0.108,0.2387,87.0,0.0,,paperv2_phase2
dermmnist,MobileNetV3,4,loc_group,L70_G50,70,50,heuristic,3,0.7688,0.8595,0.8682,0.0908,0.2199,96.0,0.0,,paperv2_phase2
dermmnist,MobileNetV3,4,loc_group,L70_G50,70,50,heuristic,4,0.7288,0.8462,0.8537,0.1012,0.2354,99.0,0.0,,paperv2_phase2
dermmnist,MobileNetV3,4,loc_group,L70_G50,70,50,hounie_rcl,1,0.7642,0.8547,0.8647,0.1053,0.2388,0.0,1.0,59.0,paperv2_phase2
dermmnist,MobileNetV3,4,loc_group,L70_G50,70,50,hounie_rcl,2,0.7565,0.8485,0.8587,0.116,0.2502,0.0,1.0,60.0,paperv2_phase2
dermmnist,MobileNetV3,4,loc_group,L70_G50,70,50,hounie_rcl,3,0.775,0.8511,0.8632,0.1085,0.2362,0.0,1.0,46.0,paperv2_phase2
dermmnist,MobileNetV3,4,loc_group,L70_G50,70,50,hounie_rcl,4,0.7616,0.8511,0.8622,0.1105,0.2432,0.0,1.0,57.0,paperv2_phase2
dermmnist,MobileNetV3,4,loc_group,L70_G50,70,50,tralo,1,0.7599,0.855,0.8647,0.1073,0.242,0.0,1.0,62.0,paperv2_phase2
dermmnist,MobileNetV3,4,loc_group,L70_G50,70,50,tralo,2,0.7532,0.8457,0.8572,0.1165,0.2514,0.0,1.0,62.0,paperv2_phase2
dermmnist,MobileNetV3,4,loc_group,L70_G50,70,50,tralo,3,0.773,0.8524,0.8637,0.1074,0.2366,0.0,1.0,61.0,paperv2_phase2
dermmnist,MobileNetV3,4,loc_group,L70_G50,70,50,tralo,4,0.7773,0.8533,0.8647,0.111,0.2437,0.0,1.0,59.0,paperv2_phase2
dermmnist,MobileNetV3,4,loc_group,L70_G50,70,50,tralo_bounded,1,0.7592,0.8514,0.8622,0.1064,0.2424,0.0,1.0,62.0,paperv2_phase2
dermmnist,MobileNetV3,4,loc_group,L70_G50,70,50,tralo_bounded,2,0.7526,0.8458,0.8567,0.1177,0.251,0.0,1.0,62.0,paperv2_phase2
dermmnist,MobileNetV3,4,loc_group,L70_G50,70,50,tralo_bounded,3,0.7735,0.851,0.8627,0.1079,0.2358,0.0,1.0,61.0,paperv2_phase2
dermmnist,MobileNetV3,4,loc_group,L70_G50,70,50,tralo_bounded,4,0.7562,0.8488,0.8607,0.1121,0.2461,0.0,1.0,59.0,paperv2_phase2
dermmnist,MobileNetV3,4,loc_group,L70_G70,70,70,danits_lp,1,0.7767,0.861,0.8672,0.1047,0.2319,40.0,0.0,,expansion_dermmnist_baselines
dermmnist,MobileNetV3,4,loc_group,L70_G70,70,70,danits_lp,2,0.7499,0.8546,0.8587,0.108,0.2387,43.0,0.0,,expansion_dermmnist_baselines
dermmnist,MobileNetV3,4,loc_group,L70_G70,70,70,danits_lp,3,0.7776,0.8665,0.8712,0.0908,0.2199,52.0,0.0,,expansion_dermmnist_baselines
dermmnist,MobileNetV3,4,loc_group,L70_G70,70,70,danits_lp,4,0.7524,0.8613,0.8637,0.1012,0.2354,55.0,0.0,,paperv2_phase1
dermmnist,MobileNetV3,4,loc_group,L70_G70,70,70,fioretto_ldf,1,0.7826,0.8659,0.8707,0.0986,0.2231,7.0,1.0,8.0,paperv2_phase1
dermmnist,MobileNetV3,4,loc_group,L70_G70,70,70,fioretto_ldf,2,0.7837,0.8664,0.8717,0.1048,0.231,19.0,1.0,8.0,paperv2_phase1
dermmnist,MobileNetV3,4,loc_group,L70_G70,70,70,fioretto_ldf,3,0.7921,0.8654,0.8707,0.0991,0.2211,9.0,1.0,8.0,paperv2_phase1
dermmnist,MobileNetV3,4,loc_group,L70_G70,70,70,fioretto_ldf,4,0.791,0.8706,0.8757,0.0989,0.2249,13.0,1.0,7.0,paperv2_phase1
dermmnist,MobileNetV3,4,loc_group,L70_G70,70,70,heuristic,1,0.7762,0.861,0.8672,0.1047,0.2319,40.0,0.0,,expansion_dermmnist_baselines
dermmnist,MobileNetV3,4,loc_group,L70_G70,70,70,heuristic,2,0.7503,0.8551,0.8592,0.108,0.2387,43.0,0.0,,expansion_dermmnist_baselines
dermmnist,MobileNetV3,4,loc_group,L70_G70,70,70,heuristic,3,0.7776,0.8665,0.8712,0.0908,0.2199,52.0,0.0,,expansion_dermmnist_baselines
dermmnist,MobileNetV3,4,loc_group,L70_G70,70,70,heuristic,4,0.7529,0.8612,0.8637,0.1012,0.2354,55.0,0.0,,paperv2_phase1
dermmnist,MobileNetV3,4,loc_group,L70_G70,70,70,hounie_rcl,1,0.7831,0.8659,0.8707,0.0986,0.224,9.0,1.0,44.0,paperv2_phase1
dermmnist,MobileNetV3,4,loc_group,L70_G70,70,70,hounie_rcl,2,0.7747,0.8646,0.8697,0.1063,0.2331,19.0,1.0,38.0,paperv2_phase1
dermmnist,MobileNetV3,4,loc_group,L70_G70,70,70,hounie_rcl,3,0.7955,0.8681,0.8732,0.1004,0.2244,24.0,1.0,38.0,paperv2_phase1
dermmnist,MobileNetV3,4,loc_group,L70_G70,70,70,hounie_rcl,4,0.7885,0.87,0.8752,0.1004,0.225,16.0,1.0,46.0,paperv2_phase1
dermmnist,MobileNetV3,4,loc_group,L70_G70,70,70,tralo,1,0.7854,0.867,0.8722,0.0995,0.224,2.0,1.0,57.0,paperv2_phase1
dermmnist,MobileNetV3,4,loc_group,L70_G70,70,70,tralo,2,0.7829,0.8666,0.8722,0.1032,0.2303,2.0,1.0,57.0,paperv2_phase1
dermmnist,MobileNetV3,4,loc_group,L70_G70,70,70,tralo,3,0.7916,0.8645,0.8702,0.0973,0.221,7.0,1.0,58.0,paperv2_phase1
dermmnist,MobileNetV3,4,loc_group,L70_G70,70,70,tralo,4,0.7938,0.8728,0.8782,0.0965,0.2196,6.0,1.0,57.0,paperv2_phase1
dermmnist,MobileNetV3,4,loc_group,L70_G70,70,70,tralo_bounded,1,0.7823,0.8654,0.8702,0.0981,0.2228,5.0,1.0,57.0,paperv2_phase1
dermmnist,MobileNetV3,4,loc_group,L70_G70,70,70,tralo_bounded,2,0.779,0.8666,0.8717,0.1054,0.2303,14.0,1.0,57.0,paperv2_phase1
dermmnist,MobileNetV3,4,loc_group,L70_G70,70,70,tralo_bounded,3,0.7925,0.8659,0.8712,0.0983,0.2202,9.0,0.0,,paperv2_phase1
dermmnist,MobileNetV3,4,loc_group,L70_G70,70,70,tralo_bounded,4,0.7885,0.8701,0.8752,0.0996,0.2243,10.0,1.0,56.0,paperv2_phase1
dermmnist,MobileNetV3,4,loc_group,L70_G80,70,80,danits_lp,1,0.7767,0.861,0.8672,0.1047,0.2319,40.0,0.0,,paperv2_phase2
dermmnist,MobileNetV3,4,loc_group,L70_G80,70,80,danits_lp,2,0.7499,0.8546,0.8587,0.108,0.2387,43.0,0.0,,paperv2_phase2
dermmnist,MobileNetV3,4,loc_group,L70_G80,70,80,danits_lp,3,0.7776,0.8665,0.8712,0.0908,0.2199,52.0,0.0,,paperv2_phase2
dermmnist,MobileNetV3,4,loc_group,L70_G80,70,80,danits_lp,4,0.7524,0.8613,0.8637,0.1012,0.2354,55.0,0.0,,paperv2_phase2
dermmnist,MobileNetV3,4,loc_group,L70_G80,70,80,fioretto_ldf,1,0.7836,0.8663,0.8712,0.0981,0.2232,6.0,1.0,8.0,paperv2_phase2
dermmnist,MobileNetV3,4,loc_group,L70_G80,70,80,fioretto_ldf,2,0.7852,0.8674,0.8727,0.1033,0.2307,15.0,1.0,8.0,paperv2_phase2
dermmnist,MobileNetV3,4,loc_group,L70_G80,70,80,fioretto_ldf,3,0.7916,0.8649,0.8702,0.0996,0.2212,9.0,1.0,8.0,paperv2_phase2
dermmnist,MobileNetV3,4,loc_group,L70_G80,70,80,fioretto_ldf,4,0.792,0.871,0.8762,0.1001,0.2244,12.0,1.0,7.0,paperv2_phase2
dermmnist,MobileNetV3,4,loc_group,L70_G80,70,80,heuristic,1,0.7762,0.861,0.8672,0.1047,0.2319,40.0,0.0,,paperv2_phase2
dermmnist,MobileNetV3,4,loc_group,L70_G80,70,80,heuristic,2,0.7503,0.8551,0.8592,0.108,0.2387,43.0,0.0,,paperv2_phase2
dermmnist,MobileNetV3,4,loc_group,L70_G80,70,80,heuristic,3,0.7776,0.8665,0.8712,0.0908,0.2199,52.0,0.0,,paperv2_phase2
dermmnist,MobileNetV3,4,loc_group,L70_G80,70,80,heuristic,4,0.7529,0.8612,0.8637,0.1012,0.2354,55.0,0.0,,paperv2_phase2
dermmnist,MobileNetV3,4,loc_group,L70_G80,70,80,hounie_rcl,1,0.7841,0.8671,0.8717,0.0991,0.2238,8.0,1.0,49.0,paperv2_phase2
dermmnist,MobileNetV3,4,loc_group,L70_G80,70,80,hounie_rcl,2,0.7745,0.8647,0.8697,0.1045,0.2325,17.0,1.0,40.0,paperv2_phase2
dermmnist,MobileNetV3,4,loc_group,L70_G80,70,80,hounie_rcl,3,0.7955,0.8681,0.8732,0.0985,0.2243,25.0,1.0,41.0,paperv2_phase2
dermmnist,MobileNetV3,4,loc_group,L70_G80,70,80,hounie_rcl,4,0.7854,0.8695,0.8747,0.1003,0.2243,15.0,1.0,53.0,paperv2_phase2
dermmnist,MobileNetV3,4,loc_group,L70_G80,70,80,tralo,1,0.7876,0.8683,0.8737,0.0987,0.2232,2.0,1.0,57.0,paperv2_phase2
dermmnist,MobileNetV3,4,loc_group,L70_G80,70,80,tralo,2,0.7833,0.8663,0.8722,0.1068,0.2338,2.0,1.0,57.0,paperv2_phase2
dermmnist,MobileNetV3,4,loc_group,L70_G80,70,80,tralo,3,0.7931,0.8659,0.8712,0.0992,0.2194,5.0,1.0,58.0,paperv2_phase2
dermmnist,MobileNetV3,4,loc_group,L70_G80,70,80,tralo,4,0.7935,0.8721,0.8777,0.0955,0.2181,2.0,1.0,57.0,paperv2_phase2
dermmnist,MobileNetV3,4,loc_group,L70_G80,70,80,tralo_bounded,1,0.7831,0.8663,0.8712,0.0977,0.2227,6.0,1.0,57.0,paperv2_phase2
dermmnist,MobileNetV3,4,loc_group,L70_G80,70,80,tralo_bounded,2,0.7801,0.8671,0.8722,0.1049,0.2305,14.0,1.0,57.0,paperv2_phase2
dermmnist,MobileNetV3,4,loc_group,L70_G80,70,80,tralo_bounded,3,0.7925,0.8659,0.8712,0.0982,0.2202,9.0,0.0,,paperv2_phase2
dermmnist,MobileNetV3,4,loc_group,L70_G80,70,80,tralo_bounded,4,0.7914,0.8712,0.8762,0.1005,0.224,11.0,0.0,,paperv2_phase2
dermmnist,MobileNetV3,4,loc_group,L80_G20,80,20,danits_lp,1,0.7147,0.8081,0.8347,0.1047,0.2319,151.0,0.0,,paperv2_phase2
dermmnist,MobileNetV3,4,loc_group,L80_G20,80,20,danits_lp,2,0.6884,0.81,0.8337,0.108,0.2387,154.0,0.0,,paperv2_phase2
dermmnist,MobileNetV3,4,loc_group,L80_G20,80,20,danits_lp,3,0.7231,0.8194,0.8447,0.0908,0.2199,163.0,0.0,,paperv2_phase2
dermmnist,MobileNetV3,4,loc_group,L80_G20,80,20,danits_lp,4,0.6866,0.81,0.8337,0.1012,0.2354,166.0,0.0,,paperv2_phase2
dermmnist,MobileNetV3,4,loc_group,L80_G20,80,20,fioretto_ldf,1,0.6967,0.801,0.8288,0.1419,0.3083,0.0,1.0,20.0,paperv2_phase2
dermmnist,MobileNetV3,4,loc_group,L80_G20,80,20,fioretto_ldf,2,0.7069,0.8023,0.8318,0.1409,0.3032,0.0,1.0,20.0,paperv2_phase2
dermmnist,MobileNetV3,4,loc_group,L80_G20,80,20,fioretto_ldf,3,0.7178,0.8067,0.8372,0.1342,0.291,0.0,1.0,19.0,paperv2_phase2
dermmnist,MobileNetV3,4,loc_group,L80_G20,80,20,fioretto_ldf,4,0.7158,0.8007,0.8308,0.1442,0.3127,0.0,1.0,18.0,paperv2_phase2
dermmnist,MobileNetV3,4,loc_group,L80_G20,80,20,heuristic,1,0.7147,0.8081,0.8347,0.1047,0.2319,151.0,0.0,,paperv2_phase2
dermmnist,MobileNetV3,4,loc_group,L80_G20,80,20,heuristic,2,0.6884,0.81,0.8337,0.108,0.2387,154.0,0.0,,paperv2_phase2
dermmnist,MobileNetV3,4,loc_group,L80_G20,80,20,heuristic,3,0.7231,0.8194,0.8447,0.0908,0.2199,163.0,0.0,,paperv2_phase2
dermmnist,MobileNetV3,4,loc_group,L80_G20,80,20,heuristic,4,0.6866,0.81,0.8337,0.1012,0.2354,166.0,0.0,,paperv2_phase2
dermmnist,MobileNetV3,4,loc_group,L80_G20,80,20,hounie_rcl,1,0.6828,0.7891,0.8193,0.15,0.3208,0.0,1.0,107.0,paperv2_phase2
dermmnist,MobileNetV3,4,loc_group,L80_G20,80,20,hounie_rcl,2,0.7052,0.7971,0.8278,0.1455,0.3093,0.0,1.0,111.0,paperv2_phase2
dermmnist,MobileNetV3,4,loc_group,L80_G20,80,20,hounie_rcl,3,0.7101,0.8062,0.8367,0.1318,0.2918,0.0,1.0,95.0,paperv2_phase2
dermmnist,MobileNetV3,4,loc_group,L80_G20,80,20,hounie_rcl,4,0.7157,0.7957,0.8273,0.1489,0.3201,0.0,1.0,95.0,paperv2_phase2
dermmnist,MobileNetV3,4,loc_group,L80_G20,80,20,tralo,1,0.6871,0.7933,0.8233,0.1486,0.3197,0.0,1.0,73.0,paperv2_phase2
dermmnist,MobileNetV3,4,loc_group,L80_G20,80,20,tralo,2,0.7032,0.7979,0.8288,0.1455,0.3104,0.0,1.0,72.0,paperv2_phase2
dermmnist,MobileNetV3,4,loc_group,L80_G20,80,20,tralo,3,0.7218,0.8004,0.8308,0.1465,0.3129,0.0,1.0,71.0,paperv2_phase2
dermmnist,MobileNetV3,4,loc_group,L80_G20,80,20,tralo,4,0.7121,0.7915,0.8243,0.1529,0.3237,0.0,1.0,72.0,paperv2_phase2
dermmnist,MobileNetV3,4,loc_group,L80_G20,80,20,tralo_bounded,1,0.6875,0.7929,0.8228,0.1472,0.3167,0.0,1.0,71.0,paperv2_phase2
dermmnist,MobileNetV3,4,loc_group,L80_G20,80,20,tralo_bounded,2,0.7067,0.7996,0.8293,0.1439,0.3048,0.0,1.0,71.0,paperv2_phase2
dermmnist,MobileNetV3,4,loc_group,L80_G20,80,20,tralo_bounded,3,0.715,0.8112,0.8392,0.1306,0.288,0.0,1.0,69.0,paperv2_phase2
dermmnist,MobileNetV3,4,loc_group,L80_G20,80,20,tralo_bounded,4,0.7169,0.801,0.8308,0.1443,0.3133,0.0,1.0,69.0,paperv2_phase2
dermmnist,MobileNetV3,4,loc_group,L80_G30,80,30,danits_lp,1,0.7335,0.8244,0.8437,0.1047,0.2319,129.0,0.0,,expansion_dermmnist_baselines
dermmnist,MobileNetV3,4,loc_group,L80_G30,80,30,danits_lp,2,0.7115,0.8275,0.8437,0.108,0.2387,132.0,0.0,,expansion_dermmnist_baselines
dermmnist,MobileNetV3,4,loc_group,L80_G30,80,30,danits_lp,3,0.7402,0.835,0.8532,0.0908,0.2199,141.0,0.0,,expansion_dermmnist_baselines
dermmnist,MobileNetV3,4,loc_group,L80_G30,80,30,danits_lp,4,0.7053,0.8275,0.8437,0.1012,0.2354,144.0,0.0,,paperv2_phase2
dermmnist,MobileNetV3,4,loc_group,L80_G30,80,30,fioretto_ldf,1,0.7184,0.8197,0.8402,0.1301,0.2812,0.0,1.0,17.0,paperv2_phase2
dermmnist,MobileNetV3,4,loc_group,L80_G30,80,30,fioretto_ldf,2,0.7304,0.8182,0.8397,0.1334,0.2854,0.0,1.0,18.0,paperv2_phase2
dermmnist,MobileNetV3,4,loc_group,L80_G30,80,30,fioretto_ldf,3,0.7405,0.8302,0.8502,0.1215,0.2676,0.0,1.0,16.0,paperv2_phase2
dermmnist,MobileNetV3,4,loc_group,L80_G30,80,30,fioretto_ldf,4,0.7377,0.8243,0.8447,0.1286,0.2788,3.0,0.0,,paperv2_phase2
dermmnist,MobileNetV3,4,loc_group,L80_G30,80,30,heuristic,1,0.7323,0.8232,0.8427,0.1047,0.2319,129.0,0.0,,expansion_dermmnist_baselines
dermmnist,MobileNetV3,4,loc_group,L80_G30,80,30,heuristic,2,0.7103,0.8263,0.8427,0.108,0.2387,132.0,0.0,,expansion_dermmnist_baselines
dermmnist,MobileNetV3,4,loc_group,L80_G30,80,30,heuristic,3,0.74,0.8351,0.8532,0.0908,0.2199,141.0,0.0,,expansion_dermmnist_baselines
dermmnist,MobileNetV3,4,loc_group,L80_G30,80,30,heuristic,4,0.7053,0.8275,0.8437,0.1012,0.2354,144.0,0.0,,paperv2_phase2
dermmnist,MobileNetV3,4,loc_group,L80_G30,80,30,hounie_rcl,1,0.7102,0.8158,0.8377,0.1354,0.2892,0.0,1.0,92.0,paperv2_phase2
dermmnist,MobileNetV3,4,loc_group,L80_G30,80,30,hounie_rcl,2,0.7305,0.818,0.8397,0.1327,0.2856,0.0,1.0,107.0,paperv2_phase2
dermmnist,MobileNetV3,4,loc_group,L80_G30,80,30,hounie_rcl,3,0.7396,0.8264,0.8477,0.1236,0.2714,0.0,1.0,83.0,paperv2_phase2
dermmnist,MobileNetV3,4,loc_group,L80_G30,80,30,hounie_rcl,4,0.7201,0.8123,0.8377,0.1352,0.2917,0.0,1.0,90.0,paperv2_phase2
dermmnist,MobileNetV3,4,loc_group,L80_G30,80,30,tralo,1,0.7051,0.8146,0.8367,0.1379,0.2908,0.0,1.0,67.0,paperv2_phase2
dermmnist,MobileNetV3,4,loc_group,L80_G30,80,30,tralo,2,0.7296,0.8215,0.8422,0.1321,0.2844,0.0,1.0,67.0,paperv2_phase2
dermmnist,MobileNetV3,4,loc_group,L80_G30,80,30,tralo,3,0.7361,0.8261,0.8472,0.1259,0.269,0.0,1.0,66.0,paperv2_phase2
dermmnist,MobileNetV3,4,loc_group,L80_G30,80,30,tralo,4,0.7383,0.8252,0.8457,0.1302,0.2791,0.0,1.0,65.0,paperv2_phase2
dermmnist,MobileNetV3,4,loc_group,L80_G30,80,30,tralo_bounded,1,0.7132,0.8171,0.8387,0.1311,0.2852,0.0,1.0,67.0,paperv2_phase2
dermmnist,MobileNetV3,4,loc_group,L80_G30,80,30,tralo_bounded,2,0.7394,0.8245,0.8442,0.1288,0.2797,1.0,0.0,,paperv2_phase2
dermmnist,MobileNetV3,4,loc_group,L80_G30,80,30,tralo_bounded,3,0.7359,0.8275,0.8482,0.1231,0.2691,0.0,1.0,66.0,paperv2_phase2
dermmnist,MobileNetV3,4,loc_group,L80_G30,80,30,tralo_bounded,4,0.7325,0.8191,0.8422,0.1312,0.285,0.0,1.0,65.0,paperv2_phase2
dermmnist,MobileNetV3,4,loc_group,L80_G50,80,50,danits_lp,1,0.7606,0.8483,0.8587,0.1047,0.2319,84.0,0.0,,paperv2_phase2
dermmnist,MobileNetV3,4,loc_group,L80_G50,80,50,danits_lp,2,0.737,0.8452,0.8537,0.108,0.2387,87.0,0.0,,paperv2_phase2
dermmnist,MobileNetV3,4,loc_group,L80_G50,80,50,danits_lp,3,0.7688,0.8595,0.8682,0.0908,0.2199,96.0,0.0,,paperv2_phase2
dermmnist,MobileNetV3,4,loc_group,L80_G50,80,50,danits_lp,4,0.7288,0.8462,0.8537,0.1012,0.2354,99.0,0.0,,paperv2_phase2
dermmnist,MobileNetV3,4,loc_group,L80_G50,80,50,fioretto_ldf,1,0.7645,0.854,0.8642,0.105,0.2392,0.0,1.0,12.0,paperv2_phase2
dermmnist,MobileNetV3,4,loc_group,L80_G50,80,50,fioretto_ldf,2,0.7553,0.8472,0.8582,0.1161,0.2502,0.0,1.0,12.0,paperv2_phase2
dermmnist,MobileNetV3,4,loc_group,L80_G50,80,50,fioretto_ldf,3,0.7747,0.8519,0.8632,0.1069,0.2333,0.0,1.0,11.0,paperv2_phase2
dermmnist,MobileNetV3,4,loc_group,L80_G50,80,50,fioretto_ldf,4,0.7611,0.8505,0.8617,0.1105,0.2413,0.0,1.0,10.0,paperv2_phase2
dermmnist,MobileNetV3,4,loc_group,L80_G50,80,50,heuristic,1,0.758,0.8483,0.8587,0.1047,0.2319,84.0,0.0,,paperv2_phase2
dermmnist,MobileNetV3,4,loc_group,L80_G50,80,50,heuristic,2,0.7379,0.8459,0.8542,0.108,0.2387,87.0,0.0,,paperv2_phase2
dermmnist,MobileNetV3,4,loc_group,L80_G50,80,50,heuristic,3,0.7688,0.8595,0.8682,0.0908,0.2199,96.0,0.0,,paperv2_phase2
dermmnist,MobileNetV3,4,loc_group,L80_G50,80,50,heuristic,4,0.7288,0.8462,0.8537,0.1012,0.2354,99.0,0.0,,paperv2_phase2
dermmnist,MobileNetV3,4,loc_group,L80_G50,80,50,hounie_rcl,1,0.76,0.8534,0.8637,0.1049,0.24,0.0,1.0,73.0,paperv2_phase2
dermmnist,MobileNetV3,4,loc_group,L80_G50,80,50,hounie_rcl,2,0.757,0.8488,0.8592,0.116,0.25,0.0,1.0,79.0,paperv2_phase2
dermmnist,MobileNetV3,4,loc_group,L80_G50,80,50,hounie_rcl,3,0.776,0.8519,0.8637,0.1074,0.2361,0.0,1.0,61.0,paperv2_phase2
dermmnist,MobileNetV3,4,loc_group,L80_G50,80,50,hounie_rcl,4,0.7616,0.8511,0.8622,0.1114,0.2436,0.0,1.0,69.0,paperv2_phase2
dermmnist,MobileNetV3,4,loc_group,L80_G50,80,50,tralo,1,0.7594,0.8545,0.8642,0.1058,0.2419,0.0,1.0,62.0,paperv2_phase2
dermmnist,MobileNetV3,4,loc_group,L80_G50,80,50,tralo,2,0.756,0.848,0.8587,0.118,0.2491,0.0,1.0,61.0,paperv2_phase2
dermmnist,MobileNetV3,4,loc_group,L80_G50,80,50,tralo,3,0.7729,0.8523,0.8637,0.1073,0.2366,0.0,1.0,61.0,paperv2_phase2
dermmnist,MobileNetV3,4,loc_group,L80_G50,80,50,tralo,4,0.7663,0.8543,0.8647,0.1094,0.2422,0.0,1.0,60.0,paperv2_phase2
dermmnist,MobileNetV3,4,loc_group,L80_G50,80,50,tralo_bounded,1,0.7585,0.8507,0.8617,0.1073,0.2427,0.0,1.0,61.0,paperv2_phase2
dermmnist,MobileNetV3,4,loc_group,L80_G50,80,50,tralo_bounded,2,0.7497,0.8444,0.8557,0.1187,0.252,0.0,1.0,61.0,paperv2_phase2
dermmnist,MobileNetV3,4,loc_group,L80_G50,80,50,tralo_bounded,3,0.7743,0.8519,0.8637,0.107,0.236,0.0,1.0,61.0,paperv2_phase2
dermmnist,MobileNetV3,4,loc_group,L80_G50,80,50,tralo_bounded,4,0.7622,0.8513,0.8622,0.1111,0.2414,0.0,1.0,59.0,paperv2_phase2
dermmnist,MobileNetV3,4,loc_group,L80_G70,80,70,danits_lp,1,0.7777,0.8616,0.8677,0.1047,0.2319,40.0,0.0,,paperv2_phase2
dermmnist,MobileNetV3,4,loc_group,L80_G70,80,70,danits_lp,2,0.7519,0.8568,0.8607,0.108,0.2387,43.0,0.0,,paperv2_phase2
dermmnist,MobileNetV3,4,loc_group,L80_G70,80,70,danits_lp,3,0.7789,0.8677,0.8722,0.0908,0.2199,52.0,0.0,,paperv2_phase2
dermmnist,MobileNetV3,4,loc_group,L80_G70,80,70,danits_lp,4,0.7511,0.8594,0.8617,0.1012,0.2354,55.0,0.0,,paperv2_phase2
dermmnist,MobileNetV3,4,loc_group,L80_G70,80,70,fioretto_ldf,1,0.7804,0.8655,0.8707,0.0982,0.2231,0.0,1.0,8.0,paperv2_phase2
dermmnist,MobileNetV3,4,loc_group,L80_G70,80,70,fioretto_ldf,2,0.7762,0.8631,0.8687,0.1023,0.2278,0.0,1.0,7.0,paperv2_phase2
dermmnist,MobileNetV3,4,loc_group,L80_G70,80,70,fioretto_ldf,3,0.7927,0.8658,0.8717,0.0991,0.2211,0.0,1.0,7.0,paperv2_phase2
dermmnist,MobileNetV3,4,loc_group,L80_G70,80,70,fioretto_ldf,4,0.7856,0.869,0.8742,0.0976,0.2219,0.0,1.0,6.0,paperv2_phase2
dermmnist,MobileNetV3,4,loc_group,L80_G70,80,70,heuristic,1,0.7762,0.861,0.8672,0.1047,0.2319,40.0,0.0,,paperv2_phase2
dermmnist,MobileNetV3,4,loc_group,L80_G70,80,70,heuristic,2,0.7523,0.8568,0.8607,0.108,0.2387,43.0,0.0,,paperv2_phase2
dermmnist,MobileNetV3,4,loc_group,L80_G70,80,70,heuristic,3,0.779,0.8682,0.8727,0.0908,0.2199,52.0,0.0,,paperv2_phase2
dermmnist,MobileNetV3,4,loc_group,L80_G70,80,70,heuristic,4,0.7511,0.8594,0.8617,0.1012,0.2354,55.0,0.0,,paperv2_phase2
dermmnist,MobileNetV3,4,loc_group,L80_G70,80,70,hounie_rcl,1,0.7803,0.8654,0.8707,0.0975,0.2231,0.0,1.0,61.0,paperv2_phase2
dermmnist,MobileNetV3,4,loc_group,L80_G70,80,70,hounie_rcl,2,0.773,0.863,0.8682,0.1019,0.2271,0.0,1.0,43.0,paperv2_phase2
dermmnist,MobileNetV3,4,loc_group,L80_G70,80,70,hounie_rcl,3,0.7897,0.865,0.8707,0.0985,0.2196,0.0,1.0,41.0,paperv2_phase2
dermmnist,MobileNetV3,4,loc_group,L80_G70,80,70,hounie_rcl,4,0.7896,0.8707,0.8757,0.0982,0.2203,0.0,1.0,51.0,paperv2_phase2
dermmnist,MobileNetV3,4,loc_group,L80_G70,80,70,tralo,1,0.783,0.8657,0.8717,0.1007,0.2257,0.0,1.0,58.0,paperv2_phase2
dermmnist,MobileNetV3,4,loc_group,L80_G70,80,70,tralo,2,0.7946,0.8701,0.8757,0.1002,0.2272,0.0,1.0,56.0,paperv2_phase2
dermmnist,MobileNetV3,4,loc_group,L80_G70,80,70,tralo,3,0.7855,0.863,0.8692,0.1008,0.2233,0.0,1.0,57.0,paperv2_phase2
dermmnist,MobileNetV3,4,loc_group,L80_G70,80,70,tralo,4,0.7922,0.874,0.8797,0.0955,0.2165,0.0,1.0,59.0,paperv2_phase2
dermmnist,MobileNetV3,4,loc_group,L80_G70,80,70,tralo_bounded,1,0.7816,0.8676,0.8722,0.097,0.2224,0.0,1.0,57.0,paperv2_phase2
dermmnist,MobileNetV3,4,loc_group,L80_G70,80,70,tralo_bounded,2,0.769,0.8628,0.8682,0.1021,0.2271,0.0,1.0,56.0,paperv2_phase2
dermmnist,MobileNetV3,4,loc_group,L80_G70,80,70,tralo_bounded,3,0.7891,0.865,0.8707,0.0986,0.2199,0.0,1.0,57.0,paperv2_phase2
dermmnist,MobileNetV3,4,loc_group,L80_G70,80,70,tralo_bounded,4,0.7843,0.8687,0.8737,0.0981,0.2213,0.0,1.0,56.0,paperv2_phase2
dermmnist,MobileNetV3,4,loc_group,L80_G80,80,80,danits_lp,1,0.7808,0.8624,0.8672,0.1047,0.2319,18.0,0.0,,expansion_dermmnist_baselines
dermmnist,MobileNetV3,4,loc_group,L80_G80,80,80,danits_lp,2,0.7531,0.8579,0.8607,0.108,0.2387,21.0,0.0,,expansion_dermmnist_baselines
dermmnist,MobileNetV3,4,loc_group,L80_G80,80,80,danits_lp,3,0.7782,0.8685,0.8717,0.0908,0.2199,30.0,0.0,,expansion_dermmnist_baselines
dermmnist,MobileNetV3,4,loc_group,L80_G80,80,80,danits_lp,4,0.7548,0.8628,0.8637,0.1012,0.2354,35.0,0.0,,paperv2_phase1
dermmnist,MobileNetV3,4,loc_group,L80_G80,80,80,fioretto_ldf,1,0.7877,0.8705,0.8737,0.0959,0.2214,15.0,1.0,6.0,paperv2_phase1
dermmnist,MobileNetV3,4,loc_group,L80_G80,80,80,fioretto_ldf,2,0.7845,0.8653,0.8692,0.0998,0.2254,19.0,1.0,5.0,paperv2_phase1
dermmnist,MobileNetV3,4,loc_group,L80_G80,80,80,fioretto_ldf,3,0.7916,0.8676,0.8712,0.0972,0.217,14.0,1.0,5.0,paperv2_phase1
dermmnist,MobileNetV3,4,loc_group,L80_G80,80,80,fioretto_ldf,4,0.7915,0.874,0.8772,0.0934,0.2174,12.0,1.0,4.0,paperv2_phase1
dermmnist,MobileNetV3,4,loc_group,L80_G80,80,80,heuristic,1,0.7808,0.8624,0.8672,0.1047,0.2319,18.0,0.0,,expansion_dermmnist_baselines
dermmnist,MobileNetV3,4,loc_group,L80_G80,80,80,heuristic,2,0.7533,0.858,0.8607,0.108,0.2387,21.0,0.0,,expansion_dermmnist_baselines
dermmnist,MobileNetV3,4,loc_group,L80_G80,80,80,heuristic,3,0.7804,0.8697,0.8727,0.0908,0.2199,30.0,0.0,,expansion_dermmnist_baselines
dermmnist,MobileNetV3,4,loc_group,L80_G80,80,80,heuristic,4,0.7584,0.8649,0.8657,0.1012,0.2354,37.0,0.0,,paperv2_phase1
dermmnist,MobileNetV3,4,loc_group,L80_G80,80,80,hounie_rcl,1,0.7877,0.8705,0.8737,0.0952,0.2212,13.0,1.0,53.0,paperv2_phase1
dermmnist,MobileNetV3,4,loc_group,L80_G80,80,80,hounie_rcl,2,0.7842,0.867,0.8707,0.0985,0.2242,12.0,1.0,38.0,paperv2_phase1
dermmnist,MobileNetV3,4,loc_group,L80_G80,80,80,hounie_rcl,3,0.7911,0.8667,0.8702,0.0957,0.2151,5.0,1.0,26.0,paperv2_phase1
dermmnist,MobileNetV3,4,loc_group,L80_G80,80,80,hounie_rcl,4,0.794,0.8744,0.8777,0.0927,0.216,6.0,1.0,12.0,paperv2_phase1
dermmnist,MobileNetV3,4,loc_group,L80_G80,80,80,tralo,1,0.7814,0.8684,0.8722,0.0995,0.2218,1.0,1.0,57.0,paperv2_phase1
dermmnist,MobileNetV3,4,loc_group,L80_G80,80,80,tralo,2,0.7829,0.8651,0.8687,0.1027,0.2243,6.0,1.0,55.0,paperv2_phase1
dermmnist,MobileNetV3,4,loc_group,L80_G80,80,80,tralo,3,0.7908,0.8658,0.8697,0.0972,0.2163,5.0,1.0,54.0,paperv2_phase1
dermmnist,MobileNetV3,4,loc_group,L80_G80,80,80,tralo,4,0.8015,0.8777,0.8812,0.0923,0.2124,6.0,1.0,52.0,paperv2_phase1
dermmnist,MobileNetV3,4,loc_group,L80_G80,80,80,tralo_bounded,1,0.7877,0.8705,0.8737,0.0953,0.2213,14.0,1.0,56.0,paperv2_phase1
dermmnist,MobileNetV3,4,loc_group,L80_G80,80,80,tralo_bounded,2,0.7786,0.8649,0.8687,0.1,0.2245,11.0,1.0,54.0,paperv2_phase1
dermmnist,MobileNetV3,4,loc_group,L80_G80,80,80,tralo_bounded,3,0.7914,0.8676,0.8712,0.0967,0.2166,12.0,1.0,54.0,paperv2_phase1
dermmnist,MobileNetV3,4,loc_group,L80_G80,80,80,tralo_bounded,4,0.7921,0.8749,0.8782,0.0947,0.2178,13.0,1.0,52.0,paperv2_phase1
dermmnist,MobileNetV3,4,sex,L20_G20,20,20,danits_lp,1,0.7123,0.8067,0.8337,0.1047,0.2319,152.0,0.0,,paperv2_phase5
dermmnist,MobileNetV3,4,sex,L20_G20,20,20,danits_lp,2,0.6873,0.8092,0.8333,0.108,0.2387,155.0,0.0,,paperv2_phase5
dermmnist,MobileNetV3,4,sex,L20_G20,20,20,danits_lp,3,0.7215,0.818,0.8437,0.0908,0.2199,164.0,0.0,,paperv2_phase5
dermmnist,MobileNetV3,4,sex,L20_G20,20,20,danits_lp,4,0.6851,0.8091,0.8333,0.1012,0.2354,167.0,0.0,,paperv2_phase5
dermmnist,MobileNetV3,4,sex,L20_G20,20,20,fioretto_ldf,1,0.6856,0.7906,0.8203,0.1523,0.3257,7.0,1.0,22.0,paperv2_phase5
dermmnist,MobileNetV3,4,sex,L20_G20,20,20,fioretto_ldf,2,0.7084,0.8032,0.8318,0.1474,0.3117,11.0,1.0,20.0,paperv2_phase5
dermmnist,MobileNetV3,4,sex,L20_G20,20,20,fioretto_ldf,3,0.7179,0.8101,0.8382,0.1391,0.299,16.0,1.0,20.0,paperv2_phase5
dermmnist,MobileNetV3,4,sex,L20_G20,20,20,fioretto_ldf,4,0.7172,0.7991,0.8293,0.1544,0.3257,11.0,1.0,19.0,paperv2_phase5
dermmnist,MobileNetV3,4,sex,L20_G20,20,20,heuristic,1,0.7123,0.8067,0.8337,0.1047,0.2319,152.0,0.0,,paperv2_phase5
dermmnist,MobileNetV3,4,sex,L20_G20,20,20,heuristic,2,0.6873,0.8092,0.8333,0.108,0.2387,155.0,0.0,,paperv2_phase5
dermmnist,MobileNetV3,4,sex,L20_G20,20,20,heuristic,3,0.7215,0.818,0.8437,0.0908,0.2199,164.0,0.0,,paperv2_phase5
dermmnist,MobileNetV3,4,sex,L20_G20,20,20,heuristic,4,0.6851,0.8091,0.8333,0.1012,0.2354,167.0,0.0,,paperv2_phase5
dermmnist,MobileNetV3,4,sex,L20_G20,20,20,hounie_rcl,1,0.6765,0.7876,0.8183,0.1552,0.3349,10.0,1.0,71.0,paperv2_phase5
dermmnist,MobileNetV3,4,sex,L20_G20,20,20,hounie_rcl,2,0.7012,0.8009,0.8298,0.1504,0.3169,12.0,1.0,69.0,paperv2_phase5
dermmnist,MobileNetV3,4,sex,L20_G20,20,20,hounie_rcl,3,0.7157,0.8084,0.8367,0.1428,0.3045,22.0,1.0,62.0,paperv2_phase5
dermmnist,MobileNetV3,4,sex,L20_G20,20,20,hounie_rcl,4,0.7104,0.7889,0.8208,0.1613,0.3368,10.0,1.0,62.0,paperv2_phase5
dermmnist,MobileNetV3,4,sex,L20_G20,20,20,tralo,1,0.6897,0.7973,0.8258,0.1461,0.3124,2.0,1.0,72.0,paperv2_phase5
dermmnist,MobileNetV3,4,sex,L20_G20,20,20,tralo,2,0.7093,0.8045,0.8323,0.1408,0.3021,0.0,1.0,70.0,paperv2_phase5
dermmnist,MobileNetV3,4,sex,L20_G20,20,20,tralo,3,0.7211,0.8129,0.8402,0.1323,0.2889,4.0,1.0,69.0,paperv2_phase5
dermmnist,MobileNetV3,4,sex,L20_G20,20,20,tralo,4,0.7108,0.8042,0.8328,0.143,0.3085,0.0,1.0,68.0,paperv2_phase5
dermmnist,MobileNetV3,4,sex,L20_G20,20,20,tralo_bounded,1,0.6864,0.7915,0.8213,0.1522,0.3283,8.0,1.0,72.0,paperv2_phase5
dermmnist,MobileNetV3,4,sex,L20_G20,20,20,tralo_bounded,2,0.7106,0.8027,0.8313,0.1493,0.3149,10.0,1.0,70.0,paperv2_phase5
dermmnist,MobileNetV3,4,sex,L20_G20,20,20,tralo_bounded,3,0.7228,0.8109,0.8392,0.1355,0.2931,10.0,1.0,69.0,paperv2_phase5
dermmnist,MobileNetV3,4,sex,L20_G20,20,20,tralo_bounded,4,0.7144,0.7982,0.8288,0.1515,0.3213,10.0,1.0,68.0,paperv2_phase5
dermmnist,MobileNetV3,4,sex,L30_G30,30,30,danits_lp,1,0.7337,0.8244,0.8437,0.1047,0.2319,129.0,0.0,,paperv2_phase5
dermmnist,MobileNetV3,4,sex,L30_G30,30,30,danits_lp,2,0.7104,0.8262,0.8427,0.108,0.2387,132.0,0.0,,paperv2_phase5
dermmnist,MobileNetV3,4,sex,L30_G30,30,30,danits_lp,3,0.7398,0.8351,0.8532,0.0908,0.2199,141.0,0.0,,paperv2_phase5
dermmnist,MobileNetV3,4,sex,L30_G30,30,30,danits_lp,4,0.7042,0.8262,0.8427,0.1012,0.2354,144.0,0.0,,paperv2_phase5
dermmnist,MobileNetV3,4,sex,L30_G30,30,30,fioretto_ldf,1,0.7149,0.8192,0.8397,0.1337,0.2901,11.0,1.0,18.0,paperv2_phase5
dermmnist,MobileNetV3,4,sex,L30_G30,30,30,fioretto_ldf,2,0.734,0.8219,0.8417,0.1333,0.2853,7.0,1.0,18.0,paperv2_phase5
dermmnist,MobileNetV3,4,sex,L30_G30,30,30,fioretto_ldf,3,0.7367,0.8279,0.8482,0.1247,0.2746,11.0,0.0,,paperv2_phase5
dermmnist,MobileNetV3,4,sex,L30_G30,30,30,fioretto_ldf,4,0.7393,0.8239,0.8447,0.1342,0.2901,11.0,1.0,16.0,paperv2_phase5
dermmnist,MobileNetV3,4,sex,L30_G30,30,30,heuristic,1,0.7337,0.8244,0.8437,0.1047,0.2319,129.0,0.0,,paperv2_phase5
dermmnist,MobileNetV3,4,sex,L30_G30,30,30,heuristic,2,0.7104,0.8262,0.8427,0.108,0.2387,132.0,0.0,,paperv2_phase5
dermmnist,MobileNetV3,4,sex,L30_G30,30,30,heuristic,3,0.7398,0.8351,0.8532,0.0908,0.2199,141.0,0.0,,paperv2_phase5
dermmnist,MobileNetV3,4,sex,L30_G30,30,30,heuristic,4,0.7042,0.8262,0.8427,0.1012,0.2354,144.0,0.0,,paperv2_phase5
dermmnist,MobileNetV3,4,sex,L30_G30,30,30,hounie_rcl,1,0.7134,0.8168,0.8377,0.1397,0.2962,14.0,1.0,59.0,paperv2_phase5
dermmnist,MobileNetV3,4,sex,L30_G30,30,30,hounie_rcl,2,0.7351,0.8222,0.8422,0.1385,0.2964,17.0,1.0,68.0,paperv2_phase5
dermmnist,MobileNetV3,4,sex,L30_G30,30,30,hounie_rcl,3,0.7278,0.8237,0.8442,0.1303,0.2872,23.0,1.0,60.0,paperv2_phase5
dermmnist,MobileNetV3,4,sex,L30_G30,30,30,hounie_rcl,4,0.7369,0.822,0.8437,0.1369,0.2979,13.0,1.0,56.0,paperv2_phase5
dermmnist,MobileNetV3,4,sex,L30_G30,30,30,tralo,1,0.7181,0.8203,0.8407,0.132,0.2851,5.0,1.0,67.0,paperv2_phase5
dermmnist,MobileNetV3,4,sex,L30_G30,30,30,tralo,2,0.7373,0.8217,0.8417,0.1361,0.2928,13.0,1.0,68.0,paperv2_phase5
dermmnist,MobileNetV3,4,sex,L30_G30,30,30,tralo,3,0.7401,0.8292,0.8477,0.1262,0.2749,0.0,1.0,68.0,paperv2_phase5
dermmnist,MobileNetV3,4,sex,L30_G30,30,30,tralo,4,0.7318,0.8239,0.8442,0.1323,0.2807,3.0,1.0,65.0,paperv2_phase5
dermmnist,MobileNetV3,4,sex,L30_G30,30,30,tralo_bounded,1,0.7104,0.8171,0.8377,0.1372,0.2941,13.0,1.0,67.0,paperv2_phase5
dermmnist,MobileNetV3,4,sex,L30_G30,30,30,tralo_bounded,2,0.7383,0.8228,0.8427,0.1333,0.2866,7.0,1.0,68.0,paperv2_phase5
dermmnist,MobileNetV3,4,sex,L30_G30,30,30,tralo_bounded,3,0.7316,0.8263,0.8467,0.1258,0.2766,10.0,0.0,,paperv2_phase5
dermmnist,MobileNetV3,4,sex,L30_G30,30,30,tralo_bounded,4,0.742,0.8249,0.8457,0.1347,0.2892,11.0,1.0,65.0,paperv2_phase5
dermmnist,MobileNetV3,4,sex,L50_G50,50,50,danits_lp,1,0.7606,0.8493,0.8597,0.1047,0.2319,84.0,0.0,,paperv2_phase5
dermmnist,MobileNetV3,4,sex,L50_G50,50,50,danits_lp,2,0.737,0.8452,0.8537,0.108,0.2387,87.0,0.0,,paperv2_phase5
dermmnist,MobileNetV3,4,sex,L50_G50,50,50,danits_lp,3,0.7674,0.8582,0.8672,0.0908,0.2199,96.0,0.0,,paperv2_phase5
dermmnist,MobileNetV3,4,sex,L50_G50,50,50,danits_lp,4,0.7278,0.845,0.8527,0.1012,0.2354,99.0,0.0,,paperv2_phase5
dermmnist,MobileNetV3,4,sex,L50_G50,50,50,fioretto_ldf,1,0.7572,0.8513,0.8612,0.1159,0.254,21.0,1.0,14.0,paperv2_phase5
dermmnist,MobileNetV3,4,sex,L50_G50,50,50,fioretto_ldf,2,0.7555,0.8501,0.8602,0.1163,0.2502,5.0,1.0,12.0,paperv2_phase5
dermmnist,MobileNetV3,4,sex,L50_G50,50,50,fioretto_ldf,3,0.7782,0.8547,0.8652,0.1082,0.2395,13.0,1.0,11.0,paperv2_phase5
dermmnist,MobileNetV3,4,sex,L50_G50,50,50,fioretto_ldf,4,0.7605,0.852,0.8627,0.1114,0.2468,9.0,1.0,11.0,paperv2_phase5
dermmnist,MobileNetV3,4,sex,L50_G50,50,50,heuristic,1,0.7606,0.8493,0.8597,0.1047,0.2319,84.0,0.0,,paperv2_phase5
dermmnist,MobileNetV3,4,sex,L50_G50,50,50,heuristic,2,0.7379,0.8459,0.8542,0.108,0.2387,87.0,0.0,,paperv2_phase5
dermmnist,MobileNetV3,4,sex,L50_G50,50,50,heuristic,3,0.7674,0.8582,0.8672,0.0908,0.2199,96.0,0.0,,paperv2_phase5
dermmnist,MobileNetV3,4,sex,L50_G50,50,50,heuristic,4,0.7282,0.845,0.8527,0.1012,0.2354,99.0,0.0,,paperv2_phase5
dermmnist,MobileNetV3,4,sex,L50_G50,50,50,hounie_rcl,1,0.7474,0.8465,0.8567,0.1193,0.2583,21.0,1.0,57.0,paperv2_phase5
dermmnist,MobileNetV3,4,sex,L50_G50,50,50,hounie_rcl,2,0.7589,0.8517,0.8617,0.1158,0.2533,9.0,1.0,52.0,paperv2_phase5
dermmnist,MobileNetV3,4,sex,L50_G50,50,50,hounie_rcl,3,0.7824,0.8552,0.8657,0.1086,0.2395,14.0,1.0,42.0,paperv2_phase5
dermmnist,MobileNetV3,4,sex,L50_G50,50,50,hounie_rcl,4,0.7564,0.8513,0.8622,0.1135,0.2511,17.0,1.0,48.0,paperv2_phase5
dermmnist,MobileNetV3,4,sex,L50_G50,50,50,tralo,1,0.7611,0.8546,0.8642,0.108,0.241,4.0,1.0,63.0,paperv2_phase5
dermmnist,MobileNetV3,4,sex,L50_G50,50,50,tralo,2,0.7504,0.849,0.8582,0.1173,0.2511,2.0,1.0,62.0,paperv2_phase5
dermmnist,MobileNetV3,4,sex,L50_G50,50,50,tralo,3,0.7767,0.8534,0.8637,0.1081,0.2352,9.0,1.0,61.0,paperv2_phase5
dermmnist,MobileNetV3,4,sex,L50_G50,50,50,tralo,4,0.7614,0.853,0.8632,0.11,0.2437,0.0,1.0,60.0,paperv2_phase5
dermmnist,MobileNetV3,4,sex,L50_G50,50,50,tralo_bounded,1,0.7597,0.8528,0.8627,0.1118,0.2501,13.0,1.0,63.0,paperv2_phase5
dermmnist,MobileNetV3,4,sex,L50_G50,50,50,tralo_bounded,2,0.7579,0.8499,0.8597,0.1176,0.2529,10.0,1.0,62.0,paperv2_phase5
dermmnist,MobileNetV3,4,sex,L50_G50,50,50,tralo_bounded,3,0.777,0.8538,0.8642,0.1074,0.2362,11.0,1.0,61.0,paperv2_phase5
dermmnist,MobileNetV3,4,sex,L50_G50,50,50,tralo_bounded,4,0.7556,0.8516,0.8622,0.1122,0.2455,8.0,1.0,60.0,paperv2_phase5
dermmnist,MobileNetV3,4,sex,L70_G70,70,70,danits_lp,1,0.7769,0.8611,0.8672,0.1047,0.2319,40.0,0.0,,paperv2_phase5
dermmnist,MobileNetV3,4,sex,L70_G70,70,70,danits_lp,2,0.7523,0.8552,0.8592,0.108,0.2387,43.0,0.0,,paperv2_phase5
dermmnist,MobileNetV3,4,sex,L70_G70,70,70,danits_lp,3,0.7779,0.8678,0.8722,0.0908,0.2199,52.0,0.0,,paperv2_phase5
dermmnist,MobileNetV3,4,sex,L70_G70,70,70,danits_lp,4,0.7521,0.8605,0.8627,0.1012,0.2354,55.0,0.0,,paperv2_phase5
dermmnist,MobileNetV3,4,sex,L70_G70,70,70,fioretto_ldf,1,0.7868,0.8683,0.8732,0.099,0.2254,20.0,1.0,9.0,paperv2_phase5
dermmnist,MobileNetV3,4,sex,L70_G70,70,70,fioretto_ldf,2,0.7763,0.8633,0.8687,0.1053,0.2311,19.0,1.0,8.0,paperv2_phase5
dermmnist,MobileNetV3,4,sex,L70_G70,70,70,fioretto_ldf,3,0.7899,0.8649,0.8702,0.0991,0.2211,9.0,1.0,7.0,paperv2_phase5
dermmnist,MobileNetV3,4,sex,L70_G70,70,70,fioretto_ldf,4,0.7877,0.871,0.8757,0.0976,0.222,5.0,1.0,6.0,paperv2_phase5
dermmnist,MobileNetV3,4,sex,L70_G70,70,70,heuristic,1,0.7769,0.8611,0.8672,0.1047,0.2319,40.0,0.0,,paperv2_phase5
dermmnist,MobileNetV3,4,sex,L70_G70,70,70,heuristic,2,0.7526,0.8552,0.8592,0.108,0.2387,43.0,0.0,,paperv2_phase5
dermmnist,MobileNetV3,4,sex,L70_G70,70,70,heuristic,3,0.7783,0.8678,0.8722,0.0908,0.2199,52.0,0.0,,paperv2_phase5
dermmnist,MobileNetV3,4,sex,L70_G70,70,70,heuristic,4,0.7521,0.8605,0.8627,0.1012,0.2354,55.0,0.0,,paperv2_phase5
dermmnist,MobileNetV3,4,sex,L70_G70,70,70,hounie_rcl,1,0.7838,0.8679,0.8727,0.0994,0.2255,21.0,1.0,53.0,paperv2_phase5
dermmnist,MobileNetV3,4,sex,L70_G70,70,70,hounie_rcl,2,0.7788,0.8653,0.8707,0.1037,0.2305,16.0,1.0,48.0,paperv2_phase5
dermmnist,MobileNetV3,4,sex,L70_G70,70,70,hounie_rcl,3,0.7908,0.866,0.8712,0.0987,0.221,8.0,1.0,38.0,paperv2_phase5
dermmnist,MobileNetV3,4,sex,L70_G70,70,70,hounie_rcl,4,0.7906,0.8709,0.8757,0.0976,0.2212,5.0,1.0,36.0,paperv2_phase5
dermmnist,MobileNetV3,4,sex,L70_G70,70,70,tralo,1,0.7848,0.8669,0.8722,0.0973,0.2228,7.0,1.0,58.0,paperv2_phase5
dermmnist,MobileNetV3,4,sex,L70_G70,70,70,tralo,2,0.7761,0.8655,0.8707,0.1008,0.227,4.0,1.0,57.0,paperv2_phase5
dermmnist,MobileNetV3,4,sex,L70_G70,70,70,tralo,3,0.7918,0.8648,0.8702,0.0993,0.2203,6.0,1.0,57.0,paperv2_phase5
dermmnist,MobileNetV3,4,sex,L70_G70,70,70,tralo,4,0.7823,0.8695,0.8742,0.1001,0.2231,3.0,1.0,55.0,paperv2_phase5
dermmnist,MobileNetV3,4,sex,L70_G70,70,70,tralo_bounded,1,0.7865,0.8679,0.8727,0.0983,0.2243,13.0,1.0,58.0,paperv2_phase5
dermmnist,MobileNetV3,4,sex,L70_G70,70,70,tralo_bounded,2,0.7791,0.8649,0.8702,0.1029,0.2299,15.0,1.0,57.0,paperv2_phase5
dermmnist,MobileNetV3,4,sex,L70_G70,70,70,tralo_bounded,3,0.79,0.8654,0.8707,0.0999,0.2206,6.0,1.0,57.0,paperv2_phase5
dermmnist,MobileNetV3,4,sex,L70_G70,70,70,tralo_bounded,4,0.7865,0.8705,0.8752,0.0976,0.2222,5.0,1.0,55.0,paperv2_phase5
dermmnist,MobileNetV3,4,sex,L80_G80,80,80,danits_lp,1,0.7759,0.8595,0.8647,0.1047,0.2319,18.0,0.0,,paperv2_phase5
dermmnist,MobileNetV3,4,sex,L80_G80,80,80,danits_lp,2,0.7494,0.8565,0.8592,0.108,0.2387,21.0,0.0,,paperv2_phase5
dermmnist,MobileNetV3,4,sex,L80_G80,80,80,danits_lp,3,0.7784,0.8676,0.8707,0.0908,0.2199,30.0,0.0,,paperv2_phase5
dermmnist,MobileNetV3,4,sex,L80_G80,80,80,danits_lp,4,0.7551,0.8614,0.8622,0.1012,0.2354,33.0,0.0,,paperv2_phase5
dermmnist,MobileNetV3,4,sex,L80_G80,80,80,fioretto_ldf,1,0.7862,0.869,0.8732,0.0953,0.2216,0.0,1.0,7.0,paperv2_phase5
dermmnist,MobileNetV3,4,sex,L80_G80,80,80,fioretto_ldf,2,0.779,0.8655,0.8697,0.0995,0.224,1.0,0.0,,paperv2_phase5
dermmnist,MobileNetV3,4,sex,L80_G80,80,80,fioretto_ldf,3,0.7898,0.8655,0.8702,0.0977,0.217,0.0,1.0,5.0,paperv2_phase5
dermmnist,MobileNetV3,4,sex,L80_G80,80,80,fioretto_ldf,4,0.7935,0.8737,0.8777,0.0938,0.2176,0.0,1.0,3.0,paperv2_phase5
dermmnist,MobileNetV3,4,sex,L80_G80,80,80,heuristic,1,0.7799,0.8607,0.8657,0.1047,0.2319,18.0,0.0,,paperv2_phase5
dermmnist,MobileNetV3,4,sex,L80_G80,80,80,heuristic,2,0.7494,0.8565,0.8592,0.108,0.2387,21.0,0.0,,paperv2_phase5
dermmnist,MobileNetV3,4,sex,L80_G80,80,80,heuristic,3,0.7784,0.8676,0.8707,0.0908,0.2199,30.0,0.0,,paperv2_phase5
dermmnist,MobileNetV3,4,sex,L80_G80,80,80,heuristic,4,0.7551,0.8614,0.8622,0.1012,0.2354,33.0,0.0,,paperv2_phase5
dermmnist,MobileNetV3,4,sex,L80_G80,80,80,hounie_rcl,1,0.7855,0.869,0.8732,0.0951,0.2214,0.0,1.0,74.0,paperv2_phase5
dermmnist,MobileNetV3,4,sex,L80_G80,80,80,hounie_rcl,2,0.7867,0.869,0.8732,0.0986,0.2234,0.0,1.0,54.0,paperv2_phase5
dermmnist,MobileNetV3,4,sex,L80_G80,80,80,hounie_rcl,3,0.7931,0.8679,0.8717,0.0952,0.2152,0.0,1.0,31.0,paperv2_phase5
dermmnist,MobileNetV3,4,sex,L80_G80,80,80,hounie_rcl,4,0.7947,0.8752,0.8787,0.0927,0.2159,0.0,1.0,12.0,paperv2_phase5
dermmnist,MobileNetV3,4,sex,L80_G80,80,80,tralo,1,0.7742,0.8659,0.8697,0.1052,0.2269,0.0,1.0,86.0,paperv2_phase5
dermmnist,MobileNetV3,4,sex,L80_G80,80,80,tralo,2,0.7849,0.8659,0.8697,0.0993,0.2234,0.0,1.0,57.0,paperv2_phase5
dermmnist,MobileNetV3,4,sex,L80_G80,80,80,tralo,3,0.792,0.8649,0.8702,0.0987,0.2185,0.0,1.0,53.0,paperv2_phase5
dermmnist,MobileNetV3,4,sex,L80_G80,80,80,tralo,4,0.7914,0.8736,0.8767,0.0966,0.2189,0.0,1.0,52.0,paperv2_phase5
dermmnist,MobileNetV3,4,sex,L80_G80,80,80,tralo_bounded,1,0.7864,0.8696,0.8737,0.0952,0.2212,0.0,1.0,57.0,paperv2_phase5
dermmnist,MobileNetV3,4,sex,L80_G80,80,80,tralo_bounded,2,0.7803,0.8662,0.8702,0.099,0.2239,0.0,1.0,55.0,paperv2_phase5
dermmnist,MobileNetV3,4,sex,L80_G80,80,80,tralo_bounded,3,0.791,0.8668,0.8712,0.0962,0.2165,0.0,1.0,53.0,paperv2_phase5
dermmnist,MobileNetV3,4,sex,L80_G80,80,80,tralo_bounded,4,0.7931,0.8736,0.8777,0.094,0.218,0.0,1.0,52.0,paperv2_phase5
dermmnist,ResNet18,4,loc_group,L20_G20,20,20,danits_lp,1,0.6721,0.7852,0.8138,0.1282,0.2867,116.0,0.0,,paperv2_phase3
dermmnist,ResNet18,4,loc_group,L20_G20,20,20,danits_lp,2,0.7004,0.811,0.8362,0.0968,0.2259,134.0,0.0,,paperv2_phase3
dermmnist,ResNet18,4,loc_group,L20_G20,20,20,danits_lp,3,0.6513,0.7799,0.8088,0.13,0.2932,125.0,0.0,,paperv2_phase3
dermmnist,ResNet18,4,loc_group,L20_G20,20,20,danits_lp,4,0.7228,0.8183,0.8427,0.0957,0.2157,97.0,0.0,,paperv2_phase3
dermmnist,ResNet18,4,loc_group,L20_G20,20,20,fioretto_ldf,1,0.7219,0.812,0.8352,0.1355,0.3071,20.0,1.0,14.0,paperv2_phase3
dermmnist,ResNet18,4,loc_group,L20_G20,20,20,fioretto_ldf,2,0.6964,0.8042,0.8318,0.1409,0.3068,12.0,0.0,,paperv2_phase3
dermmnist,ResNet18,4,loc_group,L20_G20,20,20,fioretto_ldf,3,0.6603,0.7941,0.8193,0.1516,0.3222,19.0,1.0,18.0,paperv2_phase3
dermmnist,ResNet18,4,loc_group,L20_G20,20,20,fioretto_ldf,4,0.7093,0.8095,0.8372,0.1431,0.3141,23.0,1.0,5.0,paperv2_phase3
dermmnist,ResNet18,4,loc_group,L20_G20,20,20,heuristic,1,0.6727,0.7852,0.8138,0.1282,0.2867,116.0,0.0,,paperv2_phase3
dermmnist,ResNet18,4,loc_group,L20_G20,20,20,heuristic,2,0.7004,0.811,0.8362,0.0968,0.2259,134.0,0.0,,paperv2_phase3
dermmnist,ResNet18,4,loc_group,L20_G20,20,20,heuristic,3,0.6513,0.7799,0.8088,0.13,0.2932,125.0,0.0,,paperv2_phase3
dermmnist,ResNet18,4,loc_group,L20_G20,20,20,heuristic,4,0.7223,0.8183,0.8427,0.0957,0.2157,97.0,0.0,,paperv2_phase3
dermmnist,ResNet18,4,loc_group,L20_G20,20,20,hounie_rcl,1,0.7175,0.8098,0.8303,0.141,0.3136,18.0,1.0,52.0,paperv2_phase3
dermmnist,ResNet18,4,loc_group,L20_G20,20,20,hounie_rcl,2,0.7021,0.8046,0.8298,0.1464,0.3119,21.0,1.0,34.0,paperv2_phase3
dermmnist,ResNet18,4,loc_group,L20_G20,20,20,hounie_rcl,3,0.6545,0.7932,0.8158,0.1467,0.3216,19.0,1.0,61.0,paperv2_phase3
dermmnist,ResNet18,4,loc_group,L20_G20,20,20,hounie_rcl,4,0.687,0.8075,0.8333,0.1463,0.3122,25.0,1.0,18.0,paperv2_phase3
dermmnist,ResNet18,4,loc_group,L20_G20,20,20,tralo,1,0.6732,0.8035,0.8233,0.1403,0.3122,0.0,1.0,64.0,paperv2_phase3
dermmnist,ResNet18,4,loc_group,L20_G20,20,20,tralo,2,0.704,0.8069,0.8323,0.1432,0.3073,13.0,1.0,57.0,paperv2_phase3
dermmnist,ResNet18,4,loc_group,L20_G20,20,20,tralo,3,0.6609,0.802,0.8238,0.1425,0.313,5.0,1.0,68.0,paperv2_phase3
dermmnist,ResNet18,4,loc_group,L20_G20,20,20,tralo,4,0.7116,0.8156,0.8412,0.1311,0.2904,9.0,1.0,56.0,paperv2_phase3
dermmnist,ResNet18,4,loc_group,L20_G20,20,20,tralo_bounded,1,0.7197,0.8118,0.8342,0.136,0.3075,20.0,1.0,64.0,paperv2_phase3
dermmnist,ResNet18,4,loc_group,L20_G20,20,20,tralo_bounded,2,0.6873,0.8026,0.8283,0.1517,0.3249,29.0,1.0,57.0,paperv2_phase3
dermmnist,ResNet18,4,loc_group,L20_G20,20,20,tralo_bounded,3,0.6636,0.7974,0.8218,0.1478,0.3204,18.0,1.0,68.0,paperv2_phase3
dermmnist,ResNet18,4,loc_group,L20_G20,20,20,tralo_bounded,4,0.6978,0.8107,0.8367,0.1423,0.3059,21.0,1.0,56.0,paperv2_phase3
dermmnist,ResNet18,4,loc_group,L30_G30,30,30,danits_lp,1,0.6934,0.7993,0.8218,0.1282,0.2867,94.0,0.0,,paperv2_phase3
dermmnist,ResNet18,4,loc_group,L30_G30,30,30,danits_lp,2,0.7175,0.8252,0.8437,0.0968,0.2259,112.0,0.0,,paperv2_phase3
dermmnist,ResNet18,4,loc_group,L30_G30,30,30,danits_lp,3,0.6648,0.7911,0.8143,0.13,0.2932,103.0,0.0,,paperv2_phase3
dermmnist,ResNet18,4,loc_group,L30_G30,30,30,danits_lp,4,0.7446,0.8358,0.8532,0.0957,0.2157,75.0,0.0,,paperv2_phase3
dermmnist,ResNet18,4,loc_group,L30_G30,30,30,fioretto_ldf,1,0.7401,0.8255,0.8427,0.1235,0.2824,14.0,1.0,11.0,paperv2_phase3
dermmnist,ResNet18,4,loc_group,L30_G30,30,30,fioretto_ldf,2,0.7176,0.8218,0.8417,0.1409,0.3063,31.0,1.0,5.0,paperv2_phase3
dermmnist,ResNet18,4,loc_group,L30_G30,30,30,fioretto_ldf,3,0.6981,0.8178,0.8357,0.1343,0.2984,19.0,1.0,14.0,paperv2_phase3
dermmnist,ResNet18,4,loc_group,L30_G30,30,30,fioretto_ldf,4,0.7323,0.8293,0.8487,0.1309,0.2845,27.0,1.0,5.0,paperv2_phase3
dermmnist,ResNet18,4,loc_group,L30_G30,30,30,heuristic,1,0.695,0.8013,0.8233,0.1282,0.2867,94.0,0.0,,paperv2_phase3
dermmnist,ResNet18,4,loc_group,L30_G30,30,30,heuristic,2,0.7175,0.8252,0.8437,0.0968,0.2259,112.0,0.0,,paperv2_phase3
dermmnist,ResNet18,4,loc_group,L30_G30,30,30,heuristic,3,0.6648,0.7911,0.8143,0.13,0.2932,103.0,0.0,,paperv2_phase3
dermmnist,ResNet18,4,loc_group,L30_G30,30,30,heuristic,4,0.7444,0.8358,0.8532,0.0957,0.2157,75.0,0.0,,paperv2_phase3
dermmnist,ResNet18,4,loc_group,L30_G30,30,30,hounie_rcl,1,0.7341,0.825,0.8397,0.1283,0.289,18.0,1.0,43.0,paperv2_phase3
dermmnist,ResNet18,4,loc_group,L30_G30,30,30,hounie_rcl,2,0.7059,0.8175,0.8367,0.1449,0.3149,40.0,1.0,15.0,paperv2_phase3
dermmnist,ResNet18,4,loc_group,L30_G30,30,30,hounie_rcl,3,0.6929,0.8133,0.8308,0.1357,0.2977,19.0,1.0,47.0,paperv2_phase3
dermmnist,ResNet18,4,loc_group,L30_G30,30,30,hounie_rcl,4,0.7077,0.824,0.8432,0.1439,0.3079,45.0,1.0,15.0,paperv2_phase3
dermmnist,ResNet18,4,loc_group,L30_G30,30,30,tralo,1,0.7374,0.8236,0.8382,0.132,0.2856,1.0,1.0,60.0,paperv2_phase3
dermmnist,ResNet18,4,loc_group,L30_G30,30,30,tralo,2,0.7233,0.8266,0.8457,0.1235,0.275,1.0,1.0,56.0,paperv2_phase3
dermmnist,ResNet18,4,loc_group,L30_G30,30,30,tralo,3,0.6933,0.813,0.8333,0.1323,0.2943,0.0,1.0,64.0,paperv2_phase3
dermmnist,ResNet18,4,loc_group,L30_G30,30,30,tralo,4,0.7262,0.8341,0.8497,0.1155,0.2587,2.0,1.0,55.0,paperv2_phase3
dermmnist,ResNet18,4,loc_group,L30_G30,30,30,tralo_bounded,1,0.7405,0.8257,0.8427,0.1227,0.2825,14.0,1.0,60.0,paperv2_phase3
dermmnist,ResNet18,4,loc_group,L30_G30,30,30,tralo_bounded,2,0.7149,0.8218,0.8402,0.1392,0.2982,25.0,1.0,56.0,paperv2_phase3
dermmnist,ResNet18,4,loc_group,L30_G30,30,30,tralo_bounded,3,0.6957,0.8166,0.8342,0.1355,0.2973,18.0,1.0,64.0,paperv2_phase3
dermmnist,ResNet18,4,loc_group,L30_G30,30,30,tralo_bounded,4,0.7305,0.8316,0.8502,0.1286,0.279,24.0,1.0,55.0,paperv2_phase3
dermmnist,ResNet18,4,loc_group,L50_G50,50,50,danits_lp,1,0.7113,0.8163,0.8318,0.1282,0.2867,50.0,0.0,,paperv2_phase3
dermmnist,ResNet18,4,loc_group,L50_G50,50,50,danits_lp,2,0.7514,0.8474,0.8572,0.0968,0.2259,68.0,0.0,,paperv2_phase3
dermmnist,ResNet18,4,loc_group,L50_G50,50,50,danits_lp,3,0.6872,0.8091,0.8248,0.13,0.2932,59.0,0.0,,paperv2_phase3
dermmnist,ResNet18,4,loc_group,L50_G50,50,50,danits_lp,4,0.7697,0.8571,0.8667,0.0957,0.2157,31.0,0.0,,paperv2_phase3
dermmnist,ResNet18,4,loc_group,L50_G50,50,50,fioretto_ldf,1,0.76,0.8439,0.8532,0.1137,0.2579,20.0,1.0,7.0,paperv2_phase3
dermmnist,ResNet18,4,loc_group,L50_G50,50,50,fioretto_ldf,2,0.7463,0.8397,0.8512,0.1291,0.2793,52.0,1.0,5.0,paperv2_phase3
dermmnist,ResNet18,4,loc_group,L50_G50,50,50,fioretto_ldf,3,0.7448,0.8403,0.8507,0.1157,0.2652,20.0,1.0,10.0,paperv2_phase3
dermmnist,ResNet18,4,loc_group,L50_G50,50,50,fioretto_ldf,4,0.7772,0.8584,0.8687,0.1108,0.2502,37.0,1.0,4.0,paperv2_phase3
dermmnist,ResNet18,4,loc_group,L50_G50,50,50,heuristic,1,0.7134,0.8176,0.8328,0.1282,0.2867,50.0,0.0,,paperv2_phase3
dermmnist,ResNet18,4,loc_group,L50_G50,50,50,heuristic,2,0.7514,0.8474,0.8572,0.0968,0.2259,68.0,0.0,,paperv2_phase3
dermmnist,ResNet18,4,loc_group,L50_G50,50,50,heuristic,3,0.6872,0.8091,0.8248,0.13,0.2932,59.0,0.0,,paperv2_phase3
dermmnist,ResNet18,4,loc_group,L50_G50,50,50,heuristic,4,0.7697,0.8571,0.8667,0.0957,0.2157,31.0,0.0,,paperv2_phase3
dermmnist,ResNet18,4,loc_group,L50_G50,50,50,hounie_rcl,1,0.7621,0.8465,0.8542,0.1119,0.257,16.0,1.0,38.0,paperv2_phase3
dermmnist,ResNet18,4,loc_group,L50_G50,50,50,hounie_rcl,2,0.7378,0.8375,0.8482,0.1336,0.2843,57.0,1.0,15.0,paperv2_phase3
dermmnist,ResNet18,4,loc_group,L50_G50,50,50,hounie_rcl,3,0.7327,0.8375,0.8477,0.1162,0.266,21.0,1.0,43.0,paperv2_phase3
dermmnist,ResNet18,4,loc_group,L50_G50,50,50,hounie_rcl,4,0.7625,0.8544,0.8647,0.125,0.2715,62.0,1.0,16.0,paperv2_phase3
dermmnist,ResNet18,4,loc_group,L50_G50,50,50,tralo,1,0.7673,0.8462,0.8552,0.109,0.2511,7.0,1.0,57.0,paperv2_phase3
dermmnist,ResNet18,4,loc_group,L50_G50,50,50,tralo,2,0.7418,0.8381,0.8507,0.1161,0.2549,2.0,1.0,55.0,paperv2_phase3
dermmnist,ResNet18,4,loc_group,L50_G50,50,50,tralo,3,0.7388,0.8407,0.8502,0.1171,0.2667,1.0,1.0,60.0,paperv2_phase3
dermmnist,ResNet18,4,loc_group,L50_G50,50,50,tralo,4,0.7682,0.8493,0.8617,0.1127,0.2482,9.0,1.0,54.0,paperv2_phase3
dermmnist,ResNet18,4,loc_group,L50_G50,50,50,tralo_bounded,1,0.76,0.8439,0.8532,0.1111,0.2505,10.0,1.0,57.0,paperv2_phase3
dermmnist,ResNet18,4,loc_group,L50_G50,50,50,tralo_bounded,2,0.7461,0.8423,0.8532,0.1242,0.272,47.0,1.0,55.0,paperv2_phase3
dermmnist,ResNet18,4,loc_group,L50_G50,50,50,tralo_bounded,3,0.7453,0.8406,0.8507,0.1151,0.2644,21.0,1.0,60.0,paperv2_phase3
dermmnist,ResNet18,4,loc_group,L50_G50,50,50,tralo_bounded,4,0.7788,0.8598,0.8697,0.1089,0.2466,33.0,1.0,54.0,paperv2_phase3
dermmnist,ResNet18,4,loc_group,L70_G70,70,70,danits_lp,1,0.7118,0.8214,0.8333,0.1282,0.2867,6.0,0.0,,paperv2_phase3
dermmnist,ResNet18,4,loc_group,L70_G70,70,70,danits_lp,2,0.763,0.8573,0.8627,0.0968,0.2259,23.0,0.0,,paperv2_phase3
dermmnist,ResNet18,4,loc_group,L70_G70,70,70,danits_lp,3,0.6935,0.8177,0.8293,0.13,0.2932,14.0,0.0,,paperv2_phase3
dermmnist,ResNet18,4,loc_group,L70_G70,70,70,danits_lp,4,0.7778,0.8638,0.8702,0.0957,0.2157,0.0,1.0,,paperv2_phase3
dermmnist,ResNet18,4,loc_group,L70_G70,70,70,fioretto_ldf,1,0.7749,0.8565,0.8617,0.0979,0.2365,12.0,1.0,1.0,paperv2_phase3
dermmnist,ResNet18,4,loc_group,L70_G70,70,70,fioretto_ldf,2,0.7683,0.8592,0.8647,0.099,0.2319,16.0,1.0,3.0,paperv2_phase3
dermmnist,ResNet18,4,loc_group,L70_G70,70,70,fioretto_ldf,3,0.7522,0.8514,0.8577,0.1026,0.2459,10.0,1.0,7.0,paperv2_phase3
dermmnist,ResNet18,4,loc_group,L70_G70,70,70,fioretto_ldf,4,0.7853,0.8677,0.8732,0.1002,0.2262,34.0,1.0,3.0,paperv2_phase3
dermmnist,ResNet18,4,loc_group,L70_G70,70,70,heuristic,1,0.7148,0.8232,0.8347,0.1282,0.2867,9.0,0.0,,paperv2_phase3
dermmnist,ResNet18,4,loc_group,L70_G70,70,70,heuristic,2,0.7631,0.8574,0.8627,0.0968,0.2259,23.0,0.0,,paperv2_phase3
dermmnist,ResNet18,4,loc_group,L70_G70,70,70,heuristic,3,0.6924,0.8178,0.8293,0.13,0.2932,14.0,0.0,,paperv2_phase3
dermmnist,ResNet18,4,loc_group,L70_G70,70,70,heuristic,4,0.7823,0.8665,0.8717,0.0957,0.2157,16.0,1.0,,paperv2_phase3
dermmnist,ResNet18,4,loc_group,L70_G70,70,70,hounie_rcl,1,0.776,0.8575,0.8622,0.1002,0.2359,6.0,1.0,1.0,paperv2_phase3
dermmnist,ResNet18,4,loc_group,L70_G70,70,70,hounie_rcl,2,0.764,0.8571,0.8627,0.1068,0.2403,38.0,1.0,16.0,paperv2_phase3
dermmnist,ResNet18,4,loc_group,L70_G70,70,70,hounie_rcl,3,0.7544,0.8515,0.8577,0.1025,0.2451,8.0,1.0,47.0,paperv2_phase3
dermmnist,ResNet18,4,loc_group,L70_G70,70,70,hounie_rcl,4,0.7842,0.8668,0.8722,0.0984,0.2197,19.0,1.0,15.0,paperv2_phase3
dermmnist,ResNet18,4,loc_group,L70_G70,70,70,tralo,1,0.7791,0.8573,0.8617,0.0986,0.235,5.0,1.0,51.0,paperv2_phase3
dermmnist,ResNet18,4,loc_group,L70_G70,70,70,tralo,2,0.758,0.8546,0.8607,0.1063,0.2368,3.0,1.0,53.0,paperv2_phase3
dermmnist,ResNet18,4,loc_group,L70_G70,70,70,tralo,3,0.7587,0.8543,0.8607,0.105,0.2443,2.0,1.0,57.0,paperv2_phase3
dermmnist,ResNet18,4,loc_group,L70_G70,70,70,tralo,4,0.7846,0.8664,0.8717,0.1006,0.2265,23.0,1.0,54.0,paperv2_phase3
dermmnist,ResNet18,4,loc_group,L70_G70,70,70,tralo_bounded,1,0.7749,0.8565,0.8617,0.0986,0.2357,12.0,1.0,51.0,paperv2_phase3
dermmnist,ResNet18,4,loc_group,L70_G70,70,70,tralo_bounded,2,0.7653,0.8582,0.8637,0.1013,0.2327,15.0,1.0,53.0,paperv2_phase3
dermmnist,ResNet18,4,loc_group,L70_G70,70,70,tralo_bounded,3,0.7544,0.8515,0.8577,0.1021,0.2455,8.0,1.0,57.0,paperv2_phase3
dermmnist,ResNet18,4,loc_group,L70_G70,70,70,tralo_bounded,4,0.7904,0.8679,0.8732,0.0993,0.222,26.0,1.0,52.0,paperv2_phase3
dermmnist,ResNet18,4,loc_group,L80_G80,80,80,danits_lp,1,0.7128,0.8227,0.8342,0.1282,0.2867,2.0,0.0,,paperv2_phase3
dermmnist,ResNet18,4,loc_group,L80_G80,80,80,danits_lp,2,0.7695,0.86,0.8642,0.0968,0.2259,5.0,0.0,,paperv2_phase3
dermmnist,ResNet18,4,loc_group,L80_G80,80,80,danits_lp,3,0.6949,0.8181,0.8293,0.13,0.2932,3.0,0.0,,paperv2_phase3
dermmnist,ResNet18,4,loc_group,L80_G80,80,80,danits_lp,4,0.7778,0.8638,0.8702,0.0957,0.2157,0.0,1.0,,paperv2_phase3
dermmnist,ResNet18,4,loc_group,L80_G80,80,80,fioretto_ldf,1,0.777,0.8587,0.8632,0.0981,0.2349,24.0,1.0,1.0,paperv2_phase3
dermmnist,ResNet18,4,loc_group,L80_G80,80,80,fioretto_ldf,2,0.7736,0.8615,0.8657,0.1001,0.2319,38.0,1.0,3.0,paperv2_phase3
dermmnist,ResNet18,4,loc_group,L80_G80,80,80,fioretto_ldf,3,0.7586,0.8532,0.8582,0.1014,0.2422,14.0,1.0,2.0,paperv2_phase3
dermmnist,ResNet18,4,loc_group,L80_G80,80,80,fioretto_ldf,4,0.7887,0.8698,0.8737,0.0934,0.2157,26.0,1.0,1.0,paperv2_phase3
dermmnist,ResNet18,4,loc_group,L80_G80,80,80,heuristic,1,0.7138,0.8248,0.8352,0.1282,0.2867,21.0,0.0,,paperv2_phase3
dermmnist,ResNet18,4,loc_group,L80_G80,80,80,heuristic,2,0.7685,0.8596,0.8637,0.0968,0.2259,11.0,0.0,,paperv2_phase3
dermmnist,ResNet18,4,loc_group,L80_G80,80,80,heuristic,3,0.7001,0.8249,0.8347,0.13,0.2932,16.0,0.0,,paperv2_phase3
dermmnist,ResNet18,4,loc_group,L80_G80,80,80,heuristic,4,0.7894,0.8714,0.8752,0.0957,0.2157,36.0,1.0,,paperv2_phase3
dermmnist,ResNet18,4,loc_group,L80_G80,80,80,hounie_rcl,1,0.777,0.8587,0.8632,0.0981,0.2349,24.0,1.0,1.0,paperv2_phase3
dermmnist,ResNet18,4,loc_group,L80_G80,80,80,hounie_rcl,2,0.7716,0.8607,0.8647,0.0976,0.2276,17.0,1.0,16.0,paperv2_phase3
dermmnist,ResNet18,4,loc_group,L80_G80,80,80,hounie_rcl,3,0.7584,0.8526,0.8577,0.1008,0.2416,6.0,1.0,2.0,paperv2_phase3
dermmnist,ResNet18,4,loc_group,L80_G80,80,80,hounie_rcl,4,0.7887,0.8698,0.8737,0.0934,0.2157,26.0,1.0,1.0,paperv2_phase3
dermmnist,ResNet18,4,loc_group,L80_G80,80,80,tralo,1,0.7802,0.859,0.8622,0.0965,0.2305,4.0,1.0,51.0,paperv2_phase3
dermmnist,ResNet18,4,loc_group,L80_G80,80,80,tralo,2,0.7645,0.8588,0.8637,0.0998,0.2307,12.0,1.0,52.0,paperv2_phase3
dermmnist,ResNet18,4,loc_group,L80_G80,80,80,tralo,3,0.7522,0.8509,0.8567,0.1051,0.248,26.0,1.0,52.0,paperv2_phase3
dermmnist,ResNet18,4,loc_group,L80_G80,80,80,tralo,4,0.782,0.8673,0.8717,0.0968,0.2186,4.0,1.0,51.0,paperv2_phase3
dermmnist,ResNet18,4,loc_group,L80_G80,80,80,tralo_bounded,1,0.777,0.8587,0.8632,0.0981,0.2349,24.0,1.0,51.0,paperv2_phase3
dermmnist,ResNet18,4,loc_group,L80_G80,80,80,tralo_bounded,2,0.767,0.8596,0.8637,0.0986,0.2281,9.0,1.0,52.0,paperv2_phase3
dermmnist,ResNet18,4,loc_group,L80_G80,80,80,tralo_bounded,3,0.7594,0.8538,0.8587,0.1004,0.2419,10.0,1.0,52.0,paperv2_phase3
dermmnist,ResNet18,4,loc_group,L80_G80,80,80,tralo_bounded,4,0.7887,0.8698,0.8737,0.0934,0.2157,26.0,1.0,51.0,paperv2_phase3
eurosat,MobileNetV3,4,synth_group,L20_G20,20,20,danits_lp,1,0.8755,0.8817,0.9025,0.0174,0.0405,174.0,0.0,,expansion_baselines
eurosat,MobileNetV3,4,synth_group,L20_G20,20,20,danits_lp,2,0.8805,0.8851,0.9067,0.0159,0.0365,171.0,0.0,,expansion_baselines
eurosat,MobileNetV3,4,synth_group,L20_G20,20,20,danits_lp,3,0.8861,0.8897,0.9108,0.0117,0.0292,177.0,0.0,,expansion_baselines
eurosat,MobileNetV3,4,synth_group,L20_G20,20,20,fioretto_ldf,1,0.88,0.8841,0.9021,0.0858,0.1833,9.0,1.0,33.0,paper400_baselines
eurosat,MobileNetV3,4,synth_group,L20_G20,20,20,fioretto_ldf,2,0.87,0.8738,0.8896,0.0914,0.2025,7.0,1.0,22.0,paper400_baselines
eurosat,MobileNetV3,4,synth_group,L20_G20,20,20,fioretto_ldf,3,0.873,0.8799,0.8954,0.0945,0.1984,11.0,1.0,23.0,paper400_baselines
eurosat,MobileNetV3,4,synth_group,L20_G20,20,20,fioretto_ldf,4,0.8769,0.8822,0.9008,0.0808,0.1739,6.0,1.0,26.0,paper400_baselines
eurosat,MobileNetV3,4,synth_group,L20_G20,20,20,heuristic,1,0.8742,0.8825,0.9025,0.0174,0.0405,174.0,0.0,,expansion_baselines
eurosat,MobileNetV3,4,synth_group,L20_G20,20,20,heuristic,2,0.8797,0.8856,0.9067,0.0159,0.0365,171.0,0.0,,expansion_baselines
eurosat,MobileNetV3,4,synth_group,L20_G20,20,20,heuristic,3,0.8848,0.8897,0.9108,0.0117,0.0292,177.0,0.0,,expansion_baselines
eurosat,MobileNetV3,4,synth_group,L20_G20,20,20,hounie_rcl,1,0.8716,0.8747,0.8896,0.1055,0.2235,22.0,1.0,133.0,paper400_baselines
eurosat,MobileNetV3,4,synth_group,L20_G20,20,20,hounie_rcl,2,0.8526,0.8557,0.8667,0.1218,0.2679,30.0,1.0,84.0,paper400_baselines
eurosat,MobileNetV3,4,synth_group,L20_G20,20,20,hounie_rcl,3,0.8676,0.873,0.8908,0.1003,0.2178,27.0,1.0,97.0,paper400_baselines
eurosat,MobileNetV3,4,synth_group,L20_G20,20,20,hounie_rcl,4,0.8725,0.877,0.8938,0.0972,0.2088,25.0,1.0,102.0,paper400_baselines
eurosat,MobileNetV3,4,synth_group,L20_G20,20,20,tralo,1,0.8792,0.8831,0.9004,0.0851,0.1834,3.0,1.0,105.0,paper400_tralofix
eurosat,MobileNetV3,4,synth_group,L20_G20,20,20,tralo,2,0.8678,0.8714,0.8862,0.0933,0.2065,6.0,1.0,84.0,paper400_tralofix
eurosat,MobileNetV3,4,synth_group,L20_G20,20,20,tralo,3,0.8728,0.8789,0.8967,0.085,0.1859,0.0,1.0,89.0,paper400_tralofix
eurosat,MobileNetV3,4,synth_group,L20_G20,20,20,tralo,4,0.878,0.8832,0.9017,0.0781,0.1708,1.0,1.0,94.0,paper400_tralofix
eurosat,MobileNetV3,4,synth_group,L20_G20,20,20,tralo_bounded,1,0.8789,0.8827,0.9,0.086,0.1852,6.0,1.0,105.0,paper400_baselines
eurosat,MobileNetV3,4,synth_group,L20_G20,20,20,tralo_bounded,2,0.8647,0.8682,0.8821,0.1005,0.2205,14.0,1.0,84.0,paper400_baselines
eurosat,MobileNetV3,4,synth_group,L20_G20,20,20,tralo_bounded,3,0.8735,0.8797,0.8971,0.0864,0.1873,4.0,1.0,89.0,paper400_baselines
eurosat,MobileNetV3,4,synth_group,L20_G20,20,20,tralo_bounded,4,0.8771,0.8824,0.9008,0.0837,0.1798,9.0,1.0,94.0,paper400_baselines
eurosat,MobileNetV3,4,synth_group,L20_G50,20,50,danits_lp,1,0.8755,0.8817,0.9025,0.0174,0.0405,174.0,0.0,,expansion_baselines
eurosat,MobileNetV3,4,synth_group,L20_G50,20,50,danits_lp,2,0.8805,0.8851,0.9067,0.0159,0.0365,171.0,0.0,,expansion_baselines
eurosat,MobileNetV3,4,synth_group,L20_G50,20,50,danits_lp,3,0.8861,0.8897,0.9108,0.0117,0.0292,177.0,0.0,,expansion_baselines
eurosat,MobileNetV3,4,synth_group,L20_G50,20,50,heuristic,1,0.8742,0.8825,0.9025,0.0174,0.0405,174.0,0.0,,expansion_baselines
eurosat,MobileNetV3,4,synth_group,L20_G50,20,50,heuristic,2,0.8797,0.8856,0.9067,0.0159,0.0365,171.0,0.0,,expansion_baselines
eurosat,MobileNetV3,4,synth_group,L20_G50,20,50,heuristic,3,0.8848,0.8897,0.9108,0.0117,0.0292,177.0,0.0,,expansion_baselines
eurosat,MobileNetV3,4,synth_group,L30_G30,30,30,danits_lp,1,0.8918,0.8975,0.9117,0.0174,0.0405,152.0,0.0,,expansion_baselines
eurosat,MobileNetV3,4,synth_group,L30_G30,30,30,danits_lp,2,0.8967,0.9008,0.9158,0.0159,0.0365,149.0,0.0,,expansion_baselines
eurosat,MobileNetV3,4,synth_group,L30_G30,30,30,danits_lp,3,0.9021,0.9051,0.92,0.0117,0.0292,155.0,0.0,,expansion_baselines
eurosat,MobileNetV3,4,synth_group,L30_G30,30,30,fioretto_ldf,1,0.8976,0.9011,0.9137,0.0699,0.1558,3.0,0.0,,arch_validation
eurosat,MobileNetV3,4,synth_group,L30_G30,30,30,fioretto_ldf,2,0.888,0.8911,0.9021,0.082,0.1853,11.0,1.0,21.0,arch_validation
eurosat,MobileNetV3,4,synth_group,L30_G30,30,30,fioretto_ldf,3,0.8912,0.8968,0.9075,0.0802,0.1725,11.0,1.0,22.0,paper400_baselines
eurosat,MobileNetV3,4,synth_group,L30_G30,30,30,fioretto_ldf,4,0.8964,0.9009,0.9137,0.0671,0.1501,5.0,1.0,24.0,paper400_baselines
eurosat,MobileNetV3,4,synth_group,L30_G30,30,30,heuristic,1,0.891,0.8979,0.9117,0.0174,0.0405,152.0,0.0,,expansion_baselines
eurosat,MobileNetV3,4,synth_group,L30_G30,30,30,heuristic,2,0.8964,0.9012,0.9158,0.0159,0.0365,149.0,0.0,,expansion_baselines
eurosat,MobileNetV3,4,synth_group,L30_G30,30,30,heuristic,3,0.9013,0.9054,0.92,0.0117,0.0292,155.0,0.0,,expansion_baselines
eurosat,MobileNetV3,4,synth_group,L30_G30,30,30,hounie_rcl,1,0.887,0.8893,0.8983,0.1051,0.2201,38.0,1.0,143.0,arch_validation
eurosat,MobileNetV3,4,synth_group,L30_G30,30,30,hounie_rcl,2,0.8759,0.8786,0.8867,0.1075,0.2336,40.0,1.0,106.0,arch_validation
eurosat,MobileNetV3,4,synth_group,L30_G30,30,30,hounie_rcl,3,0.8862,0.8908,0.9029,0.094,0.2033,39.0,1.0,99.0,paper400_baselines
eurosat,MobileNetV3,4,synth_group,L30_G30,30,30,hounie_rcl,4,0.891,0.8951,0.9071,0.0904,0.1914,39.0,1.0,108.0,paper400_baselines
eurosat,MobileNetV3,4,synth_group,L30_G30,30,30,tralo,1,0.8956,0.899,0.9113,0.0744,0.1614,3.0,1.0,92.0,arch_validation
eurosat,MobileNetV3,4,synth_group,L30_G30,30,30,tralo,2,0.888,0.8913,0.9025,0.0781,0.1752,1.0,1.0,76.0,arch_validation
eurosat,MobileNetV3,4,synth_group,L30_G30,30,30,tralo,3,0.8919,0.8968,0.9092,0.0747,0.1664,5.0,1.0,80.0,paper400_tralofix
eurosat,MobileNetV3,4,synth_group,L30_G30,30,30,tralo,4,0.8955,0.8998,0.9125,0.069,0.1527,4.0,1.0,83.0,paper400_tralofix
eurosat,MobileNetV3,4,synth_group,L30_G30,30,30,tralo_bounded,1,0.8958,0.8991,0.9113,0.0743,0.1642,4.0,1.0,92.0,arch_validation
eurosat,MobileNetV3,4,synth_group,L30_G30,30,30,tralo_bounded,2,0.8875,0.8907,0.9017,0.0776,0.1771,3.0,0.0,,arch_validation
eurosat,MobileNetV3,4,synth_group,L30_G30,30,30,tralo_bounded,3,0.8906,0.8957,0.9075,0.0815,0.1778,17.0,1.0,80.0,paper400_baselines
eurosat,MobileNetV3,4,synth_group,L30_G30,30,30,tralo_bounded,4,0.8958,0.9002,0.9129,0.0707,0.1557,9.0,1.0,83.0,paper400_baselines
eurosat,MobileNetV3,4,synth_group,L30_G80,30,80,danits_lp,1,0.8918,0.8975,0.9117,0.0174,0.0405,152.0,0.0,,expansion_baselines
eurosat,MobileNetV3,4,synth_group,L30_G80,30,80,danits_lp,2,0.8967,0.9008,0.9158,0.0159,0.0365,149.0,0.0,,expansion_baselines
eurosat,MobileNetV3,4,synth_group,L30_G80,30,80,danits_lp,3,0.9021,0.9051,0.92,0.0117,0.0292,155.0,0.0,,expansion_baselines
eurosat,MobileNetV3,4,synth_group,L30_G80,30,80,heuristic,1,0.891,0.8979,0.9117,0.0174,0.0405,152.0,0.0,,expansion_baselines
eurosat,MobileNetV3,4,synth_group,L30_G80,30,80,heuristic,2,0.8964,0.9012,0.9158,0.0159,0.0365,149.0,0.0,,expansion_baselines
eurosat,MobileNetV3,4,synth_group,L30_G80,30,80,heuristic,3,0.9013,0.9054,0.92,0.0117,0.0292,155.0,0.0,,expansion_baselines
eurosat,MobileNetV3,4,synth_group,L50_G20,50,20,danits_lp,1,0.8755,0.8817,0.9025,0.0174,0.0405,174.0,0.0,,expansion_baselines
eurosat,MobileNetV3,4,synth_group,L50_G20,50,20,danits_lp,2,0.8805,0.8851,0.9067,0.0159,0.0365,171.0,0.0,,expansion_baselines
eurosat,MobileNetV3,4,synth_group,L50_G20,50,20,danits_lp,3,0.8861,0.8897,0.9108,0.0117,0.0292,177.0,0.0,,expansion_baselines
eurosat,MobileNetV3,4,synth_group,L50_G20,50,20,heuristic,1,0.8742,0.8825,0.9025,0.0174,0.0405,174.0,0.0,,expansion_baselines
eurosat,MobileNetV3,4,synth_group,L50_G20,50,20,heuristic,2,0.8797,0.8856,0.9067,0.0159,0.0365,171.0,0.0,,expansion_baselines
eurosat,MobileNetV3,4,synth_group,L50_G20,50,20,heuristic,3,0.8847,0.8897,0.9108,0.0117,0.0292,177.0,0.0,,expansion_baselines
eurosat,MobileNetV3,4,synth_group,L50_G50,50,50,danits_lp,1,0.9207,0.9251,0.9304,0.0174,0.0405,107.0,0.0,,expansion_baselines
eurosat,MobileNetV3,4,synth_group,L50_G50,50,50,danits_lp,2,0.9254,0.9286,0.9346,0.0159,0.0365,104.0,0.0,,expansion_baselines
eurosat,MobileNetV3,4,synth_group,L50_G50,50,50,danits_lp,3,0.9304,0.9327,0.9387,0.0117,0.0292,110.0,0.0,,expansion_baselines
eurosat,MobileNetV3,4,synth_group,L50_G50,50,50,fioretto_ldf,1,0.9157,0.9186,0.9258,0.0571,0.1256,0.0,1.0,27.0,arch_validation
eurosat,MobileNetV3,4,synth_group,L50_G50,50,50,fioretto_ldf,2,0.9135,0.916,0.9217,0.0608,0.1383,0.0,1.0,18.0,arch_validation
eurosat,MobileNetV3,4,synth_group,L50_G50,50,50,fioretto_ldf,3,0.9084,0.9127,0.92,0.0623,0.1383,0.0,1.0,20.0,paper400_baselines
eurosat,MobileNetV3,4,synth_group,L50_G50,50,50,fioretto_ldf,4,0.9261,0.929,0.9342,0.047,0.1129,2.0,0.0,,paper400_baselines
eurosat,MobileNetV3,4,synth_group,L50_G50,50,50,heuristic,1,0.9205,0.9249,0.9304,0.0174,0.0405,107.0,0.0,,expansion_baselines
eurosat,MobileNetV3,4,synth_group,L50_G50,50,50,heuristic,2,0.9253,0.9286,0.9346,0.0159,0.0365,104.0,0.0,,expansion_baselines
eurosat,MobileNetV3,4,synth_group,L50_G50,50,50,heuristic,3,0.9301,0.9327,0.9387,0.0117,0.0292,110.0,0.0,,expansion_baselines
eurosat,MobileNetV3,4,synth_group,L50_G50,50,50,hounie_rcl,1,0.8966,0.8994,0.9096,0.0751,0.1605,0.0,1.0,152.0,arch_validation
eurosat,MobileNetV3,4,synth_group,L50_G50,50,50,hounie_rcl,2,0.8877,0.8905,0.9,0.0788,0.1776,0.0,1.0,93.0,arch_validation
eurosat,MobileNetV3,4,synth_group,L50_G50,50,50,hounie_rcl,3,0.8908,0.8951,0.9079,0.0763,0.1637,0.0,1.0,108.0,paper400_baselines
eurosat,MobileNetV3,4,synth_group,L50_G50,50,50,hounie_rcl,4,0.8925,0.8969,0.9104,0.0699,0.1568,0.0,1.0,119.0,paper400_baselines
eurosat,MobileNetV3,4,synth_group,L50_G50,50,50,tralo,1,0.9179,0.9205,0.9271,0.0546,0.1239,0.0,1.0,82.0,arch_validation
eurosat,MobileNetV3,4,synth_group,L50_G50,50,50,tralo,2,0.9204,0.9226,0.9271,0.0564,0.1279,0.0,1.0,69.0,arch_validation
eurosat,MobileNetV3,4,synth_group,L50_G50,50,50,tralo,3,0.9192,0.922,0.9279,0.0577,0.1269,0.0,1.0,72.0,paper400_tralofix
eurosat,MobileNetV3,4,synth_group,L50_G50,50,50,tralo,4,0.9233,0.9265,0.9321,0.0502,0.1156,0.0,1.0,75.0,paper400_tralofix
eurosat,MobileNetV3,4,synth_group,L50_G50,50,50,tralo_bounded,1,0.918,0.9206,0.9271,0.054,0.1222,2.0,0.0,,arch_validation
eurosat,MobileNetV3,4,synth_group,L50_G50,50,50,tralo_bounded,2,0.9132,0.9156,0.9213,0.0627,0.1389,0.0,1.0,69.0,arch_validation
eurosat,MobileNetV3,4,synth_group,L50_G50,50,50,tralo_bounded,3,0.9124,0.9162,0.9233,0.0604,0.1323,0.0,1.0,72.0,paper400_baselines
eurosat,MobileNetV3,4,synth_group,L50_G50,50,50,tralo_bounded,4,0.9249,0.9281,0.9333,0.0458,0.1101,6.0,0.0,,paper400_baselines
eurosat,MobileNetV3,4,synth_group,L70_G70,70,70,danits_lp,1,0.9446,0.9473,0.9487,0.0174,0.0405,63.0,0.0,,expansion_baselines
eurosat,MobileNetV3,4,synth_group,L70_G70,70,70,danits_lp,2,0.9491,0.9512,0.9529,0.0159,0.0365,60.0,0.0,,expansion_baselines
eurosat,MobileNetV3,4,synth_group,L70_G70,70,70,danits_lp,3,0.9541,0.9554,0.9571,0.0117,0.0292,66.0,0.0,,expansion_baselines
eurosat,MobileNetV3,4,synth_group,L70_G70,70,70,heuristic,1,0.9446,0.9472,0.9487,0.0174,0.0405,63.0,0.0,,expansion_baselines
eurosat,MobileNetV3,4,synth_group,L70_G70,70,70,heuristic,2,0.9491,0.9512,0.9529,0.0159,0.0365,60.0,0.0,,expansion_baselines
eurosat,MobileNetV3,4,synth_group,L70_G70,70,70,heuristic,3,0.9541,0.9554,0.9571,0.0117,0.0292,66.0,0.0,,expansion_baselines
eurosat,MobileNetV3,4,synth_group,L80_G30,80,30,danits_lp,1,0.8925,0.8981,0.9121,0.0174,0.0405,151.0,0.0,,expansion_baselines
eurosat,MobileNetV3,4,synth_group,L80_G30,80,30,danits_lp,2,0.8973,0.9014,0.9163,0.0159,0.0365,148.0,0.0,,expansion_baselines
eurosat,MobileNetV3,4,synth_group,L80_G30,80,30,danits_lp,3,0.9028,0.9058,0.9204,0.0117,0.0292,154.0,0.0,,expansion_baselines
eurosat,MobileNetV3,4,synth_group,L80_G30,80,30,heuristic,1,0.8918,0.8986,0.9121,0.0174,0.0405,151.0,0.0,,expansion_baselines
eurosat,MobileNetV3,4,synth_group,L80_G30,80,30,heuristic,2,0.8971,0.9019,0.9163,0.0159,0.0365,148.0,0.0,,expansion_baselines
eurosat,MobileNetV3,4,synth_group,L80_G30,80,30,heuristic,3,0.9021,0.906,0.9204,0.0117,0.0292,154.0,0.0,,expansion_baselines
eurosat,MobileNetV3,4,synth_group,L80_G80,80,80,danits_lp,1,0.9559,0.9578,0.9583,0.0174,0.0405,40.0,0.0,,expansion_baselines
eurosat,MobileNetV3,4,synth_group,L80_G80,80,80,danits_lp,2,0.9602,0.9618,0.9625,0.0159,0.0365,37.0,0.0,,expansion_baselines
eurosat,MobileNetV3,4,synth_group,L80_G80,80,80,danits_lp,3,0.9652,0.966,0.9667,0.0117,0.0292,43.0,0.0,,expansion_baselines
eurosat,MobileNetV3,4,synth_group,L80_G80,80,80,heuristic,1,0.9559,0.9578,0.9583,0.0174,0.0405,40.0,0.0,,expansion_baselines
eurosat,MobileNetV3,4,synth_group,L80_G80,80,80,heuristic,2,0.9602,0.9618,0.9625,0.0159,0.0365,37.0,0.0,,expansion_baselines
eurosat,MobileNetV3,4,synth_group,L80_G80,80,80,heuristic,3,0.9651,0.966,0.9667,0.0117,0.0292,43.0,0.0,,expansion_baselines
tissuemnist,EfficientNetB0,4,synth_group,L20_G20,20,20,danits_lp,1,0.4191,0.5238,0.5429,0.3455,0.7766,77.0,0.0,,paperv2_phase6
tissuemnist,EfficientNetB0,4,synth_group,L20_G20,20,20,danits_lp,2,0.4327,0.5369,0.5642,0.3307,0.7352,87.0,0.0,,paperv2_phase6
tissuemnist,EfficientNetB0,4,synth_group,L20_G20,20,20,danits_lp,3,0.3659,0.4591,0.4967,0.398,0.8605,101.0,0.0,,paperv2_phase6
tissuemnist,EfficientNetB0,4,synth_group,L20_G20,20,20,danits_lp,4,0.4201,0.5199,0.5346,0.347,0.772,78.0,0.0,,paperv2_phase6
tissuemnist,EfficientNetB0,4,synth_group,L20_G20,20,20,fioretto_ldf,1,0.3918,0.5049,0.5363,0.3744,0.8142,4.0,1.0,32.0,paperv2_phase6
tissuemnist,EfficientNetB0,4,synth_group,L20_G20,20,20,fioretto_ldf,2,0.3951,0.4954,0.5233,0.3715,0.8183,8.0,1.0,39.0,paperv2_phase6
tissuemnist,EfficientNetB0,4,synth_group,L20_G20,20,20,fioretto_ldf,3,0.3913,0.4788,0.5217,0.4025,0.8592,7.0,1.0,28.0,paperv2_phase6
tissuemnist,EfficientNetB0,4,synth_group,L20_G20,20,20,fioretto_ldf,4,0.414,0.5095,0.5196,0.3723,0.829,7.0,1.0,35.0,paperv2_phase6
tissuemnist,EfficientNetB0,4,synth_group,L20_G20,20,20,heuristic,1,0.4203,0.5245,0.5433,0.3455,0.7766,77.0,0.0,,paperv2_phase6
tissuemnist,EfficientNetB0,4,synth_group,L20_G20,20,20,heuristic,2,0.4304,0.5358,0.5633,0.3307,0.7352,87.0,0.0,,paperv2_phase6
tissuemnist,EfficientNetB0,4,synth_group,L20_G20,20,20,heuristic,3,0.3659,0.4591,0.4967,0.398,0.8605,101.0,0.0,,paperv2_phase6
tissuemnist,EfficientNetB0,4,synth_group,L20_G20,20,20,heuristic,4,0.4201,0.5199,0.5346,0.347,0.772,78.0,0.0,,paperv2_phase6
tissuemnist,EfficientNetB0,4,synth_group,L20_G20,20,20,hounie_rcl,1,0.4076,0.5197,0.5442,0.358,0.7997,11.0,1.0,75.0,paperv2_phase6
tissuemnist,EfficientNetB0,4,synth_group,L20_G20,20,20,hounie_rcl,2,0.412,0.5109,0.5371,0.3578,0.8004,8.0,1.0,70.0,paperv2_phase6
tissuemnist,EfficientNetB0,4,synth_group,L20_G20,20,20,hounie_rcl,3,0.3796,0.4795,0.5162,0.4007,0.865,12.0,1.0,83.0,paperv2_phase6
tissuemnist,EfficientNetB0,4,synth_group,L20_G20,20,20,hounie_rcl,4,0.4052,0.4958,0.5088,0.3835,0.8489,9.0,1.0,74.0,paperv2_phase6
tissuemnist,EfficientNetB0,4,synth_group,L20_G20,20,20,tralo,1,0.4042,0.5129,0.5421,0.3656,0.8023,1.0,1.0,82.0,paperv2_phase6
tissuemnist,EfficientNetB0,4,synth_group,L20_G20,20,20,tralo,2,0.3996,0.5023,0.5288,0.3613,0.8034,8.0,1.0,88.0,paperv2_phase6
tissuemnist,EfficientNetB0,4,synth_group,L20_G20,20,20,tralo,3,0.3942,0.483,0.5242,0.3975,0.8485,7.0,1.0,75.0,paperv2_phase6
tissuemnist,EfficientNetB0,4,synth_group,L20_G20,20,20,tralo,4,0.42,0.5102,0.5258,0.3682,0.8212,1.0,1.0,82.0,paperv2_phase6
tissuemnist,EfficientNetB0,4,synth_group,L20_G20,20,20,tralo_bounded,1,0.3935,0.5055,0.5379,0.3717,0.8124,4.0,1.0,82.0,paperv2_phase6
tissuemnist,EfficientNetB0,4,synth_group,L20_G20,20,20,tralo_bounded,2,0.4101,0.5081,0.5371,0.3577,0.7994,7.0,1.0,87.0,paperv2_phase6
tissuemnist,EfficientNetB0,4,synth_group,L20_G20,20,20,tralo_bounded,3,0.3966,0.4833,0.5242,0.3992,0.8507,7.0,1.0,75.0,paperv2_phase6
tissuemnist,EfficientNetB0,4,synth_group,L20_G20,20,20,tralo_bounded,4,0.4151,0.5113,0.525,0.3689,0.827,5.0,1.0,82.0,paperv2_phase6
tissuemnist,EfficientNetB0,4,synth_group,L30_G30,30,30,danits_lp,1,0.4301,0.53,0.5463,0.3455,0.7766,60.0,0.0,,paperv2_phase6
tissuemnist,EfficientNetB0,4,synth_group,L30_G30,30,30,danits_lp,2,0.4376,0.5398,0.565,0.3307,0.7352,70.0,0.0,,paperv2_phase6
tissuemnist,EfficientNetB0,4,synth_group,L30_G30,30,30,danits_lp,3,0.3714,0.4621,0.4983,0.398,0.8605,84.0,0.0,,paperv2_phase6
tissuemnist,EfficientNetB0,4,synth_group,L30_G30,30,30,danits_lp,4,0.4316,0.5264,0.5383,0.347,0.772,61.0,0.0,,paperv2_phase6
tissuemnist,EfficientNetB0,4,synth_group,L30_G30,30,30,fioretto_ldf,1,0.4319,0.5388,0.5583,0.3469,0.7704,13.0,1.0,30.0,paperv2_phase6
tissuemnist,EfficientNetB0,4,synth_group,L30_G30,30,30,fioretto_ldf,2,0.4203,0.5085,0.5329,0.3625,0.8047,8.0,1.0,32.0,paperv2_phase6
tissuemnist,EfficientNetB0,4,synth_group,L30_G30,30,30,fioretto_ldf,3,0.4028,0.488,0.5262,0.3915,0.8428,10.0,1.0,20.0,paperv2_phase6
tissuemnist,EfficientNetB0,4,synth_group,L30_G30,30,30,fioretto_ldf,4,0.4288,0.5178,0.525,0.3651,0.8183,14.0,1.0,28.0,paperv2_phase6
tissuemnist,EfficientNetB0,4,synth_group,L30_G30,30,30,heuristic,1,0.4291,0.5293,0.5458,0.3455,0.7766,60.0,0.0,,paperv2_phase6
tissuemnist,EfficientNetB0,4,synth_group,L30_G30,30,30,heuristic,2,0.4392,0.5407,0.5658,0.3307,0.7352,70.0,0.0,,paperv2_phase6
tissuemnist,EfficientNetB0,4,synth_group,L30_G30,30,30,heuristic,3,0.3714,0.4621,0.4983,0.398,0.8605,84.0,0.0,,paperv2_phase6
tissuemnist,EfficientNetB0,4,synth_group,L30_G30,30,30,heuristic,4,0.4305,0.5259,0.5379,0.347,0.772,61.0,0.0,,paperv2_phase6
tissuemnist,EfficientNetB0,4,synth_group,L30_G30,30,30,hounie_rcl,1,0.4042,0.515,0.5417,0.3651,0.8003,14.0,1.0,66.0,paperv2_phase6
tissuemnist,EfficientNetB0,4,synth_group,L30_G30,30,30,hounie_rcl,2,0.4177,0.5039,0.5292,0.3686,0.8099,15.0,1.0,59.0,paperv2_phase6
tissuemnist,EfficientNetB0,4,synth_group,L30_G30,30,30,hounie_rcl,3,0.4,0.4826,0.5217,0.3972,0.849,4.0,1.0,56.0,paperv2_phase6
tissuemnist,EfficientNetB0,4,synth_group,L30_G30,30,30,hounie_rcl,4,0.4289,0.5213,0.53,0.3652,0.8105,11.0,1.0,67.0,paperv2_phase6
tissuemnist,EfficientNetB0,4,synth_group,L30_G30,30,30,tralo,1,0.426,0.5357,0.5554,0.3472,0.7679,6.0,1.0,80.0,paperv2_phase6
tissuemnist,EfficientNetB0,4,synth_group,L30_G30,30,30,tralo,2,0.4176,0.5067,0.53,0.3628,0.8046,7.0,1.0,79.0,paperv2_phase6
tissuemnist,EfficientNetB0,4,synth_group,L30_G30,30,30,tralo,3,0.4019,0.485,0.5233,0.3942,0.8473,4.0,1.0,71.0,paperv2_phase6
tissuemnist,EfficientNetB0,4,synth_group,L30_G30,30,30,tralo,4,0.4332,0.5233,0.5342,0.3608,0.8047,5.0,1.0,78.0,paperv2_phase6
tissuemnist,EfficientNetB0,4,synth_group,L30_G30,30,30,tralo_bounded,1,0.4296,0.5386,0.5579,0.346,0.7683,13.0,1.0,80.0,paperv2_phase6
tissuemnist,EfficientNetB0,4,synth_group,L30_G30,30,30,tralo_bounded,2,0.4202,0.5074,0.5325,0.3644,0.807,11.0,1.0,79.0,paperv2_phase6
tissuemnist,EfficientNetB0,4,synth_group,L30_G30,30,30,tralo_bounded,3,0.4017,0.4854,0.5238,0.396,0.8497,7.0,1.0,71.0,paperv2_phase6
tissuemnist,EfficientNetB0,4,synth_group,L30_G30,30,30,tralo_bounded,4,0.433,0.5241,0.5337,0.3629,0.809,11.0,1.0,78.0,paperv2_phase6
tissuemnist,EfficientNetB0,4,synth_group,L50_G50,50,50,danits_lp,1,0.4374,0.5331,0.5475,0.3455,0.7766,25.0,0.0,,paperv2_phase6
tissuemnist,EfficientNetB0,4,synth_group,L50_G50,50,50,danits_lp,2,0.4435,0.5431,0.5654,0.3307,0.7352,35.0,0.0,,paperv2_phase6
tissuemnist,EfficientNetB0,4,synth_group,L50_G50,50,50,danits_lp,3,0.3807,0.4656,0.4992,0.398,0.8605,49.0,0.0,,paperv2_phase6
tissuemnist,EfficientNetB0,4,synth_group,L50_G50,50,50,danits_lp,4,0.4423,0.5329,0.5421,0.347,0.772,26.0,0.0,,paperv2_phase6
tissuemnist,EfficientNetB0,4,synth_group,L50_G50,50,50,fioretto_ldf,1,0.4393,0.5412,0.5558,0.3467,0.7679,11.0,1.0,23.0,paperv2_phase6
tissuemnist,EfficientNetB0,4,synth_group,L50_G50,50,50,fioretto_ldf,2,0.4425,0.5256,0.5429,0.3507,0.7763,9.0,1.0,22.0,paperv2_phase6
tissuemnist,EfficientNetB0,4,synth_group,L50_G50,50,50,fioretto_ldf,3,0.4168,0.4914,0.5262,0.3881,0.8372,8.0,1.0,15.0,paperv2_phase6
tissuemnist,EfficientNetB0,4,synth_group,L50_G50,50,50,fioretto_ldf,4,0.446,0.5331,0.5387,0.3508,0.7915,12.0,1.0,21.0,paperv2_phase6
tissuemnist,EfficientNetB0,4,synth_group,L50_G50,50,50,heuristic,1,0.439,0.534,0.5483,0.3455,0.7766,25.0,0.0,,paperv2_phase6
tissuemnist,EfficientNetB0,4,synth_group,L50_G50,50,50,heuristic,2,0.4442,0.5433,0.5654,0.3307,0.7352,35.0,0.0,,paperv2_phase6
tissuemnist,EfficientNetB0,4,synth_group,L50_G50,50,50,heuristic,3,0.3833,0.4668,0.5004,0.398,0.8605,49.0,0.0,,paperv2_phase6
tissuemnist,EfficientNetB0,4,synth_group,L50_G50,50,50,heuristic,4,0.4443,0.534,0.5429,0.347,0.772,26.0,0.0,,paperv2_phase6
tissuemnist,EfficientNetB0,4,synth_group,L50_G50,50,50,hounie_rcl,1,0.4497,0.5491,0.5633,0.3383,0.7578,16.0,1.0,65.0,paperv2_phase6
tissuemnist,EfficientNetB0,4,synth_group,L50_G50,50,50,hounie_rcl,2,0.4492,0.532,0.5475,0.3471,0.776,11.0,1.0,51.0,paperv2_phase6
tissuemnist,EfficientNetB0,4,synth_group,L50_G50,50,50,hounie_rcl,3,0.4189,0.494,0.5288,0.3884,0.8373,8.0,1.0,33.0,paperv2_phase6
tissuemnist,EfficientNetB0,4,synth_group,L50_G50,50,50,hounie_rcl,4,0.4411,0.5306,0.5396,0.3554,0.7905,20.0,1.0,62.0,paperv2_phase6
tissuemnist,EfficientNetB0,4,synth_group,L50_G50,50,50,tralo,1,0.4354,0.5362,0.5504,0.3513,0.7777,1.0,1.0,73.0,paperv2_phase6
tissuemnist,EfficientNetB0,4,synth_group,L50_G50,50,50,tralo,2,0.4455,0.5292,0.545,0.3471,0.774,7.0,1.0,72.0,paperv2_phase6
tissuemnist,EfficientNetB0,4,synth_group,L50_G50,50,50,tralo,3,0.3949,0.4747,0.5167,0.4003,0.8596,1.0,1.0,65.0,paperv2_phase6
tissuemnist,EfficientNetB0,4,synth_group,L50_G50,50,50,tralo,4,0.4425,0.5321,0.5458,0.3504,0.7831,5.0,1.0,72.0,paperv2_phase6
tissuemnist,EfficientNetB0,4,synth_group,L50_G50,50,50,tralo_bounded,1,0.4403,0.5418,0.5563,0.3466,0.7673,10.0,1.0,73.0,paperv2_phase6
tissuemnist,EfficientNetB0,4,synth_group,L50_G50,50,50,tralo_bounded,2,0.4425,0.5265,0.5429,0.3519,0.7764,15.0,1.0,72.0,paperv2_phase6
tissuemnist,EfficientNetB0,4,synth_group,L50_G50,50,50,tralo_bounded,3,0.4113,0.4873,0.5225,0.3907,0.8384,7.0,1.0,65.0,paperv2_phase6
tissuemnist,EfficientNetB0,4,synth_group,L50_G50,50,50,tralo_bounded,4,0.4472,0.5359,0.5413,0.3508,0.7898,12.0,1.0,72.0,paperv2_phase6
tissuemnist,EfficientNetB0,4,synth_group,L70_G70,70,70,danits_lp,1,0.4362,0.5308,0.5446,0.3455,0.7766,1.0,1.0,,paperv2_phase6
tissuemnist,EfficientNetB0,4,synth_group,L70_G70,70,70,danits_lp,2,0.4548,0.5491,0.5696,0.3307,0.7352,1.0,0.0,,paperv2_phase6
tissuemnist,EfficientNetB0,4,synth_group,L70_G70,70,70,danits_lp,3,0.3853,0.4672,0.4996,0.398,0.8605,15.0,0.0,,paperv2_phase6
tissuemnist,EfficientNetB0,4,synth_group,L70_G70,70,70,danits_lp,4,0.4461,0.5352,0.5433,0.347,0.772,0.0,1.0,,paperv2_phase6
tissuemnist,EfficientNetB0,4,synth_group,L70_G70,70,70,fioretto_ldf,1,0.4514,0.5503,0.5604,0.3381,0.7523,7.0,1.0,1.0,paperv2_phase6
tissuemnist,EfficientNetB0,4,synth_group,L70_G70,70,70,fioretto_ldf,2,0.4483,0.5373,0.5483,0.3396,0.759,14.0,1.0,17.0,paperv2_phase6
tissuemnist,EfficientNetB0,4,synth_group,L70_G70,70,70,fioretto_ldf,3,0.4222,0.494,0.5271,0.3843,0.8347,26.0,1.0,5.0,paperv2_phase6
tissuemnist,EfficientNetB0,4,synth_group,L70_G70,70,70,fioretto_ldf,4,0.4485,0.536,0.54,0.3426,0.7721,9.0,1.0,1.0,paperv2_phase6
tissuemnist,EfficientNetB0,4,synth_group,L70_G70,70,70,heuristic,1,0.4376,0.5318,0.5454,0.3455,0.7766,11.0,1.0,,paperv2_phase6
tissuemnist,EfficientNetB0,4,synth_group,L70_G70,70,70,heuristic,2,0.4561,0.5499,0.5704,0.3307,0.7352,5.0,0.0,,paperv2_phase6
tissuemnist,EfficientNetB0,4,synth_group,L70_G70,70,70,heuristic,3,0.3842,0.4672,0.4996,0.398,0.8605,17.0,0.0,,paperv2_phase6
tissuemnist,EfficientNetB0,4,synth_group,L70_G70,70,70,heuristic,4,0.4463,0.535,0.5429,0.347,0.772,12.0,1.0,,paperv2_phase6
tissuemnist,EfficientNetB0,4,synth_group,L70_G70,70,70,hounie_rcl,1,0.4477,0.5477,0.5579,0.3417,0.7578,13.0,1.0,1.0,paperv2_phase6
tissuemnist,EfficientNetB0,4,synth_group,L70_G70,70,70,hounie_rcl,2,0.4617,0.5485,0.5592,0.3315,0.7584,19.0,1.0,49.0,paperv2_phase6
tissuemnist,EfficientNetB0,4,synth_group,L70_G70,70,70,hounie_rcl,3,0.4208,0.5046,0.5329,0.3709,0.8174,3.0,1.0,4.0,paperv2_phase6
tissuemnist,EfficientNetB0,4,synth_group,L70_G70,70,70,hounie_rcl,4,0.4444,0.5297,0.5375,0.3531,0.778,11.0,1.0,1.0,paperv2_phase6
tissuemnist,EfficientNetB0,4,synth_group,L70_G70,70,70,tralo,1,0.4451,0.543,0.5537,0.3455,0.766,22.0,1.0,51.0,paperv2_phase6
tissuemnist,EfficientNetB0,4,synth_group,L70_G70,70,70,tralo,2,0.4606,0.5472,0.5579,0.3334,0.7539,17.0,1.0,53.0,paperv2_phase6
tissuemnist,EfficientNetB0,4,synth_group,L70_G70,70,70,tralo,3,0.4175,0.4883,0.5242,0.3866,0.837,13.0,1.0,55.0,paperv2_phase6
tissuemnist,EfficientNetB0,4,synth_group,L70_G70,70,70,tralo,4,0.4529,0.5384,0.5437,0.3356,0.7768,2.0,1.0,51.0,paperv2_phase6
tissuemnist,EfficientNetB0,4,synth_group,L70_G70,70,70,tralo_bounded,1,0.4448,0.5448,0.5554,0.3446,0.7649,4.0,1.0,51.0,paperv2_phase6
tissuemnist,EfficientNetB0,4,synth_group,L70_G70,70,70,tralo_bounded,2,0.4592,0.5538,0.5604,0.3296,0.7428,4.0,1.0,53.0,paperv2_phase6
tissuemnist,EfficientNetB0,4,synth_group,L70_G70,70,70,tralo_bounded,3,0.421,0.4941,0.5275,0.3838,0.8355,26.0,1.0,55.0,paperv2_phase6
tissuemnist,EfficientNetB0,4,synth_group,L70_G70,70,70,tralo_bounded,4,0.4471,0.532,0.5387,0.3488,0.7809,18.0,1.0,51.0,paperv2_phase6
tissuemnist,EfficientNetB0,4,synth_group,L80_G80,80,80,danits_lp,1,0.4362,0.5308,0.5446,0.3455,0.7766,1.0,1.0,,paperv2_phase6
tissuemnist,EfficientNetB0,4,synth_group,L80_G80,80,80,danits_lp,2,0.4558,0.5496,0.57,0.3307,0.7352,0.0,1.0,,paperv2_phase6
tissuemnist,EfficientNetB0,4,synth_group,L80_G80,80,80,danits_lp,3,0.3871,0.4686,0.5008,0.398,0.8605,2.0,0.0,,paperv2_phase6
tissuemnist,EfficientNetB0,4,synth_group,L80_G80,80,80,danits_lp,4,0.4461,0.5352,0.5433,0.347,0.772,0.0,1.0,,paperv2_phase6
tissuemnist,EfficientNetB0,4,synth_group,L80_G80,80,80,fioretto_ldf,1,0.4503,0.5511,0.56,0.337,0.7517,4.0,1.0,1.0,paperv2_phase6
tissuemnist,EfficientNetB0,4,synth_group,L80_G80,80,80,fioretto_ldf,2,0.4518,0.5385,0.5475,0.3423,0.7546,9.0,1.0,3.0,paperv2_phase6
tissuemnist,EfficientNetB0,4,synth_group,L80_G80,80,80,fioretto_ldf,3,0.4224,0.4999,0.5279,0.3768,0.8193,6.0,1.0,4.0,paperv2_phase6
tissuemnist,EfficientNetB0,4,synth_group,L80_G80,80,80,fioretto_ldf,4,0.4497,0.5361,0.5396,0.343,0.7717,9.0,1.0,1.0,paperv2_phase6
tissuemnist,EfficientNetB0,4,synth_group,L80_G80,80,80,heuristic,1,0.4352,0.5307,0.5437,0.3455,0.7766,28.0,1.0,,paperv2_phase6
tissuemnist,EfficientNetB0,4,synth_group,L80_G80,80,80,heuristic,2,0.4607,0.5525,0.5725,0.3307,0.7352,16.0,1.0,,paperv2_phase6
tissuemnist,EfficientNetB0,4,synth_group,L80_G80,80,80,heuristic,3,0.3829,0.4671,0.4996,0.398,0.8605,14.0,0.0,,paperv2_phase6
tissuemnist,EfficientNetB0,4,synth_group,L80_G80,80,80,heuristic,4,0.4474,0.5358,0.5433,0.347,0.772,25.0,1.0,,paperv2_phase6
tissuemnist,EfficientNetB0,4,synth_group,L80_G80,80,80,hounie_rcl,1,0.4435,0.541,0.5513,0.3494,0.7678,7.0,1.0,1.0,paperv2_phase6
tissuemnist,EfficientNetB0,4,synth_group,L80_G80,80,80,hounie_rcl,2,0.454,0.5407,0.5487,0.3383,0.7521,7.0,1.0,3.0,paperv2_phase6
tissuemnist,EfficientNetB0,4,synth_group,L80_G80,80,80,hounie_rcl,3,0.4179,0.4902,0.5238,0.3869,0.8327,36.0,1.0,4.0,paperv2_phase6
tissuemnist,EfficientNetB0,4,synth_group,L80_G80,80,80,hounie_rcl,4,0.4483,0.5351,0.5383,0.3446,0.7739,8.0,1.0,1.0,paperv2_phase6
tissuemnist,EfficientNetB0,4,synth_group,L80_G80,80,80,tralo,1,0.4412,0.5399,0.5513,0.3485,0.7667,17.0,1.0,51.0,paperv2_phase6
tissuemnist,EfficientNetB0,4,synth_group,L80_G80,80,80,tralo,2,0.4537,0.5405,0.5496,0.3384,0.7529,11.0,1.0,53.0,paperv2_phase6
tissuemnist,EfficientNetB0,4,synth_group,L80_G80,80,80,tralo,3,0.4172,0.4858,0.5212,0.3906,0.841,34.0,1.0,54.0,paperv2_phase6
tissuemnist,EfficientNetB0,4,synth_group,L80_G80,80,80,tralo,4,0.4472,0.5339,0.5375,0.3448,0.7722,1.0,1.0,51.0,paperv2_phase6
tissuemnist,EfficientNetB0,4,synth_group,L80_G80,80,80,tralo_bounded,1,0.4439,0.5405,0.5513,0.3493,0.7686,7.0,1.0,51.0,paperv2_phase6
tissuemnist,EfficientNetB0,4,synth_group,L80_G80,80,80,tralo_bounded,2,0.472,0.5657,0.5742,0.318,0.7262,12.0,1.0,53.0,paperv2_phase6
tissuemnist,EfficientNetB0,4,synth_group,L80_G80,80,80,tralo_bounded,3,0.4172,0.4893,0.5246,0.3872,0.8369,42.0,1.0,54.0,paperv2_phase6
tissuemnist,EfficientNetB0,4,synth_group,L80_G80,80,80,tralo_bounded,4,0.4478,0.5329,0.5363,0.3471,0.7759,14.0,1.0,51.0,paperv2_phase6
tissuemnist,MobileNetV3,4,synth_group,L20_G20,20,20,danits_lp,1,0.3346,0.4406,0.4838,0.405,0.8891,172.0,0.0,,expansion_baselines
tissuemnist,MobileNetV3,4,synth_group,L20_G20,20,20,danits_lp,2,0.3691,0.4599,0.4771,0.4032,0.8881,160.0,0.0,,expansion_baselines
tissuemnist,MobileNetV3,4,synth_group,L20_G20,20,20,danits_lp,3,0.3221,0.4526,0.4637,0.4115,0.9128,89.0,0.0,,expansion_baselines
tissuemnist,MobileNetV3,4,synth_group,L20_G20,20,20,danits_lp,4,0.3272,0.4443,0.4758,0.4223,0.9133,47.0,0.0,,paperv2_phase1
tissuemnist,MobileNetV3,4,synth_group,L20_G20,20,20,fioretto_ldf,1,0.3509,0.4714,0.5058,0.3881,0.849,9.0,0.0,,paper400_baselines
tissuemnist,MobileNetV3,4,synth_group,L20_G20,20,20,fioretto_ldf,2,0.3587,0.4793,0.4992,0.3886,0.8578,4.0,1.0,24.0,paper400_baselines
tissuemnist,MobileNetV3,4,synth_group,L20_G20,20,20,fioretto_ldf,3,0.3429,0.4711,0.4967,0.4083,0.888,9.0,1.0,14.0,paper400_baselines
tissuemnist,MobileNetV3,4,synth_group,L20_G20,20,20,fioretto_ldf,4,0.3599,0.4695,0.5092,0.4022,0.8692,9.0,1.0,20.0,paper400_baselines
tissuemnist,MobileNetV3,4,synth_group,L20_G20,20,20,heuristic,1,0.3346,0.4406,0.4838,0.405,0.8891,172.0,0.0,,expansion_baselines
tissuemnist,MobileNetV3,4,synth_group,L20_G20,20,20,heuristic,2,0.3691,0.4599,0.4771,0.4032,0.8881,160.0,0.0,,expansion_baselines
tissuemnist,MobileNetV3,4,synth_group,L20_G20,20,20,heuristic,3,0.3233,0.4533,0.4642,0.4115,0.9128,89.0,0.0,,expansion_baselines
tissuemnist,MobileNetV3,4,synth_group,L20_G20,20,20,heuristic,4,0.3272,0.4443,0.4758,0.4223,0.9133,47.0,0.0,,paperv2_phase1
tissuemnist,MobileNetV3,4,synth_group,L20_G20,20,20,hounie_rcl,1,0.3534,0.4734,0.5079,0.3881,0.8527,14.0,1.0,68.0,paper400_baselines
tissuemnist,MobileNetV3,4,synth_group,L20_G20,20,20,hounie_rcl,2,0.358,0.4797,0.4983,0.3891,0.862,4.0,1.0,79.0,paper400_baselines
tissuemnist,MobileNetV3,4,synth_group,L20_G20,20,20,hounie_rcl,3,0.3437,0.4724,0.4983,0.4065,0.8867,7.0,1.0,59.0,paper400_baselines
tissuemnist,MobileNetV3,4,synth_group,L20_G20,20,20,hounie_rcl,4,0.347,0.4643,0.5075,0.4026,0.8676,5.0,1.0,107.0,paper400_baselines
tissuemnist,MobileNetV3,4,synth_group,L20_G20,20,20,tralo,1,0.355,0.4749,0.5067,0.3857,0.8501,11.0,1.0,71.0,paper400_tralofix
tissuemnist,MobileNetV3,4,synth_group,L20_G20,20,20,tralo,2,0.3612,0.4825,0.4958,0.3893,0.8713,0.0,1.0,74.0,paper400_tralofix
tissuemnist,MobileNetV3,4,synth_group,L20_G20,20,20,tralo,3,0.3414,0.4702,0.4971,0.4097,0.8834,6.0,1.0,64.0,paper400_tralofix
tissuemnist,MobileNetV3,4,synth_group,L20_G20,20,20,tralo,4,0.3575,0.4697,0.5046,0.4089,0.8797,1.0,1.0,70.0,paper400_tralofix
tissuemnist,MobileNetV3,4,synth_group,L20_G20,20,20,tralo_bounded,1,0.356,0.4757,0.5092,0.3867,0.851,12.0,1.0,71.0,paper400_baselines
tissuemnist,MobileNetV3,4,synth_group,L20_G20,20,20,tralo_bounded,2,0.3568,0.4779,0.4988,0.3901,0.8587,2.0,1.0,74.0,paper400_baselines
tissuemnist,MobileNetV3,4,synth_group,L20_G20,20,20,tralo_bounded,3,0.3437,0.4704,0.4958,0.4093,0.887,9.0,1.0,64.0,paper400_baselines
tissuemnist,MobileNetV3,4,synth_group,L20_G20,20,20,tralo_bounded,4,0.3529,0.4677,0.5075,0.4033,0.8659,7.0,1.0,70.0,paper400_baselines
tissuemnist,MobileNetV3,4,synth_group,L20_G50,20,50,danits_lp,1,0.3346,0.4406,0.4838,0.405,0.8891,172.0,0.0,,expansion_baselines
tissuemnist,MobileNetV3,4,synth_group,L20_G50,20,50,danits_lp,2,0.3691,0.4599,0.4771,0.4032,0.8881,160.0,0.0,,expansion_baselines
tissuemnist,MobileNetV3,4,synth_group,L20_G50,20,50,danits_lp,3,0.3221,0.4526,0.4637,0.4115,0.9128,89.0,0.0,,expansion_baselines
tissuemnist,MobileNetV3,4,synth_group,L20_G50,20,50,heuristic,1,0.3346,0.4406,0.4838,0.405,0.8891,172.0,0.0,,expansion_baselines
tissuemnist,MobileNetV3,4,synth_group,L20_G50,20,50,heuristic,2,0.3691,0.4599,0.4771,0.4032,0.8881,160.0,0.0,,expansion_baselines
tissuemnist,MobileNetV3,4,synth_group,L20_G50,20,50,heuristic,3,0.3233,0.4533,0.4642,0.4115,0.9128,89.0,0.0,,expansion_baselines
tissuemnist,MobileNetV3,4,synth_group,L30_G30,30,30,danits_lp,1,0.3383,0.4426,0.4842,0.405,0.8891,155.0,0.0,,expansion_baselines
tissuemnist,MobileNetV3,4,synth_group,L30_G30,30,30,danits_lp,2,0.3807,0.4662,0.4808,0.4032,0.8881,143.0,0.0,,expansion_baselines
tissuemnist,MobileNetV3,4,synth_group,L30_G30,30,30,danits_lp,3,0.3275,0.4552,0.4646,0.4115,0.9128,72.0,0.0,,expansion_baselines
tissuemnist,MobileNetV3,4,synth_group,L30_G30,30,30,danits_lp,4,0.3368,0.4498,0.4792,0.4223,0.9133,30.0,0.0,,paperv2_phase1
tissuemnist,MobileNetV3,4,synth_group,L30_G30,30,30,fioretto_ldf,1,0.3598,0.4763,0.5071,0.3835,0.8447,11.0,1.0,18.0,arch_validation
tissuemnist,MobileNetV3,4,synth_group,L30_G30,30,30,fioretto_ldf,2,0.3697,0.4862,0.5029,0.3829,0.8509,4.0,1.0,20.0,arch_validation
tissuemnist,MobileNetV3,4,synth_group,L30_G30,30,30,fioretto_ldf,3,0.3469,0.4747,0.4971,0.4073,0.883,15.0,1.0,12.0,paper400_baselines
tissuemnist,MobileNetV3,4,synth_group,L30_G30,30,30,fioretto_ldf,4,0.3635,0.4727,0.5092,0.4007,0.8631,10.0,1.0,15.0,paper400_baselines
tissuemnist,MobileNetV3,4,synth_group,L30_G30,30,30,heuristic,1,0.3384,0.4425,0.4842,0.405,0.8891,155.0,0.0,,expansion_baselines
tissuemnist,MobileNetV3,4,synth_group,L30_G30,30,30,heuristic,2,0.3817,0.4669,0.4813,0.4032,0.8881,143.0,0.0,,expansion_baselines
tissuemnist,MobileNetV3,4,synth_group,L30_G30,30,30,heuristic,3,0.3275,0.4552,0.4646,0.4115,0.9128,72.0,0.0,,expansion_baselines
tissuemnist,MobileNetV3,4,synth_group,L30_G30,30,30,heuristic,4,0.3368,0.4498,0.4792,0.4223,0.9133,30.0,0.0,,paperv2_phase1
tissuemnist,MobileNetV3,4,synth_group,L30_G30,30,30,hounie_rcl,1,0.3617,0.4752,0.5129,0.3808,0.847,14.0,1.0,62.0,arch_validation
tissuemnist,MobileNetV3,4,synth_group,L30_G30,30,30,hounie_rcl,2,0.3688,0.4839,0.4979,0.3835,0.8558,5.0,1.0,74.0,arch_validation
tissuemnist,MobileNetV3,4,synth_group,L30_G30,30,30,hounie_rcl,3,0.3477,0.4748,0.4975,0.4059,0.8813,11.0,1.0,51.0,paper400_baselines
tissuemnist,MobileNetV3,4,synth_group,L30_G30,30,30,hounie_rcl,4,0.3624,0.4725,0.5088,0.4008,0.8639,12.0,1.0,86.0,paper400_baselines
tissuemnist,MobileNetV3,4,synth_group,L30_G30,30,30,tralo,1,0.3669,0.4815,0.5129,0.3829,0.8455,6.0,1.0,68.0,arch_validation
tissuemnist,MobileNetV3,4,synth_group,L30_G30,30,30,tralo,2,0.3703,0.4839,0.5021,0.3865,0.851,2.0,1.0,71.0,arch_validation
tissuemnist,MobileNetV3,4,synth_group,L30_G30,30,30,tralo,3,0.3508,0.4771,0.5021,0.4042,0.8723,7.0,1.0,62.0,paper400_tralofix
tissuemnist,MobileNetV3,4,synth_group,L30_G30,30,30,tralo,4,0.3685,0.4769,0.5096,0.4022,0.8634,5.0,1.0,63.0,paper400_tralofix
tissuemnist,MobileNetV3,4,synth_group,L30_G30,30,30,tralo_bounded,1,0.3605,0.4754,0.5062,0.3859,0.846,12.0,1.0,68.0,arch_validation
tissuemnist,MobileNetV3,4,synth_group,L30_G30,30,30,tralo_bounded,2,0.3726,0.4886,0.5038,0.3819,0.8499,4.0,0.0,,arch_validation
tissuemnist,MobileNetV3,4,synth_group,L30_G30,30,30,tralo_bounded,3,0.3459,0.4733,0.4963,0.4058,0.8817,12.0,1.0,62.0,paper400_baselines
tissuemnist,MobileNetV3,4,synth_group,L30_G30,30,30,tralo_bounded,4,0.3671,0.4747,0.51,0.4003,0.862,11.0,1.0,63.0,paper400_baselines
tissuemnist,MobileNetV3,4,synth_group,L30_G80,30,80,danits_lp,1,0.3383,0.4426,0.4842,0.405,0.8891,155.0,0.0,,expansion_baselines
tissuemnist,MobileNetV3,4,synth_group,L30_G80,30,80,danits_lp,2,0.3807,0.4662,0.4808,0.4032,0.8881,143.0,0.0,,expansion_baselines
tissuemnist,MobileNetV3,4,synth_group,L30_G80,30,80,danits_lp,3,0.3275,0.4552,0.4646,0.4115,0.9128,72.0,0.0,,expansion_baselines
tissuemnist,MobileNetV3,4,synth_group,L30_G80,30,80,heuristic,1,0.3384,0.4425,0.4842,0.405,0.8891,155.0,0.0,,expansion_baselines
tissuemnist,MobileNetV3,4,synth_group,L30_G80,30,80,heuristic,2,0.3817,0.4669,0.4813,0.4032,0.8881,143.0,0.0,,expansion_baselines
tissuemnist,MobileNetV3,4,synth_group,L30_G80,30,80,heuristic,3,0.3275,0.4552,0.4646,0.4115,0.9128,72.0,0.0,,expansion_baselines
tissuemnist,MobileNetV3,4,synth_group,L50_G20,50,20,danits_lp,1,0.3315,0.4389,0.4825,0.405,0.8891,172.0,0.0,,expansion_baselines
tissuemnist,MobileNetV3,4,synth_group,L50_G20,50,20,danits_lp,2,0.3689,0.46,0.4771,0.4032,0.8881,160.0,0.0,,expansion_baselines
tissuemnist,MobileNetV3,4,synth_group,L50_G20,50,20,danits_lp,3,0.3221,0.4526,0.4637,0.4115,0.9128,89.0,0.0,,expansion_baselines
tissuemnist,MobileNetV3,4,synth_group,L50_G20,50,20,heuristic,1,0.3315,0.4389,0.4825,0.405,0.8891,172.0,0.0,,expansion_baselines
tissuemnist,MobileNetV3,4,synth_group,L50_G20,50,20,heuristic,2,0.3689,0.46,0.4771,0.4032,0.8881,160.0,0.0,,expansion_baselines
tissuemnist,MobileNetV3,4,synth_group,L50_G20,50,20,heuristic,3,0.3233,0.4533,0.4642,0.4115,0.9128,89.0,0.0,,expansion_baselines
tissuemnist,MobileNetV3,4,synth_group,L50_G50,50,50,danits_lp,1,0.3482,0.4483,0.4871,0.405,0.8891,120.0,0.0,,expansion_baselines
tissuemnist,MobileNetV3,4,synth_group,L50_G50,50,50,danits_lp,2,0.392,0.4721,0.4846,0.4032,0.8881,108.0,0.0,,expansion_baselines
tissuemnist,MobileNetV3,4,synth_group,L50_G50,50,50,danits_lp,3,0.3339,0.4586,0.4654,0.4115,0.9128,37.0,0.0,,expansion_baselines
tissuemnist,MobileNetV3,4,synth_group,L50_G50,50,50,danits_lp,4,0.3488,0.4565,0.4838,0.4223,0.9133,1.0,1.0,,paperv2_phase1
tissuemnist,MobileNetV3,4,synth_group,L50_G50,50,50,fioretto_ldf,1,0.369,0.4805,0.5075,0.3782,0.8376,5.0,1.0,14.0,arch_validation
tissuemnist,MobileNetV3,4,synth_group,L50_G50,50,50,fioretto_ldf,2,0.3842,0.4934,0.5042,0.3781,0.8404,7.0,1.0,14.0,arch_validation
tissuemnist,MobileNetV3,4,synth_group,L50_G50,50,50,fioretto_ldf,3,0.353,0.4792,0.4979,0.3997,0.8755,15.0,1.0,6.0,paper400_baselines
tissuemnist,MobileNetV3,4,synth_group,L50_G50,50,50,fioretto_ldf,4,0.3734,0.4787,0.5092,0.3943,0.8542,17.0,1.0,6.0,paper400_baselines
tissuemnist,MobileNetV3,4,synth_group,L50_G50,50,50,heuristic,1,0.3483,0.4482,0.4871,0.405,0.8891,120.0,0.0,,expansion_baselines
tissuemnist,MobileNetV3,4,synth_group,L50_G50,50,50,heuristic,2,0.3931,0.4727,0.485,0.4032,0.8881,108.0,0.0,,expansion_baselines
tissuemnist,MobileNetV3,4,synth_group,L50_G50,50,50,heuristic,3,0.3336,0.4586,0.4654,0.4115,0.9128,37.0,0.0,,expansion_baselines
tissuemnist,MobileNetV3,4,synth_group,L50_G50,50,50,heuristic,4,0.3484,0.4568,0.4838,0.4223,0.9133,9.0,1.0,,paperv2_phase1
tissuemnist,MobileNetV3,4,synth_group,L50_G50,50,50,hounie_rcl,1,0.3659,0.4788,0.5062,0.3797,0.8397,14.0,1.0,49.0,arch_validation
tissuemnist,MobileNetV3,4,synth_group,L50_G50,50,50,hounie_rcl,2,0.3844,0.4933,0.5038,0.3797,0.8423,7.0,1.0,52.0,arch_validation
tissuemnist,MobileNetV3,4,synth_group,L50_G50,50,50,hounie_rcl,3,0.3552,0.4816,0.5008,0.3969,0.8729,8.0,1.0,37.0,paper400_baselines
tissuemnist,MobileNetV3,4,synth_group,L50_G50,50,50,hounie_rcl,4,0.3759,0.4799,0.51,0.3944,0.8536,14.0,1.0,71.0,paper400_baselines
tissuemnist,MobileNetV3,4,synth_group,L50_G50,50,50,tralo,1,0.3724,0.4821,0.5096,0.3796,0.8418,1.0,1.0,64.0,arch_validation
tissuemnist,MobileNetV3,4,synth_group,L50_G50,50,50,tralo,2,0.3853,0.493,0.505,0.3798,0.8431,3.0,1.0,64.0,arch_validation
tissuemnist,MobileNetV3,4,synth_group,L50_G50,50,50,tralo,3,0.3611,0.4832,0.5054,0.3948,0.8639,5.0,1.0,55.0,paper400_tralofix
tissuemnist,MobileNetV3,4,synth_group,L50_G50,50,50,tralo,4,0.3705,0.4771,0.5096,0.3954,0.8482,8.0,1.0,57.0,paper400_tralofix
tissuemnist,MobileNetV3,4,synth_group,L50_G50,50,50,tralo_bounded,1,0.3658,0.479,0.5054,0.3814,0.8394,9.0,1.0,64.0,arch_validation
tissuemnist,MobileNetV3,4,synth_group,L50_G50,50,50,tralo_bounded,2,0.3778,0.4876,0.4983,0.3865,0.846,8.0,1.0,64.0,arch_validation
tissuemnist,MobileNetV3,4,synth_group,L50_G50,50,50,tralo_bounded,3,0.3516,0.4781,0.4963,0.3998,0.8759,12.0,1.0,55.0,paper400_baselines
tissuemnist,MobileNetV3,4,synth_group,L50_G50,50,50,tralo_bounded,4,0.3758,0.4812,0.5112,0.3922,0.853,15.0,1.0,55.0,paper400_baselines
tissuemnist,MobileNetV3,4,synth_group,L70_G70,70,70,danits_lp,1,0.3533,0.4502,0.4875,0.405,0.8891,86.0,0.0,,expansion_baselines
tissuemnist,MobileNetV3,4,synth_group,L70_G70,70,70,danits_lp,2,0.3904,0.4699,0.4821,0.4032,0.8881,74.0,0.0,,expansion_baselines
tissuemnist,MobileNetV3,4,synth_group,L70_G70,70,70,danits_lp,3,0.3415,0.4623,0.4679,0.4115,0.9128,4.0,0.0,,expansion_baselines
tissuemnist,MobileNetV3,4,synth_group,L70_G70,70,70,danits_lp,4,0.3488,0.4565,0.4838,0.4223,0.9133,1.0,1.0,,paperv2_phase1
tissuemnist,MobileNetV3,4,synth_group,L70_G70,70,70,fioretto_ldf,1,0.375,0.4816,0.5075,0.3782,0.8355,14.0,1.0,11.0,paperv2_phase1
tissuemnist,MobileNetV3,4,synth_group,L70_G70,70,70,fioretto_ldf,2,0.3907,0.4931,0.5025,0.3785,0.8361,10.0,1.0,10.0,paperv2_phase1
tissuemnist,MobileNetV3,4,synth_group,L70_G70,70,70,fioretto_ldf,3,0.356,0.4805,0.4975,0.3995,0.8741,28.0,1.0,1.0,paperv2_phase1
tissuemnist,MobileNetV3,4,synth_group,L70_G70,70,70,fioretto_ldf,4,0.3771,0.4821,0.51,0.3945,0.8517,39.0,1.0,1.0,paperv2_phase1
tissuemnist,MobileNetV3,4,synth_group,L70_G70,70,70,heuristic,1,0.3537,0.4505,0.4879,0.405,0.8891,86.0,0.0,,expansion_baselines
tissuemnist,MobileNetV3,4,synth_group,L70_G70,70,70,heuristic,2,0.3916,0.4708,0.4829,0.4032,0.8881,74.0,0.0,,expansion_baselines
tissuemnist,MobileNetV3,4,synth_group,L70_G70,70,70,heuristic,3,0.3431,0.4626,0.4683,0.4115,0.9128,11.0,0.0,,expansion_baselines
tissuemnist,MobileNetV3,4,synth_group,L70_G70,70,70,heuristic,4,0.3538,0.4586,0.4846,0.4223,0.9133,40.0,1.0,,paperv2_phase1
tissuemnist,MobileNetV3,4,synth_group,L70_G70,70,70,hounie_rcl,1,0.3745,0.4809,0.5067,0.3794,0.8363,17.0,1.0,46.0,paperv2_phase1
tissuemnist,MobileNetV3,4,synth_group,L70_G70,70,70,hounie_rcl,2,0.3917,0.4948,0.5038,0.3771,0.8368,10.0,1.0,47.0,paperv2_phase1
tissuemnist,MobileNetV3,4,synth_group,L70_G70,70,70,hounie_rcl,3,0.356,0.4805,0.4975,0.3995,0.8741,28.0,1.0,1.0,paperv2_phase1
tissuemnist,MobileNetV3,4,synth_group,L70_G70,70,70,hounie_rcl,4,0.3771,0.4821,0.51,0.3945,0.8517,39.0,1.0,1.0,paperv2_phase1
tissuemnist,MobileNetV3,4,synth_group,L70_G70,70,70,tralo,1,0.3734,0.4827,0.5075,0.3782,0.8382,4.0,1.0,61.0,paperv2_phase1
tissuemnist,MobileNetV3,4,synth_group,L70_G70,70,70,tralo,2,0.4032,0.5034,0.5175,0.3665,0.8252,3.0,1.0,60.0,paperv2_phase1
tissuemnist,MobileNetV3,4,synth_group,L70_G70,70,70,tralo,3,0.3565,0.4793,0.4942,0.3994,0.8756,8.0,1.0,51.0,paperv2_phase1
tissuemnist,MobileNetV3,4,synth_group,L70_G70,70,70,tralo,4,0.3868,0.4921,0.5154,0.3878,0.8451,19.0,1.0,51.0,paperv2_phase1
tissuemnist,MobileNetV3,4,synth_group,L70_G70,70,70,tralo_bounded,1,0.3753,0.482,0.5075,0.3778,0.8376,8.0,1.0,61.0,paperv2_phase1
tissuemnist,MobileNetV3,4,synth_group,L70_G70,70,70,tralo_bounded,2,0.3925,0.4963,0.5058,0.3743,0.8354,7.0,1.0,60.0,paperv2_phase1
tissuemnist,MobileNetV3,4,synth_group,L70_G70,70,70,tralo_bounded,3,0.356,0.4805,0.4975,0.3995,0.8741,28.0,1.0,51.0,paperv2_phase1
tissuemnist,MobileNetV3,4,synth_group,L70_G70,70,70,tralo_bounded,4,0.3771,0.4821,0.51,0.3945,0.8517,39.0,1.0,51.0,paperv2_phase1
tissuemnist,MobileNetV3,4,synth_group,L80_G30,80,30,danits_lp,1,0.3383,0.4426,0.4842,0.405,0.8891,155.0,0.0,,expansion_baselines
tissuemnist,MobileNetV3,4,synth_group,L80_G30,80,30,danits_lp,2,0.3773,0.4643,0.4792,0.4032,0.8881,143.0,0.0,,expansion_baselines
tissuemnist,MobileNetV3,4,synth_group,L80_G30,80,30,danits_lp,3,0.3279,0.4558,0.465,0.4115,0.9128,72.0,0.0,,expansion_baselines
tissuemnist,MobileNetV3,4,synth_group,L80_G30,80,30,heuristic,1,0.3395,0.4432,0.4846,0.405,0.8891,155.0,0.0,,expansion_baselines
tissuemnist,MobileNetV3,4,synth_group,L80_G30,80,30,heuristic,2,0.3761,0.4636,0.4788,0.4032,0.8881,143.0,0.0,,expansion_baselines
tissuemnist,MobileNetV3,4,synth_group,L80_G30,80,30,heuristic,3,0.3275,0.4552,0.4646,0.4115,0.9128,72.0,0.0,,expansion_baselines
tissuemnist,MobileNetV3,4,synth_group,L80_G80,80,80,danits_lp,1,0.3558,0.4511,0.4875,0.405,0.8891,69.0,0.0,,expansion_baselines
tissuemnist,MobileNetV3,4,synth_group,L80_G80,80,80,danits_lp,2,0.3925,0.4714,0.4829,0.4032,0.8881,57.0,0.0,,expansion_baselines
tissuemnist,MobileNetV3,4,synth_group,L80_G80,80,80,danits_lp,3,0.3414,0.4624,0.4679,0.4115,0.9128,0.0,1.0,,expansion_baselines
tissuemnist,MobileNetV3,4,synth_group,L80_G80,80,80,danits_lp,4,0.3488,0.4565,0.4838,0.4223,0.9133,1.0,1.0,,paperv2_phase1
tissuemnist,MobileNetV3,4,synth_group,L80_G80,80,80,fioretto_ldf,1,0.3772,0.4817,0.5071,0.3769,0.835,8.0,1.0,10.0,paperv2_phase1
tissuemnist,MobileNetV3,4,synth_group,L80_G80,80,80,fioretto_ldf,2,0.3955,0.4962,0.5046,0.3746,0.8352,5.0,1.0,8.0,paperv2_phase1
tissuemnist,MobileNetV3,4,synth_group,L80_G80,80,80,fioretto_ldf,3,0.3568,0.4807,0.4971,0.3995,0.8741,45.0,1.0,1.0,paperv2_phase1
tissuemnist,MobileNetV3,4,synth_group,L80_G80,80,80,fioretto_ldf,4,0.3787,0.4832,0.5108,0.3945,0.8517,56.0,1.0,1.0,paperv2_phase1
tissuemnist,MobileNetV3,4,synth_group,L80_G80,80,80,heuristic,1,0.3542,0.4507,0.4871,0.405,0.8891,69.0,0.0,,expansion_baselines
tissuemnist,MobileNetV3,4,synth_group,L80_G80,80,80,heuristic,2,0.3929,0.4714,0.4829,0.4032,0.8881,57.0,0.0,,expansion_baselines
tissuemnist,MobileNetV3,4,synth_group,L80_G80,80,80,heuristic,3,0.3406,0.4613,0.4671,0.4115,0.9128,16.0,1.0,,expansion_baselines
tissuemnist,MobileNetV3,4,synth_group,L80_G80,80,80,heuristic,4,0.3552,0.4591,0.485,0.4223,0.9133,57.0,1.0,,paperv2_phase1
tissuemnist,MobileNetV3,4,synth_group,L80_G80,80,80,hounie_rcl,1,0.3775,0.482,0.5071,0.3763,0.8354,14.0,1.0,43.0,paperv2_phase1
tissuemnist,MobileNetV3,4,synth_group,L80_G80,80,80,hounie_rcl,2,0.3925,0.4946,0.5029,0.3765,0.8359,11.0,1.0,45.0,paperv2_phase1
tissuemnist,MobileNetV3,4,synth_group,L80_G80,80,80,hounie_rcl,3,0.3568,0.4807,0.4971,0.3995,0.8741,45.0,1.0,1.0,paperv2_phase1
tissuemnist,MobileNetV3,4,synth_group,L80_G80,80,80,hounie_rcl,4,0.3787,0.4832,0.5108,0.3945,0.8517,56.0,1.0,1.0,paperv2_phase1
tissuemnist,MobileNetV3,4,synth_group,L80_G80,80,80,tralo,1,0.377,0.4837,0.5062,0.3769,0.8374,4.0,1.0,59.0,paperv2_phase1
tissuemnist,MobileNetV3,4,synth_group,L80_G80,80,80,tralo,2,0.3937,0.499,0.5158,0.374,0.8265,5.0,1.0,57.0,paperv2_phase1
tissuemnist,MobileNetV3,4,synth_group,L80_G80,80,80,tralo,3,0.3551,0.4769,0.4913,0.4026,0.8777,20.0,1.0,51.0,paperv2_phase1
tissuemnist,MobileNetV3,4,synth_group,L80_G80,80,80,tralo,4,0.3813,0.4886,0.5129,0.3895,0.8486,42.0,1.0,51.0,paperv2_phase1
tissuemnist,MobileNetV3,4,synth_group,L80_G80,80,80,tralo_bounded,1,0.3751,0.4828,0.5062,0.374,0.8371,12.0,1.0,59.0,paperv2_phase1
tissuemnist,MobileNetV3,4,synth_group,L80_G80,80,80,tralo_bounded,2,0.3936,0.4967,0.5054,0.3742,0.8354,9.0,1.0,57.0,paperv2_phase1
tissuemnist,MobileNetV3,4,synth_group,L80_G80,80,80,tralo_bounded,3,0.3568,0.4807,0.4971,0.3995,0.8741,45.0,1.0,51.0,paperv2_phase1
tissuemnist,MobileNetV3,4,synth_group,L80_G80,80,80,tralo_bounded,4,0.3787,0.4832,0.5108,0.3945,0.8517,56.0,1.0,51.0,paperv2_phase1
tissuemnist,ResNet18,4,synth_group,L20_G20,20,20,danits_lp,1,0.424,0.5318,0.5342,0.2784,0.7255,65.0,0.0,,paperv2_phase6
tissuemnist,ResNet18,4,synth_group,L20_G20,20,20,danits_lp,2,0.4163,0.5259,0.53,0.3026,0.7383,65.0,0.0,,paperv2_phase6
tissuemnist,ResNet18,4,synth_group,L20_G20,20,20,danits_lp,3,0.3407,0.462,0.5083,0.1617,0.6512,62.0,0.0,,paperv2_phase6
tissuemnist,ResNet18,4,synth_group,L20_G20,20,20,danits_lp,4,0.4019,0.5061,0.4883,0.3344,0.8045,78.0,0.0,,paperv2_phase6
tissuemnist,ResNet18,4,synth_group,L20_G20,20,20,fioretto_ldf,1,0.4318,0.5393,0.55,0.2844,0.721,10.0,1.0,6.0,paperv2_phase6
tissuemnist,ResNet18,4,synth_group,L20_G20,20,20,fioretto_ldf,2,0.404,0.5225,0.5354,0.3261,0.7534,14.0,1.0,4.0,paperv2_phase6
tissuemnist,ResNet18,4,synth_group,L20_G20,20,20,fioretto_ldf,3,0.4097,0.5069,0.5454,0.2923,0.7281,6.0,1.0,32.0,paperv2_phase6
tissuemnist,ResNet18,4,synth_group,L20_G20,20,20,fioretto_ldf,4,0.4039,0.5109,0.5008,0.3483,0.8141,14.0,1.0,4.0,paperv2_phase6
tissuemnist,ResNet18,4,synth_group,L20_G20,20,20,heuristic,1,0.425,0.5322,0.5346,0.2784,0.7255,65.0,0.0,,paperv2_phase6
tissuemnist,ResNet18,4,synth_group,L20_G20,20,20,heuristic,2,0.4175,0.5266,0.5304,0.3026,0.7383,65.0,0.0,,paperv2_phase6
tissuemnist,ResNet18,4,synth_group,L20_G20,20,20,heuristic,3,0.3419,0.4627,0.5088,0.1617,0.6512,62.0,0.0,,paperv2_phase6
tissuemnist,ResNet18,4,synth_group,L20_G20,20,20,heuristic,4,0.4019,0.5061,0.4883,0.3344,0.8045,78.0,0.0,,paperv2_phase6
tissuemnist,ResNet18,4,synth_group,L20_G20,20,20,hounie_rcl,1,0.4092,0.5141,0.5242,0.3023,0.7627,15.0,1.0,18.0,paperv2_phase6
tissuemnist,ResNet18,4,synth_group,L20_G20,20,20,hounie_rcl,2,0.4031,0.5194,0.5375,0.3334,0.7762,30.0,1.0,13.0,paperv2_phase6
tissuemnist,ResNet18,4,synth_group,L20_G20,20,20,hounie_rcl,3,0.3848,0.4811,0.5267,0.3136,0.7643,9.0,1.0,55.0,paperv2_phase6
tissuemnist,ResNet18,4,synth_group,L20_G20,20,20,hounie_rcl,4,0.3585,0.4758,0.4929,0.3692,0.8459,31.0,1.0,11.0,paperv2_phase6
tissuemnist,ResNet18,4,synth_group,L20_G20,20,20,tralo,1,0.4387,0.5488,0.5613,0.2801,0.7083,11.0,1.0,57.0,paperv2_phase6
tissuemnist,ResNet18,4,synth_group,L20_G20,20,20,tralo,2,0.4142,0.5299,0.5358,0.3178,0.7552,8.0,1.0,54.0,paperv2_phase6
tissuemnist,ResNet18,4,synth_group,L20_G20,20,20,tralo,3,0.4042,0.5148,0.5487,0.288,0.7062,6.0,1.0,82.0,paperv2_phase6
tissuemnist,ResNet18,4,synth_group,L20_G20,20,20,tralo,4,0.411,0.5261,0.5342,0.3181,0.7531,4.0,1.0,55.0,paperv2_phase6
tissuemnist,ResNet18,4,synth_group,L20_G20,20,20,tralo_bounded,1,0.4259,0.5379,0.5496,0.29,0.7267,18.0,1.0,57.0,paperv2_phase6
tissuemnist,ResNet18,4,synth_group,L20_G20,20,20,tralo_bounded,2,0.3998,0.5179,0.5271,0.3303,0.7645,12.0,1.0,54.0,paperv2_phase6
tissuemnist,ResNet18,4,synth_group,L20_G20,20,20,tralo_bounded,3,0.402,0.5023,0.5429,0.2959,0.7345,7.0,1.0,82.0,paperv2_phase6
tissuemnist,ResNet18,4,synth_group,L20_G20,20,20,tralo_bounded,4,0.3943,0.5062,0.5012,0.3513,0.8184,24.0,1.0,55.0,paperv2_phase6
tissuemnist,ResNet18,4,synth_group,L30_G30,30,30,danits_lp,1,0.4393,0.5403,0.5396,0.2784,0.7255,48.0,0.0,,paperv2_phase6
tissuemnist,ResNet18,4,synth_group,L30_G30,30,30,danits_lp,2,0.4272,0.532,0.5337,0.3026,0.7383,48.0,0.0,,paperv2_phase6
tissuemnist,ResNet18,4,synth_group,L30_G30,30,30,danits_lp,3,0.3512,0.4681,0.5117,0.1617,0.6512,45.0,0.0,,paperv2_phase6
tissuemnist,ResNet18,4,synth_group,L30_G30,30,30,danits_lp,4,0.409,0.5108,0.4908,0.3344,0.8045,61.0,0.0,,paperv2_phase6
tissuemnist,ResNet18,4,synth_group,L30_G30,30,30,fioretto_ldf,1,0.4389,0.5471,0.5529,0.2822,0.7148,7.0,1.0,5.0,paperv2_phase6
tissuemnist,ResNet18,4,synth_group,L30_G30,30,30,fioretto_ldf,2,0.4163,0.529,0.5396,0.3261,0.7534,31.0,1.0,4.0,paperv2_phase6
tissuemnist,ResNet18,4,synth_group,L30_G30,30,30,fioretto_ldf,3,0.4349,0.5333,0.5604,0.2677,0.6952,4.0,1.0,29.0,paperv2_phase6
tissuemnist,ResNet18,4,synth_group,L30_G30,30,30,fioretto_ldf,4,0.4068,0.5137,0.5017,0.3483,0.8142,31.0,1.0,4.0,paperv2_phase6
tissuemnist,ResNet18,4,synth_group,L30_G30,30,30,heuristic,1,0.4393,0.5403,0.5396,0.2784,0.7255,48.0,0.0,,paperv2_phase6
tissuemnist,ResNet18,4,synth_group,L30_G30,30,30,heuristic,2,0.4284,0.5326,0.5342,0.3026,0.7383,48.0,0.0,,paperv2_phase6
tissuemnist,ResNet18,4,synth_group,L30_G30,30,30,heuristic,3,0.3505,0.4675,0.5108,0.1617,0.6512,45.0,0.0,,paperv2_phase6
tissuemnist,ResNet18,4,synth_group,L30_G30,30,30,heuristic,4,0.409,0.5108,0.4908,0.3344,0.8045,61.0,0.0,,paperv2_phase6
tissuemnist,ResNet18,4,synth_group,L30_G30,30,30,hounie_rcl,1,0.4219,0.5282,0.5363,0.2952,0.7333,20.0,1.0,15.0,paperv2_phase6
tissuemnist,ResNet18,4,synth_group,L30_G30,30,30,hounie_rcl,2,0.4101,0.5211,0.5383,0.3296,0.7648,44.0,1.0,11.0,paperv2_phase6
tissuemnist,ResNet18,4,synth_group,L30_G30,30,30,hounie_rcl,3,0.4251,0.5179,0.5513,0.2846,0.7188,10.0,1.0,54.0,paperv2_phase6
tissuemnist,ResNet18,4,synth_group,L30_G30,30,30,hounie_rcl,4,0.3852,0.4949,0.4904,0.3603,0.8313,39.0,1.0,10.0,paperv2_phase6
tissuemnist,ResNet18,4,synth_group,L30_G30,30,30,tralo,1,0.4343,0.5413,0.5517,0.2867,0.7132,9.0,1.0,56.0,paperv2_phase6
tissuemnist,ResNet18,4,synth_group,L30_G30,30,30,tralo,2,0.437,0.542,0.5496,0.3099,0.7344,16.0,1.0,54.0,paperv2_phase6
tissuemnist,ResNet18,4,synth_group,L30_G30,30,30,tralo,3,0.4271,0.5293,0.5567,0.2737,0.6915,3.0,1.0,79.0,paperv2_phase6
tissuemnist,ResNet18,4,synth_group,L30_G30,30,30,tralo,4,0.416,0.5246,0.5196,0.3312,0.7757,11.0,1.0,54.0,paperv2_phase6
tissuemnist,ResNet18,4,synth_group,L30_G30,30,30,tralo_bounded,1,0.4429,0.5503,0.5563,0.2853,0.7217,26.0,1.0,56.0,paperv2_phase6
tissuemnist,ResNet18,4,synth_group,L30_G30,30,30,tralo_bounded,2,0.4126,0.5253,0.5325,0.3289,0.764,29.0,1.0,54.0,paperv2_phase6
tissuemnist,ResNet18,4,synth_group,L30_G30,30,30,tralo_bounded,3,0.4258,0.5232,0.5529,0.2774,0.7028,4.0,1.0,79.0,paperv2_phase6
tissuemnist,ResNet18,4,synth_group,L30_G30,30,30,tralo_bounded,4,0.4179,0.519,0.5083,0.3391,0.7986,18.0,1.0,54.0,paperv2_phase6
tissuemnist,ResNet18,4,synth_group,L50_G50,50,50,danits_lp,1,0.4478,0.5454,0.5425,0.2784,0.7255,13.0,0.0,,paperv2_phase6
tissuemnist,ResNet18,4,synth_group,L50_G50,50,50,danits_lp,2,0.4384,0.5391,0.5383,0.3026,0.7383,14.0,0.0,,paperv2_phase6
tissuemnist,ResNet18,4,synth_group,L50_G50,50,50,danits_lp,3,0.3551,0.4718,0.5133,0.1617,0.6512,10.0,0.0,,paperv2_phase6
tissuemnist,ResNet18,4,synth_group,L50_G50,50,50,danits_lp,4,0.4206,0.5174,0.495,0.3344,0.8045,26.0,0.0,,paperv2_phase6
tissuemnist,ResNet18,4,synth_group,L50_G50,50,50,fioretto_ldf,1,0.4496,0.5528,0.5533,0.2803,0.7118,10.0,1.0,4.0,paperv2_phase6
tissuemnist,ResNet18,4,synth_group,L50_G50,50,50,fioretto_ldf,2,0.4419,0.5426,0.5467,0.3139,0.736,32.0,1.0,3.0,paperv2_phase6
tissuemnist,ResNet18,4,synth_group,L50_G50,50,50,fioretto_ldf,3,0.4467,0.5468,0.5637,0.2538,0.6688,6.0,1.0,24.0,paperv2_phase6
tissuemnist,ResNet18,4,synth_group,L50_G50,50,50,fioretto_ldf,4,0.4345,0.5307,0.5138,0.3304,0.7953,30.0,1.0,3.0,paperv2_phase6
tissuemnist,ResNet18,4,synth_group,L50_G50,50,50,heuristic,1,0.4509,0.5468,0.5437,0.2784,0.7255,13.0,0.0,,paperv2_phase6
tissuemnist,ResNet18,4,synth_group,L50_G50,50,50,heuristic,2,0.4384,0.539,0.5383,0.3026,0.7383,17.0,0.0,,paperv2_phase6
tissuemnist,ResNet18,4,synth_group,L50_G50,50,50,heuristic,3,0.3591,0.4739,0.515,0.1617,0.6512,14.0,0.0,,paperv2_phase6
tissuemnist,ResNet18,4,synth_group,L50_G50,50,50,heuristic,4,0.4219,0.5183,0.4958,0.3344,0.8045,26.0,0.0,,paperv2_phase6
tissuemnist,ResNet18,4,synth_group,L50_G50,50,50,hounie_rcl,1,0.4511,0.5493,0.5529,0.2813,0.7188,31.0,1.0,13.0,paperv2_phase6
tissuemnist,ResNet18,4,synth_group,L50_G50,50,50,hounie_rcl,2,0.4327,0.5388,0.5467,0.3167,0.7446,51.0,1.0,9.0,paperv2_phase6
tissuemnist,ResNet18,4,synth_group,L50_G50,50,50,hounie_rcl,3,0.4461,0.5433,0.5625,0.2574,0.6744,11.0,1.0,45.0,paperv2_phase6
tissuemnist,ResNet18,4,synth_group,L50_G50,50,50,hounie_rcl,4,0.4194,0.5194,0.5042,0.3468,0.8137,50.0,1.0,11.0,paperv2_phase6
tissuemnist,ResNet18,4,synth_group,L50_G50,50,50,tralo,1,0.4609,0.5562,0.5637,0.288,0.6985,18.0,1.0,55.0,paperv2_phase6
tissuemnist,ResNet18,4,synth_group,L50_G50,50,50,tralo,2,0.4563,0.5486,0.5583,0.3057,0.7262,5.0,1.0,53.0,paperv2_phase6
tissuemnist,ResNet18,4,synth_group,L50_G50,50,50,tralo,3,0.4383,0.549,0.5671,0.2573,0.6631,5.0,1.0,73.0,paperv2_phase6
tissuemnist,ResNet18,4,synth_group,L50_G50,50,50,tralo,4,0.4292,0.5307,0.5179,0.3267,0.7692,3.0,1.0,54.0,paperv2_phase6
tissuemnist,ResNet18,4,synth_group,L50_G50,50,50,tralo_bounded,1,0.4531,0.5562,0.5579,0.2816,0.7132,36.0,1.0,55.0,paperv2_phase6
tissuemnist,ResNet18,4,synth_group,L50_G50,50,50,tralo_bounded,2,0.434,0.537,0.5396,0.3144,0.7446,24.0,1.0,53.0,paperv2_phase6
tissuemnist,ResNet18,4,synth_group,L50_G50,50,50,tralo_bounded,3,0.4463,0.5468,0.5633,0.2552,0.6687,8.0,1.0,73.0,paperv2_phase6
tissuemnist,ResNet18,4,synth_group,L50_G50,50,50,tralo_bounded,4,0.4249,0.5238,0.5083,0.3417,0.8012,53.0,1.0,54.0,paperv2_phase6
tissuemnist,ResNet18,4,synth_group,L70_G70,70,70,danits_lp,1,0.4497,0.5458,0.5429,0.2784,0.7255,0.0,1.0,,paperv2_phase6
tissuemnist,ResNet18,4,synth_group,L70_G70,70,70,danits_lp,2,0.4395,0.54,0.5392,0.3026,0.7383,0.0,1.0,,paperv2_phase6
tissuemnist,ResNet18,4,synth_group,L70_G70,70,70,danits_lp,3,0.3547,0.4723,0.5138,0.1617,0.6512,0.0,1.0,,paperv2_phase6
tissuemnist,ResNet18,4,synth_group,L70_G70,70,70,danits_lp,4,0.4253,0.5204,0.4971,0.3344,0.8045,8.0,0.0,,paperv2_phase6
tissuemnist,ResNet18,4,synth_group,L70_G70,70,70,fioretto_ldf,1,0.458,0.5552,0.5537,0.277,0.7151,20.0,1.0,1.0,paperv2_phase6
tissuemnist,ResNet18,4,synth_group,L70_G70,70,70,fioretto_ldf,2,0.445,0.5471,0.5508,0.3099,0.7336,60.0,1.0,3.0,paperv2_phase6
tissuemnist,ResNet18,4,synth_group,L70_G70,70,70,fioretto_ldf,3,0.4481,0.5489,0.5621,0.2522,0.6639,11.0,1.0,3.0,paperv2_phase6
tissuemnist,ResNet18,4,synth_group,L70_G70,70,70,fioretto_ldf,4,0.4396,0.5343,0.5162,0.33,0.7952,64.0,1.0,3.0,paperv2_phase6
tissuemnist,ResNet18,4,synth_group,L70_G70,70,70,heuristic,1,0.452,0.5473,0.5437,0.2784,0.7255,23.0,1.0,,paperv2_phase6
tissuemnist,ResNet18,4,synth_group,L70_G70,70,70,heuristic,2,0.4417,0.5416,0.5404,0.3026,0.7383,23.0,1.0,,paperv2_phase6
tissuemnist,ResNet18,4,synth_group,L70_G70,70,70,heuristic,3,0.3628,0.4771,0.5175,0.1617,0.6512,30.0,1.0,,paperv2_phase6
tissuemnist,ResNet18,4,synth_group,L70_G70,70,70,heuristic,4,0.427,0.5206,0.4971,0.3344,0.8045,24.0,0.0,,paperv2_phase6
tissuemnist,ResNet18,4,synth_group,L70_G70,70,70,hounie_rcl,1,0.4549,0.5525,0.55,0.2793,0.7201,21.0,1.0,1.0,paperv2_phase6
tissuemnist,ResNet18,4,synth_group,L70_G70,70,70,hounie_rcl,2,0.4483,0.549,0.5513,0.2991,0.7264,24.0,1.0,8.0,paperv2_phase6
tissuemnist,ResNet18,4,synth_group,L70_G70,70,70,hounie_rcl,3,0.4529,0.555,0.5675,0.2447,0.6618,4.0,1.0,3.0,paperv2_phase6
tissuemnist,ResNet18,4,synth_group,L70_G70,70,70,hounie_rcl,4,0.441,0.5336,0.5133,0.3271,0.7913,38.0,1.0,12.0,paperv2_phase6
tissuemnist,ResNet18,4,synth_group,L70_G70,70,70,tralo,1,0.4507,0.5536,0.5529,0.2856,0.7149,13.0,1.0,51.0,paperv2_phase6
tissuemnist,ResNet18,4,synth_group,L70_G70,70,70,tralo,2,0.4554,0.5506,0.5575,0.3061,0.723,12.0,1.0,53.0,paperv2_phase6
tissuemnist,ResNet18,4,synth_group,L70_G70,70,70,tralo,3,0.4543,0.5536,0.5671,0.2511,0.6635,21.0,1.0,53.0,paperv2_phase6
tissuemnist,ResNet18,4,synth_group,L70_G70,70,70,tralo,4,0.4356,0.529,0.5075,0.3263,0.7908,5.0,1.0,53.0,paperv2_phase6
tissuemnist,ResNet18,4,synth_group,L70_G70,70,70,tralo_bounded,1,0.458,0.5552,0.5537,0.277,0.7151,20.0,1.0,51.0,paperv2_phase6
tissuemnist,ResNet18,4,synth_group,L70_G70,70,70,tralo_bounded,2,0.435,0.5394,0.5425,0.3117,0.7434,59.0,1.0,52.0,paperv2_phase6
tissuemnist,ResNet18,4,synth_group,L70_G70,70,70,tralo_bounded,3,0.4491,0.552,0.565,0.2478,0.6637,10.0,1.0,53.0,paperv2_phase6
tissuemnist,ResNet18,4,synth_group,L70_G70,70,70,tralo_bounded,4,0.4357,0.5321,0.5167,0.3266,0.7823,55.0,1.0,53.0,paperv2_phase6
tissuemnist,ResNet18,4,synth_group,L80_G80,80,80,danits_lp,1,0.4497,0.5458,0.5429,0.2784,0.7255,0.0,1.0,,paperv2_phase6
tissuemnist,ResNet18,4,synth_group,L80_G80,80,80,danits_lp,2,0.4395,0.54,0.5392,0.3026,0.7383,0.0,1.0,,paperv2_phase6
tissuemnist,ResNet18,4,synth_group,L80_G80,80,80,danits_lp,3,0.3547,0.4723,0.5138,0.1617,0.6512,0.0,1.0,,paperv2_phase6
tissuemnist,ResNet18,4,synth_group,L80_G80,80,80,danits_lp,4,0.4276,0.5217,0.4979,0.3344,0.8045,0.0,1.0,,paperv2_phase6
tissuemnist,ResNet18,4,synth_group,L80_G80,80,80,fioretto_ldf,1,0.4537,0.5502,0.5483,0.2811,0.7187,15.0,1.0,1.0,paperv2_phase6
tissuemnist,ResNet18,4,synth_group,L80_G80,80,80,fioretto_ldf,2,0.4492,0.5472,0.5483,0.3015,0.7284,27.0,1.0,1.0,paperv2_phase6
tissuemnist,ResNet18,4,synth_group,L80_G80,80,80,fioretto_ldf,3,0.4471,0.556,0.5696,0.1887,0.6157,14.0,1.0,2.0,paperv2_phase6
tissuemnist,ResNet18,4,synth_group,L80_G80,80,80,fioretto_ldf,4,0.4432,0.5349,0.5162,0.3211,0.7818,34.0,1.0,1.0,paperv2_phase6
tissuemnist,ResNet18,4,synth_group,L80_G80,80,80,heuristic,1,0.4513,0.5466,0.5429,0.2784,0.7255,38.0,1.0,,paperv2_phase6
tissuemnist,ResNet18,4,synth_group,L80_G80,80,80,heuristic,2,0.4412,0.5419,0.5408,0.3026,0.7383,38.0,1.0,,paperv2_phase6
tissuemnist,ResNet18,4,synth_group,L80_G80,80,80,heuristic,3,0.3617,0.4762,0.5158,0.1617,0.6512,43.0,1.0,,paperv2_phase6
tissuemnist,ResNet18,4,synth_group,L80_G80,80,80,heuristic,4,0.4296,0.5222,0.4983,0.3344,0.8045,31.0,1.0,,paperv2_phase6
tissuemnist,ResNet18,4,synth_group,L80_G80,80,80,hounie_rcl,1,0.4537,0.5502,0.5483,0.2811,0.7187,15.0,1.0,1.0,paperv2_phase6
tissuemnist,ResNet18,4,synth_group,L80_G80,80,80,hounie_rcl,2,0.4493,0.5476,0.5487,0.3013,0.7281,26.0,1.0,1.0,paperv2_phase6
tissuemnist,ResNet18,4,synth_group,L80_G80,80,80,hounie_rcl,3,0.4483,0.5567,0.5704,0.1877,0.6165,14.0,1.0,2.0,paperv2_phase6
tissuemnist,ResNet18,4,synth_group,L80_G80,80,80,hounie_rcl,4,0.4432,0.5349,0.5162,0.3211,0.7818,34.0,1.0,1.0,paperv2_phase6
tissuemnist,ResNet18,4,synth_group,L80_G80,80,80,tralo,1,0.4462,0.5462,0.5446,0.2868,0.7209,12.0,1.0,51.0,paperv2_phase6
tissuemnist,ResNet18,4,synth_group,L80_G80,80,80,tralo,2,0.4506,0.5514,0.5629,0.3136,0.7219,13.0,1.0,51.0,paperv2_phase6
tissuemnist,ResNet18,4,synth_group,L80_G80,80,80,tralo,3,0.4481,0.5563,0.5696,0.1876,0.6156,15.0,1.0,52.0,paperv2_phase6
tissuemnist,ResNet18,4,synth_group,L80_G80,80,80,tralo,4,0.4236,0.5259,0.5088,0.326,0.7825,15.0,1.0,51.0,paperv2_phase6
tissuemnist,ResNet18,4,synth_group,L80_G80,80,80,tralo_bounded,1,0.4537,0.5502,0.5483,0.2811,0.7187,15.0,1.0,51.0,paperv2_phase6
tissuemnist,ResNet18,4,synth_group,L80_G80,80,80,tralo_bounded,2,0.4351,0.5392,0.5392,0.3033,0.7375,29.0,1.0,51.0,paperv2_phase6
tissuemnist,ResNet18,4,synth_group,L80_G80,80,80,tralo_bounded,3,0.4436,0.5534,0.5675,0.1896,0.6153,14.0,1.0,52.0,paperv2_phase6
tissuemnist,ResNet18,4,synth_group,L80_G80,80,80,tralo_bounded,4,0.4432,0.5349,0.5162,0.3211,0.7818,34.0,1.0,51.0,paperv2_phase6
